seed,path,neutral_hairs,neutral_gel_bubbles,neutral_ruler,neutral_ink,5_hairs,5_gel_bubbles,5_ruler,5_ink,10_hairs,10_gel_bubbles,10_ruler,10_ink,15_hairs,15_gel_bubbles,15_ruler,15_ink,20_hairs,20_gel_bubbles,20_ruler,20_ink,25_hairs,25_gel_bubbles,25_ruler,25_ink,30_hairs,30_gel_bubbles,30_ruler,30_ink,35_hairs,35_gel_bubbles,35_ruler,35_ink,40_hairs,40_gel_bubbles,40_ruler,40_ink,45_hairs,45_gel_bubbles,45_ruler,45_ink
4129,/home/jupyter/dent_outputs/isic2019_v2/melanoma/hairs/seed4129/lambda_t_star5/style.png,0.12819512,0.0018468299,0.00013508173,0.00014715311,0.1868184,0.0017644536,0.00011968836,0.000221113,0.22805075,0.0013715572,9.31876e-05,0.00017468052,0.26275408,0.0013872107,9.711791e-05,0.00017333278,0.32997033,0.00095817586,8.070624e-05,0.00013517051,0.124205165,0.0021378337,3.3034423e-05,5.6578323e-05,0.096420765,0.003341687,5.151521e-05,7.4846226e-05,0.11765654,0.0021876749,5.4613643e-05,8.307844e-05,0.12662631,0.0017986129,7.216592e-05,0.00010919065,0.12009001,0.0017112299,0.00010137228,0.00012960611
4643,/home/jupyter/dent_outputs/isic2019_v2/melanoma/hairs/seed4643/lambda_t_star5/style.png,0.002192827,0.05363972,0.018661292,0.0020572443,0.98972297,0.016561773,0.005674421,0.0015653343,0.000877498,0.010271573,0.0077884546,0.0017851695,0.07239726,0.023211787,0.031166479,0.002296504,0.055072285,0.023546487,0.028919255,0.0032149008,0.15317056,0.045412768,0.029298803,0.0037759282,0.09226421,0.043570958,0.021058938,0.002525552,0.01420717,0.05269694,0.019268584,0.002602929,0.0038489995,0.06366725,0.01966147,0.002571054,0.0024204946,0.054533187,0.019775698,0.0021655692
4165,/home/jupyter/dent_outputs/isic2019_v2/melanoma/hairs/seed4165/lambda_t_star5/style.png,0.015199475,0.018122157,0.001370469,0.0015621344,0.5212295,0.0022049441,0.00027404755,0.00039649033,0.9632167,0.00678429,0.0004548762,0.0006460475,0.9628639,0.005601881,0.0002562228,0.0003411626,0.060003854,0.013422779,0.00046540183,0.0005742613,0.052172255,0.027375655,0.0009311479,0.0012142719,0.056159094,0.02155124,0.0009307585,0.0012932584,0.04870538,0.01771205,0.0012070708,0.0015904435,0.033861015,0.018728282,0.0013635091,0.0017649469,0.019554006,0.020845557,0.0014304216,0.0017003936
4735,/home/jupyter/dent_outputs/isic2019_v2/melanoma/hairs/seed4735/lambda_t_star5/style.png,0.0066657728,0.44473734,0.0028997806,0.0010772394,0.9961475,0.084152155,0.002365802,0.0018090446,0.95242405,0.1216564,0.0041888263,0.0040221936,0.98196435,0.047318388,0.0024370747,0.001092512,0.97064656,0.045336574,0.0013604292,0.0008645922,0.8957431,0.08704429,0.0023421359,0.0011251802,0.46734524,0.19173479,0.0021307585,0.0011145661,0.11123103,0.3827445,0.0029797645,0.0012758784,0.025843764,0.43860245,0.00313389,0.001255231,0.006989285,0.4329816,0.002934487,0.0010815792
4648,/home/jupyter/dent_outputs/isic2019_v2/melanoma/hairs/seed4648/lambda_t_star5/style.png,0.009987766,0.02343387,0.00068410387,0.0005872645,0.09365381,0.011155611,0.0010421129,0.0010743734,0.16256239,0.0074883034,0.0006461793,0.0006241261,0.10282909,0.014039297,0.0008276247,0.0010796706,0.08166034,0.015117304,0.0010056779,0.0009351314,0.029796222,0.021985216,0.0006722224,0.0007024837,0.01604814,0.027251558,0.0006187229,0.00057404133,0.013937067,0.028863322,0.00063029176,0.0006009206,0.012188741,0.03062064,0.00067359547,0.0006184876,0.01111307,0.02709089,0.00068789505,0.0006199365
4106,/home/jupyter/dent_outputs/isic2019_v2/melanoma/hairs/seed4106/lambda_t_star5/style.png,0.79625803,0.028083773,0.0013965307,0.002375721,0.1876592,0.014356679,0.0016859657,0.0032895945,0.21745211,0.010975513,0.0015415584,0.0030610515,0.47387472,0.022859503,0.0025260227,0.0040403334,0.51390624,0.029183926,0.0029450913,0.004557991,0.6730937,0.054641046,0.0025443302,0.004477759,0.7924289,0.027468996,0.0017960755,0.002787073,0.7993694,0.031853408,0.0015226811,0.0024458764,0.7973034,0.030461827,0.0015122794,0.0024755897,0.79357964,0.030723779,0.0014933321,0.0024602355
4600,/home/jupyter/dent_outputs/isic2019_v2/melanoma/hairs/seed4600/lambda_t_star5/style.png,0.00083995477,0.0006911574,0.028766857,0.0012303238,0.35881498,0.0046342094,0.21121857,0.0017549829,0.45031238,0.0030140406,0.12743093,0.001304265,0.43906265,0.0022881257,0.09198002,0.0010887422,0.3753771,0.0011972266,0.06593866,0.0008957402,0.16718866,0.00075988995,0.050416864,0.0008454633,0.018236417,0.0005374961,0.028382702,0.0008736989,0.0027905204,0.00055054424,0.027729264,0.0010216376,0.0011926078,0.0006051663,0.024791498,0.0010489709,0.0010352575,0.0007212087,0.026535211,0.0012180929
4925,/home/jupyter/dent_outputs/isic2019_v2/melanoma/hairs/seed4925/lambda_t_star5/style.png,0.74731594,0.0064025377,0.002875582,0.00053418265,0.9624886,0.00811758,0.009722023,0.0013638786,0.9080386,0.008178602,0.003895233,0.0008233052,0.882812,0.008999345,0.0036830625,0.0009084892,0.7749366,0.009519882,0.0032319375,0.00066029804,0.7809271,0.006920774,0.0036166115,0.00060408696,0.83645356,0.005633045,0.0031363438,0.00051339396,0.8510319,0.007615092,0.0030082918,0.0005910112,0.8520299,0.008140229,0.002911583,0.00057460705,0.8027867,0.0069040996,0.0028256986,0.00051345903
4086,/home/jupyter/dent_outputs/isic2019_v2/melanoma/hairs/seed4086/lambda_t_star5/style.png,0.0015485171,0.05353013,0.032996286,0.005983276,0.7142106,0.018924901,0.07137098,0.009889801,0.8134135,0.015793098,0.05899876,0.008337706,0.7953768,0.021649444,0.05274507,0.00742251,0.7880093,0.022233037,0.028508136,0.006036208,0.6325242,0.032969207,0.012790435,0.004303965,0.2799353,0.03268655,0.017150534,0.0046128156,0.0041341702,0.03913254,0.02541005,0.005746161,0.002647661,0.056941822,0.03060382,0.006520467,0.001986078,0.0597431,0.035188798,0.006490794
4021,/home/jupyter/dent_outputs/isic2019_v2/melanoma/hairs/seed4021/lambda_t_star5/style.png,0.0007938407,0.0007994293,0.0030075498,0.0017802641,0.50375956,0.002481664,0.0006712346,0.00054876873,0.53936243,0.0015023728,0.0007976469,0.0005451644,0.39595956,0.0009819092,0.0006050576,0.00038561982,0.124664836,0.0006992675,0.0007800062,0.00043260344,0.1527859,0.0006386108,0.00088632444,0.0005660618,0.02376672,0.00085538044,0.0016919385,0.0011128989,0.0012437962,0.0006269176,0.0018049851,0.0011379003,0.0007667818,0.0005355789,0.0018633239,0.0011527193,0.00066346774,0.0005909709,0.0024376311,0.0014528262
4663,/home/jupyter/dent_outputs/isic2019_v2/melanoma/hairs/seed4663/lambda_t_star5/style.png,0.0015364902,0.007827179,0.27223238,0.00533514,0.9967159,0.011008497,0.32490116,0.00359427,0.99073434,0.014595164,0.33500022,0.0037160232,0.97943956,0.019229991,0.45511028,0.004857217,0.9510773,0.018951515,0.58318275,0.0052277525,0.8262458,0.01508058,0.51398504,0.0047672135,0.8216511,0.011226915,0.42674097,0.004744905,0.09475702,0.007935133,0.3385947,0.004757055,0.0070465053,0.00934377,0.31002977,0.0057664244,0.0018970582,0.007863698,0.29407784,0.0054211444
4720,/home/jupyter/dent_outputs/isic2019_v2/melanoma/hairs/seed4720/lambda_t_star5/style.png,0.0015858014,0.009566924,0.007901989,0.0034878913,0.99508446,0.0034960296,0.018327463,0.0016996161,0.9918628,0.0050591407,0.018439436,0.0015151852,0.9926005,0.002500532,0.013007297,0.001073177,0.98831546,0.002304841,0.009486834,0.0009924301,0.97995114,0.002355234,0.007906985,0.0011179354,0.67554855,0.0033465917,0.009027405,0.0016088837,0.022717534,0.006348474,0.005002443,0.002444368,0.002207392,0.009198964,0.0060962588,0.0027095503,0.0016473534,0.008470369,0.0071758763,0.0032529985
4666,/home/jupyter/dent_outputs/isic2019_v2/melanoma/hairs/seed4666/lambda_t_star5/style.png,0.20436119,0.022200877,0.0056641367,0.0060186475,0.98310906,0.0011606136,0.0019733394,0.0016684661,0.98835075,0.0013125989,0.0022465598,0.0016031029,0.98684376,0.0014373303,0.0021789516,0.0017585282,0.9760838,0.0006358475,0.0013150044,0.0009796863,0.9764531,0.0034009651,0.0014730252,0.0013737633,0.95328784,0.0138884485,0.0037278633,0.004237364,0.433803,0.0146552585,0.0037882891,0.004476329,0.24388057,0.016304886,0.003990026,0.0050063087,0.26321414,0.020610556,0.004993999,0.0058427746
4241,/home/jupyter/dent_outputs/isic2019_v2/melanoma/hairs/seed4241/lambda_t_star5/style.png,0.00043382437,0.0043723616,0.05813287,0.0015582296,0.99034685,0.008394465,0.12507066,0.0025165575,0.98188454,0.012589015,0.32299238,0.0037030198,0.990017,0.015983224,0.2898511,0.0033302498,0.9901619,0.011438272,0.22089343,0.0025231987,0.97071403,0.00906204,0.13488528,0.0020400826,0.38513073,0.0046359366,0.10703835,0.0011866824,0.0037084897,0.0049623935,0.11299466,0.0011203325,0.0017755462,0.0046228757,0.08272844,0.0010964172,0.00047298922,0.004156078,0.054802053,0.001352658
4692,/home/jupyter/dent_outputs/isic2019_v2/melanoma/hairs/seed4692/lambda_t_star5/style.png,0.000345667,0.018512748,0.17402464,0.0044173864,0.40907443,0.008912407,0.5985186,0.005741276,0.5544352,0.02761507,0.39808002,0.007101941,0.47968557,0.030808046,0.40169105,0.0065169926,0.428835,0.03646391,0.33130687,0.008225195,0.3233911,0.038470134,0.26917848,0.006978306,0.10835169,0.039281372,0.22847258,0.0063192165,0.011917003,0.0332819,0.18689431,0.0064443527,0.0012227475,0.027522888,0.19294827,0.005843143,0.00062771403,0.022944262,0.18716177,0.0054286267
4801,/home/jupyter/dent_outputs/isic2019_v2/melanoma/hairs/seed4801/lambda_t_star5/style.png,0.31843737,0.0010182017,0.0063293236,0.00037047183,0.611622,0.0023900908,0.023861624,0.00084404985,0.7542809,0.0029346922,0.029800544,0.00100266,0.7580056,0.002615415,0.018661235,0.0008286478,0.7297507,0.002151207,0.011123204,0.00059933506,0.7811643,0.0022187256,0.011580326,0.00060065545,0.7434323,0.0018243925,0.009189642,0.00044886806,0.64395976,0.0016059614,0.0080252495,0.0003865033,0.48550743,0.001570911,0.008822914,0.000429098,0.39716247,0.0011470366,0.006899727,0.00037489246
4857,/home/jupyter/dent_outputs/isic2019_v2/melanoma/hairs/seed4857/lambda_t_star5/style.png,0.24413328,0.033878937,0.02964685,0.045040876,0.04382661,0.0017707851,0.0005826784,0.00047298518,0.18005757,0.00086287083,0.00026887705,0.00030434536,0.982521,0.00012226969,0.00014669388,0.00020629319,0.9746636,0.0003213961,0.00047187353,0.0006989151,0.93858343,0.0008624627,0.0011637821,0.0019338285,0.33200404,0.004962926,0.009544314,0.012324753,0.22545925,0.015955752,0.01951739,0.026551941,0.21659821,0.030424677,0.033479616,0.043208882,0.22283691,0.02720997,0.026979713,0.037279796
4636,/home/jupyter/dent_outputs/isic2019_v2/melanoma/hairs/seed4636/lambda_t_star5/style.png,0.5068634,0.030365394,0.0025462261,0.0019419582,0.8190876,0.041723486,0.0017801573,0.00126527,0.7773635,0.030249203,0.0020818976,0.001265455,0.6932233,0.051824387,0.0040373085,0.0022864453,0.69527566,0.05210599,0.0037051083,0.0023099445,0.52528054,0.043403707,0.0024902653,0.0019390797,0.51215863,0.05377769,0.0026240505,0.0022380892,0.5435358,0.046614025,0.0025948465,0.0021747611,0.52376163,0.046885878,0.0027978057,0.0021529642,0.49397406,0.03277178,0.0027055303,0.0019536677
4353,/home/jupyter/dent_outputs/isic2019_v2/melanoma/hairs/seed4353/lambda_t_star5/style.png,0.43924224,0.0074697593,0.051175978,0.005510476,0.9997291,0.021246042,0.028894313,0.0017990901,0.99971145,0.0210311,0.029470071,0.0018676408,0.9997042,0.017517878,0.020734573,0.0014799964,0.9997795,0.012094663,0.014348921,0.0009980866,0.99973625,0.015053866,0.012872215,0.0012628711,0.9989004,0.011706502,0.02142648,0.0021810438,0.77361035,0.012253603,0.05115578,0.005681156,0.5815606,0.009991053,0.04787597,0.0055304104,0.47752598,0.008311399,0.050104953,0.0054920292
4381,/home/jupyter/dent_outputs/isic2019_v2/melanoma/hairs/seed4381/lambda_t_star5/style.png,0.0039330362,0.0049013644,0.6604499,0.0038875428,0.9865522,0.02432204,0.45659277,0.006700923,0.9895885,0.011851155,0.5799261,0.005063831,0.9878742,0.011114837,0.5873062,0.004579888,0.9873683,0.01075527,0.6101313,0.004407133,0.9844073,0.0137447575,0.6050578,0.0052333204,0.95586836,0.012459107,0.3859716,0.0055124727,0.27726,0.00844484,0.6641714,0.0050923047,0.004835675,0.0057661314,0.72000355,0.004178637,0.004574939,0.006120988,0.7201742,0.0041766656
4912,/home/jupyter/dent_outputs/isic2019_v2/melanoma/hairs/seed4912/lambda_t_star5/style.png,0.14586012,0.16041426,0.00052728236,0.0013271348,0.9991197,0.01610935,0.0005937642,0.00042447183,0.9921165,0.04222827,0.00018393235,0.00026544227,0.9967174,0.020390501,0.00014142605,0.00020136901,0.99116725,0.028078157,0.00015837279,0.00025672675,0.94651175,0.04792116,0.00019443253,0.00030147165,0.8754636,0.06787005,0.00025383744,0.00047955065,0.39816186,0.14438796,0.00042544206,0.0009539638,0.18610631,0.15385687,0.0005093344,0.0012205574,0.14252473,0.13659966,0.0004755845,0.00120187
4083,/home/jupyter/dent_outputs/isic2019_v2/melanoma/hairs/seed4083/lambda_t_star5/style.png,0.05433172,0.066054665,0.004005175,0.003495178,0.9942515,0.014684877,0.0006074066,0.001053748,0.89032716,0.015485158,0.00042186253,0.00090132304,0.7548737,0.029382491,0.0010421859,0.00164543,0.5324339,0.03238032,0.0013834065,0.0022618715,0.46983853,0.031844042,0.0017115176,0.0025417444,0.32203817,0.05316238,0.0044603627,0.0052646967,0.115424186,0.0555489,0.003297344,0.0034846296,0.07462415,0.058044847,0.003699577,0.0035778997,0.061609987,0.057977244,0.003951661,0.003604757
4306,/home/jupyter/dent_outputs/isic2019_v2/melanoma/hairs/seed4306/lambda_t_star5/style.png,0.023892773,0.0020768673,0.017081972,0.0009338706,0.9997943,0.0006579048,0.00048707277,0.00022673575,0.9994986,0.00025300338,0.0004096987,0.00011015404,0.99953353,0.00033269054,0.0006159164,9.738062e-05,0.999027,0.0005548473,0.00065959734,0.00011962173,0.8614123,0.0022870828,0.002339161,0.0005237914,0.29979682,0.001454479,0.008491018,0.00059072784,0.058205996,0.0021047848,0.012448334,0.00086705474,0.028314615,0.001955961,0.014407197,0.0008626735,0.021127623,0.0021136345,0.01622691,0.00096313615
4118,/home/jupyter/dent_outputs/isic2019_v2/melanoma/hairs/seed4118/lambda_t_star5/style.png,0.09114733,0.00643423,0.00037190964,0.0003390707,0.73609877,0.0060601323,0.000251476,0.00048048087,0.7598611,0.0060836086,0.00036793717,0.0005656068,0.58706695,0.024374703,0.0006252683,0.00084443676,0.34341067,0.036813088,0.00048028622,0.0006369013,0.28255326,0.022194264,0.00048814205,0.00060630194,0.1921454,0.015185434,0.000463845,0.0005146448,0.15481688,0.007125344,0.0003470931,0.00033406768,0.11795181,0.006094124,0.00033310725,0.00030917316,0.10293953,0.0066954764,0.00037562475,0.00034618826
4094,/home/jupyter/dent_outputs/isic2019_v2/melanoma/hairs/seed4094/lambda_t_star5/style.png,0.06262408,0.097001545,0.00093828497,0.0011918697,0.12819502,0.34163195,0.0007239966,0.0012016584,0.30277765,0.05377068,0.00025617637,0.0006300615,0.16727374,0.079689585,0.0006206311,0.00090656575,0.31202966,0.1027166,0.00061004725,0.0009458966,0.22624126,0.09872001,0.0004475139,0.0007544366,0.12891592,0.17356904,0.00059833855,0.0009559377,0.12066168,0.16088252,0.000785083,0.0012163909,0.0994128,0.13478455,0.0008346981,0.0012249134,0.07533032,0.10284498,0.00080671796,0.0011026685
4033,/home/jupyter/dent_outputs/isic2019_v2/melanoma/hairs/seed4033/lambda_t_star5/style.png,0.001838778,0.0020768316,0.0010376128,0.0003683002,0.031653374,0.006854501,0.0008032845,0.00048469633,0.006909146,0.025650809,0.0011617636,0.0008397211,0.0019334585,0.003387514,0.00072794774,0.0004960135,0.0023070793,0.0028704116,0.0005273218,0.0003481569,0.002089843,0.0019151052,0.0006494543,0.00036214356,0.0023099422,0.0030700923,0.00069240574,0.00038004955,0.0023232563,0.002880948,0.00068390794,0.00035360357,0.0017283107,0.0029617415,0.0007901577,0.0003527882,0.0015780224,0.002296017,0.0008536621,0.0003278292
4364,/home/jupyter/dent_outputs/isic2019_v2/melanoma/hairs/seed4364/lambda_t_star5/style.png,0.001054672,0.0059549147,0.0045241024,0.002659549,0.9995291,0.005592521,0.00046768834,0.00057893427,0.9994043,0.004331111,0.00056554703,0.00082858227,0.99956185,0.0021933988,0.00050110265,0.00059122016,0.9988223,0.0028737534,0.0006054098,0.00065745035,0.9787992,0.003101806,0.0011843691,0.0011668191,0.0101583935,0.0047607683,0.0055003595,0.002964153,0.0020779208,0.0051861126,0.004628861,0.002214896,0.0013946042,0.005171782,0.0044754953,0.0023680585,0.0010727859,0.0053108926,0.003978973,0.0022964703
4593,/home/jupyter/dent_outputs/isic2019_v2/melanoma/hairs/seed4593/lambda_t_star5/style.png,0.0024243318,0.038058084,0.038891483,0.009943528,0.77498555,0.010847701,0.064889714,0.004246246,0.7885727,0.0134638855,0.06965959,0.0042735673,0.6386156,0.0150990905,0.06989756,0.0047739446,0.5912666,0.01650529,0.09317803,0.0060877935,0.6434376,0.023138942,0.028241355,0.0058661057,0.12005893,0.030310249,0.028145218,0.007243259,0.015539395,0.03652076,0.03392734,0.009291652,0.004173969,0.03638255,0.03087383,0.009801294,0.0027698404,0.032709137,0.03569524,0.009756487
4652,/home/jupyter/dent_outputs/isic2019_v2/melanoma/hairs/seed4652/lambda_t_star5/style.png,0.0023425494,0.0016096369,0.032540865,0.0013759546,0.36321813,0.0043192976,0.042547982,0.0027789858,0.3248162,0.0028642046,0.050794896,0.0021685318,0.23742878,0.002122564,0.032956332,0.0019012304,0.20896031,0.0019230611,0.026294064,0.001537846,0.10057892,0.0018026344,0.029157838,0.0013074129,0.057196762,0.0020049184,0.025268085,0.0014542469,0.009684534,0.002165895,0.033810187,0.001912372,0.0035621875,0.0018520145,0.03623658,0.0015015767,0.0025721227,0.0016321976,0.035394046,0.0014475224
4366,/home/jupyter/dent_outputs/isic2019_v2/melanoma/hairs/seed4366/lambda_t_star5/style.png,0.72142094,0.0055299415,0.01629394,0.0020572639,0.9983387,0.00591752,0.0020417725,0.001284179,0.9995943,0.005643292,0.0018064806,0.000861645,0.99962556,0.009934693,0.0016320328,0.00094384764,0.99785393,0.0083600115,0.0044951374,0.0014165861,0.99518764,0.0081592575,0.0064709503,0.0011878496,0.9807953,0.0109044155,0.010324644,0.0018940414,0.9085483,0.00883185,0.013303392,0.0023533516,0.819263,0.00939192,0.01574956,0.0025824597,0.74667084,0.0077919266,0.016079653,0.0024174072
4545,/home/jupyter/dent_outputs/isic2019_v2/melanoma/hairs/seed4545/lambda_t_star5/style.png,0.0006408704,0.0002537605,0.0068257744,0.00065041473,0.6041582,0.0017397336,0.12953702,0.0018343627,0.58750534,0.0019654469,0.12491594,0.0017440693,0.6967282,0.0022377241,0.15710983,0.0021970377,0.7788505,0.0021819044,0.17189126,0.002200424,0.81124914,0.0019222897,0.14054865,0.0021685471,0.44847572,0.0010227613,0.029011937,0.0017870287,0.0016227547,0.00031833927,0.0071271085,0.0007910426,0.00082691887,0.0002875915,0.0073965318,0.0007263792,0.00069800415,0.00024811746,0.007149948,0.0006651356
4762,/home/jupyter/dent_outputs/isic2019_v2/melanoma/hairs/seed4762/lambda_t_star5/style.png,0.020466456,0.004392956,0.005055271,0.001231885,0.69702315,0.007903664,0.27436045,0.0018347837,0.664443,0.008226658,0.26294133,0.0020838056,0.7130601,0.008151964,0.23713844,0.0019538493,0.70667356,0.00843041,0.27789408,0.0019261441,0.83393466,0.0066333166,0.093835935,0.0015950692,0.9330817,0.004795886,0.0178893,0.0009902773,0.9255502,0.003157899,0.005220519,0.0007328322,0.86756325,0.0030143603,0.0040168827,0.0008133306,0.26141432,0.003320016,0.0037732173,0.000918973
4498,/home/jupyter/dent_outputs/isic2019_v2/melanoma/hairs/seed4498/lambda_t_star5/style.png,0.0003607948,0.009528451,0.08734059,0.0032885626,0.9848257,0.032107912,0.17185232,0.010621068,0.93590164,0.0430028,0.27758518,0.014531516,0.97870535,0.032432105,0.17368278,0.01137988,0.9909695,0.0198839,0.11252903,0.007283193,0.958387,0.01488389,0.14800055,0.0069583305,0.14928903,0.015736733,0.19943935,0.0069276984,0.011976638,0.02133817,0.17496435,0.006920132,0.00053069316,0.012442315,0.09402803,0.0032157614,0.00037781527,0.009548913,0.08495542,0.0029818122
4578,/home/jupyter/dent_outputs/isic2019_v2/melanoma/hairs/seed4578/lambda_t_star5/style.png,0.0024396044,0.04739892,0.008232246,0.0038146765,0.26241222,0.0716581,0.007203691,0.006626464,0.007889334,0.12672321,0.005285857,0.0033008563,0.010048607,0.12898111,0.005322215,0.00272248,0.005852263,0.13954176,0.0054927347,0.0031117173,0.0045722844,0.11666562,0.0049197343,0.0029719183,0.0041549355,0.09639187,0.0061447336,0.0033508823,0.0032034335,0.077514164,0.0065425895,0.003570014,0.00300784,0.051839303,0.0069238883,0.003561634,0.0023991228,0.0445658,0.007417425,0.0035160282
4281,/home/jupyter/dent_outputs/isic2019_v2/melanoma/hairs/seed4281/lambda_t_star5/style.png,0.00054262544,0.010918794,0.015969107,0.003582792,0.006685469,0.008960085,0.014418516,0.0039723697,0.004999814,0.0121512795,0.020132665,0.004879477,0.0057579093,0.01349321,0.020786855,0.0049442356,0.002955932,0.014576304,0.019397428,0.0050682123,0.0025833468,0.01457483,0.017009506,0.0043018055,0.0010241014,0.015516128,0.01604863,0.0037602924,0.0007631999,0.013713352,0.014538694,0.003267881,0.00075037184,0.0117316395,0.015372044,0.0033602235,0.00057912053,0.010419798,0.015436304,0.0032214613
4066,/home/jupyter/dent_outputs/isic2019_v2/melanoma/hairs/seed4066/lambda_t_star5/style.png,0.001775258,0.01005151,0.27504134,0.005449329,0.99836785,0.0069645997,0.04382466,0.0016520787,0.998467,0.0064268485,0.060518,0.0013908307,0.9980684,0.008469051,0.05655354,0.0016180367,0.9935754,0.010661867,0.12850367,0.0028280818,0.9217445,0.019000987,0.25085682,0.0068801665,0.107524894,0.029411286,0.28833675,0.0074106567,0.0030999724,0.022149406,0.25513875,0.0073490534,0.0022478248,0.013953243,0.23666853,0.0063444115,0.002023523,0.01166748,0.26407522,0.0060491157
4846,/home/jupyter/dent_outputs/isic2019_v2/melanoma/hairs/seed4846/lambda_t_star5/style.png,0.013280297,0.008228864,0.00080001913,0.00082253054,0.99520725,0.0023554012,0.0005520086,0.00027426213,0.93328965,0.015364108,0.00069136726,0.0010507331,0.7995217,0.030865155,0.0011241024,0.0020178314,0.7036098,0.031066865,0.0008622261,0.0017417761,0.5365742,0.021324871,0.00085302774,0.0013186849,0.034508158,0.021179795,0.0007595787,0.00089461426,0.014641129,0.021863548,0.0009304189,0.00097112905,0.013257154,0.011451904,0.00087010127,0.0008569051,0.01417847,0.00824464,0.00079238554,0.0007677046
4336,/home/jupyter/dent_outputs/isic2019_v2/melanoma/hairs/seed4336/lambda_t_star5/style.png,0.010954539,0.012819518,0.06784705,0.0021359436,0.9976693,0.037973292,0.016936311,0.0012403151,0.9386929,0.096916385,0.042050216,0.0029654768,0.8834681,0.1772839,0.062209327,0.0046775714,0.84880894,0.19942182,0.07100944,0.00533639,0.7428409,0.13816975,0.053092632,0.0041549215,0.14089547,0.112194225,0.06217743,0.0050896476,0.026741164,0.056382928,0.052720115,0.0032009832,0.020965047,0.028607516,0.060793858,0.0027177432,0.01341336,0.016113061,0.062345974,0.002279399
4227,/home/jupyter/dent_outputs/isic2019_v2/melanoma/hairs/seed4227/lambda_t_star5/style.png,0.18818308,0.005398833,0.0027984802,0.0010674299,0.32288468,0.0006294937,0.0016153092,0.0005819752,0.10977897,0.00045877817,0.0010153325,0.00037801865,0.10403754,0.00053987594,0.00066706847,0.00032938152,0.096067466,0.0007154465,0.0005345071,0.00025301447,0.14692277,0.0011441922,0.00096337934,0.00041713976,0.19261956,0.0028409816,0.0014563113,0.0007106984,0.22255942,0.006323784,0.0018755704,0.0009435577,0.22772647,0.0060256063,0.0023667442,0.0010987206,0.19099852,0.0057883607,0.00277683,0.0011669168
4924,/home/jupyter/dent_outputs/isic2019_v2/melanoma/hairs/seed4924/lambda_t_star5/style.png,0.033532552,0.7774915,0.0048943525,0.005371633,0.7188025,0.16346173,0.0025338684,0.002669407,0.66001916,0.2390979,0.0037655032,0.0037529205,0.6055555,0.281321,0.003938996,0.003919797,0.38646868,0.5802126,0.004627214,0.004816627,0.15891866,0.57284564,0.006512471,0.005703917,0.11468494,0.7206449,0.0067480663,0.0067890924,0.09223542,0.82033366,0.005302018,0.0060610455,0.046124604,0.7790809,0.0047364584,0.005208597,0.03755083,0.79337835,0.00485541,0.0052884454
4817,/home/jupyter/dent_outputs/isic2019_v2/melanoma/hairs/seed4817/lambda_t_star5/style.png,0.0018104472,0.087872766,0.003675946,0.0046237055,0.012669565,0.105027385,0.0020029328,0.003243638,0.014893093,0.12185246,0.0023814589,0.0033139624,0.013783549,0.07651223,0.0022364543,0.003144837,0.014566875,0.088544965,0.0027581914,0.0035841882,0.008624215,0.07488996,0.0029802222,0.0031794808,0.0048913923,0.10421624,0.0036695648,0.0038930504,0.0034295358,0.10413087,0.0039962865,0.0047197645,0.0025705073,0.08551394,0.0041168304,0.0047462354,0.0026081868,0.08935072,0.004018915,0.0050096754
4127,/home/jupyter/dent_outputs/isic2019_v2/melanoma/hairs/seed4127/lambda_t_star5/style.png,0.013965859,0.035938226,0.006758868,0.0037514216,0.57025063,0.0037123268,0.0022089162,0.0018439912,0.6656048,0.0038643396,0.0024838806,0.0019677784,0.11391105,0.0073609496,0.0029510984,0.0027845374,0.600222,0.017953854,0.007163558,0.004901211,0.13608417,0.055118013,0.007493649,0.0052482337,0.06009408,0.11325532,0.012692109,0.0075357356,0.022082016,0.060991727,0.008348255,0.004650466,0.013895288,0.04582469,0.0063057328,0.0038960865,0.012457095,0.041996438,0.006133992,0.0035167115
4850,/home/jupyter/dent_outputs/isic2019_v2/melanoma/hairs/seed4850/lambda_t_star5/style.png,0.0010899595,0.002601841,0.00018256303,0.00019211335,0.0041917255,0.016656034,0.0004895262,0.00020646065,0.0019036352,0.026095517,0.00034525222,0.00016935132,0.0030849678,0.0644793,0.00013426988,0.00013308888,0.0043303813,0.101392224,0.00013986407,0.00017625002,0.0019635987,0.020260526,0.00013909959,0.00018297342,0.0016194029,0.006456839,0.000108738765,0.00014558175,0.0014029406,0.0040202723,0.00012841127,0.0001517875,0.001555639,0.003373714,0.00013519038,0.00015665802,0.0012510224,0.0030009486,0.00014985856,0.00017672592
4340,/home/jupyter/dent_outputs/isic2019_v2/melanoma/hairs/seed4340/lambda_t_star5/style.png,0.0016547327,0.0012884273,0.0021006814,0.0006045238,0.58539176,0.0030639938,0.011454614,0.00060679705,0.6136461,0.003232781,0.012059147,0.0006601136,0.5378745,0.0036877529,0.013403437,0.0007065705,0.5031467,0.0026134292,0.012004941,0.0007045301,0.50794697,0.0015724428,0.010828051,0.00069333904,0.46160635,0.0009071511,0.008522988,0.0005775267,0.27633056,0.00046282762,0.005361417,0.0004975522,0.042912144,0.00032784237,0.0015970257,0.0005055351,0.0021381013,0.0008576391,0.0021361765,0.0005578899
4754,/home/jupyter/dent_outputs/isic2019_v2/melanoma/hairs/seed4754/lambda_t_star5/style.png,0.16489391,0.03090645,0.0026327944,0.0028886439,0.26809046,0.007937776,0.00071662705,0.000938907,0.528926,0.006218254,0.00043650332,0.00052086223,0.635839,0.007574259,0.0005271575,0.00067245535,0.43549588,0.015955355,0.0011425377,0.0012237908,0.3340654,0.03166152,0.004098325,0.0039053357,0.27895352,0.022792013,0.003020145,0.0028346127,0.22892323,0.035827164,0.0035103406,0.0036556271,0.20866765,0.032669723,0.0034541225,0.00349893,0.19039251,0.032174747,0.0033002915,0.0035040078
4359,/home/jupyter/dent_outputs/isic2019_v2/melanoma/hairs/seed4359/lambda_t_star5/style.png,0.10186188,0.048370816,0.0034853367,0.002396422,0.19398728,0.004087946,0.028457876,0.0013711766,0.45618296,0.0044060852,0.0031773369,0.001193659,0.6379067,0.005617913,0.0021633932,0.0008818174,0.77900547,0.018968057,0.003393761,0.0016118715,0.65533984,0.02146859,0.004516777,0.0020510578,0.4708064,0.025014285,0.0036638232,0.002181102,0.2663143,0.032839086,0.0040939604,0.0023279828,0.1753388,0.029446825,0.0040617324,0.0023550582,0.10645008,0.040748794,0.0039703553,0.0025960982
4774,/home/jupyter/dent_outputs/isic2019_v2/melanoma/hairs/seed4774/lambda_t_star5/style.png,0.000999815,0.10981301,0.0099836225,0.00503345,0.0016036555,0.118855305,0.012564363,0.005800467,0.0014085437,0.14486176,0.012376148,0.0055138716,0.0015386378,0.16998553,0.015303867,0.005792585,0.0015360665,0.16262601,0.0143632535,0.0060770297,0.0013658953,0.12822077,0.011408628,0.0055674426,0.0013985039,0.124221936,0.011186494,0.0054027596,0.0014638179,0.13514946,0.011613098,0.005569877,0.0011978985,0.11380797,0.011082403,0.004986117,0.0010409827,0.108042076,0.010008141,0.004779743
4376,/home/jupyter/dent_outputs/isic2019_v2/melanoma/hairs/seed4376/lambda_t_star5/style.png,0.0041621174,0.16194004,0.004516824,0.00482582,0.9794231,0.0019563157,0.00054542813,0.0002840122,0.981337,0.003896364,0.0003744278,0.00029500914,0.97786874,0.0066630803,0.00044296184,0.00036304956,0.9577705,0.010179363,0.0007782881,0.00056783773,0.016595552,0.06292645,0.0031728563,0.0026107584,0.009250507,0.09965864,0.0029177554,0.0028745693,0.0051021264,0.14088832,0.0028279622,0.0030422357,0.0043659643,0.15943193,0.0038762907,0.004232289,0.00463081,0.16393432,0.0042078802,0.0046177884
4741,/home/jupyter/dent_outputs/isic2019_v2/melanoma/hairs/seed4741/lambda_t_star5/style.png,0.123138815,0.0054460503,0.0054014353,0.0018625265,0.99943846,0.0052334345,0.008764871,0.0011358741,0.9990822,0.0055934777,0.008646846,0.00109485,0.99898154,0.0063160458,0.008609518,0.0011481106,0.99904007,0.004486171,0.0063313036,0.00100921,0.99828714,0.0034532922,0.004873595,0.0007623313,0.83387244,0.007842313,0.007927825,0.0016224936,0.7945805,0.007578575,0.005707114,0.001573596,0.4891246,0.008962905,0.0055037932,0.0018632226,0.17951782,0.00564897,0.0054628844,0.0017214024
4999,/home/jupyter/dent_outputs/isic2019_v2/melanoma/hairs/seed4999/lambda_t_star5/style.png,0.09317389,0.0021421472,0.0003173169,0.00044353015,0.05668378,0.00017944496,0.00046121748,0.0005627595,0.03857522,0.00031089553,0.000323229,0.00033625017,0.04679079,0.0008335773,0.00027522192,0.00029991928,0.083351836,0.0029833764,0.0003807661,0.00042705948,0.08890832,0.0033082282,0.00041655166,0.0004991579,0.07637353,0.004964777,0.0005037834,0.0006500627,0.087857984,0.004045018,0.00038389352,0.0005474451,0.09093404,0.0028305745,0.00032003605,0.00048381145,0.089266084,0.0023921349,0.000288749,0.00044176262
4940,/home/jupyter/dent_outputs/isic2019_v2/melanoma/hairs/seed4940/lambda_t_star5/style.png,0.0055271545,0.021498911,0.025628656,0.006917396,0.36687207,0.017624985,0.0076989434,0.0035629324,0.012527289,0.033089884,0.022466414,0.007814461,0.01281424,0.031104017,0.024148125,0.0082763005,0.012243692,0.026294466,0.025002949,0.0077732657,0.01720147,0.027028613,0.021043137,0.007102434,0.007326606,0.022268446,0.022643559,0.006611442,0.0062897233,0.020234115,0.023816526,0.006800745,0.005813509,0.020584607,0.024922699,0.0067075915,0.0056634382,0.020642137,0.025372006,0.0071191094
4839,/home/jupyter/dent_outputs/isic2019_v2/melanoma/hairs/seed4839/lambda_t_star5/style.png,0.00047184608,0.1923559,0.033228733,0.0036258814,0.5515311,0.05468567,0.015768318,0.0026444406,0.5705813,0.09742362,0.024718964,0.0029373374,0.63685966,0.13493115,0.040157583,0.0033657998,0.4443808,0.19591703,0.03234308,0.0026095528,0.24833444,0.22436228,0.031019127,0.002468193,0.0011152272,0.25085872,0.021246307,0.0021938914,0.000784062,0.1819786,0.020629117,0.002131356,0.0006177412,0.18773179,0.027195517,0.0034583828,0.00052515947,0.17063758,0.030245887,0.0034141073
4334,/home/jupyter/dent_outputs/isic2019_v2/melanoma/hairs/seed4334/lambda_t_star5/style.png,0.05824018,0.022232503,0.01754826,0.005941091,0.9901799,0.00091545895,0.0036786485,0.0009857749,0.92208505,0.004872709,0.023312576,0.0032334817,0.9872099,0.007705507,0.019629566,0.0023723082,0.6634486,0.008074379,0.03751695,0.0054015713,0.22035152,0.021459257,0.03777251,0.012352896,0.25089234,0.04470233,0.025439989,0.01094256,0.22146961,0.048373394,0.024110219,0.011717534,0.0657178,0.031335834,0.018954206,0.007723027,0.060660385,0.026175708,0.02011347,0.006576104
4107,/home/jupyter/dent_outputs/isic2019_v2/melanoma/hairs/seed4107/lambda_t_star5/style.png,0.00091987435,0.0022669586,0.27983952,0.0035894678,0.15981743,0.007793055,0.71619415,0.0060642436,0.12517834,0.0061631654,0.63581586,0.005983171,0.06762039,0.0045879143,0.47731367,0.0057884157,0.07011291,0.0044926754,0.46471974,0.005900361,0.07299878,0.0053126384,0.45137265,0.0067428043,0.05206854,0.0052060853,0.415824,0.00675657,0.013673205,0.0040267347,0.30997413,0.0054169483,0.0016156429,0.0030866913,0.2748374,0.0044161137,0.0011811795,0.0024543013,0.26271695,0.003943434
4049,/home/jupyter/dent_outputs/isic2019_v2/melanoma/hairs/seed4049/lambda_t_star5/style.png,0.08544195,0.014618568,0.0016691014,0.0016384366,0.89569366,0.013247357,0.0003588904,0.0005335138,0.83584374,0.013876978,0.0004298095,0.0005561623,0.7333446,0.015455663,0.0004141996,0.00062145473,0.72337353,0.015268519,0.00047549495,0.0007125971,0.32663646,0.032070044,0.00054985774,0.0008499126,0.09280431,0.03174735,0.00093652814,0.0012228773,0.08735668,0.02184984,0.0011934914,0.0013291548,0.09601238,0.018237745,0.0013325816,0.0014180358,0.09170448,0.016304519,0.0014725127,0.0014687119
4553,/home/jupyter/dent_outputs/isic2019_v2/melanoma/hairs/seed4553/lambda_t_star5/style.png,0.14798118,0.0047280258,0.004245403,0.0020457415,0.9900069,0.0027543327,0.0054549216,0.0010737982,0.9894419,0.0034269923,0.006889051,0.0012700198,0.99734217,0.004188926,0.0063427254,0.0010837415,0.9969279,0.0054714717,0.0059128148,0.0012391089,0.96640265,0.0098801125,0.0059525985,0.0018039863,0.727369,0.0111878645,0.0060799047,0.0020193001,0.31687483,0.008277851,0.004552244,0.002282874,0.22463167,0.005791512,0.0046217223,0.0021599939,0.17450128,0.005648911,0.0045605684,0.0022642564
4280,/home/jupyter/dent_outputs/isic2019_v2/melanoma/hairs/seed4280/lambda_t_star5/style.png,0.00025658312,0.0043434747,0.06802728,0.0014437662,0.057936657,0.0088212425,0.24736318,0.007937243,0.022591176,0.005965727,0.35308236,0.0045322594,0.0066340263,0.0047568926,0.4076835,0.0043894975,0.0016413024,0.0025529212,0.11504814,0.002583564,0.0012068315,0.0033528013,0.061587676,0.0014224316,0.0010961117,0.004249903,0.06637605,0.0016159429,0.0005981239,0.00409953,0.06900965,0.001394415,0.00050087174,0.004702191,0.07030338,0.0014595753,0.00028991362,0.0044079428,0.061825782,0.0013919657
4617,/home/jupyter/dent_outputs/isic2019_v2/melanoma/hairs/seed4617/lambda_t_star5/style.png,0.001809166,0.074320905,0.004195588,0.004195218,0.02834463,0.18279727,0.005073197,0.003214777,0.99285805,0.011909695,0.001383323,0.0010151173,0.8399579,0.0045780973,0.00096869457,0.0007198862,0.41543055,0.016292654,0.001247873,0.0014675027,0.07403716,0.030329023,0.0024023284,0.001982598,0.016856676,0.017787969,0.0019109469,0.0020530578,0.0041443733,0.05527481,0.0029842302,0.003287216,0.002397098,0.07567688,0.0040853564,0.004272906,0.0023058238,0.066758096,0.00415792,0.0041741454
4391,/home/jupyter/dent_outputs/isic2019_v2/melanoma/hairs/seed4391/lambda_t_star5/style.png,0.0024141658,0.0048785578,0.01658207,0.0018001375,0.9496822,0.0069523137,0.014433181,0.0016231122,0.9614736,0.005895172,0.011990974,0.0013914892,0.9778357,0.006965576,0.011635263,0.0013991653,0.93804425,0.008454112,0.007983703,0.0015853982,0.0054095853,0.011598487,0.011974444,0.0024109844,0.0040784115,0.009441068,0.012481075,0.0023261032,0.0037965684,0.010257085,0.012762354,0.0021691767,0.003108921,0.007995161,0.0136313345,0.0020925824,0.0025101248,0.0055860644,0.016907074,0.0018964643
4335,/home/jupyter/dent_outputs/isic2019_v2/melanoma/hairs/seed4335/lambda_t_star5/style.png,0.16674596,0.08951877,0.002357751,0.0011494287,0.41046992,0.024888124,0.004880619,0.0020129432,0.6014911,0.023158886,0.0052509224,0.0023274138,0.50481296,0.08214951,0.0038883993,0.0017355878,0.3340422,0.074192494,0.004187261,0.0017528047,0.21408518,0.0671002,0.0037503452,0.0017247908,0.12763801,0.073721446,0.0031922539,0.001456502,0.107045546,0.09734097,0.0022617446,0.0012014214,0.13479309,0.094557054,0.0023529888,0.0011894692,0.16305952,0.09226027,0.0023243255,0.00117947
4480,/home/jupyter/dent_outputs/isic2019_v2/melanoma/hairs/seed4480/lambda_t_star5/style.png,0.261013,0.0030872345,0.00084258773,0.00076091307,0.40847844,0.008876563,0.0006646927,0.0005568948,0.3998483,0.0061291885,0.00050260115,0.0003483941,0.55590284,0.0028013599,0.0003387504,0.00027311663,0.45599747,0.0033602794,0.000343174,0.00040152698,0.42782065,0.005355409,0.00040870474,0.0005769424,0.39604232,0.0074357735,0.00051687914,0.0006932387,0.38650113,0.0057153916,0.0006401309,0.0008047567,0.27661347,0.0038823849,0.0008262966,0.00082931767,0.29898414,0.0033389216,0.00077555765,0.00075876183
4847,/home/jupyter/dent_outputs/isic2019_v2/melanoma/hairs/seed4847/lambda_t_star5/style.png,0.009416587,0.0018171223,0.0021816138,0.0008297785,0.45025253,0.0030029109,0.0020962479,0.0016756377,0.14480121,0.0020013102,0.003641005,0.0016487545,0.05145379,0.0029924833,0.0029786597,0.0008606849,0.07540216,0.0046462147,0.0040550195,0.001084448,0.10627237,0.0022692678,0.005225923,0.0010942406,0.043297473,0.001891944,0.0028554653,0.0010625067,0.024447724,0.0021178094,0.0022539587,0.000898226,0.0130764935,0.0017509001,0.0021549617,0.00072994456,0.0135338865,0.0017663932,0.0021959841,0.0008038511
4032,/home/jupyter/dent_outputs/isic2019_v2/melanoma/hairs/seed4032/lambda_t_star5/style.png,0.001135847,0.029987678,0.059595093,0.0043545566,0.24037151,0.03469011,0.024789993,0.0042833854,0.20235115,0.01850932,0.027811598,0.0027334108,0.17336702,0.021506049,0.031478375,0.0028097602,0.18602963,0.02892355,0.044921987,0.0032721937,0.20968395,0.03399849,0.05111176,0.0034463203,0.09884429,0.03851073,0.05708364,0.0039089746,0.0061863023,0.04506895,0.064091496,0.004792892,0.0018415898,0.035839207,0.06101486,0.0049732053,0.0012267663,0.02912907,0.062196705,0.004378724
4970,/home/jupyter/dent_outputs/isic2019_v2/melanoma/hairs/seed4970/lambda_t_star5/style.png,0.014585512,0.0133667765,0.0017212811,0.0023807336,0.10566668,0.06023256,0.0029780974,0.0024622374,0.08793419,0.04759052,0.0025100221,0.0024399387,0.11129529,0.035873372,0.0017061611,0.0020327691,0.10967631,0.03272237,0.0017310475,0.002344205,0.11385947,0.03540116,0.0021074885,0.002910743,0.14766161,0.02448531,0.0015775895,0.00229577,0.17519403,0.010958015,0.0010201372,0.0015536005,0.031748332,0.012708987,0.0015180181,0.0019417874,0.018227844,0.016119594,0.0020088933,0.002732432
4955,/home/jupyter/dent_outputs/isic2019_v2/melanoma/hairs/seed4955/lambda_t_star5/style.png,0.0193164,0.058006458,0.0036304542,0.003854087,0.021507796,0.12067981,0.0035697746,0.004677334,0.0399439,0.060070306,0.0018202758,0.0021395986,0.023113998,0.06417043,0.0021546674,0.002519433,0.02166295,0.08654689,0.0024595393,0.0031810815,0.0260818,0.09558136,0.003251298,0.0038258862,0.025130201,0.09158942,0.0034286196,0.003976674,0.02572856,0.08128664,0.003540415,0.004218782,0.022757007,0.071693614,0.0031760626,0.0036330859,0.022259202,0.065656215,0.0036143283,0.0039038514
4742,/home/jupyter/dent_outputs/isic2019_v2/melanoma/hairs/seed4742/lambda_t_star5/style.png,0.012471458,0.14391357,0.023931492,0.0031603572,0.33730623,0.27415428,0.015584664,0.0032666898,0.29433364,0.22035521,0.013472115,0.0026612645,0.24353826,0.1935883,0.0113332495,0.0023230067,0.2177033,0.15525047,0.011681377,0.0023108316,0.18302822,0.10062611,0.012499119,0.00217983,0.2076671,0.08529457,0.014782893,0.0019882368,0.1720265,0.08753026,0.014893877,0.0020473758,0.025825074,0.14026885,0.018599994,0.0030377875,0.013176545,0.14675987,0.02159272,0.0030868235
4931,/home/jupyter/dent_outputs/isic2019_v2/melanoma/hairs/seed4931/lambda_t_star5/style.png,0.0017645636,0.0037144984,0.14590907,0.0042806715,0.9991755,0.01911465,0.050814673,0.0049604657,0.9994135,0.0061672204,0.025902499,0.00220361,0.99922514,0.0066215536,0.02693434,0.0019616662,0.9992199,0.0062170518,0.034506824,0.0019777187,0.998343,0.0033124872,0.034334976,0.0018258326,0.2346197,0.005847438,0.13896978,0.005068301,0.035844415,0.005495682,0.12758644,0.0049071396,0.0065402063,0.004663664,0.15195407,0.005061463,0.0019789152,0.0041968776,0.16471049,0.0045643714
4693,/home/jupyter/dent_outputs/isic2019_v2/melanoma/hairs/seed4693/lambda_t_star5/style.png,0.0046277605,0.011759769,0.0043490953,0.0032007545,0.9717406,0.006288245,0.003001796,0.001751898,0.77691483,0.0099655315,0.0022620643,0.0017778786,0.43692788,0.02595049,0.0040980275,0.0033559229,0.030388666,0.014221369,0.0041810824,0.004017718,0.0066255815,0.01733407,0.0045442195,0.0032218823,0.006052744,0.015562813,0.004960555,0.0034123345,0.005963666,0.011702425,0.00441712,0.003061539,0.004838007,0.010506819,0.0038048774,0.0030003234,0.004650435,0.012013212,0.0039835735,0.003218881
4497,/home/jupyter/dent_outputs/isic2019_v2/melanoma/hairs/seed4497/lambda_t_star5/style.png,0.0014466316,0.0057187933,0.05410266,0.0020130896,0.3535263,0.028565995,0.022533659,0.0014816046,0.25123867,0.027132662,0.025601504,0.0040057627,0.34071445,0.021917338,0.029250724,0.003336108,0.113368824,0.00919958,0.035020314,0.0024773816,0.037823256,0.0069347857,0.03337745,0.0020688127,0.025323037,0.0054477085,0.041499365,0.0018358608,0.0039792866,0.006323751,0.0544819,0.0024657089,0.0012672595,0.006540672,0.048740458,0.0020331715,0.0013499208,0.0060130707,0.05148983,0.0019195252
4025,/home/jupyter/dent_outputs/isic2019_v2/melanoma/hairs/seed4025/lambda_t_star5/style.png,0.0019919274,0.41591576,0.025510326,0.008253964,0.84548867,0.022984527,0.053318392,0.024586225,0.94419605,0.13266592,0.026141886,0.00559668,0.7339922,0.18271814,0.03822643,0.0070162886,0.039131444,0.30272838,0.034290988,0.011244275,0.025702491,0.3133316,0.027174722,0.010509406,0.022729145,0.3757601,0.024555955,0.0086129205,0.027735433,0.48844817,0.025796214,0.009745672,0.0038800822,0.4252947,0.025421778,0.009183635,0.0023017433,0.43227646,0.027616682,0.008674123
4821,/home/jupyter/dent_outputs/isic2019_v2/melanoma/hairs/seed4821/lambda_t_star5/style.png,0.0041314834,0.0053571616,0.008811855,0.004294967,0.27224103,0.0164481,0.017603531,0.008019672,0.2164775,0.014019166,0.016122695,0.0072460505,0.2575719,0.009079741,0.010393747,0.0045546545,0.3014131,0.006796775,0.008468983,0.0037482418,0.23790467,0.0058832765,0.006255981,0.003135654,0.011260414,0.0073896684,0.009785632,0.0052365605,0.009210601,0.0064556035,0.008206118,0.00473574,0.0053297374,0.0062089786,0.008500123,0.0049825395,0.0045788535,0.0054318537,0.008587681,0.0044609704
4748,/home/jupyter/dent_outputs/isic2019_v2/melanoma/hairs/seed4748/lambda_t_star5/style.png,0.00068542955,0.0030970164,0.14604975,0.0019489077,0.60451037,0.0051773298,0.29876745,0.0018665537,0.3755309,0.0047480557,0.35896862,0.0015384342,0.29295453,0.0065740827,0.43765256,0.0019682972,0.09626975,0.005402545,0.5427221,0.002005446,0.089501634,0.0051005105,0.43009847,0.0019249787,0.041769844,0.0052469615,0.39370006,0.0017784202,0.020868791,0.005070213,0.2762107,0.0019161827,0.0033696075,0.0058316034,0.17550695,0.0021298828,0.00085509,0.0042896844,0.14782223,0.0018829502
4990,/home/jupyter/dent_outputs/isic2019_v2/melanoma/hairs/seed4990/lambda_t_star5/style.png,0.00022295417,0.014728412,0.03332754,0.0030773657,0.9956695,0.028453778,0.09218429,0.0067017865,0.97757614,0.026622903,0.19233266,0.008986647,0.98442507,0.02983704,0.22108515,0.011142648,0.9831939,0.03469863,0.10664788,0.0087564895,0.76778996,0.02665923,0.0711825,0.0074577024,0.5344049,0.025715653,0.066343136,0.007037413,0.31352663,0.01695982,0.05150881,0.0059329,0.001229349,0.0126398355,0.034456942,0.0031341088,0.00027911298,0.0131525695,0.031798616,0.003111989
4148,/home/jupyter/dent_outputs/isic2019_v2/melanoma/hairs/seed4148/lambda_t_star5/style.png,0.00080611056,0.023448065,0.19486317,0.0051591992,0.84960103,0.010284931,0.35829517,0.005215448,0.7157806,0.012517743,0.26257846,0.005297679,0.7757835,0.01416667,0.22467813,0.005026532,0.35144934,0.026939435,0.19852275,0.005011791,0.31767097,0.024225228,0.18723321,0.0047542453,0.0012303249,0.02124096,0.2216602,0.0049535413,0.00095942145,0.020754779,0.21646707,0.0049773385,0.000847987,0.021958297,0.21633483,0.005267207,0.00077314285,0.021634515,0.21022065,0.0051050005
4743,/home/jupyter/dent_outputs/isic2019_v2/melanoma/hairs/seed4743/lambda_t_star5/style.png,0.0071012373,0.0008585733,0.0024194436,0.0003958451,0.99449736,0.00045948918,0.0030081817,0.00032109013,0.99640924,0.0013210727,0.0032327627,0.00057331607,0.9770801,0.0007771716,0.00137362,0.00031483514,0.9869982,0.0003599519,0.0005510104,0.00020441861,0.4783856,0.00063941017,0.00079329475,0.00037135783,0.1629487,0.00050390733,0.00089637423,0.0003958219,0.05195909,0.0005153492,0.0011081499,0.00031336237,0.021198634,0.00082778797,0.0017645537,0.00038566746,0.0126339635,0.00083401747,0.0021185866,0.00036604618
4669,/home/jupyter/dent_outputs/isic2019_v2/melanoma/hairs/seed4669/lambda_t_star5/style.png,0.00086614233,0.02883875,0.005804103,0.0047904016,0.021610254,0.2481536,0.03807004,0.002755288,0.029582227,0.21949548,0.00516616,0.0038481422,0.03481953,0.15723845,0.006927243,0.0043376717,0.012191158,0.1112681,0.008268325,0.0053783576,0.0039782566,0.15102848,0.010465648,0.0060116993,0.0017014933,0.07155362,0.008617442,0.0054549314,0.0011696818,0.03219386,0.006556514,0.0051975497,0.0010492267,0.02736012,0.005793958,0.004999926,0.00096517045,0.026867418,0.005501087,0.004888427
4935,/home/jupyter/dent_outputs/isic2019_v2/melanoma/hairs/seed4935/lambda_t_star5/style.png,0.008225016,0.00036274717,0.0067265565,0.00073562685,0.9168157,0.00011455119,0.0008094026,0.00020187002,0.14948583,0.00014523609,0.0009753727,0.0002309009,0.1659272,0.00030254677,0.0018972016,0.0003108072,0.37797385,0.00026367235,0.0021207035,0.00028485397,0.0521239,0.0005615606,0.0047910614,0.000972948,0.009923574,0.00049330207,0.012090933,0.0014184423,0.009154527,0.0003071041,0.007310664,0.0006413284,0.008144422,0.00037583485,0.007892564,0.00073571655,0.0078000748,0.00035750243,0.00779695,0.0007527493
4501,/home/jupyter/dent_outputs/isic2019_v2/melanoma/hairs/seed4501/lambda_t_star5/style.png,0.96039176,0.010748915,0.002829544,0.0013897741,0.99880016,0.002136833,0.0009565714,0.00047810966,0.9934918,0.0015470146,0.00049869105,0.0004055707,0.996384,0.0026864596,0.0005344824,0.00034662068,0.9956358,0.0020443907,0.00047756356,0.00042388498,0.98609483,0.0047094566,0.0014655775,0.0007257412,0.9812583,0.00928868,0.0027068753,0.0017365193,0.9806245,0.010582665,0.002354076,0.0014772958,0.97154826,0.010699889,0.002315383,0.0013437119,0.9658781,0.010826105,0.002625893,0.001371059
4404,/home/jupyter/dent_outputs/isic2019_v2/melanoma/hairs/seed4404/lambda_t_star5/style.png,0.00023190412,0.0029101656,0.026610067,0.0010252339,0.97414625,0.00900622,0.6111028,0.0046981536,0.98497796,0.009150952,0.5594786,0.0042260415,0.98296183,0.008388026,0.5591743,0.003920505,0.973709,0.00925494,0.5617554,0.0034177387,0.84494936,0.010615853,0.82679605,0.007120441,0.7265124,0.009050362,0.51235867,0.008833892,0.5262869,0.0059776157,0.28381,0.004236519,0.040322725,0.004143539,0.030795025,0.0017233144,0.00024406638,0.0031573228,0.02870822,0.0011487736
4744,/home/jupyter/dent_outputs/isic2019_v2/melanoma/hairs/seed4744/lambda_t_star5/style.png,0.00050438737,0.039150864,0.0047668675,0.0012727579,0.99972814,0.03868135,0.02522261,0.0023002527,0.99931943,0.050724454,0.0120209055,0.0024269903,0.99960047,0.04621385,0.012965613,0.0018648774,0.99816173,0.06303167,0.011232755,0.0024058027,0.99876106,0.055992384,0.0130503485,0.002729388,0.99222565,0.083977886,0.014145802,0.0041301004,0.34817794,0.08822742,0.00924647,0.0030643404,0.0010305366,0.063556895,0.004562714,0.0013999103,0.00067723717,0.051616408,0.0051065413,0.0013864844
4161,/home/jupyter/dent_outputs/isic2019_v2/melanoma/hairs/seed4161/lambda_t_star5/style.png,0.035318084,0.0011046212,0.001887722,0.0003863145,0.8927394,0.0006079258,0.0016915471,0.0012237425,0.054995436,0.0007202612,0.0016911146,0.00027874467,0.034235604,0.0007974405,0.001445956,0.00024794484,0.020185716,0.00092116196,0.0014556402,0.0002707813,0.016951118,0.0010241044,0.0014616373,0.0002670028,0.01569145,0.0013800898,0.0015662085,0.00031307247,0.022799976,0.0013843601,0.0016591547,0.0002939664,0.027195832,0.0012225838,0.0016258731,0.0003021542,0.030364063,0.001138231,0.001991152,0.00036622593
4158,/home/jupyter/dent_outputs/isic2019_v2/melanoma/hairs/seed4158/lambda_t_star5/style.png,0.25893292,0.06510228,0.0055295527,0.008929392,0.9341888,0.008459378,0.0019687694,0.0030597479,0.92470586,0.018854165,0.002705381,0.0046305554,0.8581712,0.036347132,0.0029497407,0.00534644,0.8112987,0.044157535,0.0029701088,0.0054899952,0.6972659,0.061297018,0.0032315613,0.005835583,0.55112344,0.08118658,0.0031070304,0.006538896,0.4947747,0.073428586,0.0030616538,0.0062766857,0.3495642,0.08242238,0.004909215,0.008750226,0.31735414,0.07646035,0.0057424083,0.009351639
4675,/home/jupyter/dent_outputs/isic2019_v2/melanoma/hairs/seed4675/lambda_t_star5/style.png,0.049364448,0.032346375,0.0036471202,0.0030304156,0.99000764,0.00962814,0.002994191,0.0015942605,0.9796078,0.01126866,0.0019789133,0.0015329965,0.98017234,0.0052402704,0.0008383403,0.00072586286,0.9605477,0.0059703407,0.0010820497,0.0008894052,0.88751245,0.009022044,0.0020498792,0.0016867128,0.6729707,0.012860296,0.0022621762,0.0018867503,0.23882161,0.018441487,0.0029517186,0.001849049,0.06899365,0.033208914,0.004182639,0.0033656913,0.05400302,0.03355505,0.004071141,0.0034150095
4289,/home/jupyter/dent_outputs/isic2019_v2/melanoma/hairs/seed4289/lambda_t_star5/style.png,0.14313957,0.002560011,0.00020040423,0.00015430643,0.10007396,0.006623103,0.00012017166,0.0001509151,0.22219624,0.0023674525,0.00010128078,0.00011141517,0.23427686,0.0015113472,0.00016237462,0.0001269355,0.26589483,0.0028340048,0.00026251373,0.00018452875,0.23998949,0.004465155,0.0002265389,0.00016945663,0.20064725,0.004681909,0.00018312702,0.00016877791,0.17757015,0.004287986,0.00013878505,0.00013367162,0.16417386,0.0035524752,0.00016315887,0.00014326737,0.14505285,0.002762066,0.00016587817,0.00013820031
4419,/home/jupyter/dent_outputs/isic2019_v2/melanoma/hairs/seed4419/lambda_t_star5/style.png,0.01995688,0.011055278,0.0021697485,0.0012234476,0.7701844,0.001980466,0.0001524001,0.00025531393,0.024656752,0.0047886563,0.0005611818,0.00090006925,0.036964457,0.0045290296,0.00044875705,0.00079959957,0.014166618,0.0054967874,0.0011671782,0.00071054953,0.009024555,0.004941016,0.0011435939,0.00072978076,0.011252596,0.006387637,0.0014851311,0.001026906,0.017583784,0.009149719,0.002141061,0.0012947151,0.016910816,0.009898602,0.002304454,0.0012847467,0.0183949,0.010107705,0.002320634,0.0012969936
4052,/home/jupyter/dent_outputs/isic2019_v2/melanoma/hairs/seed4052/lambda_t_star5/style.png,0.00033042952,0.005375762,0.061632402,0.0030053915,0.99116874,0.0021155605,0.03328688,0.0013333224,0.92448246,0.007694318,0.19262637,0.006243203,0.971401,0.0092431465,0.0688013,0.0051148236,0.9617054,0.0094589135,0.07849536,0.0055339313,0.95260966,0.009358175,0.071103156,0.0053627035,0.9184853,0.009316863,0.06884028,0.0056852275,0.049531814,0.006270229,0.06379756,0.0049342145,0.00040145044,0.006191235,0.06825826,0.0032650882,0.00036101983,0.005553413,0.05870611,0.0031397166
4324,/home/jupyter/dent_outputs/isic2019_v2/melanoma/hairs/seed4324/lambda_t_star5/style.png,0.0044515124,0.014396328,0.076290175,0.006776163,0.9404503,0.03659479,0.07277612,0.013510842,0.10022869,0.007960985,0.0684998,0.0069379616,0.92240626,0.030524574,0.10638307,0.016795786,0.77305084,0.05203935,0.13518882,0.019507324,0.3422842,0.05436425,0.21698552,0.021377465,0.09688586,0.040610176,0.18089058,0.015545429,0.015901115,0.024129562,0.09727261,0.008452358,0.008761487,0.017321227,0.09798894,0.007923269,0.005007014,0.014728953,0.08036097,0.0068886457
4190,/home/jupyter/dent_outputs/isic2019_v2/melanoma/hairs/seed4190/lambda_t_star5/style.png,0.00027733468,0.02645381,0.18301137,0.003075842,0.0014447742,0.0859837,0.1166218,0.0030477843,0.0024952118,0.09931406,0.21615791,0.0033267082,0.23137423,0.02052683,0.38743713,0.0033865804,0.21563618,0.022289313,0.30383423,0.0033762162,0.16395596,0.022683538,0.2742954,0.0036132827,0.0007300774,0.038018923,0.19179499,0.0034460644,0.00048822537,0.034071945,0.1897495,0.0035810904,0.00032230068,0.02838077,0.18203852,0.0031553633,0.00029109517,0.027004113,0.18330258,0.0032106494
4526,/home/jupyter/dent_outputs/isic2019_v2/melanoma/hairs/seed4526/lambda_t_star5/style.png,0.00031477146,0.0013866507,0.009268538,0.0007090238,0.013996011,0.017478716,0.054415803,0.0025693963,0.011006987,0.009500097,0.023493217,0.0020900639,0.0057709776,0.005765503,0.01614435,0.001897347,0.003404039,0.004268242,0.013355638,0.001484275,0.0024610243,0.0036294383,0.010493486,0.001239306,0.0014492734,0.0036017888,0.0110030845,0.0011368266,0.0007601565,0.0024863596,0.011279429,0.00089156406,0.00044375978,0.0019585115,0.010172216,0.00076553004,0.00038588955,0.0019110189,0.010973588,0.0008016397
4986,/home/jupyter/dent_outputs/isic2019_v2/melanoma/hairs/seed4986/lambda_t_star5/style.png,0.015048155,0.026238305,0.0005364663,0.0009901997,0.9420761,0.0026667605,0.000566119,0.0013803126,0.3217564,0.03437305,0.016220037,0.017428009,0.8625502,0.0014154441,0.000618497,0.00078210654,0.12976801,0.0037874975,0.0014281266,0.0013813976,0.21001418,0.004656953,0.0011648994,0.0014818071,0.072453886,0.0065373136,0.0012032052,0.0017865356,0.031271063,0.018533723,0.0007780055,0.0012484863,0.027664114,0.025261369,0.0005987467,0.0010581289,0.018550457,0.030633515,0.00055935123,0.0010209316
4156,/home/jupyter/dent_outputs/isic2019_v2/melanoma/hairs/seed4156/lambda_t_star5/style.png,0.7888856,0.0020534308,0.0006911926,0.0008967244,0.946676,0.00021261511,0.0003598157,0.00066152716,0.90424716,0.0006246507,0.00040539965,0.0005870071,0.8957807,0.0004648695,0.0003244801,0.000511636,0.91309386,0.00037214655,0.00029634873,0.0004861481,0.94805425,0.0019216816,0.0016650432,0.0016023712,0.920332,0.0020107909,0.0011155445,0.0012650646,0.85468644,0.0031734128,0.0007337973,0.000871117,0.855355,0.0025119674,0.0006085557,0.0008657145,0.82604295,0.0023897635,0.0007230771,0.0009566547
4462,/home/jupyter/dent_outputs/isic2019_v2/melanoma/hairs/seed4462/lambda_t_star5/style.png,0.00021178879,0.017262043,0.003069793,0.0004217037,0.45771745,0.006644672,0.0018850189,0.00095378386,0.3566024,0.0057832645,0.0021670125,0.0005869279,0.5552175,0.0049460116,0.001374095,0.0005531684,0.54899794,0.006022106,0.0017158327,0.0005878816,0.6057598,0.015452777,0.0016759082,0.00068127917,0.08014131,0.017851723,0.0012957532,0.00043596685,0.0009032742,0.023465836,0.0038445247,0.00070289685,0.00041878148,0.02089,0.0030736364,0.0005150096,0.000273095,0.01910511,0.003029871,0.0004648731
4370,/home/jupyter/dent_outputs/isic2019_v2/melanoma/hairs/seed4370/lambda_t_star5/style.png,0.0014114381,0.0038639782,0.1180923,0.07593764,0.98976266,0.004940062,0.085436694,0.0070132567,0.9873374,0.0044961274,0.0667955,0.007221316,0.98324066,0.0045844684,0.07255804,0.0075460053,0.9642956,0.0042266576,0.06625214,0.007975094,0.5844289,0.0040162,0.07265003,0.035308275,0.060119227,0.0055322647,0.08096901,0.053273167,0.0024694062,0.004478773,0.12335303,0.07122998,0.001648848,0.003970193,0.11764278,0.06580755,0.0014678793,0.003999913,0.12954219,0.080448784
4385,/home/jupyter/dent_outputs/isic2019_v2/melanoma/hairs/seed4385/lambda_t_star5/style.png,0.020370899,0.65277,0.04929365,0.014985644,0.99533695,0.08174189,0.07988118,0.0077415537,0.7804204,0.46850112,0.043900304,0.01964075,0.8268083,0.6097524,0.054158155,0.024030225,0.8074986,0.6723363,0.0545214,0.02341391,0.4468761,0.7753364,0.0500757,0.022521485,0.2048936,0.78760755,0.04046581,0.017970005,0.0915451,0.76461834,0.03739667,0.015613721,0.049073126,0.717479,0.044026777,0.015293488,0.022907605,0.67655736,0.049002305,0.015213719
4886,/home/jupyter/dent_outputs/isic2019_v2/melanoma/hairs/seed4886/lambda_t_star5/style.png,0.0013125283,0.004084664,0.013369035,0.005213674,0.82621646,0.006494029,0.02705582,0.0032415572,0.9899541,0.0039058123,0.010899002,0.0017105662,0.98738563,0.0032537698,0.009776885,0.001543681,0.7265426,0.004113407,0.022819845,0.0029557394,0.7973762,0.0040737945,0.01869194,0.0028400684,0.45070165,0.0052179596,0.023836521,0.004440904,0.024649868,0.0027823932,0.008623594,0.003197575,0.008392227,0.0029139218,0.009178586,0.0037503361,0.0019219844,0.0039021184,0.011326258,0.0050149434
4747,/home/jupyter/dent_outputs/isic2019_v2/melanoma/hairs/seed4747/lambda_t_star5/style.png,0.00041339963,0.010739057,0.003986282,0.0007820723,0.0067921416,0.017760448,0.0028766447,0.00067425607,0.0025285098,0.015449954,0.0024600565,0.00078383303,0.0023281334,0.011113918,0.0035884907,0.0008337172,0.0017411652,0.009539248,0.0032551808,0.0007557206,0.0009478303,0.009874088,0.0030932026,0.0006762042,0.0007816916,0.011578028,0.002485742,0.00056248973,0.0008353652,0.013588853,0.002528582,0.0006722942,0.0007057744,0.014204021,0.0033641302,0.0008373026,0.0004496518,0.011558804,0.0034951693,0.00074538443
4716,/home/jupyter/dent_outputs/isic2019_v2/melanoma/hairs/seed4716/lambda_t_star5/style.png,0.309154,0.20121194,0.0028293033,0.0028612143,0.9996413,0.00048818628,0.0001965146,0.0002761271,0.87766546,0.110312216,0.0022115232,0.0025046696,0.8752698,0.0967949,0.0008528998,0.0011188292,0.66550636,0.11211707,0.0008374438,0.0011894687,0.84283763,0.094081886,0.0009786679,0.0012721677,0.57283,0.092898965,0.0015756673,0.0018873042,0.31516132,0.1271654,0.0019999023,0.0023064965,0.27378848,0.16712797,0.0025051415,0.0027728437,0.28845236,0.1810299,0.002664405,0.0027428833
4837,/home/jupyter/dent_outputs/isic2019_v2/melanoma/hairs/seed4837/lambda_t_star5/style.png,0.0015507437,0.058700483,0.018335521,0.0027102884,0.012758551,0.078043744,0.0117859375,0.00399896,0.019490331,0.07312845,0.005074815,0.0017991848,0.026558567,0.06219165,0.0072752954,0.0016006451,0.018142682,0.11130746,0.008464816,0.002034658,0.008662634,0.06833449,0.0114646945,0.0019974427,0.0029112576,0.057148676,0.009644204,0.0016520204,0.0022173391,0.05864412,0.0130063975,0.0021814313,0.0019390022,0.06380006,0.013626193,0.0022639406,0.0016041115,0.058411933,0.016529161,0.0024941345
4580,/home/jupyter/dent_outputs/isic2019_v2/melanoma/hairs/seed4580/lambda_t_star5/style.png,0.0023201418,0.0021221915,0.067760855,0.0032561803,0.9995741,0.004552845,0.022413991,0.0014923277,0.99867094,0.003303292,0.022058086,0.0015748881,0.99955946,0.005108853,0.023551619,0.0015629713,0.99653447,0.0027982448,0.024761345,0.0014191241,0.99809736,0.0026151177,0.017616088,0.0011778729,0.94532126,0.0012965674,0.013985945,0.00091931457,0.012257343,0.0012830335,0.02832942,0.0017474565,0.003424648,0.0024297058,0.065884,0.0033814714,0.0026340943,0.0021790203,0.0654718,0.0031164496
4500,/home/jupyter/dent_outputs/isic2019_v2/melanoma/hairs/seed4500/lambda_t_star5/style.png,0.0003110814,0.009479962,0.031496406,0.0016778056,0.9981431,0.006400737,0.065905795,0.0010876314,0.9985989,0.0057432195,0.09520646,0.0012279699,0.9986418,0.005627796,0.09684365,0.0010491313,0.9983783,0.006550588,0.14924668,0.0011644524,0.9988927,0.0071701505,0.10585654,0.0010416484,0.9965829,0.0058846856,0.13246828,0.001218626,0.28879458,0.006400912,0.056860205,0.0012934031,0.00057704304,0.009277098,0.043655723,0.0019301653,0.000357407,0.009624589,0.03056931,0.0016368554
4061,/home/jupyter/dent_outputs/isic2019_v2/melanoma/hairs/seed4061/lambda_t_star5/style.png,0.0025839193,0.009319592,0.1720197,0.0028239805,0.9968348,0.0040934198,0.086073965,0.0010257679,0.9951332,0.011950222,0.095338956,0.00140435,0.9927636,0.02106203,0.10155172,0.0020722777,0.996135,0.014822699,0.10773834,0.0021004896,0.9916402,0.016597265,0.1118347,0.0020297957,0.81568235,0.014234416,0.16086277,0.0020941363,0.13717088,0.013429664,0.16413204,0.002394724,0.006165082,0.010234102,0.20021209,0.002887808,0.0027087012,0.0104922,0.19202426,0.0029571124
4764,/home/jupyter/dent_outputs/isic2019_v2/melanoma/hairs/seed4764/lambda_t_star5/style.png,0.0012066966,0.0031280632,0.0042475606,0.00019745465,0.9995197,0.0011238449,0.0062897084,0.00052823895,0.9997545,0.004737909,0.005124859,0.0006139176,0.99994445,0.016287068,0.0033409772,0.00052981975,0.99983656,0.010583703,0.0023201075,0.0005516883,0.9920804,0.005155953,0.006193181,0.00060034666,0.63440627,0.0056834244,0.0034097265,0.00041603102,0.017191308,0.0037606964,0.0022263613,0.00025648382,0.0014417553,0.0027868806,0.0029335804,0.00016657097,0.0018354694,0.0031971587,0.0035532298,0.00019366488
4680,/home/jupyter/dent_outputs/isic2019_v2/melanoma/hairs/seed4680/lambda_t_star5/style.png,0.0011092235,0.0017870417,0.009741268,0.0021051583,0.44436458,0.005046096,0.0233639,0.0026550095,0.4857564,0.0044915047,0.029119045,0.0030082904,0.4882739,0.0042197495,0.026925957,0.002895127,0.5083253,0.004167766,0.022603966,0.0028094475,0.56574005,0.004860113,0.013735898,0.002129137,0.7660429,0.006820724,0.007885801,0.002172299,0.0028279526,0.0047649564,0.009695956,0.0023355414,0.0016748218,0.0025166494,0.009490826,0.0019702541,0.001369962,0.0020473048,0.010380342,0.0021334481
4726,/home/jupyter/dent_outputs/isic2019_v2/melanoma/hairs/seed4726/lambda_t_star5/style.png,0.05879831,0.061016437,0.001567253,0.0009077469,0.23477517,0.02936593,0.0013184512,0.00091753417,0.5901831,0.026527464,0.0017351417,0.0011865507,0.48484233,0.03019906,0.0016061838,0.0010276884,0.15707166,0.039830584,0.0015967983,0.0010293969,0.07833696,0.05196613,0.0014585096,0.0010999481,0.05522255,0.1041656,0.001573769,0.00127196,0.08106735,0.08765892,0.0012920038,0.0009840924,0.08645511,0.064024344,0.0013191655,0.000879628,0.06812875,0.059144344,0.001469082,0.0008910995
4612,/home/jupyter/dent_outputs/isic2019_v2/melanoma/hairs/seed4612/lambda_t_star5/style.png,0.0008056509,0.03103922,0.030549332,0.007264844,0.023038648,0.31440547,0.060318142,0.027939105,0.03697578,0.097019926,0.07628004,0.03170533,0.036243375,0.12134647,0.085493356,0.034024175,0.025064044,0.07154741,0.04872501,0.019645479,0.009287868,0.05351495,0.04467975,0.016114905,0.0024268483,0.039726846,0.034936912,0.01122681,0.0017879768,0.03686905,0.034281503,0.00897328,0.0011384055,0.029445833,0.03218977,0.0076233237,0.00087232975,0.030214775,0.034276865,0.0075331097
4673,/home/jupyter/dent_outputs/isic2019_v2/melanoma/hairs/seed4673/lambda_t_star5/style.png,0.0019300852,0.0040362887,0.0060373554,0.0016971105,0.99381,0.0035041643,0.007376527,0.0012020688,0.58044535,0.0015174465,0.0054451795,0.0009714725,0.5741837,0.0010115741,0.0047384305,0.0009237481,0.5798719,0.00092622597,0.0035735571,0.00079314696,0.7663795,0.0013008788,0.0052722557,0.00090292486,0.7918772,0.0012632728,0.003680596,0.0007320609,0.58148915,0.0013599925,0.0031400945,0.0007219153,0.12652418,0.0015411635,0.0026096907,0.0007947407,0.0038465783,0.00292141,0.0049425047,0.0014667469
4541,/home/jupyter/dent_outputs/isic2019_v2/melanoma/hairs/seed4541/lambda_t_star5/style.png,0.40007463,0.001590028,0.0007322967,0.000576027,0.75934094,0.00029160737,0.00029203587,0.00018618155,0.8543543,0.00030474082,0.0002626369,0.00020184134,0.6116648,0.0010689431,0.00041876573,0.00033470333,0.5319708,0.0017473708,0.000625024,0.00050442945,0.63021934,0.00068439305,0.00022821472,0.00017652333,0.4431383,0.0014042566,0.0004126124,0.00033811573,0.42865676,0.0017973704,0.0005333399,0.0004670615,0.39994347,0.0019700327,0.0006521944,0.0005646056,0.42081407,0.001862633,0.0007471631,0.000603157
4065,/home/jupyter/dent_outputs/isic2019_v2/melanoma/hairs/seed4065/lambda_t_star5/style.png,0.04199776,0.017072085,0.0015805885,0.00065052323,0.19301996,0.0031542582,0.0006307251,0.00030325312,0.34122053,0.006825901,0.0012451173,0.00064211676,0.19530013,0.011328592,0.0025200478,0.0009548627,0.15661414,0.01537247,0.0015917132,0.00085124513,0.05704982,0.015470016,0.0012146813,0.0005413797,0.044622958,0.014604719,0.0011643659,0.00048315816,0.052953675,0.016964247,0.0014274075,0.0005903736,0.056090586,0.018011393,0.0016136535,0.00063467235,0.046936464,0.017926719,0.001673738,0.00065818534
4495,/home/jupyter/dent_outputs/isic2019_v2/melanoma/hairs/seed4495/lambda_t_star5/style.png,0.044203814,0.012795024,0.033308852,0.005269925,0.96671975,0.004622494,0.050835878,0.004239187,0.878204,0.008483278,0.51893604,0.004569288,0.99129105,0.011131106,0.026426947,0.002015579,0.9702688,0.0064681154,0.7951201,0.0028651322,0.9806215,0.0049914923,0.06411155,0.0035668497,0.9545484,0.0061374432,0.026611703,0.0037529117,0.14687787,0.0109110465,0.025367592,0.0049665202,0.043572024,0.014510307,0.028196562,0.005471819,0.050798744,0.015793482,0.034754504,0.0053862585
4213,/home/jupyter/dent_outputs/isic2019_v2/melanoma/hairs/seed4213/lambda_t_star5/style.png,0.000113465685,0.004016446,0.0020876813,0.0007254307,0.9928598,0.0039965142,0.00072874007,0.0010256652,0.9918901,0.002674836,0.0018303266,0.001974772,0.9244543,0.003579719,0.0022026845,0.0013222081,0.59081393,0.0045222472,0.0012181295,0.0013323025,0.2693738,0.007184071,0.0014582382,0.001615882,0.0062976168,0.008043586,0.001986942,0.0014458058,0.00041936053,0.0054262327,0.0024905305,0.0010489194,0.00018073437,0.0056113536,0.002344409,0.0009338688,0.00013543811,0.004820785,0.0021455614,0.0007682534
4699,/home/jupyter/dent_outputs/isic2019_v2/melanoma/hairs/seed4699/lambda_t_star5/style.png,0.0015076179,0.0010906777,0.007256709,0.0013990526,0.9848428,0.0037289115,0.008610214,0.001203161,0.9783368,0.0030985624,0.009263342,0.0012019033,0.9775908,0.0022299392,0.009038758,0.0010936772,0.9755553,0.0021213405,0.005868437,0.0009918384,0.95292693,0.0015297265,0.0028585,0.0007954169,0.2679101,0.0016860755,0.0031001389,0.0011465406,0.003501195,0.0012325593,0.0054067355,0.0014301118,0.0019856575,0.0012151732,0.007106801,0.0014761566,0.0018376099,0.001038093,0.0070978766,0.0014200967
4780,/home/jupyter/dent_outputs/isic2019_v2/melanoma/hairs/seed4780/lambda_t_star5/style.png,0.0040788543,0.051385287,0.006818689,0.003160234,0.99981076,0.009417188,0.0007526991,0.0004731752,0.99946076,0.0026622454,0.00029679036,0.00022545372,0.99933535,0.006117645,0.0003780035,0.00026077553,0.9529312,0.007259588,0.0006744614,0.00049873645,0.5122058,0.0058458634,0.00078001287,0.0006350953,0.089424506,0.01217712,0.0022668445,0.0009832195,0.012794993,0.03242902,0.0046801986,0.0021720044,0.003350616,0.05003002,0.0066173924,0.0033058547,0.0034875765,0.05405254,0.006867003,0.0034233348
4511,/home/jupyter/dent_outputs/isic2019_v2/melanoma/hairs/seed4511/lambda_t_star5/style.png,0.018122697,0.041397292,0.008724134,0.0025685495,0.45936412,0.006961474,0.006886174,0.0020009617,0.24765085,0.008039102,0.008815449,0.002301566,0.20130822,0.0055587348,0.0058039823,0.0018888975,0.22388421,0.014831218,0.007641978,0.0025312928,0.14427438,0.01654627,0.008638769,0.0022107698,0.056738153,0.023929397,0.010881564,0.0028374416,0.022775074,0.027828764,0.011288707,0.0030354348,0.023707025,0.034629643,0.009142053,0.0029177913,0.02151829,0.04048203,0.008840123,0.0027557241
4184,/home/jupyter/dent_outputs/isic2019_v2/melanoma/hairs/seed4184/lambda_t_star5/style.png,0.028439183,0.0031170957,0.013820571,0.007909457,0.9891558,0.006508245,0.0030715256,0.002503612,0.9919023,0.008590747,0.003670229,0.0028313366,0.9811267,0.007986978,0.0045058937,0.003578,0.96279913,0.0072862934,0.005438181,0.003865906,0.94915015,0.0067038,0.00608533,0.0042959745,0.620991,0.0056052236,0.0068811476,0.0052490425,0.47935134,0.005614267,0.008197573,0.0067470786,0.07406576,0.0032585955,0.00819076,0.006927518,0.038586944,0.0031951154,0.011472327,0.0076253912
4884,/home/jupyter/dent_outputs/isic2019_v2/melanoma/hairs/seed4884/lambda_t_star5/style.png,0.007634814,0.015137474,0.0014455416,0.0005568954,0.08754216,0.005449502,0.0014177933,0.0008763958,0.08300205,0.0020464521,0.0005475795,0.0003432136,0.100594155,0.011129767,0.0010807522,0.0005673262,0.0074070515,0.013865512,0.002740496,0.0007042838,0.0038357766,0.033451516,0.0009625528,0.00032622204,0.0045229346,0.01989183,0.0012695192,0.0004895973,0.008718004,0.020548286,0.0012160884,0.00054748106,0.009649944,0.017958682,0.0013008516,0.0005464085,0.008756069,0.01812402,0.0012830886,0.00052377145
4953,/home/jupyter/dent_outputs/isic2019_v2/melanoma/hairs/seed4953/lambda_t_star5/style.png,0.001856277,0.017289696,0.24872294,0.021618428,0.3307784,0.005964477,0.6255456,0.011193552,0.8222285,0.018253868,0.6511084,0.015695103,0.8586926,0.022748642,0.58793825,0.01715781,0.84833807,0.026709104,0.5933861,0.018984785,0.7763973,0.034083344,0.40839022,0.021241799,0.4938925,0.030145423,0.23537883,0.018665675,0.0036270048,0.02245068,0.21154565,0.021539383,0.0035670549,0.022730988,0.28148422,0.028061204,0.0021603885,0.018189374,0.23780993,0.022978457
4571,/home/jupyter/dent_outputs/isic2019_v2/melanoma/hairs/seed4571/lambda_t_star5/style.png,0.09917709,0.03375505,0.015756037,0.013570298,0.016215434,0.026564227,0.0011640753,0.0013443186,0.041243788,0.04520887,0.0057217283,0.0056705885,0.15751277,0.0516112,0.013913529,0.01385975,0.14310256,0.038815856,0.017109718,0.014728801,0.122742824,0.034971647,0.013993906,0.012905661,0.15727736,0.03385248,0.0142096225,0.0145150125,0.13509648,0.025713665,0.01187289,0.011038446,0.12153998,0.032613534,0.012855008,0.012331105,0.10400723,0.034011588,0.014409141,0.013386342
4533,/home/jupyter/dent_outputs/isic2019_v2/melanoma/hairs/seed4533/lambda_t_star5/style.png,0.0055902703,0.016608318,0.13661744,0.0026348701,0.9798529,0.02745486,0.33325744,0.0043103043,0.9964367,0.018873857,0.20756586,0.003219588,0.9974196,0.016753169,0.21655281,0.0028350912,0.9949622,0.01650765,0.15247735,0.0027906548,0.9977533,0.024282243,0.16018952,0.0033586607,0.99862695,0.028428784,0.12732214,0.003145692,0.94762534,0.02167553,0.099267945,0.00327109,0.31416303,0.019033762,0.11678991,0.003334255,0.028360646,0.015226971,0.11611415,0.0027194289
4736,/home/jupyter/dent_outputs/isic2019_v2/melanoma/hairs/seed4736/lambda_t_star5/style.png,0.00418524,0.14690512,0.026053645,0.005380172,0.39646763,0.13897012,0.022552146,0.004338638,0.49287197,0.13704404,0.02152888,0.003911391,0.53631175,0.13257408,0.017496355,0.0034576105,0.5474984,0.124566525,0.017758219,0.0031123902,0.5656472,0.12433126,0.017720878,0.00305298,0.577371,0.11963948,0.014562165,0.002830552,0.0061167893,0.20297074,0.030438945,0.0063683908,0.0048235515,0.17099467,0.02930349,0.005708061,0.004400426,0.14879769,0.025627956,0.005261815
4538,/home/jupyter/dent_outputs/isic2019_v2/melanoma/hairs/seed4538/lambda_t_star5/style.png,0.032116808,0.031353828,0.0037034631,0.0015298073,0.7299437,0.09652097,0.0021623252,0.0018016074,0.71139705,0.07174442,0.0021740124,0.0011620461,0.61115897,0.026664434,0.001279068,0.0007069814,0.5969104,0.015729882,0.0014939422,0.0007340732,0.5382636,0.020557167,0.0021102328,0.000887355,0.45046577,0.034362778,0.003309919,0.0013428683,0.21102636,0.040608484,0.0037996196,0.0016345193,0.04665343,0.043669738,0.0037139072,0.0016554198,0.03922025,0.037833575,0.0042076726,0.0017546444
4092,/home/jupyter/dent_outputs/isic2019_v2/melanoma/hairs/seed4092/lambda_t_star5/style.png,0.0009232031,0.0013782019,0.03259821,0.002518901,0.0017440203,0.0031482277,0.021853695,0.0035540503,0.00096595514,0.0028528895,0.02196365,0.0030981088,0.00082987617,0.002311203,0.026326455,0.002559227,0.00088395254,0.0019737629,0.028433822,0.0024547183,0.0010803023,0.0018442334,0.03793824,0.0026727607,0.0010867448,0.0015615969,0.036229335,0.0026626952,0.0010848421,0.001402543,0.0332307,0.0025805528,0.0010617453,0.0013562758,0.032563347,0.002700832,0.0008951631,0.001255219,0.033101816,0.0024058472
4706,/home/jupyter/dent_outputs/isic2019_v2/melanoma/hairs/seed4706/lambda_t_star5/style.png,0.019650552,0.036877833,0.0010519379,0.0008884942,0.037719585,0.07201962,0.0040033325,0.0030034804,0.024258519,0.056459486,0.0022212511,0.001835321,0.027301634,0.045908414,0.0021508264,0.0016781586,0.017081603,0.051373757,0.0019072682,0.001550901,0.016363498,0.067500934,0.0022768085,0.0017555074,0.034356717,0.06090818,0.0012405306,0.0010445273,0.032574743,0.047093995,0.0010438891,0.00088003045,0.02686243,0.036723245,0.0010019214,0.00085731805,0.020109216,0.03383179,0.0010418077,0.00088824786
4435,/home/jupyter/dent_outputs/isic2019_v2/melanoma/hairs/seed4435/lambda_t_star5/style.png,0.0016231202,0.05926525,0.07056737,0.007441738,0.6377299,0.036551125,0.032325078,0.006937206,0.62842244,0.047174267,0.04105578,0.009118551,0.6835643,0.046080086,0.0516785,0.0089583155,0.54315424,0.054341372,0.0572143,0.009761616,0.4951228,0.048848383,0.06838948,0.00974852,0.17732702,0.046271473,0.06371457,0.008144306,0.009202742,0.048462175,0.07335628,0.0068165837,0.002377307,0.07334111,0.07924591,0.007924011,0.0017960944,0.06452596,0.0756421,0.0076416787
4135,/home/jupyter/dent_outputs/isic2019_v2/melanoma/hairs/seed4135/lambda_t_star5/style.png,0.0009660605,0.0024899004,0.022394259,0.0018913173,0.006097432,0.0021745346,0.017224565,0.0022293897,0.008538076,0.0031140225,0.028259879,0.0025010745,0.0064172884,0.0025896118,0.019523202,0.0020469148,0.0042963396,0.0028933117,0.018699292,0.0023333458,0.001881945,0.0019554212,0.024588315,0.0018661087,0.0015367805,0.0030856335,0.020453077,0.0020347328,0.0011057805,0.0028307724,0.02032106,0.0017204497,0.0010518268,0.0026806388,0.019556174,0.0018038574,0.0010935814,0.0025361748,0.019920465,0.0019117586
4331,/home/jupyter/dent_outputs/isic2019_v2/melanoma/hairs/seed4331/lambda_t_star5/style.png,0.041200154,0.23492415,0.00059649197,0.00045825547,0.9968765,0.08126171,0.0003119965,0.00047989862,0.9937588,0.16688085,0.00021890373,0.00041003863,0.9950127,0.16426365,0.00035536342,0.000543437,0.99226224,0.14614595,0.0005574389,0.00077792804,0.7339504,0.184197,0.0004828757,0.0005806806,0.043619324,0.24035873,0.0005802952,0.00048747245,0.03506739,0.27309272,0.0007129802,0.0006293656,0.037316583,0.26719433,0.0007017216,0.0005734368,0.04293549,0.2593135,0.00069098576,0.00053655787
4972,/home/jupyter/dent_outputs/isic2019_v2/melanoma/hairs/seed4972/lambda_t_star5/style.png,0.056092836,0.021687336,0.0029906584,0.0010753957,0.1908816,0.004354831,0.0013219751,0.00048023797,0.28230175,0.016379446,0.0011716869,0.0006092449,0.28630054,0.012410062,0.0011781579,0.0005945822,0.16898462,0.016668517,0.0012090679,0.00062706677,0.08626573,0.033481177,0.0019613851,0.0010807856,0.09117713,0.022786172,0.0020234864,0.00088685757,0.064667165,0.02223631,0.0016756776,0.000721438,0.05951103,0.023829328,0.0021127558,0.00087775633,0.05992945,0.024897309,0.0028669706,0.0011091395
4867,/home/jupyter/dent_outputs/isic2019_v2/melanoma/hairs/seed4867/lambda_t_star5/style.png,0.13666296,0.022372153,0.00016243318,0.0004518397,0.80522597,0.0032242783,0.00012971343,0.00036378056,0.8188666,0.0006117072,0.00011976566,0.00021846211,0.9186842,0.0012274857,0.00019806728,0.00034235723,0.7257418,0.0030192367,0.00011792347,0.000254591,0.3334512,0.017783338,0.00017163748,0.00052901363,0.1994723,0.021310447,0.00017152722,0.00053896004,0.13803995,0.018755708,0.00013619027,0.00043285958,0.14040494,0.021229586,0.00015071321,0.0004482141,0.14064468,0.022865754,0.00015018499,0.00043258633
4902,/home/jupyter/dent_outputs/isic2019_v2/melanoma/hairs/seed4902/lambda_t_star5/style.png,0.009878283,0.034401637,0.00074779097,0.0005084467,0.14620858,0.01082915,0.0015213826,0.0010863629,0.20512299,0.046911754,0.0009873657,0.00030743223,0.04582382,0.045048352,0.00092492386,0.00046952427,0.02368677,0.06259755,0.0012035439,0.00076384237,0.018932827,0.026710782,0.0008814553,0.0005692825,0.009704118,0.039341647,0.000804358,0.00048431623,0.01259403,0.03509419,0.0007143067,0.0005087253,0.013082348,0.032439444,0.0006946933,0.00053644023,0.010891566,0.032857392,0.00068787934,0.00049953506
4245,/home/jupyter/dent_outputs/isic2019_v2/melanoma/hairs/seed4245/lambda_t_star5/style.png,0.00038282128,0.009800701,0.08717873,0.0040266598,0.9528239,0.016170075,0.29295534,0.0048143403,0.86810905,0.029054204,0.3671394,0.006445091,0.063972004,0.03767295,0.12018816,0.009210453,0.043622952,0.027797602,0.1281568,0.0073928353,0.048881184,0.027911194,0.16426526,0.0072909854,0.08629095,0.021873023,0.18278275,0.006591726,0.028908907,0.013448718,0.1667054,0.005917531,0.00073627697,0.010376874,0.09622485,0.004685993,0.00047240822,0.0098981485,0.091692924,0.0041327216
4996,/home/jupyter/dent_outputs/isic2019_v2/melanoma/hairs/seed4996/lambda_t_star5/style.png,0.5143816,0.023954248,0.0013589541,0.002316134,0.7304885,0.05047544,0.0035463164,0.0054112757,0.81076604,0.046176694,0.0016079351,0.0023544591,0.8557194,0.026182717,0.0016408891,0.0020487518,0.8732055,0.024460606,0.0010615684,0.0012396235,0.88651544,0.014197197,0.00078118854,0.0013733539,0.76104057,0.030447122,0.001245953,0.0018490384,0.6934915,0.027899392,0.001276373,0.0020723771,0.61037135,0.027501596,0.0013628309,0.0021489228,0.5422024,0.02780116,0.0014339281,0.0023750283
4930,/home/jupyter/dent_outputs/isic2019_v2/melanoma/hairs/seed4930/lambda_t_star5/style.png,0.88946515,0.0025595229,9.9616154e-05,0.0002657981,0.93830144,0.0026566351,0.0001846882,0.00054816797,0.9363078,0.0028406817,0.00016489162,0.00048611476,0.93237305,0.0026713947,0.0001916501,0.0005047099,0.94237334,0.0012882071,0.00016362345,0.00037079008,0.9295825,0.0021586888,9.236985e-05,0.00025057993,0.9323875,0.0021196564,7.491499e-05,0.00023638834,0.92266446,0.0027523795,8.442381e-05,0.0002637518,0.91286623,0.0030771845,9.4474686e-05,0.00028720216,0.9061941,0.0028278425,0.000102644204,0.00027755238
4275,/home/jupyter/dent_outputs/isic2019_v2/melanoma/hairs/seed4275/lambda_t_star5/style.png,0.0019791073,0.0035182943,0.027078915,0.0011564377,0.049168,0.0020862562,0.035774346,0.00063848094,0.028754568,0.002707891,0.022187855,0.0006686023,0.0028382365,0.004233937,0.020380864,0.00087440066,0.02202531,0.005267262,0.03202802,0.0011104294,0.0027912068,0.0059599443,0.03093074,0.0013182749,0.002544276,0.0053898846,0.03791752,0.0014824232,0.002172915,0.004933975,0.03123361,0.0015664763,0.0021264178,0.0042853057,0.028112624,0.0013419873,0.002096629,0.0037466537,0.025970822,0.0011787849
4755,/home/jupyter/dent_outputs/isic2019_v2/melanoma/hairs/seed4755/lambda_t_star5/style.png,0.000389026,0.017904721,0.110564195,0.0021434685,0.0031851637,0.021385167,0.03560516,0.0031064851,0.0034493888,0.022970071,0.071374714,0.0033091512,0.0018609805,0.021720493,0.09806414,0.0040808967,0.0019864691,0.023184126,0.14912608,0.0040774117,0.0011550247,0.024573782,0.14743918,0.0034901013,0.0009412268,0.025306929,0.14682806,0.0034040355,0.0006775157,0.026154822,0.13454284,0.0028700554,0.0005745813,0.025231797,0.123378575,0.0028189833,0.00046508893,0.01931223,0.11415465,0.0024650337
4811,/home/jupyter/dent_outputs/isic2019_v2/melanoma/hairs/seed4811/lambda_t_star5/style.png,0.0024059904,0.00046917525,0.005198193,0.0016907485,0.003894854,0.00052868016,0.004381623,0.0019119149,0.0036449996,0.00062407827,0.0047433246,0.0020562205,0.00346124,0.0005283545,0.0046657915,0.0017555159,0.0037012699,0.00048454507,0.004232164,0.0017821352,0.0034781992,0.0005193494,0.003831841,0.0016619944,0.0029046088,0.0004590192,0.0041512535,0.0016724516,0.002136341,0.00043372845,0.0038049242,0.0014772823,0.0025305974,0.00045291276,0.0042797583,0.0016122629,0.0025507994,0.00044864308,0.004330733,0.0016831468
4300,/home/jupyter/dent_outputs/isic2019_v2/melanoma/hairs/seed4300/lambda_t_star5/style.png,0.0023478353,0.03318635,0.024263142,0.00299918,0.97159404,0.056688625,0.039733596,0.0060877046,0.97661394,0.062962465,0.04360979,0.0064675882,0.9481508,0.057323698,0.03753767,0.0064731943,0.9604784,0.0370475,0.026640393,0.004913361,0.9034056,0.031630166,0.028744807,0.0042380923,0.7662439,0.04746491,0.032909904,0.004693429,0.3289033,0.048886735,0.02684617,0.004249259,0.0035991918,0.03762777,0.026444603,0.003181337,0.002909892,0.035383727,0.025550488,0.0030098583
4247,/home/jupyter/dent_outputs/isic2019_v2/melanoma/hairs/seed4247/lambda_t_star5/style.png,0.01065224,0.070727296,0.015257044,0.0035878103,0.89433724,0.0577251,0.09660038,0.009633515,0.5618537,0.056269992,0.020394122,0.0069378396,0.5257956,0.06687761,0.022736104,0.00636307,0.51758146,0.09286617,0.019644285,0.0067974897,0.28426942,0.06339615,0.011965691,0.0037934014,0.06732887,0.07908575,0.01049941,0.0034415005,0.024178505,0.08852366,0.011229065,0.0039187935,0.013930221,0.08202392,0.013288628,0.0037749922,0.0116419,0.0824573,0.014684532,0.003841529
4602,/home/jupyter/dent_outputs/isic2019_v2/melanoma/hairs/seed4602/lambda_t_star5/style.png,0.0004177952,0.012062885,0.03559847,0.0020611384,0.015622634,0.008208113,0.049379505,0.0040502925,0.01817662,0.007463822,0.034007493,0.0024023033,0.014893499,0.011273544,0.024107663,0.0020491858,0.0027368262,0.012243732,0.020005414,0.001704342,0.0020735983,0.01460805,0.025825057,0.0017499018,0.001299269,0.013518031,0.023858089,0.0017418616,0.00071325747,0.0130185345,0.022123804,0.0016965299,0.00056691136,0.014091172,0.02140049,0.0017844287,0.00044348976,0.011779946,0.02890222,0.0019105077
4777,/home/jupyter/dent_outputs/isic2019_v2/melanoma/hairs/seed4777/lambda_t_star5/style.png,0.0010255162,0.3883721,0.00077202934,0.0012220966,0.03125714,0.44339263,0.0014489029,0.00178241,0.007275623,0.7362338,0.001677336,0.0030988732,0.0053753057,0.6183188,0.0015606967,0.0025987457,0.0048016,0.54949874,0.0014877454,0.0025735178,0.004409462,0.50995266,0.0011958885,0.0023099708,0.0025147542,0.5000923,0.00087549316,0.0018507721,0.0023112448,0.4994222,0.000928112,0.0016985136,0.0015072958,0.4643194,0.0007855491,0.0013312978,0.0011994226,0.44520336,0.00078097347,0.0012577561
4141,/home/jupyter/dent_outputs/isic2019_v2/melanoma/hairs/seed4141/lambda_t_star5/style.png,0.0005850825,0.04543138,0.04034556,0.005268001,0.031118073,0.13456284,0.16563551,0.010293794,0.001506678,0.09817179,0.042501435,0.006112866,0.0014396317,0.10446891,0.046788283,0.0076539787,0.00091970735,0.074628994,0.055605337,0.0074665076,0.0006897187,0.05728232,0.05030888,0.0057295756,0.00065243366,0.053209342,0.04021146,0.0049655563,0.00067280314,0.054140203,0.04247926,0.0051332954,0.0007152614,0.05408534,0.044875894,0.005367482,0.00062366767,0.047583833,0.040749457,0.005082597
4139,/home/jupyter/dent_outputs/isic2019_v2/melanoma/hairs/seed4139/lambda_t_star5/style.png,0.0040662466,0.0036026053,0.019168375,0.0036020812,0.9266209,0.013214916,0.008918773,0.0013213885,0.12604922,0.007457586,0.006136658,0.0021958097,0.045173727,0.0053973407,0.009314773,0.002841707,0.020288901,0.0038630862,0.010822888,0.0030513054,0.0031468677,0.0036639716,0.012345933,0.0026581238,0.00348313,0.0043662777,0.013895811,0.0027335694,0.003851256,0.004265989,0.0146429185,0.002729178,0.0037021225,0.0036758638,0.018799232,0.0032650367,0.003488079,0.0037026077,0.021050163,0.0038085754
4714,/home/jupyter/dent_outputs/isic2019_v2/melanoma/hairs/seed4714/lambda_t_star5/style.png,0.9941042,0.0013412366,0.0019954436,0.0010814562,0.9952053,0.0006819389,0.0009989752,0.0006457474,0.9992865,0.0033732555,0.001088916,0.0007719013,0.99827266,0.0013472222,0.0011758478,0.00070909545,0.9934767,0.0011179779,0.0015535192,0.0009520552,0.99522156,0.0010020398,0.0012069448,0.0007881051,0.99170774,0.0017250478,0.001518021,0.0011983538,0.99163616,0.0015782996,0.0019760393,0.0012420577,0.9945261,0.0017250585,0.0020625424,0.0011530579,0.99474204,0.0015492389,0.0020443876,0.0011214563
4542,/home/jupyter/dent_outputs/isic2019_v2/melanoma/hairs/seed4542/lambda_t_star5/style.png,0.0011679634,0.0039608045,0.037673417,0.0024263922,0.10253292,0.011976147,0.041877385,0.0034149785,0.07080696,0.0121153,0.03653217,0.002806892,0.08186054,0.007351242,0.055489954,0.0027183793,0.088739134,0.007544299,0.05635296,0.0031749744,0.11030789,0.008405387,0.054557644,0.003189445,0.04564707,0.0066989115,0.061461806,0.0031855803,0.007113607,0.006317572,0.05341814,0.0033620512,0.0015663914,0.0040156734,0.042839173,0.0022653728,0.0013742023,0.004327658,0.039860908,0.0023487536
4973,/home/jupyter/dent_outputs/isic2019_v2/melanoma/hairs/seed4973/lambda_t_star5/style.png,0.023261119,0.0011210056,0.0012792196,0.00029114098,0.8796977,0.0022965109,0.00047997438,0.0003321011,0.74620605,0.00071602117,0.0005822853,0.00035493137,0.7508591,0.0017909638,0.0008170503,0.00046014463,0.67964655,0.004509238,0.00078363926,0.0006237235,0.29992265,0.0026341758,0.0009021315,0.00029358352,0.1340938,0.0017063357,0.0008910588,0.00021043913,0.039612927,0.0014240837,0.00083887146,0.000245271,0.02837249,0.0011000707,0.0010763218,0.0002554091,0.02760827,0.0011680946,0.001148396,0.00025832566
4368,/home/jupyter/dent_outputs/isic2019_v2/melanoma/hairs/seed4368/lambda_t_star5/style.png,0.02657965,0.0015405283,0.0028978554,0.0014034029,0.8235068,0.00046690146,0.0014838475,0.002167129,0.38806173,0.004158862,0.011739554,0.009543281,0.64120317,0.0014010946,0.0033400264,0.0027073182,0.3426657,0.0005178758,0.0021645701,0.0013060793,0.19729616,0.0018516437,0.0031006297,0.0030561865,0.118863955,0.0032625254,0.003154789,0.003442078,0.059646245,0.0028166869,0.003985199,0.0027805401,0.044486158,0.0017706503,0.0030574605,0.0016081518,0.031666476,0.001584753,0.0029180534,0.0014433023
4080,/home/jupyter/dent_outputs/isic2019_v2/melanoma/hairs/seed4080/lambda_t_star5/style.png,0.004077677,0.0025774427,0.002164263,0.002615191,0.55595684,7.262613e-05,0.00019256651,0.00013836553,0.68404096,5.7234072e-05,0.00015150539,0.00012036949,0.7636168,3.2306496e-05,0.00012126879,9.444964e-05,0.5844638,9.008879e-05,0.00024042568,0.00018888585,0.020259593,0.006046281,0.0021345883,0.0034232682,0.009138093,0.0049685705,0.002432303,0.0030783901,0.009972505,0.0043423967,0.0032154417,0.0043020444,0.008282702,0.004390644,0.0031456712,0.0041905115,0.0054471046,0.0030567225,0.002489834,0.0030700837
4293,/home/jupyter/dent_outputs/isic2019_v2/melanoma/hairs/seed4293/lambda_t_star5/style.png,0.00074890815,0.00764586,0.020448707,0.0035403545,0.981029,0.0027172973,0.08723358,0.0031567197,0.23222642,0.0038609602,0.022150157,0.0032719793,0.051884986,0.0026644936,0.018209489,0.0013732648,0.008971847,0.0052916193,0.022742748,0.002155096,0.0065563405,0.006531751,0.030337883,0.0029237194,0.0018183144,0.009317681,0.0320616,0.0044193836,0.0015153454,0.011749792,0.032699283,0.0048849117,0.00102067,0.009828663,0.027737755,0.004587425,0.0008313661,0.007682615,0.021649923,0.0038756798
4701,/home/jupyter/dent_outputs/isic2019_v2/melanoma/hairs/seed4701/lambda_t_star5/style.png,0.01294024,0.007421443,0.0035368355,0.0054837614,0.75404406,0.0020767169,0.0009518394,0.00197892,0.99767715,0.0013718342,0.00021560852,0.00038680295,0.9989261,0.0014275515,0.0002124625,0.00033957165,0.9800228,0.0019286217,0.00042210674,0.0006085966,0.10807693,0.0066961483,0.0024099916,0.0041252356,0.031813588,0.0068838364,0.0025035893,0.0039628083,0.017773379,0.0071896203,0.0032401863,0.004603977,0.012287151,0.0059702047,0.0031359862,0.004035637,0.0128305,0.006246011,0.0033582298,0.0046730847
4639,/home/jupyter/dent_outputs/isic2019_v2/melanoma/hairs/seed4639/lambda_t_star5/style.png,0.0002060019,0.0033837731,0.77593905,0.00294113,0.00094406225,0.0041215736,0.5151041,0.0032324754,0.0014278486,0.004717809,0.48651126,0.0039193034,0.0011392301,0.004137865,0.65214026,0.00343279,0.00083595683,0.005074114,0.6317339,0.003783223,0.0005332268,0.004674624,0.622198,0.0030974434,0.0004935916,0.004538705,0.6172709,0.0030218903,0.0003174985,0.004830776,0.7208949,0.0030199804,0.00025466553,0.00498075,0.7930384,0.0030849883,0.00023550131,0.0040549617,0.8051783,0.0031815218
4264,/home/jupyter/dent_outputs/isic2019_v2/melanoma/hairs/seed4264/lambda_t_star5/style.png,0.011937307,0.18847452,0.011091359,0.0052047977,0.04106894,0.11814944,0.010833288,0.0055588484,0.050784726,0.18725747,0.010316437,0.005351262,0.04407027,0.25487682,0.008788118,0.005096156,0.029502152,0.2251851,0.008579212,0.0052141068,0.030217486,0.22967534,0.009600358,0.0051845973,0.025924861,0.21475683,0.010743653,0.0051614316,0.017341089,0.20070088,0.011894117,0.005327425,0.014749567,0.18596,0.013136618,0.005717999,0.012846986,0.19585729,0.0128542995,0.0056220302
4819,/home/jupyter/dent_outputs/isic2019_v2/melanoma/hairs/seed4819/lambda_t_star5/style.png,0.001742034,0.022001497,0.11908756,0.005269308,0.004318274,0.025093246,0.017879535,0.005421561,0.0041101053,0.028377678,0.02170647,0.004833729,0.0040803654,0.027684815,0.033385724,0.0049321074,0.0046440405,0.0384315,0.08892873,0.0061370917,0.0027558303,0.026096886,0.060745448,0.0051042647,0.0019746695,0.03251973,0.070184544,0.0060283886,0.0018825469,0.030175189,0.090575226,0.0058164485,0.0018530956,0.025601523,0.10175717,0.0056436933,0.0017950629,0.022680221,0.10965556,0.0056261583
4522,/home/jupyter/dent_outputs/isic2019_v2/melanoma/hairs/seed4522/lambda_t_star5/style.png,0.0005439026,0.01680148,0.046165366,0.0027786263,0.98231584,0.015748696,0.328791,0.0047377315,0.9675056,0.0104957,0.27643287,0.003821932,0.97360396,0.011012963,0.23685724,0.0040155626,0.97118056,0.011228599,0.20533648,0.0037776001,0.95167494,0.017032731,0.12381348,0.0028776352,0.033519816,0.02867099,0.06548143,0.0033600589,0.013960829,0.022003945,0.04410462,0.0026693488,0.001048306,0.017295808,0.04695846,0.002602169,0.0005805395,0.015139116,0.045254383,0.0027286576
4485,/home/jupyter/dent_outputs/isic2019_v2/melanoma/hairs/seed4485/lambda_t_star5/style.png,0.00061663444,0.000617942,0.005402017,0.0010949742,0.82789147,0.002325468,0.090995036,0.0017852196,0.49238086,0.0011950607,0.03244109,0.0009977549,0.7834322,0.0025532916,0.10446195,0.0012815088,0.69596076,0.0025172385,0.061522804,0.001310363,0.6213364,0.0015820988,0.018780481,0.0009508038,0.48445112,0.0010872269,0.0030495205,0.00072321465,0.292927,0.00051127543,0.0028609394,0.00055638974,0.000993245,0.0005348501,0.0035281375,0.0009088321,0.00067381025,0.00063662214,0.0057775015,0.0011438783
4074,/home/jupyter/dent_outputs/isic2019_v2/melanoma/hairs/seed4074/lambda_t_star5/style.png,0.0009062773,0.0046132645,0.0034342047,0.00056662183,0.1972023,0.0013193225,0.00072944246,0.0001767438,0.29772365,0.0021713441,0.0014289689,0.00039618262,0.12968934,0.0036453411,0.0024832499,0.00054880243,0.11382812,0.004960129,0.0024776172,0.0006757891,0.030845957,0.0056051067,0.0037792067,0.00072369416,0.0019977593,0.003892012,0.0037358194,0.0004804905,0.0009770837,0.00419378,0.0031675552,0.00047193296,0.00091108767,0.004375173,0.0033058315,0.0005012706,0.0009000645,0.00418587,0.0033557697,0.00052345777
4217,/home/jupyter/dent_outputs/isic2019_v2/melanoma/hairs/seed4217/lambda_t_star5/style.png,0.26232797,0.005190311,0.0016257378,0.002631809,0.3036649,0.002354786,0.00037445044,0.00062757795,0.88639855,0.006191373,0.00024160313,0.00048764976,0.7726523,0.0061601023,0.00021313126,0.00042597327,0.7056815,0.009826989,0.0002392373,0.0005536835,0.47221944,0.005068621,0.00038219537,0.00065516226,0.42510945,0.0057729236,0.0012311725,0.001868832,0.34610885,0.004225602,0.0012066339,0.0018597116,0.27642253,0.0048441314,0.0013471158,0.002152822,0.27756706,0.0052732886,0.0015203673,0.0024022781
4779,/home/jupyter/dent_outputs/isic2019_v2/melanoma/hairs/seed4779/lambda_t_star5/style.png,0.0020636409,0.012224025,0.017347315,0.0024416684,0.807023,0.026540862,0.03686083,0.0018975233,0.7342189,0.018449036,0.06537707,0.001835963,0.68003476,0.029276198,0.05912292,0.0020286322,0.768459,0.028627226,0.038471792,0.0016965162,0.8325083,0.028679196,0.03126094,0.0017064193,0.95403236,0.010719096,0.007733328,0.001407652,0.2241642,0.0087487325,0.014795087,0.002109504,0.003084009,0.0112240305,0.017116344,0.0025766788,0.002221732,0.0108586615,0.01837371,0.0024699066
4122,/home/jupyter/dent_outputs/isic2019_v2/melanoma/hairs/seed4122/lambda_t_star5/style.png,0.03913215,0.20663713,0.023616305,0.009166503,0.9935935,0.014398878,0.005104853,0.0016634293,0.9988381,0.005506547,0.0019935765,0.0009019588,0.9982999,0.014408112,0.004031011,0.0016025781,0.9982272,0.011336605,0.0045723272,0.0015164483,0.998823,0.03636085,0.006936825,0.0026135985,0.9937795,0.10199646,0.011694834,0.0045598266,0.41339216,0.13957311,0.022351261,0.008714836,0.07060442,0.17664051,0.02088978,0.008575441,0.05135856,0.20389287,0.01985744,0.007999274
4540,/home/jupyter/dent_outputs/isic2019_v2/melanoma/hairs/seed4540/lambda_t_star5/style.png,0.0041182204,0.0074492753,0.08911245,0.005389084,0.986401,0.0048680985,0.047564473,0.0027315174,0.9950765,0.0042374847,0.05102294,0.0026827902,0.99856347,0.0046066213,0.044466693,0.0022573832,0.99863166,0.00470314,0.04580641,0.0025315941,0.98798174,0.0066877175,0.08534706,0.0048875734,0.9458779,0.0097538335,0.07097164,0.007216105,0.045292344,0.008788869,0.11117916,0.0070653846,0.006246881,0.009057703,0.09773359,0.0059466953,0.004361562,0.0077628284,0.1026052,0.00569927
4093,/home/jupyter/dent_outputs/isic2019_v2/melanoma/hairs/seed4093/lambda_t_star5/style.png,0.002016146,0.029585512,0.000653025,0.0003445786,0.06615687,0.07751261,0.00076045067,0.0010026959,0.4963059,0.07577595,0.001149341,0.0014003636,0.030209119,0.0827254,0.00067704706,0.0006047166,0.01304915,0.050064467,0.0005808026,0.0004800057,0.011101704,0.04864802,0.00049235317,0.00044573584,0.011437694,0.04790838,0.00056104996,0.00044725058,0.0046277824,0.035910632,0.00056042866,0.00035036827,0.0029959576,0.027818657,0.0007266336,0.00033534726,0.0023099037,0.029314546,0.0007109037,0.00034223634
4384,/home/jupyter/dent_outputs/isic2019_v2/melanoma/hairs/seed4384/lambda_t_star5/style.png,0.0013386613,0.017343398,0.34177536,0.009838112,0.9996636,0.012580387,0.42267135,0.005831722,0.99965394,0.011274654,0.41179627,0.0060309805,0.999699,0.011625239,0.32564554,0.0057250084,0.9996308,0.011057081,0.29323405,0.004467059,0.99743,0.012678469,0.25747994,0.005205245,0.91852665,0.012770244,0.25009963,0.0049936906,0.53740954,0.011719616,0.34564295,0.0055028503,0.084389955,0.010527343,0.2745278,0.0045651975,0.0023308385,0.019680373,0.35710573,0.010224982
4402,/home/jupyter/dent_outputs/isic2019_v2/melanoma/hairs/seed4402/lambda_t_star5/style.png,0.0075673223,0.088129744,0.26183343,0.010258711,0.99992573,0.0024000541,0.01661727,0.000768684,0.9997876,0.0101352995,0.02829981,0.0016388304,0.9880166,0.02179166,0.098391674,0.0050317547,0.951018,0.024538696,0.16703017,0.0073059206,0.31884027,0.054125812,0.27318937,0.013094876,0.23058154,0.085053906,0.32036966,0.017945088,0.06855096,0.08213258,0.33259168,0.01508585,0.026439765,0.082831435,0.27424106,0.011896903,0.010807039,0.08287253,0.2570409,0.010568599
4647,/home/jupyter/dent_outputs/isic2019_v2/melanoma/hairs/seed4647/lambda_t_star5/style.png,0.061720006,0.008609921,0.0015197411,0.00027293595,0.37636644,0.0015585391,0.0012290066,0.00024751708,0.36717153,0.0011482664,0.0012669849,0.00017712929,0.9427148,0.0011544246,0.0005354249,0.00012246268,0.9789043,0.0014874622,0.0007810363,0.00013420792,0.10444008,0.009571448,0.0010069357,0.00021979112,0.04295561,0.009504836,0.001273386,0.00027210012,0.05745178,0.008027114,0.0014618831,0.0002868117,0.061209954,0.009586159,0.0018506462,0.00033333755,0.06165029,0.008843939,0.0017146432,0.00028969647
4154,/home/jupyter/dent_outputs/isic2019_v2/melanoma/hairs/seed4154/lambda_t_star5/style.png,0.0051111514,0.0781516,0.0028666789,0.0037592282,0.10007589,0.015355151,0.0070557795,0.003999522,0.045987237,0.0110530825,0.0062136822,0.003280528,0.027740829,0.010011004,0.0038928376,0.0027541246,0.01993733,0.02804354,0.0034635058,0.004310427,0.011708625,0.038189147,0.003154996,0.0042083617,0.0065559368,0.04501414,0.0021213656,0.0032078153,0.006610609,0.057537105,0.002294545,0.0034316059,0.0052135554,0.06509672,0.002418783,0.0033292389,0.004951015,0.07311043,0.0026709689,0.003565862
4799,/home/jupyter/dent_outputs/isic2019_v2/melanoma/hairs/seed4799/lambda_t_star5/style.png,0.00032110023,0.0017798786,0.019619208,0.00033292055,0.8117943,0.0011525002,0.07079216,0.0010059614,0.0018735727,0.015065345,0.19238442,0.0040675714,0.0061270157,0.0051065143,0.120310605,0.00087406486,0.0029549103,0.0050782873,0.048677336,0.00071791577,0.0006827469,0.002249028,0.019526478,0.00046935596,0.0005984568,0.0020028548,0.020962728,0.000435467,0.00042415498,0.0020979762,0.022905497,0.00044300323,0.000396877,0.0018845057,0.023016445,0.0004064824,0.00036633087,0.0018440149,0.019367194,0.00034409048
4225,/home/jupyter/dent_outputs/isic2019_v2/melanoma/hairs/seed4225/lambda_t_star5/style.png,0.027910683,0.0043065017,0.0016221327,0.0014176969,0.9983107,0.0005682248,0.00040154785,0.0005597224,0.915865,0.0055322754,0.0016017015,0.0014699461,0.324481,0.0037813492,0.0008121224,0.0006548392,0.13347775,0.0054999054,0.0008129261,0.00061598886,0.09697844,0.0026144637,0.00081098214,0.000650094,0.07743518,0.0033705572,0.0009782499,0.0007993353,0.044870134,0.00472389,0.0013052655,0.001056559,0.03228479,0.0048166346,0.0017250839,0.0014214091,0.02889382,0.00474777,0.0017140058,0.001489694
4298,/home/jupyter/dent_outputs/isic2019_v2/melanoma/hairs/seed4298/lambda_t_star5/style.png,0.06335566,0.042669475,0.00096470944,0.0014252777,0.98275775,0.027478136,0.00068769354,0.0014689722,0.987092,0.04279102,0.0012903658,0.001778675,0.989881,0.03955066,0.0010841463,0.0014609332,0.99020106,0.036331262,0.0008258196,0.0010765279,0.9823277,0.030320738,0.00078701694,0.0010639278,0.9457804,0.024176294,0.0010317164,0.0009908411,0.08315207,0.028509317,0.0010941734,0.0017262478,0.10279099,0.03272855,0.00090562255,0.0013962182,0.06734947,0.04099583,0.0010111314,0.0015947227
4833,/home/jupyter/dent_outputs/isic2019_v2/melanoma/hairs/seed4833/lambda_t_star5/style.png,0.007077675,0.016792212,0.002647229,0.0014730203,0.98059857,0.004904328,0.0007472347,0.00057116244,0.92830175,0.004818029,0.0008675046,0.0006706269,0.54984415,0.010653275,0.0011969951,0.0016061746,0.06828594,0.028237665,0.0012999931,0.0012835853,0.01534463,0.017221805,0.0018039184,0.00088679,0.009305778,0.014968823,0.0018572845,0.0009321114,0.007615139,0.0150746675,0.0019438001,0.0009987316,0.0075176395,0.017607588,0.002323882,0.0011894879,0.007397763,0.01808728,0.0027202205,0.0014681896
4326,/home/jupyter/dent_outputs/isic2019_v2/melanoma/hairs/seed4326/lambda_t_star5/style.png,0.031659357,0.016395234,0.006265246,0.0035670905,0.9534299,0.0017534605,0.0010783939,0.0002909176,0.3117392,0.00871615,0.004426339,0.0010628175,0.07359703,0.012425043,0.009662347,0.0024397774,0.1858597,0.008752766,0.0069904923,0.002186324,0.2745621,0.010105143,0.0057980036,0.0023896885,0.16176398,0.013074654,0.0058688563,0.0026165273,0.09184874,0.016284974,0.0052420604,0.002729763,0.060539264,0.018753449,0.0054797605,0.002787965,0.043299027,0.017321022,0.006629208,0.003447062
4386,/home/jupyter/dent_outputs/isic2019_v2/melanoma/hairs/seed4386/lambda_t_star5/style.png,0.0046654064,0.005397256,0.0025503202,0.002640358,0.515642,0.001051686,0.00026037704,0.00034445873,0.6661275,0.00041830313,0.00022099646,0.00015507372,0.32363483,0.0013490706,0.00024470108,0.00021482422,0.4411137,0.0015607992,0.00036689773,0.0003115275,0.041659296,0.005403752,0.001902302,0.0013131783,0.024584793,0.0058790813,0.0025708082,0.0019190001,0.016026711,0.006577001,0.0029283548,0.002716074,0.005385321,0.0073002963,0.0029768888,0.002979753,0.004142951,0.0058886167,0.002596096,0.0026931162
4951,/home/jupyter/dent_outputs/isic2019_v2/melanoma/hairs/seed4951/lambda_t_star5/style.png,0.0016760399,0.0059471997,0.021398928,0.0015557618,0.031009462,0.008291402,0.0067559364,0.0019738371,0.02554399,0.004352136,0.009447733,0.0026815415,0.027816948,0.0050269635,0.009770239,0.002449678,0.0066123507,0.00448805,0.008496347,0.0019744402,0.0048503666,0.005620311,0.012600067,0.0019719426,0.0045779194,0.0051236316,0.011877093,0.0014728907,0.0034113778,0.0047160005,0.011783777,0.0012283536,0.0030176938,0.005884797,0.016232109,0.001470422,0.0020133408,0.005894717,0.02281961,0.0015743267
4243,/home/jupyter/dent_outputs/isic2019_v2/melanoma/hairs/seed4243/lambda_t_star5/style.png,0.029341578,0.008811171,0.0017806141,0.0010100103,0.4172614,0.0059017013,0.0013559186,0.001292381,0.63725287,0.010777325,0.0027571085,0.0022940254,0.47847596,0.0067412523,0.0019283879,0.0016474216,0.35693073,0.005457142,0.0016765106,0.0013687185,0.13260144,0.0057110633,0.0029734063,0.0018181786,0.043477967,0.016627738,0.0025766115,0.0015764365,0.032738853,0.014179503,0.00244544,0.001479077,0.032344382,0.009482072,0.0023294506,0.0013355489,0.03224072,0.009107257,0.00182542,0.0011009066
4789,/home/jupyter/dent_outputs/isic2019_v2/melanoma/hairs/seed4789/lambda_t_star5/style.png,0.0021365944,0.0669254,0.2618349,0.010175381,0.027305985,0.046070054,0.49478483,0.021154812,0.022566509,0.031615797,0.19753726,0.0068598683,0.07948653,0.03195089,0.20141089,0.012907228,0.09593006,0.03243857,0.18275551,0.015688062,0.028588526,0.05469417,0.21110907,0.015831811,0.005245212,0.09923888,0.31521392,0.015959077,0.003461153,0.07757105,0.3055724,0.013282534,0.0024933268,0.08199084,0.2655222,0.011760312,0.002222986,0.07123331,0.25856614,0.010462123
4113,/home/jupyter/dent_outputs/isic2019_v2/melanoma/hairs/seed4113/lambda_t_star5/style.png,0.0013969742,0.021763546,0.06363305,0.0059038717,0.41988426,0.032567818,0.32267123,0.006119387,0.5265034,0.018655285,0.06206876,0.00619604,0.46583575,0.01844521,0.051329374,0.0058861305,0.21137713,0.01878469,0.052116387,0.005417709,0.05431847,0.015630674,0.037379988,0.0039026388,0.02179961,0.013525345,0.038005453,0.0041232356,0.0042877705,0.019377394,0.045231458,0.0048055043,0.0015544884,0.023304706,0.059686724,0.0057333335,0.0013787256,0.022779515,0.06634319,0.0057413117
4895,/home/jupyter/dent_outputs/isic2019_v2/melanoma/hairs/seed4895/lambda_t_star5/style.png,0.022337653,0.021509772,0.004607365,0.0018013598,0.9987165,0.009983811,0.00063959544,0.0007650575,0.9471815,0.015410943,0.0071983323,0.0027678919,0.73628783,0.0076023866,0.004564876,0.0027929673,0.1965704,0.018173005,0.0045836573,0.0028362481,0.16610494,0.02498133,0.003446705,0.0026152767,0.416988,0.039343756,0.0027889553,0.0024598984,0.17409618,0.033462644,0.004531337,0.0025128566,0.036807753,0.034357645,0.005131871,0.002317363,0.026112117,0.025689043,0.004434378,0.0018841093
4738,/home/jupyter/dent_outputs/isic2019_v2/melanoma/hairs/seed4738/lambda_t_star5/style.png,0.0005027746,0.003488297,0.044341337,0.0027978856,0.9936459,0.0015651912,0.006285073,0.00079437724,0.9969021,0.010116516,0.028683526,0.0034823404,0.9969176,0.011191927,0.030572476,0.003508183,0.99545056,0.0094674425,0.029740816,0.0031675233,0.99417275,0.0077946633,0.029628085,0.002920402,0.958846,0.0060473643,0.038129095,0.002664072,0.09612897,0.0041748965,0.042510413,0.002535602,0.00085133757,0.0036009566,0.042151608,0.0029986668,0.00069719006,0.0033822753,0.038594607,0.0028154335
4157,/home/jupyter/dent_outputs/isic2019_v2/melanoma/hairs/seed4157/lambda_t_star5/style.png,0.005710998,0.027936079,0.0060741445,0.004589278,0.9891726,0.0070830053,0.0022675367,0.003040226,0.39982095,0.019519377,0.0070267646,0.006119634,0.21783133,0.014944214,0.006589825,0.0052216835,0.040198073,0.031568766,0.00779332,0.0048323995,0.023916556,0.02438149,0.0053941496,0.003174816,0.019451385,0.026149265,0.005764494,0.004203062,0.009658615,0.02693126,0.005796115,0.0042921086,0.0061664553,0.029424505,0.0054707113,0.004195308,0.0055567375,0.028271828,0.005666616,0.004244341
4658,/home/jupyter/dent_outputs/isic2019_v2/melanoma/hairs/seed4658/lambda_t_star5/style.png,0.0007993536,0.0070946417,0.02756419,0.002829232,0.971075,0.011080575,0.102415554,0.004841511,0.9564737,0.019244796,0.12561601,0.0057797697,0.97255105,0.015745496,0.111483395,0.005279756,0.9546828,0.012062538,0.10291263,0.0042383983,0.71297956,0.01589899,0.1439287,0.0053656395,0.23334312,0.011813337,0.12199715,0.0043045897,0.0690332,0.008233087,0.06680951,0.002701794,0.02755474,0.005684899,0.029468026,0.0019034143,0.0012812469,0.007429603,0.032010335,0.0027903893
4433,/home/jupyter/dent_outputs/isic2019_v2/melanoma/hairs/seed4433/lambda_t_star5/style.png,0.00574945,0.014107078,0.016484024,0.0035299284,0.13296826,0.006063126,0.023650412,0.004523353,0.8047748,0.008772928,0.022509972,0.007845512,0.34741098,0.024690013,0.028278707,0.009360483,0.09019004,0.021237647,0.02893549,0.008846017,0.034047984,0.021712609,0.029889854,0.0070953527,0.016724555,0.019137405,0.026399836,0.005672611,0.00958932,0.019762518,0.019576294,0.004839017,0.007985267,0.01971029,0.019166874,0.0043941946,0.005460292,0.0154981455,0.01912387,0.0039124372
4046,/home/jupyter/dent_outputs/isic2019_v2/melanoma/hairs/seed4046/lambda_t_star5/style.png,0.0007574102,0.007514968,0.016919853,0.0020634169,0.9998379,0.010279963,0.03449426,0.002005908,0.99987185,0.010835198,0.033791646,0.0019332883,0.9998716,0.009469347,0.031126084,0.0018061771,0.9998665,0.0077754506,0.027728504,0.0018629523,0.99954236,0.0069294637,0.022611104,0.002421167,0.95375466,0.007368312,0.01204632,0.00395607,0.029568864,0.0060274773,0.018703166,0.0023438414,0.001028615,0.0070995297,0.016679978,0.002149574,0.00076742587,0.0070534246,0.013892152,0.0018158479
4891,/home/jupyter/dent_outputs/isic2019_v2/melanoma/hairs/seed4891/lambda_t_star5/style.png,0.11488946,0.050071113,0.040018186,0.0028362398,0.9908193,0.038068753,0.015768228,0.0028657943,0.9777452,0.05145876,0.025256924,0.0050213286,0.9897106,0.05880616,0.039017923,0.0056818053,0.9809095,0.06271069,0.048339736,0.0047331355,0.96363044,0.064536616,0.05574911,0.004685608,0.9040785,0.06609287,0.066616476,0.005011851,0.7694222,0.06391516,0.07276571,0.0047970125,0.26861686,0.062450375,0.06730282,0.0039154724,0.12236676,0.058846235,0.040383883,0.0028991026
4258,/home/jupyter/dent_outputs/isic2019_v2/melanoma/hairs/seed4258/lambda_t_star5/style.png,0.5589813,0.010130804,0.0006538181,0.0005158119,0.34358913,0.0062029916,0.00050280354,0.0004595196,0.20116986,0.010022893,0.00056994375,0.00059502415,0.30252698,0.011449718,0.00048483958,0.00054466753,0.4888371,0.0135389995,0.00045582833,0.0005552399,0.6557154,0.01265661,0.00040569136,0.00042639117,0.76846707,0.012095558,0.00041377876,0.0004331349,0.71829075,0.016097927,0.0005098143,0.0005422317,0.6373324,0.012505819,0.00056544546,0.0005470471,0.55129933,0.011570026,0.0006666302,0.0005425624
4400,/home/jupyter/dent_outputs/isic2019_v2/melanoma/hairs/seed4400/lambda_t_star5/style.png,0.005574195,0.01675008,0.017419055,0.009458878,0.040813882,0.017458659,0.008058576,0.003400784,0.029076247,0.013685873,0.0071717463,0.004054005,0.04474096,0.016875755,0.0029109353,0.0016106686,0.09870482,0.026044346,0.0019162174,0.0012888728,0.008803517,0.015424797,0.017919384,0.0092899315,0.003842323,0.020635458,0.013577385,0.00788329,0.005301651,0.020403441,0.014787693,0.0095321275,0.005847903,0.01849618,0.01574871,0.009673162,0.005767416,0.01681691,0.01555624,0.008264415
4411,/home/jupyter/dent_outputs/isic2019_v2/melanoma/hairs/seed4411/lambda_t_star5/style.png,0.21673606,0.09614628,0.00790344,0.0057461313,0.50438154,0.045798264,0.0030519033,0.006217214,0.5672034,0.020177314,0.0020418619,0.002657407,0.6322687,0.07596889,0.009695008,0.010136147,0.48895684,0.10997993,0.018162254,0.019212458,0.4824818,0.10119494,0.013917043,0.014359468,0.47789428,0.15195256,0.007985327,0.008672886,0.45238152,0.13357753,0.008733826,0.0075166333,0.3526661,0.10988126,0.008922834,0.0072917864,0.25145477,0.098962024,0.0075298175,0.0060188957
4974,/home/jupyter/dent_outputs/isic2019_v2/melanoma/hairs/seed4974/lambda_t_star5/style.png,0.02994023,0.018128747,0.009884848,0.0013237945,0.999905,0.0014407556,0.00034177172,0.00016445307,0.9999176,0.0048286286,0.0009399233,0.000283129,0.99949694,0.02073994,0.0007332552,0.0003486689,0.9948025,0.0019316862,0.0004845691,0.00015330958,0.16325496,0.018738503,0.0043744873,0.000982862,0.0960719,0.029920472,0.006343422,0.0013423625,0.16330886,0.016754473,0.006042583,0.001063286,0.029423716,0.021131754,0.008584491,0.0013122188,0.02573599,0.017991927,0.010259704,0.0013565884
4162,/home/jupyter/dent_outputs/isic2019_v2/melanoma/hairs/seed4162/lambda_t_star5/style.png,0.5582844,0.0025854658,0.00035374146,0.0004460757,0.39939454,0.00078035676,0.00015834831,0.00016924413,0.5242599,0.0012789128,0.00021807339,0.0003227816,0.640801,0.0037669651,0.00032940728,0.0004985941,0.4940398,0.0044121696,0.00015456148,0.000258913,0.63578767,0.0039988537,0.00014490259,0.00026098793,0.491266,0.0022522812,0.00016191498,0.00026872611,0.53335965,0.002171957,0.00022605945,0.0003341951,0.57662475,0.0022637362,0.00027390989,0.00037854622,0.5674277,0.0022094913,0.00032689108,0.0004222383
4272,/home/jupyter/dent_outputs/isic2019_v2/melanoma/hairs/seed4272/lambda_t_star5/style.png,0.042336635,0.11178827,0.0042381566,0.0026879008,0.9964875,0.04360765,0.0049945368,0.007047623,0.73439115,0.095086984,0.019438794,0.009879506,0.55263406,0.05165343,0.017250827,0.006786447,0.4223729,0.042646073,0.0113507025,0.004613236,0.06455824,0.12817433,0.023186436,0.007114625,0.054274105,0.15780747,0.014801809,0.005442258,0.05757364,0.10023506,0.0050143055,0.0026865108,0.055873543,0.11651798,0.0046637035,0.002723156,0.04171609,0.12529802,0.0046712337,0.0028694035
4609,/home/jupyter/dent_outputs/isic2019_v2/melanoma/hairs/seed4609/lambda_t_star5/style.png,0.0006077451,0.013141688,0.022044381,0.0015137633,0.43857655,0.025491662,0.027977213,0.0043462883,0.27719188,0.050484188,0.046145212,0.0052280705,0.17226857,0.04046791,0.065747336,0.004339188,0.035120454,0.025348984,0.041597955,0.0037874652,0.009081612,0.017506972,0.03706284,0.0029089265,0.0019946292,0.014743588,0.027966361,0.0020964325,0.0012592528,0.014050926,0.02509432,0.0017717666,0.000853053,0.01335511,0.02575515,0.0017000836,0.0007189692,0.012853651,0.022404449,0.0015387073
4932,/home/jupyter/dent_outputs/isic2019_v2/melanoma/hairs/seed4932/lambda_t_star5/style.png,0.0013365365,0.003908061,0.03851696,0.0020691562,0.56349134,0.004043537,0.03745346,0.0021911468,0.71867174,0.0028828157,0.035973668,0.0013629982,0.834442,0.0022408427,0.07290145,0.0012576592,0.9638778,0.006202738,0.056805726,0.002264142,0.9193364,0.008462278,0.07260464,0.002299469,0.08879341,0.006450217,0.04986778,0.0018929862,0.018474258,0.0049191136,0.04276482,0.0018369464,0.0033997337,0.004056275,0.039565798,0.0018740954,0.0021103304,0.004335559,0.044143014,0.0021890607
4356,/home/jupyter/dent_outputs/isic2019_v2/melanoma/hairs/seed4356/lambda_t_star5/style.png,0.0043099727,0.006342815,0.03616312,0.0008807061,0.68597573,0.021933887,0.014691756,0.0017717192,0.5342881,0.009943335,0.017839504,0.0012315735,0.5474434,0.0113127455,0.016114196,0.0013170551,0.41522485,0.0076243198,0.01825553,0.001098742,0.2683387,0.007382457,0.02712062,0.0010845389,0.13049227,0.008502744,0.03527861,0.0011566266,0.026511215,0.008607772,0.032862447,0.0010716267,0.004863499,0.0052197766,0.0346306,0.00088906754,0.0043830485,0.0059904493,0.035915542,0.00089093915
4998,/home/jupyter/dent_outputs/isic2019_v2/melanoma/hairs/seed4998/lambda_t_star5/style.png,0.0028869647,0.018062154,0.0045618527,0.002223133,0.9984548,0.007469332,0.001843771,0.001338029,0.9992667,0.0055568563,0.0014035719,0.0010999386,0.9979583,0.011164072,0.0023225537,0.002070534,0.991557,0.004419429,0.00060940743,0.0003673916,0.8989357,0.011623946,0.00079075544,0.00048930506,0.0040856767,0.01529779,0.0038686665,0.0013870688,0.002987447,0.014596433,0.0040735677,0.0017661955,0.0028352325,0.015985923,0.004573951,0.0020381517,0.002742286,0.017306443,0.004475691,0.002157653
4185,/home/jupyter/dent_outputs/isic2019_v2/melanoma/hairs/seed4185/lambda_t_star5/style.png,0.0077142953,0.03410462,0.05180518,0.003592312,0.9990676,0.0026120488,0.022557918,0.0012850962,0.114711374,0.0040179035,0.02489574,0.0023725135,0.8390932,0.0051596793,0.015242021,0.0027338008,0.2359985,0.0059043984,0.016232405,0.0026674327,0.11324894,0.028364113,0.029118689,0.004565156,0.12586258,0.04559696,0.03435827,0.0042449213,0.06722024,0.046171576,0.037380204,0.004057294,0.012043596,0.05161183,0.052531805,0.0044397363,0.008999732,0.039874613,0.055529434,0.0038909435
4036,/home/jupyter/dent_outputs/isic2019_v2/melanoma/hairs/seed4036/lambda_t_star5/style.png,0.0021835337,0.021479478,0.055829,0.018178686,0.2857075,0.014610939,0.017854022,0.010808605,0.52761286,0.01607413,0.022359319,0.013263793,0.47385597,0.042311054,0.07430123,0.028738014,0.2757899,0.03390337,0.06407304,0.027264208,0.15312423,0.03917524,0.062675685,0.02844924,0.06056982,0.036470518,0.060577657,0.029619934,0.011724113,0.022344308,0.044303354,0.017758893,0.004805283,0.024627784,0.047936954,0.017947147,0.0028346395,0.026901897,0.056949034,0.02056686
4868,/home/jupyter/dent_outputs/isic2019_v2/melanoma/hairs/seed4868/lambda_t_star5/style.png,0.0016985192,0.040203344,0.00399401,0.0015314441,0.48565853,0.006512419,0.0016594636,0.0022527622,0.59515756,0.010990457,0.00074884173,0.0020863742,0.9602029,0.04102987,0.0029361942,0.0021972186,0.018205538,0.062191334,0.006208935,0.0026712602,0.004780655,0.12203986,0.00398458,0.0023037088,0.0024993846,0.1214087,0.0028429045,0.0019073487,0.0019131748,0.061968066,0.003536918,0.0017423317,0.0016154074,0.04765695,0.0038071137,0.0016144549,0.0016992828,0.042768076,0.003650903,0.0015580967
4809,/home/jupyter/dent_outputs/isic2019_v2/melanoma/hairs/seed4809/lambda_t_star5/style.png,0.001321887,0.0018656255,0.02736245,0.0014860557,0.30074787,0.0017694908,0.00981591,0.0009833501,0.2360538,0.005040952,0.017022993,0.0010936246,0.241661,0.007051588,0.011631848,0.00087731396,0.22811987,0.0066592814,0.011271078,0.0007086003,0.25283912,0.0046311007,0.014089728,0.0007657544,0.27187783,0.004291021,0.021948945,0.0008484905,0.20360161,0.0032011091,0.025794672,0.00093498477,0.04914655,0.00245232,0.027956907,0.0009762755,0.0026511638,0.0015771436,0.029072413,0.0013756577
4527,/home/jupyter/dent_outputs/isic2019_v2/melanoma/hairs/seed4527/lambda_t_star5/style.png,0.009546734,0.0011753333,0.10998476,0.0030411123,0.79197854,0.00477382,0.09432363,0.005593475,0.7348722,0.002836198,0.11036291,0.0043158927,0.5704288,0.0028034826,0.13645397,0.004576381,0.5601566,0.0022794963,0.1318579,0.003930573,0.57689506,0.0021061522,0.13897632,0.0041872337,0.23822656,0.0023724989,0.15171055,0.0050194585,0.06495426,0.0019487585,0.16171025,0.005036338,0.019962918,0.0016032051,0.16888179,0.0043436396,0.011049049,0.0012293796,0.13595459,0.0034240542
4130,/home/jupyter/dent_outputs/isic2019_v2/melanoma/hairs/seed4130/lambda_t_star5/style.png,0.24776186,0.027527278,0.0058768885,0.0077671413,0.74827576,0.018344805,0.0031358788,0.003960075,0.80371046,0.01594401,0.00273756,0.003957839,0.7510772,0.012430707,0.0018380274,0.0032335063,0.68557024,0.018910289,0.003196525,0.007417748,0.74908775,0.013250094,0.0025576572,0.0057471637,0.64425707,0.021692248,0.004795877,0.009915589,0.3997996,0.024672875,0.0050270497,0.008068507,0.30135167,0.032721054,0.0063669127,0.009186183,0.26163498,0.029334027,0.006604081,0.00846845
4017,/home/jupyter/dent_outputs/isic2019_v2/melanoma/hairs/seed4017/lambda_t_star5/style.png,0.18264887,0.033109386,0.024272274,0.0054551414,0.9962204,0.024822567,0.040435176,0.0093455715,0.9993105,0.016201632,0.015424363,0.0028164817,0.9991177,0.020146906,0.011103007,0.003319661,0.99938893,0.014026471,0.008702181,0.0017818137,0.99929035,0.009319394,0.007893889,0.0012201234,0.99845445,0.015923606,0.010285685,0.0017568391,0.5480644,0.03102732,0.02543486,0.0047746855,0.22915679,0.030325344,0.025819756,0.005136737,0.19145544,0.031243233,0.022659017,0.004812629
4521,/home/jupyter/dent_outputs/isic2019_v2/melanoma/hairs/seed4521/lambda_t_star5/style.png,0.00016388843,0.01727103,0.17342462,0.003012684,0.21312787,0.007863028,0.31079373,0.002858829,0.2998039,0.0069594737,0.26686227,0.0026291034,0.43284523,0.007179566,0.17482767,0.0026916116,0.42752045,0.0072595747,0.18670163,0.003025048,0.34387156,0.010142564,0.18143834,0.0033786476,0.14633533,0.014622931,0.31060147,0.005767225,0.006154395,0.014863281,0.23684622,0.0039366093,0.00029664297,0.020569097,0.22933945,0.004365386,0.00020072321,0.01840151,0.20269094,0.0034574512
4923,/home/jupyter/dent_outputs/isic2019_v2/melanoma/hairs/seed4923/lambda_t_star5/style.png,0.0005564584,0.0073689152,0.30567598,0.004076463,0.0030610221,0.0058843144,0.110266946,0.003485045,0.0011789281,0.0055394107,0.19066933,0.0038762065,0.001605982,0.0070918202,0.27912843,0.0049636224,0.0017732667,0.007195845,0.30083558,0.0045815054,0.0017175628,0.009265453,0.29557836,0.004734616,0.0014182032,0.00954014,0.29423988,0.0046527465,0.0013514946,0.011617362,0.3302207,0.0052145203,0.00092436926,0.0099849,0.30419016,0.0050681764,0.0006949751,0.007913443,0.29452285,0.004477506
4100,/home/jupyter/dent_outputs/isic2019_v2/melanoma/hairs/seed4100/lambda_t_star5/style.png,6.718213e-05,0.0046309796,0.0020106973,0.00021965159,0.03405498,0.35260954,0.0026849152,0.0007938184,0.0020518322,0.038981777,0.0023613325,0.0004121676,0.00091464195,0.003429524,0.0012331847,0.00028546975,0.00047989064,0.004871419,0.0010712463,0.00028171908,0.0003044925,0.006091985,0.0016156214,0.00026716676,0.00020113414,0.0053800596,0.0013298886,0.00021842109,0.00014056587,0.003955935,0.0016547887,0.00019314687,0.000111848516,0.004070437,0.0013608303,0.00017279747,7.5023294e-05,0.0065430976,0.0019204245,0.00021532706
4151,/home/jupyter/dent_outputs/isic2019_v2/melanoma/hairs/seed4151/lambda_t_star5/style.png,0.0008443744,0.014750239,0.057272602,0.005474262,0.6058088,0.012882011,0.08333357,0.006154958,0.58135015,0.012811279,0.044163864,0.004418869,0.993551,0.008069049,0.017294558,0.002092504,0.93297565,0.037925035,0.10225871,0.007500778,0.6177418,0.0503245,0.14270829,0.010757634,0.13861364,0.031973258,0.19897915,0.008335274,0.01089361,0.023316663,0.07185508,0.0061985394,0.0014770981,0.020051152,0.052138053,0.005685446,0.0010150834,0.018422572,0.05982666,0.006061241
4826,/home/jupyter/dent_outputs/isic2019_v2/melanoma/hairs/seed4826/lambda_t_star5/style.png,0.0005485009,0.015880877,0.06523468,0.004285068,0.9990564,0.00462367,0.021572473,0.0028121488,0.83761024,0.015512981,0.06858947,0.007201669,0.88094985,0.025608838,0.051849958,0.007930697,0.9035104,0.02578487,0.04669315,0.0069273384,0.63504934,0.04760924,0.07083098,0.009970976,0.033180173,0.024069346,0.054940682,0.0070354766,0.00082577707,0.020970237,0.06009726,0.0055041844,0.0008213788,0.021982603,0.06380461,0.0054430035,0.00060080236,0.016189044,0.06391016,0.0044447426
4101,/home/jupyter/dent_outputs/isic2019_v2/melanoma/hairs/seed4101/lambda_t_star5/style.png,0.013130771,0.10147676,0.005130469,0.005113501,0.047819067,0.03708978,0.001874263,0.001426497,0.049998812,0.015566209,0.0020450552,0.0020004713,0.06333515,0.026901549,0.0016623535,0.0020336795,0.18061009,0.041254632,0.0017988323,0.0018365714,0.14061163,0.08196981,0.0034812468,0.0039243144,0.053086482,0.13476956,0.004631041,0.00536668,0.023316784,0.16537148,0.004746155,0.00507598,0.0139658125,0.16075361,0.004167247,0.0042988714,0.01439431,0.11325908,0.0043934626,0.0043528634
4296,/home/jupyter/dent_outputs/isic2019_v2/melanoma/hairs/seed4296/lambda_t_star5/style.png,0.208949,0.021712663,0.022476977,0.0008487574,0.81572783,0.04162368,0.026190966,0.0011589868,0.7461018,0.016641052,0.0137039265,0.0011874343,0.5914587,0.018895302,0.009647538,0.0010912119,0.34737045,0.015301612,0.012593875,0.001039517,0.60022074,0.019650994,0.008936121,0.0009790019,0.23070964,0.08454192,0.012533838,0.0008547198,0.25102296,0.04368557,0.01591279,0.0008620696,0.2260242,0.032892846,0.018460723,0.00091840007,0.19816457,0.023521475,0.021271884,0.0008942031
4763,/home/jupyter/dent_outputs/isic2019_v2/melanoma/hairs/seed4763/lambda_t_star5/style.png,0.061824113,0.0014244587,0.009237271,0.0016197753,0.13770057,0.00042540353,0.0025826844,0.00021011656,0.4224431,0.00013504144,0.0032341136,0.00026706516,0.25145048,9.38782e-05,0.0021362659,0.00025053884,0.19888826,0.0006511888,0.011180424,0.0007273042,0.08826237,0.0011091834,0.010784084,0.0008237514,0.022389023,0.0007340365,0.003519319,0.00046531152,0.039231826,0.0015587906,0.0044339737,0.0011106303,0.050155032,0.001442304,0.006656094,0.0012804295,0.064453706,0.0015192676,0.0095205875,0.0016811362
4071,/home/jupyter/dent_outputs/isic2019_v2/melanoma/hairs/seed4071/lambda_t_star5/style.png,0.0011991926,0.016102316,0.015928037,0.0013984425,0.9950748,0.005280635,0.1789203,0.004343052,0.9946989,0.006098163,0.19803707,0.0042143813,0.95123744,0.0072214464,0.07423202,0.004092125,0.024247227,0.0140338,0.03148602,0.0021573429,0.01663875,0.02034834,0.02968286,0.0021150953,0.009819697,0.015568365,0.036990467,0.0018762979,0.0020400854,0.021776376,0.02353666,0.0016490158,0.0013762271,0.015380672,0.019768594,0.0013262306,0.0011427887,0.016745606,0.016725676,0.001342069
4572,/home/jupyter/dent_outputs/isic2019_v2/melanoma/hairs/seed4572/lambda_t_star5/style.png,0.012184269,0.08117549,0.00035347295,0.00048499258,0.022711974,0.10116465,0.0013002316,0.0015637544,0.028320812,0.06622621,0.00065875484,0.00071887224,0.023722507,0.08678086,0.00055920996,0.0006566313,0.017499642,0.10802858,0.0005310319,0.00062757795,0.01365492,0.088330045,0.00043048855,0.0005356539,0.016390536,0.08003666,0.00045992451,0.0005808699,0.016603569,0.071847804,0.00041619127,0.0005296898,0.0117975725,0.07815631,0.00030969502,0.00043668266,0.010904457,0.078839585,0.000319361,0.0004472037
4782,/home/jupyter/dent_outputs/isic2019_v2/melanoma/hairs/seed4782/lambda_t_star5/style.png,0.06622154,0.08884696,0.0006088527,0.0012024627,0.98417664,0.0051558893,0.00070105615,0.0008727911,0.5111303,0.017466282,0.00027661244,0.00065876334,0.058595363,0.076657265,0.0005080405,0.0009843418,0.065349154,0.035210658,0.0005672578,0.0010172161,0.048540413,0.061226524,0.000803438,0.0011452319,0.06882861,0.06389261,0.000609129,0.0010893303,0.080458835,0.089682445,0.0005400986,0.0011305425,0.08126519,0.09127844,0.00049193704,0.001128482,0.07047536,0.0857858,0.0005504217,0.0011367108
4268,/home/jupyter/dent_outputs/isic2019_v2/melanoma/hairs/seed4268/lambda_t_star5/style.png,0.00019620641,0.057402886,0.046044394,0.006307191,0.0006752441,0.13325024,0.02568134,0.0056781536,0.00066195003,0.07993104,0.036657963,0.006350947,0.00074395875,0.065060236,0.03651926,0.005329457,0.0007475608,0.06574549,0.046665777,0.0046783905,0.000623953,0.07750705,0.071147196,0.0062768348,0.00044943558,0.07103189,0.06652921,0.0068341456,0.00038643423,0.067440346,0.06834743,0.007389337,0.00025542692,0.06463675,0.055405404,0.006804093,0.00022740256,0.063387685,0.052691832,0.007304192
4316,/home/jupyter/dent_outputs/isic2019_v2/melanoma/hairs/seed4316/lambda_t_star5/style.png,0.0035994619,0.019582083,0.0059625325,0.005725497,0.033050977,0.01110092,0.004344027,0.0026877362,0.060195804,0.017507514,0.0054577836,0.00391263,0.05428454,0.010326549,0.0030785776,0.002597441,0.011251731,0.012022588,0.0033903597,0.0036672573,0.011242817,0.02125985,0.00564664,0.006998776,0.009061975,0.021298949,0.0072293025,0.0083357785,0.006457127,0.021880787,0.0073391045,0.008096865,0.0050000562,0.021870272,0.0074257078,0.0075266496,0.004252305,0.020778194,0.0068463357,0.0067351824
4858,/home/jupyter/dent_outputs/isic2019_v2/melanoma/hairs/seed4858/lambda_t_star5/style.png,0.0009407489,0.009899523,0.7243338,0.0037734662,0.7401222,0.01635465,0.7950196,0.0070143226,0.7419443,0.016736839,0.76132995,0.0071411054,0.8032662,0.013597414,0.6726918,0.0059290538,0.6619165,0.015400673,0.7627544,0.0068152896,0.5654271,0.01932884,0.7921919,0.006536211,0.016826302,0.016190343,0.82275623,0.005507286,0.0023333936,0.012872712,0.746732,0.0051738094,0.0010372062,0.012704119,0.76213723,0.004681869,0.0010070916,0.010581646,0.7517431,0.003953933
4904,/home/jupyter/dent_outputs/isic2019_v2/melanoma/hairs/seed4904/lambda_t_star5/style.png,0.012664378,0.006008153,0.99690515,0.0024463676,0.97427326,0.0082869455,0.99545443,0.0021155744,0.84982747,0.008613739,0.9970842,0.0029978412,0.78089213,0.010211864,0.9971585,0.0033830323,0.7505517,0.0092391,0.9971739,0.0033419742,0.51614803,0.0064719683,0.9973786,0.0024616367,0.019804789,0.0062704016,0.9961498,0.002403372,0.013041937,0.0054335226,0.9956981,0.002553136,0.015776955,0.006009668,0.9961855,0.0026614985,0.012883072,0.005754992,0.9965779,0.0026466085
4921,/home/jupyter/dent_outputs/isic2019_v2/melanoma/hairs/seed4921/lambda_t_star5/style.png,0.00038618437,0.010577862,0.13389131,0.0009767779,0.95915174,0.0015087374,0.08578715,0.000944001,0.9899136,0.0019382087,0.09885288,0.0008895527,0.9929461,0.003213949,0.10401352,0.0010059347,0.98872477,0.0050919466,0.10428602,0.0011301064,0.9020831,0.012700823,0.10442059,0.0015306853,0.0010378235,0.014382884,0.1396437,0.0012082268,0.0008639737,0.01318331,0.14276263,0.0010798301,0.0006340354,0.013305294,0.14861277,0.0011169481,0.0004983102,0.013264922,0.1416566,0.0010183647
4775,/home/jupyter/dent_outputs/isic2019_v2/melanoma/hairs/seed4775/lambda_t_star5/style.png,0.0067617656,0.007315922,0.0024928784,0.0007145286,0.9821745,0.0010445826,0.0003109219,0.000562091,0.9894023,0.00063181104,0.00018561489,0.00042028326,0.9905646,0.0017597349,0.00023387701,0.00029808373,0.8808176,0.0032522068,0.0006050576,0.0005731587,0.20098032,0.003246272,0.00052392273,0.00032963944,0.01765106,0.009238972,0.0015296566,0.0006144046,0.007928428,0.00791155,0.0019063987,0.000741183,0.0076196706,0.0077906,0.0019620871,0.00071578135,0.008056868,0.007832797,0.0023503553,0.0007810073
4803,/home/jupyter/dent_outputs/isic2019_v2/melanoma/hairs/seed4803/lambda_t_star5/style.png,0.0023133138,0.003793733,0.0944076,0.0017468493,0.99927443,0.0036982445,0.08042159,0.00135719,0.99776304,0.0069513456,0.08512042,0.0015782319,0.9994041,0.002827762,0.033161502,0.00078355934,0.998914,0.0045624548,0.09554176,0.0013036007,0.79977286,0.005314761,0.2861373,0.0024326073,0.5895798,0.008935733,0.08277292,0.0027921267,0.006387398,0.0058565093,0.10032736,0.0023417985,0.0028317943,0.004357863,0.09255508,0.0018590596,0.002660881,0.0038165948,0.08600408,0.0017071335
4078,/home/jupyter/dent_outputs/isic2019_v2/melanoma/hairs/seed4078/lambda_t_star5/style.png,0.028872624,0.002562435,0.0010169162,0.00051041186,0.0010467916,0.0036445495,0.0011980776,0.0004522816,0.67971885,0.003506211,0.00028588154,0.00016532077,0.92796123,0.0029074177,0.0002122485,0.00022339463,0.84912467,0.0033109728,0.00022915598,0.00023147863,0.5284969,0.004507436,0.00038703054,0.00037032814,0.060899474,0.004579299,0.0008668751,0.0005490975,0.043518174,0.0044358177,0.001051363,0.0005679105,0.042426847,0.0035252436,0.0010634298,0.00056158897,0.034837756,0.002864488,0.0010185699,0.0005192979
4893,/home/jupyter/dent_outputs/isic2019_v2/melanoma/hairs/seed4893/lambda_t_star5/style.png,0.0008747707,0.0020264073,0.019253802,0.00066777255,0.006247894,0.011597099,0.0070519256,0.0008814747,0.006120408,0.01400684,0.008427306,0.0010901968,0.0062840665,0.012816302,0.0080370605,0.001105562,0.005231677,0.010777331,0.00805444,0.00093326526,0.004972915,0.014952099,0.009274452,0.0009440212,0.0023826396,0.008353416,0.011898254,0.0007588631,0.0016459823,0.0045065223,0.012152166,0.00065893354,0.001367573,0.0031362514,0.01672599,0.00070478633,0.001132315,0.002143232,0.016785529,0.0006482043
4628,/home/jupyter/dent_outputs/isic2019_v2/melanoma/hairs/seed4628/lambda_t_star5/style.png,0.008436188,0.061303113,0.004231314,0.001394433,0.8017164,0.1401768,0.01736402,0.004933947,0.6333798,0.14018814,0.006186921,0.001945942,0.7206665,0.13162492,0.003935542,0.001823637,0.8847785,0.10980284,0.004592976,0.0025076212,0.8558056,0.085362874,0.005072396,0.0024030427,0.43847626,0.099496104,0.005034458,0.0022591788,0.033458997,0.05760283,0.0054388386,0.0018005908,0.012856307,0.058515023,0.0044780504,0.001513638,0.0112269465,0.057024397,0.0041414658,0.0014041362
4320,/home/jupyter/dent_outputs/isic2019_v2/melanoma/hairs/seed4320/lambda_t_star5/style.png,0.0012778565,0.012269871,0.0049929633,0.001389377,0.06901619,0.024170773,0.009710655,0.0046389475,0.0046912907,0.0036022488,0.0085753035,0.0029645253,0.004119997,0.010784893,0.010988942,0.005452403,0.0010474859,0.005560027,0.0023736297,0.0012770079,0.00074233697,0.004997431,0.0029204378,0.0009090703,0.0011360841,0.006951352,0.0029787193,0.0009845458,0.0017899717,0.011881566,0.0037738748,0.0013248621,0.0016943879,0.012595672,0.004096148,0.0013292902,0.0015157921,0.012570162,0.0047756573,0.0013426207
4407,/home/jupyter/dent_outputs/isic2019_v2/melanoma/hairs/seed4407/lambda_t_star5/style.png,0.31407446,0.009110843,0.00057028746,0.0007954616,0.35441267,0.005970239,0.00035661773,0.0007643733,0.34012392,0.011084192,0.00039731915,0.00073863403,0.31671774,0.010302566,0.00040234966,0.00068170007,0.34707198,0.0137151,0.00079721597,0.0011214695,0.30645204,0.009091199,0.00065444084,0.001015565,0.30840766,0.011696497,0.0006452119,0.0010073374,0.3428789,0.011339534,0.0005831704,0.00095361663,0.31011686,0.010964949,0.0005509954,0.00085029413,0.32427692,0.009766857,0.00054936664,0.0008301629
4073,/home/jupyter/dent_outputs/isic2019_v2/melanoma/hairs/seed4073/lambda_t_star5/style.png,8.0714475e-05,0.00084698695,0.009178694,0.0009248895,0.8662264,0.0007701244,0.0041603073,0.0012088772,0.15625921,0.001223422,0.03174131,0.0034661037,0.48248348,0.0012438075,0.028200587,0.002513733,0.53692883,0.0014089147,0.02320242,0.0020077561,0.3660145,0.0016538885,0.01675053,0.0020912804,0.0001413232,0.000919668,0.009034523,0.0009314523,0.00012560372,0.0009311763,0.008979638,0.0010627599,0.00011811456,0.000940141,0.009555914,0.0011836169,9.0735826e-05,0.00084372243,0.009306376,0.00094768277
4450,/home/jupyter/dent_outputs/isic2019_v2/melanoma/hairs/seed4450/lambda_t_star5/style.png,0.58205485,0.026665047,0.0041413717,0.0016399145,0.9991068,0.010705195,0.000893235,0.0010777495,0.994212,0.013992004,0.0015927244,0.0022697095,0.9612619,0.025513416,0.0026388878,0.0028700363,0.9610333,0.03794433,0.0020463713,0.0015612883,0.8763674,0.04664296,0.0037436576,0.0023066795,0.754296,0.035865054,0.004104988,0.0021462445,0.70448345,0.04178616,0.0040546423,0.0020787567,0.6710035,0.034722485,0.00392994,0.001745379,0.615234,0.03103588,0.0041611847,0.0017561544
4054,/home/jupyter/dent_outputs/isic2019_v2/melanoma/hairs/seed4054/lambda_t_star5/style.png,0.91602623,0.0013553519,0.0063517326,0.0021590455,0.998946,0.0019486701,0.0036552711,0.0014484284,0.9993643,0.0011747662,0.0017049236,0.0009718033,0.9978132,0.0011371049,0.004881506,0.0014109395,0.9936872,0.0008184412,0.00412303,0.001580827,0.953933,0.0018051397,0.0030609495,0.0021150452,0.97500473,0.002292257,0.0036135728,0.002110277,0.98679984,0.0008840691,0.0036419928,0.0011608967,0.95963126,0.0010511081,0.004903823,0.0016575055,0.9252907,0.0013553841,0.0059994715,0.0021776345
4072,/home/jupyter/dent_outputs/isic2019_v2/melanoma/hairs/seed4072/lambda_t_star5/style.png,0.0018929681,0.0067399982,0.024012947,0.0015621613,0.9992368,0.0012174005,0.0006863778,0.00025663106,0.9992962,0.0005768778,0.0007969243,0.00021085591,0.9923883,0.00033711392,0.0006590868,0.00014266756,0.98422223,0.0005524445,0.0021264977,0.00022014513,0.97728914,0.0011949167,0.001779499,0.0002620059,0.2693573,0.0081990035,0.005203144,0.00093166257,0.007782484,0.0154829975,0.017143954,0.0017912281,0.0033833536,0.009861797,0.023157213,0.0016645914,0.002293049,0.008653679,0.024116041,0.0017281882
4203,/home/jupyter/dent_outputs/isic2019_v2/melanoma/hairs/seed4203/lambda_t_star5/style.png,0.008410563,0.968585,0.015834108,0.012749539,0.97981423,0.7920493,0.008852441,0.011305842,0.9331497,0.74731493,0.021488521,0.01484439,0.97325677,0.7069724,0.020859782,0.013924183,0.78619194,0.9175083,0.012037998,0.012018976,0.70684934,0.9469821,0.009957803,0.010992421,0.04796577,0.9803893,0.015732909,0.016014233,0.014246178,0.98096573,0.01415803,0.013413839,0.01025221,0.97531635,0.012610911,0.011211876,0.008842647,0.96884626,0.013240646,0.0111072175
4723,/home/jupyter/dent_outputs/isic2019_v2/melanoma/hairs/seed4723/lambda_t_star5/style.png,0.0051829177,0.0043120137,0.06994178,0.003536491,0.862216,0.0030285476,0.038431976,0.0038968339,0.9655376,0.008531555,0.02989972,0.003396704,0.8812385,0.028169433,0.056196008,0.0041750274,0.8523357,0.02838107,0.07438874,0.0038544298,0.87610006,0.034449995,0.073063895,0.0030380085,0.7570926,0.024223814,0.065466575,0.002699684,0.6319842,0.012249403,0.033512544,0.0026013635,0.009196539,0.011645473,0.07689716,0.0042756214,0.0067100823,0.004994146,0.07919005,0.003858546
4396,/home/jupyter/dent_outputs/isic2019_v2/melanoma/hairs/seed4396/lambda_t_star5/style.png,0.00042621963,0.010788694,0.15553243,0.002838771,0.48894578,0.017721293,0.14004211,0.0045007057,0.4659085,0.01548949,0.13765809,0.004156043,0.51416975,0.014439789,0.1254976,0.0036487784,0.5338293,0.014582038,0.15948144,0.0036782539,0.4026708,0.013264859,0.16322063,0.0033952694,0.19263741,0.011419491,0.15016821,0.002977428,0.007196172,0.010394169,0.14042285,0.0027254154,0.00068156456,0.010791127,0.13505107,0.0028022085,0.00049139856,0.010797552,0.13828008,0.0028620306
4477,/home/jupyter/dent_outputs/isic2019_v2/melanoma/hairs/seed4477/lambda_t_star5/style.png,0.0004510085,0.0013367458,0.4815092,0.0010352712,0.8608039,0.0022210905,0.58618623,0.0019060839,0.85471046,0.0015353574,0.6853847,0.0016206956,0.7521874,0.0013800267,0.6033201,0.001364599,0.74089456,0.0018495367,0.65877646,0.0015557033,0.76033837,0.0022485713,0.68520576,0.0015333184,0.42810264,0.0023778682,0.6369827,0.0017205284,0.032077696,0.0014577272,0.66330904,0.001158961,0.022618208,0.0012444728,0.43189564,0.0008903527,0.00031447003,0.0016325815,0.42917526,0.0010696047
4824,/home/jupyter/dent_outputs/isic2019_v2/melanoma/hairs/seed4824/lambda_t_star5/style.png,0.0011340561,0.014078425,0.039124258,0.0018988866,0.0018441543,0.0076736524,0.018653875,0.00049252517,0.0059500113,0.0035876518,0.019896246,0.0004280707,0.0019870943,0.0014594079,0.02717883,0.00035587567,0.0032545635,0.0023419077,0.03973372,0.0006918421,0.0025097188,0.004668088,0.061000194,0.0015554605,0.0014171179,0.007469006,0.02246968,0.0013235279,0.0014499513,0.012029223,0.032729585,0.0017082437,0.0014629323,0.0133907385,0.03375423,0.0017771045,0.001423275,0.013411435,0.036062893,0.0020060628
4292,/home/jupyter/dent_outputs/isic2019_v2/melanoma/hairs/seed4292/lambda_t_star5/style.png,0.00017587534,0.008576885,0.14209755,0.0007232101,0.3127806,0.023200506,0.27159232,0.0030136628,0.22305392,0.015916942,0.2942845,0.0023547793,0.15233463,0.012039756,0.32165942,0.0018468351,0.124716684,0.0073470087,0.31819093,0.0013630241,0.15989603,0.0074592065,0.31774995,0.0013837287,0.32202625,0.008651446,0.2366811,0.0012762806,0.0040634377,0.0064664823,0.1463131,0.0008390561,0.00019649023,0.008134551,0.15651047,0.0007291193,0.00017948689,0.008201012,0.1369923,0.000696373
4605,/home/jupyter/dent_outputs/isic2019_v2/melanoma/hairs/seed4605/lambda_t_star5/style.png,0.0024889093,0.047877677,0.0145969,0.0032496667,0.048598714,0.01576962,0.0016671005,0.0008068279,0.24956642,0.014860424,0.0037708427,0.0040487004,0.06652902,0.08332653,0.018732112,0.010105334,0.014444275,0.04578196,0.008346175,0.003978642,0.008939188,0.04637111,0.012980297,0.005001285,0.009250704,0.047376774,0.009166798,0.0035224478,0.004163839,0.046846405,0.0065938085,0.0025026808,0.0033006729,0.05463028,0.009643134,0.0029008342,0.0026904151,0.052750796,0.013512373,0.0033692983
4772,/home/jupyter/dent_outputs/isic2019_v2/melanoma/hairs/seed4772/lambda_t_star5/style.png,0.0004872044,0.03435986,0.064646885,0.0028577675,0.10264661,0.013788633,0.18438134,0.0033685488,0.30004135,0.022309404,0.07055633,0.0036398584,0.2357301,0.015143468,0.0893135,0.0028064304,0.20834607,0.012884842,0.07676897,0.0025846544,0.2213853,0.012170778,0.075670294,0.0023826032,0.16876733,0.016289536,0.06788181,0.0025290162,0.035965238,0.028117834,0.057831176,0.0033101267,0.032413047,0.025348281,0.05040052,0.0028007047,0.0005198514,0.030166008,0.06331012,0.0028067506
4914,/home/jupyter/dent_outputs/isic2019_v2/melanoma/hairs/seed4914/lambda_t_star5/style.png,0.0017916398,0.0115880575,0.03578703,0.0036044796,0.9997124,0.018163338,0.017933967,0.00223307,0.99976057,0.019296857,0.016539365,0.0019477654,0.9997199,0.018155484,0.013934695,0.0018098146,0.999463,0.016412437,0.008753151,0.0015005249,0.9322863,0.012240595,0.01063445,0.0025290174,0.86204386,0.009984598,0.014681543,0.0026671486,0.44936618,0.012439826,0.01895711,0.003049793,0.008182092,0.016826436,0.03470569,0.0045214277,0.0027493602,0.012227544,0.03621002,0.0039756615
4686,/home/jupyter/dent_outputs/isic2019_v2/melanoma/hairs/seed4686/lambda_t_star5/style.png,0.0072550913,0.12601376,0.0033035714,0.0018292215,0.9987256,0.0072769215,0.00037765517,0.0005480011,0.99121463,0.006222714,0.00026741676,0.00034745177,0.8801338,0.014256406,0.00051705603,0.0005950885,0.49539506,0.023127807,0.0005670384,0.00058230973,0.022332374,0.07261957,0.0030456362,0.0020763702,0.0102251405,0.097868726,0.0033891324,0.0020687485,0.010720325,0.11139222,0.0033431116,0.0021085907,0.008524064,0.14555301,0.003043529,0.001917511,0.0071529243,0.13682395,0.0031975156,0.001868534
4587,/home/jupyter/dent_outputs/isic2019_v2/melanoma/hairs/seed4587/lambda_t_star5/style.png,0.3759315,0.003194807,0.0039582844,0.0027685578,0.92906505,0.0023087843,0.0026176996,0.0025480993,0.98345214,0.0009814515,0.0011509735,0.0007285276,0.82357347,0.0017932361,0.0019505825,0.0017803491,0.34285656,0.0033692934,0.0059888423,0.003905263,0.43737084,0.002496691,0.004576442,0.0031158184,0.38003913,0.003073401,0.0052220104,0.0037944142,0.412518,0.0033843461,0.005073305,0.003507483,0.40805286,0.0033876447,0.0042985426,0.003022593,0.36162353,0.0030616638,0.003781913,0.00261731
4254,/home/jupyter/dent_outputs/isic2019_v2/melanoma/hairs/seed4254/lambda_t_star5/style.png,0.18352488,0.064765595,0.00017844817,0.0006961371,0.111581504,0.036675826,0.00031681513,0.00075979985,0.1576908,0.015244282,0.00016687889,0.0005142213,0.20103732,0.011573756,0.00017290772,0.0005467179,0.15844078,0.017772947,0.00015533892,0.00055542804,0.17855747,0.034700338,0.00025061003,0.0009798262,0.19478372,0.04630758,0.00023098612,0.0009314402,0.13710593,0.058694318,0.0002229599,0.0009575462,0.1629165,0.07073609,0.00024018831,0.0009798132,0.17232627,0.06044,0.00018842195,0.0007681846
4338,/home/jupyter/dent_outputs/isic2019_v2/melanoma/hairs/seed4338/lambda_t_star5/style.png,0.5963135,0.0006999466,0.00032071504,0.00033800438,0.26908803,0.00031999487,8.0568054e-05,0.00014175549,0.2719916,0.00030341366,6.345432e-05,0.00015124083,0.4050656,0.0007199885,9.643712e-05,0.00022772606,0.36362275,0.0008894726,0.0001756809,0.00020764141,0.46918252,0.0006199926,0.00013216517,0.00015840148,0.64017797,0.00067670067,0.00018955467,0.00018401515,0.6081017,0.00083767244,0.00023629301,0.00025389384,0.57338524,0.0008299075,0.00030452939,0.00031034029,0.5781524,0.0008128998,0.00033307265,0.00035331128
4309,/home/jupyter/dent_outputs/isic2019_v2/melanoma/hairs/seed4309/lambda_t_star5/style.png,0.037061673,0.0036424135,0.000849185,0.0005029852,0.64737463,0.005610869,0.00083497766,0.00040888265,0.74038357,0.007911834,0.0009327,0.00051176816,0.8617467,0.004341491,0.0005435194,0.00026185633,0.8335115,0.004411361,0.00042135426,0.00029613945,0.52769655,0.003027147,0.00033780996,0.0002508065,0.12680778,0.0030357793,0.0004470846,0.00024442942,0.05068686,0.0055825296,0.00071019644,0.00038202066,0.03593543,0.0042822,0.00084009924,0.0004693233,0.037958737,0.0037846072,0.0008544611,0.00047173322
4029,/home/jupyter/dent_outputs/isic2019_v2/melanoma/hairs/seed4029/lambda_t_star5/style.png,0.0076110936,0.05982281,0.15357597,0.013085617,0.22474387,0.07960931,0.49018458,0.03446537,0.113031715,0.13799977,0.16853757,0.020521358,0.8822093,0.20104678,0.15987661,0.02505926,0.8389141,0.21106458,0.13296069,0.026105005,0.8694415,0.16580662,0.10312199,0.019580977,0.29129538,0.16669677,0.1681605,0.027473679,0.098712415,0.12134741,0.16879684,0.020198153,0.015785895,0.076370455,0.1683772,0.017803088,0.009866607,0.0595867,0.15119824,0.012780053
4233,/home/jupyter/dent_outputs/isic2019_v2/melanoma/hairs/seed4233/lambda_t_star5/style.png,0.0010069909,0.0048910026,0.022796948,0.0022390778,0.918278,0.008545679,0.28309762,0.0045222347,0.8719863,0.0047321427,0.24718417,0.002669406,0.9837203,0.009804431,0.1392572,0.0040305234,0.9805423,0.010128777,0.096438356,0.003966923,0.9426919,0.010756766,0.051049035,0.0035181353,0.7349835,0.007292725,0.027810967,0.0029832984,0.001401702,0.007577413,0.026207896,0.0026249303,0.0011260916,0.0068378067,0.025523273,0.0023921714,0.0010922425,0.0050178133,0.02372422,0.0022344654
4395,/home/jupyter/dent_outputs/isic2019_v2/melanoma/hairs/seed4395/lambda_t_star5/style.png,0.019132352,0.008353518,0.00079797796,0.00043844918,0.9957521,0.0003147676,6.893127e-05,7.925858e-05,0.99351066,0.00045341623,0.000112165304,0.00011585481,0.9578532,0.0004941129,0.00022787334,0.00013435607,0.682396,0.0012978523,0.00029140728,0.00017770023,0.2630271,0.003375998,0.00046595116,0.00031406287,0.09706906,0.007816454,0.000964885,0.0004640989,0.029390104,0.007587036,0.0011690425,0.00053791463,0.021241779,0.00840584,0.0011501082,0.0005802402,0.01783775,0.00873594,0.0008077768,0.00045625286
4710,/home/jupyter/dent_outputs/isic2019_v2/melanoma/hairs/seed4710/lambda_t_star5/style.png,0.09545759,0.005921467,0.00065394765,0.00041503715,0.65935826,0.0023518754,0.00057949405,0.00032499648,0.32821354,0.0046662455,0.0004390568,0.00038354896,0.087634556,0.00996514,0.0009271389,0.00069925154,0.14253803,0.014601482,0.001087273,0.00078183156,0.49245104,0.0071900054,0.0005599449,0.00038787452,0.3129995,0.008616627,0.00046945084,0.00036047044,0.18502352,0.0072926325,0.00052229804,0.00038028805,0.11221413,0.006040541,0.00068720774,0.00042532547,0.088557914,0.0057778955,0.0006438246,0.0003937762
4355,/home/jupyter/dent_outputs/isic2019_v2/melanoma/hairs/seed4355/lambda_t_star5/style.png,0.044298053,0.008102221,0.0115995,0.0017041789,0.99430746,0.0023247867,0.0003533931,0.0012482782,0.6673224,0.003338982,0.005652196,0.0010651691,0.30841678,0.0048509035,0.010812505,0.0011414461,0.41419584,0.0028390856,0.005633314,0.0007272141,0.2357356,0.0036208043,0.0065833074,0.00075101794,0.123622365,0.0054597175,0.009414168,0.001146201,0.092576094,0.008953245,0.010872966,0.0016332428,0.06829608,0.009095415,0.009921471,0.0016546493,0.042186614,0.0086936755,0.011347823,0.0018142891
4430,/home/jupyter/dent_outputs/isic2019_v2/melanoma/hairs/seed4430/lambda_t_star5/style.png,0.10265634,0.011280982,0.0011346386,0.000765796,0.12828235,0.0007322908,0.00028264374,0.00012270559,0.09846397,0.0010451494,0.0002989139,0.0001421293,0.119536854,0.0034769648,0.00032701172,0.00026134774,0.106008984,0.011676957,0.000437841,0.0004269455,0.13692407,0.011552828,0.00055960024,0.0005554826,0.12169291,0.012559525,0.00065666065,0.00062038505,0.12178294,0.013519024,0.0009989699,0.0008287694,0.13040997,0.01212086,0.0009929466,0.00078231905,0.10774153,0.0119922,0.0010699725,0.00077713234
4908,/home/jupyter/dent_outputs/isic2019_v2/melanoma/hairs/seed4908/lambda_t_star5/style.png,0.3017768,0.042549603,0.0015163415,0.001621106,0.20689732,0.0026249813,0.0015348851,0.0013292568,0.15785527,0.008211455,0.001439326,0.001291983,0.5450005,0.010762278,0.002142297,0.0022361872,0.5373498,0.012102472,0.0007308999,0.001226573,0.32680818,0.025337076,0.0009822432,0.001728091,0.25761533,0.03737219,0.0013356196,0.0016506668,0.2656314,0.04161328,0.0014451066,0.0016802049,0.23467642,0.04537005,0.0015339333,0.0016689489,0.27038425,0.04659055,0.0014690345,0.0015815716
4380,/home/jupyter/dent_outputs/isic2019_v2/melanoma/hairs/seed4380/lambda_t_star5/style.png,0.0066173077,0.087963566,0.010637977,0.018247597,0.99975175,0.0019199364,0.000605981,0.0005617167,0.9996222,0.0015484972,0.00031885898,0.00053450227,0.9994062,0.0037763426,0.0007498779,0.0014496275,0.99105525,0.0086922115,0.0019731375,0.0031396032,0.9596787,0.020289788,0.0030741303,0.007504676,0.48330104,0.026465235,0.0042815474,0.007310286,0.057241797,0.054285202,0.0069159744,0.0134869395,0.011366113,0.0995473,0.010765045,0.020079432,0.008304264,0.086885445,0.011108753,0.019728554
4081,/home/jupyter/dent_outputs/isic2019_v2/melanoma/hairs/seed4081/lambda_t_star5/style.png,0.002151732,0.22266068,0.0057511297,0.0022164204,0.99747413,0.0055179386,0.0012368119,0.000868103,0.025127003,0.09446049,0.01743042,0.0066980575,0.026124954,0.22108811,0.017885964,0.005368605,0.0078028096,0.27309415,0.012538176,0.0038037768,0.0051101493,0.21919458,0.00840222,0.0025502355,0.0078097675,0.21397243,0.008143312,0.0026786572,0.0034097768,0.2645573,0.0062002637,0.002481473,0.0027016336,0.21933138,0.0054152785,0.0022070832,0.0021591226,0.22991848,0.005052085,0.0020598813
4120,/home/jupyter/dent_outputs/isic2019_v2/melanoma/hairs/seed4120/lambda_t_star5/style.png,0.0011251608,0.05054008,0.008519536,0.0018536954,0.9993826,0.003505873,0.00106394,0.00063597807,0.9982362,0.004062556,0.0022225534,0.001143033,0.84830993,0.00964624,0.008709613,0.0035746272,0.67740524,0.022105284,0.016312804,0.0045796735,0.06263304,0.06254986,0.02208542,0.005040966,0.0031515874,0.091190256,0.01489564,0.004239489,0.0013106489,0.06369311,0.011262037,0.002880303,0.0011119928,0.057109382,0.009978024,0.0024239824,0.0010493837,0.056552354,0.008508636,0.002015649
4088,/home/jupyter/dent_outputs/isic2019_v2/melanoma/hairs/seed4088/lambda_t_star5/style.png,0.012657725,0.0071885036,0.035887927,0.0002597071,0.84855074,0.0020997939,0.002916995,0.00044242,0.4745086,0.0022446625,0.00905327,0.00041789757,0.34668785,0.0067748735,0.012237435,0.00042077532,0.08466056,0.01761546,0.0142651675,0.00032745846,0.063118055,0.033572692,0.020821126,0.00035485558,0.039462496,0.021585956,0.019610045,0.0003235737,0.021075787,0.012611047,0.028157815,0.0003018415,0.015861632,0.0071496773,0.029032296,0.00026591265,0.014193493,0.006546595,0.034546778,0.0002569653
4091,/home/jupyter/dent_outputs/isic2019_v2/melanoma/hairs/seed4091/lambda_t_star5/style.png,0.0009404666,0.01061137,0.08831163,0.005795478,0.0042670732,0.008805447,0.057515435,0.0070644175,0.0057238657,0.009312274,0.08154621,0.0074626813,0.004107075,0.007917641,0.06767527,0.006402905,0.0036130766,0.008242005,0.06757886,0.004369701,0.0031210291,0.008093485,0.056492995,0.0044588596,0.0023771701,0.009741066,0.058035802,0.0048825643,0.0014664101,0.012669643,0.06923618,0.005691474,0.0009685981,0.012101059,0.07643412,0.0056166584,0.0008716102,0.011684593,0.08327543,0.005889441
4855,/home/jupyter/dent_outputs/isic2019_v2/melanoma/hairs/seed4855/lambda_t_star5/style.png,0.0012243219,0.01267126,0.012878882,0.009453112,0.09947192,0.017158711,0.030068627,0.011398597,0.9838854,0.015693003,0.01583925,0.0069885966,0.99471825,0.01289432,0.0138743175,0.0055850903,0.98935306,0.01729135,0.013561059,0.009136937,0.0034406453,0.019902565,0.01228088,0.010697295,0.0028250443,0.0193499,0.011233077,0.009845393,0.002224953,0.016023485,0.011078636,0.009593605,0.0019572414,0.016081486,0.012825736,0.010109424,0.0013779787,0.013554668,0.012178061,0.009312405
4494,/home/jupyter/dent_outputs/isic2019_v2/melanoma/hairs/seed4494/lambda_t_star5/style.png,0.0011596843,0.08125152,0.0023318776,0.0037927402,0.9966947,0.003969339,0.0002980943,0.00034073455,0.99212134,0.0054230527,0.00042449712,0.00048058206,0.8543938,0.008076182,0.00023960575,0.00036851937,0.8357945,0.007897856,0.00016117468,0.0002421885,0.6923877,0.011146973,0.00018388116,0.0003111164,0.011552948,0.029274436,0.00049251347,0.0008320331,0.0020346746,0.07900088,0.0020461183,0.003161833,0.0017927046,0.08041536,0.0023507937,0.0038522368,0.001283586,0.07862666,0.002290904,0.0037493405
4554,/home/jupyter/dent_outputs/isic2019_v2/melanoma/hairs/seed4554/lambda_t_star5/style.png,0.0016408704,0.04868254,0.58705765,0.014313809,0.94384474,0.39247712,0.110587016,0.00573537,0.9509032,0.3616998,0.13963652,0.0078159,0.9570127,0.32574424,0.14370115,0.00805691,0.940922,0.30777797,0.1469429,0.009452037,0.921647,0.05182287,0.27211604,0.010406595,0.015910378,0.060947534,0.42738664,0.013167438,0.0031187083,0.04942445,0.5309427,0.0133703435,0.0016912122,0.047634784,0.53064144,0.012565936,0.0016448778,0.04601909,0.5652883,0.01359989
4152,/home/jupyter/dent_outputs/isic2019_v2/melanoma/hairs/seed4152/lambda_t_star5/style.png,0.0015306729,0.0057074283,0.0006180813,0.00045643965,0.064565755,0.005791108,0.00042230793,0.00017851368,0.015561878,0.0027605467,0.0004441231,0.00027449967,0.00983642,0.0042639524,0.0004412649,0.00043761006,0.006534028,0.0028888984,0.0004267095,0.00036644278,0.0024303775,0.0047881063,0.00075210654,0.00064294867,0.0029935006,0.0048369025,0.001019634,0.00087711465,0.0026333954,0.0043644346,0.0007805598,0.00062354846,0.0022474537,0.004833723,0.0006546982,0.00049023266,0.0016444244,0.00512518,0.00057831634,0.00041763452
4783,/home/jupyter/dent_outputs/isic2019_v2/melanoma/hairs/seed4783/lambda_t_star5/style.png,0.20800433,0.20106149,0.22563952,0.01266167,0.9996132,0.015049484,0.22708556,0.0076554352,0.999233,0.042570423,0.3587126,0.009265228,0.99793434,0.027811205,0.599355,0.0086196745,0.99922276,0.028708374,0.22572997,0.005555375,0.9902497,0.086750485,0.25344545,0.010463885,0.9493778,0.10990046,0.17875427,0.010070259,0.7314082,0.19123006,0.23411635,0.01825224,0.3998714,0.24704306,0.25517446,0.015851988,0.23813602,0.19717406,0.20817892,0.012236173
4015,/home/jupyter/dent_outputs/isic2019_v2/melanoma/hairs/seed4015/lambda_t_star5/style.png,0.53071856,0.0009712785,0.0007707341,0.0003358827,0.6255571,0.0003639979,0.00046550808,0.00021717633,0.42329347,0.0009880385,0.00038910317,0.00015695722,0.7595421,0.0012003696,0.0012060388,0.00048073672,0.5833138,0.0016725973,0.0010439104,0.00030460313,0.5854013,0.00090442214,0.00063015666,0.00023647536,0.40240943,0.0014360982,0.0010955199,0.0003930012,0.5232826,0.0014030507,0.0008694063,0.0004043032,0.56275403,0.0012014644,0.0007038121,0.00035705994,0.5038933,0.0010881128,0.0007579413,0.00033664374
4633,/home/jupyter/dent_outputs/isic2019_v2/melanoma/hairs/seed4633/lambda_t_star5/style.png,0.0025234073,0.009726822,0.0013096599,0.0014032825,0.43864462,0.049907945,0.0019104487,0.0032043713,0.34410843,0.11470884,0.0027955142,0.0046906453,0.37167645,0.052158166,0.0022355628,0.0035413743,0.26302415,0.017831685,0.002521838,0.0030624545,0.11675191,0.02529687,0.002611517,0.0026657484,0.021729488,0.019858284,0.0015692075,0.0017872243,0.011603503,0.016637892,0.001430521,0.0015656942,0.004912144,0.013772262,0.0013805032,0.0015193629,0.0027873009,0.01038678,0.0012901943,0.0013711348
4840,/home/jupyter/dent_outputs/isic2019_v2/melanoma/hairs/seed4840/lambda_t_star5/style.png,0.0015887197,0.013326012,0.050048508,0.0022705854,0.94764197,0.012709365,0.05637891,0.0018804569,0.14193442,0.005942725,0.07201212,0.0020833286,0.16592431,0.007294169,0.0417547,0.0020579817,0.12329526,0.011200453,0.041732334,0.0026257155,0.062428564,0.01632957,0.03650647,0.0025489307,0.012535231,0.0151822455,0.036330044,0.0024396519,0.0024739935,0.020031199,0.05816965,0.0027022425,0.0017990385,0.018028438,0.06309172,0.00280396,0.0017829209,0.015751224,0.053223178,0.0025582816
4397,/home/jupyter/dent_outputs/isic2019_v2/melanoma/hairs/seed4397/lambda_t_star5/style.png,0.031791307,0.98070425,0.004825891,0.0072422614,0.98918086,0.6126644,0.004362332,0.0031073967,0.9969537,0.8472639,0.0045983903,0.0027183753,0.9978738,0.87022793,0.0068565067,0.0032883969,0.9832734,0.90668523,0.008575166,0.004745092,0.35288313,0.9658171,0.005908374,0.006669926,0.07734213,0.97701603,0.003644683,0.005028736,0.045880277,0.9810635,0.0043269987,0.006200631,0.030769108,0.98122406,0.004175261,0.0064025656,0.030321201,0.98076504,0.004576772,0.0067856493
4980,/home/jupyter/dent_outputs/isic2019_v2/melanoma/hairs/seed4980/lambda_t_star5/style.png,0.0042048506,0.044755638,0.068587296,0.010178686,0.9950264,0.03287528,0.03897097,0.0036011862,0.99474525,0.04354043,0.07523422,0.0048963735,0.9899221,0.04230867,0.07462058,0.0044926736,0.9793479,0.040528692,0.087626964,0.0049649654,0.9702065,0.037024423,0.076053545,0.004846403,0.9376785,0.036534406,0.052175295,0.0050558206,0.42118564,0.042557932,0.052442465,0.00782318,0.009435131,0.06322712,0.06872172,0.011196915,0.005179703,0.05289885,0.06594773,0.010648586
4043,/home/jupyter/dent_outputs/isic2019_v2/melanoma/hairs/seed4043/lambda_t_star5/style.png,0.03884846,0.013446447,0.002407529,0.0012495767,0.97978896,0.0033386662,0.0035841388,0.0015952818,0.93403983,0.00285667,0.0031502156,0.0013372361,0.486006,0.007556962,0.0029871727,0.0022125063,0.35968968,0.0070866616,0.003438834,0.0021292395,0.12733789,0.016948923,0.003329142,0.0022162653,0.057188153,0.03983761,0.00287941,0.0015870355,0.05366677,0.031767655,0.0028732384,0.0015293465,0.052314024,0.024721114,0.002506251,0.0014530364,0.043495238,0.016132448,0.002286044,0.0013179742
4601,/home/jupyter/dent_outputs/isic2019_v2/melanoma/hairs/seed4601/lambda_t_star5/style.png,0.050307788,0.008267417,0.0058874227,0.00434137,0.84999144,0.0121455,0.0031375727,0.0038344888,0.7768298,0.0044095,0.0016540256,0.0028650044,0.59027874,0.0030908452,0.0026916282,0.0025166569,0.5906295,0.007799266,0.0033952824,0.0020933195,0.08598759,0.007353525,0.0061396603,0.0051917885,0.07082008,0.0071019,0.0048025567,0.0039267084,0.06969948,0.007291272,0.0042349524,0.0037208106,0.056825656,0.008229176,0.0048641986,0.0041093775,0.053728785,0.008650587,0.005509232,0.0043453886
4297,/home/jupyter/dent_outputs/isic2019_v2/melanoma/hairs/seed4297/lambda_t_star5/style.png,0.016578097,0.005296252,0.0102291815,0.0042269104,0.9526414,0.0029113228,0.004976366,0.0016678523,0.88611054,0.009376269,0.011426787,0.004112491,0.8165847,0.008361347,0.0121758,0.0032864846,0.70218587,0.0066389707,0.01302543,0.0030137186,0.64892,0.007697264,0.014099341,0.0029974426,0.49581695,0.009904169,0.014047213,0.003580791,0.14565292,0.009641886,0.011593361,0.0045576994,0.024827251,0.007363699,0.010299946,0.00496896,0.021468602,0.007518277,0.010676961,0.0050170133
4434,/home/jupyter/dent_outputs/isic2019_v2/melanoma/hairs/seed4434/lambda_t_star5/style.png,0.022198526,0.039571673,0.0014260425,0.0007685398,0.33937788,0.037669294,0.0003595669,0.00036939923,0.05049955,0.044296287,0.00035573982,0.00031874864,0.21624248,0.026514918,0.00034603133,0.00036192872,0.53215563,0.073071614,0.00036825528,0.00048983475,0.1946357,0.08347933,0.00021608082,0.0003145078,0.05640606,0.11847473,0.00046276918,0.00044881096,0.035868227,0.14157504,0.0009348143,0.0007145869,0.02641932,0.07568054,0.0013650298,0.0008556181,0.02490649,0.0512845,0.0015596375,0.0008521959
4944,/home/jupyter/dent_outputs/isic2019_v2/melanoma/hairs/seed4944/lambda_t_star5/style.png,0.1595112,0.04299445,0.0038096176,0.005428902,0.7569228,0.0024309,0.00046646997,0.00045385343,0.6969074,0.0051265173,0.0006556307,0.0007498672,0.5336837,0.03244276,0.0017623026,0.0027992574,0.60712814,0.026162105,0.0021733895,0.0030335765,0.23161608,0.042791236,0.0014889544,0.0023785627,0.1942962,0.054023825,0.002070198,0.003310424,0.18847594,0.04262743,0.0028329324,0.004239026,0.19448864,0.04640137,0.0036222208,0.0054029212,0.17722802,0.044671994,0.0037434853,0.0054632705
4632,/home/jupyter/dent_outputs/isic2019_v2/melanoma/hairs/seed4632/lambda_t_star5/style.png,0.00021340353,0.00091245153,0.004755448,0.0011043419,0.090615295,0.0017767263,0.004029017,0.0010611638,0.0010931377,0.0008123643,0.0046391985,0.0010871188,0.0007005782,0.00068372773,0.004845943,0.0010923846,0.00053140806,0.0005930018,0.004396227,0.0008279324,0.00072622724,0.00060667214,0.0034348818,0.00069415226,0.000579596,0.0005684808,0.0031549165,0.00068596215,0.0004483705,0.00047966494,0.0037538265,0.0007359746,0.00029168496,0.00046249948,0.0031920779,0.0007666624,0.00024795998,0.000574681,0.0040929434,0.0009723637
4650,/home/jupyter/dent_outputs/isic2019_v2/melanoma/hairs/seed4650/lambda_t_star5/style.png,0.00031196856,0.033999667,0.020819275,0.0012960316,0.00076019455,0.046394847,0.03754177,0.0013434719,0.0007777209,0.071625665,0.024794707,0.0012442566,0.00069844065,0.06934192,0.01814434,0.0012456754,0.0006526081,0.07446445,0.018865097,0.0013765036,0.0005591633,0.07627178,0.019624885,0.0014463747,0.00050437107,0.07121118,0.017835604,0.0013802253,0.00042176442,0.0543228,0.016577195,0.0012520761,0.0003521001,0.041855782,0.019181523,0.0013061396,0.00032538496,0.035572834,0.021274794,0.0013390081
4640,/home/jupyter/dent_outputs/isic2019_v2/melanoma/hairs/seed4640/lambda_t_star5/style.png,0.004523615,0.03032181,0.0019129042,0.00041983376,0.26899955,0.12188254,0.0011471437,0.00065397203,0.09956681,0.14507513,0.0014039604,0.0005925541,0.09229232,0.08323172,0.0016364846,0.00045724446,0.1104576,0.06398606,0.0018031072,0.0005061701,0.04437065,0.14215662,0.0013057858,0.00047528517,0.011936075,0.06563834,0.0012374317,0.00032728183,0.006469522,0.052355964,0.0015358025,0.00039425807,0.0049211583,0.04621847,0.0017935426,0.0004278143,0.004325477,0.038211424,0.0020102714,0.00044902915
4969,/home/jupyter/dent_outputs/isic2019_v2/melanoma/hairs/seed4969/lambda_t_star5/style.png,0.0024236676,0.041719202,0.0010816272,0.0011136719,0.047342163,0.0047830967,0.0009463712,0.0008970094,0.053374246,0.002347067,0.0006667732,0.0010193265,0.0075679244,0.014900792,0.0005289239,0.000564717,0.009195514,0.018588722,0.0006063539,0.00058602623,0.0043954444,0.0474082,0.0008695944,0.0009007749,0.0033137342,0.041563448,0.0009817325,0.00092773675,0.0030919209,0.040892433,0.0012043782,0.0010881149,0.0029945099,0.044241395,0.0012845455,0.0013094916,0.0024074947,0.043636296,0.001073966,0.0010793364
4351,/home/jupyter/dent_outputs/isic2019_v2/melanoma/hairs/seed4351/lambda_t_star5/style.png,0.62235576,0.018070813,0.0004967024,0.0010519394,0.9965029,0.010463615,0.00027573484,0.0005151692,0.99785256,0.0059728967,0.00013341772,0.00020096297,0.9964142,0.010969882,0.00017199495,0.00023190213,0.9842276,0.013419432,0.00042453862,0.00054972514,0.9600773,0.01475139,0.0005667882,0.00083143194,0.8802404,0.019194545,0.00051939994,0.0010868498,0.8134301,0.018335374,0.00056809786,0.0012253481,0.69588256,0.016761255,0.0005178447,0.0010874502,0.6286899,0.017986998,0.00050394144,0.0010726358
4201,/home/jupyter/dent_outputs/isic2019_v2/melanoma/hairs/seed4201/lambda_t_star5/style.png,0.022511674,0.01671528,0.00013914362,0.00015405488,0.6685674,0.0034099324,0.0001226043,0.00011086609,0.3164279,0.0015238944,6.3371175e-05,7.330173e-05,0.21113236,0.0057627345,4.1185285e-05,6.605441e-05,0.252263,0.014240561,7.5685326e-05,0.00010776761,0.110843636,0.047690388,0.0001743286,0.00021693876,0.062985696,0.044335768,8.414812e-05,0.000121433804,0.038813516,0.032776732,8.6636755e-05,0.00013152626,0.024661759,0.023818454,9.779558e-05,0.0001317825,0.024898507,0.02056177,0.00012286424,0.00014706573
4136,/home/jupyter/dent_outputs/isic2019_v2/melanoma/hairs/seed4136/lambda_t_star5/style.png,0.008544375,0.021188663,0.006246428,0.003349728,0.99980253,0.0013685869,0.0014583304,0.00069941115,0.9997522,0.0016921882,0.0033729768,0.0011302732,0.9968072,0.0008541689,0.0013747999,0.0007528649,0.9989434,0.002942134,0.0022213145,0.0011105859,0.088582866,0.02925641,0.00551841,0.0017719986,0.04061295,0.023224909,0.0047747307,0.0020797905,0.022220485,0.026611038,0.0045191147,0.0022282167,0.011918447,0.029368656,0.0031668262,0.0019558903,0.0093439035,0.024644783,0.004548177,0.0023836112
4371,/home/jupyter/dent_outputs/isic2019_v2/melanoma/hairs/seed4371/lambda_t_star5/style.png,0.003173532,0.057567418,0.005198149,0.0017490151,0.93631124,0.008475408,0.0015139637,0.0009564461,0.120422,0.044800602,0.0070522362,0.0024711357,0.19709001,0.03883179,0.0064370963,0.0033879438,0.019828776,0.060667675,0.0062164706,0.0022800257,0.0081571285,0.050684474,0.0038684336,0.0015851181,0.006192896,0.07057857,0.004367187,0.0018052189,0.004468329,0.06264505,0.005255766,0.002008462,0.0043572322,0.064766444,0.004440881,0.0017196325,0.003322469,0.06786547,0.004641335,0.0017084073
4776,/home/jupyter/dent_outputs/isic2019_v2/melanoma/hairs/seed4776/lambda_t_star5/style.png,0.0007451838,0.003957805,0.04319888,0.0031861481,0.021258922,0.0051433477,0.02153358,0.0042750775,0.02409105,0.004179669,0.027879527,0.0031685021,0.016752603,0.004901697,0.03751818,0.0036828471,0.015451138,0.0060874303,0.02088506,0.003787531,0.007811238,0.00630366,0.031052647,0.0044426923,0.0048382776,0.006189387,0.03295966,0.0046643703,0.001864808,0.004766861,0.029293636,0.003984438,0.0008119974,0.0033303415,0.026351754,0.0027760444,0.00083572674,0.0038953205,0.033588476,0.0031869614
4442,/home/jupyter/dent_outputs/isic2019_v2/melanoma/hairs/seed4442/lambda_t_star5/style.png,0.006337693,0.0071817045,0.018757895,0.003960481,0.13116646,0.014063818,0.03424173,0.0058552655,0.12702295,0.012658768,0.043503996,0.005825889,0.10856316,0.016950782,0.05078701,0.0068811113,0.0634292,0.021924233,0.044195265,0.006728889,0.08783599,0.020219788,0.04755703,0.006965599,0.099308774,0.015229621,0.039961573,0.005623872,0.083493635,0.010965848,0.02349354,0.00495605,0.035266813,0.008941879,0.01607745,0.0040151565,0.0078100665,0.0071372315,0.019101558,0.0041403454
4133,/home/jupyter/dent_outputs/isic2019_v2/melanoma/hairs/seed4133/lambda_t_star5/style.png,0.00042419598,0.0005333239,0.002847118,0.00090117456,0.017162941,0.0070903595,0.0028795963,0.0013620756,0.009166019,0.0061452608,0.0020525926,0.0008968974,0.010024629,0.018490262,0.0019111071,0.0008661093,0.5348972,0.021024033,0.0007743311,0.0005580984,0.14576305,0.026291313,0.00078988407,0.0006188541,0.04113042,0.009709229,0.001066161,0.000652089,0.0037214453,0.001577218,0.0015114371,0.00078526477,0.0004725122,0.000696016,0.0021375318,0.0007807625,0.0004405888,0.0005866192,0.002582471,0.0008595429
4503,/home/jupyter/dent_outputs/isic2019_v2/melanoma/hairs/seed4503/lambda_t_star5/style.png,0.0032567082,0.30316398,0.0022575154,0.001019852,0.013141465,0.93143535,0.0014465986,0.0008357458,0.010984394,0.90204006,0.00053784356,0.0006110834,0.009563752,0.7993415,0.0006392322,0.0005274,0.0062127486,0.8581802,0.0011573408,0.0007363093,0.005161527,0.67444044,0.0014916842,0.0010272122,0.0040943334,0.5154538,0.001934588,0.0011938211,0.0041706325,0.34192201,0.002339191,0.0012728136,0.0036630942,0.34674037,0.0019127093,0.0010308935,0.0039872853,0.3365361,0.0021714752,0.0010442113
4105,/home/jupyter/dent_outputs/isic2019_v2/melanoma/hairs/seed4105/lambda_t_star5/style.png,0.009856891,0.059684843,0.001343456,0.00059318694,0.13106881,0.015903473,0.00043507616,0.0005468211,0.051769946,0.09550857,0.00035711835,0.0004116175,0.025316425,0.10139271,0.00045284437,0.0004421289,0.02791994,0.05802492,0.0008410175,0.00070262054,0.023949347,0.08411456,0.001321785,0.000927852,0.011712957,0.09455305,0.0012379616,0.00069360767,0.012288765,0.069225214,0.0010969328,0.00052742916,0.012639175,0.05454933,0.0012481065,0.0005433249,0.010379891,0.05998683,0.0013196542,0.0005689855
4566,/home/jupyter/dent_outputs/isic2019_v2/melanoma/hairs/seed4566/lambda_t_star5/style.png,0.0029546826,0.016081033,0.00044844788,0.00013695967,0.99874,0.01922372,0.121688195,0.003911437,0.4833729,0.044275098,0.0012638272,0.001083976,0.46476352,0.024719367,0.0007190045,0.0007594071,0.32894987,0.04259479,0.00057721307,0.00068615243,0.10238757,0.1682048,0.00066498417,0.00089504884,0.011825963,0.09848654,0.00032550906,0.0002931475,0.005404977,0.03270872,0.00033200392,0.00016516463,0.0030285087,0.022018446,0.00038895963,0.0001347398,0.0025478166,0.017761555,0.00045417194,0.00014151158
4698,/home/jupyter/dent_outputs/isic2019_v2/melanoma/hairs/seed4698/lambda_t_star5/style.png,0.004977679,0.098384954,0.013638823,0.00626681,0.06177695,0.1389215,0.0040751663,0.0036309944,0.014853248,0.048247498,0.0045830025,0.0030141112,0.013273631,0.0749856,0.006957945,0.0041208854,0.01336418,0.10955071,0.008840813,0.0048552672,0.010341657,0.11162826,0.009551416,0.004503903,0.006623696,0.12417676,0.007613878,0.0037523822,0.007120033,0.12134195,0.008537696,0.004647551,0.006708491,0.10630611,0.01190223,0.006058745,0.0058248425,0.09965164,0.014342954,0.00637792
4053,/home/jupyter/dent_outputs/isic2019_v2/melanoma/hairs/seed4053/lambda_t_star5/style.png,0.009249747,0.054040544,0.25933316,0.029631991,0.83681744,0.0138419885,0.044870246,0.0059600715,0.99468577,0.010508718,0.026410893,0.0022844567,0.24501583,0.025965018,0.25159192,0.021317067,0.22746809,0.03035838,0.24827355,0.022082735,0.12790196,0.026531182,0.13052171,0.019863863,0.07618881,0.025651148,0.12276076,0.017286854,0.048040792,0.029160818,0.14034985,0.018877188,0.017514486,0.04375188,0.24494764,0.02718975,0.010113766,0.044616364,0.2239161,0.023668652
4688,/home/jupyter/dent_outputs/isic2019_v2/melanoma/hairs/seed4688/lambda_t_star5/style.png,0.086789735,0.017618794,0.0014197167,0.001941233,0.7923219,0.016956339,0.00064521737,0.001026001,0.8691429,0.0039417413,0.00044049224,0.00064531463,0.8416888,0.0062807235,0.00034183037,0.00067417795,0.45886433,0.020784138,0.00054329925,0.0012095437,0.36571306,0.028855257,0.0007492054,0.001756014,0.26044568,0.028503772,0.0010528725,0.0023095852,0.15370993,0.023902554,0.001303055,0.0023319833,0.11039786,0.019882297,0.0014813951,0.0022460876,0.094572246,0.019274991,0.0014170152,0.002053173
4585,/home/jupyter/dent_outputs/isic2019_v2/melanoma/hairs/seed4585/lambda_t_star5/style.png,0.0012952801,0.06262345,0.005808769,0.0026363991,0.9955244,0.05446352,0.0017526487,0.0013577407,0.9979442,0.036878545,0.0015694615,0.00086836354,0.9967037,0.040812865,0.0025486494,0.001492909,0.8560871,0.028681424,0.0010177711,0.0007043701,0.016201064,0.04748832,0.003072386,0.0020239998,0.002382651,0.078547105,0.0035032437,0.0026315877,0.001990669,0.09180515,0.004394312,0.0028003384,0.0018151955,0.0722461,0.0050991215,0.0028271985,0.0015413763,0.063099176,0.0060322867,0.0029203256
4341,/home/jupyter/dent_outputs/isic2019_v2/melanoma/hairs/seed4341/lambda_t_star5/style.png,0.0021775195,0.010041005,0.031316973,0.0041398713,0.8980914,0.016367735,0.10940955,0.006711278,0.9174845,0.010717569,0.062336545,0.006146254,0.89414114,0.009889823,0.05447472,0.005859728,0.9054716,0.008388239,0.053617336,0.0045171925,0.6080405,0.009621114,0.026368132,0.004779807,0.36805686,0.011849966,0.026293991,0.005781321,0.28169972,0.015716555,0.025233582,0.006097461,0.005199244,0.01762581,0.034824155,0.0056565413,0.0029957185,0.012640466,0.03241136,0.0043710023
4103,/home/jupyter/dent_outputs/isic2019_v2/melanoma/hairs/seed4103/lambda_t_star5/style.png,0.5862458,0.014528913,0.0019428134,0.0021011853,0.9882178,0.023567587,0.00097171817,0.0016903694,0.9935953,0.030670391,0.0020525956,0.0029931876,0.9923652,0.024793392,0.0018919953,0.0028387154,0.9000629,0.024326472,0.0012871615,0.0021095965,0.9306761,0.014880828,0.0013364366,0.0020222976,0.667138,0.025568902,0.0015634105,0.0030380313,0.42744765,0.018541895,0.0013472077,0.0019300964,0.4022202,0.019246416,0.0016120992,0.0020590983,0.54934466,0.014577304,0.0018527897,0.0019982413
4671,/home/jupyter/dent_outputs/isic2019_v2/melanoma/hairs/seed4671/lambda_t_star5/style.png,0.0023247048,0.0024634101,0.0052708103,0.0013006539,0.9985001,0.0027342935,0.0015272711,0.00058009697,0.9977196,0.007398173,0.002864432,0.0011840414,0.9970264,0.008706148,0.0037134737,0.0015303494,0.9823528,0.0054107932,0.002343072,0.0010192902,0.8356468,0.0044950563,0.0024852552,0.0007913947,0.16373898,0.0047533247,0.0038934778,0.0012974167,0.06020482,0.0033479836,0.0029810753,0.000986595,0.0041814516,0.0031633738,0.004557613,0.0014837274,0.00248975,0.0023897646,0.0048251837,0.0012503279
4004,/home/jupyter/dent_outputs/isic2019_v2/melanoma/hairs/seed4004/lambda_t_star5/style.png,0.0042855395,0.002837523,0.052314874,0.004691164,0.9986651,0.005240186,0.009629126,0.0015897622,0.99955887,0.0072405613,0.018830827,0.0019601302,0.99504423,0.010095389,0.09242104,0.007658236,0.9971802,0.010058121,0.050955236,0.0067743277,0.9834683,0.007405835,0.028284736,0.0053036525,0.98663145,0.0046186475,0.029151484,0.003722246,0.937498,0.005305955,0.056881383,0.0048657223,0.024733467,0.0042728614,0.06943773,0.006455368,0.00815102,0.0032078398,0.05820248,0.005456272
4424,/home/jupyter/dent_outputs/isic2019_v2/melanoma/hairs/seed4424/lambda_t_star5/style.png,0.000722047,0.06673669,0.0021508571,0.0014883454,0.00053830334,0.048660167,0.0045278836,0.0017174,0.0014855744,0.07465987,0.0051379926,0.0030564563,0.002083871,0.03684978,0.0038985594,0.0019832945,0.001943544,0.05415268,0.0042067715,0.002239862,0.0012270141,0.09099157,0.0033555927,0.0022937842,0.000720053,0.092332,0.0025825754,0.0018433313,0.0008070501,0.07975941,0.0022846416,0.0015422984,0.0008542804,0.08098546,0.002226429,0.0015592811,0.0007681788,0.07387081,0.0023822451,0.0015574063
4805,/home/jupyter/dent_outputs/isic2019_v2/melanoma/hairs/seed4805/lambda_t_star5/style.png,0.00041240855,0.012628755,0.18311094,0.00689047,0.7786816,0.042083316,0.8472353,0.0407001,0.20821749,0.023427436,0.4542301,0.012255311,0.109161496,0.035083592,0.41640118,0.011708742,0.11316341,0.03981332,0.392166,0.011184874,0.07601435,0.030345278,0.34252325,0.010813011,0.03697635,0.024517333,0.32286468,0.009332853,0.0012775,0.018163035,0.22708064,0.0074131438,0.00063448877,0.015347222,0.19255762,0.007102764,0.00055546215,0.01497258,0.19654135,0.007586584
4002,/home/jupyter/dent_outputs/isic2019_v2/melanoma/hairs/seed4002/lambda_t_star5/style.png,0.0002430738,0.014292632,0.038733657,0.0016928253,0.869841,0.0059947665,0.016462632,0.0013557838,0.7204747,0.0055389614,0.021312922,0.0012192886,0.69920725,0.00602218,0.02175935,0.001305412,0.705242,0.0076918392,0.02447424,0.0015588773,0.47403637,0.008837496,0.027788637,0.0016960315,0.30592197,0.010506293,0.036109164,0.0017394238,0.003870242,0.020163132,0.043655053,0.0023143278,0.00036267337,0.017317615,0.042480007,0.0019129117,0.00030582992,0.015602108,0.038829744,0.0018808097
4607,/home/jupyter/dent_outputs/isic2019_v2/melanoma/hairs/seed4607/lambda_t_star5/style.png,0.0055687763,0.002054991,0.025452482,0.0025406359,0.9991135,0.005528693,0.0036978126,0.0008596985,0.9991861,0.016023884,0.01740985,0.0023402595,0.9985884,0.017137213,0.0061884606,0.0016361263,0.99916196,0.010101558,0.0061460356,0.0014076943,0.9979594,0.0076612006,0.005032913,0.001362381,0.9338756,0.0046456787,0.0099733295,0.002055077,0.14083594,0.003427771,0.017536893,0.0027597737,0.011288835,0.002330527,0.020896798,0.0024388558,0.006264195,0.0020686628,0.024176031,0.0025775172
4611,/home/jupyter/dent_outputs/isic2019_v2/melanoma/hairs/seed4611/lambda_t_star5/style.png,0.0060182507,0.008049448,0.0051301355,0.004279515,0.713655,0.0030892324,0.0017986146,0.002581416,0.8311926,0.0020500273,0.0013201885,0.0016238351,0.88677764,0.0005137973,0.0004750234,0.000363236,0.45933977,0.0015718618,0.0005581327,0.00071524025,0.013341232,0.009037063,0.0019295721,0.002046621,0.012659727,0.0070807147,0.0024727266,0.0023584443,0.010384535,0.0053841355,0.0025415944,0.0024576285,0.006165777,0.007320702,0.003865188,0.0036590933,0.0065643117,0.008342206,0.0048588375,0.0043750233
4322,/home/jupyter/dent_outputs/isic2019_v2/melanoma/hairs/seed4322/lambda_t_star5/style.png,0.0041219047,0.012219673,0.30000976,0.0046560843,0.9849932,0.013344596,0.052955534,0.0022456932,0.99145716,0.013805723,0.070022315,0.0021506136,0.99144334,0.016342986,0.10853028,0.0029282533,0.9457014,0.016793298,0.093627736,0.0024861845,0.9202408,0.015026712,0.09163218,0.0025995097,0.67672735,0.010318775,0.10678768,0.0027662155,0.016009979,0.014445951,0.28720585,0.0060244584,0.0067517753,0.016192181,0.33692586,0.005790647,0.0051940647,0.014828193,0.3334361,0.005179978
4557,/home/jupyter/dent_outputs/isic2019_v2/melanoma/hairs/seed4557/lambda_t_star5/style.png,0.012570363,0.43740806,0.0011206976,0.001306506,0.9885428,0.03186338,0.0013569657,0.0012675165,0.46038485,0.1597176,0.0014354228,0.0016883975,0.9572237,0.082428046,0.0012497748,0.0012726755,0.124234624,0.31278083,0.00033202764,0.0007618128,0.013054224,0.5958543,0.00084952236,0.0012809705,0.012371141,0.5303634,0.0010951249,0.0014247409,0.01642911,0.5123664,0.001168788,0.0014171252,0.02201522,0.50113577,0.0014348461,0.0016647371,0.015477737,0.44245067,0.0011738893,0.0013381706
4829,/home/jupyter/dent_outputs/isic2019_v2/melanoma/hairs/seed4829/lambda_t_star5/style.png,0.001976473,0.0030533415,0.019262861,0.0027530943,0.9983316,0.003015564,0.0156328,0.0021787123,0.9961999,0.0054247794,0.15013503,0.004813623,0.95674163,0.0020416968,0.05771379,0.003297352,0.904216,0.0046369485,0.031627074,0.003244836,0.7010668,0.006371536,0.017790003,0.0035196654,0.5440909,0.0064391615,0.020863049,0.0035154133,0.0052222973,0.0036203554,0.021900907,0.0028990707,0.0036352216,0.0029417342,0.022225292,0.0027605258,0.0025384377,0.0033708776,0.020053564,0.0029787333
4943,/home/jupyter/dent_outputs/isic2019_v2/melanoma/hairs/seed4943/lambda_t_star5/style.png,0.003320614,0.0021617727,0.007422949,0.0035385282,0.76028484,0.0021871899,0.008694674,0.0015840003,0.022767445,0.0043834685,0.007509721,0.0037623013,0.116958536,0.0033606053,0.008884529,0.002984995,0.051882483,0.0020454426,0.0077996687,0.0026713551,0.013354941,0.001703375,0.0059899385,0.002973101,0.015798688,0.0017535973,0.0059618596,0.0032889051,0.0059625604,0.0019183041,0.0077506388,0.0036932023,0.005001081,0.002578735,0.009777019,0.004515128,0.005292889,0.0023991615,0.008180331,0.0043073073
4987,/home/jupyter/dent_outputs/isic2019_v2/melanoma/hairs/seed4987/lambda_t_star5/style.png,0.0009486344,0.041680593,0.05722802,0.003987728,0.99910563,0.008117998,0.039638903,0.0025439602,0.9990676,0.037404593,0.027665982,0.0034965053,0.9988674,0.041967914,0.028577285,0.0036844225,0.99769956,0.055975564,0.035263836,0.004966014,0.87519014,0.07599846,0.050493382,0.0054160487,0.03032459,0.09613681,0.059066225,0.0057788105,0.003927279,0.0834568,0.06108756,0.0057976684,0.0020621212,0.05201497,0.055449642,0.0043537975,0.0010469796,0.04023428,0.057163827,0.0040561697
4586,/home/jupyter/dent_outputs/isic2019_v2/melanoma/hairs/seed4586/lambda_t_star5/style.png,0.08304005,0.0018498104,0.0014925828,0.00037338215,0.95720196,0.003741261,0.0006000835,0.0002671785,0.9508751,0.0071070422,0.000681777,0.00039575587,0.7559085,0.0028486645,0.0006112783,0.00032410875,0.27989778,0.0017009724,0.0007151033,0.00022562878,0.13841878,0.001236952,0.0011296974,0.00025787976,0.085691296,0.0017730693,0.0012417525,0.00030645775,0.104274705,0.0020280618,0.0014800894,0.0003236768,0.07828705,0.0017975988,0.0013902573,0.00031638172,0.090513185,0.0020475688,0.0015112235,0.00037404356
4920,/home/jupyter/dent_outputs/isic2019_v2/melanoma/hairs/seed4920/lambda_t_star5/style.png,0.004371326,0.01441874,0.22255778,0.0042448407,0.99979407,0.0074094324,0.10734258,0.0017921141,0.9997869,0.008007094,0.111579075,0.0021314342,0.9998648,0.006572868,0.11377314,0.0018117841,0.9998572,0.0047950144,0.15756078,0.0015440256,0.9997422,0.007305008,0.09660964,0.0015269149,0.99805707,0.012771542,0.081697926,0.0024693203,0.90983427,0.024746224,0.15097566,0.0052340133,0.0333602,0.025119701,0.22592223,0.0054170047,0.007166163,0.017279549,0.20355392,0.0043482385
4124,/home/jupyter/dent_outputs/isic2019_v2/melanoma/hairs/seed4124/lambda_t_star5/style.png,0.0014362343,0.07179336,0.28655532,0.010078068,0.9957884,0.13798204,0.095758736,0.01948942,0.99862874,0.25242853,0.08180406,0.016097888,0.9985259,0.25462642,0.096315734,0.016924478,0.9916889,0.21960373,0.21797445,0.02845715,0.99499714,0.34367564,0.25125915,0.029305428,0.7730596,0.12765522,0.16569665,0.010451105,0.0033516895,0.08208538,0.33410957,0.010069721,0.0018412232,0.0638449,0.31382933,0.009204007,0.0015829968,0.068131536,0.3150114,0.00948591
4352,/home/jupyter/dent_outputs/isic2019_v2/melanoma/hairs/seed4352/lambda_t_star5/style.png,0.7353835,0.009495476,0.010399002,0.00089902396,0.9985386,0.007763988,0.0028466957,0.000543579,0.9942531,0.007067746,0.0041030766,0.0006161231,0.99652356,0.0037428346,0.0036857526,0.0005378933,0.9981567,0.0038556398,0.0038466111,0.0005453835,0.99634665,0.0072879596,0.005611624,0.00080113794,0.9896354,0.012012736,0.0068270806,0.0008654757,0.9239473,0.020562198,0.0086256545,0.0009892248,0.818044,0.015446967,0.009335129,0.00093001255,0.75256115,0.011146552,0.009322713,0.0008843497
4001,/home/jupyter/dent_outputs/isic2019_v2/melanoma/hairs/seed4001/lambda_t_star5/style.png,0.0043937424,0.005089797,0.0015384554,0.0004985556,0.13523728,0.005590622,0.0013390688,0.00052395125,0.13009118,0.002778407,0.0016993644,0.0006480001,0.038481563,0.0031475334,0.0013765536,0.000494455,0.04662967,0.004276653,0.0011235082,0.00054172083,0.023004754,0.0064821555,0.0010387582,0.0005525445,0.014355188,0.0057763453,0.0012504661,0.00052390655,0.008628,0.0059429426,0.0013553506,0.0005174697,0.006838225,0.0060502742,0.0015627133,0.000617912,0.005095419,0.005338415,0.0015470204,0.0005417846
4739,/home/jupyter/dent_outputs/isic2019_v2/melanoma/hairs/seed4739/lambda_t_star5/style.png,0.18999462,0.009157625,0.0016535555,0.0018062845,0.996807,0.0022568644,0.001148571,0.00090299104,0.7891991,0.00970152,0.0007303579,0.0008551792,0.16509125,0.018178664,0.00059987226,0.0007712594,0.12997387,0.017957455,0.0009647264,0.000968361,0.24436572,0.011222215,0.0011113865,0.0012074814,0.28523457,0.0103318095,0.0012441322,0.0012796,0.25760022,0.008277866,0.0015037432,0.0016693257,0.22182415,0.009352602,0.001724785,0.0019210469,0.18871084,0.01087412,0.0018240303,0.0020302236
4412,/home/jupyter/dent_outputs/isic2019_v2/melanoma/hairs/seed4412/lambda_t_star5/style.png,0.00015814627,0.009324802,0.023342028,0.0016207951,0.03444339,0.046985622,0.0073645213,0.0029289424,0.0075676227,0.07211045,0.008923077,0.0025710748,0.013797064,0.06311062,0.010038375,0.0031681121,0.007760528,0.05900224,0.009822535,0.0030093947,0.0050343913,0.053780872,0.009835501,0.0028468163,0.001244902,0.03905036,0.016742654,0.0033514458,0.0004067144,0.02305824,0.023784988,0.002956796,0.0002247084,0.01184541,0.023711467,0.001974085,0.00017462541,0.010046529,0.024346529,0.0017654886
4916,/home/jupyter/dent_outputs/isic2019_v2/melanoma/hairs/seed4916/lambda_t_star5/style.png,0.07616755,0.0031794836,0.0037697593,0.002308435,0.0147037655,0.029385284,0.0029574034,0.0029871599,0.06679862,0.0019209919,0.004213911,0.001402674,0.028889002,0.0008400756,0.004198909,0.0011624276,0.8657979,0.0011964998,0.0019809676,0.0010021606,0.033157635,0.0011944404,0.0030096767,0.0012186847,0.03898058,0.002199413,0.00352004,0.0017114508,0.050780687,0.00396691,0.00431858,0.002758569,0.060595833,0.004113534,0.004461828,0.0027477215,0.08000759,0.0031564676,0.0036756631,0.0024356782
4304,/home/jupyter/dent_outputs/isic2019_v2/melanoma/hairs/seed4304/lambda_t_star5/style.png,0.81214905,0.011822269,0.012823882,0.010738946,0.9885971,0.009875687,0.014437813,0.010478668,0.96526694,0.016823234,0.025344726,0.01899065,0.98451656,0.009496705,0.010432566,0.0064331023,0.92818135,0.0071740113,0.014964352,0.0077464716,0.89825696,0.008385939,0.01242942,0.009791848,0.85644484,0.009029443,0.010960657,0.008455751,0.82457924,0.008969468,0.010983337,0.00902285,0.839592,0.010607622,0.012270339,0.009707198,0.81515425,0.011023813,0.012453341,0.010217761
4626,/home/jupyter/dent_outputs/isic2019_v2/melanoma/hairs/seed4626/lambda_t_star5/style.png,0.001520465,0.002253233,0.004766793,0.00073793647,0.96563643,0.001313189,0.0020283002,0.0005618835,0.9634312,0.0007905885,0.001916739,0.00041188655,0.94127524,0.0010184771,0.0017283807,0.00041593786,0.8039498,0.00190356,0.0023354325,0.00053349097,0.0030968103,0.0019079436,0.0048703076,0.0006912687,0.0022871548,0.0025359748,0.0040213815,0.0006979353,0.0019323758,0.002784373,0.0037745903,0.0007084304,0.0016555231,0.0023759243,0.003708243,0.00069795793,0.0015297658,0.0021253545,0.0043397066,0.00067819783
4160,/home/jupyter/dent_outputs/isic2019_v2/melanoma/hairs/seed4160/lambda_t_star5/style.png,0.0015828273,0.019242618,0.0009113147,0.00029691547,0.2503188,0.004535619,0.00066876673,0.00047088997,0.4397899,0.005814775,0.0007732155,0.0006159023,0.41223493,0.011646417,0.001072273,0.0007529523,0.070051305,0.017047739,0.00091334525,0.0004949871,0.011172888,0.020586051,0.0012122598,0.00044747235,0.0074438546,0.01575146,0.0012741206,0.00040539925,0.005351565,0.01637079,0.0012750778,0.00039586923,0.0037685488,0.018968182,0.001078453,0.0003577295,0.0023933838,0.020565866,0.00087661337,0.0003207661
4750,/home/jupyter/dent_outputs/isic2019_v2/melanoma/hairs/seed4750/lambda_t_star5/style.png,0.004126505,0.001980215,0.04821842,0.0017643394,0.7355509,0.0028872327,0.091297135,0.0039188364,0.64903885,0.002512742,0.07809636,0.003565305,0.54785657,0.0026994606,0.09114593,0.003905289,0.5797284,0.0028921773,0.095343456,0.0038846834,0.6992551,0.0026678806,0.09766475,0.002815198,0.6570845,0.002313392,0.052115373,0.0024287803,0.52830595,0.001428224,0.019105414,0.0012686754,0.009566662,0.0014620167,0.033809796,0.0016786667,0.005927837,0.001983743,0.043464568,0.0018747125
4866,/home/jupyter/dent_outputs/isic2019_v2/melanoma/hairs/seed4866/lambda_t_star5/style.png,0.00724103,0.0021937317,0.007544063,0.0014215208,0.10242724,0.060963508,0.0039043394,0.002057722,0.088919885,0.046944067,0.003736842,0.0018828937,0.18063964,0.06374312,0.0054859356,0.0023191927,0.46347806,0.09264353,0.008132686,0.0030153922,0.27797064,0.07938577,0.007312359,0.0030758798,0.025984105,0.024138706,0.005997521,0.0025506867,0.015287802,0.00208252,0.007053458,0.0017444777,0.010551813,0.0025325634,0.007562003,0.0017376867,0.009812972,0.0025264013,0.007239255,0.0015884989
4810,/home/jupyter/dent_outputs/isic2019_v2/melanoma/hairs/seed4810/lambda_t_star5/style.png,0.012673802,0.012798198,0.0038186873,0.0023212081,0.9968273,0.0023844775,0.0023213748,0.00064186833,0.9577205,0.005353153,0.0008637712,0.00042563558,0.7951361,0.0035014045,0.0016934613,0.0008230915,0.50231963,0.010050911,0.0030680266,0.0022855024,0.31012392,0.020277796,0.004361953,0.0029789784,0.04967223,0.021416439,0.003870382,0.0036767614,0.012191669,0.01847587,0.0034402122,0.0028311708,0.011305735,0.01543971,0.0037992985,0.0025433104,0.012455095,0.01347569,0.003871827,0.0025357106
4608,/home/jupyter/dent_outputs/isic2019_v2/melanoma/hairs/seed4608/lambda_t_star5/style.png,0.0010004033,0.020552607,0.093379594,0.0042449962,0.8618753,0.04271792,0.12149742,0.009938093,0.88450086,0.029543957,0.093209684,0.009141699,0.8694359,0.02850036,0.11160187,0.008450321,0.88373363,0.030419797,0.10275557,0.008113611,0.97625935,0.022935474,0.065170705,0.007647126,0.73599994,0.044056285,0.082929485,0.008308154,0.0026740448,0.037819143,0.096580245,0.0066816537,0.0017654931,0.030619882,0.094021775,0.005206697,0.0012953355,0.023447836,0.09278702,0.004572831
4041,/home/jupyter/dent_outputs/isic2019_v2/melanoma/hairs/seed4041/lambda_t_star5/style.png,0.0005964308,0.07381199,0.18444258,0.008177871,0.662945,0.10459342,0.17687078,0.014164294,0.6970219,0.083149254,0.24301828,0.012723942,0.10304803,0.053089734,0.1767356,0.006656459,0.03860402,0.08143204,0.17140596,0.006824724,0.0066989404,0.07162667,0.18217975,0.007403284,0.0010239849,0.076937005,0.20321064,0.00699594,0.000886197,0.0802887,0.21155727,0.0077362335,0.0007931409,0.08721426,0.20084347,0.008621483,0.00069206266,0.0861794,0.20326965,0.0093205115
4221,/home/jupyter/dent_outputs/isic2019_v2/melanoma/hairs/seed4221/lambda_t_star5/style.png,0.005063634,0.0064058667,0.0006204167,0.00034970188,0.9924164,0.013920198,0.00049366546,0.0005482558,0.99030226,0.002258956,0.00033180424,0.00027967824,0.964054,0.009895438,0.0005785603,0.00039224853,0.8524723,0.013723836,0.00057936565,0.0005128916,0.44557863,0.0133776795,0.0005925168,0.000563836,0.04287849,0.01251089,0.00083484995,0.0005619311,0.017335184,0.007234287,0.0006541615,0.00039473272,0.008222267,0.006902105,0.00064282306,0.00035891947,0.006054592,0.006777155,0.0006008813,0.000334046
4551,/home/jupyter/dent_outputs/isic2019_v2/melanoma/hairs/seed4551/lambda_t_star5/style.png,0.0028838287,0.00011694567,0.015433116,0.00025125383,0.003536839,0.0001102829,0.021188471,0.00022662227,0.00258316,0.00010894406,0.021438843,0.00022322047,0.0025157128,0.000112312686,0.020956263,0.00022757325,0.0030679598,0.00012001306,0.014782054,0.0002447482,0.0028162326,0.00010653346,0.01238459,0.00022712779,0.0035375615,0.000121735015,0.0140630985,0.00024992067,0.0029211198,0.000121240104,0.01308103,0.0002484508,0.0028589023,0.00012163672,0.014840933,0.00025421262,0.0029584386,0.00012153482,0.014022424,0.00024973013
4145,/home/jupyter/dent_outputs/isic2019_v2/melanoma/hairs/seed4145/lambda_t_star5/style.png,0.0019586391,0.009776086,0.020031644,0.0028241298,0.20770454,0.007101954,0.01643782,0.0028348875,0.86306673,0.004555746,0.046295732,0.0031955543,0.016020028,0.0039253603,0.012567121,0.001376541,0.012521841,0.006947588,0.025224626,0.0020448265,0.006581052,0.0075849183,0.029466784,0.0021779444,0.0052219606,0.0110067995,0.039346386,0.0037064746,0.0039029205,0.010065902,0.025694543,0.0030589972,0.002411325,0.010497364,0.022309009,0.0029653555,0.0023641922,0.010226111,0.019219829,0.0030797676
4759,/home/jupyter/dent_outputs/isic2019_v2/melanoma/hairs/seed4759/lambda_t_star5/style.png,0.0065991837,0.10701882,0.0405169,0.0047669103,0.9975332,0.04913441,0.07326638,0.0025046424,0.9928497,0.13951129,0.1598712,0.0049805418,0.98983395,0.1854157,0.178095,0.005433332,0.9917854,0.1243878,0.17448607,0.004843603,0.99623615,0.09428504,0.08707435,0.003143952,0.99473405,0.12968332,0.0517157,0.0030510752,0.86754316,0.15702465,0.039734237,0.003977688,0.009737245,0.1488682,0.04113279,0.0047824318,0.00782136,0.11379208,0.04081577,0.004780183
4240,/home/jupyter/dent_outputs/isic2019_v2/melanoma/hairs/seed4240/lambda_t_star5/style.png,0.0044069868,0.0047923643,0.06426781,0.0024298632,0.9800884,0.0057206186,0.077931285,0.0024571351,0.97704905,0.005327046,0.07246205,0.0025240148,0.9851643,0.008612994,0.07136143,0.0030405093,0.9889064,0.010292216,0.08358802,0.003973589,0.97757566,0.00844312,0.032583784,0.0026529005,0.81637466,0.0060247267,0.03252927,0.0030065218,0.005464906,0.005784013,0.078335755,0.0025454622,0.005251025,0.0055029504,0.0669846,0.0025484615,0.005330516,0.0055641993,0.07433204,0.002638982
4547,/home/jupyter/dent_outputs/isic2019_v2/melanoma/hairs/seed4547/lambda_t_star5/style.png,0.034617636,0.010862227,0.006384297,0.0014230169,0.86534965,0.006643463,0.0054346053,0.0025083474,0.90493155,0.00673415,0.004510133,0.0018804757,0.8917584,0.011967253,0.0038355652,0.001987225,0.85177255,0.008629887,0.0026494924,0.0015037268,0.8218586,0.007039752,0.0020830568,0.0012219556,0.32300612,0.008920426,0.0029379646,0.0010717568,0.1250289,0.010074762,0.0050157188,0.0013328119,0.061780766,0.011888902,0.006474084,0.0014756725,0.03997701,0.01116732,0.0057902187,0.0012588612
4733,/home/jupyter/dent_outputs/isic2019_v2/melanoma/hairs/seed4733/lambda_t_star5/style.png,0.99915195,0.0007320504,0.00069116266,0.0011374581,0.99248475,0.002438,0.0017728033,0.0034715862,0.99423534,0.0012031479,0.0012417076,0.0022801897,0.9947783,0.001711678,0.0018320592,0.0029695483,0.9983365,0.0015393345,0.0011925993,0.001784495,0.998735,0.0032866609,0.0013387607,0.003215399,0.9986634,0.0024581042,0.0010393907,0.002330578,0.99896634,0.0012252261,0.00078572816,0.0014917032,0.9989329,0.00075521844,0.0006418619,0.0010974422,0.9991304,0.00070403755,0.00064795685,0.001080184
4123,/home/jupyter/dent_outputs/isic2019_v2/melanoma/hairs/seed4123/lambda_t_star5/style.png,0.0009695852,0.004588555,0.10025896,0.0020686332,0.36575466,0.018264702,0.09283656,0.0022560155,0.100477286,0.011407219,0.1298082,0.0025085658,0.03420033,0.011281514,0.1976973,0.002723235,0.009274101,0.008455476,0.24431938,0.0027114034,0.007402037,0.0072926423,0.19106406,0.0021102843,0.003174013,0.0064989105,0.1573126,0.002048825,0.0010111978,0.0058743428,0.10973691,0.0019489938,0.0014533949,0.005181875,0.09596079,0.0017319995,0.0013885238,0.0050021303,0.102445036,0.0019752046
4332,/home/jupyter/dent_outputs/isic2019_v2/melanoma/hairs/seed4332/lambda_t_star5/style.png,0.010583354,0.043672428,0.0016625585,0.0020196605,0.5358673,0.022841407,0.0010915742,0.0012377499,0.58076847,0.02911442,0.0010984092,0.0015810446,0.58468425,0.032213077,0.0010366075,0.0015674297,0.5663067,0.025427667,0.0014307545,0.0017699687,0.21767497,0.04085174,0.0023073042,0.0029046654,0.02139538,0.06584737,0.000943275,0.0014398765,0.013582432,0.04721464,0.0012516035,0.001791478,0.008872525,0.03937924,0.001160407,0.0015726613,0.009124783,0.03887774,0.0013658596,0.0017203694
4844,/home/jupyter/dent_outputs/isic2019_v2/melanoma/hairs/seed4844/lambda_t_star5/style.png,0.37510288,0.006530807,0.000251846,0.00027715572,0.8557188,0.007687502,0.0008406402,0.00052904064,0.87496656,0.005396143,0.00080175156,0.00041367975,0.9006934,0.0056777876,0.0007107533,0.0004367949,0.90367156,0.0050559426,0.00065779156,0.0004264578,0.74243647,0.006753701,0.00061207055,0.0004562189,0.5191793,0.008471029,0.00041317605,0.00040969715,0.4463674,0.007888808,0.0003470985,0.00037583485,0.37411293,0.0072972933,0.00028901536,0.00031885804,0.3860658,0.0077034836,0.00027876697,0.00031240517
4177,/home/jupyter/dent_outputs/isic2019_v2/melanoma/hairs/seed4177/lambda_t_star5/style.png,0.0003247735,0.018832786,0.03453783,0.0032428268,0.9513785,0.06359076,0.0954266,0.005771082,0.9333446,0.048756734,0.06887404,0.0054845233,0.88036656,0.065048344,0.07530731,0.007169376,0.37399295,0.03722282,0.051129352,0.0050626276,0.360431,0.03886829,0.030518688,0.004625793,0.055675898,0.027908497,0.029525425,0.0035854212,0.0062217847,0.023714647,0.027583102,0.0035314101,0.0005369787,0.0221335,0.028083265,0.0032968004,0.00033893433,0.022214757,0.03255478,0.0033697803
4528,/home/jupyter/dent_outputs/isic2019_v2/melanoma/hairs/seed4528/lambda_t_star5/style.png,0.10159417,0.012043704,0.0018412574,0.0018200714,0.98640823,0.0052514602,0.00026658844,0.0008663718,0.9908381,0.003289094,0.00036003938,0.00081493915,0.98757255,0.0026961647,0.0004016395,0.0009212848,0.95670974,0.007500596,0.00064075313,0.0016330028,0.90242684,0.012959897,0.0010410463,0.0016937733,0.816949,0.02727893,0.0014057766,0.0021926747,0.6370386,0.007986713,0.0008629958,0.0010908496,0.18535174,0.013590541,0.0016228613,0.001628258,0.11468521,0.011701747,0.0015807721,0.0017065769
4174,/home/jupyter/dent_outputs/isic2019_v2/melanoma/hairs/seed4174/lambda_t_star5/style.png,0.0018093763,0.019208321,0.0007240177,0.0011387786,0.09808244,0.15635797,0.0002519219,0.00062430307,0.22254808,0.03838528,0.00027237213,0.0005137349,0.13780208,0.020776197,0.0003723284,0.00055366475,0.061909694,0.027883543,0.00044666306,0.000517323,0.012214557,0.046424657,0.00048205073,0.0006251655,0.00275077,0.05054107,0.00046062257,0.000881497,0.0028772575,0.026764195,0.0005837373,0.001159829,0.0022153102,0.023000017,0.0006680599,0.0012012211,0.0021003354,0.020702781,0.0007316132,0.00119449
4687,/home/jupyter/dent_outputs/isic2019_v2/melanoma/hairs/seed4687/lambda_t_star5/style.png,0.002883168,0.011764773,0.01758222,0.005183181,0.009941529,0.024120867,0.021609766,0.008416948,0.009267619,0.029189743,0.02262387,0.007806535,0.007644699,0.029479565,0.020868558,0.007041202,0.005664298,0.03585122,0.022081515,0.0060085976,0.004925842,0.028110065,0.018378282,0.0049137897,0.0045004725,0.024615405,0.017179783,0.0049374253,0.0040030433,0.01872905,0.017712098,0.0051666773,0.0045288596,0.017017633,0.01965691,0.0056373468,0.0033069456,0.013374527,0.017823627,0.0052767037
4461,/home/jupyter/dent_outputs/isic2019_v2/melanoma/hairs/seed4461/lambda_t_star5/style.png,0.0012366034,0.0017295254,0.020123169,0.0026373335,0.9739556,0.005642711,0.03356009,0.003996423,0.94805855,0.0030434856,0.02205836,0.0029251557,0.7924824,0.0021047764,0.013816672,0.0022731707,0.39381346,0.0031280585,0.022029916,0.0033257487,0.19962421,0.0039839726,0.021093883,0.0048615145,0.046415757,0.0022303348,0.015763324,0.003611858,0.010166466,0.002163664,0.024638768,0.00366465,0.0029135426,0.0018665663,0.023341782,0.0029742278,0.0017629805,0.0019104306,0.021330357,0.0027959542
4261,/home/jupyter/dent_outputs/isic2019_v2/melanoma/hairs/seed4261/lambda_t_star5/style.png,0.6679586,0.0028114042,0.00050193444,0.0007581305,0.6989982,0.029880151,0.0003537774,0.0005969606,0.84312123,0.02225455,0.00029462576,0.0004669493,0.8524343,0.0039640884,0.00024964634,0.00031004628,0.8653668,0.0026216554,0.00018418174,0.00022870196,0.84330213,0.006676314,0.00022628697,0.00034509736,0.7285254,0.009521243,0.00018690922,0.00040973054,0.688204,0.0053492575,0.00028738813,0.000509279,0.7096351,0.003148895,0.0003914152,0.0006115953,0.7003775,0.0030040601,0.0005044951,0.00080432615
4311,/home/jupyter/dent_outputs/isic2019_v2/melanoma/hairs/seed4311/lambda_t_star5/style.png,0.0009737456,0.13987137,0.37124792,0.009322674,0.114204556,0.017993243,0.15907118,0.004733342,0.9468501,0.07741076,0.1535382,0.0040810285,0.0054651466,0.2144955,0.24641041,0.009397285,0.0053009796,0.21455812,0.29288355,0.010521086,0.0020968905,0.1899793,0.3020135,0.008683034,0.0018893364,0.20472503,0.34405643,0.008527224,0.0014948131,0.17980605,0.35908097,0.008957283,0.0015493527,0.1888129,0.38967222,0.010004868,0.0012520667,0.18098791,0.40731838,0.010742801
4922,/home/jupyter/dent_outputs/isic2019_v2/melanoma/hairs/seed4922/lambda_t_star5/style.png,0.0025229969,0.0056670783,0.035154656,0.0075520715,0.96250474,0.009014544,0.013261815,0.0045254813,0.9677049,0.007963012,0.0134302825,0.0038925828,0.9591059,0.0037077,0.01122907,0.0028131143,0.96031773,0.0047905655,0.014406209,0.0031320192,0.95322686,0.0044286656,0.013064733,0.0035028693,0.90874285,0.004960741,0.03213531,0.0048811976,0.27623656,0.006184787,0.031109491,0.0076797395,0.007785028,0.0083655985,0.036771923,0.008706267,0.003571724,0.0056955065,0.032175146,0.0075386628
4582,/home/jupyter/dent_outputs/isic2019_v2/melanoma/hairs/seed4582/lambda_t_star5/style.png,0.005095419,0.06444542,0.0033869476,0.0032905918,0.018893873,0.11993028,0.0020600616,0.00070461206,0.32197857,0.0029170923,0.0014591313,0.001835424,0.26308262,0.0042462056,0.0019308885,0.0020885963,0.23304424,0.0073383236,0.002249683,0.002644413,0.045609858,0.026331594,0.0026012794,0.0024404665,0.015658379,0.0322988,0.002619346,0.0022428168,0.0051321927,0.04093007,0.0032170133,0.002701451,0.004784647,0.061227754,0.003057898,0.0028177474,0.0053314315,0.06624761,0.003727801,0.0035956432
4581,/home/jupyter/dent_outputs/isic2019_v2/melanoma/hairs/seed4581/lambda_t_star5/style.png,0.0013936404,0.025553012,0.09554619,0.002408646,0.5374425,0.04261122,0.4081552,0.0041661495,0.66743916,0.024270456,0.46062422,0.0042611067,0.9764723,0.07249698,0.054876357,0.0038357582,0.9770483,0.055260893,0.054487616,0.003935009,0.9791133,0.04269852,0.06616244,0.003758321,0.9333859,0.050129525,0.07217267,0.004438109,0.0027576077,0.04299782,0.09393986,0.0026533143,0.0018447214,0.03247825,0.10084325,0.002667798,0.0014601509,0.027815938,0.10179114,0.002520236
4034,/home/jupyter/dent_outputs/isic2019_v2/melanoma/hairs/seed4034/lambda_t_star5/style.png,0.004173646,0.0062845307,0.024687259,0.0023091468,0.9556084,0.0046711555,0.026311588,0.002158951,0.94319147,0.0066136317,0.033704314,0.002281927,0.932271,0.006148282,0.03407614,0.0021700251,0.96123606,0.005242859,0.036787998,0.0018822217,0.98892516,0.002054775,0.005383658,0.0005261417,0.82748985,0.0042786086,0.00966028,0.0011805631,0.7315422,0.0038458456,0.0076484396,0.00093627523,0.005236973,0.0065759793,0.021970524,0.0023922692,0.0048319865,0.0073246676,0.022468116,0.002470796
4195,/home/jupyter/dent_outputs/isic2019_v2/melanoma/hairs/seed4195/lambda_t_star5/style.png,0.014121357,0.005036778,0.007319972,0.0038945726,0.996705,0.0029060107,0.004409531,0.0012115944,0.98225176,0.003263811,0.0033241461,0.0017921355,0.9638552,0.005429193,0.004261568,0.0024948842,0.96112007,0.0040151835,0.0033906046,0.0020845353,0.896799,0.004548762,0.0037563236,0.0027205972,0.26069108,0.0055733672,0.0055817487,0.004071893,0.03525846,0.00477163,0.006329498,0.003560069,0.02090538,0.0037727403,0.006077753,0.0033284794,0.016599117,0.004093379,0.006466139,0.0036042212
4090,/home/jupyter/dent_outputs/isic2019_v2/melanoma/hairs/seed4090/lambda_t_star5/style.png,0.052670192,0.012746172,0.00027595708,0.00060001743,0.28482985,0.019934025,0.00051808346,0.00084986247,0.48502612,0.003689323,0.00031687072,0.0006070932,0.50170636,0.0025219496,0.0002928726,0.00067733746,0.41070023,0.008048652,0.00043955582,0.0010645017,0.16616288,0.019913528,0.0005217189,0.001201699,0.094496496,0.020344196,0.0007638635,0.0016513853,0.054901764,0.017574273,0.0005293483,0.0010905971,0.04866395,0.016179932,0.0003740724,0.00080456794,0.05104153,0.014103964,0.00031990884,0.0007020165
4563,/home/jupyter/dent_outputs/isic2019_v2/melanoma/hairs/seed4563/lambda_t_star5/style.png,0.0012536108,0.0037187394,0.7081203,0.0012325688,0.78519845,0.0068358644,0.50974405,0.0039996947,0.7486023,0.008832197,0.69982666,0.0035559966,0.8410309,0.0066136788,0.49453387,0.002114855,0.7760522,0.00790169,0.45601085,0.002907848,0.35021946,0.006353728,0.4666945,0.0027312809,0.27535838,0.006861253,0.57447815,0.0024859977,0.06202905,0.007965084,0.55294895,0.0022402327,0.0057988665,0.0054644984,0.76523185,0.001510504,0.001407577,0.00434589,0.7162095,0.0014982568
4440,/home/jupyter/dent_outputs/isic2019_v2/melanoma/hairs/seed4440/lambda_t_star5/style.png,0.009357763,0.058781136,0.01347427,0.0073646647,0.97860354,0.0012278459,0.004779573,0.00073952606,0.9558465,0.004354418,0.0022572621,0.00081018236,0.9795052,0.011794637,0.0011258599,0.0005111502,0.9399316,0.011501951,0.0010128745,0.0004392628,0.9070907,0.015437787,0.0023015137,0.0008229609,0.47993317,0.018454578,0.0038023118,0.0016689928,0.018149342,0.040789697,0.008037307,0.0056257662,0.009219697,0.059986994,0.011431248,0.006991473,0.008844896,0.060892463,0.011031327,0.006738939
4360,/home/jupyter/dent_outputs/isic2019_v2/melanoma/hairs/seed4360/lambda_t_star5/style.png,0.03177798,0.04530373,0.0004958166,0.0005588953,0.42891034,0.012031818,0.00037817252,0.0004680826,0.27773643,0.011084609,0.00047871988,0.0005584349,0.30628985,0.028823279,0.00072446594,0.00079230015,0.22817045,0.026522558,0.00075575046,0.00083112455,0.03167536,0.045534313,0.0007262023,0.00077702303,0.032860763,0.04708668,0.00048097715,0.00057068764,0.028083097,0.044756446,0.00042611625,0.00052239036,0.030091573,0.0539885,0.0004916162,0.00057736214,0.033722356,0.05066362,0.00050125143,0.0005796747
4406,/home/jupyter/dent_outputs/isic2019_v2/melanoma/hairs/seed4406/lambda_t_star5/style.png,0.005520731,0.040911213,0.0015933804,0.0015504844,0.1810087,0.04464855,0.0016909641,0.002094451,0.06768659,0.11813892,0.002713416,0.0032087897,0.014879186,0.06568286,0.001903185,0.0028984575,0.007953454,0.03479731,0.0013640767,0.0018079577,0.010109485,0.0440034,0.0018673561,0.0020388733,0.00863968,0.051388994,0.0016340759,0.0018249899,0.008045185,0.05097877,0.0017213523,0.0018028428,0.007552433,0.04839943,0.0018322242,0.0018521987,0.0065294374,0.0472052,0.0017293962,0.0016865522
4199,/home/jupyter/dent_outputs/isic2019_v2/melanoma/hairs/seed4199/lambda_t_star5/style.png,0.0021839577,0.0024652327,0.017621996,0.00093161996,0.4540602,0.00037336448,0.00093550165,0.00013231284,0.71910024,0.00021641792,0.00031106125,0.00010123454,0.7746831,0.00025180183,0.00027192768,8.857761e-05,0.7436058,0.00040737074,0.0007209253,0.00020892534,0.32026497,0.00073524873,0.0016180545,0.00028620037,0.007936604,0.0017955088,0.0038899493,0.00047754875,0.0037078392,0.002515533,0.007959653,0.00079573673,0.002631993,0.002650526,0.015939979,0.00091231335,0.0024876015,0.0028225954,0.017806783,0.0010104424
4134,/home/jupyter/dent_outputs/isic2019_v2/melanoma/hairs/seed4134/lambda_t_star5/style.png,0.00024717065,0.087993845,0.018919932,0.002012764,0.20728737,0.09058715,0.049341973,0.0053999214,0.23503938,0.08837083,0.06755599,0.007986593,0.21290807,0.08990933,0.087621994,0.0075839097,0.16755345,0.1300155,0.08217948,0.006413823,0.0022347057,0.3277297,0.07222661,0.0069383495,0.0007205804,0.2072181,0.03450266,0.004032897,0.00066580065,0.11696534,0.031165022,0.0034540107,0.0004419842,0.118032,0.023451056,0.0028689967,0.00034524925,0.110500865,0.018688254,0.0023401235
4890,/home/jupyter/dent_outputs/isic2019_v2/melanoma/hairs/seed4890/lambda_t_star5/style.png,0.0029179037,0.08386175,0.0010927218,0.0006802664,0.9884724,0.009698653,0.0027472537,0.0022971567,0.9643345,0.04511386,0.020085797,0.002338718,0.9726644,0.015032043,0.01479189,0.0013882025,0.62075204,0.056267004,0.0014367166,0.0008503165,0.0058270874,0.039350264,0.0015637022,0.0010045676,0.010425671,0.047740307,0.0015351754,0.001204964,0.007430222,0.05655765,0.0010334939,0.0010081577,0.0027889274,0.07749152,0.00097433024,0.00070582615,0.0025407472,0.08888747,0.0009616375,0.0006375481
4323,/home/jupyter/dent_outputs/isic2019_v2/melanoma/hairs/seed4323/lambda_t_star5/style.png,0.0047317115,0.40038222,0.0036538788,0.002094804,0.012295319,0.6303075,0.003153068,0.001967251,0.005006216,0.41161415,0.00277284,0.001471018,0.010230997,0.29091546,0.0014763197,0.0015566406,0.014661319,0.44813833,0.00382693,0.003136295,0.009472313,0.47455144,0.0035061166,0.0024452936,0.009322269,0.449457,0.004210359,0.0023603376,0.0063168034,0.3742453,0.003718409,0.0021680365,0.005141684,0.38175008,0.0035105357,0.0022138793,0.004426419,0.37801152,0.003464457,0.0021432135
4361,/home/jupyter/dent_outputs/isic2019_v2/melanoma/hairs/seed4361/lambda_t_star5/style.png,0.009463901,0.040948294,0.45188957,0.012791748,0.8835577,0.021123728,0.4350718,0.009310598,0.4933162,0.011012651,0.6361849,0.010467965,0.9062358,0.008532736,0.7417483,0.0077194427,0.91111344,0.009259732,0.66948,0.008267601,0.712941,0.00865665,0.62082845,0.0060864296,0.6584682,0.01846562,0.35971344,0.0071387156,0.0364623,0.037608642,0.52159876,0.013813776,0.012539198,0.036480524,0.49811813,0.012589062,0.012013795,0.046030212,0.49215913,0.014070955
4363,/home/jupyter/dent_outputs/isic2019_v2/melanoma/hairs/seed4363/lambda_t_star5/style.png,0.11628964,0.021254944,0.0014358158,0.0027143257,0.88073695,0.0024973536,0.00041181606,0.0014278248,0.83871895,0.0049824277,0.0009590307,0.0026074364,0.7060057,0.0047955676,0.0005493632,0.0015994841,0.6525592,0.0041089146,0.00057788874,0.0014722764,0.41682532,0.010747059,0.00061179814,0.0010445327,0.20426315,0.015804566,0.00082368345,0.0012814562,0.16207735,0.01819744,0.0010843963,0.0019411655,0.15359847,0.018980838,0.0012119774,0.0023166663,0.14000337,0.0200751,0.0013652119,0.0026157782
4827,/home/jupyter/dent_outputs/isic2019_v2/melanoma/hairs/seed4827/lambda_t_star5/style.png,0.003257897,0.01733264,0.10546548,0.005052926,0.46912804,0.1901993,0.11161593,0.016264182,0.38653746,0.22411817,0.12515774,0.017731382,0.3624103,0.21727827,0.12508756,0.01765145,0.2970055,0.18421078,0.08003506,0.012392116,0.23418866,0.1783187,0.06603635,0.01033357,0.015203414,0.07955486,0.06943301,0.007836779,0.0053454507,0.023040636,0.081270695,0.0057155,0.0046473723,0.020787712,0.10018715,0.005531968,0.0038670667,0.018752549,0.09874025,0.005587442
4682,/home/jupyter/dent_outputs/isic2019_v2/melanoma/hairs/seed4682/lambda_t_star5/style.png,0.001795132,0.006221761,0.036798753,0.0020219204,0.9317748,0.0042050886,0.004997466,0.0009669993,0.51298743,0.004733942,0.022503624,0.0011483299,0.34100562,0.00700763,0.03885364,0.0022119768,0.119312555,0.007908724,0.042939287,0.0029960205,0.21721372,0.010802371,0.029777575,0.0028596693,0.0558889,0.009889119,0.0423315,0.0023804246,0.020532804,0.013131494,0.050573163,0.0028887333,0.0022244726,0.007077471,0.03965773,0.0020333168,0.0022547343,0.0062926924,0.040424097,0.002178308
4546,/home/jupyter/dent_outputs/isic2019_v2/melanoma/hairs/seed4546/lambda_t_star5/style.png,0.7895755,0.0038432996,0.04530539,0.0013298652,0.99856937,0.004216993,0.092263065,0.0008574087,0.9997495,0.0014728409,0.06296608,0.00044896267,0.9997075,0.0017379291,0.08272057,0.0006353038,0.9996494,0.0022923388,0.13418663,0.0007419311,0.9997663,0.0028565365,0.073990606,0.0007777287,0.99848,0.0034118628,0.06010055,0.00093122467,0.9822614,0.0039995695,0.070706405,0.0013885576,0.8836488,0.0048835743,0.05211958,0.0015972462,0.83001596,0.0038460284,0.045303047,0.0013428574
4694,/home/jupyter/dent_outputs/isic2019_v2/melanoma/hairs/seed4694/lambda_t_star5/style.png,0.0056994804,0.0035968344,0.024462722,0.0033679232,0.96765804,0.05631206,0.0039197486,0.001077383,0.9885063,0.031580456,0.0018966086,0.00085057254,0.98887783,0.02860193,0.0017680638,0.0007467822,0.9927538,0.025807157,0.0017772093,0.00072802085,0.6960934,0.008473897,0.0073159253,0.0020318243,0.56913203,0.0040658643,0.008995642,0.0026775543,0.06741462,0.0040399726,0.014630876,0.0036689877,0.010684515,0.0033990568,0.017215949,0.003307387,0.006558095,0.0032419625,0.020634549,0.003178009
4270,/home/jupyter/dent_outputs/isic2019_v2/melanoma/hairs/seed4270/lambda_t_star5/style.png,0.014301972,0.009196544,0.03724683,0.0067064418,0.9991586,0.0004929115,0.0004935758,0.00024002074,0.9998596,0.00038297274,0.0003546946,0.00017604529,0.9977112,0.000677395,0.0005186583,0.00020393911,0.97053975,0.0009833276,0.00084600516,0.0003261297,0.6847576,0.0018583542,0.0019863502,0.0009267052,0.040337294,0.005418387,0.017514251,0.0051175077,0.023579117,0.008732472,0.026109425,0.0067928685,0.01974584,0.010098887,0.03258183,0.006941244,0.016375467,0.010356474,0.035812918,0.006926272
4697,/home/jupyter/dent_outputs/isic2019_v2/melanoma/hairs/seed4697/lambda_t_star5/style.png,0.0019935851,0.0066718254,0.037296843,0.0020666006,0.044958558,0.014854841,0.075376585,0.0044204346,0.025722623,0.011520137,0.05181347,0.0036087176,0.016402462,0.010137553,0.042915806,0.0036439989,0.01670891,0.009117741,0.048840467,0.003400844,0.012099748,0.006788746,0.040684503,0.002751207,0.0085976375,0.0051498367,0.04114307,0.0025212106,0.0034167676,0.005644105,0.036033858,0.0023343884,0.0032805358,0.0072001633,0.040335193,0.0026386003,0.0025665017,0.0073378547,0.04558942,0.0022680527
4252,/home/jupyter/dent_outputs/isic2019_v2/melanoma/hairs/seed4252/lambda_t_star5/style.png,0.0015800325,0.052538086,0.010893338,0.0034538615,0.9171477,0.22190025,0.03328535,0.010693566,0.8893719,0.07039983,0.0134911975,0.0046931948,0.88157237,0.09471842,0.019191816,0.0058760387,0.87590367,0.08200522,0.0140480185,0.0056175455,0.008862165,0.13598268,0.008478053,0.005150081,0.0045848126,0.084637165,0.008009777,0.0040737186,0.0033460937,0.06278114,0.0070164716,0.003508788,0.0022337446,0.051371552,0.008616782,0.0035061897,0.001626862,0.046696745,0.01003767,0.0032454005
4919,/home/jupyter/dent_outputs/isic2019_v2/melanoma/hairs/seed4919/lambda_t_star5/style.png,0.008702111,0.011755503,0.0032838099,0.0015371823,0.832622,0.011563287,0.0008666827,0.0011610183,0.7783876,0.022628557,0.0017188494,0.0016480639,0.84865326,0.0049326415,0.0017462267,0.0018808319,0.89063853,0.0075777075,0.0016432983,0.0016028549,0.1850169,0.033379145,0.0025739914,0.0017075845,0.035733756,0.030867895,0.0047090095,0.0027340255,0.019053284,0.020026702,0.004543337,0.0022136823,0.014906322,0.018808339,0.0032675036,0.0017783679,0.010152608,0.016185466,0.0034597209,0.0017622731
4189,/home/jupyter/dent_outputs/isic2019_v2/melanoma/hairs/seed4189/lambda_t_star5/style.png,0.0005195398,0.0042539868,0.14736779,0.00070933945,0.0038460447,0.0011969763,0.21445662,0.0009451016,0.0029956389,0.0016792269,0.20957324,0.00077676657,0.003222371,0.0022175086,0.30543897,0.0010757406,0.00488676,0.0030396713,0.2301245,0.001168413,0.005598095,0.004033581,0.25581387,0.0013326082,0.0055443277,0.005057375,0.24384077,0.0013286023,0.0031228352,0.004058445,0.2019539,0.0009903829,0.00065164606,0.0035831563,0.1519295,0.0007808194,0.0005350041,0.004112481,0.16596396,0.0007506226
4104,/home/jupyter/dent_outputs/isic2019_v2/melanoma/hairs/seed4104/lambda_t_star5/style.png,0.046961382,0.0038078858,0.005651625,0.0034665319,0.21960217,0.017186863,0.0012031168,0.0019095379,0.29484978,0.010443589,0.0010176648,0.0012235967,0.3471529,0.0053021936,0.00097609404,0.00095479714,0.2842672,0.0039101946,0.0013584495,0.0011630678,0.14956447,0.0041438895,0.0016282116,0.0016043544,0.08141252,0.0037257345,0.0016346906,0.0014714971,0.05825696,0.004732799,0.003439416,0.0023926562,0.053128578,0.0053490424,0.005307362,0.0034793662,0.05268907,0.0046492876,0.0059243985,0.0037897467
4549,/home/jupyter/dent_outputs/isic2019_v2/melanoma/hairs/seed4549/lambda_t_star5/style.png,0.00047036013,0.009716586,0.42028052,0.0052941577,0.0015014326,0.017143479,0.33652148,0.0052701836,0.0014091623,0.019855287,0.38633215,0.0060576224,0.001195753,0.01768577,0.32549813,0.006354628,0.0014269745,0.014863474,0.36226192,0.0060474453,0.0011802444,0.012027086,0.33039573,0.0052789818,0.0010037951,0.011830294,0.33474666,0.0052503194,0.0008167233,0.011369161,0.36207366,0.0051864665,0.0006603263,0.010332462,0.41902608,0.005338843,0.0005438809,0.009839593,0.44290414,0.005379121
4170,/home/jupyter/dent_outputs/isic2019_v2/melanoma/hairs/seed4170/lambda_t_star5/style.png,0.010170014,0.0061467118,0.00079021946,0.00032493204,0.0076450673,0.0014963027,0.00026622927,0.00023688989,0.015974622,0.0010639137,0.00020219845,0.00010741253,0.14840616,0.0021720703,0.00013410392,0.00014822325,0.19476895,0.002177757,0.00010928827,0.000110607594,0.084719144,0.0016311045,0.00017498677,0.00014410657,0.01823415,0.0043490753,0.00053276424,0.00026228206,0.015340314,0.0059145587,0.0006839461,0.00029208875,0.011694817,0.0062387493,0.000662778,0.0002769571,0.010547513,0.0060968776,0.0007160611,0.0002984227
4006,/home/jupyter/dent_outputs/isic2019_v2/melanoma/hairs/seed4006/lambda_t_star5/style.png,0.0177515,0.01788115,0.00092783355,0.00076574425,0.055841092,0.018808901,0.0013665102,0.0014141458,0.12421893,0.012263538,0.0016177517,0.0013785281,0.067389816,0.0062254155,0.0008907117,0.0007393115,0.05516238,0.0071494603,0.0008749961,0.00066919933,0.09698291,0.0067913756,0.0009568084,0.000666729,0.08620923,0.0073336526,0.0007318245,0.0005743929,0.038344502,0.013326664,0.00076033256,0.0006212229,0.023890032,0.014291813,0.0008633721,0.00067557144,0.02152172,0.016051814,0.00093149167,0.00074719725
4476,/home/jupyter/dent_outputs/isic2019_v2/melanoma/hairs/seed4476/lambda_t_star5/style.png,0.004471956,0.07437074,0.004790054,0.0017241505,0.999861,0.0058741006,0.001775411,0.00038786198,0.9997787,0.019308785,0.000953118,0.00077759125,0.99714535,0.008296496,0.0009329487,0.0008144757,0.9574477,0.0065785088,0.0007687049,0.0007268884,0.24942672,0.011186076,0.0020967007,0.0014030955,0.11167293,0.03481321,0.0032114845,0.0013868045,0.0068167066,0.0559031,0.0055802087,0.0016414827,0.005856217,0.061272234,0.0049123,0.0016657399,0.0047283624,0.07305142,0.004776496,0.00169262
4058,/home/jupyter/dent_outputs/isic2019_v2/melanoma/hairs/seed4058/lambda_t_star5/style.png,0.27726912,0.0007209861,0.00024891124,0.00022858492,0.21397635,0.0018397446,0.00031349628,0.00039087786,0.09294388,0.0027881956,0.00035315502,0.00044564216,0.09214345,0.0017417404,0.000153271,0.00017930985,0.39970443,0.00095180486,0.00011007508,0.00018063393,0.4649736,0.0011314756,0.0001377321,0.0002181108,0.27419737,0.0016952018,0.00019301413,0.0003111004,0.1964842,0.0013177532,0.00020662608,0.00026270427,0.2560627,0.00080707326,0.0002255509,0.00023761466,0.29894057,0.0007704084,0.00025225047,0.000246066
4295,/home/jupyter/dent_outputs/isic2019_v2/melanoma/hairs/seed4295/lambda_t_star5/style.png,0.0018525806,0.003157051,0.060776584,0.0016142174,0.91305363,0.0015094106,0.07828602,0.0038590278,0.9853152,0.0023425752,0.10248069,0.0036481405,0.9262964,0.0045228894,0.113321446,0.0023257101,0.05030364,0.0042819763,0.104230955,0.002209791,0.015318714,0.0034914648,0.088180296,0.001907693,0.009695488,0.0035173646,0.08250843,0.0019413003,0.0056259576,0.0040045646,0.07238511,0.0019808307,0.003186416,0.0040739183,0.07364233,0.00194847,0.0021312707,0.0038042392,0.06977633,0.0018944577
4725,/home/jupyter/dent_outputs/isic2019_v2/melanoma/hairs/seed4725/lambda_t_star5/style.png,0.0025918186,0.050941337,0.31970686,0.046722177,0.08986862,0.013157782,0.079516955,0.017602557,0.32350218,0.03784399,0.06892166,0.039436378,0.35202855,0.05405761,0.063801646,0.03050145,0.18141744,0.09072691,0.087800026,0.04311177,0.039182555,0.09294898,0.08061261,0.042624373,0.012086753,0.08966472,0.1780133,0.04539549,0.0029719623,0.047534358,0.3314858,0.032207396,0.0028002188,0.047494918,0.37173834,0.039220423,0.002769577,0.047366872,0.36573806,0.047268644
4420,/home/jupyter/dent_outputs/isic2019_v2/melanoma/hairs/seed4420/lambda_t_star5/style.png,0.0007492589,0.04322334,0.034374442,0.0032466687,0.3184699,0.0037394487,0.0066039837,0.0016408212,0.42742613,0.004506568,0.033670638,0.003139591,0.0020157825,0.00914774,0.021870187,0.0022813962,0.0025394955,0.024971839,0.029170964,0.0029112105,0.0018205288,0.018082459,0.030387701,0.002887459,0.0015060963,0.017646497,0.0314662,0.0032872222,0.00103197,0.012974274,0.030894008,0.0029678224,0.00061990164,0.0086743,0.028791703,0.0024814303,0.00093491405,0.0428271,0.034616537,0.0034744411
4439,/home/jupyter/dent_outputs/isic2019_v2/melanoma/hairs/seed4439/lambda_t_star5/style.png,0.0027263123,0.0017369543,0.009895302,0.002404892,0.5185026,0.0040060063,0.017313257,0.0036562716,0.59142244,0.0026733594,0.011509424,0.0021883452,0.65321094,0.0031900045,0.0141748255,0.0028682617,0.7795548,0.0041665663,0.018951733,0.0037898766,0.9440122,0.005043198,0.026705805,0.004562121,0.91500163,0.005794849,0.014728184,0.004602878,0.7031921,0.0046065054,0.011763971,0.0043081376,0.003456224,0.0024098516,0.010336311,0.0024829605,0.002532148,0.001918989,0.009477522,0.0023540603
4237,/home/jupyter/dent_outputs/isic2019_v2/melanoma/hairs/seed4237/lambda_t_star5/style.png,0.0057497313,0.016502015,0.0032642067,0.0012020452,0.014587656,0.018884402,0.0012099624,0.0012124417,0.011014589,0.013157554,0.0020763762,0.0016531708,0.011288925,0.021789463,0.0020099126,0.0010243229,0.07270787,0.008594577,0.00080106733,0.00032887762,0.054261733,0.008275084,0.0005217452,0.00022922897,0.014840766,0.016295979,0.0013967974,0.0005250936,0.011321058,0.027295379,0.0023358304,0.0009826103,0.0065667317,0.024609698,0.002589506,0.0010970597,0.007946206,0.01805408,0.0029307157,0.0011876605
4056,/home/jupyter/dent_outputs/isic2019_v2/melanoma/hairs/seed4056/lambda_t_star5/style.png,0.06326752,0.044001587,0.002592942,0.0015249148,0.99830294,0.0039586513,0.0007049257,0.00070083403,0.99360764,0.0024137099,0.0014437201,0.0011569352,0.8935152,0.021218058,0.0010602697,0.0017932388,0.7919832,0.032391757,0.0026591176,0.0030421347,0.24590303,0.04909123,0.0038011235,0.0031628928,0.051614996,0.032655332,0.0026051174,0.0013832235,0.05568808,0.050011743,0.002334575,0.0013394087,0.056905765,0.05717512,0.002192322,0.0013697795,0.060090907,0.048785094,0.002561398,0.001476137
4634,/home/jupyter/dent_outputs/isic2019_v2/melanoma/hairs/seed4634/lambda_t_star5/style.png,0.35224524,0.0046294676,0.00060908374,0.0009056277,0.8989035,0.0012664974,0.0011952058,0.0010610177,0.8296899,0.0011539331,0.00090535294,0.0010249277,0.8691434,0.0009268823,0.00090476096,0.0008608195,0.9340916,0.0011284385,0.0006192331,0.00072703883,0.7435899,0.003874097,0.00044136585,0.0007214923,0.5597175,0.005083386,0.0004516276,0.0008304723,0.47587615,0.0049806032,0.00042934125,0.00081428903,0.47226313,0.0051111314,0.0005250981,0.0009268249,0.389252,0.004601115,0.0005577626,0.0008785571
4798,/home/jupyter/dent_outputs/isic2019_v2/melanoma/hairs/seed4798/lambda_t_star5/style.png,0.001702541,0.036059804,0.063101046,0.00615625,0.99945027,0.015656834,0.06501963,0.003020026,0.9991704,0.015214291,0.16824017,0.0045564338,0.9988086,0.018588865,0.21386087,0.00506902,0.99682754,0.012119502,0.17375217,0.004447611,0.9958562,0.010490269,0.107563116,0.004040103,0.9692551,0.014381221,0.09776298,0.004928477,0.25094903,0.020850573,0.12249502,0.0058942307,0.017726317,0.038988903,0.09442992,0.0068945857,0.0028831132,0.036092144,0.0749866,0.0064112497
4483,/home/jupyter/dent_outputs/isic2019_v2/melanoma/hairs/seed4483/lambda_t_star5/style.png,0.0023435103,0.18583505,0.022315443,0.0033631234,0.40743142,0.02455669,0.03946811,0.0041402234,0.37297937,0.01178054,0.05273942,0.004035865,0.34513608,0.011937441,0.06897881,0.0046108393,0.2742745,0.010554054,0.061948545,0.0040602204,0.15104133,0.012652136,0.05952055,0.0037438357,0.359745,0.013010714,0.056919713,0.0036458464,0.03748665,0.035983875,0.039905593,0.0043163723,0.008135871,0.28353268,0.023895985,0.004336397,0.0027689752,0.18924206,0.02527438,0.0035784217
4348,/home/jupyter/dent_outputs/isic2019_v2/melanoma/hairs/seed4348/lambda_t_star5/style.png,0.0007230919,0.0009092058,0.02349721,0.00075170095,0.040540777,0.0020384474,0.0361328,0.0022796807,0.06172877,0.009483102,0.04694151,0.0025876446,0.07489589,0.0026913288,0.019901998,0.0013121339,0.065266125,0.002611112,0.023310753,0.0015192697,0.046010945,0.0036052712,0.033776265,0.0016259367,0.0017596352,0.0022940428,0.02414513,0.0010128639,0.0014638235,0.0017243088,0.022167725,0.0009533423,0.0011946112,0.0015279127,0.023656733,0.00085225026,0.00090449024,0.0012269211,0.025483554,0.00090067665
4350,/home/jupyter/dent_outputs/isic2019_v2/melanoma/hairs/seed4350/lambda_t_star5/style.png,0.0022055444,0.03842305,0.059768498,0.005128989,0.8511083,0.001734308,0.002975031,0.0006305931,0.1536168,0.0050944258,0.008576423,0.0029075479,0.369718,0.008449301,0.002287306,0.00068373326,0.31031883,0.0032720773,0.003470689,0.0007716987,0.13823758,0.0052997,0.013667502,0.0017221794,0.010130225,0.027816266,0.056032255,0.0055737137,0.0055115055,0.028349997,0.055538047,0.005263433,0.0032122186,0.036257602,0.05089651,0.0051527475,0.0022510139,0.038220458,0.054174546,0.005100363
4567,/home/jupyter/dent_outputs/isic2019_v2/melanoma/hairs/seed4567/lambda_t_star5/style.png,0.01941159,0.07942874,0.11106979,0.0054296125,0.99711645,0.0047310176,0.015675394,0.0007232064,0.9994388,0.0033770825,0.0062978445,0.00067731075,0.9469476,0.013098019,0.09557284,0.002989784,0.8315794,0.032761928,0.09842469,0.005638606,0.45837957,0.06448981,0.10840678,0.007337896,0.0663053,0.06857458,0.08499793,0.0054141385,0.04403331,0.0789704,0.086293675,0.00521359,0.031511936,0.092327304,0.10597516,0.0052592233,0.019204127,0.07668853,0.11982781,0.005281797
4180,/home/jupyter/dent_outputs/isic2019_v2/melanoma/hairs/seed4180/lambda_t_star5/style.png,0.7009603,0.015747802,0.0018897903,0.0017748104,0.9577031,0.0108221695,0.0014304734,0.0011617148,0.9698877,0.013579147,0.00082505826,0.0009621223,0.9713381,0.009084424,0.00081135664,0.00084820314,0.9843395,0.012040987,0.0014865318,0.001408796,0.8755008,0.019312682,0.0013913945,0.0013541455,0.72100836,0.0192069,0.0013859008,0.0014567814,0.66992545,0.018259984,0.0013788989,0.0014722218,0.68804896,0.015499399,0.0013933119,0.0013986257,0.684788,0.014543949,0.001625963,0.0015313523
4691,/home/jupyter/dent_outputs/isic2019_v2/melanoma/hairs/seed4691/lambda_t_star5/style.png,0.003011775,0.04556114,0.0027385082,0.0014415797,0.063145414,0.021238105,0.001742924,0.000785188,0.4841811,0.056624267,0.0005833908,0.00067486294,0.5092788,0.055759363,0.00042294088,0.0005896692,0.34595615,0.09556797,0.0005892414,0.00082396803,0.45629933,0.04715709,0.0009786111,0.0010633696,0.14587465,0.108656585,0.0018106144,0.0016068782,0.008526854,0.10302095,0.0023089293,0.0016444691,0.0045797885,0.062432222,0.002387349,0.0014676228,0.003868948,0.054260656,0.002355653,0.0013747999
4067,/home/jupyter/dent_outputs/isic2019_v2/melanoma/hairs/seed4067/lambda_t_star5/style.png,0.00045827945,0.0010933033,0.016578153,0.0024621307,0.99916863,0.0012899007,0.015696356,0.000990473,0.60134786,0.0004631679,0.0053914157,0.0014409957,0.063831925,0.00079552067,0.009225129,0.0017239371,0.023057036,0.0007031605,0.009203467,0.0017368227,0.001265989,0.0006200892,0.0109607605,0.0016344028,0.0008649234,0.0007608442,0.013202131,0.0018938341,0.0004937862,0.00077592843,0.012798776,0.0018027725,0.0004394517,0.0009106437,0.014512538,0.0021556355,0.00045617262,0.001060932,0.0153428195,0.0024006264
4339,/home/jupyter/dent_outputs/isic2019_v2/melanoma/hairs/seed4339/lambda_t_star5/style.png,0.0028117287,0.0026995442,0.08863147,0.0030811601,0.9976972,0.010467288,0.37177297,0.0032482492,0.88749415,0.019343883,0.2570453,0.0034219152,0.6462459,0.009954419,0.0662403,0.0036801293,0.428836,0.007459419,0.057510704,0.0032248546,0.36998463,0.0074572577,0.08361905,0.0034512775,0.18429202,0.007619991,0.09003979,0.0036750955,0.041902516,0.006152989,0.09901014,0.0033521513,0.0041671167,0.0037941656,0.067742035,0.0027586033,0.003614579,0.0027651542,0.08492588,0.003006659
4301,/home/jupyter/dent_outputs/isic2019_v2/melanoma/hairs/seed4301/lambda_t_star5/style.png,0.00077657076,0.007837327,0.0005799198,0.0011348212,0.0069772354,0.011235589,0.0006681163,0.0017469573,0.002984117,0.013715759,0.0008966945,0.0017699803,0.0016574289,0.01193549,0.0008025756,0.0014465901,0.0018509967,0.013327599,0.0007446692,0.0014923511,0.0012802839,0.011493403,0.0006222519,0.0013566549,0.0012098801,0.013146932,0.00065892475,0.0013797337,0.0009993827,0.008628476,0.0005686585,0.0011855955,0.0010688691,0.0080489945,0.0005518553,0.0011592264,0.0009240052,0.008074741,0.0005999846,0.0011724428
4534,/home/jupyter/dent_outputs/isic2019_v2/melanoma/hairs/seed4534/lambda_t_star5/style.png,0.3622501,0.00056923064,0.00010276712,0.00011164713,0.92572993,0.000783107,0.00019280426,0.00021899056,0.8831418,0.0004222437,0.00027631092,0.00021776334,0.90552014,0.0004937196,0.00018037403,0.00022381506,0.8951521,0.00068764965,0.00010750394,0.00018434461,0.71674585,0.0012160225,0.00013866732,0.00022577791,0.3039857,0.0014558807,6.256087e-05,0.000116384086,0.35202748,0.0011530279,8.80521e-05,0.0001360667,0.3579057,0.00081078743,0.00010720615,0.00013897072,0.3549664,0.0006274078,9.307081e-05,0.00011381255
4939,/home/jupyter/dent_outputs/isic2019_v2/melanoma/hairs/seed4939/lambda_t_star5/style.png,0.0065185516,0.01663879,0.004586297,0.0012301813,0.0036384854,0.018086188,0.0018201943,0.0009777718,0.0055792113,0.03429192,0.0011460164,0.0008583128,0.015267055,0.017091623,0.0014785229,0.00089596433,0.014015555,0.025934484,0.0013318057,0.0010277065,0.009416364,0.03950431,0.0015186527,0.0011897214,0.0063820314,0.027055515,0.0028657631,0.001301566,0.0067317104,0.01616015,0.003338019,0.001136845,0.006756,0.016269477,0.003638363,0.0011521423,0.0063867476,0.017561205,0.003816437,0.0011596063
4864,/home/jupyter/dent_outputs/isic2019_v2/melanoma/hairs/seed4864/lambda_t_star5/style.png,0.003272099,0.14451288,0.0967209,0.0092226025,0.054789595,0.4551237,0.049186207,0.01329365,0.039143495,0.63668394,0.050457656,0.012959007,0.030955633,0.46375176,0.09364362,0.013998315,0.015757501,0.29640913,0.09322764,0.011666704,0.014412148,0.2884022,0.092694834,0.011425161,0.016738156,0.29832557,0.10722942,0.0135938395,0.01008038,0.35851258,0.092876986,0.011918733,0.00630036,0.25527802,0.10406298,0.011621826,0.0045431494,0.19021991,0.10341858,0.010023403
4898,/home/jupyter/dent_outputs/isic2019_v2/melanoma/hairs/seed4898/lambda_t_star5/style.png,0.118292935,0.0016100691,0.0034393931,0.0012986276,0.94479406,0.00030773281,0.00052805746,0.0002934996,0.74716294,0.000291357,0.00075002265,0.00036584484,0.58738893,0.001564012,0.0061677117,0.0021059518,0.68375844,0.002195954,0.007455229,0.0018384962,0.4598726,0.0016204942,0.0032211521,0.0015667389,0.1079146,0.0018301682,0.0032090826,0.0019492722,0.098630354,0.0017143665,0.0034084918,0.0015144021,0.109767385,0.0018650033,0.0035574632,0.001472864,0.12266378,0.0018527852,0.0037240519,0.0014570131
4028,/home/jupyter/dent_outputs/isic2019_v2/melanoma/hairs/seed4028/lambda_t_star5/style.png,0.00043813264,0.0026702601,0.017226133,0.0006787963,0.16921769,0.0036023601,0.011339705,0.00092606846,0.14616956,0.0041644126,0.015680324,0.0009999684,0.13693687,0.0042614406,0.013912948,0.00095226074,0.1275091,0.0041709417,0.011787232,0.00091651705,0.107051425,0.0027986867,0.0099443775,0.00077400054,0.06253518,0.00225585,0.008487891,0.00067082763,0.028769333,0.0024921445,0.007829111,0.0006816179,0.001274549,0.00279257,0.013517377,0.00082651706,0.00051809056,0.0024884783,0.015401238,0.0006866388
4102,/home/jupyter/dent_outputs/isic2019_v2/melanoma/hairs/seed4102/lambda_t_star5/style.png,0.016738683,0.00062312756,0.0011597605,0.00023640278,0.54857713,0.0010099799,0.00028880188,0.00010427655,0.6310624,0.0005972497,0.00022508968,9.615916e-05,0.7012399,0.00033837484,0.00021299615,6.27926e-05,0.52069503,0.00027360165,0.00024226586,5.7807672e-05,0.13647726,0.00022807854,0.0005311035,0.00012873812,0.062224314,0.0003401933,0.000645084,0.00019862765,0.02940439,0.00038927194,0.0005850566,0.00015465406,0.02051118,0.0005103589,0.00079568254,0.00020209092,0.017735658,0.00046883238,0.00080478005,0.00018619077
4712,/home/jupyter/dent_outputs/isic2019_v2/melanoma/hairs/seed4712/lambda_t_star5/style.png,0.6205463,0.0013892495,0.0011874976,0.0006801653,0.957781,0.0012142747,0.0011142679,0.00097224105,0.99145097,0.00023794475,0.00037622594,0.00032103658,0.99112165,0.0002918271,0.0002820271,0.00036895156,0.93321997,0.0010369186,0.0004919896,0.00050751126,0.7670659,0.001891999,0.00084711076,0.00071107585,0.44790938,0.0013595303,0.0012212511,0.00071739196,0.52801913,0.0012776045,0.0012329521,0.0006447985,0.565796,0.0014419629,0.0012281225,0.00068337016,0.6094637,0.0013333802,0.0010328606,0.00061729364
4377,/home/jupyter/dent_outputs/isic2019_v2/melanoma/hairs/seed4377/lambda_t_star5/style.png,0.0014696508,0.0047984924,0.45574537,0.0028542245,0.96174794,0.0026263627,0.13130575,0.0015273526,0.19166172,0.0071370085,0.320814,0.004068128,0.0266506,0.0065851132,0.4216687,0.0044120545,0.012931058,0.004956259,0.44267443,0.0036289163,0.008228191,0.0040235464,0.3868291,0.0027874229,0.00913347,0.0038374553,0.40052092,0.002685301,0.0033091088,0.0036241573,0.3864087,0.002780116,0.0022193107,0.0041384464,0.36450925,0.0030291525,0.0015817644,0.004465015,0.3813046,0.0029844728
4800,/home/jupyter/dent_outputs/isic2019_v2/melanoma/hairs/seed4800/lambda_t_star5/style.png,0.018151747,0.24377526,0.00093814015,0.0017825908,0.9894723,0.0056561683,0.0005786295,0.001235831,0.9862809,0.0060227793,0.000692808,0.0011867859,0.9804468,0.007300109,0.0010079801,0.0014200204,0.96381587,0.009301752,0.0009823845,0.001537308,0.32824758,0.04272645,0.0022578645,0.0048753037,0.025680123,0.23787445,0.0010554439,0.0022643514,0.023255737,0.23717241,0.0010933882,0.0022214518,0.02259745,0.22869317,0.0010360264,0.002028111,0.019055016,0.24065253,0.0009115114,0.0017410839
4144,/home/jupyter/dent_outputs/isic2019_v2/melanoma/hairs/seed4144/lambda_t_star5/style.png,0.008201679,0.038836274,0.11678078,0.010378564,0.9772978,0.051884823,0.07292201,0.0115097,0.99715436,0.026346194,0.1639938,0.0055352384,0.99637777,0.027111556,0.1280871,0.0059157363,0.9953394,0.048104506,0.080604374,0.0051056426,0.76307946,0.07424274,0.067491494,0.00802068,0.1893265,0.053780157,0.06500485,0.0067876265,0.01847214,0.044104844,0.08605007,0.008860335,0.009645233,0.042793963,0.10772117,0.010101004,0.008783072,0.040512603,0.114555664,0.010347427
4569,/home/jupyter/dent_outputs/isic2019_v2/melanoma/hairs/seed4569/lambda_t_star5/style.png,0.00020132949,0.030431213,0.014820554,0.00037798783,0.036313854,0.010571436,0.012251854,0.0010711628,0.09165125,0.0452953,0.017500874,0.001287877,0.058529813,0.031532563,0.018323364,0.0008992857,0.050243605,0.028848924,0.016590502,0.0009632293,0.05630336,0.035243385,0.01633924,0.000901132,0.009972303,0.038700264,0.014796574,0.0006889632,0.0012001375,0.04400155,0.016318636,0.000587704,0.00030416032,0.04649127,0.016913136,0.0004851433,0.00026033807,0.03848542,0.017477315,0.0004494204
4164,/home/jupyter/dent_outputs/isic2019_v2/melanoma/hairs/seed4164/lambda_t_star5/style.png,0.001280132,0.005963341,0.014327626,0.0041128932,0.6993811,0.005603082,0.025239088,0.004651364,0.6471656,0.0046231966,0.017918594,0.004128322,0.82358617,0.0038387347,0.014531085,0.0031738065,0.82162106,0.0047788904,0.019497298,0.003044869,0.07420639,0.010085696,0.02308848,0.004166068,0.0029389733,0.014388265,0.018999955,0.00501754,0.0019530952,0.0125524,0.018877568,0.005302654,0.0013419943,0.0077496967,0.014505747,0.004188596,0.0011316502,0.0056776553,0.0140320975,0.004117924
4087,/home/jupyter/dent_outputs/isic2019_v2/melanoma/hairs/seed4087/lambda_t_star5/style.png,0.001727355,0.09648619,0.0013210054,0.00075398374,0.0053116735,0.17591967,0.0025271825,0.00080309156,0.06660794,0.10489199,0.0014541583,0.0017247316,0.022634404,0.07618074,0.0007385875,0.000983925,0.00580721,0.05216835,0.000949067,0.0008551943,0.005678326,0.027311822,0.0012139024,0.0006320378,0.0032112051,0.063650206,0.0016061455,0.0007196636,0.002740616,0.10114631,0.0013751561,0.0007303043,0.0029280374,0.13204986,0.0013505735,0.00082723686,0.0019097868,0.103742115,0.0012673711,0.0006871144
4606,/home/jupyter/dent_outputs/isic2019_v2/melanoma/hairs/seed4606/lambda_t_star5/style.png,0.30931956,0.00047226483,0.0013106563,0.00020592492,0.98159593,0.0010912071,0.00042874698,0.00023988096,0.5453915,0.0008982547,0.00023447917,0.00012616068,0.7308247,0.00078049797,0.00025761902,0.00013832412,0.8855247,0.00050710334,0.00020179785,8.801843e-05,0.9855364,0.0005409046,0.00033282154,0.00010720665,0.8856596,0.00027509467,0.00057237636,0.00012336034,0.9030033,0.00035335502,0.00074907986,0.00012675239,0.44266412,0.00057870755,0.001087389,0.0002038557,0.3493175,0.00051770505,0.0014662874,0.00022131907
4784,/home/jupyter/dent_outputs/isic2019_v2/melanoma/hairs/seed4784/lambda_t_star5/style.png,0.0011098551,0.07412469,0.0022399186,0.0013286371,0.029086025,0.019968707,0.00519086,0.0036426121,0.014003943,0.016603116,0.003909093,0.0034634431,0.009693497,0.023172857,0.0042496487,0.0037367763,0.004814966,0.02376688,0.0029128208,0.002673207,0.0019907476,0.02666566,0.0017687298,0.0017894522,0.002301437,0.09208127,0.0020572257,0.0016651492,0.0015220359,0.11373256,0.0023640154,0.001721418,0.0011925283,0.09547968,0.0025015776,0.0016329149,0.0012274156,0.08430212,0.0024771823,0.001518464
4178,/home/jupyter/dent_outputs/isic2019_v2/melanoma/hairs/seed4178/lambda_t_star5/style.png,0.0028073592,0.026313838,0.006181716,0.0032261424,0.0005604585,0.001956202,0.003983382,0.00034791965,0.0017302781,0.0036177007,0.0048037213,0.0005801191,0.002442319,0.0027065019,0.0038495774,0.00037044747,0.0017695449,0.0022666394,0.0026818884,0.00032897326,0.0022694436,0.0045431564,0.0024424386,0.00049762765,0.0027939887,0.008638116,0.0024558627,0.0010278866,0.0023939174,0.012893081,0.003874997,0.0019117376,0.0026801608,0.020520857,0.004862613,0.002665159,0.0026988576,0.024519855,0.0055927215,0.0030448877
4207,/home/jupyter/dent_outputs/isic2019_v2/melanoma/hairs/seed4207/lambda_t_star5/style.png,0.013506457,0.11967939,0.0013694441,0.0021653643,0.311248,0.00029519622,0.00018298441,0.0004563951,0.24001272,0.0010736837,0.00016797101,0.0004633726,0.28023812,0.010752612,0.00030054012,0.0007793947,0.09165107,0.037738256,0.0010355598,0.0017881027,0.024579244,0.14368354,0.0010971909,0.0021159963,0.022623658,0.12888972,0.0012669669,0.0022458439,0.01895942,0.13990872,0.0013136282,0.0022835808,0.016718777,0.13995387,0.0012951887,0.002234759,0.013109304,0.13839197,0.0012044074,0.0019949756
4431,/home/jupyter/dent_outputs/isic2019_v2/melanoma/hairs/seed4431/lambda_t_star5/style.png,0.05127301,0.0030146872,0.001778598,0.0018759872,0.8886437,0.0006147499,0.00023837732,0.0003139485,0.85652596,0.0007420986,0.00035240533,0.0005248702,0.79812074,0.0013440556,0.00047630677,0.00083557185,0.46176726,0.0013029166,0.0005291263,0.00083455327,0.040258765,0.0043116673,0.0020834387,0.0027862368,0.052838277,0.0031247237,0.0018065562,0.002294057,0.059951093,0.0032713574,0.0015729017,0.0019286274,0.064798325,0.003613504,0.0014742947,0.0018061909,0.061127115,0.0029652412,0.0016978653,0.001868199
4531,/home/jupyter/dent_outputs/isic2019_v2/melanoma/hairs/seed4531/lambda_t_star5/style.png,0.0007314479,0.032635726,0.025190009,0.0043836124,0.90089375,0.010162656,0.020156736,0.0036156832,0.9635624,0.007921211,0.017262196,0.0028040905,0.9961687,0.010749559,0.020596465,0.002651315,0.93146014,0.007918791,0.01588306,0.0027493709,0.8851687,0.011564405,0.020371422,0.0036929317,0.81480294,0.017019562,0.025677904,0.0052023223,0.074127935,0.018364793,0.033057977,0.005270383,0.0012903289,0.027113562,0.025297046,0.004629259,0.00079345383,0.030067658,0.025752453,0.004184359
4641,/home/jupyter/dent_outputs/isic2019_v2/melanoma/hairs/seed4641/lambda_t_star5/style.png,0.00051485724,0.015483393,0.03253788,0.0024101818,0.005817163,0.2308248,0.035863068,0.0023597528,0.0058241547,0.30875695,0.035670046,0.0028257966,0.0032899133,0.17115034,0.02849243,0.0026645586,0.0031213525,0.11493939,0.028605137,0.0040839077,0.0021347844,0.08659168,0.029198574,0.0033160152,0.0016329966,0.0569583,0.03329176,0.002998902,0.0008572715,0.03512643,0.027055234,0.0023234985,0.00055232993,0.017914845,0.026235675,0.0019376914,0.00050727767,0.016549522,0.03194159,0.0022250302
4278,/home/jupyter/dent_outputs/isic2019_v2/melanoma/hairs/seed4278/lambda_t_star5/style.png,0.119429424,0.00786212,0.0020883759,0.0011720425,0.9972677,0.0010508933,0.0008536958,0.0003875833,0.90810734,0.03423549,0.018111128,0.007647358,0.3327767,0.03809864,0.008177797,0.004042018,0.2099176,0.009322701,0.0021598716,0.002908781,0.15909941,0.009521631,0.001265249,0.0013242124,0.1485283,0.012399237,0.0023026054,0.0016645406,0.16883552,0.0116560655,0.0019460818,0.0014382381,0.15861751,0.00970255,0.0021480732,0.0013072952,0.12065223,0.008730511,0.0020938832,0.0012452714
4452,/home/jupyter/dent_outputs/isic2019_v2/melanoma/hairs/seed4452/lambda_t_star5/style.png,0.00922846,0.05345444,0.75020313,0.004557083,0.06406896,0.003440688,0.78054154,0.002603684,0.040152114,0.09165653,0.81257313,0.0064590937,0.010264513,0.07396463,0.74148405,0.007355429,0.009611249,0.10127962,0.7295604,0.0077569787,0.009116294,0.09111963,0.72837144,0.007222206,0.46034554,0.06376119,0.5747575,0.005266357,0.014658647,0.058087736,0.7184564,0.006041603,0.011394518,0.054746516,0.7287417,0.0053438586,0.009726611,0.061826605,0.70444524,0.0052065295
4575,/home/jupyter/dent_outputs/isic2019_v2/melanoma/hairs/seed4575/lambda_t_star5/style.png,0.74719054,0.0022120336,0.0003095448,0.0002683101,0.98687243,0.0012450034,0.00042775393,0.00044071235,0.9873218,0.002512755,0.00072934025,0.0007291721,0.9879144,0.0015129283,0.0005713925,0.0005167858,0.9745643,0.0008897061,0.00037477346,0.00033661182,0.93791145,0.0010339391,0.00027712324,0.00021869283,0.97518504,0.0013685641,0.00024881228,0.00019494042,0.97384936,0.0013027027,0.00018750988,0.00017043408,0.7967139,0.0021395476,0.00027724798,0.00023237841,0.75995624,0.0019719098,0.00028411782,0.00022877874
4329,/home/jupyter/dent_outputs/isic2019_v2/melanoma/hairs/seed4329/lambda_t_star5/style.png,0.0016923718,0.022602407,0.0030303262,0.0011050013,0.010585111,0.056195453,0.002534019,0.0027609458,0.0030086911,0.02622467,0.0019378887,0.0012376468,0.0030457347,0.026939178,0.0017047103,0.0010496646,0.0033400976,0.025821673,0.0016432067,0.0008611775,0.0038635654,0.036154516,0.0017193478,0.00082194956,0.0039374786,0.04030461,0.0018074319,0.000781658,0.0030030408,0.03324209,0.0019403241,0.0007814443,0.0022150846,0.026972733,0.002144302,0.00083397026,0.0017693713,0.02214647,0.0025829547,0.0009730797
4828,/home/jupyter/dent_outputs/isic2019_v2/melanoma/hairs/seed4828/lambda_t_star5/style.png,0.06099521,0.013686516,0.0014456043,0.00096589525,0.5926968,0.015090471,0.0037379817,0.0010126338,0.8267234,0.0102762515,0.0012218143,0.0008611177,0.75415045,0.011743815,0.001554236,0.0010359456,0.601889,0.026777327,0.0018885604,0.0016156352,0.359148,0.018890377,0.0014076513,0.0011967501,0.26648223,0.01455036,0.0012984402,0.0011136667,0.15496565,0.01392726,0.0012482818,0.0010672539,0.10156164,0.015883015,0.0015152791,0.0011018196,0.06547182,0.013503185,0.0013719179,0.00085761625
4307,/home/jupyter/dent_outputs/isic2019_v2/melanoma/hairs/seed4307/lambda_t_star5/style.png,0.0014840892,0.0012889383,0.00088648713,0.000158198,0.028334647,0.034629032,0.059979368,0.0015865474,0.71407974,0.0005017369,0.006109549,0.00022821296,0.6573289,0.017236412,0.07990396,0.003025599,0.021503981,0.0044051018,0.0027738446,0.0005879345,0.002035616,0.0020388355,0.00040503906,0.00013118907,0.0033492136,0.001403471,0.0004418584,0.0001264014,0.0035562518,0.0014780005,0.0005393069,0.0001291137,0.002270057,0.0014884038,0.0006388674,0.00013151145,0.0019187168,0.0015287233,0.0007233824,0.00014949848
4399,/home/jupyter/dent_outputs/isic2019_v2/melanoma/hairs/seed4399/lambda_t_star5/style.png,0.0080854455,0.97728765,0.0013453843,0.0020232939,0.72700423,0.045957383,0.05725884,0.038944315,0.81904596,0.1186286,0.027159628,0.017239312,0.76766276,0.0668537,0.017404899,0.009272191,0.8161995,0.1142568,0.010257119,0.0065623093,0.7701146,0.45518598,0.005329116,0.007770158,0.050173204,0.9796569,0.0017580731,0.003207678,0.013496491,0.98025346,0.0017576781,0.0028412708,0.009013551,0.9790511,0.0015257478,0.0022713384,0.008241871,0.97826767,0.001344533,0.001999673
4218,/home/jupyter/dent_outputs/isic2019_v2/melanoma/hairs/seed4218/lambda_t_star5/style.png,0.031958107,0.020795958,0.013485545,0.0020810885,0.9994357,0.0032439865,0.005544162,0.0012020842,0.7802436,0.02861263,0.0043261503,0.0015770536,0.5113487,0.029375412,0.008493487,0.0031012031,0.86826545,0.011680128,0.0126585895,0.0032475838,0.59917647,0.019805057,0.024410056,0.0030257357,0.038821794,0.010616529,0.022410398,0.0031526214,0.036978167,0.018996783,0.020317309,0.0027799055,0.03094402,0.02881182,0.014486577,0.0024233863,0.02736367,0.023791103,0.013848069,0.002078718
4556,/home/jupyter/dent_outputs/isic2019_v2/melanoma/hairs/seed4556/lambda_t_star5/style.png,0.010030011,0.040876355,0.071937665,0.015504914,0.039898716,0.1117438,0.16007672,0.03387702,0.039363764,0.11780048,0.12047264,0.028365774,0.02191686,0.07872152,0.0838172,0.02260816,0.017698128,0.07182003,0.07921158,0.021375833,0.011857998,0.059487708,0.067914784,0.016484689,0.012772824,0.05681731,0.06267167,0.015035531,0.012646782,0.057015583,0.06162311,0.015675263,0.011568493,0.05357438,0.062383987,0.015807705,0.011049492,0.041533217,0.07223976,0.016152054
4570,/home/jupyter/dent_outputs/isic2019_v2/melanoma/hairs/seed4570/lambda_t_star5/style.png,0.0018233742,0.1991689,0.0018080084,0.0013081384,0.0822945,0.13578117,0.0014675013,0.0013206513,0.028868422,0.08108513,0.0016548116,0.0015704272,0.029200418,0.11501037,0.0024842825,0.002064454,0.010134735,0.14865223,0.0024190939,0.0018773013,0.0044584237,0.25972754,0.0011319919,0.0009569,0.0040840767,0.16923584,0.0012474795,0.0008539073,0.0028177637,0.1710452,0.0013544325,0.001042108,0.0022748455,0.17944273,0.0015752353,0.0012701034,0.0018802689,0.18907577,0.0016754302,0.0012753803
4302,/home/jupyter/dent_outputs/isic2019_v2/melanoma/hairs/seed4302/lambda_t_star5/style.png,0.00037343657,0.0178308,0.049686965,0.0023444379,0.90930885,0.13466068,0.13869613,0.008364245,0.99982053,0.055906527,0.04819759,0.0030397133,0.9997671,0.063186154,0.06365645,0.0038760498,0.9995716,0.06801708,0.044493154,0.003949402,0.9975575,0.110402614,0.048099216,0.0049607125,0.8961109,0.14247991,0.07505986,0.00813793,0.25248358,0.10224276,0.09295774,0.008556236,0.003074484,0.035171278,0.06301907,0.003976708,0.00046649887,0.019780578,0.047756158,0.0023067784
4132,/home/jupyter/dent_outputs/isic2019_v2/melanoma/hairs/seed4132/lambda_t_star5/style.png,0.000652997,0.0054346314,0.010611285,0.0029585438,0.99183077,0.016327143,0.04413199,0.004031298,0.95759666,0.016213493,0.047587924,0.0050377483,0.9530081,0.016265143,0.034855787,0.004777303,0.96858305,0.0152850365,0.023023585,0.004341085,0.9101844,0.008289297,0.0111407405,0.003117435,0.87178165,0.007249049,0.010951667,0.0031610334,0.07189847,0.0066469163,0.010708579,0.002808649,0.006195133,0.007058533,0.011578661,0.0034751578,0.0008446738,0.0063065216,0.011858203,0.0034138802
4882,/home/jupyter/dent_outputs/isic2019_v2/melanoma/hairs/seed4882/lambda_t_star5/style.png,0.0017061335,0.0026088592,0.01940136,0.0040046843,0.9755628,0.004434344,0.009865401,0.0024726125,0.998094,0.004490277,0.006074516,0.001363702,0.99669385,0.004615545,0.0093678525,0.0017364944,0.95702374,0.0036770708,0.009863916,0.0022452178,0.911289,0.0032691378,0.010171808,0.0023430889,0.5781358,0.0026026606,0.0112254275,0.0020979103,0.28994808,0.0022542987,0.011681074,0.0022409183,0.036477394,0.0027523101,0.015740974,0.00326138,0.0025239128,0.0026106094,0.0192073,0.00410966
4911,/home/jupyter/dent_outputs/isic2019_v2/melanoma/hairs/seed4911/lambda_t_star5/style.png,0.007138337,0.10014164,0.008002888,0.0024907603,0.9193785,0.20185086,0.016511265,0.0065046023,0.8992872,0.18550292,0.016638728,0.0061074537,0.8979731,0.21182553,0.016311388,0.005475877,0.90753657,0.20516114,0.008702737,0.0033696583,0.8932538,0.07496659,0.0023865656,0.0012003473,0.05686578,0.09074421,0.0036145858,0.0015542242,0.014793571,0.15232374,0.005228244,0.0022027348,0.010939504,0.12147848,0.00710595,0.002398065,0.007021866,0.09371599,0.0077600405,0.0023337333
4598,/home/jupyter/dent_outputs/isic2019_v2/melanoma/hairs/seed4598/lambda_t_star5/style.png,0.033543587,0.015642496,0.003150181,0.0021092591,0.5825715,0.019401168,0.0012059204,0.0011036515,0.67378324,0.014408363,0.0018588187,0.0012764583,0.6862522,0.009710476,0.0014512643,0.0010196845,0.81313294,0.0121767,0.0012565952,0.0012550809,0.65930825,0.012630252,0.0016845487,0.0018371808,0.26951307,0.011268682,0.0017270517,0.0016071866,0.1060646,0.013030936,0.0022552856,0.0015857302,0.07745801,0.017269915,0.0024904606,0.0017992689,0.04723865,0.014161943,0.0025722538,0.0017965228
4362,/home/jupyter/dent_outputs/isic2019_v2/melanoma/hairs/seed4362/lambda_t_star5/style.png,0.88571906,0.0020422614,0.00057877874,0.0003935476,0.997905,0.0010578074,0.0004317095,0.0004812725,0.9987676,0.0006731103,0.00025147435,0.0002793278,0.99960726,0.00053058966,0.00021268628,0.00020904109,0.9996138,0.0013155751,0.00051104865,0.00032388483,0.99917895,0.004680365,0.0007567836,0.0007415684,0.99718565,0.0027516913,0.00039688172,0.0003702039,0.98949534,0.0024060854,0.0005180059,0.0003926498,0.981656,0.0018547166,0.00043900785,0.00030536085,0.8978512,0.0021014991,0.00053805334,0.00037728332
4050,/home/jupyter/dent_outputs/isic2019_v2/melanoma/hairs/seed4050/lambda_t_star5/style.png,0.4762289,0.00015802824,7.735355e-05,0.00018373237,0.490545,0.0003532114,0.00013402863,0.00041808008,0.6510135,0.00046732582,0.00013258703,0.00044032556,0.58647764,0.000517824,0.00010760619,0.00037415465,0.5210646,0.00035471658,7.3890194e-05,0.00020025963,0.6093642,0.00020838955,6.109088e-05,0.00015792552,0.47586498,0.00025721456,8.4420586e-05,0.00021106107,0.4917973,0.00020168321,8.752253e-05,0.00021946675,0.48716232,0.00015971139,7.334529e-05,0.0001803971,0.45424384,0.00017172849,7.892822e-05,0.00019193665
4308,/home/jupyter/dent_outputs/isic2019_v2/melanoma/hairs/seed4308/lambda_t_star5/style.png,0.029868,0.010836383,0.005281096,0.001096306,0.36717278,0.012854274,0.00073524035,0.00044513377,0.053623434,0.030699506,0.0020886331,0.0007465642,0.20868935,0.075390495,0.003187267,0.0014550857,0.21190661,0.080478996,0.005351384,0.0027903402,0.26751283,0.028749257,0.005537672,0.0017918437,0.16047819,0.015790934,0.0033015637,0.0010215066,0.08400771,0.014225589,0.0034817879,0.00086500164,0.041735016,0.012197091,0.0041120686,0.0009046208,0.03277245,0.011994036,0.004316487,0.00086905266
4114,/home/jupyter/dent_outputs/isic2019_v2/melanoma/hairs/seed4114/lambda_t_star5/style.png,0.0016021744,0.023918947,0.0039053264,0.0018394592,0.9996816,0.00053668395,0.00019948969,0.00019071494,0.99324363,0.0018711142,0.00020167339,0.00021292552,0.9367668,0.0038832997,0.00040759292,0.00031406677,0.9534209,0.011054262,0.0015415157,0.001338671,0.9431713,0.015390886,0.0030662622,0.0019485117,0.0045539667,0.022546738,0.0032129928,0.0019691684,0.003167129,0.029048393,0.005496253,0.0027729135,0.0021010372,0.031190569,0.0046951734,0.0023270582,0.0018297929,0.027600003,0.0043241973,0.0020805507
4045,/home/jupyter/dent_outputs/isic2019_v2/melanoma/hairs/seed4045/lambda_t_star5/style.png,0.00688956,0.002981285,0.04054278,0.0013962893,0.84220266,0.009564426,0.6784186,0.0039095855,0.9326126,0.0055203727,0.4411624,0.0019096924,0.9137061,0.0059409873,0.42627868,0.0021682542,0.8347494,0.008205939,0.46525258,0.0025632516,0.8177546,0.003054834,0.044636045,0.00095245393,0.77421296,0.003027733,0.033984955,0.00093377056,0.068399936,0.0033867804,0.027251096,0.0010765176,0.0079410365,0.0037335022,0.042485613,0.001417491,0.0070698517,0.0031157846,0.040855963,0.00139501
4343,/home/jupyter/dent_outputs/isic2019_v2/melanoma/hairs/seed4343/lambda_t_star5/style.png,0.4709348,0.006791797,0.0014808683,0.00020189909,0.7334664,0.0009147135,0.0030023686,0.0004519797,0.8508568,0.0010688305,0.001989117,0.00035328683,0.8770538,0.007922118,0.0033232807,0.00045930545,0.6946944,0.005730869,0.00136338,0.0002670552,0.56919384,0.0043850024,0.0015125199,0.00028347984,0.5279596,0.0039946986,0.0013882978,0.00024508868,0.46480137,0.0072330646,0.0013697871,0.00020697231,0.4913264,0.00781326,0.0014461474,0.00020630914,0.5266872,0.00694061,0.0012988755,0.00018383068
4182,/home/jupyter/dent_outputs/isic2019_v2/melanoma/hairs/seed4182/lambda_t_star5/style.png,0.6957057,0.0014027448,0.00060633884,0.0007727278,0.3383293,0.018341444,0.00030478468,0.0008225976,0.44821534,0.012351674,0.00021516884,0.00077568257,0.7453225,0.007673343,0.00038409964,0.0011528647,0.7368916,0.0049558054,0.0003607972,0.0010133683,0.6773434,0.0032723683,0.00046750312,0.000996424,0.65870166,0.0019322571,0.00045024458,0.00076064595,0.6658316,0.0018104472,0.000558911,0.0007975697,0.67747,0.0016644258,0.0005920976,0.0007949072,0.6712541,0.0014746463,0.00060787366,0.00082042906
4030,/home/jupyter/dent_outputs/isic2019_v2/melanoma/hairs/seed4030/lambda_t_star5/style.png,0.015026748,0.0056633875,0.0003158567,0.00019302646,0.8024204,0.012959366,0.00036674616,0.0006753912,0.62528247,0.008585729,0.0002969528,0.0005332929,0.13550958,0.054144807,0.00055304874,0.0005226252,0.15558891,0.04019828,0.00057890476,0.0005170669,0.14129697,0.02735055,0.00038221377,0.0003606483,0.107724205,0.016709153,0.0002544175,0.00027184965,0.052825913,0.010357741,0.00022324665,0.00021977122,0.032395225,0.0078008496,0.00028645754,0.00021962229,0.02206349,0.006225359,0.00033780548,0.00021953351
4062,/home/jupyter/dent_outputs/isic2019_v2/melanoma/hairs/seed4062/lambda_t_star5/style.png,0.013138268,0.13878776,0.0020676346,0.00065871316,0.998847,0.0012061313,0.0003610799,0.0003306753,0.998007,0.0016291087,0.00045456347,0.00035783282,0.99549085,0.0029883177,0.00044395676,0.00036835478,0.7587942,0.027737452,0.0019323335,0.00082287786,0.09795326,0.13681604,0.0024239316,0.0009127903,0.027179772,0.25257817,0.0020183567,0.000805218,0.021946222,0.2523888,0.0026574908,0.0008951259,0.016216887,0.17748716,0.0021916358,0.00075378077,0.017486915,0.1584379,0.0019381524,0.0007107574
4760,/home/jupyter/dent_outputs/isic2019_v2/melanoma/hairs/seed4760/lambda_t_star5/style.png,0.5707245,0.008939628,0.00041137447,0.0009250168,0.8937484,0.0018557003,0.0005011096,0.00053604745,0.99234515,0.0004405187,0.00027523527,0.00025999077,0.98219126,0.0027482258,0.00040642972,0.0004962098,0.9531851,0.0017540382,0.00027013794,0.00040517517,0.94792724,0.002358461,0.00042846322,0.0006179447,0.912906,0.005670594,0.0003185867,0.00071453146,0.6002313,0.008676203,0.0003878357,0.0008535449,0.5470623,0.009918876,0.0004299482,0.00093261333,0.5797405,0.008384194,0.00038292966,0.0008625572
4451,/home/jupyter/dent_outputs/isic2019_v2/melanoma/hairs/seed4451/lambda_t_star5/style.png,0.0017910617,0.0022579257,0.0022102601,0.0019157642,0.9582299,0.0040599485,0.005808763,0.0014607161,0.95692116,0.002906916,0.005260438,0.0012451351,0.9286233,0.002000917,0.0043069925,0.0011404211,0.8608556,0.0015959751,0.0031691967,0.0010354897,0.60951716,0.0014604207,0.0021166268,0.001052726,0.1472675,0.0012176735,0.0017509841,0.0011151124,0.011171534,0.0010992194,0.0018098801,0.0013597173,0.0019257539,0.002023888,0.002057494,0.0016861405,0.0016923662,0.0022633679,0.0022581234,0.0018546256
4084,/home/jupyter/dent_outputs/isic2019_v2/melanoma/hairs/seed4084/lambda_t_star5/style.png,0.0012005869,0.0046635442,0.011605553,0.0015111631,0.99520063,0.0057720644,0.0116135795,0.0024211244,0.9879711,0.0068015927,0.017014746,0.002240011,0.98369896,0.00756758,0.015160716,0.0022426813,0.9815201,0.005661669,0.011040814,0.001804085,0.94360924,0.0058443644,0.008345184,0.0023472914,0.78249437,0.0073558157,0.0128639545,0.0030708148,0.009671075,0.014936515,0.017511034,0.0029993767,0.002182871,0.0073417947,0.014609353,0.0017764549,0.0012526917,0.003963844,0.01139995,0.0013588163
4957,/home/jupyter/dent_outputs/isic2019_v2/melanoma/hairs/seed4957/lambda_t_star5/style.png,0.13947386,0.0018873295,0.0025103288,0.000508383,0.83837193,0.00012964245,0.000927586,0.00022912452,0.9067741,0.00028111113,0.00080568244,0.00021398893,0.8472299,0.000393353,0.0006282287,0.00018410695,0.76640034,0.0005654753,0.00059884967,0.00015201895,0.5329325,0.0009502229,0.00078804436,0.00018203443,0.22596395,0.0027581402,0.002390987,0.00045317665,0.19696267,0.002860825,0.0025026035,0.00049189624,0.16493146,0.0024119744,0.0023767417,0.0004650927,0.1412789,0.0023590445,0.0022660906,0.0004939133
4656,/home/jupyter/dent_outputs/isic2019_v2/melanoma/hairs/seed4656/lambda_t_star5/style.png,0.024735415,0.062581435,0.0017233216,0.0012218906,0.9325394,0.019790178,0.0007318834,0.0006275609,0.9642712,0.028184047,0.0015235875,0.0010990766,0.8232916,0.044849813,0.0018171491,0.0011489595,0.64849675,0.07468046,0.002155895,0.0015145161,0.3322699,0.08056373,0.0021001457,0.0014123026,0.1299694,0.067211464,0.0016419761,0.0011467471,0.042938434,0.07461654,0.0019445015,0.0013683098,0.026939226,0.07367051,0.0018624789,0.0013216025,0.023599112,0.06755575,0.0017799075,0.0012647682
4367,/home/jupyter/dent_outputs/isic2019_v2/melanoma/hairs/seed4367/lambda_t_star5/style.png,0.001601639,0.029953036,0.003614105,0.007510446,0.004805037,0.058971856,0.0007277282,0.002160476,0.01661068,0.039068732,0.00073470344,0.0016637091,0.0047547016,0.06918293,0.0018933265,0.003054564,0.0034608932,0.07752103,0.0020682653,0.0040468182,0.0030494235,0.05088589,0.0026694401,0.0057592276,0.00302398,0.05737242,0.0035571794,0.008276501,0.0020930255,0.03978144,0.0034551648,0.007543067,0.0014930712,0.030803908,0.0033062885,0.007303251,0.0016197306,0.02833967,0.0033971062,0.006874102
4964,/home/jupyter/dent_outputs/isic2019_v2/melanoma/hairs/seed4964/lambda_t_star5/style.png,0.0034433163,0.017380493,0.0013091891,0.00051229086,0.9996743,0.0007318611,0.00022931774,0.00013688196,0.9992955,0.0010587269,0.00013017647,0.000101808706,0.9995378,0.0020318455,9.99671e-05,0.00010073177,0.9993728,0.0023965996,0.00016990122,0.00013284608,0.998642,0.004115429,0.00022870416,0.00017520331,0.011055647,0.029529553,0.0011143946,0.00062851765,0.005843766,0.023926467,0.0009984828,0.0004833586,0.0033978217,0.021225369,0.0010954358,0.00049591303,0.0032390761,0.018374708,0.001198096,0.00051363057
4506,/home/jupyter/dent_outputs/isic2019_v2/melanoma/hairs/seed4506/lambda_t_star5/style.png,0.028856847,0.018025141,0.066800095,0.004818251,0.99602664,0.0045347903,0.017223073,0.0027947712,0.9980034,0.0024052372,0.012493564,0.0022943222,0.9923267,0.004134447,0.019767333,0.0033762672,0.987099,0.0042767297,0.010298056,0.002319409,0.59393364,0.0076818545,0.04101566,0.005394646,0.037594493,0.01689697,0.06912123,0.0077193263,0.03430333,0.022645937,0.07406681,0.0075576245,0.03046939,0.02035578,0.06963515,0.006153243,0.027842104,0.017722446,0.06779164,0.004948416
4055,/home/jupyter/dent_outputs/isic2019_v2/melanoma/hairs/seed4055/lambda_t_star5/style.png,0.0032310993,0.029678062,0.23933616,0.008430426,0.9713022,0.043611463,0.08574837,0.0064897514,0.96909934,0.04110504,0.11786701,0.0065332484,0.9754562,0.02634929,0.117534414,0.0055813943,0.9948106,0.018730499,0.070559956,0.003129058,0.9944495,0.016500274,0.07910711,0.0031717888,0.95302546,0.021408241,0.21667816,0.0067284717,0.36805913,0.029124606,0.21410215,0.010108926,0.015839124,0.034088492,0.27126032,0.010538917,0.004443985,0.033197887,0.2905402,0.010395106
4063,/home/jupyter/dent_outputs/isic2019_v2/melanoma/hairs/seed4063/lambda_t_star5/style.png,0.0017725949,0.08688113,0.21615945,0.009099704,0.90716475,0.08418961,0.1032351,0.009644062,0.22725298,0.13143359,0.09493815,0.0075255563,0.24259603,0.07486012,0.15263693,0.0133866435,0.26030093,0.08637866,0.18779472,0.017931681,0.22116384,0.09241244,0.18255807,0.014146781,0.3928251,0.11049219,0.23856048,0.01551902,0.14400816,0.12296812,0.30732796,0.015211083,0.008458635,0.087403566,0.24151933,0.010759771,0.00246701,0.082904324,0.20149459,0.008805189
4499,/home/jupyter/dent_outputs/isic2019_v2/melanoma/hairs/seed4499/lambda_t_star5/style.png,0.0010110582,0.0011122312,0.002432552,0.0013385504,0.5620927,0.0019793457,0.0018238333,0.0012384385,0.6159575,0.0016494485,0.0016148363,0.001087548,0.6978849,0.0010786802,0.0012646809,0.0007975963,0.6389186,0.00097411807,0.0012980297,0.0008542576,0.40951163,0.0013336786,0.0013638416,0.0010026027,0.028869439,0.00094282307,0.0017198159,0.0012712586,0.0027898268,0.0012669228,0.002186707,0.0014538198,0.0015666278,0.0011793419,0.002094252,0.0013834671,0.0010603404,0.0009887038,0.0021148217,0.0012264496
4781,/home/jupyter/dent_outputs/isic2019_v2/melanoma/hairs/seed4781/lambda_t_star5/style.png,0.0043478897,0.101280935,0.0100384755,0.004716325,0.50368655,0.01582898,0.0073118783,0.008292132,0.084738195,0.0630566,0.043672156,0.03410622,0.07182421,0.05626132,0.027040439,0.019016875,0.022443565,0.03502887,0.01285586,0.009435398,0.012769638,0.06722559,0.016710179,0.013287615,0.006357975,0.084616415,0.011666782,0.0060812645,0.0045365146,0.12713301,0.0074819936,0.0038014182,0.0042654444,0.12750955,0.010295053,0.00462455,0.004819115,0.1108014,0.012112014,0.0052645965
4838,/home/jupyter/dent_outputs/isic2019_v2/melanoma/hairs/seed4838/lambda_t_star5/style.png,0.00089598313,0.009733273,0.017819013,0.0022943616,0.9966959,0.009410602,0.0062402626,0.0024390842,0.9942583,0.007882209,0.0074956,0.0026023549,0.9924184,0.006071646,0.0059776157,0.0020229954,0.9918533,0.006528917,0.0077287876,0.0020073652,0.98936534,0.0067511,0.010585765,0.0023054916,0.8544841,0.0072435774,0.014631419,0.0035941165,0.119533435,0.009218725,0.01974653,0.0035445895,0.016469706,0.011446384,0.022168547,0.003315735,0.001678113,0.009178226,0.019744815,0.0026071984
4579,/home/jupyter/dent_outputs/isic2019_v2/melanoma/hairs/seed4579/lambda_t_star5/style.png,0.0023720507,0.97395873,0.009568609,0.0031074954,0.9956636,0.058659263,0.018158607,0.0057334425,0.98340744,0.5974837,0.003298278,0.0036202148,0.94972605,0.9215162,0.004277534,0.0045738756,0.23982197,0.9450592,0.012002804,0.007020173,0.005195469,0.99193925,0.006021181,0.003236666,0.0025528034,0.9881208,0.006362853,0.0027123578,0.0030450413,0.98426276,0.008663298,0.0031808305,0.0027109613,0.9735164,0.009695809,0.0031161623,0.0025357178,0.97277665,0.009609829,0.0029645222
4785,/home/jupyter/dent_outputs/isic2019_v2/melanoma/hairs/seed4785/lambda_t_star5/style.png,0.0018259586,0.004484717,0.039442673,0.002529501,0.96810037,0.013900006,0.8386363,0.0034129408,0.9962302,0.004638327,0.483869,0.0033344738,0.99895525,0.0061245663,0.3929514,0.0026731014,0.9986753,0.0059059686,0.3575173,0.002605152,0.9811584,0.0041627125,0.43477076,0.0029752136,0.7862743,0.005968394,0.23656398,0.0032920968,0.09547145,0.0042116866,0.0623427,0.0026220458,0.0042230985,0.004410057,0.042229235,0.0025268558,0.0023991398,0.004499544,0.04366778,0.0025134508
4595,/home/jupyter/dent_outputs/isic2019_v2/melanoma/hairs/seed4595/lambda_t_star5/style.png,0.03834605,0.086447515,0.0043577347,0.0018178879,0.056410015,0.12024482,0.0035433588,0.0013694401,0.07203885,0.06312448,0.00791229,0.0023277723,0.054408405,0.09390539,0.0091355285,0.0023736062,0.053563528,0.15785737,0.0061321985,0.0020134393,0.04518172,0.16979645,0.0053745024,0.001809261,0.03516883,0.14389364,0.0054792096,0.0021273508,0.038715098,0.113718376,0.0051686876,0.002271199,0.040759373,0.10853998,0.004891673,0.0023572766,0.0384156,0.09166705,0.004397052,0.0019353742
4449,/home/jupyter/dent_outputs/isic2019_v2/melanoma/hairs/seed4449/lambda_t_star5/style.png,0.0005864615,0.023096709,0.3502706,0.03952182,0.00065379066,0.012924828,0.15479535,0.007159018,0.0004861412,0.013702204,0.14976601,0.0056336294,0.0005082456,0.01208542,0.1724531,0.004402081,0.00040094595,0.008060035,0.19050238,0.0029793992,0.0005300511,0.011858344,0.17858176,0.008341689,0.00075060397,0.019952416,0.24398334,0.018327639,0.0007158386,0.021804068,0.25323483,0.02407161,0.0006350272,0.02360929,0.2787851,0.029417079,0.0006155725,0.025311287,0.3165113,0.038808916
4179,/home/jupyter/dent_outputs/isic2019_v2/melanoma/hairs/seed4179/lambda_t_star5/style.png,0.001603354,0.13460428,0.006765543,0.0044260616,0.9591408,0.010421411,0.0016767436,0.0027452267,0.9904143,0.040468745,0.0027149594,0.0026233715,0.9763781,0.056589294,0.0009257623,0.0010707816,0.016755354,0.065546855,0.003257307,0.0028730854,0.00249628,0.1827698,0.0043208115,0.0039454987,0.0019645635,0.19156171,0.0044738497,0.0039339047,0.0018869137,0.17363285,0.004733744,0.0039399406,0.001617322,0.14845425,0.0052207694,0.0040185503,0.0016242479,0.1327699,0.0063306615,0.004342271
4346,/home/jupyter/dent_outputs/isic2019_v2/melanoma/hairs/seed4346/lambda_t_star5/style.png,0.00016347172,0.0022112213,0.03811242,0.0013478383,0.9512195,0.027156474,0.08507915,0.011079379,0.89470124,0.070024475,0.051352736,0.009896602,0.7939113,0.006551295,0.075788625,0.0062706806,0.16917884,0.0054218494,0.05573878,0.0044597466,0.103969,0.004968196,0.054294214,0.00481778,0.00100966,0.0024753131,0.062906966,0.0024744514,0.00048765904,0.0019963402,0.046039272,0.0017834862,0.00028886963,0.0023072634,0.039409164,0.0015699093,0.00020752246,0.0023254438,0.037327837,0.0014786131
4119,/home/jupyter/dent_outputs/isic2019_v2/melanoma/hairs/seed4119/lambda_t_star5/style.png,0.0072079347,0.028048491,0.10971544,0.010125975,0.62466687,0.030953849,0.12055378,0.0076781916,0.68559796,0.021212123,0.10731686,0.007428419,0.67042875,0.018378712,0.11055807,0.007855399,0.5914651,0.030028211,0.09836408,0.007167632,0.64408743,0.027743459,0.09341882,0.0064484845,0.08057676,0.014607301,0.0636885,0.0064405706,0.009056283,0.020026347,0.07689547,0.007890043,0.0064209774,0.02539695,0.10620294,0.008867331,0.0074703526,0.032651685,0.12429508,0.010741287
4211,/home/jupyter/dent_outputs/isic2019_v2/melanoma/hairs/seed4211/lambda_t_star5/style.png,0.00577786,0.05874798,0.0009815505,0.0010307388,0.6305809,0.010935832,0.00056560984,0.0008332688,0.05361914,0.014490445,0.0001379195,0.00028739308,0.043293968,0.017779699,0.00015525792,0.0002315621,0.018920917,0.02098719,0.00024889057,0.00048732033,0.006962312,0.038717147,0.00024532364,0.0004312624,0.007654236,0.038949657,0.00027223557,0.00044654834,0.008054513,0.045927558,0.00034581433,0.00050444057,0.007740965,0.048929024,0.0005616763,0.0006672722,0.0065567032,0.05610404,0.0008782436,0.00092926144
4232,/home/jupyter/dent_outputs/isic2019_v2/melanoma/hairs/seed4232/lambda_t_star5/style.png,0.58014977,0.00056201447,0.0004335848,0.0003218177,0.9989452,0.00024185759,0.0005689833,0.0002698769,0.9719571,0.0002968903,0.0010619168,0.00019250647,0.964451,0.00013368732,0.00047849858,0.00012672337,0.9926537,0.00023822807,0.00024454502,6.457391e-05,0.48762167,0.00014567743,0.00018460423,8.98298e-05,0.29314882,0.00051738607,0.00028360987,0.00018521867,0.38796264,0.00052840885,0.00031220302,0.00022053065,0.49218705,0.0004970533,0.00035166653,0.00025957366,0.5920998,0.00053100305,0.0004067171,0.0003004278
4596,/home/jupyter/dent_outputs/isic2019_v2/melanoma/hairs/seed4596/lambda_t_star5/style.png,0.00047160257,0.004399559,0.025690285,0.0022174856,0.9998927,0.0024967894,0.011502998,0.00093446247,0.99951494,0.003093178,0.010621334,0.0011705541,0.9994784,0.003177204,0.010274241,0.0012834191,0.99915624,0.004662006,0.017374476,0.0017290966,0.9956613,0.0069081513,0.036253564,0.0024011186,0.98465896,0.007631506,0.05518145,0.0032884362,0.006732166,0.0054482487,0.038241964,0.0038736518,0.0010594078,0.006593031,0.040229592,0.0037335148,0.0005251645,0.005134978,0.031545207,0.0024757371
4993,/home/jupyter/dent_outputs/isic2019_v2/melanoma/hairs/seed4993/lambda_t_star5/style.png,0.00037889087,0.020333698,0.008929591,0.0025849985,0.8744722,0.13400394,0.016112933,0.006993701,0.963516,0.054987106,0.029668847,0.007980716,0.91528976,0.060993295,0.038062282,0.0059724553,0.93752885,0.047716152,0.024364693,0.004261473,0.8374436,0.039503265,0.017749147,0.0037790777,0.1297447,0.034533713,0.011670862,0.0032634684,0.00395263,0.036829323,0.007631138,0.0027139643,0.0009619986,0.03143842,0.008097717,0.0024596504,0.00046047685,0.027228365,0.010965342,0.0029952417
4853,/home/jupyter/dent_outputs/isic2019_v2/melanoma/hairs/seed4853/lambda_t_star5/style.png,0.00040837977,0.0024956213,0.0031813614,0.0008076252,0.0058149816,0.0037802856,0.0013928481,0.0013289239,0.007513799,0.004313854,0.0025111423,0.0029240754,0.0052390997,0.012115757,0.00357652,0.0047418703,0.0013011594,0.023020893,0.002794762,0.0027946995,0.0010802442,0.016231103,0.003436296,0.0021976107,0.0006815851,0.006395271,0.0031089317,0.0014304821,0.0003968889,0.0035968462,0.0026316403,0.0008575002,0.00036583617,0.0034319563,0.0030588491,0.000810901,0.00037870344,0.0029647283,0.0030408015,0.0007999994
4965,/home/jupyter/dent_outputs/isic2019_v2/melanoma/hairs/seed4965/lambda_t_star5/style.png,0.082919255,0.020519042,0.001055732,0.0008744198,0.9426966,0.012830408,0.0008494172,0.0008166167,0.8023164,0.011827902,0.00037168546,0.0003743869,0.8907989,0.0058218027,0.0006625266,0.00049343216,0.9636655,0.0035031452,0.00069112907,0.00084626034,0.5253698,0.025208687,0.0011803253,0.0014033722,0.22367102,0.02197081,0.0012406742,0.001209194,0.1351791,0.02484788,0.0012715353,0.0012096848,0.11044613,0.024593823,0.0011320431,0.0010065712,0.107613705,0.019923788,0.00087145664,0.00078882155
4971,/home/jupyter/dent_outputs/isic2019_v2/melanoma/hairs/seed4971/lambda_t_star5/style.png,0.0010662453,0.0031821947,0.018848568,0.0023259027,0.9963283,0.005420587,0.029010097,0.0028453355,0.9957885,0.00499402,0.02546438,0.002813188,0.9957709,0.0048316037,0.030320141,0.0028447756,0.9873051,0.003678341,0.023794325,0.0021876455,0.932913,0.0039941785,0.030171324,0.0020707883,0.957286,0.004646188,0.034534942,0.0022767098,0.6769299,0.003872809,0.013456535,0.0017517837,0.12297888,0.0023563537,0.0107155675,0.0016694639,0.0038183066,0.0029787605,0.016324952,0.0022914906
4660,/home/jupyter/dent_outputs/isic2019_v2/melanoma/hairs/seed4660/lambda_t_star5/style.png,0.013252515,0.010292128,0.008846359,0.0021884597,0.48317912,0.013398786,0.024037361,0.0034516728,0.38164225,0.015083924,0.01389272,0.0025281792,0.62335175,0.01786185,0.010706453,0.0023973044,0.48665673,0.019615645,0.013522578,0.0029116578,0.6224905,0.017370554,0.015265134,0.0025230402,0.039357778,0.014753338,0.013437063,0.0032542588,0.035634626,0.014923122,0.01198637,0.003268796,0.023332257,0.016673129,0.01091779,0.0029301846,0.015393891,0.011565065,0.009303651,0.0024414281
4559,/home/jupyter/dent_outputs/isic2019_v2/melanoma/hairs/seed4559/lambda_t_star5/style.png,0.12541854,0.014687208,0.0055227606,0.003990669,0.99945277,0.0005286202,0.0004062771,0.00016971811,0.9995009,0.0006652872,0.00031511526,0.00017974361,0.999503,0.0017881027,0.00030589584,0.00026475833,0.9993636,0.0039218157,0.00040555367,0.00043801448,0.9986331,0.0037397593,0.0004170519,0.00040026143,0.9234247,0.016768217,0.0017915913,0.001501943,0.40950978,0.01628658,0.0033890244,0.002340735,0.1642632,0.013644578,0.004873949,0.0034323386,0.14784552,0.015616673,0.0054368223,0.0038330045
4929,/home/jupyter/dent_outputs/isic2019_v2/melanoma/hairs/seed4929/lambda_t_star5/style.png,0.0087582115,0.01378646,0.003624753,0.0013853401,0.062261134,0.009242505,0.0012223305,0.0010335412,0.05443881,0.016557075,0.001029958,0.0009670126,0.02550178,0.019757725,0.00127255,0.0011104542,0.0325149,0.010630136,0.00090945413,0.00081875,0.015196734,0.017859574,0.0011635765,0.0009524776,0.0078900615,0.014154084,0.0017240808,0.0009657627,0.007183517,0.0123246545,0.0030173212,0.0012639655,0.009411064,0.014849315,0.003851514,0.001446918,0.008638283,0.016057925,0.0038343503,0.0014503931
4226,/home/jupyter/dent_outputs/isic2019_v2/melanoma/hairs/seed4226/lambda_t_star5/style.png,0.0010334448,0.02974681,0.04194963,0.0015182559,0.9981567,0.032022882,0.16779959,0.0018969859,0.99793893,0.03825619,0.121434785,0.0018910222,0.9973368,0.04279784,0.10589116,0.0020868517,0.9965322,0.04827843,0.1216314,0.0022248141,0.9757263,0.07794096,0.10379495,0.0027538878,0.5715595,0.073809795,0.051107496,0.0018185205,0.0043114056,0.052135445,0.05268111,0.0019391977,0.001956638,0.045470458,0.04514351,0.0017952721,0.0012802376,0.042919505,0.04144714,0.0018431381
4562,/home/jupyter/dent_outputs/isic2019_v2/melanoma/hairs/seed4562/lambda_t_star5/style.png,0.0013582703,0.011347241,0.008284661,0.000930258,0.002168569,0.0031302765,0.009627172,0.0010565727,0.004975235,0.0037213427,0.004393079,0.000625796,0.016075073,0.0024575852,0.004210903,0.00047645575,0.010615001,0.0062541165,0.0033205051,0.00051962223,0.007749104,0.01344137,0.0072621587,0.0010420008,0.006089768,0.01798205,0.007725812,0.0011785575,0.0038264827,0.013019796,0.0061279107,0.0009733003,0.0025338624,0.013646716,0.0077212807,0.0010235279,0.0017064518,0.012282539,0.007525439,0.000928856
4894,/home/jupyter/dent_outputs/isic2019_v2/melanoma/hairs/seed4894/lambda_t_star5/style.png,0.00033882383,0.010528739,0.018075723,0.0031181122,0.99756384,0.001044188,0.0005356707,0.00031469497,0.9945182,0.0057990425,0.0012510718,0.00046629595,0.0998391,0.00239591,0.004941372,0.0009265874,0.0019096287,0.0036009056,0.008342359,0.001700715,0.0012804271,0.004640493,0.012814203,0.0020208093,0.0006451544,0.009755971,0.027323429,0.0038048956,0.00050248037,0.012933829,0.027169824,0.0040886463,0.00039314042,0.01212508,0.02350472,0.0037561648,0.00037500326,0.0110204965,0.019668134,0.0033347053
4749,/home/jupyter/dent_outputs/isic2019_v2/melanoma/hairs/seed4749/lambda_t_star5/style.png,0.0022816772,0.007959434,0.028482592,0.008503524,0.08465966,0.011824788,0.025997594,0.0064463154,0.041733716,0.014708379,0.017984653,0.0058739637,0.044516955,0.016261755,0.01531332,0.0055225203,0.040246993,0.020943426,0.017160125,0.006050885,0.030716982,0.019634329,0.019551015,0.0064242547,0.0024898672,0.012456796,0.023972688,0.0063685505,0.0025007818,0.007203677,0.028253905,0.0069621014,0.0025405032,0.007816111,0.031462714,0.006957728,0.0024889756,0.0076282895,0.029727157,0.007708001
4899,/home/jupyter/dent_outputs/isic2019_v2/melanoma/hairs/seed4899/lambda_t_star5/style.png,0.3599407,0.00044431534,0.00031185555,0.0001034843,0.46769226,0.00023547617,0.00021301485,0.00015765018,0.14437872,0.00031316318,0.000754314,0.00029449796,0.5636327,0.00010040523,0.00025173053,9.883696e-05,0.8587432,0.000116091585,0.00030971423,9.868929e-05,0.655854,0.0004794636,0.00017711494,9.545031e-05,0.28457898,0.0006401873,0.00028284756,0.0001176243,0.23507036,0.00054968504,0.00030047193,0.000110261244,0.25558993,0.00047748777,0.00029270037,9.6817304e-05,0.30355126,0.00047286504,0.0003208591,0.00010846124
4918,/home/jupyter/dent_outputs/isic2019_v2/melanoma/hairs/seed4918/lambda_t_star5/style.png,0.3921206,0.017881442,0.014411289,0.0048863515,0.9572182,0.008112322,0.028353615,0.0043859165,0.96743,0.00997292,0.041522976,0.005682756,0.9509247,0.0074897916,0.049489222,0.0045221145,0.86688197,0.0090992665,0.07069577,0.0046217064,0.8972277,0.0078688,0.05412143,0.003623668,0.6892073,0.026912231,0.014826703,0.0052920105,0.8050671,0.024481568,0.01213839,0.0043054833,0.6576978,0.015874917,0.01127684,0.0038350332,0.51950073,0.018032202,0.014139194,0.0045008105
4655,/home/jupyter/dent_outputs/isic2019_v2/melanoma/hairs/seed4655/lambda_t_star5/style.png,0.00042618508,0.0020543966,0.37468418,0.0018615307,0.9916602,0.013476642,0.5405514,0.008491214,0.9882321,0.010731522,0.3178644,0.007939973,0.22209975,0.0057267756,0.61570024,0.006106012,0.14369132,0.0051762224,0.48624966,0.005401543,0.027708668,0.0037264745,0.38794047,0.0038488333,0.0032469262,0.0026938322,0.33347756,0.0033301865,0.0006777989,0.0020019314,0.31343636,0.0025685031,0.0004927952,0.0019346697,0.33298194,0.002229638,0.000485145,0.0019421902,0.3429885,0.0019761173
4878,/home/jupyter/dent_outputs/isic2019_v2/melanoma/hairs/seed4878/lambda_t_star5/style.png,0.0010199371,0.0010544469,0.020509193,0.0019325265,0.9202193,0.0029658575,0.01026304,0.002016789,0.607629,0.002815894,0.0131337065,0.0017595155,0.46810248,0.0012676789,0.012060396,0.0013056154,0.4117849,0.0009932125,0.01193729,0.0013262104,0.31093094,0.0006909697,0.009814177,0.0010390556,0.18215768,0.0006741256,0.013893105,0.0010400544,0.013462555,0.0011274806,0.023554413,0.002127939,0.0010132679,0.0011107287,0.018284122,0.0016324259,0.0009638399,0.0010504354,0.017178964,0.001694145
4349,/home/jupyter/dent_outputs/isic2019_v2/melanoma/hairs/seed4349/lambda_t_star5/style.png,0.0018175098,0.00872733,0.25241956,0.0052052527,0.9990785,0.013144533,0.28795755,0.002328921,0.090696014,0.016288199,0.4231166,0.010157728,0.028931418,0.013888025,0.3735881,0.011249912,0.024624543,0.008103405,0.3182566,0.007367116,0.029637441,0.008227,0.27219722,0.0058036465,0.018430868,0.012256541,0.24649113,0.006211783,0.0071338066,0.012678344,0.2289627,0.0057181343,0.0029413132,0.011557621,0.24746999,0.0060948343,0.0023697636,0.0109664425,0.29289603,0.006049807
4942,/home/jupyter/dent_outputs/isic2019_v2/melanoma/hairs/seed4942/lambda_t_star5/style.png,0.0015931338,0.010630547,0.1884969,0.023113528,0.086386204,0.018600935,0.057335336,0.008619401,0.06419028,0.01577178,0.09194916,0.0077920626,0.048490807,0.01601672,0.16122755,0.015311236,0.044216547,0.014432332,0.17300825,0.01709573,0.053237192,0.01244916,0.15124783,0.017250132,0.03125063,0.012796459,0.1623153,0.026703997,0.0029578423,0.01364266,0.21092094,0.031357124,0.0019293221,0.011929407,0.19539583,0.028553488,0.0016241056,0.010526294,0.17961809,0.02468778
4885,/home/jupyter/dent_outputs/isic2019_v2/melanoma/hairs/seed4885/lambda_t_star5/style.png,0.00015125913,0.0009132057,0.027475232,0.0015829825,0.82108194,0.0033142068,0.43866855,0.0022022694,0.976229,0.0024863346,0.23123209,0.0017685663,0.009896293,0.00069869135,0.023365362,0.00166756,0.0008138779,0.000637439,0.022362456,0.0016006046,0.00029778152,0.0007494868,0.027230203,0.0018470206,0.00022302198,0.0007601652,0.031996075,0.0018040265,0.00018913654,0.00088615896,0.03315989,0.0019918717,0.00020294981,0.0008866603,0.031305894,0.0018052155,0.0001741628,0.00086975395,0.028019447,0.0016283008
4852,/home/jupyter/dent_outputs/isic2019_v2/melanoma/hairs/seed4852/lambda_t_star5/style.png,0.00014786469,0.010005151,0.035286605,0.0027462493,0.54694664,0.008383338,0.03995088,0.0076887277,0.91102815,0.02085536,0.06485286,0.012566127,0.9164267,0.021655397,0.06610943,0.012953006,0.8776188,0.020595577,0.052267317,0.011044559,0.15809542,0.019933078,0.055594824,0.008993805,0.00029969006,0.016822107,0.034911398,0.0037541706,0.00022747758,0.016990859,0.03517683,0.0034268624,0.00021447813,0.013353376,0.04361455,0.0031990453,0.00016665086,0.0111177815,0.036750082,0.0027729545
4484,/home/jupyter/dent_outputs/isic2019_v2/melanoma/hairs/seed4484/lambda_t_star5/style.png,0.9503228,0.018854981,0.08964468,0.025079714,0.94621176,0.02412756,0.0025976496,0.004726498,0.99533087,0.016027538,0.0181343,0.004257996,0.9963027,0.014251142,0.0336526,0.007530932,0.98628104,0.016987197,0.101053335,0.01750298,0.97452277,0.018498959,0.0734423,0.021480536,0.97112375,0.01756183,0.08175933,0.02162765,0.96434337,0.017663855,0.089325316,0.023303859,0.9496797,0.019915605,0.09317436,0.025632642,0.9502564,0.018792592,0.08823397,0.023744432
4365,/home/jupyter/dent_outputs/isic2019_v2/melanoma/hairs/seed4365/lambda_t_star5/style.png,0.118416674,0.009346968,0.0021780834,0.0016409422,0.21652737,0.008911232,0.0036788145,0.0024709664,0.4451159,0.011614954,0.0031875204,0.004057611,0.8075922,0.0062267315,0.002329855,0.0033494,0.6929598,0.00910789,0.0021871752,0.0029691956,0.5979399,0.012540149,0.0027574622,0.0039271205,0.36320886,0.0116107995,0.001993259,0.0022432948,0.19835882,0.010704297,0.0014894961,0.0016177694,0.15709293,0.008894486,0.0016029298,0.001439768,0.12195838,0.008083026,0.0016585324,0.001353031
4321,/home/jupyter/dent_outputs/isic2019_v2/melanoma/hairs/seed4321/lambda_t_star5/style.png,0.024830982,0.008446413,0.0006998429,0.00035769588,0.9003482,0.0005136372,0.00044946084,0.0004240852,0.8558202,0.0006326794,0.0005576839,0.00062190124,0.69057363,0.0007464535,0.0006290244,0.00077342585,0.2870707,0.0014117487,0.00063849485,0.00059535855,0.17514478,0.001589163,0.00031599676,0.00032686428,0.03144192,0.0032242937,0.00056544406,0.00031904966,0.025580155,0.0044308067,0.0005665903,0.0002865026,0.024724275,0.0054247635,0.0006794189,0.00033570663,0.026309218,0.006434416,0.00073477905,0.00036936614
4262,/home/jupyter/dent_outputs/isic2019_v2/melanoma/hairs/seed4262/lambda_t_star5/style.png,0.0008191988,0.004575156,0.0044978927,0.0003256537,0.9376628,0.023581704,0.009323625,0.0015506308,0.75279444,0.012322419,0.011991488,0.0012571202,0.60284936,0.00469428,0.016350778,0.0011096796,0.4187854,0.0057987976,0.015572687,0.00093676953,0.09567402,0.0031797285,0.0048695263,0.00031709796,0.0058920826,0.003924104,0.0073254653,0.00033704162,0.0023450358,0.005637622,0.0074722804,0.00038152063,0.0010181264,0.004968561,0.005512509,0.00036187161,0.0009536703,0.0047448846,0.0046254615,0.000342329
4988,/home/jupyter/dent_outputs/isic2019_v2/melanoma/hairs/seed4988/lambda_t_star5/style.png,0.010318915,0.00131584,0.0056261923,0.0010601998,0.99005365,0.003688806,0.033918,0.0014476128,0.9995327,0.006711656,0.019352002,0.0013916866,0.9995608,0.0062366324,0.030881427,0.0014077713,0.99884343,0.007832476,0.043161735,0.0014671122,0.99889636,0.007877668,0.029116176,0.0013575739,0.98284435,0.0055481885,0.07237262,0.0017487886,0.83101743,0.0017409165,0.0150561575,0.0012384346,0.07584438,0.0012569024,0.0045141447,0.0008403595,0.012053376,0.0016557714,0.0054428694,0.0010265993
4568,/home/jupyter/dent_outputs/isic2019_v2/melanoma/hairs/seed4568/lambda_t_star5/style.png,0.0006777046,0.49806884,0.0018467586,0.0015439675,0.001152935,0.340833,0.00096582895,0.00054532057,0.0020703962,0.5710306,0.0013362953,0.0009247881,0.0018464862,0.5548358,0.0010493272,0.00074245053,0.0011381172,0.4531093,0.0008473428,0.00062245113,0.000767299,0.33911917,0.0010609628,0.0008321115,0.00052603066,0.37742966,0.0012455966,0.000874756,0.0005700823,0.42747697,0.0015995817,0.001242802,0.0006333415,0.5000713,0.0021326512,0.001727768,0.00055454596,0.5118449,0.0019502752,0.0016540926
4064,/home/jupyter/dent_outputs/isic2019_v2/melanoma/hairs/seed4064/lambda_t_star5/style.png,0.002118533,0.026552226,0.37337083,0.0062800087,0.9992956,0.018217206,0.08341592,0.0031007433,0.99943584,0.008674698,0.0910265,0.0035247074,0.6978238,0.018940747,0.20216766,0.005704879,0.8488392,0.009654229,0.18242219,0.004468991,0.7943369,0.010123161,0.21818505,0.0049411585,0.7140351,0.010448664,0.21734327,0.004499736,0.30282378,0.00822369,0.16148566,0.0029858013,0.003712281,0.029872207,0.36650482,0.006117062,0.0023951614,0.02465564,0.3241338,0.0054305037
4588,/home/jupyter/dent_outputs/isic2019_v2/melanoma/hairs/seed4588/lambda_t_star5/style.png,0.002541454,0.028361263,0.11399222,0.009615086,0.54872507,0.0464085,0.27072647,0.010888268,0.09024064,0.054818194,0.14990908,0.020979764,0.10900229,0.042200208,0.14344235,0.016696373,0.09147031,0.029263373,0.11470761,0.011846102,0.038782883,0.02842632,0.10989911,0.009797981,0.029341726,0.029526116,0.10156229,0.009356301,0.0150025245,0.030108474,0.11568842,0.009480222,0.0044464604,0.036428425,0.10768616,0.008887373,0.0026317816,0.032277264,0.1121273,0.009233156
4984,/home/jupyter/dent_outputs/isic2019_v2/melanoma/hairs/seed4984/lambda_t_star5/style.png,0.005832289,0.028143622,0.0048051807,0.007094359,0.970348,0.0504031,0.0035592709,0.0031233323,0.95723236,0.05735518,0.0037260943,0.0032048956,0.9568217,0.04178044,0.0035443502,0.0029776928,0.9315815,0.05157605,0.0035304318,0.0032477614,0.5206533,0.05742393,0.0026361195,0.0044315853,0.023440493,0.072045185,0.005756531,0.0093664015,0.012648033,0.050402533,0.0054146647,0.00868771,0.0075527225,0.03528262,0.004779759,0.007975339,0.0073979003,0.029086791,0.0046868646,0.0077499533
4508,/home/jupyter/dent_outputs/isic2019_v2/melanoma/hairs/seed4508/lambda_t_star5/style.png,0.001192501,0.0063113556,0.12878962,0.004179824,0.9819739,0.006452888,0.077919,0.0018718641,0.97750366,0.007957507,0.08394337,0.0019854286,0.98238915,0.00628793,0.06400884,0.0015909615,0.978178,0.007954518,0.08789727,0.0018910366,0.9706597,0.008121362,0.15398249,0.0023665507,0.5036373,0.0057949172,0.09414551,0.003328677,0.011468726,0.0056343162,0.1214143,0.0043456242,0.0013339487,0.0062355394,0.14371324,0.0042636422,0.0012820819,0.0063592214,0.13994922,0.0041772462
4832,/home/jupyter/dent_outputs/isic2019_v2/melanoma/hairs/seed4832/lambda_t_star5/style.png,0.06064799,0.0005283983,0.011658795,0.00018117383,0.9341761,0.006998551,0.022216499,0.0020029226,0.89368355,0.008772098,0.026925312,0.0016846602,0.85108733,0.004469831,0.03628653,0.0013343538,0.63543814,0.0028965357,0.027280645,0.0006933163,0.10253347,0.0010256119,0.013073228,0.0003365465,0.10411799,0.001019925,0.015962431,0.000278444,0.10051474,0.00069954316,0.018311735,0.00022501328,0.08714584,0.00076464354,0.014432434,0.0002309423,0.07968231,0.0006252383,0.015698336,0.00020917068
4137,/home/jupyter/dent_outputs/isic2019_v2/melanoma/hairs/seed4137/lambda_t_star5/style.png,0.013751534,0.093364015,0.004484845,0.001993774,0.7188246,0.015535704,0.007096341,0.0030247648,0.65669626,0.024580568,0.008341874,0.0032182476,0.9389553,0.008392484,0.005401935,0.0019275877,0.933327,0.00920552,0.0033176362,0.0014208171,0.34904122,0.013774121,0.0021560797,0.0013337459,0.04871356,0.08293099,0.004981012,0.0030683854,0.026088614,0.1156673,0.0041623786,0.0023583467,0.015826643,0.092534006,0.0038000925,0.0017176274,0.014720707,0.08404199,0.0047175833,0.001911521
4057,/home/jupyter/dent_outputs/isic2019_v2/melanoma/hairs/seed4057/lambda_t_star5/style.png,0.0056639267,0.11502263,0.46847337,0.12583847,0.97693026,0.05654825,0.31784374,0.043577153,0.99039614,0.05932559,0.19252247,0.021532085,0.98680323,0.063650236,0.18033643,0.023403445,0.97264785,0.04803907,0.21378359,0.029329963,0.9869789,0.0707649,0.19234338,0.04492071,0.5792187,0.10179125,0.29873446,0.17043646,0.112090416,0.12022042,0.39734623,0.15969208,0.027311714,0.12286516,0.42779273,0.13666627,0.0073323,0.111532345,0.44841802,0.12537234
4983,/home/jupyter/dent_outputs/isic2019_v2/melanoma/hairs/seed4983/lambda_t_star5/style.png,0.27243382,0.0013597186,0.0067410963,0.0018295585,0.6240944,0.0010431783,0.0018092722,0.0005697914,0.72798127,0.0010185814,0.0018481532,0.00074897875,0.83040833,0.0016703772,0.0021500774,0.0010798023,0.52889615,0.0013130509,0.0027994597,0.0013165553,0.39590707,0.0022669628,0.0049869805,0.002209134,0.39349574,0.0016883282,0.0047596972,0.001955093,0.33228186,0.0015073316,0.004969825,0.0017193469,0.2897739,0.0015397444,0.006358776,0.0019233632,0.26938096,0.0014821633,0.006971882,0.0020279258
4020,/home/jupyter/dent_outputs/isic2019_v2/melanoma/hairs/seed4020/lambda_t_star5/style.png,0.0025526795,0.9954585,0.010790561,0.013278817,0.99224734,0.010297866,0.022605373,0.007169669,0.98251015,0.06343663,0.007007866,0.0038738025,0.9460602,0.96555716,0.0025336803,0.0029926097,0.364219,0.99512887,0.0025949602,0.003752555,0.2481777,0.99514586,0.0038720146,0.004953151,0.00462145,0.99697626,0.008538484,0.011513754,0.003274716,0.99678504,0.008278532,0.011058129,0.0028506955,0.9965005,0.00822784,0.010424097,0.0024340495,0.9963832,0.0096743135,0.012694546
4614,/home/jupyter/dent_outputs/isic2019_v2/melanoma/hairs/seed4614/lambda_t_star5/style.png,0.021265361,0.00012630742,0.010425371,0.00027836434,0.9070609,0.00071846676,0.0030296105,0.00038042964,0.5237289,0.000492184,0.0035254662,0.00048324224,0.15705813,0.00076812535,0.008759888,0.00067674875,0.17866789,0.00041863997,0.007359302,0.00045191502,0.10170932,0.00056238956,0.0060292063,0.0004160348,0.044933815,0.0005136654,0.006036875,0.00029868688,0.022951858,0.000235688,0.008095253,0.0002627148,0.018112522,0.00016615853,0.010573481,0.00024755578,0.021230312,0.00014118795,0.010074262,0.00026171628
4319,/home/jupyter/dent_outputs/isic2019_v2/melanoma/hairs/seed4319/lambda_t_star5/style.png,0.00063233543,0.08468053,0.0542443,0.0050280965,0.10719434,0.01664849,0.030944385,0.0045392527,0.2130898,0.04899307,0.055710185,0.00907342,0.32000068,0.23749135,0.09022831,0.01626676,0.2858681,0.22408542,0.12661399,0.019195138,0.19778362,0.22235666,0.13967238,0.02116222,0.13017431,0.2134967,0.10613357,0.018525325,0.006678256,0.13778295,0.07219822,0.00881727,0.0008939279,0.11017296,0.056350235,0.0059364443,0.00066182105,0.081210054,0.052011732,0.00491507
4505,/home/jupyter/dent_outputs/isic2019_v2/melanoma/hairs/seed4505/lambda_t_star5/style.png,0.012864444,0.0115484465,0.0009174257,0.00030433896,0.9964868,0.0044038766,0.0020168503,0.00072253915,0.6230485,0.0008691666,0.00054748944,0.00019188726,0.06130595,0.001627398,0.0010438955,0.00051977107,0.020304136,0.00828047,0.0015432487,0.000697537,0.031356666,0.010022802,0.0017686455,0.0006621655,0.044116948,0.00769667,0.00081056537,0.0003529236,0.05827614,0.009583602,0.00061473175,0.00024612254,0.037314672,0.008406345,0.00054314395,0.00019934271,0.021086885,0.008674202,0.0007217443,0.00024915603
4236,/home/jupyter/dent_outputs/isic2019_v2/melanoma/hairs/seed4236/lambda_t_star5/style.png,0.0018250551,0.039183218,0.00043391783,0.0009459903,0.08890158,0.032049686,0.0001901711,0.000354077,0.29444987,0.004733641,0.0001532387,0.00026349418,0.29330868,0.0035258683,5.694032e-05,0.00019206645,0.36562648,0.010505862,4.414779e-05,0.00013657741,0.018549332,0.0639805,0.00012090115,0.0004725978,0.0061126803,0.064605646,0.00022572883,0.0006643982,0.0032116154,0.052322116,0.0003749007,0.00085504557,0.0018815061,0.038325578,0.00041180788,0.0008641272,0.0017190343,0.042244967,0.00044858363,0.0009408404
4517,/home/jupyter/dent_outputs/isic2019_v2/melanoma/hairs/seed4517/lambda_t_star5/style.png,0.00012660585,0.0006846814,0.06316319,0.00074179075,0.0014403625,0.0015504351,0.04644864,0.0027670588,0.0018116471,0.0016306653,0.074644655,0.0026153242,0.0006113645,0.0014414306,0.06123244,0.0017412711,0.00035705484,0.0016503376,0.050294895,0.0014695221,0.0002685225,0.0012570596,0.048546236,0.0011662829,0.0002454523,0.0010605787,0.045132726,0.0010307576,0.00020593514,0.00087676704,0.06264712,0.0009075155,0.00015164733,0.00075809186,0.068622775,0.00079372386,0.00015751539,0.0007294727,0.0692938,0.00080803473
4457,/home/jupyter/dent_outputs/isic2019_v2/melanoma/hairs/seed4457/lambda_t_star5/style.png,0.00021052263,0.0061591594,0.015293408,0.0008734983,0.0018834128,0.008622653,0.020691946,0.0013438201,0.0050427197,0.013509278,0.015014437,0.0018016582,0.0050978903,0.016456533,0.0131312525,0.0014656844,0.004562307,0.015280811,0.013064739,0.0013778631,0.0003940693,0.011588369,0.0075886925,0.0006891326,0.0003731384,0.010407681,0.011691064,0.0008758486,0.0003090488,0.0076620854,0.012210985,0.0008363361,0.0003121176,0.0073810597,0.014589433,0.00094804843,0.00027974168,0.007417843,0.016526317,0.0009717585
4172,/home/jupyter/dent_outputs/isic2019_v2/melanoma/hairs/seed4172/lambda_t_star5/style.png,0.0017097482,0.011970755,0.063339025,0.0037148886,0.9999231,0.009494337,0.02907382,0.0027964916,0.99978894,0.009957339,0.04398684,0.0030530887,0.99924856,0.01075042,0.06683952,0.0040063607,0.99926513,0.018811079,0.06990706,0.00462636,0.9988549,0.02547306,0.06452111,0.0059573427,0.9957814,0.024641443,0.06671453,0.007170738,0.7873395,0.030053167,0.077688776,0.007976003,0.034167323,0.026874831,0.078737795,0.00632172,0.0023980753,0.01509553,0.06644695,0.0045214104
4672,/home/jupyter/dent_outputs/isic2019_v2/melanoma/hairs/seed4672/lambda_t_star5/style.png,0.02745859,0.10683279,0.0034277728,0.0024734489,0.7655003,0.0019325007,0.0006051516,0.00095066475,0.74796283,0.0047005466,0.0014859983,0.0017010876,0.5967042,0.009944147,0.0021082277,0.0016402439,0.5751921,0.00834163,0.0021758191,0.0014855958,0.36991,0.023383895,0.0027355913,0.0020473367,0.0651914,0.043742172,0.0035379617,0.0025745353,0.038633816,0.115158215,0.0039818655,0.0032700703,0.02973354,0.10562746,0.0041404217,0.0031185555,0.027765615,0.11635548,0.0037014103,0.0027312823
4713,/home/jupyter/dent_outputs/isic2019_v2/melanoma/hairs/seed4713/lambda_t_star5/style.png,0.002818813,0.005656928,0.10898847,0.0035901347,0.9255472,0.016148372,0.19259797,0.014419993,0.9074264,0.002673151,0.16801299,0.003015755,0.4006259,0.0055352515,0.65971917,0.007590423,0.64081204,0.0049373666,0.5735215,0.0049369587,0.41540238,0.0048016612,0.56779146,0.0049856366,0.25607467,0.0072991587,0.40464765,0.0056229336,0.11985756,0.0063073887,0.12622477,0.004096448,0.0106378365,0.005992511,0.08214272,0.004213283,0.004631496,0.006461671,0.10762867,0.0041023754
4960,/home/jupyter/dent_outputs/isic2019_v2/melanoma/hairs/seed4960/lambda_t_star5/style.png,0.011838346,0.014007617,0.0005405598,0.0005925905,0.7774791,0.006097932,0.0017294678,0.0019034705,0.7575304,0.017661093,0.0018196305,0.0029648582,0.26001713,0.021133875,0.00084172626,0.001308913,0.0857617,0.034106247,0.00071409025,0.0010785727,0.048006535,0.018071147,0.0008196739,0.0010536737,0.02263057,0.020285875,0.0005450259,0.0007383462,0.016475778,0.02177269,0.0005051365,0.00066422916,0.012267351,0.017993877,0.00045325438,0.0005660213,0.010409208,0.015652558,0.00051622285,0.0005756533
4387,/home/jupyter/dent_outputs/isic2019_v2/melanoma/hairs/seed4387/lambda_t_star5/style.png,0.0108570475,0.03827474,0.004506343,0.0029421062,0.99663997,0.0041039693,0.00065396517,0.0006325335,0.9967031,0.0042463527,0.0010534714,0.0004909844,0.9933897,0.0057705594,0.0013397244,0.0006129336,0.9957749,0.009442219,0.0012436826,0.00071208214,0.95424503,0.02071298,0.0030541355,0.002024227,0.02801585,0.027055385,0.0025479575,0.0017527778,0.01004708,0.03045438,0.0037693852,0.002097052,0.010055349,0.03494828,0.004036317,0.0022926158,0.010392619,0.036659174,0.004203365,0.0025631178
4730,/home/jupyter/dent_outputs/isic2019_v2/melanoma/hairs/seed4730/lambda_t_star5/style.png,0.0005989553,0.004842619,0.028745174,0.0023810193,0.006906751,0.0082448935,0.017945668,0.0024947703,0.0040763216,0.0073997527,0.019003311,0.0023564086,0.0027892564,0.0076059704,0.021571612,0.0024390866,0.0019732192,0.008637528,0.02660438,0.0028315235,0.0013209607,0.008483751,0.027374286,0.0028555861,0.0010635803,0.0070572663,0.029359883,0.002934127,0.00092922075,0.005706026,0.027187455,0.002718383,0.00081917184,0.005325489,0.028888773,0.0026386043,0.00064979855,0.0042876075,0.02639436,0.0022931753
4696,/home/jupyter/dent_outputs/isic2019_v2/melanoma/hairs/seed4696/lambda_t_star5/style.png,0.007783972,0.0010451901,0.018851422,0.0044187075,0.51676095,0.0014846552,0.0005083232,0.0006503828,0.65609443,0.00057835184,0.0005789715,0.00043774128,0.09178308,0.00063005515,0.0020059957,0.00049807323,0.012788876,0.0020906196,0.0060775997,0.0016107216,0.012618525,0.0024345857,0.01679985,0.0057342174,0.009717232,0.0018042835,0.020771604,0.006037862,0.008242067,0.0012712465,0.018237583,0.004798861,0.0073980405,0.0010820637,0.01754678,0.004395319,0.008379851,0.001057482,0.018309815,0.0044359486
4444,/home/jupyter/dent_outputs/isic2019_v2/melanoma/hairs/seed4444/lambda_t_star5/style.png,0.00025174016,0.053247284,0.07554792,0.007548413,0.5900883,0.04899597,0.13861895,0.016602486,0.6542449,0.043191195,0.11030108,0.011194687,0.6659606,0.04737918,0.15816435,0.011546721,0.41904396,0.10240571,0.2515901,0.022143433,0.48634258,0.13037953,0.2727795,0.025052002,0.12958899,0.096933655,0.26386046,0.027477294,0.008784638,0.049173854,0.14358188,0.013280221,0.00039495138,0.046861075,0.11755495,0.009157141,0.00026901477,0.043797325,0.08392618,0.0072703343
4209,/home/jupyter/dent_outputs/isic2019_v2/melanoma/hairs/seed4209/lambda_t_star5/style.png,0.003593654,0.003929559,0.019314134,0.0026893676,0.68880326,0.01734968,0.032697942,0.0037781282,0.21032283,0.011549181,0.036449343,0.0040391935,0.177971,0.011626515,0.036376175,0.004800754,0.17718452,0.009519936,0.031584147,0.003188543,0.22281486,0.0075042993,0.053019624,0.003035618,0.3064416,0.006602864,0.030461797,0.0026773736,0.072842315,0.00673777,0.026170533,0.0031045484,0.025862655,0.0050982633,0.025726683,0.0028471535,0.008352286,0.0044370564,0.01742663,0.0027919288
4745,/home/jupyter/dent_outputs/isic2019_v2/melanoma/hairs/seed4745/lambda_t_star5/style.png,0.0006406295,0.36632085,0.00063497096,0.0019081405,0.03310657,0.016897272,0.00040496164,0.0012036017,0.10240727,0.024159234,0.00034874518,0.001357579,0.036099877,0.07290683,0.00041573466,0.0011589762,0.022797309,0.14613621,0.00032018163,0.0013252667,0.0018340006,0.079335086,0.0011140003,0.0036339473,0.00088088657,0.18141747,0.0004931194,0.0017471986,0.00086409674,0.36979216,0.0005437979,0.0020405555,0.0009113156,0.37840682,0.000673686,0.002310484,0.0006785182,0.34594408,0.0005801542,0.0019350114
4220,/home/jupyter/dent_outputs/isic2019_v2/melanoma/hairs/seed4220/lambda_t_star5/style.png,0.001451977,0.0071833334,0.05032138,0.0026047,0.089533925,0.011055189,0.009291366,0.00063112855,0.49529797,0.0037322626,0.053444877,0.0011528719,0.4596938,0.0024573712,0.06358626,0.0019794889,0.23485126,0.0018820786,0.06054146,0.001647551,0.035460375,0.0034121415,0.082494505,0.0020621822,0.02719833,0.0057996935,0.10228437,0.0031740856,0.009952169,0.006109984,0.093047164,0.0033074138,0.0042981533,0.008211988,0.069853395,0.0035170673,0.0017538704,0.007938362,0.050342415,0.0027185732
4255,/home/jupyter/dent_outputs/isic2019_v2/melanoma/hairs/seed4255/lambda_t_star5/style.png,0.007093086,0.76235235,0.0050571663,0.007860409,0.029903973,0.55663013,0.013182683,0.015831174,0.03356098,0.7676516,0.0087947585,0.010534065,0.04593762,0.86399287,0.00747314,0.011961403,0.057989378,0.8835097,0.005950505,0.010567622,0.010436618,0.806653,0.0064835935,0.010750071,0.0077407737,0.7780448,0.006655611,0.010983621,0.0074081626,0.74091226,0.005746311,0.0088575175,0.0064782104,0.7257475,0.005037657,0.0073281494,0.007354976,0.7617763,0.0050619673,0.0077551035
4110,/home/jupyter/dent_outputs/isic2019_v2/melanoma/hairs/seed4110/lambda_t_star5/style.png,0.50458926,0.009954026,0.019203147,0.010205186,0.96951586,8.406407e-05,0.00044425836,0.00016975193,0.98862493,0.00018324143,0.00065572886,0.00036049722,0.9915616,0.00020457302,0.0006284958,0.00029280112,0.9956268,0.00016532849,0.0004225725,0.00018480394,0.99512583,0.0007101968,0.00047755352,0.00041756846,0.8332792,0.0032965355,0.0033306947,0.0026875047,0.44227868,0.006587724,0.011845287,0.0059439675,0.46396294,0.0067086434,0.011505096,0.0060037067,0.4768383,0.0075557143,0.014058676,0.007277931
4429,/home/jupyter/dent_outputs/isic2019_v2/melanoma/hairs/seed4429/lambda_t_star5/style.png,0.017312964,0.011564262,0.002341216,0.0030289795,0.64134526,0.0020582697,0.00078139367,0.0009761578,0.33440644,0.00623128,0.00088013266,0.0013807189,0.11202134,0.011418151,0.0010208879,0.0016954092,0.16767699,0.011609934,0.0010473692,0.001886902,0.19320917,0.0074589127,0.0011379145,0.0017418317,0.06742998,0.0070001283,0.00090344157,0.0013566535,0.032463092,0.011614226,0.0016257695,0.0023249227,0.02518239,0.01051459,0.0021931713,0.0029369884,0.018029042,0.0109854555,0.0022867413,0.0029750112
4536,/home/jupyter/dent_outputs/isic2019_v2/melanoma/hairs/seed4536/lambda_t_star5/style.png,0.001233939,0.31333095,0.0014971922,0.0007049812,0.9870042,0.011092401,0.0021791332,0.0016435252,0.99713,0.019871838,0.0023055605,0.0008977182,0.05046437,0.18284392,0.0029720357,0.00078523,0.006057037,0.3167478,0.0011777041,0.00055558636,0.0027150835,0.29972297,0.0010490074,0.00049754325,0.0021055508,0.29008967,0.0012162918,0.0005655341,0.00189656,0.25545815,0.0014192504,0.0006424216,0.0014257955,0.27603123,0.001462461,0.0006522923,0.0012744119,0.31438547,0.00142366,0.0006898209
4116,/home/jupyter/dent_outputs/isic2019_v2/melanoma/hairs/seed4116/lambda_t_star5/style.png,0.00086854066,0.003672931,0.48595917,0.0051207663,0.88857186,0.0022551967,0.29872072,0.0028098992,0.9975898,0.004688809,0.35806084,0.0027848156,0.9984085,0.0059217317,0.35187107,0.003156451,0.9985796,0.006958538,0.36802822,0.0035041762,0.9984268,0.005947823,0.31386906,0.003064639,0.9963858,0.0049732006,0.293232,0.0027232182,0.4163438,0.0026660007,0.30460417,0.0033700187,0.0019197955,0.0037374988,0.3467575,0.004906644,0.00078035105,0.0032681483,0.43330407,0.004780612
4892,/home/jupyter/dent_outputs/isic2019_v2/melanoma/hairs/seed4892/lambda_t_star5/style.png,0.023417044,0.010825835,0.0013185367,0.002358903,0.6180578,0.01972264,0.002333458,0.0048185894,0.45696694,0.05591967,0.0037076317,0.007853949,0.46041527,0.020819245,0.0009364345,0.0019344,0.37259027,0.025592709,0.0015621197,0.003057632,0.18772736,0.023580845,0.0012293789,0.0024717823,0.029048497,0.026060505,0.00092168525,0.001964167,0.024328837,0.023339149,0.00074846536,0.0018446171,0.030712176,0.0133449845,0.0011077034,0.0021949615,0.022996884,0.011316362,0.0011610542,0.0021161856
4992,/home/jupyter/dent_outputs/isic2019_v2/melanoma/hairs/seed4992/lambda_t_star5/style.png,0.9239235,0.00057574187,0.0011056367,0.00024332262,0.4757933,0.0006703454,0.00017583526,0.00035455363,0.9584644,0.00036481777,0.00016057736,0.00018256216,0.9093136,0.00040786096,0.00032230403,0.00022426195,0.9881423,0.00024237929,0.00048611936,0.00013873029,0.99075514,0.00030010403,0.00035670257,0.00014159715,0.9323337,0.0006285725,0.0006895666,0.00023567227,0.93547434,0.00059145887,0.0008437233,0.00023563181,0.92665434,0.0006437605,0.00095167384,0.0002342421,0.9280076,0.00062069204,0.0010451304,0.00023541735
4089,/home/jupyter/dent_outputs/isic2019_v2/melanoma/hairs/seed4089/lambda_t_star5/style.png,0.6297665,0.025885727,0.006150368,0.0015638884,0.99788266,0.0060043414,0.00081943255,0.00061984605,0.9982822,0.003980534,0.0009741743,0.0005641771,0.99933594,0.0027778866,0.00085497426,0.000509366,0.9994836,0.018490443,0.0016367409,0.00072868034,0.9969066,0.022605076,0.0034311933,0.0009924675,0.9645251,0.021756014,0.0042934027,0.0013076589,0.8471138,0.028246203,0.006519302,0.0016889899,0.74553376,0.030590832,0.0068603107,0.0018879307,0.66954345,0.0254106,0.0067470437,0.0017252603
4814,/home/jupyter/dent_outputs/isic2019_v2/melanoma/hairs/seed4814/lambda_t_star5/style.png,0.0005710607,0.0005027039,0.0057908003,0.00086218084,0.97211605,0.0022210502,0.005532918,0.0011993039,0.99498945,0.0015523407,0.008880432,0.00100732,0.99328434,0.0012967236,0.008191837,0.0008207165,0.976583,0.00081520836,0.0027968944,0.000555931,0.643137,0.00052049867,0.0027865916,0.0006695521,0.27879643,0.0004433913,0.0029399232,0.00066689134,0.03160784,0.00038753654,0.0037202023,0.000739253,0.002563969,0.00048006515,0.0049855495,0.00090653857,0.0007271314,0.00044231542,0.005525291,0.00084591535
4410,/home/jupyter/dent_outputs/isic2019_v2/melanoma/hairs/seed4410/lambda_t_star5/style.png,0.0016766789,0.014837622,0.225374,0.0033452143,0.14311321,0.010941852,0.42055032,0.0016705928,0.38480353,0.01577218,0.30064893,0.002035116,0.2344332,0.015959384,0.40283373,0.0021010572,0.30983096,0.008072966,0.6314682,0.0019238887,0.47269776,0.008264259,0.4132206,0.0025324794,0.17218998,0.011697518,0.35469478,0.0038133922,0.15278642,0.010221098,0.2896606,0.0035587347,0.0126482,0.013931466,0.10947887,0.0033197226,0.0021096647,0.01818201,0.16053072,0.0034968557
4845,/home/jupyter/dent_outputs/isic2019_v2/melanoma/hairs/seed4845/lambda_t_star5/style.png,0.24452095,0.0075139194,0.006739012,0.0020594676,0.71063584,0.005741124,0.0021921708,0.0016154421,0.7927287,0.0056886976,0.0019936166,0.0016167823,0.75255954,0.0048726792,0.00219066,0.0015180997,0.6139544,0.009137791,0.0030174716,0.0016621922,0.38807842,0.009336887,0.0038016364,0.0019495887,0.32907465,0.006603762,0.0054037003,0.0022763805,0.22667728,0.008582332,0.005823531,0.002039738,0.24176595,0.007394784,0.0053220154,0.0017405403,0.26903751,0.0075245844,0.0063153375,0.002023416
4862,/home/jupyter/dent_outputs/isic2019_v2/melanoma/hairs/seed4862/lambda_t_star5/style.png,0.00037135728,0.0297185,0.0009728395,0.00013006345,0.65482664,0.0025224355,0.00019716566,5.3985445e-05,0.0042060628,0.048378896,0.0009998365,0.0002077232,0.0020249246,0.054424904,0.00046640995,0.0001148569,0.0015113493,0.07187653,0.00072957523,0.00013712628,0.0009548649,0.0769153,0.0013204275,0.0001655585,0.00079321646,0.08019524,0.0013291276,0.00018847137,0.000670873,0.081250176,0.0011139256,0.00017729487,0.0006556926,0.06297837,0.0009279511,0.0001640091,0.00044809538,0.04383044,0.0009673042,0.00015060947
4369,/home/jupyter/dent_outputs/isic2019_v2/melanoma/hairs/seed4369/lambda_t_star5/style.png,0.090875104,0.0338145,0.0013146957,0.0022902186,0.051425498,0.032301728,0.00073944574,0.0022712098,0.08762615,0.021643879,0.0021669813,0.0043639853,0.6769533,0.014437454,0.0011557274,0.0020929517,0.47353297,0.036122907,0.0009843905,0.0018129513,0.22740501,0.055397082,0.00087477977,0.0014386311,0.1900713,0.071236774,0.001105265,0.0020170587,0.14350244,0.05591603,0.0010639441,0.0019792137,0.09794649,0.057176005,0.0013899435,0.0024319978,0.09793851,0.04260895,0.001538629,0.0025894975
4047,/home/jupyter/dent_outputs/isic2019_v2/melanoma/hairs/seed4047/lambda_t_star5/style.png,0.0031388393,0.0042653233,0.011669916,0.0029269154,0.53268623,0.009202003,0.008185447,0.0024620607,0.3805267,0.00855583,0.0081193,0.0027757422,0.32719415,0.0066019725,0.0070597464,0.002149475,0.16754909,0.00509657,0.006929218,0.0020977675,0.13502763,0.0046392777,0.006089462,0.0019485737,0.08195815,0.004157689,0.005906325,0.0020835379,0.006806171,0.00576103,0.011242955,0.0029223282,0.005226855,0.005705042,0.012528003,0.003118416,0.003844786,0.005307128,0.0116506815,0.0031590508
4615,/home/jupyter/dent_outputs/isic2019_v2/melanoma/hairs/seed4615/lambda_t_star5/style.png,0.0019801783,0.0005257986,0.013996326,0.0015942347,0.9934907,0.0020265991,0.040526032,0.0014510383,0.99928063,0.0015362721,0.024445858,0.000947736,0.9990231,0.0014721291,0.027132774,0.0009553041,0.9987331,0.0013479808,0.022883985,0.0010174264,0.993193,0.001208548,0.014920527,0.0014147782,0.67849517,0.0012208557,0.012524464,0.0019874233,0.07169087,0.0007891174,0.011126099,0.001760655,0.0044674193,0.0006743544,0.013486236,0.00187385,0.002477708,0.0005344809,0.012650552,0.0017342763
4448,/home/jupyter/dent_outputs/isic2019_v2/melanoma/hairs/seed4448/lambda_t_star5/style.png,0.0009193653,0.0011095654,0.0115892915,0.0014734925,0.99490064,0.0016563404,0.0077357027,0.0014578501,0.99669516,0.0021058274,0.008733359,0.0015370921,0.99664307,0.0018339718,0.007463921,0.0012687377,0.9965571,0.002173429,0.007047256,0.0014924442,0.9938705,0.0027625677,0.009060743,0.0019428734,0.9656541,0.00435796,0.0137781445,0.002701978,0.12875818,0.0044988384,0.020381032,0.0027894261,0.011135326,0.0019052984,0.01699399,0.002273201,0.0016269122,0.001366738,0.012885388,0.001859094
4251,/home/jupyter/dent_outputs/isic2019_v2/melanoma/hairs/seed4251/lambda_t_star5/style.png,0.8620616,0.032361463,0.0021906975,0.0011852782,0.9972275,0.06737236,0.0008995428,0.0007627938,0.9945062,0.015831513,0.0017412347,0.000930986,0.9910875,0.02870582,0.0016014355,0.00081133115,0.98646975,0.04151261,0.0013853076,0.0008057196,0.96931016,0.06286853,0.0018810843,0.0011357161,0.9367462,0.058963805,0.0016944095,0.0011198102,0.9085338,0.05665739,0.0018686436,0.001387551,0.8578577,0.047942262,0.0022460266,0.0014699391,0.8592172,0.034770254,0.0021445744,0.0011522307
4684,/home/jupyter/dent_outputs/isic2019_v2/melanoma/hairs/seed4684/lambda_t_star5/style.png,0.0013986742,0.029074209,0.048697565,0.005748415,0.99979204,0.009306833,0.053718373,0.0015563546,0.99500906,0.01463833,0.10691281,0.0032847044,0.800635,0.018615672,0.44632158,0.0075495197,0.61299556,0.03555064,0.33917555,0.0104764,0.12201317,0.042208064,0.17938651,0.0078019644,0.074277274,0.03876443,0.117104635,0.0062023797,0.01574608,0.032704987,0.06409759,0.005209291,0.0018373653,0.03467719,0.04689816,0.005900255,0.0014039536,0.029452626,0.04576972,0.005633921
4070,/home/jupyter/dent_outputs/isic2019_v2/melanoma/hairs/seed4070/lambda_t_star5/style.png,0.16767627,0.0358466,8.8745765e-05,0.00017942306,0.3977985,0.0044580554,3.3447563e-05,8.823869e-05,0.10252723,0.021718346,4.1387742e-05,0.00011987899,0.25091335,0.09575308,7.8186604e-05,0.00028166675,0.30185792,0.06471355,4.692727e-05,0.00020693148,0.20097566,0.18793662,6.611926e-05,0.00022352183,0.17660925,0.18216525,0.00010905476,0.00029310334,0.15935463,0.098500244,9.0919275e-05,0.00023402378,0.18882181,0.06309749,9.632095e-05,0.00022552317,0.16953374,0.047568813,8.5524276e-05,0.00018731975
4871,/home/jupyter/dent_outputs/isic2019_v2/melanoma/hairs/seed4871/lambda_t_star5/style.png,0.00023709258,0.011207013,0.04244052,0.0019100587,0.0025125209,0.0062094824,0.045871504,0.0037803864,0.0009251949,0.005369106,0.025128238,0.0019202299,0.00070200517,0.008930393,0.038975347,0.0018129521,0.0007669616,0.011199713,0.03832159,0.0019065675,0.0005906113,0.012322437,0.05198986,0.0019500748,0.0004532097,0.0113058835,0.055123698,0.0018563229,0.00037457273,0.01201748,0.04999956,0.001842983,0.00028848788,0.010576061,0.04182714,0.0018698481,0.0002911357,0.011234567,0.041913345,0.0019269997
4642,/home/jupyter/dent_outputs/isic2019_v2/melanoma/hairs/seed4642/lambda_t_star5/style.png,0.0012198846,0.008572815,0.026683237,0.003691383,0.013003968,0.03549597,0.019679086,0.0039646216,0.0040360563,0.026077379,0.025793176,0.0038309873,0.0033934517,0.025366455,0.026963893,0.0042662406,0.0029552712,0.02974932,0.026585758,0.0045993924,0.0028266609,0.02955241,0.028919874,0.004941902,0.0029657276,0.028046194,0.027518332,0.0047020973,0.002139022,0.020027034,0.029824093,0.0042801793,0.0018234815,0.0120540345,0.030279268,0.0041835904,0.0012983407,0.009686729,0.026725741,0.0038998409
4168,/home/jupyter/dent_outputs/isic2019_v2/melanoma/hairs/seed4168/lambda_t_star5/style.png,9.180827e-05,0.0026240728,0.060097072,0.003688324,0.35883924,0.0026794765,0.2840621,0.0063843243,0.30640033,0.0024270974,0.3549417,0.007166883,0.34245098,0.0019322719,0.3175575,0.0054677287,0.39018154,0.0019526536,0.26432297,0.0048805536,0.5537907,0.0018641549,0.17276245,0.0042631566,0.36042327,0.001820152,0.16276893,0.003305762,0.004499398,0.002334344,0.12531678,0.003485774,0.00023730585,0.002587055,0.06684128,0.003603838,0.00013586367,0.0026996941,0.06258523,0.00372103
4481,/home/jupyter/dent_outputs/isic2019_v2/melanoma/hairs/seed4481/lambda_t_star5/style.png,0.0735357,0.007835292,0.0028207465,0.001922914,0.9211891,0.0030373253,0.0025190662,0.002438335,0.98017955,0.0018828418,0.0012614989,0.001964138,0.995974,0.000805578,0.0006360011,0.0005083997,0.98681426,0.0004355587,0.0003089501,0.0003222893,0.75050086,0.0025526553,0.0007598444,0.0008494265,0.091577716,0.008637254,0.002179096,0.0020227567,0.076257885,0.010171199,0.0022349833,0.002060336,0.06643657,0.009633475,0.0020971748,0.0018130392,0.0649576,0.0076828217,0.0025882747,0.0019097222
4277,/home/jupyter/dent_outputs/isic2019_v2/melanoma/hairs/seed4277/lambda_t_star5/style.png,0.0009343797,0.39178774,0.0042318106,0.0018800329,0.18578033,0.11478753,0.016543888,0.0054887095,0.7726927,0.0271477,0.0063515697,0.003265751,0.21158344,0.022544073,0.004119173,0.006009201,0.019021753,0.06952931,0.003042742,0.002155691,0.004319997,0.11476091,0.0053293332,0.0030301663,0.0018813143,0.24125262,0.0065900646,0.00261542,0.0011519036,0.28245994,0.0063937805,0.0024289894,0.0009710963,0.30861977,0.004847546,0.0019038573,0.0011661052,0.37687764,0.0052388315,0.0021745875
4875,/home/jupyter/dent_outputs/isic2019_v2/melanoma/hairs/seed4875/lambda_t_star5/style.png,0.021221709,0.0047269263,0.00093384477,0.00045463737,0.07791351,0.0016492687,0.004610977,0.0008321576,0.2075726,0.0010298953,0.0012912416,0.0009020744,0.7207537,0.0026415247,0.0011331328,0.00066803384,0.52884185,0.0055145747,0.0008539012,0.000616501,0.44239113,0.0045387098,0.00088904635,0.0005674344,0.13799408,0.0053624874,0.0011416505,0.0006406005,0.05953443,0.0066406913,0.0011654278,0.0007122216,0.034379557,0.0049051475,0.0010330604,0.00055089773,0.022316456,0.0056088716,0.001037255,0.0005181101
4378,/home/jupyter/dent_outputs/isic2019_v2/melanoma/hairs/seed4378/lambda_t_star5/style.png,0.00044949082,0.0027433606,0.074968174,0.0028855815,0.69747865,0.025285209,0.04137097,0.0022131947,0.09304628,0.0029334102,0.03676259,0.0017937133,0.08638284,0.0036877354,0.041046064,0.0025682002,0.0014726521,0.0035923633,0.06049271,0.003815449,0.0016458655,0.0023302888,0.06434255,0.0035466496,0.001266363,0.0020756302,0.07523389,0.003097807,0.0010496831,0.0028747823,0.08483124,0.0034832505,0.0008211499,0.0030915255,0.09488912,0.0036410065,0.0005558435,0.0027586112,0.082625955,0.0030248268
4558,/home/jupyter/dent_outputs/isic2019_v2/melanoma/hairs/seed4558/lambda_t_star5/style.png,0.0021472147,0.06940782,0.1151451,0.017801914,0.9150433,0.024929734,0.14324483,0.013123668,0.93628144,0.024134913,0.20323192,0.012100113,0.89024645,0.032647368,0.17524032,0.014420915,0.90620005,0.04566371,0.14675565,0.020513786,0.9405179,0.033354085,0.11968696,0.01679003,0.8982433,0.023471773,0.09066926,0.015165644,0.29788563,0.030345717,0.09948677,0.018727913,0.012851214,0.069493376,0.12646608,0.026964188,0.0036109143,0.080474995,0.09843381,0.019653019
4851,/home/jupyter/dent_outputs/isic2019_v2/melanoma/hairs/seed4851/lambda_t_star5/style.png,0.0011506524,0.003508678,0.009514389,0.002937815,0.40557978,0.0011550308,0.01030636,0.001157767,0.5831492,0.0017983819,0.011991511,0.0021000227,0.6396625,0.0022284149,0.015329557,0.0030020557,0.89015687,0.0015233518,0.010187799,0.0014241555,0.9404743,0.0015470013,0.00847302,0.0012341042,0.7899931,0.0042600045,0.010166745,0.0027958772,0.19108135,0.0038882603,0.009309336,0.0026718213,0.006395992,0.0032362447,0.010137796,0.0028927878,0.0016345816,0.004068767,0.010389726,0.003193899
4661,/home/jupyter/dent_outputs/isic2019_v2/melanoma/hairs/seed4661/lambda_t_star5/style.png,0.0008316827,0.012282626,0.3308711,0.006332536,0.99327785,0.0392985,0.052851185,0.0035099604,0.94252306,0.05329358,0.13032125,0.0069128964,0.9218711,0.05261179,0.1803574,0.0071263365,0.89379925,0.051284295,0.23973586,0.008025565,0.819171,0.033915635,0.29447028,0.008319424,0.41151953,0.02777101,0.33410233,0.008006027,0.15982904,0.020628087,0.3278721,0.0072642365,0.005046747,0.014411362,0.40785086,0.0074338,0.0008717701,0.012963502,0.37342113,0.0065172734
4767,/home/jupyter/dent_outputs/isic2019_v2/melanoma/hairs/seed4767/lambda_t_star5/style.png,0.0018093393,0.047486678,0.08424668,0.004593406,0.8039322,0.01661374,0.09992134,0.00431933,0.654545,0.05058952,0.088546924,0.004314793,0.004887142,0.07204747,0.07047696,0.0037200097,0.004316661,0.08573426,0.07224076,0.0039340784,0.0044001713,0.09393799,0.06785151,0.0044734376,0.0040777684,0.084098786,0.07348839,0.0049312655,0.0026889085,0.0656789,0.073616736,0.0044347546,0.002652218,0.05674127,0.08914745,0.005404241,0.0020859751,0.05227235,0.08525258,0.0050942153
4491,/home/jupyter/dent_outputs/isic2019_v2/melanoma/hairs/seed4491/lambda_t_star5/style.png,0.20181386,0.0031202293,0.001508634,0.00040600475,0.9979208,0.00576836,0.0011292138,0.00082075514,0.9981329,0.006029029,0.001207792,0.0006637125,0.9979663,0.0059292675,0.0009207061,0.00065332104,0.99899834,0.003381817,0.0006788882,0.00042798172,0.9048074,0.0044547105,0.00044796875,0.00029548007,0.6715671,0.0059699873,0.0007138323,0.00032526057,0.32416117,0.0053094574,0.0011341054,0.00041230768,0.27547902,0.0043350635,0.0014219718,0.00042773888,0.2321576,0.0034719526,0.0014893074,0.0004189007
4111,/home/jupyter/dent_outputs/isic2019_v2/melanoma/hairs/seed4111/lambda_t_star5/style.png,0.058036204,0.0037292927,0.0039092493,0.0017507109,0.8438121,0.051255394,0.00059363514,0.00053647935,0.8718611,0.052682836,0.0010124414,0.0008869826,0.83048344,0.04229544,0.0010681318,0.000850827,0.63475287,0.042350437,0.0011592817,0.0008568774,0.1712934,0.008869808,0.0017226983,0.001198181,0.15431014,0.0039293836,0.0022524698,0.0011708662,0.12905015,0.0035976632,0.0028154226,0.0015918723,0.11794024,0.0035045424,0.0027451694,0.0015512754,0.07948718,0.0037559741,0.0036849333,0.0018034934
4447,/home/jupyter/dent_outputs/isic2019_v2/melanoma/hairs/seed4447/lambda_t_star5/style.png,0.0049578655,0.016888117,0.0489409,0.0015565901,0.90233725,0.02230543,0.058675054,0.0025958365,0.90741813,0.03270885,0.09939424,0.0033947611,0.8847353,0.024133403,0.11208642,0.0031547393,0.883036,0.021769203,0.11057759,0.002821695,0.7515977,0.025715701,0.119333275,0.0033411281,0.24413632,0.020743195,0.13252543,0.0030830265,0.022134263,0.020314692,0.10860803,0.0022659085,0.009802891,0.01774824,0.07029983,0.0016915542,0.0062542944,0.017678639,0.054990966,0.0016140915
4096,/home/jupyter/dent_outputs/isic2019_v2/melanoma/hairs/seed4096/lambda_t_star5/style.png,0.688121,0.005401269,0.0005320475,0.0009406974,0.7922032,0.0032360277,0.00010833585,0.00024293178,0.791951,0.0038994725,0.00018004689,0.00038712262,0.74318296,0.0033493664,0.00013290955,0.00028706665,0.7814767,0.0028367727,0.00014871605,0.00029334097,0.689505,0.004982433,0.00019084683,0.000359144,0.80469507,0.0058173174,0.0003562837,0.00070953014,0.76575094,0.005785957,0.00041220587,0.0008451242,0.72653514,0.0055871005,0.00043771247,0.00085882156,0.71814823,0.0055682715,0.00045984538,0.0008547857
4109,/home/jupyter/dent_outputs/isic2019_v2/melanoma/hairs/seed4109/lambda_t_star5/style.png,0.010016502,0.0060674925,0.0043410873,0.0018239894,0.00838295,0.02321736,0.0027028618,0.0015280887,0.00778072,0.02104972,0.002235166,0.0012044229,0.012635397,0.013843075,0.004297759,0.0012582935,0.01579679,0.009910029,0.004947631,0.0016980674,0.018544668,0.006111458,0.003293167,0.0015200408,0.026385281,0.006140711,0.0032116096,0.0014514301,0.033818442,0.0067052445,0.0030109044,0.0012588846,0.012812913,0.0067925756,0.0030995982,0.0014040192,0.0086892955,0.006172472,0.0038495937,0.001586533
4515,/home/jupyter/dent_outputs/isic2019_v2/melanoma/hairs/seed4515/lambda_t_star5/style.png,0.0049245125,0.0012034527,0.0025712897,0.0016555594,0.47575235,0.0047636,0.0016941684,0.0015039558,0.75415313,0.002401869,0.00026562813,0.00044226294,0.670414,0.0070891483,0.000530594,0.0009813351,0.49282077,0.0076523675,0.00078873854,0.0012332146,0.26450557,0.00612241,0.0019963423,0.0022010899,0.03827446,0.0022078457,0.001538383,0.0011716128,0.009241745,0.0017978863,0.0018933852,0.001461048,0.0062750266,0.001308379,0.0020959678,0.0014801908,0.004720387,0.0011228219,0.0021290702,0.0013785096
4389,/home/jupyter/dent_outputs/isic2019_v2/melanoma/hairs/seed4389/lambda_t_star5/style.png,0.035757292,0.025868477,0.0016243763,0.002344573,0.89979,0.028335664,0.00069699506,0.0012310968,0.97994345,0.0097393505,0.00065152126,0.0009772015,0.8787533,0.007927558,0.0007999673,0.0011062267,0.7868326,0.0057882946,0.00061352126,0.00080212683,0.36312735,0.006649933,0.00049972266,0.0008670539,0.053721417,0.021375788,0.0008586924,0.0015272901,0.053156663,0.02800652,0.0011943358,0.0020415646,0.04689962,0.027944678,0.0013639592,0.0022104154,0.042343173,0.02685276,0.0015911531,0.0023323705
4646,/home/jupyter/dent_outputs/isic2019_v2/melanoma/hairs/seed4646/lambda_t_star5/style.png,0.00030501492,0.003949411,0.093817584,0.00080966525,0.11723853,0.0011553769,0.09756859,0.0006348242,0.40944853,0.0018426048,0.12593637,0.00072221935,0.060484935,0.0021778843,0.12979,0.00050608255,0.014155907,0.0027907502,0.21392965,0.0006833607,0.16199575,0.005891677,0.11242433,0.0007461328,0.7171436,0.00640472,0.060328204,0.00073003705,0.03388982,0.0040424867,0.081648074,0.0006607396,0.003018361,0.004573788,0.104227595,0.0008641638,0.00032034254,0.004152817,0.089576885,0.0007280563
4909,/home/jupyter/dent_outputs/isic2019_v2/melanoma/hairs/seed4909/lambda_t_star5/style.png,0.061669216,0.010363304,0.001278939,0.0016602371,0.41485098,0.004980672,0.0013763995,0.0015777526,0.48148328,0.006692119,0.0013268061,0.0016939418,0.36544165,0.017854894,0.0017053564,0.0023584946,0.2786628,0.016418466,0.0021590136,0.003156466,0.20169929,0.014986658,0.0019210003,0.002635579,0.16181795,0.012079092,0.0013480772,0.0017925528,0.12582509,0.011886985,0.0011076498,0.0015252453,0.0909835,0.012565345,0.0012834227,0.0017464053,0.072840765,0.011653962,0.001255543,0.0017520864
4159,/home/jupyter/dent_outputs/isic2019_v2/melanoma/hairs/seed4159/lambda_t_star5/style.png,0.674657,0.0046627605,0.030454824,0.0017384174,0.99799156,0.00032338433,0.00050640875,0.00014573676,0.99946564,0.00044013967,0.000700836,0.00014075365,0.97604567,0.004837683,0.0028082896,0.00093828497,0.9465623,0.009769704,0.013032299,0.0016642981,0.88853884,0.011240405,0.02717309,0.0019702024,0.83707196,0.0064953,0.0383518,0.0016513868,0.78730196,0.0055430895,0.036087714,0.0017418407,0.75609815,0.00619678,0.029011782,0.0017877705,0.7406223,0.005695099,0.026426658,0.0017397412
4954,/home/jupyter/dent_outputs/isic2019_v2/melanoma/hairs/seed4954/lambda_t_star5/style.png,0.33580032,0.00093032233,0.00027685464,0.00027547602,0.18213439,0.0006558807,0.00012766248,0.00017513683,0.20326047,0.0007560347,0.00037622807,0.00030138285,0.62900585,0.0014003016,0.00038258106,0.00037006836,0.66410047,0.0026150357,0.0004919042,0.00035348156,0.3042472,0.0013519356,0.0001865533,0.000190291,0.4456367,0.00092285126,0.00017869522,0.00024665086,0.4338643,0.0010214604,0.00020609109,0.00027755767,0.40875757,0.0009343152,0.00022339953,0.0002786256,0.3673615,0.00095067703,0.0002557503,0.00027175972
4445,/home/jupyter/dent_outputs/isic2019_v2/melanoma/hairs/seed4445/lambda_t_star5/style.png,0.07857116,0.008671484,0.00034623742,0.0004945613,0.16350245,0.0032518222,0.0002466297,0.00030085002,0.15523419,0.0019901842,0.00011127502,0.00015376885,0.14273116,0.0026971162,8.320894e-05,0.00015116297,0.09125652,0.004105669,0.00010078279,0.00020728141,0.121753685,0.007429058,0.00014715326,0.0002489449,0.115997106,0.009285158,0.00023006188,0.00033978262,0.106240585,0.010034495,0.00029277627,0.00046656423,0.09915371,0.009565252,0.00033356354,0.0005195371,0.096753314,0.0090170875,0.00035441067,0.0005396391
4441,/home/jupyter/dent_outputs/isic2019_v2/melanoma/hairs/seed4441/lambda_t_star5/style.png,0.27502975,0.03635034,0.00084993086,0.0014359854,0.9991959,0.0024998197,0.00052633433,0.00045054549,0.9993678,0.0076568406,0.00053958787,0.0004504933,0.9576724,0.033649266,0.00083924,0.0012721622,0.8913774,0.041092206,0.000835296,0.0012069098,0.79150724,0.048317913,0.00074593164,0.0011442455,0.4997923,0.052413266,0.0009995974,0.0014927087,0.27115408,0.048988994,0.0008291067,0.0015639771,0.29683164,0.05135185,0.0011938574,0.0021811146,0.26237983,0.039961316,0.0009714113,0.0016148239
4200,/home/jupyter/dent_outputs/isic2019_v2/melanoma/hairs/seed4200/lambda_t_star5/style.png,0.0011683227,0.0015771782,0.0031647286,0.00021291069,0.012940411,0.0026804593,0.0017527137,0.00030067482,0.0102919,0.0036911005,0.0018139682,0.0003603294,0.007012599,0.0031374595,0.0018706333,0.00033318697,0.0061687576,0.0024923424,0.0026941702,0.0003479339,0.003382402,0.0024027776,0.002496773,0.00021982023,0.002043771,0.0038821085,0.0035967473,0.00028901148,0.0013601201,0.002643376,0.0032301822,0.00024619082,0.0010240874,0.001964856,0.003877234,0.00021931884,0.0009322877,0.001650351,0.0031776633,0.00020704181
4667,/home/jupyter/dent_outputs/isic2019_v2/melanoma/hairs/seed4667/lambda_t_star5/style.png,0.0015525396,0.0025407472,0.15226594,0.0012432802,0.546838,0.002082081,0.042859394,0.0009711157,0.44429103,0.002768716,0.041022003,0.001121663,0.48285156,0.0035469264,0.07266446,0.0014796912,0.22678538,0.0032711271,0.05620696,0.0012118754,0.2573426,0.004051655,0.10306462,0.0014186396,0.33597812,0.004203523,0.10855241,0.001496793,0.0026481345,0.0039103893,0.19115244,0.0017527479,0.002152279,0.002736376,0.1711037,0.001411524,0.0017373221,0.0026872426,0.16053554,0.0013157537
4539,/home/jupyter/dent_outputs/isic2019_v2/melanoma/hairs/seed4539/lambda_t_star5/style.png,0.56076175,0.005434886,0.008788171,0.0021318295,0.9996798,0.008616476,0.004860881,0.0010191605,0.99955636,0.008412643,0.0050929617,0.0010825013,0.9992531,0.007181987,0.005874593,0.0013367122,0.99871016,0.008069942,0.006278438,0.0015706553,0.9973902,0.013216085,0.00902906,0.002460644,0.98969495,0.011110298,0.009198568,0.0023308452,0.7257011,0.009090096,0.010911716,0.0024117345,0.6216362,0.006779065,0.009916357,0.0023832312,0.5782964,0.005996125,0.009114157,0.0023319144
4664,/home/jupyter/dent_outputs/isic2019_v2/melanoma/hairs/seed4664/lambda_t_star5/style.png,0.15040906,0.037157096,0.0018002617,0.00061151397,0.9252491,0.0014517972,0.0012437346,0.001040484,0.28109545,0.0090201255,0.0020329896,0.00077203667,0.32992983,0.011039659,0.002275407,0.0007801816,0.24498509,0.010432477,0.0018667108,0.00076039013,0.21971807,0.03042303,0.0015244859,0.0008141987,0.17148706,0.03630145,0.0016439125,0.00076995447,0.17620952,0.049639817,0.0019052784,0.00081758096,0.157782,0.041636676,0.0020933533,0.00074165006,0.14543079,0.030928884,0.0018384114,0.0006459077
4458,/home/jupyter/dent_outputs/isic2019_v2/melanoma/hairs/seed4458/lambda_t_star5/style.png,0.7391909,0.023902453,0.0015702719,0.0008931072,0.996316,0.0132922735,0.0020992456,0.0018479783,0.9978725,0.010776989,0.0019162777,0.0013859649,0.99852633,0.006020405,0.0025808932,0.0013316687,0.9938275,0.007419992,0.002261891,0.0014707238,0.9865537,0.011294244,0.0021155807,0.0012158037,0.86010164,0.023590544,0.0010571278,0.0008470902,0.75433755,0.02769211,0.001078531,0.00092879933,0.76300955,0.026128365,0.0012828839,0.0008237302,0.71357465,0.027170572,0.0014364108,0.0008826139
4421,/home/jupyter/dent_outputs/isic2019_v2/melanoma/hairs/seed4421/lambda_t_star5/style.png,0.0042759744,0.013407507,0.0031714872,0.0010007422,0.51820797,0.0057309424,0.0011773905,0.00036110758,0.88756675,0.0028645168,0.0005448135,0.00027068268,0.94453746,0.0034155156,0.001030069,0.0005502415,0.5510051,0.0104643395,0.0018111194,0.0006018672,0.040484983,0.016167892,0.0018125484,0.0005986588,0.0027527055,0.012958683,0.0020444947,0.0007566773,0.0026329071,0.01190252,0.0026558442,0.00085578853,0.003590005,0.011755797,0.00260913,0.0009059125,0.0044131395,0.012611226,0.0029682273,0.0009649483
4676,/home/jupyter/dent_outputs/isic2019_v2/melanoma/hairs/seed4676/lambda_t_star5/style.png,0.00023133193,0.008397438,0.011776072,0.0015971786,0.63575214,0.040616557,0.23343307,0.0071965065,0.016710807,0.01736501,0.15413225,0.0042221625,0.055912342,0.014915147,0.14528868,0.004480019,0.13450126,0.01568658,0.13313667,0.0049441485,0.15830088,0.025844503,0.11183215,0.005156897,0.49125573,0.023264041,0.087523796,0.0043960894,0.0050711343,0.019213835,0.016175646,0.0023084173,0.0006668332,0.016612034,0.011880194,0.0019473854,0.00027596735,0.011928362,0.011811389,0.0016287108
4014,/home/jupyter/dent_outputs/isic2019_v2/melanoma/hairs/seed4014/lambda_t_star5/style.png,0.006835903,0.009925378,0.07778375,0.0022973684,0.17962453,0.0021590577,0.026371961,0.0017805903,0.09382749,0.0029603464,0.045776438,0.0020789248,0.04469904,0.0024036407,0.04750904,0.001595932,0.032069393,0.003135982,0.055662986,0.0018092265,0.018933406,0.004445646,0.05321801,0.001937623,0.01897684,0.0068493867,0.051704243,0.0019317819,0.010672456,0.008205772,0.061224822,0.0018716689,0.009134937,0.00904069,0.06799064,0.0020331764,0.0072004385,0.008893767,0.07675804,0.0020550145
4509,/home/jupyter/dent_outputs/isic2019_v2/melanoma/hairs/seed4509/lambda_t_star5/style.png,0.004158589,0.09445086,0.0011367368,0.0016694408,0.4576797,0.021064783,0.00020581049,0.00054338604,0.32395273,0.027373003,0.00026540205,0.0006457569,0.13371348,0.051249016,0.00021999364,0.0006311993,0.052549243,0.06084602,0.000266129,0.0007412144,0.04500257,0.08538093,0.00035843253,0.0009161832,0.027152998,0.12019374,0.0006038694,0.0013311957,0.008388394,0.120928764,0.0007823246,0.0013024439,0.005821715,0.10018257,0.0010498046,0.0016595267,0.004865877,0.095299974,0.0010651955,0.0016475595
4991,/home/jupyter/dent_outputs/isic2019_v2/melanoma/hairs/seed4991/lambda_t_star5/style.png,0.069994174,0.0013946746,0.008477055,0.001851158,0.08947917,0.00052013615,0.00033828084,0.00018315253,0.23579031,0.00048064213,0.0002813012,0.00012539502,0.07161053,0.00094538793,0.000510913,0.00022760886,0.094927296,0.00034998637,0.001665648,0.00058319734,0.055108774,0.0011501778,0.0029575217,0.0011882625,0.123816065,0.0018190121,0.004630845,0.001425376,0.0762207,0.0018676567,0.005525949,0.0013805248,0.077829294,0.0015353514,0.006493503,0.0015116293,0.071707204,0.0014693631,0.0075087007,0.0016878638
4705,/home/jupyter/dent_outputs/isic2019_v2/melanoma/hairs/seed4705/lambda_t_star5/style.png,0.3701605,0.003853465,0.002816999,0.0013739014,0.99803966,0.0018328801,0.0012949686,0.0009343646,0.99856806,0.0018078774,0.001096414,0.00080859504,0.9986511,0.0011755733,0.0010501292,0.00065549545,0.9954834,0.0008555329,0.0006596533,0.0004264899,0.97808594,0.005565756,0.0007993109,0.0003743682,0.86970896,0.0064832554,0.0015461884,0.0006354207,0.39262393,0.005825549,0.002532837,0.0011647042,0.3794753,0.0049564233,0.0024359608,0.001176576,0.37099132,0.004316702,0.0025647823,0.0012339384
4876,/home/jupyter/dent_outputs/isic2019_v2/melanoma/hairs/seed4876/lambda_t_star5/style.png,0.0028243433,0.0019331789,0.15857124,0.0029921604,0.9248815,0.0014061568,0.17423154,0.001560976,0.037227128,0.004819618,0.42526644,0.004460587,0.033932302,0.009091311,0.26699176,0.008504923,0.02404977,0.0054894695,0.23982869,0.006120927,0.017640498,0.004443774,0.23025116,0.0055211713,0.009975302,0.0026147023,0.19310917,0.004021122,0.0075314953,0.002210669,0.16836612,0.0036635413,0.0059158676,0.0022326303,0.15343139,0.0033795293,0.004171375,0.0018765893,0.13587661,0.0029398326
4327,/home/jupyter/dent_outputs/isic2019_v2/melanoma/hairs/seed4327/lambda_t_star5/style.png,0.001327748,0.0066013006,0.27305773,0.0031495404,0.9988381,0.015358136,0.2516146,0.003482173,0.9993787,0.011064206,0.21794485,0.0026046555,0.9992211,0.011081923,0.21229608,0.003206166,0.99925834,0.010219931,0.21870847,0.0031128058,0.99936813,0.007848693,0.2283552,0.0028127292,0.98971736,0.0063660555,0.33765426,0.0036635483,0.16336776,0.005364746,0.5050459,0.004295862,0.0023939416,0.006958947,0.34786826,0.004268802,0.0014933811,0.0062667066,0.25364748,0.003318388
4901,/home/jupyter/dent_outputs/isic2019_v2/melanoma/hairs/seed4901/lambda_t_star5/style.png,0.005560873,0.08009367,0.00094703736,0.0004983385,0.11329306,0.0067221103,0.00048063847,0.000231737,0.37065417,0.02129378,0.00090515194,0.00080010464,0.739833,0.025912575,0.0008491922,0.00074542,0.40550014,0.018767832,0.0009434597,0.00066068984,0.15783769,0.019937651,0.0007748821,0.0004365817,0.009117185,0.044963147,0.0012442416,0.00045410526,0.007370139,0.06910615,0.0011183636,0.0004941742,0.0071640126,0.079360545,0.0010872248,0.0005123878,0.0068925973,0.095199704,0.0010696827,0.0005647006
4474,/home/jupyter/dent_outputs/isic2019_v2/melanoma/hairs/seed4474/lambda_t_star5/style.png,0.002655762,0.08292707,0.00025564423,0.00051305763,0.026972389,0.21796563,0.00082710997,0.0018209907,0.097933754,0.1494733,0.0005950545,0.0015309856,0.26965314,0.058000125,0.00044122327,0.0010680906,0.2706461,0.061916757,0.00046941792,0.0011868847,0.027075931,0.1250131,0.00036123622,0.0008750407,0.01439808,0.088465504,0.00028298298,0.0006333243,0.006425853,0.10825064,0.00030037915,0.0006999976,0.004439652,0.11630122,0.00026438653,0.0006340605,0.004189135,0.100256294,0.0002695673,0.0005664793
4259,/home/jupyter/dent_outputs/isic2019_v2/melanoma/hairs/seed4259/lambda_t_star5/style.png,0.004055447,0.030144176,0.21885507,0.0016562971,0.09121648,0.03915289,0.39746588,0.0037182432,0.067016646,0.02866143,0.6765799,0.0019653114,0.14347321,0.0297637,0.6020187,0.0017858385,0.13464136,0.029921848,0.57968,0.001942254,0.090990424,0.02683902,0.6062386,0.0015866426,0.07465938,0.030029839,0.58064514,0.0016875763,0.058658183,0.023254555,0.4078777,0.0014880366,0.0075778584,0.034696043,0.22136374,0.001646545,0.0060531166,0.029532347,0.20536941,0.001612381
4206,/home/jupyter/dent_outputs/isic2019_v2/melanoma/hairs/seed4206/lambda_t_star5/style.png,0.0012712071,0.029808717,0.0762811,0.004436639,0.9964174,0.021838985,0.110265054,0.0055957967,0.98959714,0.016635396,0.10880504,0.005752477,0.98841643,0.016123565,0.11589203,0.005415746,0.9863073,0.018869545,0.13995455,0.0058815256,0.9959786,0.018081311,0.12467742,0.0045534372,0.9613149,0.03822699,0.12480828,0.0058092666,0.04613732,0.045485754,0.13097556,0.007529668,0.0033489927,0.044537995,0.121074066,0.006676463,0.0014170342,0.033689532,0.077795886,0.0042195013
4752,/home/jupyter/dent_outputs/isic2019_v2/melanoma/hairs/seed4752/lambda_t_star5/style.png,0.0009440037,0.016860219,0.000754863,0.00025356485,0.044530444,0.011383062,0.00081319467,0.0005943935,0.03227524,0.008489942,0.00077264645,0.00039240095,0.020116221,0.0099658,0.0006019208,0.00025674902,0.0072253956,0.0034510791,0.0009352798,0.00028143643,0.002340011,0.0057669515,0.0011471934,0.00028594863,0.0015104889,0.011580676,0.0010656305,0.00027101918,0.001157521,0.014752624,0.000792157,0.0002199542,0.0010738688,0.015235801,0.000690373,0.00022285788,0.0009844633,0.015915716,0.00067346933,0.00023353117
4797,/home/jupyter/dent_outputs/isic2019_v2/melanoma/hairs/seed4797/lambda_t_star5/style.png,0.0006263751,0.24543417,0.0022527152,0.002840313,0.12226102,0.11795181,0.000700637,0.0006802962,0.087420695,0.14311993,0.0006697557,0.00068132783,0.050334085,0.15194233,0.00048166307,0.0006450708,0.072112605,0.119223654,0.00080976833,0.00088950136,0.00051171577,0.2207276,0.0018313896,0.002445553,0.0007448881,0.22940506,0.0024429045,0.0032644474,0.00068809406,0.26465976,0.0021879754,0.0030241597,0.00064355193,0.27872717,0.0020533858,0.0029351346,0.0006585308,0.24640144,0.00229919,0.0029111705
4171,/home/jupyter/dent_outputs/isic2019_v2/melanoma/hairs/seed4171/lambda_t_star5/style.png,0.0047324235,0.14655915,0.0056413095,0.009148367,0.02316663,0.033123832,0.0011475994,0.0015004227,0.02270265,0.016038507,0.00089298224,0.0011003955,0.015239236,0.011288739,0.0023841497,0.002419775,0.020130645,0.020351406,0.0055518015,0.006338378,0.015979143,0.036968477,0.007612091,0.008864008,0.016861467,0.054131266,0.008129052,0.012644746,0.009275188,0.10639526,0.007520604,0.011253874,0.00625193,0.11641225,0.0064154705,0.009346609,0.005782984,0.13239856,0.0056344527,0.008913068
4403,/home/jupyter/dent_outputs/isic2019_v2/melanoma/hairs/seed4403/lambda_t_star5/style.png,0.0017008891,0.03150465,0.088736475,0.0014167178,0.0067740483,0.008764801,0.05228533,0.002089662,0.0058741616,0.0031569868,0.04021153,0.0019054309,0.0044570016,0.026776394,0.07155255,0.0031836603,0.0034775233,0.03160592,0.07960376,0.0029936146,0.002561247,0.047627807,0.075921394,0.0024261428,0.0023650269,0.05479615,0.07866052,0.002064285,0.0017088734,0.051278424,0.0939231,0.002231447,0.0026507627,0.03910488,0.09783339,0.0018468766,0.0020309445,0.03241396,0.08583946,0.0015579358
4630,/home/jupyter/dent_outputs/isic2019_v2/melanoma/hairs/seed4630/lambda_t_star5/style.png,0.054364692,0.009460504,0.063247226,0.0042982185,0.9742911,0.007046532,0.029678464,0.0030993787,0.99403304,0.004953177,0.028400112,0.0019098105,0.99341726,0.0044309413,0.04190784,0.001640447,0.9945977,0.0044961274,0.03449508,0.0014695205,0.99632984,0.0066492273,0.040889505,0.0020389317,0.985552,0.00866426,0.058550585,0.0030306706,0.50211704,0.011372265,0.08619738,0.005664027,0.060947917,0.012814801,0.0732403,0.005356257,0.058530945,0.011679197,0.07144983,0.005108933
4985,/home/jupyter/dent_outputs/isic2019_v2/melanoma/hairs/seed4985/lambda_t_star5/style.png,0.013160197,0.009005407,0.0010172025,0.0013086692,0.6190365,0.010229191,0.0026118835,0.0030931188,0.8643938,0.007503998,0.0020200277,0.00157288,0.8882604,0.0048615495,0.0005627662,0.0007950353,0.88214,0.004219926,0.00031299604,0.00054487266,0.47741678,0.009860498,0.00027969183,0.0005631048,0.04271378,0.013643533,0.00076388824,0.0012379752,0.017101774,0.010303096,0.0008460399,0.0011319584,0.013252702,0.00856528,0.0008938611,0.001190389,0.012661562,0.008959272,0.0009561081,0.0012571512
4415,/home/jupyter/dent_outputs/isic2019_v2/melanoma/hairs/seed4415/lambda_t_star5/style.png,0.00035909828,0.0047952104,0.011587232,0.0011986512,0.97270906,0.016207699,0.53720534,0.0037007614,0.99068356,0.008067033,0.4257919,0.0029257678,0.9944193,0.005041062,0.3385879,0.0016921534,0.9980317,0.004546308,0.38154748,0.0014104753,0.9925257,0.0033601788,0.4873763,0.0019183754,0.9864857,0.0039158277,0.3587711,0.0020796035,0.9389656,0.009225513,0.058565058,0.0026954736,0.012215518,0.0055131963,0.024013877,0.001725341,0.00059398013,0.005461641,0.013411083,0.0013776952
4284,/home/jupyter/dent_outputs/isic2019_v2/melanoma/hairs/seed4284/lambda_t_star5/style.png,0.013307567,0.04602441,0.005205169,0.004169223,0.99639624,0.012452298,0.004321529,0.0020720845,0.99349445,0.013837147,0.004226535,0.0018893352,0.99371934,0.016107038,0.0047102226,0.0019565094,0.99451584,0.01844288,0.005596985,0.0020994982,0.9938334,0.017432535,0.006800288,0.0019957733,0.9877984,0.014264049,0.0064251833,0.0021836555,0.03929134,0.043590646,0.005204114,0.0038869441,0.028496584,0.03512312,0.0047151856,0.0036820811,0.016687294,0.040859204,0.0043618497,0.0036550853
4979,/home/jupyter/dent_outputs/isic2019_v2/melanoma/hairs/seed4979/lambda_t_star5/style.png,0.43201065,0.0005150641,0.00021936966,0.00017233887,0.83380014,0.0006852092,0.0007347125,0.00070323556,0.8669703,0.00021459455,0.00017198363,0.00014236233,0.6373253,0.0008092896,0.00016192594,0.00021585947,0.42597976,0.0014972299,0.00014460362,0.00017534268,0.57775325,0.0016237639,0.0001328443,0.00016687173,0.37023526,0.0013753832,0.000121417244,0.00012787008,0.42497367,0.000795113,0.00012880983,0.0001326815,0.41814202,0.00060252956,0.00016890863,0.00014311256,0.41017947,0.00055002334,0.00021178497,0.00017188166
4956,/home/jupyter/dent_outputs/isic2019_v2/melanoma/hairs/seed4956/lambda_t_star5/style.png,0.0046138274,0.009213095,0.010422469,0.008636074,0.046129327,0.005934092,0.008764668,0.006741058,0.03154844,0.005839919,0.008859694,0.0066517945,0.037476562,0.0059367423,0.007904247,0.006327357,0.0147204725,0.007120779,0.008143941,0.007747028,0.012818667,0.0089729875,0.010682333,0.009932539,0.006263462,0.009630764,0.008964214,0.008361173,0.005844716,0.010337067,0.008575138,0.008377134,0.004968863,0.01012371,0.009276563,0.008190683,0.0050067124,0.009727461,0.010228316,0.008681631
4649,/home/jupyter/dent_outputs/isic2019_v2/melanoma/hairs/seed4649/lambda_t_star5/style.png,0.00042663387,0.00239116,0.04419474,0.002000724,0.9096298,0.0117506115,0.06049049,0.002646051,0.5362186,0.013110131,0.06072233,0.0036155598,0.58996505,0.0137807885,0.060184002,0.004270888,0.00056533684,0.0056444644,0.03600888,0.0025187847,0.00051243784,0.0058239256,0.03429822,0.0023682376,0.0004725086,0.0053924923,0.030606022,0.0022598892,0.00044681446,0.0045672497,0.034888584,0.002299621,0.00040260094,0.0037580072,0.038827036,0.002282387,0.00038764664,0.002723458,0.04131617,0.0020990525
4128,/home/jupyter/dent_outputs/isic2019_v2/melanoma/hairs/seed4128/lambda_t_star5/style.png,0.010274923,0.020483369,0.00052114704,0.0003660212,0.09368877,0.011377493,0.00086888956,0.00040993173,0.06505641,0.00967261,0.0006140021,0.00030482622,0.080082975,0.008291936,0.00039616332,0.00021610782,0.0072244587,0.039501846,0.00027515343,0.0003690583,0.02609204,0.016981043,0.00017783108,0.00021907975,0.013520174,0.024347514,0.00037794872,0.00033736456,0.0098845875,0.024550172,0.00040196895,0.00033707664,0.010348398,0.021350652,0.0004518875,0.00035596255,0.010649908,0.020486932,0.00050675496,0.0003720818
4455,/home/jupyter/dent_outputs/isic2019_v2/melanoma/hairs/seed4455/lambda_t_star5/style.png,0.00040918504,0.008850717,0.18242125,0.0025705292,0.012239206,0.024461972,0.33174682,0.0036034058,0.011201324,0.024487212,0.3921685,0.0038729967,0.00820521,0.017607713,0.3317917,0.003515799,0.0065757902,0.018301094,0.2743758,0.003857283,0.0051664296,0.020272499,0.22328113,0.0041560093,0.0021405597,0.017208051,0.19656779,0.0035572064,0.0012031111,0.013388521,0.22435787,0.0032805123,0.0007259515,0.012117897,0.19524448,0.0028734691,0.00046104912,0.0102578495,0.16797325,0.0026845005
4282,/home/jupyter/dent_outputs/isic2019_v2/melanoma/hairs/seed4282/lambda_t_star5/style.png,0.7654163,0.0026678347,0.0011712506,0.0012256545,0.38883764,0.00014253864,6.934155e-05,0.0001994336,0.3621006,0.00016198494,8.254288e-05,0.00019828192,0.38065553,0.00047027852,0.00020250233,0.00037159704,0.629929,0.0006012841,0.00030682993,0.0003820227,0.8472556,0.0009830194,0.00066162966,0.0007413596,0.83471096,0.0018054156,0.0009880724,0.0010856237,0.81595474,0.0034635453,0.0008693264,0.0010351957,0.80456084,0.0033011637,0.00093910063,0.0010946795,0.79095584,0.0028937275,0.0011385005,0.001209213
4176,/home/jupyter/dent_outputs/isic2019_v2/melanoma/hairs/seed4176/lambda_t_star5/style.png,0.020523448,0.001702699,0.0012489692,0.0022072163,0.9425166,0.0005087961,0.009562145,0.00044738088,0.2231054,0.0008153334,0.00033126344,0.0013387895,0.8502825,0.0005391619,0.00028001278,0.0006731905,0.9960783,0.00032458993,0.00025465898,0.00021493467,0.06313195,0.0016093135,0.000611948,0.0011829023,0.029214071,0.0030653004,0.0017618143,0.003011895,0.033476084,0.0023998043,0.0016679111,0.0029485964,0.028612271,0.0017930774,0.0013446938,0.0022606,0.023528907,0.0015878744,0.0010273258,0.0018686347
4907,/home/jupyter/dent_outputs/isic2019_v2/melanoma/hairs/seed4907/lambda_t_star5/style.png,0.0009274375,0.17873919,0.044780657,0.006018781,0.8895186,0.3088374,0.059542708,0.0059046275,0.75034577,0.48332745,0.1014336,0.011594645,0.35744172,0.4492281,0.09315269,0.012774771,0.42471445,0.3601262,0.08928866,0.011639854,0.38662854,0.31955755,0.09174357,0.0115276445,0.27392355,0.27020916,0.06554717,0.009809299,0.022197416,0.24724315,0.055318937,0.008554969,0.0014499575,0.21717915,0.045478858,0.006375129,0.00095302,0.22907819,0.0441524,0.0063272067
4008,/home/jupyter/dent_outputs/isic2019_v2/melanoma/hairs/seed4008/lambda_t_star5/style.png,0.0025180276,0.0046922085,0.008658336,0.001651522,0.79393077,0.009698533,0.009226328,0.0015946978,0.78610337,0.009105459,0.0079366835,0.0013776072,0.8880369,0.007973106,0.006517227,0.0011349677,0.9056935,0.0062212837,0.005076404,0.0009373651,0.8978925,0.006234706,0.0058697164,0.0009591199,0.78901255,0.0058380784,0.006311361,0.0011118795,0.5716809,0.0040373835,0.0051013133,0.0009446236,0.0055285855,0.0048790183,0.008951828,0.0015845273,0.0025390608,0.0049216114,0.009202554,0.0016911654
4023,/home/jupyter/dent_outputs/isic2019_v2/melanoma/hairs/seed4023/lambda_t_star5/style.png,0.70008546,0.49421182,0.0028443323,0.0039640227,0.9984842,0.16410403,0.0010458117,0.0017466089,0.9989231,0.20433538,0.0012358327,0.0019519867,0.9879004,0.12234829,0.00092607416,0.0018930212,0.984271,0.1522599,0.0011649345,0.002261211,0.98679465,0.35295975,0.0013765129,0.002070666,0.93397963,0.61464775,0.0023461394,0.0037319579,0.67905414,0.68012094,0.0022409374,0.0035986959,0.6755682,0.5898325,0.0025392107,0.003795979,0.68256027,0.5079678,0.0026322925,0.0038293938
4191,/home/jupyter/dent_outputs/isic2019_v2/melanoma/hairs/seed4191/lambda_t_star5/style.png,0.001369962,0.018615197,0.035503455,0.0041566347,0.44811293,0.017120725,0.038054228,0.0024677448,0.42614686,0.00984816,0.04784159,0.00313351,0.42432648,0.0052264435,0.047868423,0.003401125,0.34263375,0.004534883,0.045516588,0.003124504,0.010135696,0.012167276,0.039102606,0.0044134017,0.0033554954,0.011516858,0.041264124,0.0058608497,0.0016819951,0.008087251,0.033665225,0.0055056936,0.001400383,0.008244881,0.034879792,0.0053028227,0.0015623398,0.014645126,0.034887522,0.004376189
4651,/home/jupyter/dent_outputs/isic2019_v2/melanoma/hairs/seed4651/lambda_t_star5/style.png,0.0008877047,0.00086031354,0.026369935,0.0015923483,0.29939848,0.008205019,0.055355698,0.0041045714,0.2942675,0.009435692,0.06965995,0.0047276244,0.3049357,0.007933516,0.054606125,0.0043450915,0.25972116,0.0077424045,0.058797635,0.0041292673,0.13220868,0.0051596793,0.06370987,0.003368027,0.152407,0.0031301174,0.023590392,0.0021247347,0.012008177,0.0026268861,0.020058656,0.0020133462,0.0041385465,0.0013385382,0.018577458,0.0016504499,0.0011145736,0.0008973616,0.02528337,0.0015634962
4995,/home/jupyter/dent_outputs/isic2019_v2/melanoma/hairs/seed4995/lambda_t_star5/style.png,0.009605025,0.0013701877,0.004085184,0.002560061,0.97870845,0.024735617,0.0025614554,0.0010136686,0.9825639,0.011849295,0.003866714,0.0011582373,0.99267864,0.015448089,0.004132266,0.0011388422,0.9795863,0.003992282,0.0034034743,0.0011559719,0.91252345,0.001938382,0.0022236905,0.0009851097,0.261361,0.0020690183,0.001996232,0.0014261703,0.07482602,0.0015986756,0.0024570508,0.0016364675,0.034190368,0.0014849076,0.0029657937,0.0017590525,0.010606557,0.001263889,0.0037425999,0.002272471
4229,/home/jupyter/dent_outputs/isic2019_v2/melanoma/hairs/seed4229/lambda_t_star5/style.png,0.1661527,0.019535102,0.0038726123,0.0031644774,0.62981945,0.013525561,0.00093509397,0.0014183255,0.84381133,0.024198309,0.0013696123,0.0013731682,0.82777727,0.08798013,0.0020131825,0.002909968,0.63516486,0.0384947,0.0015746093,0.0021943038,0.18876347,0.028931145,0.0022275439,0.0025191826,0.17034765,0.02942759,0.0025597247,0.0026338089,0.17294335,0.026849035,0.002712247,0.0028210443,0.19846372,0.024920965,0.003299432,0.0030646797,0.16382197,0.018893426,0.0033249536,0.0031337126
4613,/home/jupyter/dent_outputs/isic2019_v2/melanoma/hairs/seed4613/lambda_t_star5/style.png,0.97244203,0.00030917051,0.00030889062,0.00036146026,0.935364,0.00039870577,0.0006248995,0.00088168134,0.9545625,0.00039540028,0.0004014801,0.0007353581,0.9349422,0.00062430516,0.000600646,0.00086641184,0.96933854,0.0011233852,0.00081581017,0.001327543,0.95774215,0.00037455917,0.00023538392,0.00036184763,0.95426047,0.00021688604,0.00017160884,0.00026719633,0.9680826,0.0001879739,0.00014627165,0.00021846691,0.9747832,0.00025246362,0.0002154402,0.00028230873,0.9734894,0.00029018187,0.00025643664,0.00032645193
4689,/home/jupyter/dent_outputs/isic2019_v2/melanoma/hairs/seed4689/lambda_t_star5/style.png,0.00037212134,0.019523265,0.07180725,0.0015719391,0.97426784,0.018475417,0.294003,0.004437741,0.968348,0.018001534,0.34651178,0.004167962,0.9763264,0.02752152,0.3202647,0.0037713787,0.9717804,0.030536713,0.30982062,0.003062258,0.9595317,0.023519121,0.19912869,0.002193092,0.0276954,0.051694475,0.19947666,0.003504626,0.0028965839,0.03777455,0.100539,0.002317096,0.0010308557,0.027878068,0.078154154,0.0019161318,0.00049062166,0.019895736,0.069345936,0.0014689385
4076,/home/jupyter/dent_outputs/isic2019_v2/melanoma/hairs/seed4076/lambda_t_star5/style.png,0.005261698,0.0019480889,0.04237972,0.0015659619,0.99547523,0.0024008078,0.046018157,0.0007382825,0.9775419,0.0014206892,0.032129705,0.0006381974,0.97723085,0.0014401054,0.017646538,0.00053942844,0.85563177,0.0023344285,0.009772846,0.001126311,0.67417395,0.0012760449,0.017668033,0.0011057546,0.35285732,0.0013360147,0.025441231,0.0010607495,0.011155948,0.0023393412,0.03398103,0.0018681936,0.006870721,0.002148206,0.0409661,0.0018159151,0.005675389,0.0020636772,0.04166971,0.0017551942
4155,/home/jupyter/dent_outputs/isic2019_v2/melanoma/hairs/seed4155/lambda_t_star5/style.png,0.0043003536,0.0009200694,0.0045985016,0.0013578397,0.07121658,0.0011008485,0.009771046,0.0013462103,0.082359314,0.001092523,0.010125951,0.0012952936,0.07117303,0.00086464366,0.00871323,0.0012336206,0.08145473,0.0008267443,0.008406623,0.0012021106,0.08850953,0.0007778525,0.0060466942,0.0010689099,0.07881598,0.0007790368,0.004288664,0.0011725746,0.0063327467,0.0010921692,0.004519462,0.0013331014,0.0056784633,0.0010691442,0.0043109693,0.0013946426,0.0046847695,0.0010732807,0.0047282414,0.0014315759
4496,/home/jupyter/dent_outputs/isic2019_v2/melanoma/hairs/seed4496/lambda_t_star5/style.png,0.018241135,0.016468802,0.00025248167,0.00056799635,0.029407317,0.14443806,0.0016393081,0.001471594,0.13503161,0.011907109,7.121037e-05,0.0002916335,0.20941578,0.01436513,0.00012651872,0.0004598925,0.12496529,0.015866589,0.00016006325,0.0005177998,0.08804182,0.011363573,0.000121440054,0.00038345513,0.027164016,0.023064496,0.00018507938,0.00053206214,0.021126369,0.017997943,0.00017904845,0.00047539143,0.022164423,0.013362696,0.00019300068,0.00046702474,0.019502591,0.014741746,0.00023031472,0.0005210901
4834,/home/jupyter/dent_outputs/isic2019_v2/melanoma/hairs/seed4834/lambda_t_star5/style.png,0.1706959,0.010653265,0.012781118,0.0029162627,0.9980894,0.0054792743,0.004580621,0.0017054075,0.9800483,0.00461351,0.0052051293,0.0022977171,0.9650693,0.0041416427,0.010773265,0.0046874965,0.97496367,0.0035550352,0.015136464,0.003618232,0.7063501,0.0064356085,0.023857431,0.0052636755,0.42699766,0.010857482,0.017546015,0.004700832,0.20259371,0.0128270285,0.015267364,0.0043252897,0.23404463,0.012786298,0.015423929,0.0036759179,0.20668504,0.012075541,0.0128667755,0.0031568818
4249,/home/jupyter/dent_outputs/isic2019_v2/melanoma/hairs/seed4249/lambda_t_star5/style.png,0.0011749839,0.05126366,0.016225036,0.0020663724,0.80699575,0.09978901,0.00749715,0.0015542501,0.7503839,0.24183628,0.006420162,0.0015999769,0.023262588,0.4046383,0.007977486,0.0016781873,0.008933453,0.1315854,0.0054657743,0.0011550769,0.006609639,0.07520144,0.007659979,0.0013868508,0.0031868913,0.096473776,0.018662602,0.002349041,0.0027874,0.0826849,0.017515259,0.0025196932,0.0016722359,0.064753704,0.017135648,0.0021228387,0.0013825597,0.058396425,0.016808359,0.002033757
4678,/home/jupyter/dent_outputs/isic2019_v2/melanoma/hairs/seed4678/lambda_t_star5/style.png,0.0030285246,0.00839653,0.02624563,0.0033489987,0.9971464,0.04936083,0.036178965,0.008738298,0.9931276,0.06053465,0.066241644,0.013126057,0.9981066,0.041089892,0.044725507,0.0077295196,0.9973291,0.037932444,0.058020946,0.009375055,0.92155975,0.03422421,0.05681174,0.012858959,0.6143068,0.032542076,0.046137664,0.01274715,0.033012446,0.014570585,0.034545645,0.0049853083,0.0064531295,0.009833277,0.02892529,0.003977709,0.0046576336,0.00906658,0.027017498,0.003757991
4934,/home/jupyter/dent_outputs/isic2019_v2/melanoma/hairs/seed4934/lambda_t_star5/style.png,0.0023582277,0.0032602097,0.029992394,0.0012882836,0.32715258,0.0040657967,0.022014076,0.00079425605,0.48199022,0.0029906244,0.025508223,0.00064482057,0.48895678,0.0036885487,0.030842226,0.0007665159,0.27531722,0.004455381,0.034797512,0.00097582315,0.31186444,0.0030917914,0.023267893,0.0008380013,0.017809376,0.0024979762,0.028513135,0.0011050565,0.002577711,0.0034937365,0.032816276,0.001342023,0.0022535694,0.0035870587,0.028423065,0.001286486,0.002517587,0.0034839076,0.027612315,0.0013636715
4653,/home/jupyter/dent_outputs/isic2019_v2/melanoma/hairs/seed4653/lambda_t_star5/style.png,0.0034051132,0.0066178567,0.003480231,0.0016929591,0.72778887,0.0023088402,0.0013647205,0.0006164955,0.29243138,0.004308459,0.0010119294,0.00067776046,0.07709021,0.0060384055,0.0010974847,0.0007728155,0.020310657,0.005032738,0.0016915647,0.00082265475,0.0034679654,0.005325376,0.0018456251,0.0007379889,0.0032285631,0.0051974533,0.0017581643,0.00095699716,0.0037830216,0.00725403,0.003123993,0.0015610846,0.003710523,0.0058387066,0.0028258504,0.0014912296,0.0032833433,0.0058882236,0.0029607688,0.0014650773
4388,/home/jupyter/dent_outputs/isic2019_v2/melanoma/hairs/seed4388/lambda_t_star5/style.png,0.005912456,0.0013075805,0.004572996,0.0008379371,0.57949114,0.00040128344,0.005267082,0.0009000496,0.77052355,0.001399945,0.006611305,0.0008691049,0.16026415,0.002557666,0.001624835,0.00064288033,0.118749134,0.001900193,0.0017839448,0.000606632,0.06229729,0.0018168913,0.0023879975,0.0006821264,0.032765612,0.0016406368,0.0026678017,0.0006855982,0.017381813,0.001318148,0.0038728132,0.0006629021,0.00954233,0.0011464659,0.0042811567,0.00075343106,0.0069644223,0.0012101342,0.004366192,0.0007834937
4027,/home/jupyter/dent_outputs/isic2019_v2/melanoma/hairs/seed4027/lambda_t_star5/style.png,0.00298666,0.012929549,0.02614733,0.0039942334,0.2586503,0.017499799,0.04091982,0.009518537,0.56903994,0.016583314,0.024009803,0.00665331,0.6880336,0.019256238,0.030181909,0.008275139,0.5453928,0.02397121,0.027577437,0.008099906,0.3196835,0.03048803,0.033163566,0.010049232,0.065946355,0.025103971,0.03210528,0.007366039,0.031231914,0.019654118,0.028040817,0.0054941834,0.012157628,0.018037278,0.03075,0.005266138,0.0045357374,0.01717774,0.027581932,0.00447842
4679,/home/jupyter/dent_outputs/isic2019_v2/melanoma/hairs/seed4679/lambda_t_star5/style.png,0.058888014,0.0033694215,0.010618216,0.0016854857,0.9993267,0.008421228,0.031119805,0.0020939428,0.99939716,0.008220897,0.033149328,0.002023687,0.9994248,0.0074997875,0.03161593,0.0018109358,0.99959356,0.0060850675,0.030136488,0.0015793497,0.99983406,0.005098418,0.02128917,0.0011681698,0.999742,0.0023793255,0.007707632,0.00068940094,0.9959216,0.003119875,0.0049058245,0.0007703284,0.18495563,0.0027776316,0.008789795,0.0013158728,0.09400011,0.0028936185,0.009323093,0.0015086584
4790,/home/jupyter/dent_outputs/isic2019_v2/melanoma/hairs/seed4790/lambda_t_star5/style.png,0.010114673,0.007880785,0.0010750839,0.00059191906,0.33233637,0.0031614227,0.00042184463,0.00069200003,0.26807186,0.0030892661,0.00088224944,0.0011116524,0.19225456,0.0030298552,0.0005287679,0.00086773036,0.6603821,0.0020755057,0.0003329637,0.00026514358,0.45759553,0.0046346867,0.0005264598,0.0002804285,0.19193177,0.005667226,0.00050371164,0.00030427022,0.057014816,0.006944986,0.00064820395,0.00040540082,0.018404387,0.009850861,0.0009544001,0.0005710813,0.011044006,0.008360074,0.00094158517,0.0005500197
4266,/home/jupyter/dent_outputs/isic2019_v2/melanoma/hairs/seed4266/lambda_t_star5/style.png,0.15108998,0.008624422,0.0013587277,0.0002847364,0.99846554,0.00035127398,0.00013738792,0.00010039317,0.99631625,0.0003905389,0.0003265223,0.00022150108,0.99877757,0.00040287044,0.00019980666,0.00014715381,0.99866736,0.00063899404,0.0003889926,0.0001795326,0.98433924,0.001953905,0.0004228352,0.00022082332,0.3685213,0.009309063,0.0008358955,0.0002962716,0.2010368,0.010639332,0.000881494,0.00024724772,0.1600418,0.010921324,0.0013739793,0.00029361516,0.1625949,0.008535525,0.0013206626,0.00027473818
4740,/home/jupyter/dent_outputs/isic2019_v2/melanoma/hairs/seed4740/lambda_t_star5/style.png,0.011553471,0.017254887,0.0015631783,0.001498889,0.99820673,0.0012086954,0.00032618936,0.0002632579,0.16967012,0.018233823,0.001145503,0.0015658925,0.016335294,0.039874844,0.0020220322,0.002372824,0.022922289,0.036730383,0.0019742278,0.0024165222,0.02044661,0.043065708,0.0016150499,0.0020255782,0.017753096,0.029983373,0.0016738861,0.0018009533,0.015185084,0.01960935,0.0014902374,0.0013712522,0.014282229,0.018852757,0.001431796,0.0013113475,0.012852327,0.016953263,0.0014970781,0.0015300239
4959,/home/jupyter/dent_outputs/isic2019_v2/melanoma/hairs/seed4959/lambda_t_star5/style.png,0.0007716814,0.025584593,0.0059650117,0.0014328415,0.9983437,0.0014434088,0.0023246827,0.001639325,0.92343163,0.010606832,0.0061083073,0.004466885,0.81342554,0.011485584,0.0050008935,0.0029286682,0.51648426,0.007740913,0.0035319768,0.0022525596,0.03327471,0.009561584,0.0033040738,0.002285883,0.0011890018,0.030952215,0.0058682724,0.0025197144,0.001344649,0.03762248,0.006363118,0.0022670396,0.0011527971,0.033812508,0.0061276522,0.0019122836,0.0010022088,0.030625917,0.0057663475,0.0015225715
4291,/home/jupyter/dent_outputs/isic2019_v2/melanoma/hairs/seed4291/lambda_t_star5/style.png,0.10683763,5.261483e-05,0.000693272,0.00015059469,0.17520756,1.9701765e-05,0.00012621615,0.00013328115,0.19694708,1.4301711e-05,0.00018794432,0.00011929118,0.08917955,1.2419523e-05,0.00021475644,0.000117131916,0.12918043,2.1370046e-05,0.00036930747,0.0002036855,0.033533033,8.090767e-05,0.001143309,0.00029148397,0.10524881,6.105291e-05,0.0007544955,0.00017957094,0.10282964,5.5395452e-05,0.00085142517,0.00018374829,0.11377427,4.6227353e-05,0.00072816625,0.00016813123,0.11417295,5.0420975e-05,0.0006536187,0.00015267964
4906,/home/jupyter/dent_outputs/isic2019_v2/melanoma/hairs/seed4906/lambda_t_star5/style.png,0.00015873168,0.0044705607,0.0019930152,0.00036125322,0.9779703,0.030945992,0.0018677828,0.001062681,0.6425736,0.01179331,0.0015565227,0.00066116796,0.08610222,0.0026549553,0.001138488,0.00045271634,0.0003416308,0.0018112729,0.0012312622,0.00038616481,0.00043181612,0.0035132107,0.0015786762,0.00062856625,0.00032297056,0.003828626,0.0018607201,0.000547941,0.0002338458,0.0034018315,0.0012805425,0.00031084602,0.00016553987,0.0040168334,0.0015197189,0.00031840906,0.00016733364,0.004419631,0.001852152,0.00034095536
4117,/home/jupyter/dent_outputs/isic2019_v2/melanoma/hairs/seed4117/lambda_t_star5/style.png,0.0016795555,0.0003453245,0.0044636438,0.0009472106,0.71983415,0.0017110541,0.005911282,0.0010819826,0.7767144,0.0011923132,0.0071467594,0.0009926803,0.87561625,0.0011974758,0.0070297564,0.0009673633,0.89968246,0.0011633593,0.0069239703,0.0009200979,0.016916046,0.00072509213,0.006030466,0.0013207494,0.0072964607,0.000625567,0.0055677965,0.001219863,0.0043315906,0.00054550794,0.0047901953,0.0010616092,0.0027075303,0.00042984638,0.004087699,0.0009080085,0.0020176452,0.0003501512,0.0038582156,0.0009207776
4638,/home/jupyter/dent_outputs/isic2019_v2/melanoma/hairs/seed4638/lambda_t_star5/style.png,0.0029841976,0.015703665,0.04349241,0.0036914232,0.9822305,0.007836282,0.026870284,0.0017671282,0.97654235,0.009352457,0.039088015,0.0023683188,0.8030001,0.009159844,0.063341655,0.0018224431,0.8867798,0.011024296,0.051348817,0.0015100109,0.9309391,0.0108749755,0.10426491,0.001372055,0.8992897,0.010569422,0.18740816,0.0017549937,0.63761246,0.012286578,0.124091424,0.0030355758,0.007668836,0.017197078,0.053722322,0.004186305,0.0042616148,0.019523794,0.049294647,0.0040989346
4263,/home/jupyter/dent_outputs/isic2019_v2/melanoma/hairs/seed4263/lambda_t_star5/style.png,0.013142177,0.0031574038,0.014963621,0.0026383623,0.10662869,0.045892637,0.015671276,0.0074009052,0.08055435,0.03621865,0.013931642,0.0069604693,0.06722543,0.02894319,0.013709226,0.00574881,0.060596492,0.022406908,0.0129065355,0.0051345592,0.0554142,0.018561617,0.013735749,0.005013097,0.048466276,0.013132439,0.01385586,0.0044322456,0.04475844,0.007980551,0.013316905,0.0035667804,0.025832472,0.0053917044,0.015253435,0.003211304,0.018818837,0.0042314027,0.014275047,0.0029273927
4150,/home/jupyter/dent_outputs/isic2019_v2/melanoma/hairs/seed4150/lambda_t_star5/style.png,0.00021390182,0.00032828772,0.0024228457,0.00011900566,0.0098953545,0.008973429,0.0059902966,0.0013046545,0.00713126,0.002714185,0.008127864,0.0010694034,0.045474563,0.001268293,0.016080203,0.00045742097,0.0028544024,0.00067272136,0.023554025,0.0004358798,0.0022013823,0.00051035447,0.010519617,0.00028792402,0.001624694,0.00046367283,0.0065817884,0.00017940495,0.00054455444,0.00026427789,0.003994357,0.00011859986,0.0003194788,0.0002896694,0.0024304064,0.000102608574,0.00021639006,0.0002832402,0.0019955055,9.493509e-05
4242,/home/jupyter/dent_outputs/isic2019_v2/melanoma/hairs/seed4242/lambda_t_star5/style.png,0.061617583,0.055954594,0.0012875121,0.0010906673,0.25273576,0.06991522,0.0016462117,0.0015086276,0.15372115,0.053706057,0.0011300752,0.0011053719,0.13137221,0.141876,0.0009980091,0.00093940087,0.09614201,0.1421623,0.0010875372,0.000971897,0.07742521,0.13977635,0.0010060343,0.0009172636,0.059736103,0.12389069,0.00091373,0.0008602119,0.053022984,0.106553376,0.0008455104,0.0008342762,0.048389345,0.08097201,0.0010521169,0.00093885866,0.061419684,0.06585171,0.0012115563,0.0010411027
4019,/home/jupyter/dent_outputs/isic2019_v2/melanoma/hairs/seed4019/lambda_t_star5/style.png,0.00095049955,0.04069008,0.03716933,0.0051313182,0.088477135,0.026466615,0.06725345,0.009265495,0.012031511,0.01934196,0.038023803,0.006068441,0.02635214,0.015545304,0.07250722,0.0118941,0.024415173,0.023304906,0.026055427,0.007413365,0.020589411,0.028162705,0.032261115,0.009703683,0.008107649,0.029310513,0.03853657,0.011212737,0.0026123333,0.05583901,0.052476395,0.012273929,0.0014233196,0.052687548,0.04172168,0.008167551,0.0012050827,0.052219957,0.038109932,0.006272402
4820,/home/jupyter/dent_outputs/isic2019_v2/melanoma/hairs/seed4820/lambda_t_star5/style.png,0.0011458953,0.0069328644,0.79184,0.0062365294,0.5803445,0.011679434,0.2280876,0.0056592133,0.14008494,0.004452567,0.6191967,0.00593936,0.08913515,0.006636905,0.74623203,0.0047611455,0.06190042,0.008030342,0.77928835,0.004218856,0.042046268,0.006696396,0.87303716,0.0044700666,0.022524703,0.008735853,0.8537681,0.0050643305,0.0045442623,0.011312692,0.86931247,0.0065299314,0.0012852516,0.007934552,0.76293063,0.0059756977,0.0012517101,0.0076946747,0.77692354,0.00762191
4981,/home/jupyter/dent_outputs/isic2019_v2/melanoma/hairs/seed4981/lambda_t_star5/style.png,0.0034663163,0.0023773375,0.0012479258,0.0007376348,0.9832234,0.0072510946,0.00018144905,0.00018039296,0.99711144,0.0009649364,6.664333e-05,9.3389e-05,0.041563667,0.00494246,0.00033061698,0.0003112268,0.040137764,0.004084656,0.00041355766,0.00032547713,0.029437942,0.0019675556,0.0013706785,0.00074091286,0.005297164,0.0017651056,0.0012661181,0.0006823608,0.0041490206,0.0020151667,0.0012285525,0.0007210802,0.0034649328,0.002011661,0.001144963,0.00066272105,0.0038899526,0.002132568,0.001167197,0.00071684184
4548,/home/jupyter/dent_outputs/isic2019_v2/melanoma/hairs/seed4548/lambda_t_star5/style.png,0.0005521472,0.009335618,0.003576409,0.0027253067,0.008898106,0.0160867,0.008371351,0.0036416487,0.026056234,0.010088044,0.007372174,0.0033998794,0.016560957,0.006498692,0.0068254224,0.0033345527,0.009528077,0.0069615864,0.0083430335,0.0052509718,0.00713071,0.0052836314,0.0060424255,0.0041886396,0.0019455929,0.0064571635,0.0041155405,0.0036603608,0.0011833964,0.0071808444,0.0033938175,0.0033373223,0.00086484634,0.008571121,0.0032678936,0.0028743942,0.00060505123,0.009363499,0.0033940498,0.0027324723
4835,/home/jupyter/dent_outputs/isic2019_v2/melanoma/hairs/seed4835/lambda_t_star5/style.png,0.8763899,0.014248347,0.01677398,0.006093368,0.9996977,0.0032796657,0.24304458,0.003938307,0.9998354,0.0038054935,0.13552764,0.0049068327,0.9998078,0.0023971812,0.09471039,0.0036320693,0.9998586,0.0025224714,0.07810321,0.0031275607,0.9999019,0.004503593,0.07986842,0.0035086595,0.9998859,0.005710489,0.059970718,0.0037756716,0.99951243,0.008056269,0.028672762,0.0040275,0.99383754,0.012286121,0.018089948,0.0046096006,0.9348998,0.015081309,0.016054204,0.005734087
4946,/home/jupyter/dent_outputs/isic2019_v2/melanoma/hairs/seed4946/lambda_t_star5/style.png,0.051667,0.0032161404,0.003944069,0.003239715,0.957879,0.000108194414,0.00057477714,0.00042957152,0.93977433,0.0004725611,0.0013718844,0.0010665115,0.8462469,0.00040403215,0.000700604,0.00087698724,0.573727,0.0015504322,0.0016427173,0.0026189412,0.22019686,0.0036713665,0.0028878804,0.0033370308,0.24216022,0.0051031024,0.0033306994,0.0045338324,0.11346717,0.005412693,0.004607085,0.0046372786,0.06887251,0.0039215977,0.004127642,0.003703322,0.057468016,0.003464312,0.00385782,0.003254449
4426,/home/jupyter/dent_outputs/isic2019_v2/melanoma/hairs/seed4426/lambda_t_star5/style.png,0.09985094,0.020109532,0.015806304,0.017649151,0.8810139,0.0019056421,0.0011656793,0.0016027389,0.7227121,0.016761009,0.0043914546,0.005390163,0.64606136,0.03646776,0.0069715157,0.009078622,0.36628124,0.058932602,0.0066982103,0.0062391777,0.31977695,0.021251503,0.005747777,0.0065363846,0.27609468,0.0119567765,0.009218895,0.007867479,0.18813048,0.01564373,0.011376838,0.011761166,0.114545815,0.02106051,0.014775137,0.015922403,0.11332492,0.020899579,0.015499259,0.017549198
4773,/home/jupyter/dent_outputs/isic2019_v2/melanoma/hairs/seed4773/lambda_t_star5/style.png,0.0021129388,0.005618694,0.011660311,0.004915177,0.9661157,0.02023567,0.0088082235,0.0035202086,0.9581167,0.02188459,0.008177508,0.0048068366,0.9238157,0.017679833,0.008543268,0.00500288,0.9336464,0.010736372,0.0076393643,0.0034541946,0.9436224,0.009938548,0.0074004675,0.0030679945,0.9458266,0.011791304,0.008323202,0.0030250754,0.6559469,0.012814577,0.009233265,0.0045482228,0.013609296,0.008554989,0.0130997505,0.006208052,0.0029211212,0.0065820813,0.011530682,0.0053300387
4848,/home/jupyter/dent_outputs/isic2019_v2/melanoma/hairs/seed4848/lambda_t_star5/style.png,0.008693408,0.009305199,0.907025,0.0036491598,0.7473669,0.0109293405,0.87067926,0.003688978,0.86471367,0.012249454,0.91238064,0.00410798,0.8655527,0.011107469,0.89515793,0.0038846296,0.75700176,0.007956904,0.8165545,0.003299556,0.7487642,0.007938516,0.7904313,0.0032498909,0.33882955,0.0066180658,0.84960437,0.0035387217,0.010068486,0.009624012,0.8582107,0.003531972,0.010078682,0.009817531,0.86784184,0.0034784703,0.009550997,0.010550469,0.8988808,0.003921216
4812,/home/jupyter/dent_outputs/isic2019_v2/melanoma/hairs/seed4812/lambda_t_star5/style.png,0.001082128,0.048432086,0.014229721,0.0033586686,0.99950147,0.039027292,0.011213911,0.0023635523,0.9995834,0.03373638,0.009657921,0.002155455,0.99971956,0.030105516,0.009552377,0.00198233,0.9996799,0.029906504,0.010195961,0.0021665082,0.99938345,0.033347175,0.01076504,0.0023197213,0.99304515,0.033551577,0.008481188,0.0025021941,0.5913684,0.08019005,0.021854816,0.005993886,0.007533189,0.06435416,0.01583393,0.0040665995,0.0013727981,0.04999298,0.0155530255,0.003397671
4283,/home/jupyter/dent_outputs/isic2019_v2/melanoma/hairs/seed4283/lambda_t_star5/style.png,0.818954,0.009726579,0.004189439,0.0011047918,0.023391992,0.008608663,0.0040310225,0.00053689216,0.112620726,0.012362318,0.0041676173,0.0008854109,0.36636,0.010325093,0.0041959356,0.001260427,0.48564082,0.012550516,0.0053523513,0.0013512997,0.5428678,0.011324635,0.0041428073,0.0011407998,0.674735,0.010441425,0.0039034344,0.0010513804,0.75088483,0.0114389565,0.0034184747,0.0010129855,0.8143745,0.012237194,0.003624536,0.001169107,0.82943594,0.010890447,0.0038890606,0.0011518224
4215,/home/jupyter/dent_outputs/isic2019_v2/melanoma/hairs/seed4215/lambda_t_star5/style.png,0.041565705,0.005556558,0.0009403532,0.0019706122,0.8651364,0.004300678,0.00067275215,0.0013780462,0.945078,0.0062629185,0.00057206006,0.0017927736,0.95767385,0.0042500077,0.00046657317,0.0012410773,0.93222344,0.0035569798,0.0002509766,0.00075995404,0.7394593,0.008239849,0.0002585558,0.00091983937,0.08932013,0.009368202,0.00043452278,0.0012854995,0.03654901,0.008772169,0.0006228286,0.0016905762,0.03404733,0.0070170495,0.0008093348,0.001870983,0.042842206,0.0054639755,0.0008160092,0.0018064394
4524,/home/jupyter/dent_outputs/isic2019_v2/melanoma/hairs/seed4524/lambda_t_star5/style.png,0.0010852334,0.0608403,0.010080189,0.0022224328,0.17114292,0.1342115,0.007855328,0.0061021876,0.09032914,0.1829508,0.012692952,0.0073464937,0.15898716,0.09972805,0.00836603,0.0055033234,0.002602075,0.10847289,0.020154776,0.007124261,0.002137007,0.115485765,0.019624442,0.0052966415,0.0022446797,0.10753819,0.013080747,0.004029945,0.001687217,0.121666975,0.011338075,0.0031585821,0.0012617158,0.06827115,0.009860093,0.0023052667,0.0012041115,0.07119286,0.009625512,0.002293588
4099,/home/jupyter/dent_outputs/isic2019_v2/melanoma/hairs/seed4099/lambda_t_star5/style.png,0.0029464427,0.03871588,0.0042011607,0.0059782355,0.0724475,0.004183336,0.005502386,0.0060348464,0.06550358,0.007860491,0.004982305,0.007769456,0.02153047,0.011325815,0.0041766632,0.0043704333,0.026033124,0.030116212,0.0056761885,0.010566549,0.047630023,0.029462747,0.0015092503,0.0030790488,0.006134341,0.052971885,0.0022495878,0.0040597036,0.00357018,0.06403313,0.003313698,0.0047909548,0.0033720757,0.053281464,0.0037382427,0.0054895375,0.0031437653,0.04475468,0.0041071395,0.0060238643
4807,/home/jupyter/dent_outputs/isic2019_v2/melanoma/hairs/seed4807/lambda_t_star5/style.png,0.0009200931,0.0006405816,0.009595603,0.0009066193,0.93096364,0.0025034156,0.20305583,0.0017142026,0.92726845,0.0022474846,0.2789734,0.0016665695,0.96545416,0.0016507431,0.13820076,0.0009979653,0.95856947,0.0015171372,0.10662712,0.0010513349,0.93138826,0.001440209,0.0750879,0.0011396642,0.82072735,0.0012193247,0.04937362,0.0014177773,0.0012241091,0.0008156046,0.011157862,0.0013019212,0.0010298555,0.000723741,0.009703184,0.0010816787,0.00089764677,0.00060871406,0.009137217,0.0009302292
4913,/home/jupyter/dent_outputs/isic2019_v2/melanoma/hairs/seed4913/lambda_t_star5/style.png,0.0011329553,0.032342087,0.08708341,0.00503924,0.7126712,0.010366318,0.060465068,0.0075443983,0.84897745,0.02125306,0.07734356,0.009075675,0.81293374,0.022650069,0.080317795,0.008931156,0.8301516,0.017730892,0.059531335,0.005997549,0.7013232,0.01878236,0.07121361,0.0050886525,0.305173,0.029221028,0.07490438,0.0063247015,0.08076172,0.06544928,0.09230865,0.010003106,0.00295142,0.04267381,0.09246852,0.006968176,0.0015358764,0.038852427,0.08412724,0.0052391645
4625,/home/jupyter/dent_outputs/isic2019_v2/melanoma/hairs/seed4625/lambda_t_star5/style.png,0.021521693,0.025440244,0.1797102,0.004755446,0.9955369,0.008361581,0.1618436,0.003007401,0.9981019,0.006637179,0.15892203,0.002143225,0.99683136,0.012123269,0.18476899,0.0028261167,0.9971322,0.015818607,0.14838392,0.0031664365,0.6739755,0.018777955,0.26125845,0.004752736,0.22642542,0.02174669,0.25148398,0.004949925,0.02519299,0.025734717,0.24196547,0.0053654406,0.022953987,0.026967792,0.22435111,0.005228621,0.021809427,0.026921952,0.19894218,0.0049353736
4187,/home/jupyter/dent_outputs/isic2019_v2/melanoma/hairs/seed4187/lambda_t_star5/style.png,0.0033897301,0.008237048,0.8891444,0.0072686765,0.9811916,0.021088423,0.7111956,0.008438709,0.98201746,0.019623633,0.7541785,0.009067213,0.9802915,0.01587993,0.7147002,0.0075350534,0.96531785,0.022862261,0.7767616,0.009629963,0.6729815,0.026339022,0.81645525,0.00942815,0.28672412,0.014940746,0.87327224,0.008329892,0.019266209,0.018276151,0.9003152,0.011498595,0.0076662046,0.014138789,0.85301584,0.0081985155,0.0044097826,0.010788979,0.87581766,0.008515268
4703,/home/jupyter/dent_outputs/isic2019_v2/melanoma/hairs/seed4703/lambda_t_star5/style.png,0.32129735,0.003920702,0.001168458,0.00088375714,0.99691474,0.0009535091,0.0011980195,0.0008003524,0.99871373,0.00036403452,0.00054174097,0.00041201437,0.9974056,0.00027142826,0.00041462568,0.0003446187,0.9956136,0.00031512883,0.00083410693,0.00030697856,0.93077666,0.00055966986,0.00048434534,0.0003074029,0.74004745,0.0018215005,0.0013366325,0.0008006811,0.5881287,0.0037372361,0.0011019758,0.0007690056,0.3213798,0.0048695263,0.00119999,0.000898431,0.30597773,0.0045749065,0.0011146113,0.00085216784
4917,/home/jupyter/dent_outputs/isic2019_v2/melanoma/hairs/seed4917/lambda_t_star5/style.png,0.003506083,0.0065214336,0.02864452,0.003532301,0.99433136,0.04272302,0.010361377,0.0040210322,0.9962915,0.026391588,0.031059606,0.0042059748,0.9990557,0.0318128,0.016332626,0.0027879027,0.9488311,0.020860597,0.013769271,0.0022825024,0.9589165,0.024165576,0.01644051,0.0024345408,0.22825195,0.018299397,0.018937584,0.0029691686,0.114790216,0.015347533,0.024270982,0.003388155,0.024202682,0.01437341,0.023887802,0.004037581,0.005936669,0.008923646,0.029641798,0.0042240876
4859,/home/jupyter/dent_outputs/isic2019_v2/melanoma/hairs/seed4859/lambda_t_star5/style.png,0.004788354,0.010771837,0.37990737,0.005976771,0.99366003,0.07125618,0.062948965,0.004151514,0.98766077,0.07339228,0.06585532,0.004832791,0.9665698,0.06122801,0.10983872,0.006409218,0.93521017,0.03890634,0.15452732,0.006375615,0.17621355,0.031999942,0.28142196,0.007207467,0.08740726,0.025326878,0.31302202,0.0063099894,0.0755917,0.016884683,0.32645002,0.005481837,0.012154181,0.016339079,0.3970206,0.0066112014,0.006177145,0.013990762,0.39926603,0.0067544547
4487,/home/jupyter/dent_outputs/isic2019_v2/melanoma/hairs/seed4487/lambda_t_star5/style.png,0.0018907324,0.13594098,0.0024456566,0.0023747943,0.015843794,0.16095422,0.0015542775,0.0031361652,0.020952046,0.19743179,0.0023962727,0.004316411,0.025042899,0.21846521,0.003334561,0.005119076,0.020571856,0.20859638,0.0038570908,0.00502756,0.013761314,0.18906456,0.0035022001,0.004482125,0.011797634,0.17562637,0.0032537917,0.0039453,0.00654564,0.27439138,0.0031030006,0.0034875183,0.0028771781,0.20253119,0.0029187028,0.0031282597,0.002285681,0.16095282,0.002599726,0.0026703973
4267,/home/jupyter/dent_outputs/isic2019_v2/melanoma/hairs/seed4267/lambda_t_star5/style.png,0.0012298011,0.0017457353,0.07351573,0.00081374805,0.9764689,0.0018518849,0.1821074,0.0015055556,0.98407876,0.0024507642,0.18860139,0.0016875772,0.98358154,0.0035538801,0.16216765,0.00198878,0.9870957,0.0033067963,0.14833641,0.0017830306,0.9821978,0.003902181,0.20675026,0.001958202,0.9701413,0.0037647272,0.18552719,0.0017516294,0.0083666155,0.0021316824,0.13269559,0.0011584681,0.001984044,0.0018299337,0.120532475,0.00091248937,0.0012371718,0.00187952,0.09747055,0.0008221724
4560,/home/jupyter/dent_outputs/isic2019_v2/melanoma/hairs/seed4560/lambda_t_star5/style.png,0.01878934,0.027484534,0.0019602252,0.001665533,0.9930715,0.0054103755,0.00018473576,0.000324195,0.9530816,0.0020982986,0.00048396116,0.00066154764,0.8787267,0.0047112023,0.00051039533,0.00068483705,0.08338436,0.051044133,0.0027442519,0.003063717,0.022499125,0.065251745,0.0018803307,0.0026753407,0.017972672,0.030566406,0.0017380565,0.0018942127,0.017094722,0.019837476,0.0018271724,0.0018441763,0.017849809,0.022247324,0.0019167209,0.0017684241,0.0188074,0.025833618,0.0020919594,0.0018214319
4325,/home/jupyter/dent_outputs/isic2019_v2/melanoma/hairs/seed4325/lambda_t_star5/style.png,0.04744799,0.004141179,0.0024134654,0.0030742981,0.029095335,0.004588518,0.0046747397,0.003277967,0.053497802,0.0060129706,0.004102796,0.0031674993,0.048195064,0.0047138524,0.00314178,0.0027956231,0.035363935,0.004653787,0.0039639375,0.0035327594,0.026993992,0.006052824,0.0032192296,0.0035413287,0.043911524,0.005311812,0.0027287442,0.0030766842,0.03949372,0.0045120795,0.0023378057,0.0026705246,0.050655305,0.0035370204,0.0021680407,0.0027726882,0.05081356,0.0037051297,0.0020976719,0.0026349514
4315,/home/jupyter/dent_outputs/isic2019_v2/melanoma/hairs/seed4315/lambda_t_star5/style.png,0.002119816,0.063355505,0.003189744,0.0014292927,0.122220315,0.019199671,0.004397897,0.0021117658,0.074940816,0.01787046,0.0037423759,0.0014946786,0.018402906,0.038220655,0.0043148356,0.0011898176,0.020073462,0.056276094,0.003938719,0.001664002,0.014594156,0.08227176,0.002580505,0.0015929473,0.007290488,0.18536755,0.0016892392,0.0011351007,0.0036232965,0.10665506,0.0025568584,0.0013969543,0.0030011453,0.07487481,0.0030157678,0.0013880823,0.002335888,0.06669194,0.002918521,0.0013185719
4018,/home/jupyter/dent_outputs/isic2019_v2/melanoma/hairs/seed4018/lambda_t_star5/style.png,0.0006887006,0.007253872,0.0012024203,0.0006092989,0.9852835,0.016937392,0.10400201,0.0045855264,0.9970824,0.0043490315,0.010452461,0.0008992334,0.9977464,0.0033146492,0.012811031,0.0009666345,0.99708897,0.002344341,0.008705547,0.00088109385,0.984781,0.0030119638,0.0034045824,0.00096084067,0.7277987,0.019117517,0.0019042877,0.0011964196,0.045190174,0.011700435,0.001264181,0.00081118965,0.0007604213,0.010857882,0.0012701991,0.0006651759,0.0007121442,0.0075773993,0.0013209475,0.00064674794
4654,/home/jupyter/dent_outputs/isic2019_v2/melanoma/hairs/seed4654/lambda_t_star5/style.png,0.59992504,0.008614745,0.010736246,0.0031354513,0.999032,0.0066077043,0.002027969,0.00081313564,0.99968255,0.0051495708,0.0013320912,0.000958981,0.99788254,0.0030616086,0.002709429,0.0014584283,0.99828196,0.009580546,0.0040373583,0.0023845797,0.99314535,0.007490944,0.004862156,0.0028841742,0.70174116,0.008730541,0.010472905,0.0046725213,0.6722188,0.008384841,0.010109862,0.003957414,0.60027546,0.008138939,0.010674681,0.0032846497,0.5949609,0.009176336,0.011106909,0.0032466934
4887,/home/jupyter/dent_outputs/isic2019_v2/melanoma/hairs/seed4887/lambda_t_star5/style.png,8.4659456e-05,0.006830887,0.020278152,0.0009765122,0.008851892,0.1597979,0.0073885387,0.0016662539,0.0011282391,0.07124596,0.020086585,0.0014013615,0.00043239875,0.044737328,0.025038278,0.0019460762,0.00037382165,0.035464738,0.024566442,0.0017629283,0.0002966953,0.030116156,0.02519719,0.0019306752,0.00024038741,0.022023816,0.02110784,0.0016120778,0.00017544955,0.015354099,0.02142394,0.0014144683,0.00012142269,0.010839585,0.020367106,0.0011594701,8.456416e-05,0.007977837,0.019713612,0.0009559222
4228,/home/jupyter/dent_outputs/isic2019_v2/melanoma/hairs/seed4228/lambda_t_star5/style.png,0.011645616,0.010727244,0.0012488437,0.0017017137,0.33243644,0.006583276,0.00014930956,0.0003015967,0.17412612,0.0032624092,0.00010328968,0.0002709409,0.26232633,0.003686721,0.0001785438,0.00045699542,0.18224864,0.007418331,0.00036797926,0.0007854762,0.09830511,0.008430251,0.00051355985,0.0009856884,0.09008588,0.010713454,0.00074321683,0.0013501992,0.04386191,0.01304228,0.0011090434,0.0018038428,0.025848635,0.010989979,0.0011123387,0.0017983218,0.014181329,0.0118143335,0.0012633373,0.0018261612
4294,/home/jupyter/dent_outputs/isic2019_v2/melanoma/hairs/seed4294/lambda_t_star5/style.png,0.881859,0.005032077,0.0015256017,0.0010393517,0.9666521,0.0035345324,0.000473028,0.00068999187,0.9915992,0.0011982687,0.0004682006,0.00040974535,0.9872864,0.001725056,0.000464106,0.0005016264,0.9841554,0.0013777332,0.00035132407,0.00051141804,0.98930234,0.0029478832,0.0007051186,0.0006963159,0.9198539,0.008240267,0.0013158289,0.0011688943,0.913164,0.006252555,0.001322186,0.001130857,0.90627754,0.0053779804,0.0013369787,0.0010603379,0.8882352,0.0050870674,0.0015894164,0.0010659123
4880,/home/jupyter/dent_outputs/isic2019_v2/melanoma/hairs/seed4880/lambda_t_star5/style.png,0.0026631558,0.01251561,0.061980005,0.004595434,0.99572694,0.016435174,0.030495102,0.0026578482,0.94712013,0.051325884,0.0361189,0.006343044,0.93164957,0.037997853,0.033097215,0.005831736,0.9036857,0.03172701,0.022292374,0.0044392683,0.8987363,0.027744295,0.022202529,0.0045330063,0.8074277,0.032436512,0.024455067,0.005091118,0.2923893,0.018849222,0.020673404,0.0038705985,0.015223688,0.017524961,0.052132074,0.0055558207,0.0035367347,0.01376766,0.06278735,0.00490915
4961,/home/jupyter/dent_outputs/isic2019_v2/melanoma/hairs/seed4961/lambda_t_star5/style.png,0.0020835665,0.010239223,0.050444126,0.0023008324,0.058047105,0.029898038,0.03200849,0.003723339,0.02167227,0.02065459,0.049799222,0.0031818831,0.030190362,0.018818848,0.023530304,0.0023084055,0.035862364,0.023140538,0.027110217,0.0029950961,0.028506227,0.023074882,0.029708173,0.00293009,0.015270354,0.01632349,0.03817662,0.002435151,0.0051939785,0.013827903,0.053538166,0.0027664495,0.0027200666,0.011449809,0.05843937,0.0024195933,0.0023949882,0.01177301,0.052233618,0.0023930045
4271,/home/jupyter/dent_outputs/isic2019_v2/melanoma/hairs/seed4271/lambda_t_star5/style.png,0.015404714,0.03410853,0.0044237785,0.0016783744,0.4986518,0.02867769,0.012019813,0.0048606014,0.498453,0.037873328,0.010131971,0.0037438266,0.44682136,0.036348686,0.0076350933,0.0026943318,0.33313134,0.052830115,0.0065008164,0.0025357117,0.13959838,0.029308,0.004051049,0.0017526144,0.054096576,0.029284826,0.0031119052,0.0014624936,0.053063825,0.03428198,0.0038287113,0.0016868655,0.026082654,0.03892192,0.0044682906,0.0017121679,0.01799132,0.038338356,0.0045893,0.0017799558
4303,/home/jupyter/dent_outputs/isic2019_v2/melanoma/hairs/seed4303/lambda_t_star5/style.png,0.0065677455,0.06849132,0.0004114994,0.00061066856,0.01136591,0.06884481,0.00040018169,0.00050063425,0.028524438,0.13088994,0.0005328907,0.00088172714,0.015498255,0.09641189,0.0004905912,0.0007931624,0.013343139,0.087111615,0.00034866208,0.0006495521,0.011708713,0.059786428,0.00029096613,0.00052949844,0.009858259,0.061858717,0.00027607023,0.00050742924,0.0074451296,0.07144477,0.00027700726,0.00047382514,0.006701984,0.07158732,0.00033541088,0.0005258346,0.0067590447,0.07308113,0.00038117325,0.00058367866
4393,/home/jupyter/dent_outputs/isic2019_v2/melanoma/hairs/seed4393/lambda_t_star5/style.png,0.0030678078,0.0006416078,0.00074880966,0.0010524467,0.37830633,0.00075652153,0.0014019749,0.0015427932,0.40780908,0.00066316844,0.0011661751,0.0012784062,0.3775462,0.00076348614,0.0011283492,0.0012340036,0.35879534,0.0007530421,0.0010562898,0.0011615112,0.096493006,0.0007467637,0.0010153755,0.0011513502,0.0956902,0.0006080394,0.0006136456,0.00092493225,0.050276794,0.0006060382,0.0005560565,0.0009247009,0.017160706,0.0007947255,0.0007034976,0.0010701148,0.0030791995,0.00069364574,0.00074593764,0.0010359318
4469,/home/jupyter/dent_outputs/isic2019_v2/melanoma/hairs/seed4469/lambda_t_star5/style.png,0.43087116,0.00039215543,0.0026599627,0.00026690683,0.9975963,0.0006085992,0.0022750087,0.00053774624,0.99903715,0.00054446363,0.0014870593,0.00044964018,0.99070626,0.00012097012,0.0011799993,0.00021708524,0.96218604,0.00023126422,0.0010074883,0.00021651019,0.8742126,0.00027191004,0.00087245397,0.00013795568,0.66612154,0.00027381614,0.002078727,0.00024678963,0.5407899,0.0004650949,0.0028825758,0.00034639437,0.4430548,0.00050650025,0.0028610195,0.00035091248,0.43989617,0.0004628007,0.00273242,0.0003204296
4328,/home/jupyter/dent_outputs/isic2019_v2/melanoma/hairs/seed4328/lambda_t_star5/style.png,0.0008521577,0.51528925,0.0019610932,0.0021763719,0.99868554,0.016984226,0.0034992725,0.0011403864,0.9915764,0.06761598,0.0038103738,0.0022724515,0.015147528,0.4790082,0.0017173805,0.002686324,0.003681703,0.63279676,0.0023445194,0.0026066802,0.0028174985,0.667323,0.0023876876,0.0024848059,0.001989861,0.6416656,0.0021560069,0.0022311935,0.0015924742,0.6096841,0.0019411775,0.0022264428,0.00095097686,0.52249616,0.0018164641,0.0019524912,0.0008180018,0.5010444,0.0018628432,0.0019420664
4486,/home/jupyter/dent_outputs/isic2019_v2/melanoma/hairs/seed4486/lambda_t_star5/style.png,0.021389771,0.0013247405,0.0036652703,0.0012852253,0.79518086,0.0006365784,0.00067607797,0.0007009178,0.7622062,0.0007026989,0.0006760805,0.00080237177,0.66301346,0.0008836712,0.00084138865,0.001028471,0.59797114,0.0022686461,0.0026120201,0.002391467,0.15556632,0.0021482622,0.0032275917,0.0015732485,0.079994485,0.0018075161,0.0036213638,0.0012382411,0.032466866,0.0013701459,0.003910289,0.0012574148,0.0259296,0.0012556196,0.0034503052,0.0011494062,0.022136753,0.0012347767,0.0033112972,0.001139604
4095,/home/jupyter/dent_outputs/isic2019_v2/melanoma/hairs/seed4095/lambda_t_star5/style.png,0.6285842,0.005294858,0.00058862194,0.00045370116,0.88865095,0.0010157175,0.00025392362,0.00023253867,0.8162802,0.001277958,0.00033505418,0.00018281909,0.70089,0.0033480932,0.00028476978,0.00015659469,0.5245658,0.0034392185,0.0003260768,0.00021604459,0.4597871,0.0060465876,0.00048565946,0.0003408567,0.54702437,0.008093561,0.0005398724,0.00045167794,0.58225524,0.007088852,0.00064885576,0.0005177842,0.63043165,0.0077910754,0.00060729374,0.00051932817,0.6566747,0.0060294084,0.0005636673,0.0004239302
4794,/home/jupyter/dent_outputs/isic2019_v2/melanoma/hairs/seed4794/lambda_t_star5/style.png,0.0005958212,0.0014929012,0.114254855,0.0016963553,0.36149853,0.00066799566,0.07606465,0.00089697645,0.3514688,0.00091874046,0.08252042,0.00085446646,0.13477242,0.0009053197,0.09240582,0.0011000786,0.16374369,0.0005967126,0.09609308,0.0010771105,0.28376237,0.000528695,0.08882695,0.0007672317,0.08620335,0.0006288931,0.106309876,0.0008981233,0.0014404635,0.001506617,0.14363755,0.0017412347,0.00090131146,0.0015929594,0.117856674,0.001708161,0.00076128804,0.0015314202,0.1164882,0.0016828128
4409,/home/jupyter/dent_outputs/isic2019_v2/melanoma/hairs/seed4409/lambda_t_star5/style.png,0.0021953585,0.0012423972,0.050068233,0.0009780672,0.772153,0.001361577,0.019346058,0.0005039525,0.7886602,0.0013698282,0.01632954,0.0005115465,0.8123829,0.0013963326,0.017725114,0.0004894133,0.8072597,0.0014464118,0.01925734,0.0005301385,0.82424885,0.0013279142,0.01832507,0.00053161074,0.6134442,0.0012954226,0.023761688,0.00060418627,0.0036351837,0.0013507258,0.07379003,0.0011832166,0.0026831054,0.001344186,0.05889082,0.0010845967,0.002423037,0.001290721,0.05985169,0.0011119727
4976,/home/jupyter/dent_outputs/isic2019_v2/melanoma/hairs/seed4976/lambda_t_star5/style.png,0.004924688,0.0026861774,0.021108756,0.00419425,0.9993369,0.006209208,0.07435602,0.002571082,0.99815744,0.005539413,0.04464354,0.0014930818,0.99713504,0.0088566085,0.047369175,0.0029032791,0.9956393,0.0037701067,0.021171832,0.001962034,0.89524263,0.0015685166,0.009491413,0.0023040485,0.1304535,0.0027372777,0.012738417,0.004656643,0.032024916,0.0027549826,0.019018589,0.0044189654,0.0083901,0.0031895179,0.017825833,0.0044506267,0.006735789,0.003135684,0.020121073,0.0042659184
4997,/home/jupyter/dent_outputs/isic2019_v2/melanoma/hairs/seed4997/lambda_t_star5/style.png,0.006855806,0.004146017,0.057340782,0.0041860924,0.98840886,0.002274497,0.012578562,0.0019212717,0.10736281,0.002072471,0.02711799,0.002414353,0.08203419,0.0024016737,0.02034444,0.0021605685,0.012970295,0.003957643,0.0582416,0.0034466542,0.003567626,0.0038437252,0.06365632,0.004342363,0.004369201,0.0038861632,0.0746845,0.0042724516,0.005897389,0.0027880473,0.06657249,0.0044202227,0.008543805,0.003059006,0.05176337,0.0037691488,0.008275659,0.0035459101,0.044850323,0.0036248236
4514,/home/jupyter/dent_outputs/isic2019_v2/melanoma/hairs/seed4514/lambda_t_star5/style.png,0.0008084141,0.008672164,0.22952864,0.0074032694,0.95039517,0.01204236,0.022259701,0.0026896745,0.35331583,0.017880773,0.048049767,0.0048843278,0.0051438017,0.029879037,0.09493197,0.0057020644,0.0036640444,0.03652226,0.10527276,0.0059600174,0.0034077794,0.03288223,0.106213346,0.0059972308,0.0024790235,0.025392702,0.13093571,0.0063535743,0.0019705503,0.01972866,0.20110343,0.007751024,0.0014766917,0.014167364,0.21450019,0.007672319,0.0010683505,0.009402782,0.24597077,0.0075135604
4344,/home/jupyter/dent_outputs/isic2019_v2/melanoma/hairs/seed4344/lambda_t_star5/style.png,0.0007483213,0.35472122,0.0010727992,0.0015625154,0.9127698,0.0108818095,0.00069269346,0.0014633378,0.99567443,0.03804507,0.0014153502,0.0014181446,0.6857675,0.11754094,0.002224499,0.0032648428,0.0046797674,0.20552476,0.002139289,0.0038227183,0.0020293226,0.4231183,0.0013967124,0.0027197977,0.0012587989,0.3500505,0.0012584039,0.0021274632,0.00094789494,0.33743227,0.0013882985,0.0021251836,0.0008924948,0.37352568,0.0012461329,0.0018668442,0.0007839212,0.3350041,0.0011025686,0.0015753313
4513,/home/jupyter/dent_outputs/isic2019_v2/melanoma/hairs/seed4513/lambda_t_star5/style.png,0.017110232,0.013762932,0.0020468954,0.0026834921,0.98320365,0.0153543,0.0017450241,0.0014959197,0.9827792,0.013960101,0.0013798494,0.0013394788,0.9536764,0.009814742,0.0013307958,0.0012644936,0.78877854,0.011872316,0.0014700841,0.0015151491,0.602571,0.013556893,0.0014769554,0.0015939965,0.43137074,0.015623566,0.0015230306,0.0017359969,0.119221635,0.02085151,0.0018079422,0.0023742004,0.04759573,0.019474722,0.0019563856,0.0027161515,0.022598498,0.0120653855,0.001712555,0.0024390973
4573,/home/jupyter/dent_outputs/isic2019_v2/melanoma/hairs/seed4573/lambda_t_star5/style.png,0.001515738,0.17706871,0.0012346838,0.0010605418,0.9582138,0.05884151,0.0016845721,0.0013093811,0.14113174,0.180881,0.0044214586,0.0039140503,0.049603056,0.18035091,0.0040531117,0.0036484716,0.042041834,0.23452131,0.0021861796,0.0021097248,0.011479667,0.25630525,0.0019572396,0.0017753891,0.005456712,0.20892917,0.0014703444,0.0012294679,0.0029877934,0.21264441,0.0012788847,0.0010823569,0.0022222542,0.20374462,0.0012116868,0.0010552618,0.0017062398,0.18957251,0.0011721619,0.0010670375
4843,/home/jupyter/dent_outputs/isic2019_v2/melanoma/hairs/seed4843/lambda_t_star5/style.png,0.0002985217,0.050912786,0.034438457,0.008329233,0.9951391,0.064606994,0.018137502,0.0069310954,0.894497,0.05822977,0.021251436,0.008896853,0.05918741,0.07164515,0.057037406,0.013848108,0.057476487,0.07090979,0.056257088,0.015796091,0.061343063,0.06543775,0.062278997,0.015225726,0.05242112,0.0709123,0.05076204,0.013912777,0.00282023,0.08060525,0.060809422,0.015270446,0.0006965154,0.061095174,0.035414364,0.009652833,0.00037506514,0.054604385,0.033266947,0.009444124
4978,/home/jupyter/dent_outputs/isic2019_v2/melanoma/hairs/seed4978/lambda_t_star5/style.png,0.00047141002,0.0046075336,0.096250154,0.0016390099,0.9768941,0.0045322445,0.07312766,0.0017863282,0.9741408,0.0054964195,0.07858713,0.0024918695,0.9494198,0.0056061326,0.07076034,0.0025100794,0.9471456,0.0056823734,0.04995217,0.0020731417,0.9144149,0.0072725103,0.04621131,0.0020249777,0.8807571,0.011393644,0.056755695,0.0019568633,0.0011568558,0.0068864636,0.093564,0.002133456,0.00072035217,0.006351949,0.09277842,0.0019030645,0.0005361762,0.004602373,0.08074407,0.0017323138
4138,/home/jupyter/dent_outputs/isic2019_v2/melanoma/hairs/seed4138/lambda_t_star5/style.png,0.0048150825,0.47266036,0.0016295749,0.0017811743,0.9901737,0.0013640539,0.00058513664,0.00073666923,0.9953819,0.054988295,0.0040941252,0.0014813251,0.99220943,0.18988629,0.009519999,0.002329322,0.98388577,0.2227225,0.003920981,0.00274565,0.5135928,0.38456702,0.0052355025,0.0026921802,0.15986028,0.72186166,0.0020895833,0.0028493188,0.0065985834,0.5060526,0.0020241423,0.0025942097,0.0051886174,0.4265242,0.001552912,0.0017126993,0.005240561,0.45452628,0.0017658938,0.0017900537
4644,/home/jupyter/dent_outputs/isic2019_v2/melanoma/hairs/seed4644/lambda_t_star5/style.png,0.00024907218,0.0015323166,0.024272082,0.0012674031,0.09720143,0.023667568,0.14612533,0.0050953273,0.44341713,0.0074263406,0.033003267,0.001979068,0.35956216,0.0037872833,0.021455854,0.0013938799,0.29715967,0.0036847882,0.0253506,0.001516293,0.35301518,0.0039203553,0.027631698,0.001691084,0.16342665,0.004318826,0.024310762,0.0019786204,0.0010470323,0.0023014217,0.02687022,0.0016905569,0.00029703524,0.0018128261,0.02319384,0.001243217,0.0002554432,0.0016712882,0.022937972,0.0012498237
4470,/home/jupyter/dent_outputs/isic2019_v2/melanoma/hairs/seed4470/lambda_t_star5/style.png,0.0011159115,0.069624014,0.14494984,0.0036054286,0.28746697,0.16621163,0.15649271,0.0088678375,0.38585237,0.1816028,0.14130738,0.0059706517,0.3848601,0.20575531,0.15668075,0.0057886355,0.3871232,0.20028621,0.14557979,0.006080147,0.38439468,0.1784657,0.16627626,0.0054065306,0.26213807,0.13923153,0.12573709,0.004788495,0.021337396,0.1071923,0.1337157,0.005211867,0.0032775605,0.09093382,0.1345166,0.003761011,0.0013050801,0.08030771,0.13835053,0.003671818
4038,/home/jupyter/dent_outputs/isic2019_v2/melanoma/hairs/seed4038/lambda_t_star5/style.png,0.011421492,0.011775672,0.005374867,0.0021429465,0.88614506,0.0011699359,0.0011214158,0.00046119152,0.7459208,0.0010352579,0.0017266364,0.00057455176,0.69801843,0.0017216074,0.0007965621,0.00044872222,0.25669703,0.001977504,0.0007084669,0.0006549925,0.032360736,0.0064413883,0.0023364583,0.0015193318,0.018435083,0.0093345195,0.00395034,0.0016736812,0.013539802,0.010690837,0.0048565646,0.0016244729,0.011327341,0.012668445,0.005296933,0.0019813878,0.0108161075,0.01262973,0.0050482657,0.002074562
4516,/home/jupyter/dent_outputs/isic2019_v2/melanoma/hairs/seed4516/lambda_t_star5/style.png,0.00051886676,0.012510436,0.011461814,0.004726978,0.99507,0.0063869315,0.014572072,0.0032876406,0.95685,0.004983608,0.015439658,0.0026494206,0.65793437,0.00857198,0.031574655,0.004000071,0.76174736,0.01372168,0.014028424,0.0046483516,0.15418051,0.014989317,0.01338522,0.00561611,0.12719175,0.012440394,0.010802697,0.004505939,0.0018020612,0.010967308,0.009736789,0.005123829,0.000747987,0.015991632,0.009097937,0.004481974,0.00057459367,0.013646151,0.0098819975,0.0044471356
4012,/home/jupyter/dent_outputs/isic2019_v2/melanoma/hairs/seed4012/lambda_t_star5/style.png,0.012820224,0.038966168,0.0015387873,0.0019982576,0.88071656,0.042622413,0.00073866325,0.0010363024,0.702397,0.02394916,0.00085742335,0.00095073716,0.83436024,0.022898065,0.0010614637,0.0008193136,0.34983525,0.034141127,0.0008652659,0.0010711357,0.10882778,0.028811228,0.00050914555,0.001052548,0.047768563,0.031204551,0.0011320615,0.0014944096,0.019015163,0.030941905,0.0011603108,0.0013745701,0.012442772,0.033101138,0.0011784817,0.0014485697,0.01305012,0.039111312,0.0014390684,0.0017782351
4437,/home/jupyter/dent_outputs/isic2019_v2/melanoma/hairs/seed4437/lambda_t_star5/style.png,0.008541564,0.10148322,0.0035460535,0.0024644919,0.99645966,0.005742673,0.0014742701,0.001010478,0.9981446,0.027439779,0.0015898311,0.000895413,0.41330692,0.048633005,0.004526111,0.0022661898,0.2912824,0.059151217,0.0032559666,0.0018510778,0.07575142,0.0499886,0.005275675,0.0037153263,0.015190961,0.04805087,0.004849453,0.0032095462,0.01036345,0.058572486,0.0032404189,0.0021058817,0.0077821817,0.07850762,0.0036172746,0.0022646163,0.009537608,0.081336565,0.0033843184,0.002221677
4592,/home/jupyter/dent_outputs/isic2019_v2/melanoma/hairs/seed4592/lambda_t_star5/style.png,0.008444732,0.059419546,0.053518485,0.006591373,0.63187575,0.10872022,0.031376943,0.008409891,0.6141256,0.1405617,0.042081144,0.008456651,0.5679429,0.1481241,0.045077305,0.008833767,0.5879212,0.15814067,0.049613256,0.010031658,0.48507714,0.13008158,0.0554539,0.010091864,0.09274761,0.11278059,0.053731658,0.008782084,0.06978239,0.09893842,0.072984,0.009370632,0.02560527,0.08996276,0.07104671,0.008652056,0.011049617,0.07720209,0.058938935,0.0079031065
4039,/home/jupyter/dent_outputs/isic2019_v2/melanoma/hairs/seed4039/lambda_t_star5/style.png,0.0007958342,0.0032509568,0.5956714,0.00090206624,0.0732369,0.0036179603,0.25280738,0.001971235,0.24122539,0.0048682466,0.23592034,0.0024544788,0.84211016,0.006123304,0.8098531,0.0022274496,0.7480547,0.0069648805,0.90403146,0.0017646629,0.41694987,0.004955932,0.6754251,0.0020197874,0.45985854,0.003908286,0.6062959,0.0014613041,0.012889362,0.0029140897,0.7185348,0.0010279083,0.000919336,0.0020518212,0.6581983,0.0006352227,0.00097537326,0.0032061173,0.6199319,0.0008540188
4383,/home/jupyter/dent_outputs/isic2019_v2/melanoma/hairs/seed4383/lambda_t_star5/style.png,0.012548506,0.053419854,0.15622567,0.0025347385,0.26286533,0.0067103566,0.10481176,0.0014202745,0.90536815,0.019371122,0.082807146,0.0015653864,0.8443442,0.03143961,0.097784385,0.0022608312,0.59675956,0.02632434,0.09825384,0.0017517428,0.4821285,0.044509064,0.10194436,0.0022606882,0.094267376,0.099624425,0.20927155,0.0045725685,0.03173812,0.06970502,0.14642079,0.0033095318,0.02010185,0.062500976,0.12973058,0.0027302527,0.015102218,0.0566386,0.14271869,0.0027636427
4408,/home/jupyter/dent_outputs/isic2019_v2/melanoma/hairs/seed4408/lambda_t_star5/style.png,0.41572818,0.0041948534,0.0005727622,0.0010418395,0.58617944,0.0018156801,0.0006976015,0.0009956957,0.4614678,0.003327652,0.0010997903,0.0017930408,0.695395,0.0021102089,0.0002333393,0.00056759315,0.47445086,0.002659474,0.00048742112,0.0013346868,0.6673931,0.005046539,0.00042608476,0.0010628965,0.709211,0.00441089,0.00059854524,0.00132647,0.66426265,0.003700728,0.0005345563,0.0011316373,0.5186539,0.0036945655,0.0004802114,0.000917185,0.41978127,0.00422834,0.00057542336,0.0010562873
4253,/home/jupyter/dent_outputs/isic2019_v2/melanoma/hairs/seed4253/lambda_t_star5/style.png,0.002537832,0.03147558,0.004558223,0.0022028743,0.98673195,0.010713495,0.0005371584,0.0002740823,0.98813057,0.018707346,0.0004260289,0.00028342605,0.97338754,0.047425795,0.00036823825,0.00037397456,0.78974766,0.07366849,0.0004648589,0.00038302495,0.0289625,0.041258138,0.0038527898,0.0023485548,0.023539422,0.048015688,0.0047913617,0.0032961143,0.010915479,0.034218427,0.004806982,0.0027215793,0.0048530926,0.03144693,0.0048540346,0.0025293205,0.0025615117,0.033851855,0.0042149774,0.002103473
4479,/home/jupyter/dent_outputs/isic2019_v2/melanoma/hairs/seed4479/lambda_t_star5/style.png,0.008403472,0.005255652,0.023530671,0.0021292008,0.9981275,0.0006822499,0.002357309,0.00023271059,0.99926895,0.00034520795,0.00027555696,0.00016644046,0.99960583,0.000438188,0.00038346797,0.00017678659,0.99925154,0.00088401017,0.0014182181,0.00044307104,0.97652584,0.000786457,0.0015859235,0.0003688313,0.100654356,0.003429172,0.0152115915,0.0012215996,0.033703748,0.00393028,0.016406965,0.0013918418,0.010138663,0.0044978503,0.021164244,0.0017596522,0.008606051,0.005177323,0.02285743,0.002020346
4869,/home/jupyter/dent_outputs/isic2019_v2/melanoma/hairs/seed4869/lambda_t_star5/style.png,0.30273253,0.0008441451,0.00076856575,0.0007182139,0.18465841,0.000180028,5.9592938e-05,8.392902e-05,0.30547732,0.000104844876,5.7062352e-05,7.328391e-05,0.546992,0.00020629163,0.00019279764,0.00015246826,0.2933206,0.000408954,0.0003138704,0.0001927504,0.16704515,0.00085355464,0.00022941263,0.0002303068,0.22933336,0.00069490715,0.00030860186,0.0002770477,0.26359293,0.0005670395,0.00040458274,0.00042580577,0.25714833,0.0006619434,0.0005692678,0.00053940277,0.25285587,0.00076657033,0.0006627002,0.00060348556
4766,/home/jupyter/dent_outputs/isic2019_v2/melanoma/hairs/seed4766/lambda_t_star5/style.png,0.0034840186,0.10534175,0.9654209,0.018161215,0.9883802,0.16640672,0.9278165,0.01370176,0.9625731,0.09802152,0.8713473,0.022874588,0.92987245,0.10588114,0.9074932,0.022412058,0.8728874,0.09506022,0.90348315,0.017262707,0.8137749,0.11575066,0.8885597,0.017449146,0.6413501,0.10328243,0.90753174,0.013193679,0.13258103,0.13928159,0.90334225,0.01232747,0.004729792,0.10454958,0.96146345,0.015582002,0.003113,0.10268735,0.9599739,0.016009118
4574,/home/jupyter/dent_outputs/isic2019_v2/melanoma/hairs/seed4574/lambda_t_star5/style.png,0.0005146641,0.00178135,0.010163924,0.0014157608,0.99988604,0.00567317,0.028059576,0.0012595615,0.999767,0.004051347,0.016728085,0.0013592824,0.9993573,0.005823669,0.015369296,0.0016801376,0.9979919,0.0059752385,0.015034824,0.001839833,0.9926657,0.009199181,0.016601747,0.0022567133,0.24524806,0.0052040727,0.012582757,0.0021163488,0.0018225533,0.0020173064,0.008436183,0.0012793099,0.0011518159,0.0019937274,0.009821139,0.001682473,0.0005590604,0.0017765504,0.010115972,0.0014745963
4711,/home/jupyter/dent_outputs/isic2019_v2/melanoma/hairs/seed4711/lambda_t_star5/style.png,0.40278885,0.0022673598,0.0041095098,0.0012353419,0.7947261,0.002146646,0.0033719924,0.0012096871,0.94317055,0.0034281132,0.0022580996,0.0010020856,0.9309977,0.0037625423,0.0024329026,0.001331107,0.894648,0.0033822334,0.0027976711,0.0012206841,0.8165731,0.00450485,0.0044991504,0.0019458381,0.50736046,0.0040768986,0.004627484,0.0015283157,0.42935836,0.0034618552,0.004167831,0.0012867294,0.44331825,0.002445396,0.0036628838,0.001147465,0.4473591,0.0024748119,0.004211908,0.0012218008
4454,/home/jupyter/dent_outputs/isic2019_v2/melanoma/hairs/seed4454/lambda_t_star5/style.png,0.0039158985,0.24135862,0.00425999,0.0018069475,0.9949738,0.03179483,0.0034453133,0.0019904824,0.9992957,0.027216585,0.0026975267,0.0014933164,0.07226231,0.079980604,0.005909929,0.003577106,0.05145812,0.09525266,0.0055876914,0.0030553974,0.028622547,0.0634425,0.0042117205,0.0017946938,0.017672842,0.08914381,0.004406886,0.001732749,0.008480427,0.13135286,0.0029186166,0.0013380373,0.005141418,0.20412134,0.0032706668,0.001477779,0.0040829456,0.2568596,0.003584786,0.0017249665
4244,/home/jupyter/dent_outputs/isic2019_v2/melanoma/hairs/seed4244/lambda_t_star5/style.png,0.0002127751,0.28329834,0.0013838059,0.0009011904,0.0651407,0.039478425,0.0004362169,0.00046149545,0.7867216,0.037506517,0.0009572237,0.00081317057,0.0035214734,0.19337136,0.0012139971,0.00095913355,0.00062924053,0.2811037,0.0006065848,0.00040773442,0.00075535127,0.2156752,0.000765622,0.0004521867,0.00046542534,0.27770317,0.0010232282,0.0006327601,0.00031350317,0.3018493,0.0010171685,0.0006653855,0.00027495305,0.3194316,0.0012170658,0.00081378256,0.0002339883,0.27902758,0.0012987605,0.00086907047
4372,/home/jupyter/dent_outputs/isic2019_v2/melanoma/hairs/seed4372/lambda_t_star5/style.png,0.99740005,0.0018157397,0.00017763942,0.0003111986,0.9956102,0.0006030058,0.00017673653,0.00028618262,0.9992988,0.00060251605,9.23562e-05,0.0002554347,0.99896634,0.0005829934,5.5102722e-05,0.00013840842,0.99962246,0.00066506566,5.481536e-05,0.00014760492,0.99971133,0.0028692547,0.00017607029,0.00026121395,0.99916184,0.0014802732,0.00014631335,0.00027788678,0.9974541,0.0011357404,0.00013087246,0.00024564873,0.99710447,0.001796002,0.00019347957,0.0002918663,0.997248,0.0018946013,0.0001972973,0.0003258795
4734,/home/jupyter/dent_outputs/isic2019_v2/melanoma/hairs/seed4734/lambda_t_star5/style.png,0.0017447119,0.0141818095,0.075369604,0.01521985,0.9985702,0.006366267,0.056466773,0.007797429,0.99832517,0.002793023,0.074790366,0.0038158987,0.99907196,0.0021586448,0.04726002,0.0031266806,0.9922156,0.0034316515,0.054461837,0.004834911,0.9867857,0.0050604907,0.056951858,0.0058110463,0.85416585,0.006385307,0.061587207,0.008136568,0.04452947,0.013692755,0.07230368,0.01555897,0.0024132438,0.013670021,0.06904427,0.014297739,0.0018694504,0.012659347,0.06487519,0.013140576
4436,/home/jupyter/dent_outputs/isic2019_v2/melanoma/hairs/seed4436/lambda_t_star5/style.png,0.008633148,0.0084272865,0.062176857,0.010691769,0.9994993,0.0049008387,0.0059728688,0.0011858557,0.99944144,0.0041358178,0.0019936496,0.0010742223,0.99974805,0.0048496947,0.002521153,0.0009340495,0.99953544,0.005430888,0.0060304943,0.0020066956,0.9070515,0.014717298,0.025489684,0.0066388985,0.16129741,0.016575726,0.057052642,0.013367813,0.015074002,0.010966396,0.059331793,0.01227475,0.010976083,0.009893672,0.062179998,0.012145758,0.009856876,0.008784388,0.059321802,0.010789696
4438,/home/jupyter/dent_outputs/isic2019_v2/melanoma/hairs/seed4438/lambda_t_star5/style.png,0.00012154734,0.0041029463,0.021880971,0.0010383788,0.81875086,0.0063159685,0.05389535,0.0012654635,0.9331829,0.006465955,0.044735417,0.0015543854,0.88206005,0.0070090173,0.0447736,0.0016683326,0.70921135,0.009332443,0.034708343,0.0018133846,0.0032750457,0.0056953365,0.023036351,0.0011493821,0.0007100415,0.0055944114,0.021179909,0.0012473697,0.00021895823,0.0043141125,0.019698784,0.0011037415,0.00015152301,0.0042943205,0.023711693,0.0011039686,0.00014008083,0.0042152856,0.023677215,0.001086924
4804,/home/jupyter/dent_outputs/isic2019_v2/melanoma/hairs/seed4804/lambda_t_star5/style.png,0.88069993,0.004809349,0.00017185611,0.00014994574,0.99967086,0.0016384467,0.0002916235,0.00033483867,0.9994856,0.007770538,0.0006753204,0.0005756083,0.9995895,0.0054635815,0.00041347079,0.00036852024,0.9996381,0.003152948,0.00018425762,0.00020288132,0.9985575,0.013127181,0.00021043833,0.00026300878,0.99380165,0.0028997324,0.00014261382,0.00014279589,0.9230648,0.0072141443,0.0001530385,0.00018991689,0.90835994,0.0062757726,0.00018484342,0.00016388734,0.8988206,0.0049093314,0.00016472144,0.00014428931
4205,/home/jupyter/dent_outputs/isic2019_v2/melanoma/hairs/seed4205/lambda_t_star5/style.png,0.02101731,0.2906358,0.091627814,0.045469463,0.96311164,0.00064604386,0.00072509755,0.0005530195,0.9774514,0.0010623377,0.00090851955,0.00095058954,0.93853587,0.0070121572,0.0036895927,0.0029549748,0.9836121,0.03581734,0.014439604,0.0054659066,0.05408961,0.1429194,0.040708005,0.013751928,0.03495289,0.19135565,0.07988484,0.0304546,0.033422727,0.23677225,0.08358136,0.041370288,0.027524132,0.22741029,0.08324451,0.045119688,0.022817904,0.28158045,0.083186105,0.043400295
4464,/home/jupyter/dent_outputs/isic2019_v2/melanoma/hairs/seed4464/lambda_t_star5/style.png,0.00025939825,0.002823778,0.016391188,0.0014383032,0.013549243,0.0059868586,0.025710687,0.0023589726,0.9679769,0.014777206,0.02331001,0.0022443954,0.9734657,0.017496143,0.02467769,0.0023633677,0.93861187,0.015037382,0.023219068,0.0024032805,0.08975428,0.0106186075,0.027465452,0.0026464234,0.003400645,0.009726758,0.027994081,0.002486337,0.00071961735,0.006143339,0.02324022,0.0020341005,0.0003460297,0.004315759,0.017234763,0.001500367,0.0003403891,0.0037008738,0.019595994,0.0016333674
4724,/home/jupyter/dent_outputs/isic2019_v2/melanoma/hairs/seed4724/lambda_t_star5/style.png,0.85751915,0.0007765471,0.0012226333,0.0004977,0.8004206,0.0016937056,0.0005011069,0.0007201353,0.76553524,0.0011708679,0.0003639197,0.00034088464,0.7879711,0.00083566504,0.00033530217,0.00028925846,0.86010355,0.0010784166,0.00060278946,0.00053758296,0.89663494,0.0028143572,0.00063553004,0.0005863802,0.90024334,0.0029868758,0.00127257,0.00075373775,0.8947971,0.0012752838,0.0010867185,0.00049861125,0.86876553,0.00090320065,0.0010860628,0.0004751298,0.8658566,0.0008327981,0.0012622415,0.00051132444
4881,/home/jupyter/dent_outputs/isic2019_v2/melanoma/hairs/seed4881/lambda_t_star5/style.png,0.0067636813,0.0020359969,0.025863959,0.0014783166,0.990522,0.008051013,0.09565467,0.0018423761,0.98947746,0.007324311,0.078817695,0.0017676726,0.98553723,0.005081688,0.067489214,0.0014044183,0.96648395,0.0040334295,0.059572794,0.0013465701,0.9512938,0.0028403385,0.032807685,0.0012081618,0.878358,0.0030646462,0.046217863,0.0018623619,0.23900652,0.002314842,0.04215387,0.0018695251,0.014445932,0.0020048353,0.029478863,0.0013147108,0.0072722035,0.0017307395,0.02542806,0.0014098925
4042,/home/jupyter/dent_outputs/isic2019_v2/melanoma/hairs/seed4042/lambda_t_star5/style.png,0.0017305013,0.39324552,0.07162417,0.023242958,0.4610364,0.18555173,0.041624956,0.008091655,0.14717561,0.11600978,0.014088608,0.0046238857,0.12567088,0.21670596,0.010905978,0.0046841805,0.064712666,0.23694952,0.016285388,0.0042259996,0.025233991,0.34720176,0.025987795,0.0062330547,0.005064191,0.49360478,0.05380638,0.01278518,0.0030341246,0.4804914,0.06462799,0.0190252,0.0018185265,0.4305613,0.0725324,0.022606853,0.0017286555,0.4106247,0.074089244,0.023666313
4631,/home/jupyter/dent_outputs/isic2019_v2/melanoma/hairs/seed4631/lambda_t_star5/style.png,0.02454367,0.018219791,0.0009497273,0.0025603191,0.23697013,0.0018418939,0.00012037798,0.00061626546,0.20250778,0.0018605622,0.00017034066,0.00085515314,0.14713892,0.0029896493,0.0003957155,0.0015931558,0.08054247,0.008033172,0.0006800963,0.0022936948,0.037079316,0.011596553,0.0006679708,0.0020043652,0.02786466,0.013088962,0.0008014655,0.0022805487,0.027408708,0.017208252,0.0007938902,0.0022087933,0.025957478,0.017972589,0.00096411124,0.0025452115,0.02500759,0.019357326,0.0009574381,0.0025537848
4194,/home/jupyter/dent_outputs/isic2019_v2/melanoma/hairs/seed4194/lambda_t_star5/style.png,0.0019052087,0.023881566,0.032372236,0.0032864283,0.6074775,0.012048227,0.10789166,0.0051852344,0.45298415,0.019827396,0.12993786,0.0055986578,0.52422404,0.014626002,0.118808255,0.0049209693,0.620419,0.011534487,0.087573014,0.0038860654,0.6014703,0.0071736407,0.049685206,0.0027359168,0.004236611,0.012435744,0.030193983,0.0025680084,0.0022184153,0.01723349,0.032005973,0.0028570204,0.0023942534,0.020367503,0.031790897,0.003205028,0.0019761692,0.021966692,0.032898653,0.0033676445
4475,/home/jupyter/dent_outputs/isic2019_v2/melanoma/hairs/seed4475/lambda_t_star5/style.png,0.0041246205,0.11791086,0.00068605965,0.00070135645,0.3038524,0.008331782,0.00029917248,0.0003925074,0.41047138,0.010296695,0.00034873124,0.00035579767,0.07392652,0.022882616,0.0002509759,0.00020620097,0.030483931,0.025414191,0.00039176474,0.00028211877,0.012302431,0.057994004,0.00044712253,0.00037484328,0.010031735,0.0967008,0.0003828627,0.00045431394,0.009234408,0.12343154,0.0005863754,0.00064196315,0.007489452,0.13571893,0.000647547,0.000684701,0.0051457854,0.12675211,0.0007127424,0.00069503504
4552,/home/jupyter/dent_outputs/isic2019_v2/melanoma/hairs/seed4552/lambda_t_star5/style.png,0.010210491,0.01737963,0.0056209476,0.0013769397,0.7414638,0.019179348,0.002965041,0.0012564019,0.06224265,0.034144487,0.004832523,0.002312018,0.03439062,0.04464315,0.0038907102,0.0018204169,0.018039173,0.0679355,0.007143178,0.0022406122,0.012169631,0.124119446,0.0063136076,0.00244682,0.009682486,0.09885091,0.006584,0.0020257218,0.011077707,0.0395953,0.006110363,0.0017800217,0.01312363,0.02784157,0.006199412,0.0017602956,0.013100516,0.017656162,0.0057047256,0.0015127771
4952,/home/jupyter/dent_outputs/isic2019_v2/melanoma/hairs/seed4952/lambda_t_star5/style.png,0.000614183,0.01336569,0.0077840774,0.0014484208,0.99991834,0.0011701605,0.00016928867,0.00021130069,0.999948,0.002734941,0.001769165,0.00037060468,0.99973375,0.0035043343,0.002791881,0.00058034033,0.012710047,0.0070435894,0.0032730398,0.0013836081,0.0016855715,0.011274108,0.004329224,0.001252545,0.0010106753,0.011206253,0.006410837,0.0016094866,0.00081245636,0.012951208,0.0077215284,0.0015093797,0.00069885614,0.014353725,0.008253066,0.0014905886,0.00060786563,0.013285284,0.0077294027,0.0013561085
4222,/home/jupyter/dent_outputs/isic2019_v2/melanoma/hairs/seed4222/lambda_t_star5/style.png,0.28808352,0.003782161,0.07590845,0.002670103,0.2871316,0.008925802,0.29073888,0.0037280524,0.36865443,0.008590812,0.28689766,0.0034184174,0.31501886,0.0068088057,0.2814483,0.0032684573,0.32405165,0.0065912795,0.2362935,0.00313549,0.44582075,0.00637306,0.17440082,0.0030577746,0.5582561,0.0058181942,0.106867224,0.0027091107,0.5301002,0.0054936726,0.110865794,0.002935129,0.42757288,0.004314393,0.09763888,0.0026287306,0.32044837,0.0037168923,0.08160168,0.0026684082
4121,/home/jupyter/dent_outputs/isic2019_v2/melanoma/hairs/seed4121/lambda_t_star5/style.png,0.017533273,0.3863486,0.006476489,0.008307965,0.22725669,0.26875317,0.0028903666,0.0054677213,0.13988897,0.39744952,0.0036997506,0.0076980363,0.08523733,0.43927246,0.0040118606,0.007189154,0.05495352,0.38528273,0.004036931,0.00960331,0.08227563,0.36938238,0.0041956385,0.010663305,0.077916175,0.34035796,0.0052794153,0.011179544,0.048161298,0.31926987,0.005659149,0.010308573,0.027636088,0.34242347,0.0060261027,0.008566208,0.018653635,0.34921846,0.006231049,0.0077994834
4260,/home/jupyter/dent_outputs/isic2019_v2/melanoma/hairs/seed4260/lambda_t_star5/style.png,0.035988964,0.02300651,0.0019404986,0.0017147427,0.16833144,0.14180623,8.351483e-05,0.00022629365,0.6588755,0.007810529,0.0007746557,0.0005664787,0.5463287,0.009319904,0.00090398674,0.00079322857,0.51760936,0.012017644,0.0010976357,0.001094313,0.181007,0.0327478,0.0016549457,0.0018781706,0.13012,0.025132956,0.002127203,0.0022487019,0.07905799,0.031500902,0.001760882,0.0019253598,0.05515647,0.029672155,0.0018669527,0.0019358764,0.039581157,0.027848674,0.0020615305,0.0019234447
4719,/home/jupyter/dent_outputs/isic2019_v2/melanoma/hairs/seed4719/lambda_t_star5/style.png,0.0015817321,0.091865666,0.0020734644,0.0022781845,0.14684455,0.12753654,0.0002908347,0.00045113018,0.45632648,0.01937261,0.00038949342,0.00057260395,0.12445542,0.0040822825,0.00042920906,0.0004954415,0.06547915,0.0033433817,0.00049297325,0.00046293685,0.014684359,0.0061238725,0.0006099162,0.00060482416,0.003627856,0.025600284,0.0014832154,0.0015738269,0.002609053,0.059338897,0.0014640151,0.0015813841,0.0021803633,0.085344,0.0018809724,0.0021149758,0.0018556744,0.08527455,0.0018897401,0.0021070724
4373,/home/jupyter/dent_outputs/isic2019_v2/melanoma/hairs/seed4373/lambda_t_star5/style.png,0.0023173313,0.011521995,0.02925341,0.0047819642,0.9979336,0.023635453,0.27699208,0.009847392,0.9976157,0.020398913,0.37631407,0.012779554,0.9972536,0.01405286,0.40783182,0.012104689,0.99681383,0.008085136,0.067577615,0.0034820423,0.9981804,0.0054143537,0.017930077,0.001982464,0.9899296,0.004653389,0.012017973,0.0020218012,0.63017887,0.0057697026,0.013537082,0.0024921494,0.0076599102,0.009444521,0.025382387,0.004386439,0.002609141,0.01145077,0.033038378,0.005016571
4888,/home/jupyter/dent_outputs/isic2019_v2/melanoma/hairs/seed4888/lambda_t_star5/style.png,0.0008906683,0.0031628266,0.012055211,0.002326734,0.0065067075,0.0032339767,0.009551768,0.0039334903,0.0033202148,0.0043588234,0.010003733,0.0023890883,0.0025906272,0.0040828255,0.008404807,0.0020404146,0.002516427,0.005551217,0.009486305,0.0023125152,0.0020927757,0.00426137,0.009827703,0.002244688,0.002153625,0.0049926103,0.010633381,0.0026115356,0.0015840946,0.0036811766,0.011225746,0.002441197,0.0012391342,0.0027076618,0.011190518,0.0024164268,0.0012079817,0.0036581773,0.013582628,0.002616496
4662,/home/jupyter/dent_outputs/isic2019_v2/melanoma/hairs/seed4662/lambda_t_star5/style.png,0.08879041,0.052757956,0.0018273741,0.003537997,0.9183196,0.08165872,0.0058378354,0.0028977876,0.94648623,0.09221089,0.007614761,0.0034339959,0.41076338,0.46877435,0.0031533167,0.003574537,0.32617322,0.1671349,0.0028969832,0.0037796376,0.5420427,0.053636853,0.0032322586,0.004492739,0.3370294,0.067934185,0.0018978809,0.0036215426,0.27387014,0.081264466,0.0021261799,0.004281848,0.18125442,0.0753368,0.0017418698,0.0036437358,0.13037772,0.06743094,0.0018382741,0.0037145058
4398,/home/jupyter/dent_outputs/isic2019_v2/melanoma/hairs/seed4398/lambda_t_star5/style.png,0.07017442,0.11098181,0.0036797954,0.0031636925,0.99463814,0.0020767802,0.00019138989,0.00030713633,0.99876213,0.0013557102,0.00013048244,0.00023210142,0.92004067,0.0121174585,0.0034755655,0.0019986646,0.5809992,0.008635555,0.0030854444,0.0015657821,0.33974507,0.011870363,0.0035907489,0.0024821116,0.5291395,0.03232918,0.0028762782,0.0030855397,0.30946591,0.080021195,0.00276983,0.002721983,0.092881344,0.09920045,0.0036863622,0.0031083964,0.066491574,0.10772954,0.0035227253,0.0032384435
4622,/home/jupyter/dent_outputs/isic2019_v2/melanoma/hairs/seed4622/lambda_t_star5/style.png,0.23045434,0.053232986,0.0021651408,0.0019562284,0.8458393,0.063786596,0.0005930233,0.00077594246,0.7339808,0.19204119,0.000356307,0.00065839494,0.945671,0.07402294,0.0004966482,0.0006112311,0.94438314,0.11247082,0.0005726585,0.0007083157,0.85098314,0.15414615,0.00055976404,0.00075501663,0.5377009,0.1549361,0.0008114533,0.0010056808,0.21724221,0.09369715,0.0014120027,0.0014421523,0.26857775,0.053545862,0.0016064415,0.0014995778,0.26731926,0.047568534,0.0020387948,0.0018140336
4347,/home/jupyter/dent_outputs/isic2019_v2/melanoma/hairs/seed4347/lambda_t_star5/style.png,0.0012376887,0.0647368,0.0015667762,0.0011934981,0.061385676,0.012311885,0.0009908774,0.0010314481,0.9852871,0.0021574344,0.0010357418,0.00033063462,0.98993534,0.0035028625,0.0014576028,0.00046275224,0.9844468,0.005449099,0.0015348924,0.00047455408,0.6663736,0.0062471563,0.0008835634,0.0004045039,0.0032594088,0.07898074,0.00078212,0.0008673981,0.0019913248,0.094506525,0.0009559705,0.0009746751,0.0017257918,0.08349151,0.0010903416,0.0010153735,0.0014457927,0.06895489,0.0013688958,0.0011075536
4075,/home/jupyter/dent_outputs/isic2019_v2/melanoma/hairs/seed4075/lambda_t_star5/style.png,0.0107237585,0.11856971,0.0032192802,0.0011942812,0.9148728,0.007685825,0.00043305068,0.00065695896,0.5426205,0.008195212,0.00057748926,0.00079112436,0.68620044,0.015414534,0.0020184673,0.0015444646,0.5993025,0.063653365,0.0017771324,0.0015645125,0.33116227,0.066623665,0.0025928952,0.0018900371,0.08014474,0.12942089,0.0034116406,0.0018472343,0.027349306,0.12984031,0.0040661884,0.0019242441,0.016505504,0.11590217,0.0034633905,0.0014567315,0.011646056,0.110964805,0.0031525013,0.0012247728
4787,/home/jupyter/dent_outputs/isic2019_v2/melanoma/hairs/seed4787/lambda_t_star5/style.png,0.0006202524,0.005736795,0.008667361,0.00091755914,0.5237588,0.0037211378,0.007761986,0.0017777408,0.29986554,0.0039912257,0.009683715,0.001814754,0.09564029,0.0037563576,0.006117856,0.0014145277,0.03265007,0.0030064017,0.0058721933,0.0011799093,0.0141990995,0.0026697132,0.0051056207,0.00088864367,0.007089709,0.0032607473,0.0073339827,0.0008225682,0.0012110192,0.0059700296,0.010113575,0.0011290665,0.0007336379,0.0059531676,0.008680699,0.0010814077,0.0009448112,0.0064523197,0.007322962,0.0009836635
4216,/home/jupyter/dent_outputs/isic2019_v2/melanoma/hairs/seed4216/lambda_t_star5/style.png,0.0008383012,0.008368245,0.106799625,0.0036163826,0.998738,0.013010187,0.47007328,0.002861549,0.99640614,0.011837967,0.4746869,0.0032138529,0.99596584,0.012298846,0.51126844,0.0035392228,0.9986808,0.010544074,0.40853885,0.0027034918,0.98497653,0.010852932,0.22064489,0.0026981488,0.9146075,0.0110883005,0.16131695,0.0027109524,0.33532745,0.0067113508,0.07333952,0.0026171918,0.0010865248,0.009275618,0.109989144,0.004011276,0.0010112586,0.009865831,0.111885555,0.003877293
4208,/home/jupyter/dent_outputs/isic2019_v2/melanoma/hairs/seed4208/lambda_t_star5/style.png,0.0037934408,0.027380265,0.19141395,0.022069333,0.8914287,0.01484628,0.0817907,0.0191978,0.9663058,0.01013553,0.08210041,0.009743578,0.9483447,0.014720325,0.15789977,0.015237971,0.951883,0.016517082,0.18765172,0.019022642,0.81182885,0.01853168,0.27906194,0.0268933,0.27969965,0.028422454,0.29001993,0.03261452,0.048841454,0.03008484,0.2526493,0.0308521,0.014707572,0.032312054,0.21343046,0.027200114,0.00519651,0.031830616,0.20303434,0.024989352
4709,/home/jupyter/dent_outputs/isic2019_v2/melanoma/hairs/seed4709/lambda_t_star5/style.png,0.0005123832,0.0028281289,0.004274077,0.00068849383,0.9913361,0.0024662497,0.018207792,0.0013686846,0.99424297,0.0032880032,0.015053443,0.0015391163,0.9960453,0.006963347,0.013052749,0.0012151437,0.99625176,0.0070005725,0.007819055,0.0010794679,0.9950287,0.007235863,0.008216246,0.0011737228,0.9910287,0.0061033852,0.008914147,0.0013340642,0.12409868,0.003952534,0.0039817216,0.00089669117,0.0019155791,0.0036237128,0.0046938523,0.00073286716,0.0006049134,0.0030563388,0.004087295,0.0006700739
4591,/home/jupyter/dent_outputs/isic2019_v2/melanoma/hairs/seed4591/lambda_t_star5/style.png,0.0016160244,0.00050754123,0.020631652,0.0012721769,0.96739656,0.00084847724,0.021820754,0.0013017117,0.960079,0.0008546493,0.02628168,0.0013851771,0.9279647,0.0011249535,0.028867718,0.0014607761,0.9385744,0.0008256905,0.02097625,0.001089812,0.90488315,0.0015184692,0.04868619,0.0015216498,0.2921181,0.0010039979,0.021717682,0.001417595,0.07208407,0.00081608695,0.015610656,0.0014647131,0.009998532,0.0005802515,0.014630552,0.0013684813,0.003023159,0.0005867061,0.018469118,0.0012629085
4849,/home/jupyter/dent_outputs/isic2019_v2/melanoma/hairs/seed4849/lambda_t_star5/style.png,0.5767899,0.031603053,0.0014279534,0.00094267627,0.99628,0.016626786,0.0011317724,0.0008726789,0.94875574,0.034320418,0.0017671468,0.0015732462,0.81656384,0.054517195,0.0012028975,0.0012071023,0.9139968,0.055951722,0.001967164,0.0019209145,0.9210826,0.044047948,0.0018626968,0.0016270633,0.8734876,0.038012024,0.0018671802,0.0013304903,0.81135553,0.04564053,0.0018457852,0.0014927327,0.69244194,0.042620573,0.0017454439,0.0013529886,0.6354322,0.03477518,0.0015295052,0.0010490033
4149,/home/jupyter/dent_outputs/isic2019_v2/melanoma/hairs/seed4149/lambda_t_star5/style.png,0.9606372,0.004430096,0.014108166,0.002476108,0.9942834,0.0066679106,0.009832372,0.008766756,0.99773645,0.0036175288,0.002078454,0.0030776672,0.99900454,0.0016460143,0.0009688768,0.00042997158,0.99915385,0.0019222944,0.0028687594,0.00081907975,0.9895086,0.0068655694,0.016987037,0.0026408301,0.9849791,0.0049825935,0.0108897835,0.002514844,0.960296,0.007910629,0.019877812,0.0036417663,0.9581625,0.0060944245,0.014942712,0.0027070579,0.9623142,0.0055154273,0.014738553,0.0026619658
4330,/home/jupyter/dent_outputs/isic2019_v2/melanoma/hairs/seed4330/lambda_t_star5/style.png,0.028246526,0.06376777,0.00087759027,0.0012568329,0.908803,0.013837512,0.00033839725,0.00038551266,0.7465333,0.023162084,0.00037767104,0.00047454413,0.51576686,0.026620546,0.00024489622,0.0003240927,0.2268954,0.06468713,0.00040236037,0.0006478047,0.0671687,0.10898817,0.00049325626,0.0008955461,0.042060602,0.118746094,0.0004659176,0.0008296283,0.033730872,0.10923435,0.0005492776,0.0009580585,0.03198451,0.07733008,0.00069267006,0.0010701229,0.032175593,0.06568886,0.0009085897,0.0013589839
4565,/home/jupyter/dent_outputs/isic2019_v2/melanoma/hairs/seed4565/lambda_t_star5/style.png,0.01099783,0.022605924,0.017141132,0.0026510162,0.9004029,0.008781806,0.0009174524,0.0008466564,0.97634584,0.008034335,0.0008921296,0.00051485334,0.9806159,0.012173174,0.0012765628,0.00043461312,0.98770684,0.010846372,0.0020324374,0.00054459856,0.9765122,0.012519587,0.002277349,0.00061486126,0.87445366,0.013184774,0.0033613353,0.0008076033,0.23587029,0.017793644,0.00800179,0.0015514445,0.027262101,0.024143202,0.012824539,0.0022928547,0.011706175,0.022746958,0.014788,0.002547566
4637,/home/jupyter/dent_outputs/isic2019_v2/melanoma/hairs/seed4637/lambda_t_star5/style.png,0.008490802,0.04191053,0.049515598,0.013976684,0.16862528,0.026468398,0.10009267,0.0129306875,0.16672479,0.030284343,0.09996915,0.01582577,0.13796163,0.028828776,0.08377588,0.016798794,0.07557838,0.03310777,0.10709526,0.01709356,0.05980837,0.0395987,0.09149827,0.01842684,0.022315474,0.052694235,0.061152726,0.01936586,0.015971977,0.05011782,0.060152005,0.017852835,0.011591498,0.047310017,0.056259237,0.016023997,0.007889782,0.040754303,0.045590956,0.012758551
4889,/home/jupyter/dent_outputs/isic2019_v2/melanoma/hairs/seed4889/lambda_t_star5/style.png,0.10289605,0.05277291,0.0024846592,0.0022953835,0.85784453,0.021769125,0.0009245793,0.0007124959,0.93952465,0.014967586,0.0009825793,0.0010935903,0.9009631,0.014540552,0.0006933477,0.0011884278,0.90621173,0.018376071,0.000946405,0.0017309964,0.26817942,0.07885518,0.000901814,0.001741346,0.22780932,0.10979276,0.0009925384,0.0017143274,0.15094963,0.073802166,0.0014177231,0.0017042761,0.11328963,0.056442652,0.0021408205,0.00205013,0.103170656,0.04882801,0.0025779773,0.0022658242
4659,/home/jupyter/dent_outputs/isic2019_v2/melanoma/hairs/seed4659/lambda_t_star5/style.png,0.00067359227,0.019877844,0.028066248,0.0053142537,0.0037328885,0.034073446,0.054625716,0.010676751,0.003477252,0.035535235,0.027692595,0.00952562,0.003706288,0.038513042,0.029389244,0.0099374885,0.0030852142,0.037370253,0.028667761,0.009042984,0.0026479368,0.03700602,0.031903002,0.00852209,0.0022346857,0.038544774,0.035752747,0.008025037,0.0016583983,0.0322807,0.035173,0.007661092,0.0012239581,0.030608837,0.03189407,0.0067141363,0.0008406225,0.02294987,0.02857962,0.0057893563
4897,/home/jupyter/dent_outputs/isic2019_v2/melanoma/hairs/seed4897/lambda_t_star5/style.png,0.001017311,0.0032304896,0.30612212,0.0025124587,0.0074831136,0.008633466,0.3013906,0.004519016,0.045339767,0.007627929,0.29734033,0.0045925947,0.025543837,0.006979886,0.34848157,0.0043506403,0.013165276,0.0063980045,0.26374856,0.0029927378,0.02458364,0.005660373,0.33189127,0.0030573676,0.016005354,0.004616103,0.3352315,0.0028564497,0.007126562,0.0058910293,0.36141032,0.002772393,0.00199848,0.0031602809,0.4056691,0.0022702827,0.0011669075,0.0028181924,0.37130445,0.0021072868
4196,/home/jupyter/dent_outputs/isic2019_v2/melanoma/hairs/seed4196/lambda_t_star5/style.png,0.008631084,0.00478378,0.0008944114,0.0015779547,0.19601357,0.058250338,0.00150893,0.004344176,0.14706522,0.05281675,0.0011871041,0.0036248823,0.08477604,0.025172142,0.00079127547,0.0024028507,0.016958864,0.0067621367,0.00063551427,0.002066819,0.012816194,0.0059087854,0.0008284623,0.002052042,0.012060549,0.0067577865,0.00086535787,0.0018623599,0.010066799,0.0055272435,0.00073884847,0.0013873773,0.009147221,0.0063274615,0.0009272092,0.0016209532,0.009692834,0.0047275834,0.0008981323,0.0016111925
4358,/home/jupyter/dent_outputs/isic2019_v2/melanoma/hairs/seed4358/lambda_t_star5/style.png,0.00061127037,0.0006643808,0.17199223,0.0015489329,0.9994429,0.0039984966,0.06038864,0.003762646,0.9594283,0.0023065293,0.13008387,0.0027345065,0.9352104,0.0018281857,0.10592068,0.002650241,0.8811827,0.0017321942,0.116370454,0.002575472,0.6771502,0.0014787376,0.10075668,0.0026444811,0.029279958,0.0007210424,0.08254374,0.0019498197,0.0009541619,0.0007466958,0.13149133,0.0019646944,0.0008383236,0.00061749545,0.13255386,0.0017328563,0.0006777337,0.00060398417,0.15605043,0.0015712887
4856,/home/jupyter/dent_outputs/isic2019_v2/melanoma/hairs/seed4856/lambda_t_star5/style.png,0.0038375114,0.008967091,0.00052481395,0.00033152127,0.019862939,0.05713776,0.003881404,0.0016104562,0.03362673,0.048232835,0.0020392295,0.0010461281,0.05832233,0.022620657,0.0009406382,0.00051150675,0.02265147,0.019213006,0.0007531135,0.0004582948,0.0063972413,0.017233836,0.00061693456,0.00046070272,0.009948383,0.01637251,0.00048444874,0.0003892135,0.016093977,0.02119537,0.00044933663,0.00039204367,0.008098359,0.016928129,0.0005373115,0.00043470238,0.00491185,0.011990736,0.00052128517,0.00037343803
4425,/home/jupyter/dent_outputs/isic2019_v2/melanoma/hairs/seed4425/lambda_t_star5/style.png,0.0064369957,0.032121122,0.0027634492,0.00042162894,0.14828677,0.12582156,0.003235662,0.0012379162,0.047224402,0.109884575,0.005483335,0.001083993,0.09704624,0.062110048,0.0031875945,0.0005514683,0.09952428,0.059587207,0.0011966919,0.0002983994,0.03825133,0.035695553,0.0017736431,0.00028876634,0.028538566,0.03091053,0.0021850772,0.00028545372,0.01632685,0.030987123,0.003194924,0.00037514704,0.011584721,0.028354649,0.0027821022,0.0003988622,0.0071191434,0.029951103,0.0030019886,0.0004487868
4624,/home/jupyter/dent_outputs/isic2019_v2/melanoma/hairs/seed4624/lambda_t_star5/style.png,0.00021971231,0.09010859,0.0015211174,0.0012509086,0.11134432,0.43259647,0.000936546,0.0016954633,0.020922383,0.18144603,0.0006618223,0.0010575857,0.042451013,0.11574108,0.0008016294,0.0010472579,0.030551298,0.13185549,0.000670616,0.00095398334,0.00040312402,0.15265301,0.00071323465,0.001171669,0.0003431323,0.09405697,0.00096423615,0.0012727955,0.0005203841,0.096585,0.0012943002,0.0014708653,0.0005779959,0.082930446,0.0014745888,0.0013106695,0.00030660562,0.08059201,0.0016058251,0.0013830957
4721,/home/jupyter/dent_outputs/isic2019_v2/melanoma/hairs/seed4721/lambda_t_star5/style.png,0.00057138107,0.18464917,0.00069364574,0.00023618423,0.108991265,0.06027312,0.001199,0.0008957599,0.003905482,0.114560045,0.0020298343,0.0005442968,0.001612143,0.119815625,0.0023019188,0.0004317772,0.0017308053,0.110717304,0.0016272166,0.0003820316,0.0011431093,0.09047835,0.001308324,0.00042597673,0.0014167359,0.085314006,0.0010257005,0.00039885932,0.0015706522,0.14946792,0.0010960209,0.00040249273,0.0014949406,0.19529358,0.0008423452,0.00029915964,0.00078607403,0.1832499,0.00073766644,0.00026112507
4418,/home/jupyter/dent_outputs/isic2019_v2/melanoma/hairs/seed4418/lambda_t_star5/style.png,0.011676517,0.056827635,0.0012126352,0.0036593822,0.9274432,0.0033437775,0.00077386555,0.0013277996,0.9411197,0.0030744139,0.001574556,0.002116377,0.81704855,0.0052708955,0.00085802405,0.0017357391,0.07131214,0.021319777,0.0008675254,0.001310753,0.018880544,0.027271248,0.0010311956,0.0018821028,0.018566608,0.032355845,0.0009747401,0.0023714462,0.015328585,0.048100647,0.0012284232,0.0033119598,0.014445198,0.057453435,0.0014575656,0.004046257,0.012306929,0.05659376,0.0013448347,0.0038475792
4502,/home/jupyter/dent_outputs/isic2019_v2/melanoma/hairs/seed4502/lambda_t_star5/style.png,0.002652513,0.10398243,0.0004322953,0.00033771724,0.04703086,0.007393717,0.00022033854,0.00022615388,0.3650061,0.027025012,0.00070220255,0.00060874276,0.13047157,0.03408335,0.00081967894,0.0007950288,0.010082531,0.101329796,0.0005733573,0.0005827195,0.006255243,0.113576725,0.0004319898,0.00038512735,0.0056200735,0.12508522,0.0004648999,0.00037271553,0.004976798,0.12170581,0.00053749967,0.00041482114,0.0038534799,0.11359841,0.00050296844,0.00038106952,0.0031525001,0.106197566,0.00046362754,0.00036128357
4037,/home/jupyter/dent_outputs/isic2019_v2/melanoma/hairs/seed4037/lambda_t_star5/style.png,0.19939648,0.00850284,0.0020503416,0.0013256086,0.96803176,0.012843038,0.0021053867,0.002515454,0.8934444,0.019604336,0.0025304155,0.003299923,0.5830255,0.036111668,0.0017684518,0.0028863857,0.34686837,0.033589028,0.0032296525,0.0035303158,0.2529201,0.0143255,0.0031339182,0.0027088365,0.29588583,0.009470855,0.0022906305,0.0020376823,0.2979966,0.0114921415,0.002557409,0.0017985197,0.25782782,0.010672959,0.0024812259,0.0016319064,0.19609539,0.009625803,0.0020839563,0.001342255
4948,/home/jupyter/dent_outputs/isic2019_v2/melanoma/hairs/seed4948/lambda_t_star5/style.png,0.013633674,0.054976158,0.08092548,0.0051725404,0.99051243,0.051029973,0.044246804,0.00745325,0.9913278,0.092651516,0.04585798,0.007915652,0.9908813,0.10200068,0.04467289,0.0072764973,0.9866638,0.09144884,0.048481066,0.0068597845,0.9151555,0.070306465,0.04567654,0.005093321,0.51748717,0.08922676,0.061833497,0.005932177,0.1600474,0.11429762,0.07705324,0.0068452135,0.024963042,0.08576146,0.08727547,0.005818536,0.013660748,0.065642655,0.086134344,0.0051981243
4905,/home/jupyter/dent_outputs/isic2019_v2/melanoma/hairs/seed4905/lambda_t_star5/style.png,0.16543171,0.006984812,0.005890108,0.0020222322,0.96921587,0.0031557428,0.00094872934,0.00095143093,0.93770134,0.0053707873,0.0013158239,0.0008038205,0.848925,0.005028581,0.0017068165,0.0011682827,0.69352305,0.003325447,0.0017992278,0.00097329705,0.35938814,0.0074388464,0.005344244,0.0019330179,0.28541043,0.009413457,0.0064255605,0.0022331306,0.2823825,0.010264101,0.006649722,0.0025968615,0.22991568,0.009586521,0.006601585,0.0023749648,0.19557615,0.007448324,0.0060849376,0.0019590668
4550,/home/jupyter/dent_outputs/isic2019_v2/melanoma/hairs/seed4550/lambda_t_star5/style.png,0.036431283,0.14642647,0.006111994,0.014338312,0.18247586,0.037193816,0.0015306635,0.0036967217,0.06308249,0.07892487,0.005313304,0.012135029,0.063282356,0.12635373,0.0069115907,0.017270692,0.035266887,0.09983862,0.0050399713,0.013061733,0.038673185,0.19321352,0.0018662101,0.0047885175,0.06306059,0.13393092,0.0028825512,0.007867854,0.07322819,0.15498565,0.008587365,0.019393073,0.05239313,0.16781938,0.007490848,0.017211597,0.03990568,0.14771369,0.007646681,0.016941728
4379,/home/jupyter/dent_outputs/isic2019_v2/melanoma/hairs/seed4379/lambda_t_star5/style.png,0.00047996014,0.010359911,0.017636135,0.0012703816,0.14422078,0.0035119236,0.008272388,0.00071172393,0.26861557,0.0024625196,0.004710073,0.00044677957,0.14426856,0.0045988634,0.0022551483,0.0004145415,0.09907725,0.0026805317,0.0021459064,0.00038571173,0.020927249,0.010065014,0.0057943566,0.0012537303,0.0066737467,0.014528286,0.01471355,0.0017245519,0.0022641434,0.013325443,0.014757968,0.0013177609,0.0010039079,0.011408423,0.015472412,0.001252496,0.0005789569,0.011114448,0.01673116,0.0013605463
4024,/home/jupyter/dent_outputs/isic2019_v2/melanoma/hairs/seed4024/lambda_t_star5/style.png,0.01481346,0.03872042,0.00038726398,0.0011723578,0.02355822,0.039112996,0.00041475156,0.00094787456,0.09413214,0.042374484,0.0008849874,0.0019697272,0.12959848,0.03562191,0.000499531,0.001378503,0.09159704,0.016402172,0.00042091892,0.0011190802,0.034749057,0.014916836,0.00036215113,0.0010512492,0.03132934,0.040294506,0.00046350138,0.0013445383,0.016095428,0.040846594,0.00036978556,0.0010817611,0.01849819,0.045566354,0.00040023052,0.0011991691,0.01609231,0.04011116,0.0003746054,0.0011551881
4035,/home/jupyter/dent_outputs/isic2019_v2/melanoma/hairs/seed4035/lambda_t_star5/style.png,0.001134991,0.028798738,0.048865225,0.002903188,0.85339755,0.006727439,0.08725803,0.002012539,0.68504137,0.006235619,0.1246856,0.0019910443,0.40952227,0.014648628,0.14470765,0.003331651,0.61104673,0.027430637,0.35040712,0.004909264,0.026541939,0.031468485,0.039242048,0.002231493,0.0020630537,0.043514088,0.048425477,0.0027800642,0.0017288579,0.03974305,0.04810063,0.0027791774,0.0015297432,0.038743876,0.05457766,0.0029844942,0.0012521787,0.03232396,0.048538916,0.0029189691
4525,/home/jupyter/dent_outputs/isic2019_v2/melanoma/hairs/seed4525/lambda_t_star5/style.png,0.58282065,0.0019765114,0.0005097154,0.00021978901,0.99769944,0.00030249543,0.00020816793,0.00031948643,0.99361104,0.00031396255,0.00018773833,0.00014690483,0.72043586,0.0005935732,0.00017750055,9.8266995e-05,0.64130914,0.001217952,0.0002564129,0.000120521545,0.46813524,0.002683704,0.00038746838,0.00017656658,0.50018746,0.004329072,0.00058005715,0.00024710112,0.62252337,0.0031978958,0.0004884839,0.00020998779,0.59469193,0.0024904322,0.00050545414,0.00020984108,0.6294398,0.0019393389,0.0004911705,0.00021356619
4490,/home/jupyter/dent_outputs/isic2019_v2/melanoma/hairs/seed4490/lambda_t_star5/style.png,0.009888358,0.054383412,0.0015048699,0.0038081664,0.015573068,0.022406783,0.00039112073,0.00094837416,0.015349327,0.011655642,0.00038743016,0.00097476196,0.0146453595,0.013968453,0.0003948119,0.0010660006,0.019482698,0.017857049,0.0005002765,0.0013688286,0.015834263,0.02150755,0.0006386431,0.0017495587,0.011339347,0.025030803,0.0006806895,0.0017199584,0.010085329,0.054974344,0.0009493641,0.002328335,0.011506902,0.060773443,0.001214782,0.0029518788,0.011420116,0.05858041,0.0013404922,0.0034024816
4248,/home/jupyter/dent_outputs/isic2019_v2/melanoma/hairs/seed4248/lambda_t_star5/style.png,0.10084954,0.01996464,0.08652043,0.0041654985,0.9992951,0.008024168,0.08766008,0.0027834147,0.99927944,0.008709898,0.11162859,0.002731472,0.99943477,0.008587076,0.0814977,0.0026271646,0.99941933,0.006575303,0.03881321,0.001861185,0.99884844,0.015273465,0.02837747,0.0021105935,0.99486613,0.01613796,0.03359387,0.002703456,0.5525295,0.018101191,0.06082948,0.0042274706,0.1298345,0.017145118,0.091574766,0.0043996326,0.116571575,0.024783744,0.08978807,0.004508463
4818,/home/jupyter/dent_outputs/isic2019_v2/melanoma/hairs/seed4818/lambda_t_star5/style.png,0.0024410645,0.51266575,0.017863967,0.0010542872,0.8899853,0.13602735,0.015013394,0.0007820377,0.017315926,0.12641765,0.022626385,0.0018070404,0.011067312,0.22630562,0.012778188,0.0014174343,0.011104459,0.24191836,0.015132846,0.0012311983,0.0052341595,0.26557603,0.0126338145,0.0008890662,0.003015024,0.56000465,0.012998822,0.00086801243,0.0024641824,0.52046275,0.015724551,0.0009483836,0.0028068721,0.52904725,0.015525002,0.0009803612,0.002562762,0.512718,0.016176267,0.0010353945
4537,/home/jupyter/dent_outputs/isic2019_v2/melanoma/hairs/seed4537/lambda_t_star5/style.png,0.011189632,0.04452599,0.021032041,0.014509061,0.8554222,0.018542169,0.0045315777,0.009858049,0.71655965,0.015219257,0.0022984443,0.003804328,0.40009028,0.012867169,0.006040421,0.005697686,0.48546353,0.017421667,0.0041412893,0.0049008084,0.5700041,0.01264767,0.0041779308,0.004691389,0.030463668,0.025892459,0.0064943098,0.0070758755,0.0152541995,0.049580947,0.021100726,0.015678491,0.012939533,0.059225127,0.023072114,0.016975433,0.011558231,0.048054617,0.023332704,0.015425117
4112,/home/jupyter/dent_outputs/isic2019_v2/melanoma/hairs/seed4112/lambda_t_star5/style.png,0.0020342486,0.007636687,0.0015334972,0.0018606846,0.99146175,0.046511903,0.01778946,0.0022084634,0.0031699587,0.010090753,0.0035498429,0.0037826207,0.0023494018,0.008209631,0.003804395,0.0034320706,0.0021454461,0.0062510115,0.0030322485,0.00244449,0.0016022469,0.0051582796,0.0022840134,0.0017484174,0.0019780772,0.0065264953,0.0018354957,0.0019815774,0.002029758,0.006989765,0.0014362384,0.0017182727,0.0017287312,0.0071295723,0.0013446913,0.0016424474,0.0020598352,0.0075699044,0.0013708972,0.001683687
4900,/home/jupyter/dent_outputs/isic2019_v2/melanoma/hairs/seed4900/lambda_t_star5/style.png,0.0021494124,0.0018623981,0.023427783,0.0043712324,0.9007276,0.0013888136,0.006240417,0.0021821382,0.9084733,0.0016772386,0.008193144,0.002216822,0.8647241,0.0016060767,0.008408563,0.0019801417,0.22429879,0.0031943955,0.017546821,0.0041129068,0.22321174,0.0034820524,0.0195266,0.0045187715,0.13850966,0.002515119,0.015172183,0.0037635865,0.004453647,0.0025658573,0.021507258,0.004502424,0.004023323,0.0022106878,0.021883024,0.0042330106,0.0027778046,0.0020049594,0.021704294,0.004459592
4604,/home/jupyter/dent_outputs/isic2019_v2/melanoma/hairs/seed4604/lambda_t_star5/style.png,0.001010594,0.032708667,0.030555513,0.0041450267,0.21820036,0.039351135,0.10307656,0.0071452814,0.31795642,0.03556374,0.18946862,0.008751062,0.75576955,0.058464617,0.182459,0.010939752,0.6627522,0.066862494,0.14947355,0.011296187,0.37016723,0.051758256,0.030252578,0.0062134555,0.32476327,0.05304703,0.033227082,0.0058210907,0.011589915,0.045000847,0.042732563,0.0059298803,0.004014684,0.03609705,0.04162237,0.0048526255,0.0010746107,0.028956836,0.03340886,0.0039929156
4077,/home/jupyter/dent_outputs/isic2019_v2/melanoma/hairs/seed4077/lambda_t_star5/style.png,0.26962727,0.017678574,0.0007071735,0.0021074763,0.7327011,0.009150169,0.0022435396,0.0028977052,0.8732036,0.006401731,0.0022041416,0.002460555,0.9657231,0.011201895,0.0023329898,0.0032639122,0.97212356,0.015373336,0.0018535912,0.0032562264,0.98332375,0.02033821,0.0017797236,0.00327088,0.9315555,0.028832749,0.0019012358,0.0038701077,0.6268522,0.030921208,0.0013662056,0.0032850322,0.48050758,0.02532409,0.00081414747,0.0022714431,0.37204656,0.021495461,0.00081023056,0.0021992454
4192,/home/jupyter/dent_outputs/isic2019_v2/melanoma/hairs/seed4192/lambda_t_star5/style.png,0.0022144767,0.011698338,0.009305427,0.0023760623,0.99920565,0.017720016,0.042891175,0.0025664675,0.9993918,0.014671208,0.023526948,0.0021807058,0.99799585,0.020075541,0.0257499,0.0026891527,0.9957777,0.017833313,0.02226291,0.0027323307,0.98816794,0.018420253,0.018585676,0.0032873326,0.94862,0.017836671,0.017930103,0.0037824775,0.34700096,0.023931937,0.014856048,0.0038846815,0.015329225,0.017812138,0.010839436,0.0029573543,0.0025924079,0.013460446,0.008644934,0.0024758915
4198,/home/jupyter/dent_outputs/isic2019_v2/melanoma/hairs/seed4198/lambda_t_star5/style.png,0.0050797598,0.10908662,0.003040933,0.0018782243,0.003232156,0.27407488,0.0019898165,0.0016255962,0.0039317342,0.21656704,0.002327313,0.0019338093,0.0054259477,0.25696304,0.0020621223,0.0018175263,0.0060570138,0.16286162,0.0025139458,0.0018782673,0.007143732,0.17945828,0.0021910986,0.0017727105,0.0065706396,0.16511786,0.0023993237,0.0018810468,0.009393553,0.19084737,0.0031144207,0.0023549933,0.008198639,0.15574692,0.0029511405,0.002019602,0.0063910913,0.11630357,0.0031156824,0.0020032187
4488,/home/jupyter/dent_outputs/isic2019_v2/melanoma/hairs/seed4488/lambda_t_star5/style.png,0.0005708832,0.02681373,0.10208032,0.004223171,0.09941829,0.03799969,0.057460513,0.0056807683,0.066317044,0.043087773,0.07706977,0.005767157,0.035511926,0.042119935,0.09339188,0.006134018,0.0354247,0.04942982,0.10864502,0.008159691,0.024480578,0.050058164,0.107360385,0.008164284,0.011612419,0.046429984,0.10770438,0.005960662,0.00094539294,0.034866426,0.10521531,0.0046144845,0.0007527856,0.031026991,0.1066855,0.0048365747,0.00064323825,0.028618315,0.107381724,0.0046361256
4394,/home/jupyter/dent_outputs/isic2019_v2/melanoma/hairs/seed4394/lambda_t_star5/style.png,0.18153077,0.0063720606,0.0030516058,0.0011914314,0.7240751,0.001077773,0.00095487904,0.0003028022,0.714477,0.0006926872,0.00056818424,0.00022735597,0.3427672,0.0014438644,0.0009461214,0.00038309692,0.23549989,0.0026436737,0.0013233122,0.0005383991,0.28641924,0.0034929481,0.0013806722,0.00062302337,0.22194697,0.003736487,0.0014073927,0.000661623,0.16254279,0.0056679677,0.0020718272,0.00090678,0.17173074,0.0068320264,0.0025405695,0.001117336,0.17865176,0.0068065547,0.0030566773,0.0012149434
4040,/home/jupyter/dent_outputs/isic2019_v2/melanoma/hairs/seed4040/lambda_t_star5/style.png,0.017206937,0.02256656,0.010361123,0.0035054334,0.92401016,0.061066285,0.023974318,0.0060197343,0.93930113,0.03810646,0.014540375,0.005479082,0.91973364,0.05314907,0.013396112,0.004658244,0.9135459,0.057941966,0.012646741,0.0046074484,0.89750415,0.038841926,0.008380156,0.0036558404,0.897924,0.029747957,0.006440153,0.0028496047,0.1735086,0.031684,0.00885163,0.0036939005,0.025158597,0.021425566,0.007722804,0.0028580488,0.01998502,0.020482512,0.009240772,0.003137862
4544,/home/jupyter/dent_outputs/isic2019_v2/melanoma/hairs/seed4544/lambda_t_star5/style.png,0.031490486,0.002974805,0.0023783774,0.00053058617,0.4720169,0.0020419057,0.0008346754,0.00029095396,0.6878034,0.0005816538,0.0005498087,0.0002376355,0.20903477,0.0009233337,0.001227771,0.00031631687,0.03617515,0.0055815713,0.0030569679,0.00076000765,0.019853244,0.0072081466,0.0027960767,0.00083672034,0.049174584,0.004949613,0.002349403,0.00072943134,0.04748341,0.0044497503,0.0022923562,0.00073106855,0.033956625,0.0039286073,0.0022068226,0.0006085259,0.027899057,0.0032854148,0.0023293498,0.0005482636
4235,/home/jupyter/dent_outputs/isic2019_v2/melanoma/hairs/seed4235/lambda_t_star5/style.png,0.023211008,0.02950543,0.0009117772,0.0015494596,0.71680826,0.025346888,0.0008112237,0.0015858014,0.77482927,0.028705718,0.00067152735,0.0015299028,0.77638054,0.03250866,0.0007919231,0.0016559684,0.5168692,0.022234196,0.0009563896,0.0016532699,0.1094118,0.01614417,0.0009362186,0.0012942243,0.034537926,0.024365775,0.0007496268,0.0012393697,0.024800813,0.028372046,0.0007898799,0.0013599835,0.021372294,0.033850856,0.000677766,0.0012449187,0.021601176,0.031093292,0.0008167241,0.0014004176
4286,/home/jupyter/dent_outputs/isic2019_v2/melanoma/hairs/seed4286/lambda_t_star5/style.png,0.00028131407,0.0068387976,0.043607876,0.004139761,0.9229425,0.006066805,0.30862296,0.0044110785,0.9023232,0.0064063123,0.25216174,0.00421284,0.87652093,0.0058830986,0.22627187,0.0042250683,0.020568132,0.006797825,0.09881865,0.0045821387,0.017292136,0.0068569356,0.07751651,0.0040451796,0.010087177,0.006270892,0.07201768,0.00406453,0.0018147393,0.00531024,0.051244102,0.0033323967,0.00091180287,0.0049875816,0.04975708,0.003537802,0.00030569904,0.006659802,0.04442439,0.0039085844
4518,/home/jupyter/dent_outputs/isic2019_v2/melanoma/hairs/seed4518/lambda_t_star5/style.png,0.01477661,0.013018027,0.25555578,0.009061553,0.9689802,0.02589255,0.08427629,0.008614623,0.93091136,0.014918747,0.10320753,0.009912827,0.9002088,0.012966425,0.118054755,0.008626269,0.807632,0.009419043,0.10202955,0.007976328,0.119098045,0.01610064,0.09257638,0.014541482,0.040965818,0.015202778,0.12708913,0.013535395,0.022967348,0.013253985,0.15846518,0.009390789,0.019080333,0.014600267,0.2680412,0.011214297,0.015496306,0.014308663,0.27041268,0.009620131
4223,/home/jupyter/dent_outputs/isic2019_v2/melanoma/hairs/seed4223/lambda_t_star5/style.png,0.0017250716,0.0014428515,0.0024237079,0.0020003326,0.95116127,0.0039937613,0.0009091322,0.00077168836,0.6556491,0.008181341,0.002291919,0.0027909318,0.6826794,0.006536657,0.0018302421,0.002221622,0.68143564,0.0035264802,0.0011437868,0.0015469784,0.34937936,0.002158541,0.0010405073,0.0012331629,0.13387121,0.0011663801,0.00055018667,0.00076927675,0.0028872779,0.0014097254,0.0019147696,0.0014989112,0.0019347378,0.0013816416,0.002019283,0.0015100583,0.002008916,0.0014211567,0.0024789541,0.0018830524
4793,/home/jupyter/dent_outputs/isic2019_v2/melanoma/hairs/seed4793/lambda_t_star5/style.png,0.00037967437,0.0022506262,0.014335183,0.0011216647,0.023083176,0.0095827915,0.021753874,0.0016919223,0.03367973,0.004223047,0.022289427,0.0013994877,0.036229145,0.0031429448,0.028545326,0.0014874989,0.033989824,0.003230769,0.026316188,0.0014279534,0.037172258,0.0027510538,0.027250186,0.0014371955,0.039056785,0.0034840219,0.028877465,0.0016525191,0.021548731,0.0034111573,0.025205646,0.001552212,0.0035254147,0.0027525483,0.020532876,0.0015822425,0.0005452467,0.003003529,0.019623555,0.0014529845
4865,/home/jupyter/dent_outputs/isic2019_v2/melanoma/hairs/seed4865/lambda_t_star5/style.png,0.077762745,0.0044702003,6.504832e-05,0.00010870974,0.51403856,0.007218876,0.000109971006,0.00022885857,0.22229604,0.008142727,0.00011696998,0.00024716003,0.12077263,0.0058167684,5.916492e-05,0.00016270165,0.19133176,0.0076359706,7.469208e-05,0.00017988886,0.10044768,0.0070352107,4.0026574e-05,0.00012114848,0.09415082,0.0057268245,4.389779e-05,0.0001147146,0.08096479,0.0046700183,5.037306e-05,0.000107981374,0.069162324,0.004516545,5.2148524e-05,0.00010334997,0.076572545,0.004327773,5.836235e-05,0.000105122075
4771,/home/jupyter/dent_outputs/isic2019_v2/melanoma/hairs/seed4771/lambda_t_star5/style.png,0.0019404597,0.10749476,0.037680227,0.0022536016,0.99806553,0.026500957,0.2078652,0.0050324565,0.944186,0.036671624,0.24955353,0.007072862,0.8600533,0.12938407,0.20121822,0.008960805,0.8606103,0.27347314,0.26491418,0.0079758065,0.790286,0.24902327,0.19292812,0.007641693,0.23361433,0.22543883,0.12364596,0.0052762483,0.06523089,0.2622733,0.08949488,0.0051681576,0.006672394,0.15870884,0.05195396,0.0030911507,0.0019826132,0.10597625,0.04160937,0.002265709
4823,/home/jupyter/dent_outputs/isic2019_v2/melanoma/hairs/seed4823/lambda_t_star5/style.png,0.0021994244,0.010515949,0.030399475,0.0034092953,0.20517834,0.03608172,0.029896798,0.004086197,0.26385766,0.03633673,0.02917229,0.0045405715,0.27599844,0.03501432,0.02742696,0.004650468,0.21535137,0.029615153,0.025717894,0.004491594,0.16262248,0.021857068,0.028011803,0.0044011283,0.0050957743,0.025436787,0.03616706,0.004240415,0.0036479863,0.020042988,0.034874234,0.003906816,0.0029473603,0.011253991,0.03560999,0.0038122877,0.0022495997,0.010617085,0.036959544,0.0034632455
4825,/home/jupyter/dent_outputs/isic2019_v2/melanoma/hairs/seed4825/lambda_t_star5/style.png,0.0053584604,0.014719191,0.0029101742,0.0034848931,0.93283385,0.008802692,0.0011995381,0.0013989606,0.8968568,0.007683902,0.0010808475,0.0014387235,0.56083155,0.012537174,0.0014853673,0.0019526415,0.01864101,0.009953875,0.0018034719,0.0025444126,0.015177065,0.009103846,0.0020617682,0.002674832,0.0099670645,0.008303361,0.0020746526,0.0026254046,0.008837316,0.010392442,0.0020288222,0.002798995,0.0077630077,0.012689331,0.0021946756,0.0030952666,0.005614656,0.013811268,0.0025168234,0.0032263463
4695,/home/jupyter/dent_outputs/isic2019_v2/melanoma/hairs/seed4695/lambda_t_star5/style.png,0.011920463,0.3191014,0.013320309,0.022481976,0.98780525,0.17941177,0.0012604833,0.0032336032,0.84284186,0.11375919,0.0011221627,0.003947272,0.70720005,0.17366424,0.0011423004,0.0042624706,0.69627076,0.19923414,0.0015541146,0.005742297,0.16569059,0.4333409,0.0056110155,0.021133274,0.07813042,0.41383988,0.010896539,0.021024697,0.035155892,0.27900854,0.0085725235,0.014319817,0.01696164,0.31891498,0.008561835,0.014846601,0.013918894,0.3482938,0.012558035,0.022673579
4603,/home/jupyter/dent_outputs/isic2019_v2/melanoma/hairs/seed4603/lambda_t_star5/style.png,0.0013346723,0.18713093,0.31599948,0.005668505,0.49022004,0.45385158,0.21615183,0.010725216,0.5392322,0.37324387,0.2485979,0.010849773,0.36263514,0.4367648,0.2922829,0.010486681,0.08664225,0.2999454,0.45897064,0.011936024,0.055731438,0.46356457,0.43886602,0.012547885,0.0070636543,0.49849546,0.27606976,0.007302743,0.0018292598,0.29071987,0.28995427,0.0061030844,0.0017338232,0.26564136,0.25933066,0.0060352897,0.0013594701,0.19672653,0.27128258,0.004832289
4009,/home/jupyter/dent_outputs/isic2019_v2/melanoma/hairs/seed4009/lambda_t_star5/style.png,0.0020282664,0.060745403,0.05966137,0.01850598,0.99641633,0.012259363,0.031380974,0.005804502,0.9899858,0.014339895,0.0398639,0.006674759,0.99841917,0.018932503,0.04900341,0.0051424424,0.9237545,0.11029301,0.088199936,0.01627946,0.83028394,0.12687682,0.07023917,0.014435263,0.029888926,0.16049139,0.105769396,0.02830602,0.008194108,0.10142647,0.06199515,0.019109327,0.004040178,0.07797738,0.06006882,0.018662754,0.00226442,0.060622845,0.057488665,0.017337872
4520,/home/jupyter/dent_outputs/isic2019_v2/melanoma/hairs/seed4520/lambda_t_star5/style.png,0.00082138774,0.015556481,0.043403346,0.0052188705,0.090708494,0.03473974,0.15518224,0.012256154,0.030367868,0.007240235,0.0783868,0.0049865902,0.025713123,0.009458624,0.052751098,0.00534149,0.063074104,0.037855044,0.074199766,0.008518484,0.04154079,0.026013702,0.07158915,0.006922957,0.015028675,0.020091573,0.057638586,0.005905101,0.0018071823,0.018272031,0.059483644,0.005842309,0.00083990913,0.014277195,0.044974964,0.0046682986,0.0008428916,0.015573739,0.04754078,0.0049557653
4318,/home/jupyter/dent_outputs/isic2019_v2/melanoma/hairs/seed4318/lambda_t_star5/style.png,0.008821209,0.07930832,0.003295832,0.0047751614,0.015117681,0.06941758,0.00084040675,0.0012236154,0.0658659,0.024742715,0.0009364549,0.0011470929,0.07245385,0.05453565,0.0008858965,0.001257398,0.005621848,0.18118648,0.0031078958,0.005284002,0.011501533,0.12157468,0.0033719188,0.004718349,0.012319293,0.13826044,0.0034380942,0.004857217,0.013380046,0.13240513,0.0034242317,0.0055611287,0.01215037,0.10502457,0.002798536,0.0047687115,0.010445545,0.08814042,0.0030867425,0.004868882
4599,/home/jupyter/dent_outputs/isic2019_v2/melanoma/hairs/seed4599/lambda_t_star5/style.png,0.050093208,0.009350478,0.0008302381,0.0014598783,0.15288955,0.023443818,0.0017286069,0.0017862873,0.21403097,0.017686956,0.001238346,0.001304857,0.1711342,0.012781214,0.0010002361,0.0011291304,0.21056178,0.013598675,0.0008931077,0.0010880444,0.29584378,0.010901618,0.00074161857,0.0008666707,0.43328607,0.008511588,0.0005532678,0.00074298354,0.1643836,0.008396947,0.00054237724,0.00088048074,0.06977218,0.01088626,0.00081037683,0.0014616637,0.057866707,0.010234077,0.0008381387,0.0015619063
4173,/home/jupyter/dent_outputs/isic2019_v2/melanoma/hairs/seed4173/lambda_t_star5/style.png,0.00070548855,0.0060891067,0.056085728,0.002545387,0.0016046138,0.005673528,0.03420044,0.0029953727,0.0014136235,0.006954555,0.05472489,0.0032934835,0.0010022781,0.0060186586,0.035155397,0.0027025356,0.0013652373,0.0053250226,0.044124246,0.003049938,0.0014084593,0.0041111414,0.04726475,0.0026489166,0.0018802064,0.0055290237,0.03951862,0.0031189986,0.0012479995,0.005131506,0.042894483,0.0030717738,0.0008488803,0.0058670067,0.04156584,0.002782544,0.00073737936,0.0075770766,0.05210429,0.0029902419
4010,/home/jupyter/dent_outputs/isic2019_v2/melanoma/hairs/seed4010/lambda_t_star5/style.png,0.07326667,0.00022608424,0.0006425823,0.00014785214,0.99025726,0.00019967124,0.0003827875,0.00046125904,0.99876535,0.002349298,0.0012788634,0.0012084938,0.9985524,0.00047695806,0.00015538989,0.0003293112,0.96166384,0.0007164212,0.00035803247,0.00033698042,0.39601564,0.0010876977,0.0010152042,0.0004476326,0.16207059,0.00058700365,0.0012972227,0.00032273514,0.06397369,0.00032718448,0.0007032191,0.00017773309,0.06898176,0.00027610763,0.00074426515,0.00017110168,0.07270665,0.00024819694,0.0007031417,0.00015654588
4069,/home/jupyter/dent_outputs/isic2019_v2/melanoma/hairs/seed4069/lambda_t_star5/style.png,0.07584611,0.029002933,0.00031856698,0.00021399015,0.3623311,0.0011785086,0.00033207293,0.0001502374,0.12895624,0.0019916443,0.0001580391,8.3119165e-05,0.16042651,0.01382563,0.00010854163,6.312106e-05,0.17988363,0.021730287,0.00012783022,0.00010939597,0.10885826,0.024711628,0.000107421765,0.000119176,0.10142521,0.020722948,0.00018453947,0.00015761636,0.06815373,0.027011681,0.00024008875,0.00017775784,0.07728558,0.028823279,0.00023072086,0.000184304,0.075840615,0.02453807,0.00026141605,0.00018435797
4375,/home/jupyter/dent_outputs/isic2019_v2/melanoma/hairs/seed4375/lambda_t_star5/style.png,0.006166894,0.0033346827,0.0016380199,0.0012085849,0.40712276,0.0032884236,0.0014876705,0.00061640906,0.35749876,0.002825344,0.0020026192,0.0006316142,0.23986651,0.0034711144,0.0018243124,0.00071671687,0.12594762,0.0031375682,0.0018114089,0.00075763796,0.020495867,0.0043876995,0.0020735916,0.0010890203,0.006304912,0.005531497,0.0017953654,0.0011362262,0.0078925295,0.0038418504,0.0017921159,0.0012300835,0.008260809,0.0033822076,0.0016399698,0.0011788724,0.0065224622,0.0031821372,0.00149008,0.0011471098
4183,/home/jupyter/dent_outputs/isic2019_v2/melanoma/hairs/seed4183/lambda_t_star5/style.png,0.09232397,0.0039683436,0.008269912,0.001177897,0.98301506,0.00035225792,0.0002685627,0.00034018487,0.9834933,0.00034102346,0.00025210762,0.00025963137,0.9827663,0.0007036371,0.0002986552,0.00032270467,0.3454784,0.001968492,0.0010723303,0.00078362884,0.5784511,0.0028394312,0.0021140662,0.0010105227,0.3279494,0.0036319057,0.0038509492,0.0011152645,0.22489846,0.004858358,0.0045368853,0.0011988265,0.1688154,0.0055155503,0.0062396773,0.0013179497,0.13526803,0.004875286,0.007270396,0.0013009792
4051,/home/jupyter/dent_outputs/isic2019_v2/melanoma/hairs/seed4051/lambda_t_star5/style.png,0.0013209607,0.027920412,0.07688707,0.005571888,0.031826302,0.014166591,0.04027156,0.0045736125,0.03237656,0.01638976,0.04883424,0.0043602823,0.018324293,0.017819215,0.07052375,0.005158874,0.0129029155,0.0148666585,0.087206595,0.004942359,0.004855164,0.015534021,0.07181626,0.00487409,0.0029269822,0.032417264,0.08538747,0.0049327607,0.0031780032,0.032713268,0.10168035,0.0062090433,0.0023939335,0.03332027,0.0813851,0.0061181807,0.0012076412,0.029980078,0.07779621,0.0053075007
4197,/home/jupyter/dent_outputs/isic2019_v2/melanoma/hairs/seed4197/lambda_t_star5/style.png,0.0032242,0.016360465,0.0039863195,0.0013220091,0.9669849,0.001514353,0.0005701703,0.0003430304,0.3691996,0.0061392323,0.001009953,0.00082535186,0.5729155,0.008131456,0.0018686294,0.001181915,0.3285323,0.024784273,0.0033398946,0.0020111804,0.14882174,0.033276286,0.0030962862,0.0018483019,0.03834495,0.034671266,0.0045040245,0.0019836372,0.008462206,0.024134532,0.003034044,0.0015148801,0.005245737,0.0191581,0.0032000125,0.001423805,0.0037269704,0.018140787,0.0036588225,0.0014171117
4535,/home/jupyter/dent_outputs/isic2019_v2/melanoma/hairs/seed4535/lambda_t_star5/style.png,0.004955142,0.024198737,0.010033965,0.0019155346,0.024962297,0.0127954455,0.0236263,0.008824508,0.0077313553,0.011072807,0.025845433,0.009309586,0.0056223604,0.010240475,0.017877182,0.0056513967,0.0048719323,0.007230871,0.013509965,0.0025403122,0.01511149,0.0072177784,0.011156011,0.0021104699,0.009670385,0.008935869,0.0062541077,0.0013077622,0.005419867,0.01621258,0.009104405,0.0018517924,0.0056912443,0.02544096,0.010129828,0.0019328098,0.0049615176,0.025211938,0.010517045,0.0019565858
4181,/home/jupyter/dent_outputs/isic2019_v2/melanoma/hairs/seed4181/lambda_t_star5/style.png,0.00030758555,0.058523007,0.0043434226,0.0006752332,0.0151748825,0.028555326,0.0029741358,0.00046589714,0.11332621,0.010783367,0.0012971584,0.00022521138,0.047608368,0.020850731,0.00087041507,0.00018799127,0.040335186,0.030516496,0.0010259759,0.0002319868,0.009757345,0.04925829,0.002188011,0.0003216499,0.0019880533,0.050542478,0.0034406504,0.0004407594,0.00076105417,0.052855182,0.0039862907,0.0005353747,0.0005692255,0.05058103,0.0041732476,0.0006117361,0.00036659848,0.057624463,0.0041179527,0.00067350466
4224,/home/jupyter/dent_outputs/isic2019_v2/melanoma/hairs/seed4224/lambda_t_star5/style.png,0.005021424,0.004881487,0.0014856247,0.0018003329,0.8419277,0.030109787,0.0033002568,0.00125411,0.93566203,0.013163815,0.001185102,0.0013318013,0.8943455,0.0038115054,0.0016060967,0.0014048102,0.72306406,0.0031411855,0.0013392039,0.0012445723,0.38065043,0.0020877267,0.0018223727,0.0015106968,0.014876872,0.0047834413,0.0022380084,0.0020903095,0.010416244,0.0073740967,0.0014953171,0.0016830026,0.0064335563,0.0062643345,0.0014052298,0.0016069671,0.0058309645,0.0054049054,0.0012676175,0.0015798527
4146,/home/jupyter/dent_outputs/isic2019_v2/melanoma/hairs/seed4146/lambda_t_star5/style.png,0.85978794,0.0011667707,0.0058466196,0.0012464955,0.8133631,0.0018958614,0.00092678744,0.0010045212,0.9316355,0.0022116692,0.0014475259,0.0013988488,0.9498584,0.0012560466,0.00075382926,0.0005957178,0.7647964,0.0027286871,0.006145774,0.0035820839,0.8241132,0.0048080226,0.0062825154,0.003935325,0.8672556,0.0016362361,0.003115063,0.0022261092,0.8731146,0.0012554001,0.004677212,0.0016461258,0.8540655,0.0010844128,0.0053797127,0.0014046531,0.85232145,0.0011048176,0.005765801,0.0012416412
4257,/home/jupyter/dent_outputs/isic2019_v2/melanoma/hairs/seed4257/lambda_t_star5/style.png,8.6523076e-05,0.0012083034,0.5121058,0.00080588047,0.10545197,0.002077901,0.7393957,0.0016133846,0.123532854,0.0040244046,0.80506045,0.0019264506,0.07994167,0.005149043,0.83583057,0.0026524123,0.078329004,0.0053724432,0.83612967,0.0029264647,0.06843931,0.005688854,0.81650203,0.0030404471,0.040198065,0.0042235604,0.7665834,0.002226053,0.0048951027,0.003446281,0.74063563,0.0022144145,0.00022126337,0.0014928181,0.589817,0.0010486655,9.32324e-05,0.0011965192,0.51031494,0.00072949287
4982,/home/jupyter/dent_outputs/isic2019_v2/melanoma/hairs/seed4982/lambda_t_star5/style.png,0.00017602666,0.018471587,0.01072206,0.0016901828,0.9332488,0.019430755,0.041088186,0.003431823,0.9496012,0.014553808,0.029763859,0.002734897,0.9244583,0.013148109,0.023909397,0.002508813,0.92043185,0.013024137,0.016586123,0.0021763616,0.6916075,0.011866425,0.0106506515,0.0015460758,0.074343994,0.009138482,0.004454118,0.0013921367,0.0049091307,0.009068011,0.0047960724,0.0011384636,0.0002210913,0.02005819,0.011298339,0.0018478357,0.00017300436,0.019158123,0.010982352,0.0016573321
4288,/home/jupyter/dent_outputs/isic2019_v2/melanoma/hairs/seed4288/lambda_t_star5/style.png,0.089085594,0.06217514,0.0075136423,0.006140839,0.68705153,0.017727446,0.0008666529,0.00092920655,0.5674607,0.013821859,0.0008272656,0.00094881834,0.84428746,0.015407289,0.0008459109,0.0011106156,0.8770591,0.027718432,0.0013479751,0.0017663033,0.53412896,0.06360484,0.0023377123,0.0037330326,0.38445112,0.059164073,0.003935314,0.00453524,0.14862993,0.07839245,0.007417436,0.0063021425,0.105909534,0.071020685,0.008438422,0.0069042505,0.090420984,0.06531163,0.007525125,0.0061608353
4317,/home/jupyter/dent_outputs/isic2019_v2/melanoma/hairs/seed4317/lambda_t_star5/style.png,0.0352731,0.0027186028,0.010520301,0.0042079985,0.9751134,0.0005191829,0.0028212923,0.0007748049,0.9821552,0.00053953595,0.0033517992,0.00089564,0.9785501,0.00056794845,0.003159707,0.001129833,0.9426478,0.002084336,0.009011656,0.0027916993,0.9270137,0.0023158763,0.008321367,0.0031633708,0.86392546,0.002956432,0.010265748,0.0040071863,0.71415454,0.0020193502,0.0092702815,0.0029170713,0.11845367,0.001882987,0.009037728,0.0031081333,0.058565676,0.0029745472,0.011825807,0.0047234683
4751,/home/jupyter/dent_outputs/isic2019_v2/melanoma/hairs/seed4751/lambda_t_star5/style.png,0.16961949,0.008809885,0.01214776,0.0022684378,0.999874,0.008777569,0.010600413,0.0017981936,0.9829297,0.020187156,0.021962835,0.0046980777,0.99385095,0.01233534,0.0064329803,0.0015409148,0.9722367,0.011064545,0.009028176,0.0018001185,0.588515,0.0047185575,0.011933848,0.0014245788,0.40127057,0.0064012036,0.011920648,0.0017343821,0.26834393,0.008289116,0.010039119,0.0018065795,0.18633226,0.009295984,0.011246528,0.0021654323,0.15636337,0.009111506,0.012292377,0.0022335695
4401,/home/jupyter/dent_outputs/isic2019_v2/melanoma/hairs/seed4401/lambda_t_star5/style.png,0.03771551,0.0028754317,0.0003005404,0.00026317558,0.08650029,0.009726822,0.0003409084,0.00052981265,0.13056062,0.005113176,0.0001781437,0.0002974714,0.24786921,0.0044480055,0.0002561114,0.0003377599,0.089524485,0.0035521984,0.000229286,0.0003232207,0.05036388,0.0023571958,0.0001955007,0.00022403819,0.07264109,0.001619895,0.00023120978,0.00020995554,0.07559713,0.0017447518,0.00027382086,0.00023368599,0.05502012,0.0022426588,0.00030466818,0.00025468375,0.04273501,0.0023444102,0.0002838076,0.0002449408
4432,/home/jupyter/dent_outputs/isic2019_v2/melanoma/hairs/seed4432/lambda_t_star5/style.png,0.0011754457,0.004589036,0.4816881,0.0019764823,0.045300435,0.07582003,0.1306883,0.0040879166,0.00420402,0.029278161,0.11860067,0.002345067,0.0029945709,0.027524738,0.20409809,0.0029704026,0.0022006165,0.023499131,0.28407472,0.003008761,0.0019304435,0.016146729,0.28200155,0.003208244,0.0016245712,0.009609149,0.30649343,0.0030553234,0.00236849,0.009408011,0.5082055,0.0027012506,0.0015902331,0.0064343307,0.4513105,0.002389119,0.0013728752,0.004972599,0.4761704,0.002085739
4717,/home/jupyter/dent_outputs/isic2019_v2/melanoma/hairs/seed4717/lambda_t_star5/style.png,0.015038348,0.032572575,0.009182893,0.002839843,0.03080645,0.020694533,0.006958591,0.0023033032,0.07384192,0.02077878,0.010435111,0.0033829533,0.06851993,0.038133763,0.0076774578,0.0036901508,0.049688023,0.02554554,0.008135114,0.003193664,0.03755024,0.017994551,0.006347626,0.002550768,0.02561779,0.013623744,0.0061843474,0.0023453704,0.022632591,0.019807963,0.0077112373,0.002757402,0.018414278,0.028839733,0.0071489597,0.0024794668,0.018056128,0.03231691,0.0084813405,0.0028228408
4926,/home/jupyter/dent_outputs/isic2019_v2/melanoma/hairs/seed4926/lambda_t_star5/style.png,0.7585229,0.009584162,0.002896073,0.00055729307,0.9999201,0.0010223292,0.00012590842,0.00012642563,0.9995432,0.00037923615,0.00017579703,0.0001677674,0.9999484,0.0028598595,0.00048368628,0.00019150854,0.9999504,0.004491944,0.00057137234,0.0002889159,0.9998958,0.0019358321,0.0004777058,0.00023624505,0.9981238,0.005423562,0.000694933,0.0003275159,0.94242245,0.0050622025,0.0013564217,0.00035490855,0.8505425,0.009493974,0.0026817764,0.00054352405,0.8178346,0.009583385,0.0027280047,0.0005615266
4374,/home/jupyter/dent_outputs/isic2019_v2/melanoma/hairs/seed4374/lambda_t_star5/style.png,0.2180615,0.004492878,0.0014767218,0.0033332442,0.65236473,0.007435017,0.0006283719,0.0014203218,0.6574468,0.00923989,0.0006454011,0.0011655899,0.6693468,0.009812541,0.00089896744,0.001534948,0.5809005,0.0037710723,0.0007647903,0.0013195964,0.69501543,0.0019455983,0.00045817488,0.0009162518,0.28698474,0.0048413347,0.0015459498,0.003615814,0.28535613,0.0069142682,0.0019336148,0.0045903935,0.315238,0.0071433904,0.0021064016,0.004810483,0.21713652,0.0049858666,0.0014619282,0.0034697077
4896,/home/jupyter/dent_outputs/isic2019_v2/melanoma/hairs/seed4896/lambda_t_star5/style.png,0.0006468586,0.002951079,0.021532085,0.0025766578,0.26726735,0.05608713,0.01185693,0.008358782,0.51819974,0.040804353,0.017444635,0.0072729816,0.20228854,0.0075716525,0.024291458,0.005080413,0.105331846,0.00722726,0.026487159,0.0057801562,0.033197924,0.0057766275,0.024793126,0.0049795546,0.013488089,0.005311686,0.023070028,0.0047098566,0.007606539,0.004747371,0.026147645,0.0048442692,0.0041544503,0.00398315,0.02316977,0.0042594764,0.000914581,0.0030815117,0.02235986,0.0032559496
4482,/home/jupyter/dent_outputs/isic2019_v2/melanoma/hairs/seed4482/lambda_t_star5/style.png,0.019754522,0.06253736,0.005926435,0.004883929,0.83182895,0.009954594,0.0030768863,0.0038877714,0.85864335,0.003383934,0.001646498,0.0010792783,0.8744671,0.013553349,0.0035769579,0.0021260201,0.58899844,0.07434917,0.0153322695,0.011861071,0.36053964,0.0774477,0.008263906,0.0060920855,0.14929678,0.061810017,0.0047462336,0.0040740054,0.070280075,0.06631514,0.0055273925,0.0054744254,0.036301762,0.05344049,0.0055776346,0.004671437,0.02644165,0.053999767,0.006669964,0.0053072916
4507,/home/jupyter/dent_outputs/isic2019_v2/melanoma/hairs/seed4507/lambda_t_star5/style.png,0.0021758864,0.006016454,0.8011785,0.0028100184,0.9903116,0.0008393863,0.28683063,0.001078865,0.5720906,0.0036050756,0.63588387,0.0028079585,0.019100798,0.0033559755,0.73963284,0.002685619,0.013202833,0.0036742124,0.824371,0.0034609374,0.011633662,0.004756389,0.82601935,0.003301936,0.009291757,0.0056437654,0.8356407,0.0035649335,0.0042818906,0.0053303493,0.8759475,0.0036543785,0.002327005,0.005280369,0.7839126,0.0033959746,0.0021835722,0.0044293473,0.80103874,0.0023508084
4354,/home/jupyter/dent_outputs/isic2019_v2/melanoma/hairs/seed4354/lambda_t_star5/style.png,0.0017647378,0.018103458,0.0027888624,0.0028542124,0.72058994,0.005562134,0.0069825267,0.001324114,0.01911081,0.029545018,0.021877434,0.00417826,0.02204046,0.040764038,0.008505534,0.0052765035,0.015716597,0.02582763,0.005268731,0.0037915402,0.0032788336,0.029762186,0.001452997,0.001779229,0.0022337884,0.030684805,0.0016359867,0.0020064302,0.002452832,0.025475504,0.0019420979,0.002404353,0.0022864107,0.02585278,0.0027122018,0.00298643,0.001953298,0.020378688,0.0029327981,0.00306491
4788,/home/jupyter/dent_outputs/isic2019_v2/melanoma/hairs/seed4788/lambda_t_star5/style.png,0.005982258,0.007775958,0.021866512,0.0056808516,0.9887871,0.009020898,0.0101532405,0.0031410079,0.98456246,0.010274066,0.010508192,0.0032529985,0.9818095,0.009322124,0.008226859,0.0026773582,0.9807257,0.007760202,0.007871539,0.0025076605,0.9142286,0.006966064,0.010433697,0.0033730534,0.09428492,0.0078746425,0.016053518,0.005459549,0.0077440934,0.0061905016,0.016790165,0.0054872157,0.008507637,0.008558687,0.021532234,0.0071401014,0.0064635538,0.008684659,0.023481315,0.0069550658
4722,/home/jupyter/dent_outputs/isic2019_v2/melanoma/hairs/seed4722/lambda_t_star5/style.png,0.007420603,0.011085995,0.0013285796,0.0014301975,0.99827135,0.010255758,0.00066786574,0.00041570675,0.9992242,0.0019433051,0.0003179765,0.00025348,0.9993351,0.0010177682,0.00014315937,0.00013754456,0.9989209,0.0025647895,0.00027071856,0.00025915503,0.9968472,0.004246441,0.00034843048,0.000273386,0.09738763,0.0072558913,0.00067246147,0.00061542494,0.014082933,0.012040823,0.0012382051,0.0010938206,0.009277896,0.011645385,0.0013818535,0.0013589722,0.008490083,0.011069676,0.0013739374,0.0014574773
4256,/home/jupyter/dent_outputs/isic2019_v2/melanoma/hairs/seed4256/lambda_t_star5/style.png,0.00076990237,0.0006806766,0.0009214986,0.00025515357,0.98197156,0.5420384,0.036681756,0.0042215493,0.9857012,0.4584897,0.031419903,0.0030925649,0.98753846,0.34655645,0.040576912,0.0030207785,0.98794144,0.34733078,0.037683357,0.003215234,0.99321425,0.34638995,0.03603961,0.0030907998,0.99353725,0.2512095,0.008350735,0.0014322788,0.39323592,0.020203454,0.0014887813,0.00071863015,0.0024308653,0.00073355745,0.0009726338,0.00030274875,0.0008385745,0.00065081316,0.00088852475,0.00024830585
4003,/home/jupyter/dent_outputs/isic2019_v2/melanoma/hairs/seed4003/lambda_t_star5/style.png,0.013977656,0.1976542,0.030840943,0.006891968,0.26098877,0.01306894,0.021749739,0.0031482936,0.16526332,0.016652526,0.024204198,0.0030211187,0.38853416,0.060621858,0.021432485,0.0043304227,0.45315593,0.097246155,0.03391444,0.004721969,0.5064962,0.17240342,0.031374797,0.0064765173,0.30614904,0.24589874,0.030723741,0.0076634446,0.08220325,0.2521677,0.021560472,0.006245247,0.049254157,0.24032328,0.025615199,0.006535635,0.02335192,0.21524742,0.030017221,0.0064388653
4427,/home/jupyter/dent_outputs/isic2019_v2/melanoma/hairs/seed4427/lambda_t_star5/style.png,0.008756241,0.5185532,0.49668503,0.0383698,0.5776471,0.3351485,0.13485952,0.019195456,0.90384287,0.37659132,0.1546035,0.046708614,0.21271959,0.48386863,0.25081003,0.055334117,0.66639835,0.40118346,0.44448543,0.07157803,0.34761548,0.38525954,0.5342675,0.052730933,0.16019171,0.38692945,0.5185067,0.045893233,0.027072987,0.53260833,0.48124766,0.04431979,0.01733403,0.54591376,0.47615233,0.040976524,0.009648409,0.5279613,0.4733109,0.042281512
4465,/home/jupyter/dent_outputs/isic2019_v2/melanoma/hairs/seed4465/lambda_t_star5/style.png,0.0011084815,0.1473797,0.038918626,0.009120658,0.9504504,0.4816405,0.020986166,0.017851664,0.9517491,0.47126853,0.030006396,0.016856344,0.9579223,0.16322708,0.052592345,0.016145457,0.5976681,0.13034579,0.08606769,0.015464489,0.55280626,0.10672459,0.06365097,0.011160283,0.39646044,0.10572321,0.06378767,0.012045083,0.28749424,0.11658477,0.05712414,0.012102016,0.0715054,0.15151344,0.049560774,0.012988107,0.0011828797,0.160666,0.04256197,0.009489747
4310,/home/jupyter/dent_outputs/isic2019_v2/melanoma/hairs/seed4310/lambda_t_star5/style.png,0.011483099,0.22049999,0.0004064311,0.0010065631,0.46982917,0.006986526,0.00014556358,0.00026233707,0.4052107,0.0108513655,0.0001731311,0.00031131966,0.2777452,0.01103008,0.00013620689,0.00022620843,0.20800279,0.01404444,9.569584e-05,0.00016038578,0.085351706,0.034497634,0.00015395942,0.00027097113,0.032259602,0.11426138,0.00022521547,0.0004588676,0.019713316,0.16244917,0.000265827,0.00062739645,0.016665688,0.18788455,0.00033237733,0.00079530844,0.012889028,0.22200043,0.00036343152,0.00088889565
4619,/home/jupyter/dent_outputs/isic2019_v2/melanoma/hairs/seed4619/lambda_t_star5/style.png,0.014416986,0.022945005,0.0020692586,0.0003761499,0.998187,0.011528318,0.0024726794,0.00073785736,0.9629918,0.004596075,0.0022436108,0.000701405,0.486991,0.0053081876,0.002364812,0.000782388,0.16640583,0.0076465476,0.003382463,0.0007758496,0.11906959,0.009136453,0.003334561,0.00094678515,0.056524046,0.010173042,0.0023652315,0.0007556515,0.02703205,0.012105215,0.0018225965,0.0003937276,0.018753462,0.017110623,0.0018757364,0.00038396785,0.014730358,0.021637268,0.001933568,0.00037076103
4512,/home/jupyter/dent_outputs/isic2019_v2/melanoma/hairs/seed4512/lambda_t_star5/style.png,0.0026924452,0.024163624,0.017058264,0.0033072298,0.55936337,0.021464782,0.004398847,0.0042277155,0.2837063,0.019284995,0.0040941583,0.0037414315,0.24895097,0.016983273,0.0045974758,0.0040712473,0.20427248,0.025754333,0.010597194,0.007104271,0.06846652,0.058300674,0.018570201,0.008462551,0.01680925,0.052571468,0.025999721,0.009214457,0.0038528645,0.032926526,0.01831423,0.0043358286,0.002949843,0.026384918,0.01660525,0.0034009553,0.0027549996,0.024224496,0.0163743,0.003332254
4994,/home/jupyter/dent_outputs/isic2019_v2/melanoma/hairs/seed4994/lambda_t_star5/style.png,0.00022449384,0.0057959887,0.03772567,0.0024236562,0.9961287,0.005032569,0.05951417,0.0026417496,0.9943144,0.0055590146,0.07188103,0.0030487408,0.9795687,0.0070760367,0.09483677,0.0037251543,0.9522438,0.0071846424,0.08500136,0.004178087,0.8348254,0.006143671,0.07712274,0.0042191544,0.5328821,0.0057006152,0.046821836,0.0030439151,0.0005189595,0.00497313,0.04527079,0.0031236503,0.00029231078,0.004885473,0.041976877,0.0026202893,0.00021058548,0.0049337437,0.03524745,0.0021932693
4163,/home/jupyter/dent_outputs/isic2019_v2/melanoma/hairs/seed4163/lambda_t_star5/style.png,0.006835531,0.0061669606,0.00074874394,0.0005269696,0.30386722,0.0059651304,0.0015892062,0.0018260144,0.6646773,0.003875306,0.0004801109,0.0004629931,0.3286349,0.0035368237,0.00038762376,0.00039068973,0.21334499,0.005790542,0.0010045604,0.0006160581,0.056414206,0.0077052806,0.0011049302,0.0008478905,0.017280819,0.010529657,0.0006680905,0.0006851397,0.01629105,0.012052866,0.0006533163,0.0007231557,0.011342021,0.011987523,0.00061676494,0.00066864624,0.009287833,0.007520932,0.000698732,0.0005671724
4702,/home/jupyter/dent_outputs/isic2019_v2/melanoma/hairs/seed4702/lambda_t_star5/style.png,0.0020634062,0.018337976,0.00056212244,0.00017995952,0.0076989434,0.13298465,0.00045622024,0.000422219,0.005460046,0.12154728,0.00020820583,0.00020776382,0.0062476806,0.079654604,0.00021528252,0.0001987288,0.005143584,0.0664045,0.00023971793,0.0002482211,0.0062182364,0.056784026,0.00028412812,0.00027510963,0.003923919,0.06371619,0.0003585947,0.00021038056,0.0037826714,0.043973796,0.00037978948,0.00018713587,0.0025758727,0.025580453,0.00040668203,0.00016000694,0.001980169,0.019425115,0.0005063238,0.00015642322
4312,/home/jupyter/dent_outputs/isic2019_v2/melanoma/hairs/seed4312/lambda_t_star5/style.png,0.0021101646,0.0995283,0.0016769998,0.0017884722,0.025011523,0.021150228,0.00040335828,0.00070081966,0.054359715,0.016726514,0.0006900918,0.00067539344,0.119959764,0.016290866,0.00063514645,0.0008465846,0.07447118,0.037728682,0.0009310334,0.0013263406,0.036410566,0.0683914,0.0008934341,0.0014639378,0.005603454,0.088398375,0.0010914624,0.0014863082,0.0029257552,0.08886402,0.0012021341,0.0014452985,0.0023380162,0.08759262,0.0014400244,0.0014634089,0.0022422064,0.09811697,0.0018355297,0.0017980782
4677,/home/jupyter/dent_outputs/isic2019_v2/melanoma/hairs/seed4677/lambda_t_star5/style.png,0.0030451715,0.04731283,0.1727011,0.011466585,0.40597248,0.023181869,0.2762146,0.014215895,0.26654434,0.015990093,0.13875794,0.008205761,0.26520297,0.01595049,0.12032962,0.0072913207,0.20363455,0.019598119,0.15366133,0.008967303,0.17584155,0.026490772,0.14497936,0.010094994,0.16262807,0.033454243,0.17160644,0.011537874,0.110384636,0.04738464,0.21203737,0.015582747,0.006718434,0.059147228,0.21578889,0.017534405,0.0038764458,0.054137114,0.18472543,0.01329567
4968,/home/jupyter/dent_outputs/isic2019_v2/melanoma/hairs/seed4968/lambda_t_star5/style.png,0.0011522236,0.0061531146,0.091240324,0.0022686352,0.9961086,0.0017486971,0.014693373,0.00060271047,0.9649002,0.0021617233,0.012242094,0.0010983439,0.98413277,0.004348373,0.009015489,0.0012438092,0.26671442,0.0057885996,0.034116663,0.0018458185,0.1839011,0.0129177,0.09578139,0.0027351608,0.054458033,0.008725611,0.11357417,0.0025514767,0.012521381,0.007440882,0.10941138,0.0022588992,0.0023371375,0.007000897,0.10793601,0.0021967303,0.0014891026,0.0064794263,0.08180143,0.0020759206
4202,/home/jupyter/dent_outputs/isic2019_v2/melanoma/hairs/seed4202/lambda_t_star5/style.png,0.0019008088,0.6527581,0.0024762787,0.0010383377,0.9982703,0.033552177,0.0014336407,0.0013377577,0.9674309,0.7106957,0.0046528527,0.0046286373,0.67544097,0.73779863,0.006253521,0.003047719,0.02720476,0.28816807,0.0016889906,0.0010262596,0.020029468,0.23460296,0.0017018771,0.0011083639,0.010150199,0.3425904,0.0020774028,0.0013007927,0.0033433358,0.5005183,0.0029266598,0.0012917651,0.002602492,0.56490564,0.0025516793,0.0010563572,0.0022237287,0.616448,0.0024803434,0.0010270483
4670,/home/jupyter/dent_outputs/isic2019_v2/melanoma/hairs/seed4670/lambda_t_star5/style.png,0.004971728,0.44370136,0.008616188,0.0043020365,0.68615794,0.21891497,0.0013407845,0.00086635654,0.55222255,0.1427805,0.0032988489,0.0015591364,0.18225463,0.2282379,0.0070292475,0.0025908784,0.04905408,0.2892591,0.0067573413,0.0024739949,0.029400187,0.36591625,0.006805414,0.0025507691,0.00885833,0.5227826,0.0069546015,0.0029897003,0.006552229,0.4330837,0.007822429,0.0036126804,0.0056083025,0.39722735,0.007943501,0.0038344685,0.00533041,0.43975204,0.008668472,0.0042552473
4576,/home/jupyter/dent_outputs/isic2019_v2/melanoma/hairs/seed4576/lambda_t_star5/style.png,0.01394197,0.005702186,0.03626331,0.0016916702,0.9957158,0.01518303,0.009817467,0.0026876826,0.88043255,0.016860874,0.023304809,0.0037020978,0.8884945,0.014048712,0.020920435,0.0028680423,0.8564125,0.009533628,0.018163659,0.002621365,0.6189891,0.01055028,0.016613062,0.0020631135,0.16493003,0.013332039,0.02056798,0.0021067646,0.034892663,0.006381569,0.040932845,0.0023776577,0.023712879,0.0063076965,0.041575994,0.0022804847,0.015409952,0.0062015746,0.041606758,0.0018210721
4463,/home/jupyter/dent_outputs/isic2019_v2/melanoma/hairs/seed4463/lambda_t_star5/style.png,0.0044875173,0.027583817,0.12803037,0.015594039,0.99932957,0.011080261,0.13488507,0.0058929455,0.9986528,0.011295347,0.11633769,0.007473203,0.99887735,0.012444062,0.14570251,0.008986669,0.99915206,0.011160146,0.09615695,0.005976578,0.99569607,0.0134068495,0.1724682,0.0092327455,0.86173904,0.014951333,0.18888503,0.013469283,0.3791069,0.03590242,0.13319059,0.025265772,0.014956088,0.029943544,0.12324647,0.019607311,0.0051663164,0.027723515,0.12710702,0.017137269
4879,/home/jupyter/dent_outputs/isic2019_v2/melanoma/hairs/seed4879/lambda_t_star5/style.png,0.0011202412,0.0026710834,0.044660825,0.004219449,0.9000318,0.0028321957,0.20234518,0.003385099,0.89806205,0.002581875,0.11549714,0.0039180196,0.9073776,0.0021795752,0.060858745,0.003295127,0.9443583,0.0015890313,0.039518297,0.0025128305,0.8602499,0.0018833491,0.053467665,0.0033025744,0.46351013,0.004405857,0.06354615,0.0051704654,0.2239947,0.0033735055,0.05720982,0.0051137363,0.0036644586,0.0031196421,0.050124962,0.0061428826,0.0020601675,0.0029373402,0.049259342,0.0052985037
4769,/home/jupyter/dent_outputs/isic2019_v2/melanoma/hairs/seed4769/lambda_t_star5/style.png,0.005011185,0.020796055,0.5092754,0.0028991906,0.99998105,0.0110725565,0.02494085,0.0016119474,0.99998105,0.011621897,0.04325501,0.0018717544,0.99996495,0.015768146,0.05078609,0.0027642841,0.99994755,0.010939525,0.061643034,0.0028929077,0.9997824,0.05359225,0.11704697,0.0062360237,0.010183588,0.027816653,0.23478498,0.0029689868,0.010239852,0.033884138,0.37894362,0.0036809652,0.0070567285,0.032327652,0.56001425,0.0034416495,0.0054707453,0.024237221,0.50710654,0.0029671788
4131,/home/jupyter/dent_outputs/isic2019_v2/melanoma/hairs/seed4131/lambda_t_star5/style.png,0.003955443,0.021888398,0.00038564112,0.00044869183,0.13951273,0.016081946,0.0004046344,0.00033001552,0.26546174,0.020168016,0.0006827556,0.00057124713,0.12986502,0.026883567,0.0010485128,0.0008739217,0.0639723,0.032949507,0.0009568525,0.00084948755,0.030127713,0.045996834,0.00047564818,0.0006021865,0.011760933,0.03368497,0.00028648129,0.00039967042,0.009969743,0.028768787,0.00033054705,0.00045811696,0.007580315,0.028585408,0.00038925544,0.00049368123,0.004588359,0.02286257,0.00034315896,0.00041835452
4949,/home/jupyter/dent_outputs/isic2019_v2/melanoma/hairs/seed4949/lambda_t_star5/style.png,0.02597273,0.534552,0.020246994,0.011628838,0.9990841,0.013464995,0.0070302524,0.0017600174,0.9963744,0.11822366,0.011144891,0.0038955589,0.94527835,0.16651568,0.010537366,0.0060570855,0.9961965,0.14772165,0.007512999,0.003393229,0.9971641,0.13760725,0.0096229445,0.003448361,0.861489,0.215781,0.0107045695,0.0060076094,0.24984857,0.39676645,0.014404089,0.009879213,0.11454145,0.46023077,0.017666504,0.010989201,0.040743083,0.52353925,0.020630853,0.011825574
4928,/home/jupyter/dent_outputs/isic2019_v2/melanoma/hairs/seed4928/lambda_t_star5/style.png,0.0005463405,0.031840235,0.003775946,0.0017667522,0.028269773,0.0323626,0.0004454296,0.00061545806,0.013119943,0.03223629,0.0003608696,0.0005674912,0.014089893,0.06864286,0.00026588072,0.00048639465,0.04843573,0.05202985,0.0001865581,0.00035378954,0.0059871,0.105229184,0.00043689838,0.0006157122,0.0017031034,0.03785296,0.0007265343,0.00071579526,0.00072007935,0.03298203,0.0019945323,0.0011510706,0.0005089158,0.03253876,0.0026373712,0.0013081142,0.0005389066,0.031265862,0.0031374474,0.0014872298
4727,/home/jupyter/dent_outputs/isic2019_v2/melanoma/hairs/seed4727/lambda_t_star5/style.png,0.014658779,0.009851211,0.007297473,0.0018867503,0.93598384,0.0067637735,0.029817384,0.003514767,0.767738,0.0043501216,0.021256473,0.0030078858,0.44935006,0.0038715713,0.0142430905,0.0022088995,0.5329411,0.0053537935,0.02226471,0.0018759416,0.117616236,0.021027783,0.013755091,0.0022237115,0.031708427,0.01362859,0.0143388705,0.0027037798,0.016607307,0.012971004,0.008068175,0.0019265319,0.013073079,0.011516217,0.0071057277,0.0018514496,0.015258527,0.011580703,0.007497633,0.0019528284
4796,/home/jupyter/dent_outputs/isic2019_v2/melanoma/hairs/seed4796/lambda_t_star5/style.png,0.5463133,0.0006800522,0.0002628155,0.0003637891,0.51734823,0.0010543077,0.000652908,0.0012626691,0.76785237,0.0016597908,0.00041019358,0.0007787974,0.7839598,0.002485144,0.00044969463,0.0007587521,0.7220876,0.002889566,0.0004043676,0.00071799726,0.755442,0.0070866845,0.00015932505,0.0003469384,0.67707115,0.0022651367,0.00015820026,0.0003475359,0.5762547,0.0008990986,0.00015513983,0.00028069763,0.5756943,0.00078068144,0.00020388466,0.00032712866,0.54468423,0.00070253224,0.0002321302,0.0003446946
4936,/home/jupyter/dent_outputs/isic2019_v2/melanoma/hairs/seed4936/lambda_t_star5/style.png,0.0024673622,0.0014963184,0.0061712875,0.0032096943,0.0032388545,0.0016198794,0.006100742,0.004318744,0.0034883688,0.0013069342,0.005852432,0.0037836905,0.0044607203,0.0012742371,0.0063830023,0.0040879375,0.0040513584,0.0011275519,0.007136998,0.0036464185,0.0035291854,0.0011733253,0.007735407,0.003736524,0.0024753474,0.0011035012,0.0059213866,0.0028867647,0.0023557385,0.0011417876,0.005658398,0.0030087468,0.0024758724,0.0011764651,0.005668739,0.0030122588,0.0027286485,0.0014085021,0.006204652,0.0033682894
4861,/home/jupyter/dent_outputs/isic2019_v2/melanoma/hairs/seed4861/lambda_t_star5/style.png,0.0030994127,0.044853367,0.0023416602,0.002620156,0.08596387,0.00221917,0.04561736,0.001950214,0.19276896,0.10580089,0.004484619,0.0036749092,0.88270503,0.011470565,0.0006964394,0.001677233,0.9282359,0.014088011,0.0009914789,0.00159004,0.87836415,0.018840518,0.0011317703,0.0018934106,0.013934873,0.04586617,0.0017390009,0.0026858246,0.004874874,0.055727992,0.0017280079,0.002727508,0.0038016527,0.054559603,0.0021408,0.002587168,0.0031008448,0.049371835,0.0021520364,0.0024859076
4683,/home/jupyter/dent_outputs/isic2019_v2/melanoma/hairs/seed4683/lambda_t_star5/style.png,0.0035667822,0.014843951,0.05624298,0.0067637768,0.9532486,0.012306865,0.075376086,0.0033229615,0.9880028,0.018574351,0.066457525,0.004961626,0.9937697,0.018865384,0.08453688,0.0056306445,0.9932388,0.014382822,0.07415091,0.005227445,0.22246236,0.018851086,0.084390365,0.00933216,0.017247021,0.019306077,0.06370908,0.009936606,0.006328082,0.01587032,0.047765955,0.0073445477,0.0049170526,0.01817675,0.054441396,0.008199752,0.0038401207,0.01623613,0.05337259,0.0075470237
4863,/home/jupyter/dent_outputs/isic2019_v2/melanoma/hairs/seed4863/lambda_t_star5/style.png,0.003240034,0.0016039885,0.06295183,0.0018103824,0.12598914,0.009782638,0.113479465,0.0046936427,0.107392214,0.007938486,0.11994997,0.0037528924,0.08774776,0.0071347146,0.103526436,0.0030151242,0.06644808,0.0061803428,0.093816124,0.0025084908,0.07165437,0.0038885507,0.10096582,0.0024363247,0.076428264,0.0041505815,0.09692766,0.0029510634,0.030157713,0.002719967,0.07336487,0.0025720275,0.01037378,0.0019140553,0.06552121,0.0018762732,0.0048656045,0.0016275608,0.0550263,0.0017214837
4681,/home/jupyter/dent_outputs/isic2019_v2/melanoma/hairs/seed4681/lambda_t_star5/style.png,0.018369531,0.008392627,0.0026541713,0.0017683106,0.96516585,0.00033580553,0.0004954762,0.0005823536,0.913866,0.0007797045,0.00056983216,0.0004571024,0.7802356,0.0013251184,0.00075527857,0.0006580346,0.78933185,0.0020813022,0.0009254109,0.0006256859,0.57698125,0.0033835545,0.0013564554,0.0007965899,0.1780289,0.0051859575,0.002217779,0.0012968632,0.035777528,0.009684913,0.0022355672,0.0012601898,0.022117632,0.008616986,0.0021764382,0.0012907793,0.019877573,0.008574858,0.0025636468,0.0016053842
4147,/home/jupyter/dent_outputs/isic2019_v2/melanoma/hairs/seed4147/lambda_t_star5/style.png,0.00033301386,0.0023389226,0.026862936,0.0027877765,0.8961731,0.0025186434,0.19865303,0.002228658,0.90479445,0.0019956897,0.15285797,0.0017219663,0.88138914,0.0019578142,0.12954015,0.0013440549,0.9324255,0.0020087902,0.08619,0.0011556272,0.024153996,0.0010553603,0.0861341,0.0013366803,0.063361816,0.00082942593,0.039475214,0.00090970885,0.000605434,0.0023835793,0.020265969,0.0029073765,0.00039102673,0.0022385707,0.021659946,0.002580493,0.00034163246,0.0021695732,0.023848094,0.0025916435
4877,/home/jupyter/dent_outputs/isic2019_v2/melanoma/hairs/seed4877/lambda_t_star5/style.png,0.12108521,0.0067018564,0.011818917,0.0046468033,0.96931154,0.0029355,0.0070393058,0.0023437655,0.9913662,0.006188613,0.0060766637,0.0025641287,0.9714415,0.0038362083,0.007635458,0.0030017546,0.9900502,0.0038651824,0.0015273498,0.0010807476,0.9772728,0.0032675955,0.0029255198,0.0013356253,0.42879656,0.0043774354,0.00829085,0.0027292115,0.269102,0.0062271236,0.008449753,0.0034655684,0.14476931,0.006135923,0.01149497,0.0044195615,0.1347464,0.0064217434,0.011832262,0.004544649
4443,/home/jupyter/dent_outputs/isic2019_v2/melanoma/hairs/seed4443/lambda_t_star5/style.png,0.010555857,0.009813101,0.0014398709,0.0022693314,0.47606045,0.0042990264,0.00087155955,0.0014959003,0.12075005,0.0038374711,0.0009898231,0.0018676548,0.102306664,0.0037828456,0.00097558374,0.0019277013,0.1844984,0.0018578264,0.001208041,0.0014760231,0.06440897,0.0055106534,0.0022228525,0.0027136814,0.04933587,0.009836491,0.0020917063,0.0025868667,0.044073746,0.011411445,0.0017696999,0.0024356619,0.02602034,0.012254376,0.0017616551,0.0025388133,0.017746063,0.010586549,0.0014793596,0.002307415
4471,/home/jupyter/dent_outputs/isic2019_v2/melanoma/hairs/seed4471/lambda_t_star5/style.png,0.15450186,0.0036164103,0.0014128926,0.0016865853,0.9992386,0.00084051763,0.00027974756,0.000268596,0.9961133,0.001316297,0.000352668,0.00035514697,0.94735366,0.0011047629,0.0005172446,0.00059147325,0.9470334,0.0018647461,0.0005046023,0.0006173042,0.8063645,0.0023709678,0.00092156226,0.00086590915,0.581999,0.003404157,0.0011109753,0.0015011673,0.3716083,0.0038925621,0.0016136527,0.0018595036,0.21866746,0.00407158,0.0018383861,0.0021730112,0.16591565,0.0038187327,0.0015985926,0.0018868301
4854,/home/jupyter/dent_outputs/isic2019_v2/melanoma/hairs/seed4854/lambda_t_star5/style.png,0.000919459,0.007928739,0.17004995,0.004332777,0.7857305,0.009564457,0.07388356,0.006630166,0.71010494,0.007480861,0.25770184,0.0068461183,0.6216367,0.007612167,0.30001736,0.0067496807,0.6199785,0.0069928966,0.27075243,0.006850977,0.5359752,0.0075178067,0.21523088,0.0063354718,0.3184306,0.0080017075,0.16669498,0.0056972434,0.014501813,0.0072372607,0.14146356,0.005584886,0.0028470017,0.009954355,0.1718996,0.006723476,0.0010533138,0.008285731,0.18138891,0.0048314612
4813,/home/jupyter/dent_outputs/isic2019_v2/melanoma/hairs/seed4813/lambda_t_star5/style.png,0.028902372,0.62865937,0.0143491095,0.01101194,0.9920364,0.16125336,0.00440303,0.0026686583,0.9914876,0.1850662,0.0045447242,0.002812669,0.9912067,0.18530133,0.004636262,0.0027296385,0.98947185,0.21299718,0.0049187047,0.002909857,0.98375124,0.2872943,0.0052626194,0.003104476,0.95294523,0.47745535,0.0070236283,0.004554689,0.54665494,0.68348193,0.015617017,0.011448514,0.13190639,0.6973149,0.016856218,0.013890383,0.032833267,0.6643813,0.015789593,0.012140747
4770,/home/jupyter/dent_outputs/isic2019_v2/melanoma/hairs/seed4770/lambda_t_star5/style.png,0.0011758489,0.0022007916,0.007813224,0.0018069836,0.35771176,0.012748074,0.010095151,0.0039683287,0.8478664,0.0064457166,0.008676966,0.0032090507,0.75100136,0.0065546846,0.007869696,0.0031183923,0.39234367,0.010266684,0.00900399,0.0031175076,0.33659527,0.008266741,0.008136076,0.0027401573,0.418103,0.0076067625,0.0098619405,0.002788673,0.1655241,0.004487494,0.00916633,0.0024928215,0.0033096515,0.0030471177,0.008935809,0.0021887836,0.001134209,0.002451191,0.007944215,0.0017833853
4808,/home/jupyter/dent_outputs/isic2019_v2/melanoma/hairs/seed4808/lambda_t_star5/style.png,0.02518388,0.035511844,0.002422219,0.0013468785,0.01102611,0.049482044,0.0036412938,0.0015074514,0.027618706,0.093094006,0.0080965515,0.00527012,0.027545417,0.07095668,0.002804152,0.0019341791,0.040006902,0.06547374,0.0018473767,0.001326381,0.035185035,0.0574848,0.0021415886,0.0013312148,0.031448454,0.055116624,0.0021199489,0.0012752758,0.029667696,0.04864964,0.002035863,0.0012138231,0.024716264,0.04094718,0.0023160803,0.0013031313,0.025049837,0.0391799,0.0024692134,0.0013761742
4044,/home/jupyter/dent_outputs/isic2019_v2/melanoma/hairs/seed4044/lambda_t_star5/style.png,0.022174738,0.011325906,0.0065105925,0.0057275984,0.016572556,0.05532244,0.0054605203,0.0031829886,0.05980408,0.030292355,0.0067045647,0.00449993,0.09652457,0.016580911,0.0045940117,0.0026478723,0.09684492,0.025583103,0.005932289,0.0029423805,0.05642414,0.02204054,0.007279361,0.0048330557,0.025665347,0.03231059,0.0075419396,0.008505241,0.022923978,0.020773936,0.007018778,0.00705257,0.02241218,0.01273064,0.00618654,0.0056741782,0.02336479,0.010995775,0.0067453533,0.0059581483
4085,/home/jupyter/dent_outputs/isic2019_v2/melanoma/hairs/seed4085/lambda_t_star5/style.png,0.001741544,0.001979386,0.096696176,0.00219989,0.94477946,0.0060557164,0.27921155,0.003439104,0.7810724,0.012834777,0.46671385,0.0053023044,0.94713813,0.013427982,0.56942993,0.004476777,0.4799268,0.016523443,0.8687394,0.00635654,0.474574,0.011923844,0.73763305,0.005124264,0.06573235,0.004347413,0.34802684,0.0030072639,0.0021030747,0.0017413143,0.10746255,0.0023141252,0.0019701922,0.0019214776,0.111285314,0.002214168,0.0019598221,0.0019467042,0.110109225,0.0022090394
4597,/home/jupyter/dent_outputs/isic2019_v2/melanoma/hairs/seed4597/lambda_t_star5/style.png,0.00057592324,0.018759293,0.0006033363,0.00060762116,0.024633523,0.034494713,0.00059322343,0.0007388058,0.05884667,0.034090463,0.00060299225,0.0008137306,0.03550522,0.050336454,0.0007725912,0.0010289365,0.02243712,0.08245306,0.0015179031,0.0020090272,0.013653945,0.07662607,0.0011581928,0.0015290938,0.007599951,0.05718413,0.000837131,0.0010985777,0.0021028153,0.034218848,0.000619247,0.0007480703,0.0010699069,0.020538129,0.0006527403,0.0006864007,0.00075383537,0.019702278,0.00062906335,0.00069367315
4564,/home/jupyter/dent_outputs/isic2019_v2/melanoma/hairs/seed4564/lambda_t_star5/style.png,0.08013632,0.00096436567,0.012335355,0.0009509338,0.21517739,0.00017757589,0.0026049563,0.00039871255,0.083886646,0.00030156822,0.0080558015,0.00066014734,0.21634136,0.0002588034,0.008337635,0.000612721,0.16188088,0.00042273264,0.008480325,0.0007958634,0.09990515,0.00067167333,0.009408175,0.0010142578,0.1181949,0.00080276036,0.008969396,0.0009329635,0.09502426,0.00091370434,0.010641706,0.0009891439,0.0958096,0.0010249014,0.010304122,0.0009899253,0.09849839,0.0009499947,0.0112775415,0.00091813935
4737,/home/jupyter/dent_outputs/isic2019_v2/melanoma/hairs/seed4737/lambda_t_star5/style.png,0.015471017,0.19827141,0.0016108007,0.0018916676,0.12343781,0.5322529,0.0043038074,0.0048031653,0.09062734,0.58846396,0.0042527327,0.0049826624,0.033804234,0.5668556,0.0025318025,0.0025531505,0.0536316,0.20675232,0.001479568,0.0017957191,0.03007346,0.15762225,0.0010416612,0.001262339,0.031015897,0.23111737,0.0013472312,0.0013875563,0.02204032,0.21497847,0.0013482234,0.0014634299,0.017544117,0.24110617,0.001121344,0.0014305537,0.013834915,0.19234724,0.0011934038,0.0013421094
4874,/home/jupyter/dent_outputs/isic2019_v2/melanoma/hairs/seed4874/lambda_t_star5/style.png,0.0037934948,0.0006364635,0.009198838,0.0005660057,0.9343911,0.0007428826,0.010662215,0.00063217996,0.8118895,0.0005889881,0.011496129,0.0006626175,0.8049891,0.00078744796,0.011159557,0.00067059044,0.6628739,0.000771638,0.010997721,0.00067732204,0.22102468,0.0005118618,0.0108059645,0.00045520457,0.051645186,0.0005339505,0.016079389,0.0005290636,0.019601533,0.00069244596,0.017470146,0.0005848037,0.0053027146,0.0006694532,0.012710783,0.0005562145,0.00390387,0.0007026185,0.009281684,0.00059523457
4115,/home/jupyter/dent_outputs/isic2019_v2/melanoma/hairs/seed4115/lambda_t_star5/style.png,0.36238205,0.02193999,0.00033136044,0.0007053178,0.7457084,0.00052327645,0.0004067332,0.00046437615,0.8998453,0.002912699,0.00022617608,0.0004991857,0.9026545,0.003006219,0.0004046072,0.0008750433,0.76063526,0.008192395,0.000336633,0.00092667044,0.73171884,0.017723486,0.0004004082,0.0011232247,0.64414656,0.02013138,0.00036293847,0.0010223648,0.5250973,0.023109527,0.0003659256,0.0009273041,0.41837204,0.019457564,0.00036595072,0.00085404725,0.39736497,0.02128338,0.00037523193,0.0008457574
4715,/home/jupyter/dent_outputs/isic2019_v2/melanoma/hairs/seed4715/lambda_t_star5/style.png,0.2966886,0.005184644,0.0034259097,0.0042463774,0.64877695,0.0033221154,0.013525283,0.0023742747,0.83599174,0.0045460123,0.006893985,0.0030408215,0.4241805,0.003356451,0.01164364,0.0042008692,0.56657594,0.0038032853,0.0055292696,0.0058921548,0.5875026,0.0043318043,0.003999463,0.005812463,0.34629446,0.004698606,0.0029364245,0.004913608,0.29486972,0.005324603,0.002408536,0.0036089318,0.3545535,0.0053301495,0.0028027457,0.0038269863,0.34048265,0.0061327247,0.0033540316,0.004350035
4230,/home/jupyter/dent_outputs/isic2019_v2/melanoma/hairs/seed4230/lambda_t_star5/style.png,0.0044548013,0.0043409183,0.0004994187,0.0003714228,0.5155812,0.0020880934,0.00035037711,0.000248174,0.029617447,0.0063841543,0.00065271236,0.0006703173,0.021145528,0.007075357,0.00069602934,0.0007714653,0.016712813,0.0076490296,0.0006511162,0.0007575726,0.011012101,0.00682774,0.0008078045,0.0006920383,0.007246246,0.009305128,0.00090524426,0.00072101527,0.006483759,0.0063460045,0.000627875,0.00044900205,0.006779755,0.0056373947,0.000520776,0.00037516115,0.00495593,0.0043061394,0.0004633472,0.0003331895
4140,/home/jupyter/dent_outputs/isic2019_v2/melanoma/hairs/seed4140/lambda_t_star5/style.png,0.041673955,0.0014482229,0.038096726,0.003398007,0.42830935,0.0028048132,0.07912393,0.0037879222,0.5519909,0.0019918364,0.03668896,0.0023640594,0.30204237,0.0019255357,0.048001554,0.0029824218,0.08455251,0.00342171,0.11585768,0.0048213545,0.0535848,0.0030258188,0.13024116,0.0051321075,0.054090742,0.0027361624,0.09308745,0.0051724203,0.05799467,0.0017127369,0.04936806,0.0038417573,0.041828323,0.0018522128,0.04936756,0.0041671386,0.03757133,0.001445578,0.03753152,0.0033803533
4927,/home/jupyter/dent_outputs/isic2019_v2/melanoma/hairs/seed4927/lambda_t_star5/style.png,0.004282985,0.17544512,0.0022684054,0.0019817536,0.9579536,0.018924577,0.0006324705,0.0011915524,0.7361477,0.011440714,0.00047374098,0.0008188347,0.50432336,0.013778184,0.0002231992,0.00051837985,0.05497093,0.051932137,0.0005555776,0.0011933828,0.01047509,0.12982121,0.0012571878,0.0019581947,0.0069729253,0.19013245,0.001650405,0.0018859522,0.007888017,0.16077712,0.002208061,0.002636611,0.0054210396,0.16577373,0.00272625,0.0026159848,0.004495547,0.18144897,0.002430101,0.0021975427
4342,/home/jupyter/dent_outputs/isic2019_v2/melanoma/hairs/seed4342/lambda_t_star5/style.png,0.003312196,0.13996501,0.0023552321,0.0019044027,0.040941123,0.11280129,0.0012401757,0.0015137093,0.007001219,0.13339083,0.0039815987,0.0031880052,0.011153644,0.1346036,0.004072982,0.0027995023,0.009057476,0.15338781,0.0028918665,0.0021502236,0.0067190067,0.17635404,0.0020403515,0.0016433875,0.004487313,0.16633566,0.0020391284,0.0015615626,0.003391657,0.15844509,0.00200949,0.0015509002,0.003909994,0.15101579,0.0017929494,0.0013328786,0.0034481843,0.15040986,0.002155337,0.0016507446
4594,/home/jupyter/dent_outputs/isic2019_v2/melanoma/hairs/seed4594/lambda_t_star5/style.png,0.0055879825,0.016259847,0.070847034,0.0036674752,0.9853302,0.05359801,0.05699885,0.0073412904,0.9978065,0.06716987,0.042429227,0.0061071087,0.97841406,0.061582133,0.057191946,0.007485546,0.9418882,0.05590695,0.064096935,0.006724132,0.836676,0.055643898,0.07793848,0.006230636,0.32404402,0.041175764,0.0792982,0.0047812453,0.17790727,0.028592944,0.08036189,0.004373258,0.013516918,0.018540867,0.06949585,0.003754597,0.005725133,0.01785138,0.0733112,0.0037058408
4011,/home/jupyter/dent_outputs/isic2019_v2/melanoma/hairs/seed4011/lambda_t_star5/style.png,0.2652267,0.010302119,0.0006426396,0.0003746484,0.62865996,0.0017417197,0.0003246738,0.0003502315,0.4268519,0.0013561512,0.00023785337,0.00020884247,0.5442992,0.00333777,0.0005092529,0.00033675146,0.5463055,0.0046762684,0.00060635706,0.00041072597,0.7237356,0.015644986,0.0008639226,0.00065449544,0.6190399,0.015778592,0.0006322035,0.0005040911,0.50811297,0.009298839,0.0004786542,0.00034808138,0.38083887,0.010047217,0.00047721268,0.00034543805,0.29119426,0.009847568,0.0005738772,0.00036937054
4627,/home/jupyter/dent_outputs/isic2019_v2/melanoma/hairs/seed4627/lambda_t_star5/style.png,0.3050161,0.0024716859,0.0037597052,0.0037428127,0.6018663,0.0019755221,0.0097005945,0.0014975352,0.8403515,0.00060371426,0.000922577,0.0009732177,0.946715,0.00062137714,0.0006775512,0.0005481134,0.90174025,0.00677453,0.001745604,0.002029961,0.6634835,0.004351113,0.0012994861,0.001408134,0.33873448,0.0028194094,0.0015501021,0.0016023156,0.33818096,0.0020647047,0.0022231012,0.002049491,0.32219443,0.0022827175,0.0031197902,0.0032484266,0.3172241,0.0026238058,0.0039792187,0.0040322132
4405,/home/jupyter/dent_outputs/isic2019_v2/melanoma/hairs/seed4405/lambda_t_star5/style.png,0.00096076477,0.0011878704,0.0064503453,0.0006865852,0.44112584,0.0076765423,0.006497586,0.002876936,0.013071204,0.0065353317,0.009220467,0.0016444128,0.005247902,0.0027542477,0.00844601,0.0014290193,0.001508109,0.001964985,0.007795917,0.0011489289,0.00081765,0.001387859,0.006288189,0.00075359305,0.0009832353,0.0014541778,0.005271273,0.00070703495,0.0011686578,0.0014976328,0.004629729,0.0006766072,0.0012507853,0.0014109744,0.0054077716,0.00072556036,0.0012698264,0.0013720954,0.006297695,0.0007564649
4153,/home/jupyter/dent_outputs/isic2019_v2/melanoma/hairs/seed4153/lambda_t_star5/style.png,0.0021711322,0.0036230984,0.008131967,0.0015868956,0.5688105,0.0021634654,0.005836258,0.001069629,0.36599517,0.0028466403,0.0059232474,0.0010776422,0.36277878,0.003886885,0.007491724,0.0012515677,0.27663058,0.0046953964,0.0070589473,0.0013047956,0.09774714,0.006428806,0.0067174374,0.0018084482,0.009057699,0.007103844,0.006149535,0.001729481,0.003012816,0.0059975865,0.006312043,0.001552311,0.0027723203,0.0047841864,0.0073301266,0.0016736048,0.0025338323,0.0041450346,0.007232949,0.0015883113
4915,/home/jupyter/dent_outputs/isic2019_v2/melanoma/hairs/seed4915/lambda_t_star5/style.png,0.00038318237,0.0016383185,0.016931836,0.0015925333,0.4483103,0.0010895551,0.02857459,0.0011251416,0.00087423075,0.0019072046,0.013714784,0.0014014075,0.00092577684,0.0021169973,0.013330786,0.0016818413,0.0006929808,0.0020305647,0.012382957,0.0014455712,0.0010163718,0.0020717129,0.011552545,0.0015390554,0.0007305117,0.0019010204,0.010066561,0.001468073,0.00052481395,0.0019634322,0.014821243,0.0016108389,0.00043704498,0.0017108715,0.015037366,0.001598608,0.00061090116,0.0022278193,0.01804992,0.0022222246
4765,/home/jupyter/dent_outputs/isic2019_v2/melanoma/hairs/seed4765/lambda_t_star5/style.png,0.0030412206,0.014256561,0.00039961174,0.00048414015,0.0016744725,0.03378222,0.00030828457,0.00066816795,0.0008112608,0.03273286,0.00021790438,0.0005124523,0.000690788,0.024190528,0.00011797859,0.00023514793,0.0009321595,0.023060746,0.00010243984,0.00023466215,0.0030367551,0.022439186,0.00044311452,0.0005788945,0.0032288667,0.019731482,0.00043000028,0.0005588761,0.003351403,0.012238975,0.0003802414,0.00046427702,0.0045266775,0.012113639,0.00042384776,0.000489074,0.0033249632,0.013861152,0.0003872712,0.0004727598
4665,/home/jupyter/dent_outputs/isic2019_v2/melanoma/hairs/seed4665/lambda_t_star5/style.png,0.17151174,0.0084941415,0.0018483794,0.0010592283,0.99619615,0.009074934,0.0021296537,0.0012165896,0.9938415,0.007676303,0.0019172217,0.0010248814,0.9905702,0.0053673163,0.0010287772,0.00080127077,0.61182296,0.015455686,0.0024214045,0.0014490195,0.5261874,0.015283601,0.002397569,0.0015748723,0.25994515,0.014669214,0.0021826508,0.001568973,0.2006406,0.015114145,0.0020053487,0.001245984,0.19249217,0.01200014,0.0020966239,0.0012876893,0.18702954,0.009520484,0.0020804221,0.001192346
4910,/home/jupyter/dent_outputs/isic2019_v2/melanoma/hairs/seed4910/lambda_t_star5/style.png,0.07773345,0.71349573,0.010427161,0.002342193,0.99950933,0.12944831,0.02244027,0.0029616274,0.9991592,0.27822772,0.009170142,0.0019799834,0.97189665,0.45137462,0.006521569,0.0022288063,0.9606009,0.19552614,0.0039844816,0.0016968917,0.95727277,0.20624675,0.005033044,0.0019577462,0.9179105,0.2813816,0.005116906,0.0016993837,0.43992013,0.5724363,0.0089358175,0.002029619,0.09370833,0.69509923,0.0144824525,0.002726739,0.084099576,0.709175,0.012084259,0.0025600682
4945,/home/jupyter/dent_outputs/isic2019_v2/melanoma/hairs/seed4945/lambda_t_star5/style.png,0.039644357,0.017609157,0.027295396,0.001957835,0.82643926,0.016127689,0.01667015,0.002107689,0.7802478,0.016552797,0.025005948,0.0023456016,0.90560204,0.014093974,0.03221316,0.0020296334,0.9114868,0.019127248,0.027248561,0.0018018589,0.89219505,0.028439531,0.024085084,0.0016714798,0.78550494,0.036431953,0.0260416,0.0023110656,0.2485548,0.024599692,0.02555398,0.001985238,0.0720521,0.018893043,0.021490972,0.0016099289,0.042458378,0.021995256,0.024875509,0.002050693
4478,/home/jupyter/dent_outputs/isic2019_v2/melanoma/hairs/seed4478/lambda_t_star5/style.png,0.0009326311,0.011063049,0.015700009,0.0024473649,0.6402501,0.70392656,0.020709148,0.0073151076,0.46460044,0.5463276,0.016933223,0.0069846106,0.46594203,0.26866463,0.012777616,0.0046322215,0.18368214,0.073842116,0.020457659,0.005144895,0.17168766,0.046885006,0.020419043,0.0045638406,0.029316582,0.03351296,0.011361055,0.0032556804,0.003626269,0.030277938,0.015019177,0.0035694744,0.0017912119,0.017296277,0.01515327,0.0028696791,0.0010644094,0.012522447,0.014218635,0.0024754498
4466,/home/jupyter/dent_outputs/isic2019_v2/melanoma/hairs/seed4466/lambda_t_star5/style.png,0.0062963995,0.007813331,0.095630385,0.0041258526,0.9358728,0.012560637,0.04640867,0.0031499267,0.89867413,0.0113517875,0.052319176,0.003348195,0.85193926,0.012112567,0.06752768,0.0037648897,0.78020245,0.009755584,0.06606524,0.0031947508,0.7899919,0.009156086,0.05811938,0.002838412,0.7418581,0.010759142,0.0570904,0.00299159,0.42722404,0.008740937,0.04806516,0.0032051268,0.00964372,0.009536824,0.083129644,0.004282729,0.006622321,0.008234446,0.08020419,0.004090474
4305,/home/jupyter/dent_outputs/isic2019_v2/melanoma/hairs/seed4305/lambda_t_star5/style.png,0.0017653367,0.007982692,0.0026394702,0.0008691077,0.99337834,0.0076277764,0.00066773564,0.00088261225,0.9055161,0.011275606,0.000962423,0.0010867812,0.8325765,0.060537565,0.00060458085,0.0010074246,0.9458759,0.035570838,0.0006814003,0.0008274076,0.88281435,0.012945132,0.0010264531,0.0007986344,0.30596393,0.005568613,0.0010620276,0.00051091786,0.017815968,0.010438189,0.0027998418,0.0012712586,0.0019289074,0.00904704,0.0029105712,0.000982908,0.0017696643,0.0078123137,0.0022635648,0.0008300885
4125,/home/jupyter/dent_outputs/isic2019_v2/melanoma/hairs/seed4125/lambda_t_star5/style.png,0.010150739,0.22559933,0.016810989,0.004271545,0.25702623,0.7427205,0.019090634,0.011798117,0.34822366,0.2163022,0.01324016,0.0024171397,0.21423851,0.13107547,0.013805034,0.0024233114,0.099711515,0.15327567,0.0103376955,0.0020047114,0.04423356,0.23359925,0.012285148,0.003250232,0.022265881,0.258714,0.015373857,0.0048977234,0.01027794,0.25111765,0.014946313,0.004589363,0.0081976,0.25535572,0.014937533,0.004335926,0.0089018075,0.24763924,0.01604841,0.004233563
4690,/home/jupyter/dent_outputs/isic2019_v2/melanoma/hairs/seed4690/lambda_t_star5/style.png,0.0010691003,0.09089484,0.00802383,0.0022102273,0.24988347,0.039698973,0.002520785,0.0015175035,0.08032786,0.053854346,0.004872783,0.0027647323,0.5595499,0.026190925,0.0024733723,0.00070949463,0.4559481,0.029499434,0.0028797183,0.0007191683,0.0679113,0.023130484,0.0068061226,0.0013355216,0.0030300324,0.059496794,0.010096567,0.0025252132,0.0020240596,0.07374599,0.0071459617,0.0019892913,0.0015182776,0.080935664,0.007689805,0.002083646,0.0011497342,0.083642624,0.007897179,0.0021045483
4079,/home/jupyter/dent_outputs/isic2019_v2/melanoma/hairs/seed4079/lambda_t_star5/style.png,0.0014441691,0.083225004,0.025004908,0.0036443053,0.84199,0.030232318,0.008849002,0.002472951,0.6804568,0.058631163,0.015792252,0.003573678,0.54339105,0.07637789,0.01807239,0.0042604553,0.49190456,0.12002252,0.016935613,0.004493469,0.36174688,0.18134825,0.022865621,0.0059247273,0.07647977,0.21877857,0.03023065,0.007499812,0.007818178,0.16394278,0.025985323,0.0057616252,0.002298746,0.14179021,0.023183268,0.004100599,0.0017121524,0.09367928,0.024987753,0.00372668
4795,/home/jupyter/dent_outputs/isic2019_v2/melanoma/hairs/seed4795/lambda_t_star5/style.png,0.0012004994,0.0014114946,0.01778318,0.002298184,0.9991227,0.005189779,0.18650746,0.004006037,0.9881556,0.006883826,0.39021283,0.005891359,0.9789388,0.0055178236,0.33485436,0.0050821654,0.9652686,0.0041753524,0.25271842,0.0034210323,0.98961556,0.004103225,0.13450445,0.002943539,0.7075406,0.0039006283,0.06551707,0.0034504265,0.002779303,0.0018436857,0.016658766,0.002846302,0.0016849843,0.0015849876,0.016927788,0.002590665,0.0016009003,0.0016131949,0.016446518,0.0026407458
4731,/home/jupyter/dent_outputs/isic2019_v2/melanoma/hairs/seed4731/lambda_t_star5/style.png,0.26767087,0.03239865,0.0021342775,0.002328552,0.98698515,0.00052061974,0.00021406096,0.00034674382,0.9694011,0.0022974035,0.00058883097,0.0009653773,0.95419466,0.0023536526,0.00051103183,0.00090320234,0.9186285,0.004487541,0.0004831865,0.0008936959,0.4930109,0.02708876,0.00083325966,0.0011416952,0.32037005,0.06393244,0.0013563216,0.0020657307,0.31252,0.060404126,0.0017844101,0.0022717738,0.30031073,0.041728307,0.001913303,0.002334413,0.27285126,0.037431307,0.0022057889,0.0025055096
4977,/home/jupyter/dent_outputs/isic2019_v2/melanoma/hairs/seed4977/lambda_t_star5/style.png,0.9232659,0.0052313795,0.0015233728,0.0009483958,0.9957677,0.0028709986,0.0014235488,0.0011169198,0.9558519,0.0036290768,0.0008937904,0.0007631574,0.98054403,0.003647522,0.0016540934,0.0009741627,0.96815133,0.0026632308,0.0011510536,0.00085847883,0.9554125,0.0029919825,0.00082203024,0.00066510396,0.9591396,0.005742842,0.001406787,0.0008797169,0.9357173,0.0065043867,0.0015039773,0.0010267089,0.8900319,0.0059139472,0.0013821503,0.0009251358,0.91137767,0.0052805925,0.0013899469,0.0009298571
4204,/home/jupyter/dent_outputs/isic2019_v2/melanoma/hairs/seed4204/lambda_t_star5/style.png,0.0009879986,0.006050908,0.020799914,0.0013605749,0.9863794,0.0018415361,0.005461758,0.00024164,0.9082051,0.002116671,0.017371295,0.0008464031,0.8306111,0.0021223258,0.016643854,0.0012563482,0.006120475,0.0043529626,0.021712419,0.002630648,0.0015603639,0.005673291,0.021205496,0.002619327,0.0011657821,0.0051028337,0.018352157,0.0020170903,0.0010860018,0.005608911,0.01909927,0.001801424,0.0011248876,0.0076718405,0.019223463,0.0014678786,0.0010890176,0.0070830556,0.02071928,0.0014263496
4555,/home/jupyter/dent_outputs/isic2019_v2/melanoma/hairs/seed4555/lambda_t_star5/style.png,0.0005589877,0.0028471313,0.0038910026,0.0006539617,0.0016525396,0.0076133017,0.008464588,0.0010464964,0.00085073547,0.0047847424,0.006352542,0.000881541,0.0010007814,0.0036972184,0.0060605635,0.0008594827,0.001294683,0.0052910247,0.0040478352,0.00085255847,0.0010879091,0.0032668717,0.004194676,0.000776286,0.0009096006,0.003519806,0.0041824323,0.00080916355,0.0007576809,0.0027099715,0.0040534693,0.00067266717,0.0007759576,0.0028262588,0.0035381466,0.00062447594,0.00058878417,0.0022257438,0.00328161,0.0005703929
4830,/home/jupyter/dent_outputs/isic2019_v2/melanoma/hairs/seed4830/lambda_t_star5/style.png,0.012903591,0.026874602,0.003543266,0.0018398636,0.9998012,0.00088498817,5.9654005e-05,0.00015823724,0.9983656,0.006062221,0.000108630884,0.00019256302,0.994823,0.0040379413,8.63929e-05,0.00017660699,0.996599,0.0033691542,0.00016307052,0.00030300432,0.981684,0.005638338,0.0003170221,0.00043833838,0.4238479,0.007526497,0.0012217258,0.0006345178,0.017274473,0.0383905,0.003421208,0.0020996341,0.013892419,0.034351658,0.0030549965,0.0016045391,0.012798349,0.030653825,0.0032455993,0.0016463153
4279,/home/jupyter/dent_outputs/isic2019_v2/melanoma/hairs/seed4279/lambda_t_star5/style.png,0.0064317007,0.03367712,0.0031739315,0.0010400187,0.98968035,0.018058505,0.013940169,0.0024911135,0.99709857,0.02532821,0.00414893,0.0016300551,0.98854965,0.018982364,0.0045991237,0.0016699034,0.37498468,0.01773369,0.002209974,0.0011418056,0.077452704,0.022838142,0.0025439577,0.0012829419,0.11019109,0.020415194,0.0025517414,0.0010565253,0.071022056,0.022996793,0.0024500156,0.0009671583,0.008060043,0.03644951,0.003697282,0.0013086038,0.006312175,0.039491434,0.003330606,0.0011308726
4873,/home/jupyter/dent_outputs/isic2019_v2/melanoma/hairs/seed4873/lambda_t_star5/style.png,0.0018001513,0.0033341313,0.08019227,0.0040578996,0.9625475,0.0072142263,0.069061086,0.0058881454,0.49898076,0.0053077047,0.056142,0.004554001,0.0685966,0.0047466345,0.06538363,0.0044927136,0.008016842,0.004069865,0.055585105,0.0037567858,0.005701756,0.0033366198,0.057620183,0.003334453,0.0046626013,0.0027159564,0.04930997,0.003227245,0.0032145723,0.002761273,0.06594154,0.0034462921,0.0025695222,0.0032061872,0.077894524,0.0037221082,0.0020592895,0.0030400872,0.08009814,0.003703403
4802,/home/jupyter/dent_outputs/isic2019_v2/melanoma/hairs/seed4802/lambda_t_star5/style.png,0.051671945,0.0249315,0.0045760744,0.0017747325,0.67107826,0.0027249826,0.0013498121,0.0005189219,0.8180059,0.0092180455,0.0027008718,0.0010632596,0.6065624,0.0038027668,0.002131523,0.00069069315,0.16844617,0.010410111,0.004598661,0.001393631,0.05291438,0.022599852,0.005233983,0.001890564,0.057631347,0.03454334,0.005084386,0.0021090223,0.05866487,0.031452738,0.0037299905,0.0015883574,0.05729435,0.02912572,0.0037702,0.0015918337,0.057226654,0.023650363,0.004235238,0.0016410741
4645,/home/jupyter/dent_outputs/isic2019_v2/melanoma/hairs/seed4645/lambda_t_star5/style.png,0.0019466255,0.015700335,0.008850601,0.0024967883,0.9178125,0.0034368557,0.0029499005,0.0014679506,0.8446431,0.0036924495,0.0020684276,0.0014488436,0.870409,0.0045301043,0.0017226713,0.0010806214,0.7266437,0.007773843,0.003435649,0.001846612,0.062383704,0.018024141,0.002868364,0.0021433756,0.003929143,0.026830882,0.0068590143,0.0028162166,0.002865872,0.024555549,0.0077128536,0.002762808,0.0024255211,0.017580705,0.008997122,0.002727312,0.001990131,0.016745372,0.00875162,0.002589357
4269,/home/jupyter/dent_outputs/isic2019_v2/melanoma/hairs/seed4269/lambda_t_star5/style.png,0.0025856723,0.010223259,0.069864444,0.007042903,0.944724,0.006451394,0.40905273,0.0042682528,0.8890839,0.0056790016,0.3832471,0.0050564823,0.9236901,0.0050864858,0.3529696,0.004117227,0.93568677,0.0064984206,0.34107697,0.0038045067,0.97043186,0.0072156545,0.23275538,0.003637851,0.9436209,0.011171218,0.14815283,0.004275193,0.54813516,0.010843389,0.055492565,0.004639284,0.010061778,0.015937516,0.067889675,0.0077409456,0.0038577798,0.011377956,0.084670216,0.008250299
4962,/home/jupyter/dent_outputs/isic2019_v2/melanoma/hairs/seed4962/lambda_t_star5/style.png,0.03593433,0.032870144,0.0003156219,0.0006079664,0.1895436,0.0057446933,0.00032558883,0.00057072326,0.12371421,0.0049907677,0.00019489024,0.00041843829,0.141377,0.012277172,0.00012812029,0.0002899338,0.15105549,0.036803007,0.00012334646,0.00029765352,0.21295112,0.022739286,9.434414e-05,0.00022562685,0.12757123,0.028848277,0.000111922345,0.00025617878,0.04499144,0.034438647,0.00018982329,0.00037885742,0.029068502,0.033074167,0.00026218608,0.00050436956,0.03223031,0.03550039,0.00028651816,0.000558473
4933,/home/jupyter/dent_outputs/isic2019_v2/melanoma/hairs/seed4933/lambda_t_star5/style.png,0.00024362764,0.0076868944,0.029815057,0.0010299869,0.0010872595,0.00893953,0.07229604,0.0026121717,0.0010723675,0.00514748,0.08284491,0.0025258318,0.0007174757,0.004136898,0.08859978,0.0020035736,0.00044641344,0.003566116,0.06663879,0.0015680104,0.00054708414,0.0047009545,0.05940787,0.0015461103,0.00041095252,0.00490531,0.042012587,0.0012980872,0.00034392782,0.006471487,0.03588976,0.0012428666,0.00030730036,0.0073014395,0.036609706,0.0011730063,0.00026902067,0.008478362,0.03274581,0.001139349
4416,/home/jupyter/dent_outputs/isic2019_v2/melanoma/hairs/seed4416/lambda_t_star5/style.png,0.006121548,0.016254464,0.29065922,0.008931123,0.78096783,0.010872191,0.40911734,0.0040375846,0.66912663,0.010730155,0.3813436,0.004449108,0.68069327,0.0122908205,0.5437774,0.004308577,0.7270502,0.028701004,0.18389818,0.0100174295,0.56240666,0.026995176,0.042346265,0.0065675154,0.0095280325,0.02698914,0.052653953,0.0076571456,0.016836995,0.027339108,0.2453776,0.012645211,0.011320909,0.021807933,0.2733539,0.010485588,0.008339405,0.018199462,0.2853501,0.010036651
4510,/home/jupyter/dent_outputs/isic2019_v2/melanoma/hairs/seed4510/lambda_t_star5/style.png,0.028851928,0.022646228,0.004922076,0.0069390098,0.38978618,0.021171354,0.0024956034,0.0028662768,0.33076435,0.012527957,0.0022450055,0.002200155,0.37982804,0.013199355,0.0019312062,0.0016925127,0.16768864,0.014884512,0.0013674552,0.0014800238,0.09702013,0.016142117,0.0015159416,0.0018550307,0.049610928,0.022742337,0.0025254379,0.0032415388,0.039238416,0.02659663,0.004690474,0.006458449,0.033588614,0.025809627,0.004052461,0.006299748,0.029551238,0.022058541,0.004101668,0.0061970055
4815,/home/jupyter/dent_outputs/isic2019_v2/melanoma/hairs/seed4815/lambda_t_star5/style.png,0.0020414654,0.18772414,0.007762133,0.010699505,0.016534092,0.07108625,0.0046986286,0.0066060014,0.015662046,0.14812936,0.005461903,0.009441385,0.02549536,0.22050017,0.006869882,0.010002945,0.014880458,0.2109073,0.005120242,0.006588879,0.0074306508,0.224808,0.0044810125,0.00563566,0.0044669462,0.20211083,0.0043477206,0.0061945776,0.0032790438,0.22046137,0.0056183953,0.008067038,0.003183868,0.20493397,0.0061238026,0.0086125545,0.0026746744,0.18976395,0.0076388554,0.010533284
4250,/home/jupyter/dent_outputs/isic2019_v2/melanoma/hairs/seed4250/lambda_t_star5/style.png,0.0051200064,0.0014772599,0.0021425427,0.00024805148,0.9986009,0.00045180263,0.0010796268,0.00023242274,0.99905485,0.00046800342,0.0013263538,0.00021989529,0.99757105,0.0006703792,0.0017718272,0.00028863671,0.99824154,0.000909715,0.0011376375,0.00024593464,0.99819666,0.003294916,0.001119551,0.0002991437,0.3330212,0.013598694,0.0015517334,0.0010436276,0.02798875,0.0056200814,0.0020086074,0.00055588834,0.009660413,0.0022815894,0.0026151089,0.00036224767,0.0045911167,0.0014213313,0.0019562244,0.0002459724
4963,/home/jupyter/dent_outputs/isic2019_v2/melanoma/hairs/seed4963/lambda_t_star5/style.png,0.07451326,0.021571757,0.0034280152,0.003084201,0.078082696,0.002476585,0.00056312385,0.0009067545,0.10379752,0.0052725407,0.0032332176,0.003547604,0.05057007,0.0018670523,0.0012269563,0.0010169918,0.061404154,0.0056920215,0.0021688454,0.0016072256,0.089992054,0.014262661,0.0033327835,0.003020497,0.10970405,0.023410922,0.004125353,0.0039047066,0.09174478,0.02392936,0.003986401,0.0037781391,0.08620121,0.023533283,0.0032896851,0.0032779174,0.089815296,0.021691049,0.0033977923,0.0034126781
4098,/home/jupyter/dent_outputs/isic2019_v2/melanoma/hairs/seed4098/lambda_t_star5/style.png,0.0005949416,0.0048796623,0.102228425,0.0008485181,0.040017355,0.001995173,0.08476867,0.0014220766,0.030144824,0.0046661436,0.07534549,0.0022579213,0.36021292,0.010819091,0.12466542,0.002363269,0.2653188,0.009723667,0.1204464,0.001923692,0.23143639,0.011788048,0.13766755,0.0016091465,0.072717935,0.011580969,0.16252229,0.0015873739,0.015819283,0.008828504,0.14592159,0.0012661598,0.0020907263,0.005605731,0.11764822,0.0010391878,0.00070029695,0.0047583063,0.1228815,0.0009108021
4708,/home/jupyter/dent_outputs/isic2019_v2/melanoma/hairs/seed4708/lambda_t_star5/style.png,0.0030188246,0.019504635,0.000976869,0.001178543,0.02845849,0.0071278377,0.0073610647,0.0033497738,0.040541276,0.019410841,0.0011919922,0.0016596224,0.034159537,0.007988928,0.0008969573,0.0014061366,0.01774692,0.012032471,0.00072817283,0.001129373,0.012815331,0.018010562,0.0011414684,0.0014090053,0.0069803884,0.016333936,0.0011857281,0.001355543,0.0046518827,0.019328166,0.0012627491,0.0014626893,0.0037958657,0.018519867,0.0010324911,0.001240867,0.0033858726,0.019721318,0.001006195,0.0012335194
4460,/home/jupyter/dent_outputs/isic2019_v2/melanoma/hairs/seed4460/lambda_t_star5/style.png,0.0013582328,0.0019724804,0.015709665,0.000899752,0.4313434,0.0019279373,0.005562374,0.0010665196,0.76348305,0.002240656,0.0017019445,0.00051889295,0.7660799,0.002095842,0.0017915572,0.00043316398,0.78860766,0.0021100612,0.002574304,0.0004445611,0.8410394,0.0026342007,0.003720022,0.0005439335,0.6798026,0.0031897987,0.0067059305,0.0007379871,0.07672405,0.0016585996,0.021326458,0.00089758995,0.016771268,0.002208247,0.017278966,0.0011460115,0.0015895049,0.0023458158,0.014650948,0.000995277
4143,/home/jupyter/dent_outputs/isic2019_v2/melanoma/hairs/seed4143/lambda_t_star5/style.png,0.0023321873,0.0022721835,0.056536455,0.00070155435,0.156575,0.0030602817,0.07529147,0.0012473714,0.12329896,0.003468506,0.065968744,0.0012756457,0.08017117,0.004481725,0.06233516,0.001379599,0.08602034,0.0034843464,0.054868583,0.0010800934,0.03259125,0.0033472136,0.061050866,0.0010498952,0.008769549,0.0030668527,0.06971343,0.0010104255,0.0032318686,0.0027039123,0.068177745,0.0008839597,0.0022605688,0.0021793884,0.062483918,0.00066743407,0.002217358,0.0027652844,0.060273033,0.0007899465
4016,/home/jupyter/dent_outputs/isic2019_v2/melanoma/hairs/seed4016/lambda_t_star5/style.png,0.0048294924,0.014700616,0.058785643,0.009477155,0.9950111,0.02408093,0.03807366,0.0070121638,0.99404114,0.014550353,0.022153234,0.0050104414,0.98699504,0.010708877,0.02501633,0.0045632496,0.9437151,0.012601705,0.04615423,0.007832495,0.8413011,0.01456576,0.046656847,0.010169955,0.09773312,0.016033405,0.055138297,0.012073846,0.008812721,0.01797667,0.06861725,0.011799742,0.0069337836,0.015670944,0.06597364,0.010360742,0.0055104685,0.01582134,0.066925876,0.010380738
4870,/home/jupyter/dent_outputs/isic2019_v2/melanoma/hairs/seed4870/lambda_t_star5/style.png,0.6022475,0.00307145,0.0032041215,0.0029890523,0.9417781,0.000397322,0.00062051817,0.00046265475,0.91421646,0.00019384979,0.00051420054,0.0003351315,0.92791224,0.00016084906,0.00037057503,0.00026288317,0.93996364,0.0002571361,0.00035890218,0.00035221758,0.8809187,0.0006176558,0.000749088,0.0009580252,0.6742479,0.0016194507,0.0015197761,0.001795045,0.68292874,0.0025228004,0.0021578583,0.0024506825,0.6326659,0.004101649,0.0035417983,0.0036365949,0.6159587,0.003656815,0.003384439,0.0033621818
4728,/home/jupyter/dent_outputs/isic2019_v2/melanoma/hairs/seed4728/lambda_t_star5/style.png,0.00071426004,0.022217512,0.0044405474,0.0009958583,0.8286032,0.009409974,0.0016393462,0.00078978203,0.78707975,0.008564742,0.0022561785,0.0008935482,0.47089267,0.020716542,0.0017425979,0.0009972712,0.6985382,0.015101857,0.0013361018,0.000707288,0.5688102,0.029465012,0.001752033,0.00084819185,0.0008294196,0.038085196,0.0042102085,0.0011201809,0.0007558135,0.039622407,0.0033004358,0.0009746626,0.0007829119,0.033197563,0.0038101333,0.0010382407,0.00083282276,0.026791347,0.004109139,0.0010620363
4529,/home/jupyter/dent_outputs/isic2019_v2/melanoma/hairs/seed4529/lambda_t_star5/style.png,0.0088144075,0.00085397117,0.029061362,0.0031309922,0.96712106,0.00087030564,0.009454429,0.0013105271,0.93844134,0.0009225225,0.009019875,0.0014890479,0.83850944,0.0009455398,0.008233866,0.0015794872,0.16487055,0.0011772419,0.012564322,0.002571538,0.04298696,0.0014427827,0.018660558,0.003436206,0.03452835,0.0015021812,0.02887768,0.003915435,0.017845746,0.0011559427,0.025113331,0.003402685,0.01372372,0.0009820902,0.026432548,0.003414612,0.0099904295,0.0009070535,0.028655887,0.0031709308
4082,/home/jupyter/dent_outputs/isic2019_v2/melanoma/hairs/seed4082/lambda_t_star5/style.png,0.0014229586,0.0053925305,0.0251388,0.0052120495,0.11824136,0.0145920785,0.09903562,0.02543051,0.019209182,0.01111189,0.01836776,0.0060973433,0.04563328,0.007301464,0.011185765,0.0061837872,0.017399633,0.005405049,0.015806785,0.00560168,0.013850088,0.008387283,0.020888185,0.0062234597,0.008917062,0.012790164,0.025260871,0.0059179906,0.004062668,0.010190876,0.03058384,0.0058674435,0.0021859328,0.008124735,0.030008981,0.006016203,0.0017915086,0.0069006183,0.029486114,0.005954283
4938,/home/jupyter/dent_outputs/isic2019_v2/melanoma/hairs/seed4938/lambda_t_star5/style.png,0.0038149436,0.003744892,0.13666475,0.0049229334,0.9984534,0.01597221,0.069688305,0.0022436855,0.9972416,0.017319124,0.08168705,0.0025554562,0.988218,0.008947764,0.07936517,0.0025974964,0.9683671,0.0076072374,0.096156575,0.00267323,0.9863847,0.00698806,0.06301311,0.001712634,0.9603005,0.00379082,0.065569595,0.0013882661,0.7925947,0.002372325,0.06549515,0.0013792254,0.013247414,0.0039026928,0.11939884,0.0047021154,0.0052746367,0.0037491412,0.13808599,0.004979996
4246,/home/jupyter/dent_outputs/isic2019_v2/melanoma/hairs/seed4246/lambda_t_star5/style.png,0.0008012215,0.0395135,0.030727077,0.0047230246,0.0053914185,0.10554152,0.024682298,0.007014654,0.0048464374,0.108799234,0.030445652,0.0066405595,0.053065345,0.068407774,0.03411937,0.0060294545,0.16067119,0.06065538,0.03793716,0.006584165,0.024693733,0.06565907,0.04502577,0.0065462478,0.002586082,0.07180909,0.045385282,0.0065116105,0.0017177566,0.066814065,0.040006343,0.0067434087,0.0011160201,0.049663287,0.03711166,0.0057261786,0.0009572488,0.04784388,0.036546756,0.005635874
4413,/home/jupyter/dent_outputs/isic2019_v2/melanoma/hairs/seed4413/lambda_t_star5/style.png,0.0016471038,0.036028624,0.024974927,0.0019327592,0.994909,0.0056648883,0.0014152357,0.00029054063,0.9916773,0.007165292,0.002256038,0.0003919,0.8959598,0.011579845,0.005206786,0.00069848757,0.35476223,0.016456578,0.005745671,0.0007871666,0.012687515,0.022924164,0.02630249,0.0018301847,0.0053361924,0.031141052,0.025163934,0.0019877704,0.003091139,0.033534244,0.026003802,0.0021869037,0.0022747286,0.03460375,0.023557037,0.0020062164,0.0018203208,0.035459623,0.024888316,0.0019353236
4941,/home/jupyter/dent_outputs/isic2019_v2/melanoma/hairs/seed4941/lambda_t_star5/style.png,0.0013248747,0.008471598,0.025425153,0.0014960406,0.71344906,0.08443097,0.02116062,0.0012907007,0.5666633,0.080106884,0.02572373,0.0014556132,0.08929333,0.13713048,0.03849795,0.0023582815,0.005259413,0.07953624,0.020992357,0.00222288,0.004779253,0.06418943,0.023377836,0.0022579373,0.0037611914,0.041406553,0.021830365,0.0019507089,0.0025656438,0.02181064,0.022734346,0.0017610473,0.0023825988,0.013859112,0.023383113,0.001832171,0.0017506,0.011949911,0.026941344,0.0017468244
4618,/home/jupyter/dent_outputs/isic2019_v2/melanoma/hairs/seed4618/lambda_t_star5/style.png,0.21019605,0.01238767,0.0003581241,0.0007931617,0.8032357,0.0085576745,0.00061262,0.0008491384,0.820066,0.012985797,0.0003782122,0.00054241315,0.6086041,0.008212248,0.00043854487,0.0004798936,0.61308146,0.008315479,0.00039893328,0.00052501255,0.4791597,0.009320944,0.00042587382,0.0006669139,0.3391097,0.01140016,0.0004714152,0.0008055991,0.21957022,0.011097858,0.00031105353,0.000664701,0.20365356,0.013013805,0.0003385531,0.00072958914,0.19458635,0.01179217,0.0003344724,0.00071836886
4583,/home/jupyter/dent_outputs/isic2019_v2/melanoma/hairs/seed4583/lambda_t_star5/style.png,0.020515127,0.002643098,0.0012214425,0.0010204318,0.98527795,0.0010534253,0.00028938206,0.0002871901,0.97189057,0.00032254195,0.00033455083,0.00024751187,0.06725593,0.0049533886,0.0006597061,0.00078541663,0.118358895,0.006236798,0.0008102429,0.0010073752,0.08519839,0.0069669513,0.0007405829,0.0008321148,0.041007627,0.0045327717,0.00066778593,0.00060899754,0.034224868,0.0029528795,0.0010339746,0.00089290435,0.026085168,0.0030147773,0.0010298078,0.00082772534,0.027412323,0.0031790019,0.0011443192,0.00095634133
4753,/home/jupyter/dent_outputs/isic2019_v2/melanoma/hairs/seed4753/lambda_t_star5/style.png,0.0023818973,0.09051131,0.0004901521,0.0016021256,0.99808156,0.0009779512,0.0002906944,0.00055433885,0.9540649,0.0024859752,0.00025387426,0.0008868956,0.9741556,0.0033888023,0.00020257823,0.00085099816,0.98148996,0.0069505353,0.00027420855,0.0011487555,0.94620115,0.023309857,0.00040874217,0.0013974061,0.15575023,0.08199407,0.0006439998,0.0026929048,0.007775376,0.12832916,0.0005436787,0.002054762,0.002762418,0.11487569,0.00054321095,0.0017141748,0.0024342118,0.092382796,0.0004962069,0.0016561182
4975,/home/jupyter/dent_outputs/isic2019_v2/melanoma/hairs/seed4975/lambda_t_star5/style.png,0.0006665685,0.07005211,0.0016438484,0.001241555,0.7528333,0.09395857,0.004699784,0.0027468146,0.8968867,0.042397924,0.002879157,0.0015701565,0.1176331,0.062088445,0.0036725649,0.002320772,0.007616711,0.15035148,0.005178511,0.0039840103,0.00069048745,0.2727513,0.0022212542,0.0019961,0.0007990443,0.18295439,0.0014496088,0.0014089831,0.0011164955,0.13870333,0.0017328094,0.0016389209,0.00080049614,0.096425265,0.0016769815,0.001397313,0.00075804093,0.080444574,0.0015988848,0.0012868991
4610,/home/jupyter/dent_outputs/isic2019_v2/melanoma/hairs/seed4610/lambda_t_star5/style.png,0.0062605264,0.0018768107,0.022464998,0.00228328,0.015596023,0.0030212284,0.017958902,0.0028810166,0.017648017,0.0022843631,0.01707167,0.002641526,0.016435923,0.0027463017,0.019040681,0.0029721402,0.016443139,0.0030353393,0.01734195,0.0030069235,0.016671278,0.0031343664,0.016414106,0.0027958453,0.012659239,0.0028427558,0.017269487,0.002765178,0.009230147,0.0023113175,0.016766267,0.0025052319,0.0069333403,0.002001336,0.016965711,0.0022672885,0.0061080037,0.0018150477,0.02095277,0.0022341104
4704,/home/jupyter/dent_outputs/isic2019_v2/melanoma/hairs/seed4704/lambda_t_star5/style.png,0.0026954045,0.0056646224,0.0017552985,0.0010444323,0.012404149,0.03128149,0.0027137618,0.0015427133,0.0086530335,0.004182387,0.0014143586,0.0008753839,0.008740714,0.005381698,0.0017657105,0.0011576772,0.010723421,0.011214149,0.0021191966,0.0014422168,0.0060519325,0.012484672,0.0018109583,0.0011886428,0.004252571,0.00941491,0.0015567956,0.0010248725,0.0034224337,0.0071609574,0.0016182478,0.0010597748,0.0031934893,0.0065005915,0.001701422,0.001053613,0.003428688,0.0064981068,0.0019616194,0.0012201825
4947,/home/jupyter/dent_outputs/isic2019_v2/melanoma/hairs/seed4947/lambda_t_star5/style.png,0.036531635,0.0070525534,0.00034231952,0.00023743372,0.1157735,0.017880548,0.00075926346,0.0005560865,0.23156403,0.009046112,0.00070272974,0.00050589134,0.19749534,0.013050838,0.0008019235,0.00053263025,0.18151844,0.01340432,0.00071657205,0.0005093441,0.07534766,0.016503291,0.0005643169,0.00035508504,0.052484162,0.010945843,0.00035431268,0.00023346528,0.051017653,0.0075708437,0.00029068222,0.00021851629,0.04692111,0.0076827896,0.00027501836,0.00021541206,0.04726293,0.006984326,0.0003088129,0.00023362695
4903,/home/jupyter/dent_outputs/isic2019_v2/melanoma/hairs/seed4903/lambda_t_star5/style.png,0.00081899704,0.0021194818,0.07701954,0.001679462,0.06283197,0.033687066,0.058151074,0.0041096364,0.04363572,0.02855628,0.0455172,0.0043437285,0.03725569,0.018661533,0.06991599,0.003473926,0.008872894,0.0047808997,0.0492714,0.0022379179,0.0054058176,0.003201272,0.075762026,0.0022970845,0.0032926302,0.0026333542,0.09681775,0.0019188155,0.0015984861,0.0021544758,0.07909813,0.0016571039,0.0011745453,0.0021095322,0.091636166,0.0016929085,0.00093017425,0.0020345633,0.08579972,0.0016414664
4883,/home/jupyter/dent_outputs/isic2019_v2/melanoma/hairs/seed4883/lambda_t_star5/style.png,0.0013819832,0.0012643449,0.01967764,0.0009835234,0.36633587,0.00035171548,0.0032209975,0.000690628,0.17642297,0.0010197972,0.0058477256,0.0010999255,0.2541963,0.0046601305,0.033227276,0.002886991,0.005236211,0.0021636405,0.020373235,0.0014792264,0.003914288,0.0028480482,0.02414646,0.0015571055,0.003565499,0.003240023,0.022718154,0.0018422033,0.0016767954,0.002093405,0.024996523,0.001275404,0.0016372716,0.0016429275,0.020611245,0.0011072941,0.001499665,0.0014720899,0.019379513,0.0010682456
4589,/home/jupyter/dent_outputs/isic2019_v2/melanoma/hairs/seed4589/lambda_t_star5/style.png,0.13889854,0.011147504,0.53377575,0.0013337008,0.6670904,0.006760469,0.06126234,0.0014546592,0.6193873,0.010540418,0.056977965,0.0013709664,0.963801,0.004657724,0.14014256,0.0009972397,0.94854397,0.0083296355,0.27455345,0.0012075491,0.9100424,0.011625814,0.39708942,0.0014679815,0.6579592,0.01264358,0.36800346,0.0014719,0.2623347,0.012671295,0.4254148,0.001601129,0.16914396,0.009053116,0.46382034,0.0013061154,0.20881814,0.009909904,0.47529128,0.0013214218
4489,/home/jupyter/dent_outputs/isic2019_v2/melanoma/hairs/seed4489/lambda_t_star5/style.png,0.005762396,0.004441003,0.00683557,0.0010915758,0.010339208,0.0035676074,0.013046468,0.0008391033,0.019921688,0.010200149,0.0071917246,0.001467704,0.033833798,0.013151555,0.010009691,0.0024922418,0.02508937,0.0066051916,0.008944263,0.0011787601,0.011859087,0.005830489,0.008060787,0.00091911,0.0044910978,0.010710634,0.008299372,0.0014879742,0.0032304141,0.009027947,0.007972495,0.00122104,0.0048802802,0.008192147,0.009206517,0.0013414116,0.005116277,0.0062418217,0.00808732,0.0012793617
4453,/home/jupyter/dent_outputs/isic2019_v2/melanoma/hairs/seed4453/lambda_t_star5/style.png,0.5150926,0.00307399,0.004198309,0.0025909091,0.5756028,0.0025462916,0.0014323716,0.0020175483,0.39097056,0.0013746284,0.00088708114,0.00097606296,0.24032529,0.0014162409,0.0008497664,0.00085217075,0.6488263,0.0018291858,0.0014593377,0.0011121607,0.66998607,0.0020732444,0.0021338237,0.0017397236,0.63038266,0.0023308762,0.0033233708,0.0021442275,0.6072492,0.0026194768,0.0038369861,0.0023377135,0.5906478,0.0035070663,0.004060134,0.002709121,0.55342513,0.0030683314,0.0040418706,0.0025183645
4290,/home/jupyter/dent_outputs/isic2019_v2/melanoma/hairs/seed4290/lambda_t_star5/style.png,0.003894869,0.0052848496,0.00094729906,0.00022056913,0.053453732,0.005135953,0.00062642276,0.0002998318,0.031675488,0.0033520923,0.0005347461,0.00021172581,0.02499297,0.009196812,0.0007478455,0.00027842168,0.042653285,0.0042045373,0.0014047073,0.00032923147,0.023563584,0.0030672492,0.0015098858,0.0002579924,0.0071498263,0.002838937,0.0007700554,0.0001834103,0.0041273045,0.0046703485,0.0010086712,0.0002373122,0.0047159893,0.0059900493,0.0009849046,0.00024460893,0.003792924,0.005154505,0.0010154597,0.00022287467
4657,/home/jupyter/dent_outputs/isic2019_v2/melanoma/hairs/seed4657/lambda_t_star5/style.png,0.121879905,0.16352466,0.00068736554,0.0016412797,0.09140517,0.031782497,0.0006803374,0.0010482711,0.10745419,0.10791885,0.0008499321,0.0017256268,0.20100653,0.16335955,0.0013969704,0.002546024,0.48795578,0.042276848,0.0008134162,0.0017479971,0.5306409,0.059865024,0.0005917431,0.0014673197,0.358264,0.1065522,0.00070420257,0.0015039816,0.24683261,0.11794114,0.0006386562,0.0015231981,0.17424797,0.13499518,0.0006025184,0.0014509464,0.15135698,0.14387836,0.0006093743,0.0014581388
4234,/home/jupyter/dent_outputs/isic2019_v2/melanoma/hairs/seed4234/lambda_t_star5/style.png,0.0005421746,0.015597062,0.010168626,0.0037344496,0.9664488,0.0005215386,0.00067468383,0.00015782585,0.13575384,0.016039936,0.026577648,0.018262748,0.026604464,0.015110776,0.020619165,0.015366647,0.014863845,0.017530281,0.013684051,0.0054832622,0.0048425454,0.028778754,0.00917595,0.004367998,0.0008416733,0.024765277,0.010474027,0.0048450115,0.0006158471,0.022429394,0.00996921,0.0042460426,0.00075253594,0.016827423,0.010091878,0.0038225166,0.0007474041,0.015595941,0.010120843,0.0039524683
4239,/home/jupyter/dent_outputs/isic2019_v2/melanoma/hairs/seed4239/lambda_t_star5/style.png,0.0010159197,0.04820807,0.0017131534,0.00045082386,0.009352593,0.047655433,0.0014754602,0.00042775596,0.005632054,0.087997064,0.0013696052,0.0006776352,0.0033792981,0.13296746,0.0012936698,0.00061307766,0.005677085,0.12233536,0.0013627295,0.000572237,0.004759526,0.10074786,0.0011820244,0.0005320865,0.0044901576,0.086847335,0.0010828401,0.00041950707,0.0026623758,0.07157608,0.0011361267,0.0003780338,0.002041207,0.060172234,0.0013626498,0.00042204437,0.0012627899,0.04782137,0.0015564264,0.00044187036
4966,/home/jupyter/dent_outputs/isic2019_v2/melanoma/hairs/seed4966/lambda_t_star5/style.png,0.00051859824,0.006579454,0.050207566,0.0018158157,0.9615102,0.00873184,0.06750639,0.0020507483,0.9652025,0.006767084,0.06616572,0.0018511553,0.97018135,0.008272697,0.061783385,0.0019320502,0.9723723,0.008488401,0.051419742,0.0019982974,0.97057813,0.012220852,0.07016194,0.0021588986,0.2598932,0.008048896,0.09226435,0.002062869,0.12534745,0.008091434,0.0741507,0.0019861518,0.004129234,0.010351399,0.084160626,0.0024785686,0.0006623915,0.00863997,0.050667197,0.0021286083
4214,/home/jupyter/dent_outputs/isic2019_v2/melanoma/hairs/seed4214/lambda_t_star5/style.png,0.07100838,0.0073497286,0.00032716108,0.0005182484,0.59930235,0.0026972522,0.00023746835,0.00039544023,0.95792186,0.0005524802,0.00030741259,0.00030615405,0.8826553,0.0018179284,0.00036875063,0.00083805795,0.8643609,0.004227818,0.0002644929,0.00072758814,0.17354749,0.003979842,0.0003830697,0.00076924387,0.06594506,0.0050267274,0.0003424003,0.00053288514,0.0974893,0.006879055,0.00031945598,0.00054834096,0.0835524,0.007684596,0.00032369528,0.0005273769,0.0674333,0.0073923767,0.00031434384,0.00049224927
4060,/home/jupyter/dent_outputs/isic2019_v2/melanoma/hairs/seed4060/lambda_t_star5/style.png,0.0047981353,0.028420761,0.009441247,0.0030575146,0.6912342,0.026301183,0.011269325,0.0035055352,0.16922276,0.08351595,0.0027403776,0.0021657897,0.08859816,0.11962898,0.0033577268,0.0031088411,0.026301092,0.11920029,0.006593547,0.004999399,0.032742724,0.08116259,0.009085282,0.0048908424,0.014295278,0.07938413,0.008940096,0.0046894345,0.009113344,0.05926243,0.008986291,0.0044296817,0.006462737,0.04085509,0.008721025,0.0036234153,0.005058196,0.032842137,0.009763216,0.003537792
4276,/home/jupyter/dent_outputs/isic2019_v2/melanoma/hairs/seed4276/lambda_t_star5/style.png,0.025145292,0.013031458,0.3859637,0.004640892,0.9995938,0.0018389655,0.05779268,0.00058234413,0.9995153,0.003500222,0.112106144,0.0010403438,0.9991541,0.0055822544,0.13187382,0.0013917596,0.99854004,0.0060867094,0.07336041,0.0011375769,0.99207765,0.010638786,0.082870446,0.0019529075,0.94812566,0.011732348,0.13593958,0.0023702371,0.58786714,0.017000316,0.27506223,0.003372526,0.09112814,0.017047819,0.32564133,0.004470835,0.03183348,0.013573337,0.32886514,0.004305424
4473,/home/jupyter/dent_outputs/isic2019_v2/melanoma/hairs/seed4473/lambda_t_star5/style.png,0.018035365,0.020620892,0.006262738,0.0066563333,0.36889523,0.013965707,0.0050645326,0.0046210485,0.32305768,0.013856407,0.0061834184,0.006227481,0.40267193,0.016405787,0.0060919384,0.005989263,0.20853561,0.01647464,0.005174472,0.005326293,0.115161516,0.011672978,0.0036814425,0.0040343665,0.07447082,0.016548427,0.004050204,0.004951335,0.045865376,0.017182006,0.0050645466,0.0056220377,0.034265794,0.020365275,0.005491542,0.006205296,0.022654653,0.021050695,0.005995844,0.006512773
4816,/home/jupyter/dent_outputs/isic2019_v2/melanoma/hairs/seed4816/lambda_t_star5/style.png,0.009912468,0.0045773694,0.86306316,0.0023564738,0.99613273,0.007644243,0.7180261,0.0013994836,0.99500436,0.005341173,0.6679954,0.0013693979,0.99410135,0.008012085,0.75224924,0.0018497953,0.99488884,0.00777139,0.6526766,0.002352831,0.9609905,0.005291165,0.6114249,0.0022212858,0.8077135,0.0032399262,0.74538904,0.0019784565,0.13228554,0.0038008816,0.7795129,0.0021964733,0.013939262,0.0044458043,0.8071996,0.002095148,0.012093701,0.004631705,0.83771855,0.0021286367
4836,/home/jupyter/dent_outputs/isic2019_v2/melanoma/hairs/seed4836/lambda_t_star5/style.png,0.039929014,0.025760949,0.0050697275,0.0064328555,0.99863213,0.0013121876,0.00042332913,0.0005281012,0.9954093,0.007931695,0.0010267411,0.002452748,0.94238955,0.004238231,0.0009774072,0.0020034001,0.87969416,0.010227245,0.0036106792,0.0054391124,0.7932988,0.025278652,0.0068246233,0.010318462,0.5754947,0.027820809,0.0075165797,0.007957537,0.26637632,0.029876266,0.0049177716,0.006374803,0.08940342,0.027834807,0.0048090974,0.0063011753,0.044079322,0.028337555,0.0052087354,0.0068139574
4193,/home/jupyter/dent_outputs/isic2019_v2/melanoma/hairs/seed4193/lambda_t_star5/style.png,0.0066032046,0.5647932,0.0031792496,0.005448618,0.018232098,0.6753819,0.0055312496,0.005632599,0.007693291,0.57997817,0.0024530129,0.0049824896,0.007526924,0.6009009,0.0029003748,0.0061443467,0.007625481,0.5960998,0.002596475,0.0043112044,0.009491863,0.60321134,0.0031191616,0.0045285155,0.010178445,0.6234374,0.0033255084,0.0049784346,0.008181341,0.6599676,0.0032256134,0.0051182946,0.007566355,0.61230814,0.0030225858,0.0050251656,0.007712937,0.5509587,0.0029400156,0.00518643
4446,/home/jupyter/dent_outputs/isic2019_v2/melanoma/hairs/seed4446/lambda_t_star5/style.png,0.004699746,0.026150146,0.0008977806,0.0013376978,0.15157911,0.031400025,0.00037300785,0.00087720033,0.16013613,0.025253521,0.00021603303,0.00051794545,0.16151008,0.015075219,0.0002642996,0.000671006,0.030563472,0.018847313,0.00075826206,0.0016306831,0.027573396,0.022117574,0.0015449175,0.0028665618,0.014063157,0.022699371,0.0009953282,0.0019314995,0.00866512,0.022313148,0.00071994006,0.0013290921,0.0059240647,0.022668144,0.0007298092,0.0012049215,0.0050954577,0.02598054,0.00077541586,0.0012153843
4493,/home/jupyter/dent_outputs/isic2019_v2/melanoma/hairs/seed4493/lambda_t_star5/style.png,0.0029497617,0.22162399,0.029694544,0.0038676911,0.9518362,0.024241503,0.018533198,0.0016249694,0.9591713,0.06350505,0.015231982,0.0024422784,0.9552474,0.110534005,0.018955193,0.0026407621,0.6956516,0.1373375,0.013664198,0.0024493854,0.99760455,0.050848704,0.033722207,0.0022578116,0.9942445,0.08958708,0.017263912,0.002125402,0.019935876,0.27137333,0.031435393,0.0044330643,0.009436463,0.257929,0.038664006,0.004719395,0.0038286827,0.230482,0.031926364,0.004056876
4707,/home/jupyter/dent_outputs/isic2019_v2/melanoma/hairs/seed4707/lambda_t_star5/style.png,0.0059790886,0.020338167,0.0045606014,0.0016974742,0.012445532,0.009465279,0.008658606,0.0015025288,0.019046783,0.012788082,0.006539692,0.0014785053,0.08268212,0.012153036,0.0058491537,0.001687459,0.009022952,0.023909196,0.005581754,0.0015776497,0.0073425206,0.018008731,0.006434471,0.0018360155,0.0071261437,0.017595576,0.0052995738,0.001675387,0.008993967,0.017995516,0.0049461173,0.0017278236,0.00795023,0.01725116,0.0051245093,0.0018015973,0.0062223594,0.019669563,0.0048031625,0.001731627
4126,/home/jupyter/dent_outputs/isic2019_v2/melanoma/hairs/seed4126/lambda_t_star5/style.png,0.00021860047,0.005416838,0.035348184,0.0012131579,0.67867506,0.009863734,0.012253955,0.0016974006,0.84795237,0.011561381,0.019289372,0.0017567889,0.9032951,0.009167357,0.017940158,0.0016673076,0.91936296,0.009865532,0.015704092,0.0016980406,0.92673737,0.008569752,0.014612731,0.0015803162,0.028427927,0.00818066,0.024873426,0.0013631299,0.0037134767,0.00815562,0.029248051,0.0014405266,0.0005514798,0.0066894316,0.0359776,0.001256159,0.00026730436,0.0059897113,0.034563217,0.001186167
4668,/home/jupyter/dent_outputs/isic2019_v2/melanoma/hairs/seed4668/lambda_t_star5/style.png,0.014622133,0.06377923,0.0006459484,0.00067657785,0.07768905,0.07063719,0.00025163914,0.0002814423,0.055102296,0.09109933,0.0003272503,0.000355348,0.052521467,0.10779929,0.00034668465,0.0003799693,0.046207838,0.17548755,0.00063340185,0.00058078684,0.019750737,0.19326416,0.0006666048,0.00058210886,0.018719526,0.17198469,0.0007155638,0.0007208906,0.016700372,0.104188286,0.0006510833,0.00070596405,0.019047044,0.07118237,0.00060528977,0.0006976098,0.016053353,0.057695545,0.0006724323,0.0007053477
4532,/home/jupyter/dent_outputs/isic2019_v2/melanoma/hairs/seed4532/lambda_t_star5/style.png,0.0011988116,0.0030626683,0.022163803,0.00829074,0.98443884,0.0043575712,0.014985326,0.0029411537,0.96880007,0.0053003733,0.020585677,0.004688308,0.96140426,0.0057425746,0.020157069,0.004981593,0.9454276,0.0073120515,0.021601336,0.0058123665,0.8989069,0.009613084,0.05228051,0.009017424,0.28662887,0.006088997,0.033648267,0.012404995,0.0029830316,0.0045527155,0.01955719,0.010585866,0.0012998873,0.0031064276,0.019241538,0.008164766,0.0011857486,0.003014485,0.020214278,0.007951215
4621,/home/jupyter/dent_outputs/isic2019_v2/melanoma/hairs/seed4621/lambda_t_star5/style.png,0.0041370946,0.0007163645,0.0102497,0.0012655648,0.021080064,0.007931132,0.008736308,0.002498182,0.011980142,0.002775135,0.008844261,0.0018702825,0.009187823,0.0027188472,0.010290302,0.00161638,0.008752501,0.0024733418,0.009284148,0.0015554996,0.007893702,0.0016442272,0.010628255,0.0015658784,0.0084825475,0.001484535,0.011433441,0.0014846368,0.0071549024,0.0011078102,0.011489135,0.0013306729,0.0057499707,0.00081257604,0.01028071,0.0012279225,0.0046914783,0.0007743311,0.009891033,0.001248295
4732,/home/jupyter/dent_outputs/isic2019_v2/melanoma/hairs/seed4732/lambda_t_star5/style.png,0.000566068,0.031186413,0.042919084,0.0068708938,0.9980726,0.034156863,0.04221537,0.004009151,0.9978654,0.022493012,0.029803906,0.0031032115,0.90416485,0.038080137,0.05560426,0.008083752,0.8755031,0.06603167,0.059277993,0.013315841,0.8080316,0.07028245,0.056349196,0.015185206,0.5129572,0.065788776,0.061384138,0.0155871315,0.08066765,0.04001921,0.054868218,0.012335578,0.0021520199,0.041222457,0.051121674,0.011058093,0.00070772594,0.032239556,0.044706125,0.007279178
4456,/home/jupyter/dent_outputs/isic2019_v2/melanoma/hairs/seed4456/lambda_t_star5/style.png,0.18233594,0.023325862,0.0075687836,0.0060895598,0.99720865,0.0018918224,0.00042337086,0.0005964522,0.99214655,0.00783032,0.0027701012,0.0052174595,0.9909566,0.017249098,0.0068657254,0.0055371937,0.99465287,0.016034216,0.0064588613,0.0055690403,0.99299145,0.010925228,0.0021722545,0.0030175464,0.82650065,0.01774258,0.005783939,0.0073955334,0.22194824,0.022989543,0.0072133755,0.0062491936,0.18661034,0.0250439,0.0076545626,0.0066418713,0.19098966,0.026601402,0.008470724,0.0071591134
4786,/home/jupyter/dent_outputs/isic2019_v2/melanoma/hairs/seed4786/lambda_t_star5/style.png,0.001263507,0.028196407,0.019194396,0.0048513478,0.9987841,0.015328132,0.0029101907,0.0012604989,0.9703764,0.02182222,0.006954302,0.0025101905,0.5904219,0.014744495,0.0028502508,0.0015364388,0.0042650253,0.0210021,0.00826669,0.0044839317,0.0037706457,0.026548406,0.019351773,0.007429213,0.002393437,0.03207592,0.022072338,0.0072257547,0.0023327034,0.032394506,0.024502479,0.00748667,0.0017151037,0.028337132,0.022508143,0.005977032,0.001429795,0.027480807,0.02003746,0.005233581
4757,/home/jupyter/dent_outputs/isic2019_v2/melanoma/hairs/seed4757/lambda_t_star5/style.png,0.0034379011,0.0629017,0.0118321115,0.0029090967,0.2337502,0.2507539,0.016861103,0.0047499966,0.16509275,0.16412468,0.01210903,0.0037366943,0.30263808,0.08968034,0.0099581145,0.0030336746,0.2593746,0.09505318,0.008777685,0.0031560997,0.13621102,0.12101895,0.012453095,0.0040471163,0.054497425,0.11083752,0.015085736,0.00462407,0.032009043,0.0822468,0.015896676,0.005127702,0.012324544,0.08807106,0.014373437,0.0044808653,0.004190776,0.07665553,0.01082941,0.0032267608
4492,/home/jupyter/dent_outputs/isic2019_v2/melanoma/hairs/seed4492/lambda_t_star5/style.png,0.012493587,0.0011536337,0.0014446939,0.0003850387,0.110561475,0.0009411232,0.0020343727,0.00039426467,0.11040015,0.0012223579,0.0014584472,0.00049198064,0.036447443,0.0005125441,0.00042495667,0.00017590534,0.05222551,0.0005809515,0.00033459836,0.00015415392,0.10518154,0.0006745752,0.0011642961,0.0003183912,0.03413454,0.00073008717,0.0007213022,0.00022322283,0.013653104,0.0010142733,0.0009613356,0.000250846,0.01401516,0.001448907,0.0013096625,0.00034762174,0.013866204,0.0014110006,0.0016063054,0.00043059752
4000,/home/jupyter/dent_outputs/isic2019_v2/melanoma/hairs/seed4000/lambda_t_star5/style.png,0.004133503,0.07266784,0.0026901208,0.0024432484,0.8191179,0.00764174,0.00017011148,0.0006384343,0.5822991,0.007833517,0.00019113565,0.00047880475,0.8006859,0.019634144,0.00025932185,0.0005027099,0.75266373,0.03167252,0.00036022015,0.0005684093,0.47330233,0.058368962,0.0008103804,0.0009919184,0.1189213,0.0510731,0.0013318394,0.0014494654,0.026292808,0.0573469,0.002014668,0.0020386628,0.006869472,0.068627186,0.0030619188,0.0029022773,0.0044951886,0.074367605,0.0028504082,0.0025693218
4022,/home/jupyter/dent_outputs/isic2019_v2/melanoma/hairs/seed4022/lambda_t_star5/style.png,0.0070121475,0.09091273,0.08369532,0.011206586,0.9998691,0.043198545,0.047428746,0.0034009828,0.9998591,0.037996266,0.040416013,0.0030137012,0.9998425,0.027936272,0.03837246,0.0027213905,0.9998275,0.017914282,0.050166685,0.0026343549,0.99962604,0.018644271,0.059175853,0.0031356106,0.99930537,0.01706764,0.05024392,0.002959837,0.96573436,0.033521116,0.0754528,0.0056422534,0.088360764,0.077560306,0.09313752,0.01043452,0.022187937,0.08304242,0.07889722,0.010181949
4188,/home/jupyter/dent_outputs/isic2019_v2/melanoma/hairs/seed4188/lambda_t_star5/style.png,0.0015892932,0.05248103,0.018489534,0.0043192194,0.69400215,0.04012746,0.05345046,0.0028469258,0.61246485,0.03964083,0.05040731,0.0028474296,0.5812242,0.019599544,0.05243145,0.0020240818,0.64753973,0.0134063065,0.0472194,0.0020262238,0.51832277,0.03891458,0.02410397,0.0029720566,0.3941264,0.043626226,0.02282604,0.0038200896,0.0041777086,0.04760986,0.016550655,0.0033823922,0.0029358522,0.049976304,0.018258343,0.0038612317,0.0020318385,0.05571956,0.018828426,0.0043053627
4561,/home/jupyter/dent_outputs/isic2019_v2/melanoma/hairs/seed4561/lambda_t_star5/style.png,0.025950348,0.047055792,0.00034227938,0.00038746322,0.81063795,0.0029735975,0.0004531386,0.0003578613,0.78304124,0.005639357,0.0004946021,0.00045547003,0.78603566,0.011306545,0.0008523924,0.0008046159,0.7256771,0.01643584,0.00069990894,0.000656233,0.42073253,0.025525754,0.00033763514,0.00034553028,0.22928697,0.04465942,0.00028163102,0.00043542506,0.089948624,0.049556255,0.00026308777,0.0003897794,0.05112895,0.04679917,0.000326494,0.00041979755,0.03393097,0.04778163,0.0003084504,0.00037951136
4459,/home/jupyter/dent_outputs/isic2019_v2/melanoma/hairs/seed4459/lambda_t_star5/style.png,0.033481438,0.09304042,0.013232743,0.008992046,0.40921652,0.048282634,0.021654328,0.0052409493,0.13376859,0.059201226,0.011801532,0.0044813077,0.06278049,0.061830103,0.012675489,0.0077576134,0.04908947,0.10746796,0.0078221215,0.0073082866,0.03557209,0.18826544,0.0076898998,0.0065434948,0.0409732,0.19450057,0.008728225,0.007066381,0.04284157,0.13959831,0.012889326,0.009552472,0.042835988,0.11559319,0.012437107,0.008634291,0.03418574,0.11114683,0.013030948,0.008682546
4822,/home/jupyter/dent_outputs/isic2019_v2/melanoma/hairs/seed4822/lambda_t_star5/style.png,0.0009394743,0.012560807,0.1255073,0.0035230299,0.9927596,0.011806415,0.22920565,0.0054007797,0.9965215,0.004387237,0.23751979,0.0049579265,0.986832,0.011319505,0.4797731,0.0049204486,0.9783034,0.0067775687,0.10975701,0.0043576085,0.9235697,0.009375555,0.12085037,0.004907068,0.65204656,0.009468024,0.09784151,0.0040285196,0.16279818,0.011561964,0.07021258,0.0032866625,0.0014722014,0.017951552,0.13926384,0.0038389973,0.0010336111,0.01562487,0.124216974,0.0037921458
4718,/home/jupyter/dent_outputs/isic2019_v2/melanoma/hairs/seed4718/lambda_t_star5/style.png,0.00047195583,0.00815705,0.009690865,0.0011793217,0.00042978002,0.0053092553,0.008996403,0.00082786294,0.0015215969,0.0034752071,0.010180223,0.00069942913,0.003998899,0.0034836445,0.01272439,0.0007889321,0.0011179929,0.0047864183,0.010186693,0.00084794295,0.0004662986,0.0060544997,0.011116266,0.00087660877,0.00047072524,0.006509538,0.009730689,0.00095841504,0.00040028375,0.0054282662,0.009476677,0.00088059786,0.00042392573,0.006120785,0.01031505,0.001017789,0.00046453465,0.006979241,0.009636064,0.0011153644
4635,/home/jupyter/dent_outputs/isic2019_v2/melanoma/hairs/seed4635/lambda_t_star5/style.png,0.00035232335,0.0049235895,0.02406158,0.003465631,0.034092534,0.008516273,0.14516845,0.007500096,0.0171945,0.0053799655,0.12549257,0.0063510644,0.0141806025,0.004491059,0.13852334,0.0058234422,0.019784434,0.005586335,0.13123614,0.005875799,0.024368813,0.005497991,0.112503275,0.006094534,0.027209297,0.005140162,0.077093974,0.0048245587,0.024771657,0.004876674,0.03943371,0.004271983,0.002662129,0.003441962,0.02753952,0.0032550257,0.00046845997,0.0043930872,0.025536638,0.0033662587
4758,/home/jupyter/dent_outputs/isic2019_v2/melanoma/hairs/seed4758/lambda_t_star5/style.png,0.0038039684,0.25227064,0.0029355015,0.0034195809,0.43028387,0.11214489,0.00073068193,0.0012949421,0.4729285,0.025834126,0.0010777254,0.0014089536,0.032557048,0.1702292,0.0017495946,0.0021486394,0.0149987135,0.10358234,0.002656265,0.0032611534,0.03300631,0.15991664,0.0022748064,0.0029368685,0.012900997,0.21272875,0.002096725,0.0026279658,0.005424584,0.28068823,0.002379527,0.0030671766,0.004078268,0.2739454,0.0024324905,0.0031533544,0.0037780418,0.26767004,0.0027966113,0.0033958165
4238,/home/jupyter/dent_outputs/isic2019_v2/melanoma/hairs/seed4238/lambda_t_star5/style.png,0.27921718,0.0135763185,0.0017918301,0.0014209036,0.8571512,0.0048176907,0.0008982487,0.00051870156,0.75265634,0.022010157,0.0017366837,0.0012095972,0.79573274,0.014192793,0.0016812137,0.0013717808,0.64802945,0.0073234513,0.00190039,0.001134027,0.56491596,0.010193263,0.0024362968,0.0014150236,0.6014117,0.011047466,0.002184122,0.0014699034,0.59033275,0.013720693,0.001590654,0.0012580953,0.40735123,0.021259233,0.0018011027,0.001487759,0.3304703,0.018166473,0.0018839138,0.0015637976
4007,/home/jupyter/dent_outputs/isic2019_v2/melanoma/hairs/seed4007/lambda_t_star5/style.png,0.001359681,0.024479974,0.08138415,0.0036576649,0.91839623,0.0037881306,0.013977617,0.0012289897,0.98676294,0.011341122,0.006457207,0.0014450666,0.99965084,0.026056558,0.005389562,0.0012914521,0.99974495,0.011480127,0.0074329693,0.0013118158,0.9718698,0.013135876,0.024399526,0.0026915746,0.009457217,0.03905121,0.1392194,0.006714429,0.0028205172,0.035665732,0.12799163,0.0058898763,0.0017935904,0.035470992,0.09212631,0.0042983615,0.0016741522,0.027525604,0.08493543,0.0038881165
4523,/home/jupyter/dent_outputs/isic2019_v2/melanoma/hairs/seed4523/lambda_t_star5/style.png,0.0017089426,0.12867267,0.0027184903,0.0010856626,0.0032651222,0.12342393,0.023026401,0.0053561274,0.01997524,0.027188016,0.0037660238,0.0012681083,0.024341013,0.05824489,0.004373262,0.0014775138,0.020756993,0.06022082,0.0015715612,0.0009967971,0.00872481,0.06861244,0.0015101208,0.00082290644,0.004864088,0.07910529,0.0020679543,0.00093027885,0.003518329,0.09049668,0.0038023586,0.001216862,0.0027168412,0.118665226,0.0037015316,0.0011377751,0.0022613562,0.13657007,0.003246127,0.0012264614
4337,/home/jupyter/dent_outputs/isic2019_v2/melanoma/hairs/seed4337/lambda_t_star5/style.png,0.00206272,0.09170551,0.009743105,0.0036231915,0.85790366,0.0015353641,0.0010162925,0.00052032113,0.2645531,0.054181658,0.006215208,0.0025324586,0.1139104,0.06378189,0.014020478,0.004335903,0.039428744,0.07644095,0.0101986,0.005556065,0.010355766,0.08914646,0.009060785,0.004604925,0.0060458113,0.08830459,0.011172451,0.0051783,0.0034579881,0.08723626,0.013031991,0.005189949,0.002152192,0.08526614,0.00981883,0.0041370867,0.0021377585,0.098086916,0.009439419,0.0038566436
4504,/home/jupyter/dent_outputs/isic2019_v2/melanoma/hairs/seed4504/lambda_t_star5/style.png,0.48500165,0.053696707,0.0011107911,0.0023952343,0.40061817,0.0057168906,0.0012188641,0.0014959815,0.27172774,0.0056167413,0.0006588698,0.0011864846,0.13419154,0.03692756,0.0012171644,0.0015287291,0.5784614,0.020048548,0.0013315261,0.0019768914,0.56994206,0.038592145,0.0008506666,0.0019351505,0.54327667,0.039580658,0.0007542986,0.0018271505,0.583354,0.047777206,0.0010626166,0.002322568,0.49333656,0.055122152,0.0011433854,0.0024777963,0.51843286,0.058158364,0.0010554307,0.0022875061
4616,/home/jupyter/dent_outputs/isic2019_v2/melanoma/hairs/seed4616/lambda_t_star5/style.png,0.0016417188,0.0024069336,0.005258547,0.001058631,0.9535108,0.0028958155,0.0034948704,0.0010531509,0.82648194,0.0019993512,0.005965071,0.0011122052,0.8404252,0.0021353501,0.0061842883,0.001017185,0.6861569,0.0024839337,0.005970013,0.0009676389,0.7381914,0.0022872407,0.004616971,0.0008468936,0.047153305,0.0028251372,0.004303227,0.0008887096,0.002432707,0.0026966995,0.0058955634,0.0011642461,0.0021467377,0.0029869073,0.0058114845,0.0011554341,0.0017818308,0.0026342345,0.0060780924,0.0011259468
4059,/home/jupyter/dent_outputs/isic2019_v2/melanoma/hairs/seed4059/lambda_t_star5/style.png,0.05731851,0.0050259237,0.007507088,0.0016367503,0.9999409,0.012555284,0.0009286396,0.00040003652,0.9981489,0.0049680267,0.00040077532,0.00021727597,0.99937016,0.0057588452,0.00036323702,0.00019381802,0.9989127,0.0031432975,0.00036124012,0.00020165993,0.97701615,0.0061079892,0.0009005711,0.00027847532,0.65812415,0.004558835,0.0014301063,0.0004752684,0.045214728,0.0053720023,0.0065202657,0.001580323,0.05064992,0.0048753927,0.0057771998,0.0014059626,0.058817208,0.0053959535,0.0065121413,0.0014463051
4219,/home/jupyter/dent_outputs/isic2019_v2/melanoma/hairs/seed4219/lambda_t_star5/style.png,0.014122214,0.02592682,0.00038369396,0.00034395274,0.9762808,0.0010731949,0.00040829196,0.0006597228,0.9430236,0.0039047846,0.0010465941,0.0012879947,0.90312946,0.0043973313,0.0014072063,0.0018472845,0.09190127,0.018056927,0.0025343047,0.0030655,0.07391396,0.014463578,0.00060854555,0.00070014305,0.026573112,0.036108892,0.0003597284,0.00038803098,0.026609708,0.03680858,0.00031800527,0.0002921556,0.018992545,0.028586939,0.00034612883,0.00032737482,0.014901308,0.026794344,0.0003568539,0.00034671027
4530,/home/jupyter/dent_outputs/isic2019_v2/melanoma/hairs/seed4530/lambda_t_star5/style.png,0.002920206,0.005838137,0.01316278,0.005693733,0.97896224,0.014208373,0.011053901,0.0058316696,0.99201715,0.018316103,0.016581325,0.006045568,0.9665773,0.027404733,0.025232084,0.013084219,0.923949,0.016547231,0.021381397,0.012386475,0.91702306,0.0112422975,0.015125173,0.009026999,0.35408607,0.006586994,0.015751902,0.009073377,0.03964199,0.008206118,0.016632268,0.0078099305,0.008294006,0.0073416447,0.016039545,0.007090786,0.0031111697,0.005832571,0.013749521,0.0052999062
4778,/home/jupyter/dent_outputs/isic2019_v2/melanoma/hairs/seed4778/lambda_t_star5/style.png,0.89281905,0.0006256754,0.0029571252,0.0005361609,0.9467896,0.001102826,0.0018411934,0.0009779297,0.9923706,0.0007859482,0.0010417557,0.0005706515,0.9823716,0.00040067354,0.00039375047,0.00030936013,0.9816622,0.00057685084,0.00070630666,0.00044390874,0.98154956,0.00069953344,0.001608373,0.00056443474,0.96576405,0.0006387679,0.00087272417,0.00040414042,0.9386019,0.0007443935,0.0016545573,0.0004361144,0.92583054,0.00064260134,0.0019481333,0.0003976674,0.9018127,0.0006702726,0.0027598185,0.0005225677
4345,/home/jupyter/dent_outputs/isic2019_v2/melanoma/hairs/seed4345/lambda_t_star5/style.png,0.020728782,0.050348245,0.0094373105,0.00247056,0.99767846,0.009603913,0.0033684175,0.0010500296,0.85655475,0.004219681,0.0027745927,0.0009939853,0.061880764,0.029300578,0.0131376805,0.003074997,0.020487258,0.05643968,0.011744384,0.0025799677,0.014893934,0.046984673,0.012069559,0.0025848192,0.01763084,0.04571985,0.013451186,0.0034065472,0.019583626,0.054990605,0.012291098,0.0032707152,0.0202984,0.051172286,0.009443445,0.0025219268,0.02067671,0.053048577,0.00948119,0.0024588187
4097,/home/jupyter/dent_outputs/isic2019_v2/melanoma/hairs/seed4097/lambda_t_star5/style.png,0.0001461693,0.016000997,0.0540242,0.0013074441,0.7456652,0.07456235,0.072431676,0.004721234,0.69513446,0.058674693,0.09023945,0.0042778733,0.64938927,0.057650514,0.11053689,0.0048636724,0.6314569,0.064146236,0.08555129,0.00451617,0.5444711,0.04962435,0.09371006,0.003933849,0.5447099,0.03991602,0.09893288,0.0030434856,0.0002301843,0.03166888,0.050556853,0.0015068608,0.00015915725,0.018919373,0.052323952,0.0012899406,0.00014598445,0.017464947,0.050384514,0.0012091249
4989,/home/jupyter/dent_outputs/isic2019_v2/melanoma/hairs/seed4989/lambda_t_star5/style.png,0.01753061,0.10368849,0.00812535,0.006592219,0.792791,0.112810686,0.00036250107,0.000581592,0.97532266,0.032137062,0.00048284695,0.00067075633,0.9735791,0.012682629,0.00035919397,0.00048427537,0.94449586,0.011513548,0.0011058284,0.0010519346,0.9030335,0.026223179,0.0018803406,0.0021389297,0.35984474,0.0442743,0.0049255197,0.0048983484,0.03368511,0.055625673,0.0061710416,0.0059803356,0.01695084,0.07793906,0.0058895745,0.0060486547,0.016630609,0.08857179,0.006924842,0.0061440235
4623,/home/jupyter/dent_outputs/isic2019_v2/melanoma/hairs/seed4623/lambda_t_star5/style.png,0.0007420473,0.30481106,0.03440014,0.001979662,0.5637791,0.20697677,0.03530602,0.0045382073,0.52217764,0.22169727,0.044295423,0.0053892685,0.19981815,0.4436813,0.044661712,0.005486794,0.11345509,0.4172799,0.039838374,0.0051289233,0.03441715,0.43556765,0.048527423,0.004495216,0.0077016614,0.44031566,0.042622242,0.0032374908,0.0016063728,0.33900502,0.037485164,0.0024918031,0.0010796115,0.33863053,0.033654694,0.00212851,0.0007852887,0.31555048,0.035857707,0.0020576802
4841,/home/jupyter/dent_outputs/isic2019_v2/melanoma/hairs/seed4841/lambda_t_star5/style.png,0.0011827033,0.007281101,0.38994822,0.0027140677,0.38089487,0.018508637,0.05488734,0.0036515323,0.018313052,0.011603359,0.2786942,0.0026130937,0.021606632,0.012828887,0.33271265,0.003143289,0.012142937,0.009804839,0.3177292,0.0025484955,0.007358191,0.010985864,0.33782208,0.0027588173,0.003969262,0.009835705,0.32977614,0.0027530484,0.002098833,0.010556852,0.35723612,0.0028142086,0.0011971189,0.008214827,0.35443717,0.0026353498,0.0012205587,0.008480386,0.39136726,0.002660304
4792,/home/jupyter/dent_outputs/isic2019_v2/melanoma/hairs/seed4792/lambda_t_star5/style.png,0.019340858,0.0024523945,0.0178438,0.0021618765,0.0069044433,0.011063679,0.0819751,0.0045206547,0.26650125,0.009388398,0.028350905,0.0030631751,0.19960968,0.0069787786,0.02684174,0.002465771,0.21794194,0.0032176278,0.016103495,0.0013882774,0.16955186,0.0021553556,0.011648009,0.0009958764,0.17897463,0.0019358257,0.009950905,0.0010247236,0.121096715,0.0019591593,0.010858518,0.0011886706,0.039120443,0.00219535,0.012009077,0.001671012,0.022845035,0.0024101324,0.015549062,0.0020052572
4543,/home/jupyter/dent_outputs/isic2019_v2/melanoma/hairs/seed4543/lambda_t_star5/style.png,0.004073336,0.24137712,0.03455363,0.006212334,0.9978808,0.051661767,0.017608125,0.0040042624,0.9953837,0.077197604,0.016867563,0.004051289,0.98966265,0.113219514,0.012548116,0.0043214737,0.9882881,0.16506717,0.013900105,0.0047481214,0.9792483,0.13658822,0.027274957,0.0064812563,0.41932046,0.22470847,0.028123861,0.0057465727,0.25480738,0.2808824,0.031847093,0.0063124024,0.018211579,0.31698987,0.039635718,0.007749781,0.004918938,0.28294948,0.036067933,0.0063896617
4729,/home/jupyter/dent_outputs/isic2019_v2/melanoma/hairs/seed4729/lambda_t_star5/style.png,0.0009811976,0.0084205065,0.05624923,0.0018135977,0.0152710425,0.07421957,0.039606113,0.00293526,0.00913464,0.0792556,0.04313086,0.0024011766,0.004285072,0.05046444,0.06929352,0.0027398982,0.0029371642,0.025505828,0.07077688,0.0023463056,0.0026647307,0.024745304,0.069245346,0.0023404097,0.0023132665,0.020933483,0.0639889,0.0022470902,0.0016870863,0.016539823,0.06377098,0.0021966791,0.0013181104,0.012385705,0.06128853,0.001991338,0.0011946157,0.010593684,0.06399427,0.0021224348
4761,/home/jupyter/dent_outputs/isic2019_v2/melanoma/hairs/seed4761/lambda_t_star5/style.png,0.0016657804,0.0041932403,0.028598914,0.0033891082,0.007044407,0.013836354,0.023102464,0.0051938696,0.0068281996,0.013495033,0.022364529,0.0058216704,0.00582479,0.012013609,0.024019077,0.0055158115,0.00523473,0.012615145,0.025739782,0.0053797634,0.0042678756,0.009290049,0.026001683,0.004727833,0.0033543091,0.008009569,0.025681539,0.004131105,0.0031652988,0.007913343,0.025684247,0.0040700124,0.0024771306,0.005920182,0.02605518,0.0035489474,0.0018904409,0.004228502,0.026144488,0.0032646987
4212,/home/jupyter/dent_outputs/isic2019_v2/melanoma/hairs/seed4212/lambda_t_star5/style.png,0.00059521524,0.001213822,0.10109374,0.0023690218,0.96454775,0.01060998,0.2746399,0.0071001956,0.9608493,0.012155813,0.24664119,0.007934994,0.9738781,0.0074517326,0.2609175,0.005877231,0.9743852,0.0054477993,0.23828429,0.0043820953,0.9422328,0.005892381,0.2055584,0.0045764986,0.778335,0.007772379,0.17317745,0.005977768,0.025661847,0.0078557925,0.17081603,0.006538701,0.0018537183,0.0026720488,0.120229274,0.0034906287,0.0007254124,0.001657452,0.104331106,0.0024787597
4422,/home/jupyter/dent_outputs/isic2019_v2/melanoma/hairs/seed4422/lambda_t_star5/style.png,0.00018799627,0.0055727228,0.022444747,0.001097065,0.93697846,0.04452867,0.058549553,0.0072159753,0.9096087,0.013330239,0.030517986,0.004849242,0.894091,0.009471128,0.033150505,0.0040378934,0.87523854,0.011073439,0.039466303,0.003929914,0.7807232,0.011656707,0.04377816,0.0035122545,0.70450515,0.011513276,0.039497722,0.0029598244,0.06705476,0.010613048,0.0274191,0.0018097217,0.015428672,0.0064203325,0.020935912,0.0012582672,0.0007230761,0.005633248,0.02188534,0.0011651476
4674,/home/jupyter/dent_outputs/isic2019_v2/melanoma/hairs/seed4674/lambda_t_star5/style.png,0.73827624,0.0020281735,4.779724e-05,9.900006e-05,0.6305648,0.00029099555,8.505556e-05,0.00016968735,0.9427229,0.00047668625,3.0427882e-05,0.00015074525,0.9654748,0.0020485802,7.4819545e-05,0.00023696353,0.97829837,0.001696097,5.5196335e-05,0.00020608991,0.9547263,0.0050148815,8.4427105e-05,0.00027272914,0.8048506,0.002977878,5.159382e-05,0.00016922025,0.755953,0.002389078,4.6508805e-05,0.00011548024,0.7887702,0.0023372965,4.7001755e-05,0.000106104795,0.78155947,0.0021128182,4.5500547e-05,9.969284e-05
4299,/home/jupyter/dent_outputs/isic2019_v2/melanoma/hairs/seed4299/lambda_t_star5/style.png,0.00031173485,0.0034242284,0.25106993,0.0016672021,0.0006480949,0.0026132155,0.3038946,0.0015489897,0.0008712241,0.0046011456,0.25652385,0.0016755123,0.0014484104,0.007126657,0.3174436,0.0026304529,0.0010150751,0.0063214414,0.30335414,0.0025288814,0.00063865737,0.004443783,0.27327505,0.002035922,0.00048078713,0.0038406223,0.20441853,0.0016715968,0.0004345027,0.003759264,0.21860407,0.0016749207,0.00036965075,0.0037237776,0.24216284,0.0017073123,0.00035644506,0.0037896605,0.25584057,0.0017266874
4186,/home/jupyter/dent_outputs/isic2019_v2/melanoma/hairs/seed4186/lambda_t_star5/style.png,0.0015886765,0.0011455473,0.017128149,0.0021295524,0.9964791,0.003410958,0.019306317,0.0020323144,0.9993498,0.0077857254,0.040817507,0.0024099662,0.99882823,0.0032437595,0.01717076,0.002368357,0.9990029,0.0063245273,0.01757005,0.002891006,0.9982186,0.00287798,0.010551883,0.0012859209,0.94846696,0.0036800052,0.009034369,0.0021954745,0.10743543,0.004477693,0.013241855,0.004323684,0.0039088186,0.0017282622,0.01366542,0.002590818,0.0020834436,0.001227121,0.014586032,0.0023557865
4629,/home/jupyter/dent_outputs/isic2019_v2/melanoma/hairs/seed4629/lambda_t_star5/style.png,0.005821748,0.0022366703,0.00038160553,0.0001851408,0.2896169,0.052308865,0.0021614486,0.003070495,0.40008515,0.013145522,0.0023792665,0.0012812751,0.12849286,0.028916977,0.0014362091,0.0013845632,0.092471436,0.015302424,0.00060239714,0.00048800898,0.01671753,0.0049060225,0.00023071606,0.00019472121,0.008773534,0.0041702227,0.00024119463,0.0001731415,0.0072711306,0.0034311574,0.00029354097,0.00017122932,0.006019366,0.002249634,0.00033120916,0.00017715107,0.005627409,0.0021837302,0.0003570428,0.00017746774
4048,/home/jupyter/dent_outputs/isic2019_v2/melanoma/hairs/seed4048/lambda_t_star5/style.png,0.010024245,0.0070730755,0.96568006,0.0022256928,0.6982035,0.056128986,0.96957785,0.007146141,0.73405963,0.020977903,0.9346316,0.0061730337,0.30899015,0.016689507,0.91939384,0.0033990778,0.1674363,0.017137028,0.9214193,0.0032577128,0.02110928,0.019218888,0.95958436,0.0039529116,0.016627183,0.014887513,0.9535428,0.003657512,0.013059908,0.010791462,0.959962,0.0028389923,0.010349038,0.008810921,0.9660479,0.002669525,0.011100615,0.0077957064,0.9666668,0.0025977928
4842,/home/jupyter/dent_outputs/isic2019_v2/melanoma/hairs/seed4842/lambda_t_star5/style.png,0.23592144,0.7674353,0.005627412,0.0049861833,0.9721434,0.009550802,0.0053330143,0.0010474395,0.97624457,0.009299477,0.005420482,0.001113464,0.979871,0.010489859,0.005661143,0.0011621437,0.98537976,0.036814187,0.0043965923,0.001358117,0.97200316,0.3488734,0.003722934,0.0020990018,0.9274211,0.76822245,0.0028256166,0.0028987993,0.8116786,0.37690002,0.0035666535,0.0029051336,0.37653267,0.73180044,0.005224213,0.0045921565,0.25515562,0.7945127,0.005629454,0.00489246
4414,/home/jupyter/dent_outputs/isic2019_v2/melanoma/hairs/seed4414/lambda_t_star5/style.png,0.08560102,0.058471497,0.044019543,0.034441113,0.8991699,0.0056130164,0.0009276713,0.0012273911,0.92470485,0.0028088468,0.00074119045,0.0013502243,0.12988243,0.004753855,0.005138904,0.0030554235,0.18561786,0.015427513,0.007895449,0.007000334,0.14340977,0.035335276,0.029568376,0.02258847,0.051958483,0.04033632,0.044335242,0.030130202,0.06796778,0.047767766,0.053480968,0.042275526,0.08704547,0.06838666,0.056401975,0.04645763,0.0868761,0.06272809,0.04629015,0.037610892
4287,/home/jupyter/dent_outputs/isic2019_v2/melanoma/hairs/seed4287/lambda_t_star5/style.png,0.0008287501,0.012363005,0.03760935,0.0025257322,0.9802771,0.034095217,0.02690975,0.005416817,0.9776823,0.029231692,0.03662557,0.005115823,0.98106086,0.024465248,0.038944542,0.004629509,0.9799702,0.026358655,0.04903509,0.004661407,0.9767637,0.02399854,0.057376042,0.0044740895,0.24417743,0.015132249,0.05187095,0.004949538,0.07212171,0.0186572,0.056752175,0.0049381517,0.001320667,0.013738734,0.041677177,0.0033024268,0.00085303263,0.01089546,0.034535177,0.0024836008
4831,/home/jupyter/dent_outputs/isic2019_v2/melanoma/hairs/seed4831/lambda_t_star5/style.png,0.0071842554,0.037462056,0.0651638,0.005087813,0.94469297,0.056310177,0.1517304,0.012521964,0.90767384,0.08666133,0.07882149,0.012320777,0.035419103,0.10159831,0.07032342,0.012936185,0.035462927,0.10104755,0.056136325,0.007745423,0.034455895,0.0686754,0.0404419,0.006247118,0.03639533,0.06648322,0.04175778,0.006023507,0.013311243,0.06800673,0.048540346,0.005479316,0.009478498,0.055854477,0.061192952,0.005311726,0.00798288,0.04630472,0.0709137,0.0055603907
4169,/home/jupyter/dent_outputs/isic2019_v2/melanoma/hairs/seed4169/lambda_t_star5/style.png,0.0038285642,0.1369923,0.00015992412,0.00015589136,0.01337987,0.4754384,0.00027148004,0.00033658068,0.017646728,0.22987038,0.00045211473,0.00042911476,0.013565862,0.23327895,0.0002668829,0.00035540696,0.010734748,0.19576922,0.00018850964,0.00026398024,0.008997585,0.1981906,0.00015121039,0.00023719184,0.0061384966,0.2611301,0.000118454285,0.00017100612,0.004382946,0.21884826,0.00013392387,0.00015324674,0.0043971245,0.17982154,0.00015636685,0.00015897297,0.004393327,0.15757936,0.00016822424,0.00016393422
4210,/home/jupyter/dent_outputs/isic2019_v2/melanoma/hairs/seed4210/lambda_t_star5/style.png,0.23550063,0.0024767523,0.00074472977,0.0008853531,0.9854205,0.0012234628,0.00031457588,0.00052049075,0.9866035,0.0011481663,0.00028051276,0.00044372762,0.97006756,0.0040504467,0.0006430798,0.0007726133,0.8901176,0.0042236242,0.0003892467,0.000589613,0.16031697,0.006707649,0.00039653003,0.00059846713,0.15765119,0.004627695,0.00045759432,0.0005965295,0.20159343,0.004219343,0.00069832854,0.0008301198,0.24203582,0.0034243031,0.0008165525,0.0009777555,0.24776141,0.0027664325,0.0007485631,0.0009159811
4700,/home/jupyter/dent_outputs/isic2019_v2/melanoma/hairs/seed4700/lambda_t_star5/style.png,0.020080892,0.042972386,0.06121894,0.008396474,0.030085571,0.052763157,0.047001075,0.009914962,0.084212944,0.047178306,0.043252315,0.009677128,0.10823906,0.047404412,0.050953902,0.010421489,0.14451611,0.054018144,0.06298326,0.01002674,0.16609655,0.061662022,0.054684166,0.009681228,0.11419284,0.062329825,0.05765457,0.010255347,0.10464839,0.070256,0.059337493,0.010663894,0.04654486,0.05906862,0.065948606,0.009597616,0.026378997,0.06184777,0.067180745,0.009668669
4031,/home/jupyter/dent_outputs/isic2019_v2/melanoma/hairs/seed4031/lambda_t_star5/style.png,0.0016653895,0.07180318,0.002500727,0.0016438358,0.004668436,0.13957874,0.00091200304,0.0006806403,0.012261569,0.13508889,0.0015249113,0.0013277909,0.004655475,0.13655199,0.0023427657,0.001793261,0.0037714771,0.105851054,0.002395901,0.0017373271,0.003644446,0.09587588,0.0018122663,0.0015156852,0.0039239977,0.0996879,0.0017842028,0.0015128058,0.0035623463,0.09907192,0.0019587763,0.001562406,0.0028718614,0.08643124,0.002175258,0.0016751095,0.0021018852,0.07966869,0.0024846098,0.0016846178
4142,/home/jupyter/dent_outputs/isic2019_v2/melanoma/hairs/seed4142/lambda_t_star5/style.png,0.063680016,0.0075441953,0.005308412,0.004705397,0.21457313,0.02717811,0.007565328,0.008946838,0.48042446,0.015775297,0.0023633477,0.0027335812,0.4784467,0.009998328,0.0018454777,0.0019960485,0.34781167,0.012369324,0.0028655652,0.003337113,0.26623183,0.012358482,0.0030720602,0.0035324504,0.22160095,0.01347112,0.0039834785,0.0044505997,0.12583822,0.010941522,0.0052804793,0.005170477,0.07512028,0.0089720255,0.005716256,0.0051271794,0.06720026,0.008026632,0.00527913,0.0049386644
4756,/home/jupyter/dent_outputs/isic2019_v2/melanoma/hairs/seed4756/lambda_t_star5/style.png,0.0003528772,0.0046436484,0.80113995,0.0040125395,0.9916739,0.00453717,0.051977567,0.0009669652,0.019486632,0.0006285635,0.0785093,0.0010004563,0.03705437,0.0048014997,0.9634478,0.005550367,0.018201878,0.004472599,0.9800143,0.008550978,0.019391995,0.006372719,0.97494316,0.0077449316,0.015477716,0.008375315,0.9500046,0.0069755935,0.008572215,0.006972529,0.88253176,0.007194517,0.00088193343,0.0054067355,0.7554823,0.0047849715,0.00039027707,0.004311481,0.775259,0.004203523
4313,/home/jupyter/dent_outputs/isic2019_v2/melanoma/hairs/seed4313/lambda_t_star5/style.png,0.037739795,0.0027045668,0.24400106,0.0014830735,0.9967843,0.0069435323,0.41212848,0.0038546254,0.9990171,0.008408337,0.3297786,0.003648007,0.9989625,0.00914491,0.24586123,0.003421587,0.9986473,0.0067995507,0.14066397,0.0028716514,0.9955544,0.009617407,0.22659537,0.003824522,0.70271647,0.006287977,0.194661,0.0027993426,0.040533748,0.0028123735,0.253526,0.0017491233,0.049075592,0.0025485354,0.24235107,0.001536267,0.037324198,0.0024106128,0.23668258,0.0014626663
4967,/home/jupyter/dent_outputs/isic2019_v2/melanoma/hairs/seed4967/lambda_t_star5/style.png,0.000756008,0.0028211663,0.01997285,0.0021333282,0.9087403,0.0065622902,0.05045537,0.0053161676,0.95271736,0.008379249,0.04806759,0.0047814925,0.98525584,0.008915735,0.03912664,0.0042310352,0.99410963,0.012629016,0.045949433,0.0051804497,0.9773117,0.0062513463,0.026160186,0.0037076229,0.028252885,0.0027790903,0.024500826,0.0036151216,0.0015592618,0.004522417,0.023630789,0.0029318933,0.001255842,0.0043589887,0.024638478,0.0027162237,0.00089693797,0.0033637148,0.02257876,0.0023039586
4860,/home/jupyter/dent_outputs/isic2019_v2/melanoma/hairs/seed4860/lambda_t_star5/style.png,0.0054932903,0.010355795,0.017810095,0.0041670986,0.99912566,0.014369606,0.10040309,0.005290803,0.9989188,0.012513323,0.09641246,0.004883959,0.9991788,0.010127409,0.091278896,0.004098675,0.998771,0.012438074,0.06175558,0.004787743,0.99344516,0.012446124,0.04088374,0.005175547,0.93197507,0.010537937,0.021727601,0.0041201613,0.50154734,0.0127581,0.02432709,0.005430352,0.008344083,0.010979214,0.018109422,0.0042033996,0.0062565943,0.010683149,0.019279797,0.0045502894
4685,/home/jupyter/dent_outputs/isic2019_v2/melanoma/hairs/seed4685/lambda_t_star5/style.png,0.53701204,0.010851273,0.00090630236,0.002539794,0.94577605,0.0018250342,0.00024136325,0.000689724,0.9727796,0.0018130462,0.00027198758,0.0007928405,0.93549365,0.0075650094,0.00038628854,0.0009771126,0.9064658,0.008137126,0.0004925839,0.0012711714,0.8435863,0.0087960055,0.00044979216,0.0012341205,0.7282307,0.01924021,0.0007242671,0.0022606247,0.7399827,0.012515586,0.00074721366,0.0021998428,0.6420499,0.010684697,0.00078764907,0.0021515572,0.55078965,0.010829267,0.00086161506,0.0024366213
4590,/home/jupyter/dent_outputs/isic2019_v2/melanoma/hairs/seed4590/lambda_t_star5/style.png,0.931806,0.00034992714,0.0008483042,0.00065520563,0.9889417,0.0004793548,0.00031507024,0.00039674007,0.9834869,0.00048717583,0.0004553341,0.0006285084,0.89925784,0.0007750556,0.00079799845,0.0015222585,0.90803343,0.0007082198,0.0009753239,0.0013749361,0.94434434,0.00029444575,0.0004909945,0.00056510867,0.9578404,0.0002559376,0.00049289904,0.00042597897,0.9510861,0.0003086004,0.0007625874,0.0005768759,0.94953746,0.00028281222,0.00066221505,0.00047346964,0.9324217,0.00033708406,0.0008480032,0.00061744574
4950,/home/jupyter/dent_outputs/isic2019_v2/melanoma/hairs/seed4950/lambda_t_star5/style.png,0.0025283415,0.014800536,0.03283207,0.0046193777,0.9127361,0.027307853,0.009883816,0.0027702383,0.8867889,0.03254814,0.011382236,0.0035829146,0.552967,0.04644419,0.022677893,0.0053840443,0.58066356,0.03646489,0.02887689,0.005023985,0.43000686,0.02314818,0.016751943,0.0037321192,0.41188103,0.019935308,0.020378456,0.0036522208,0.2654151,0.018494247,0.021742126,0.0037792372,0.004316456,0.022449566,0.041283112,0.006045003,0.0029057069,0.017615857,0.036994513,0.0049647037
4392,/home/jupyter/dent_outputs/isic2019_v2/melanoma/hairs/seed4392/lambda_t_star5/style.png,0.9484967,0.049086366,0.0007798958,0.0014256298,0.99794024,0.0020753061,0.0004521154,0.0014404407,0.9887446,0.015830183,0.003107411,0.0031567223,0.98203456,0.024673535,0.0027277959,0.0042820694,0.99131596,0.043802217,0.0023937616,0.0035661347,0.99418616,0.04770596,0.0017267723,0.0028030388,0.9956573,0.075620264,0.0010196947,0.0014944574,0.97376055,0.10621632,0.0012431773,0.0021591973,0.961083,0.08783301,0.0010367882,0.0018741525,0.95878935,0.05931022,0.0008287055,0.0015231052
4333,/home/jupyter/dent_outputs/isic2019_v2/melanoma/hairs/seed4333/lambda_t_star5/style.png,0.044491842,0.020440882,0.019405175,0.004774678,0.49723235,0.031213785,0.004233219,0.0018059725,0.48585245,0.043012694,0.0027207977,0.0019190301,0.21851839,0.05099042,0.015372297,0.0053287796,0.32551464,0.07894248,0.012809433,0.0051406184,0.30976582,0.047948685,0.015529142,0.006236913,0.16048612,0.0500448,0.020440748,0.008854311,0.06603002,0.041206572,0.025337698,0.0075562974,0.05318835,0.026687413,0.021427834,0.0054085073,0.05361272,0.023546793,0.02021568,0.005065217
4937,/home/jupyter/dent_outputs/isic2019_v2/melanoma/hairs/seed4937/lambda_t_star5/style.png,0.090447396,0.04820176,0.001389305,0.0016203924,0.5286018,0.012832995,0.0022601483,0.0032756173,0.53199744,0.022345344,0.0014804826,0.0025984924,0.40425342,0.024875464,0.0019188375,0.0026908964,0.40653723,0.021496227,0.0015079122,0.0018453713,0.3821472,0.033555485,0.0026457023,0.003455278,0.2660132,0.038354084,0.0019120278,0.002747592,0.14004554,0.07960771,0.0010873486,0.0016780195,0.0999062,0.07220963,0.0009916683,0.0013988281,0.09434579,0.050349895,0.0011444048,0.001478418
4005,/home/jupyter/dent_outputs/isic2019_v2/melanoma/hairs/seed4005/lambda_t_star5/style.png,0.005851228,0.0014320776,0.023655605,0.0014492093,0.96256095,0.006016668,0.09011718,0.001309802,0.9880797,0.0045887493,0.049950186,0.0009375111,0.7066061,0.0016313088,0.05894822,0.00082352816,0.75569475,0.0019368042,0.058713973,0.0009023546,0.72842705,0.002252084,0.041181937,0.0010472813,0.13019074,0.002056695,0.027503405,0.00097612845,0.014383545,0.0017371384,0.02609282,0.0015101108,0.008764821,0.0017927464,0.022334576,0.001484979,0.006587821,0.0016325644,0.023570979,0.0015995809
4273,/home/jupyter/dent_outputs/isic2019_v2/melanoma/hairs/seed4273/lambda_t_star5/style.png,0.0012016715,0.13520758,0.0024313997,0.0014399465,0.47470194,0.16490771,0.0019461578,0.0016231658,0.0357268,0.24792248,0.0025691555,0.002198284,0.08470788,0.20806073,0.004008926,0.002637712,0.08116378,0.1998487,0.0042302897,0.002784862,0.03044777,0.18677005,0.0037590086,0.0023663829,0.009212337,0.21667051,0.0032615568,0.0020886718,0.002577071,0.26696196,0.0028070495,0.0019486628,0.001618341,0.19328137,0.0021797658,0.0016096759,0.0013905374,0.15879732,0.0024717436,0.0016927302
4768,/home/jupyter/dent_outputs/isic2019_v2/melanoma/hairs/seed4768/lambda_t_star5/style.png,0.0053896927,0.040612366,0.018495146,0.003946818,0.99635726,0.011749339,0.016275544,0.003208491,0.99863106,0.024042334,0.018896615,0.0032488669,0.99853766,0.040232547,0.021454943,0.003976866,0.99839044,0.043060895,0.018577306,0.0038680253,0.99651164,0.05771791,0.022037758,0.0044229827,0.9921057,0.068228655,0.019786663,0.0044061937,0.7782803,0.061180778,0.017720854,0.004595957,0.013999321,0.04659448,0.017301735,0.003957328,0.006905842,0.04125787,0.018890342,0.0040046214
4285,/home/jupyter/dent_outputs/isic2019_v2/melanoma/hairs/seed4285/lambda_t_star5/style.png,0.0027176943,0.043757074,0.017649423,0.005539085,0.2965683,0.024012793,0.004723484,0.0020190792,0.24436954,0.115787216,0.091845855,0.023448514,0.07402957,0.08437389,0.07367908,0.014720686,0.047690816,0.057722535,0.061395474,0.016311886,0.021820921,0.060415257,0.041448656,0.014202245,0.006477094,0.05263341,0.02682419,0.0096248025,0.005253469,0.047407888,0.025333812,0.008050575,0.0037864987,0.047557753,0.022060938,0.006864682,0.0028292977,0.048963483,0.020156838,0.006177171
4175,/home/jupyter/dent_outputs/isic2019_v2/melanoma/hairs/seed4175/lambda_t_star5/style.png,0.04933718,0.024744699,0.00041922284,0.0005157834,0.020639556,0.049951382,0.0011383167,0.00079330686,0.019674068,0.055636548,0.0010213421,0.00085243746,0.026874032,0.07535727,0.0007048005,0.0007855365,0.055691954,0.060451653,0.00080685137,0.0010376915,0.052580707,0.04739484,0.00072932016,0.00086344534,0.07036114,0.03435815,0.00067315623,0.00077673513,0.09492862,0.027701268,0.0005605898,0.00064358715,0.070952214,0.034980204,0.0004903925,0.00062703027,0.058706254,0.024443056,0.00043041387,0.00051419466
4428,/home/jupyter/dent_outputs/isic2019_v2/melanoma/hairs/seed4428/lambda_t_star5/style.png,0.008322088,0.05363941,0.009300373,0.0029782832,0.71115273,0.027461927,0.0152428,0.0040552816,0.651408,0.032370824,0.012487412,0.0032583743,0.5785067,0.0470795,0.0143118175,0.003583759,0.6352826,0.032525964,0.010684046,0.0028669268,0.58569854,0.039090175,0.0123749,0.0033371386,0.10023415,0.03563934,0.009592458,0.0022691232,0.028472528,0.04747847,0.009589224,0.0025435814,0.013560062,0.06270483,0.009660882,0.002648079,0.010291273,0.064722136,0.010188683,0.0028531798
4620,/home/jupyter/dent_outputs/isic2019_v2/melanoma/hairs/seed4620/lambda_t_star5/style.png,0.00037142544,0.010325697,0.0019701696,0.0003847358,0.029556869,0.007921309,0.0016644733,0.0004701344,0.0029536,0.006560969,0.002959395,0.00074803084,0.0033700187,0.006738048,0.0030295583,0.00070985063,0.0022499303,0.009893056,0.0029463405,0.0007113174,0.0012897496,0.013621721,0.0030603877,0.0007643223,0.00038316395,0.011687908,0.0017708215,0.0004153968,0.0003695547,0.012148184,0.0017009013,0.0003943224,0.00031444576,0.0095776385,0.0014920677,0.00030472744,0.00033669238,0.010163036,0.0019358847,0.00037522553
4167,/home/jupyter/dent_outputs/isic2019_v2/melanoma/hairs/seed4167/lambda_t_star5/style.png,0.015791941,0.02132686,0.0013919339,0.003830924,0.98758715,0.0051124194,0.0015541976,0.0021002125,0.947174,0.0096658375,0.0011913374,0.0020241654,0.9458105,0.0076143974,0.0012902896,0.001802757,0.9629709,0.012846388,0.0012619278,0.0018555729,0.9589873,0.008409604,0.000901692,0.001400697,0.75158817,0.011412732,0.0007229414,0.0013086324,0.5499232,0.009596695,0.00058875245,0.0012477874,0.02059731,0.019295955,0.0010699868,0.0031054073,0.01584905,0.017740387,0.0012970355,0.0032982074
4577,/home/jupyter/dent_outputs/isic2019_v2/melanoma/hairs/seed4577/lambda_t_star5/style.png,0.0076784533,0.039892178,0.0029783044,0.0007234889,0.9882322,0.03287346,0.19740915,0.0024210785,0.9665435,0.060535427,0.27338043,0.002841196,0.9808925,0.0458858,0.15786855,0.001751531,0.9769956,0.051185425,0.098552786,0.0016066359,0.9806136,0.040272236,0.069064766,0.0015786762,0.25369385,0.055225905,0.008685636,0.0008924787,0.098173454,0.048268743,0.0074535497,0.0007076356,0.14695871,0.05238158,0.0040997947,0.000633859,0.015961444,0.03865107,0.0034137326,0.00067743665
4231,/home/jupyter/dent_outputs/isic2019_v2/melanoma/hairs/seed4231/lambda_t_star5/style.png,0.0014461424,0.020066874,0.016292425,0.004814137,0.9723672,0.031771865,0.021734377,0.0039087017,0.967442,0.033743035,0.026733097,0.0043070004,0.37077874,0.05197798,0.028602341,0.0068430845,0.26069608,0.04830364,0.024757678,0.007071147,0.03813678,0.05175814,0.019753214,0.0077408873,0.0044604726,0.047525633,0.020735623,0.0073208343,0.0031652176,0.03828454,0.020216743,0.0069629215,0.002219245,0.030845799,0.019763729,0.0060685966,0.0013822581,0.019668283,0.016006798,0.004532959
4357,/home/jupyter/dent_outputs/isic2019_v2/melanoma/hairs/seed4357/lambda_t_star5/style.png,0.0034293416,0.014597413,0.0017163564,0.00103112,0.010287238,0.0016525184,0.0011043473,0.00081252883,0.06649289,0.0021895939,0.00059723924,0.00046444827,0.1421,0.008680662,0.0007342489,0.00080608675,0.008552397,0.012852316,0.00223685,0.0017162176,0.009304824,0.015593689,0.0019411092,0.0011913996,0.0049878987,0.017873967,0.0032122112,0.0020187602,0.0044689397,0.017430933,0.0026555122,0.0016470834,0.0040429938,0.014222747,0.0020050386,0.0012248603,0.0036524655,0.016809989,0.0017298234,0.0011384169
4417,/home/jupyter/dent_outputs/isic2019_v2/melanoma/hairs/seed4417/lambda_t_star5/style.png,0.0057115178,0.35915166,0.003065465,0.0013389266,0.041230943,0.08236092,0.005409362,0.0029651679,0.07566041,0.1056715,0.003810736,0.0021057804,0.088782325,0.09532886,0.004547426,0.0020163753,0.03204044,0.18597937,0.0035953375,0.0016728903,0.030689586,0.31402197,0.0037952273,0.0019524232,0.021456089,0.40379703,0.0022519554,0.001556568,0.009574251,0.37882516,0.0027106197,0.001474103,0.0077689816,0.38560328,0.002805955,0.001299157,0.0064721,0.35434213,0.0032796455,0.0013888129
4390,/home/jupyter/dent_outputs/isic2019_v2/melanoma/hairs/seed4390/lambda_t_star5/style.png,0.0003719068,0.004419146,0.045480296,0.00082632725,0.9995671,0.0020965054,0.00494531,0.00066641934,0.99945694,0.0020546038,0.0066407416,0.00074617116,0.9982571,0.0023544768,0.0076718,0.0007686174,0.9933803,0.0022864945,0.011119846,0.0009115679,0.8293457,0.0041476693,0.04292126,0.0015473511,0.15534544,0.00353446,0.031629264,0.0010393283,0.009007876,0.0055144336,0.043027434,0.0012570915,0.0007020982,0.005024951,0.040522337,0.00093476713,0.00039511052,0.003692299,0.03849784,0.00074016204
4872,/home/jupyter/dent_outputs/isic2019_v2/melanoma/hairs/seed4872/lambda_t_star5/style.png,0.010634782,0.015225904,0.00048474898,0.0010717824,0.07241982,0.001082636,0.00043647565,0.00057366013,0.06782635,0.0018955374,0.00044901788,0.00075739546,0.11236849,0.0057649454,0.00052435836,0.0012308747,0.1724636,0.005747205,0.00056127814,0.0012449507,0.05123724,0.013183613,0.00048572404,0.0014208807,0.016808493,0.01252733,0.00032267545,0.0009056687,0.013992694,0.015819825,0.00034545042,0.0008910265,0.012900068,0.019114332,0.00037422474,0.00093178643,0.012221606,0.016947327,0.00045331317,0.001040312
4423,/home/jupyter/dent_outputs/isic2019_v2/melanoma/hairs/seed4423/lambda_t_star5/style.png,0.00013582312,0.0071425387,0.002706234,0.00023241922,0.010379141,0.14027493,0.007942779,0.0004979377,0.10727592,0.058629803,0.00292007,0.0004087104,0.081415206,0.015563018,0.004111048,0.00019140448,0.122689486,0.009640306,0.003580454,0.00026241966,0.030909512,0.013060271,0.0038056097,0.00027376524,0.011215075,0.015823908,0.005307798,0.0003679049,0.004814228,0.0147239305,0.004620726,0.00032648278,0.00050528964,0.012181537,0.0046509886,0.0003256944,0.00016347342,0.008312869,0.0029407484,0.00023940709
4108,/home/jupyter/dent_outputs/isic2019_v2/melanoma/hairs/seed4108/lambda_t_star5/style.png,0.0010172534,0.0043089786,0.041318722,0.0028647846,0.9919872,0.011325263,0.011905033,0.0021992906,0.97711766,0.01521572,0.017111106,0.002970966,0.9977235,0.0103373155,0.0137356585,0.0019804083,0.9904468,0.0063141943,0.025794957,0.0026824484,0.8944639,0.005445699,0.035708904,0.0041683298,0.6494663,0.0068163876,0.037615094,0.0055152336,0.07150835,0.0058175237,0.039913416,0.0041827303,0.0043921717,0.005096693,0.04809534,0.003874666,0.0013390215,0.0049648923,0.042713217,0.0032467472
4806,/home/jupyter/dent_outputs/isic2019_v2/melanoma/hairs/seed4806/lambda_t_star5/style.png,0.00074759114,0.004366437,0.02108682,0.0026826067,0.39187133,0.017432477,0.046052217,0.008579302,0.3841181,0.013991965,0.0437591,0.0075568906,0.3667028,0.011316624,0.036734406,0.0068858317,0.35285518,0.012039733,0.034562323,0.006050756,0.23471689,0.013538757,0.0373359,0.006757114,0.027876945,0.009547064,0.021841409,0.0043035476,0.0012906399,0.0066429563,0.025757246,0.0032056647,0.00095790066,0.0051793074,0.020443924,0.002596496,0.00086543575,0.004949709,0.02058806,0.0027303824
4068,/home/jupyter/dent_outputs/isic2019_v2/melanoma/hairs/seed4068/lambda_t_star5/style.png,0.0017168721,0.049881596,0.00651556,0.0053889975,0.76232886,0.011041143,0.0055898456,0.005600046,0.73803717,0.026987212,0.008991095,0.007512707,0.53296494,0.03840279,0.003763738,0.003964083,0.6609529,0.042310964,0.0034223674,0.0041211196,0.015046586,0.032410532,0.004734805,0.005926317,0.006303307,0.051223546,0.006207143,0.009170428,0.0025379597,0.04566429,0.0054452596,0.006475013,0.0018446618,0.052949302,0.0050781574,0.0052271895,0.0018711418,0.05293403,0.006049136,0.0055517014
4746,/home/jupyter/dent_outputs/isic2019_v2/melanoma/hairs/seed4746/lambda_t_star5/style.png,0.0023367128,0.00096162246,0.09656466,0.0017112022,0.6988004,0.015025712,0.03890982,0.0025925103,0.103813976,0.0021519565,0.051759616,0.0027257109,0.06685231,0.0018140493,0.06752672,0.0024680875,0.08433811,0.0017633699,0.055765565,0.0025410831,0.11275777,0.0013753243,0.04280962,0.0022372282,0.044895194,0.000979857,0.0375777,0.0025894826,0.015552334,0.0011063484,0.06752591,0.0019681735,0.004245353,0.00095963635,0.074966736,0.0017146169,0.0026816502,0.0010529512,0.09819392,0.0017916398
4026,/home/jupyter/dent_outputs/isic2019_v2/melanoma/hairs/seed4026/lambda_t_star5/style.png,0.0017797194,0.013815899,0.047255132,0.007471498,0.9941671,0.0074628224,0.018516626,0.0041167834,0.99449,0.008860176,0.052552707,0.007744441,0.99606603,0.008287411,0.03736022,0.0064722872,0.99809223,0.011067963,0.03730169,0.005671962,0.9746242,0.0153035,0.03464771,0.007990398,0.9971295,0.014620168,0.028939478,0.0071238065,0.8887145,0.017383125,0.04114291,0.011383395,0.0032673392,0.0170602,0.043904528,0.0083040325,0.0023232365,0.015285539,0.04699762,0.0076825274
4584,/home/jupyter/dent_outputs/isic2019_v2/melanoma/hairs/seed4584/lambda_t_star5/style.png,0.015432253,0.010146911,0.000706029,0.00046724494,0.16299288,0.0145342,0.0005711706,0.0005699394,0.22785437,0.03363364,0.00132211,0.0015821138,0.24270822,0.029572345,0.0014450233,0.0018718773,0.24005702,0.035414312,0.0014510045,0.0020656076,0.21253705,0.032925576,0.0010761156,0.0012950432,0.12991372,0.019550826,0.0007199542,0.00076338503,0.059618738,0.01622365,0.0006283536,0.0005861821,0.026948022,0.0132440785,0.0006618614,0.000497607,0.019033931,0.011665686,0.00067119114,0.00047412066
4166,/home/jupyter/dent_outputs/isic2019_v2/melanoma/hairs/seed4166/lambda_t_star5/style.png,0.015844975,0.04494686,0.011668986,0.0059025176,0.034315754,0.027094914,0.0026680874,0.0019299843,0.06703894,0.029321874,0.0035157036,0.0026395894,0.14103186,0.03211558,0.005041789,0.0049703484,0.10111123,0.035807066,0.006781923,0.0063699177,0.059557017,0.040613867,0.00844102,0.0070280456,0.036112312,0.05571344,0.010471536,0.0072802426,0.025949914,0.05208312,0.010796853,0.0061972323,0.021810237,0.052122794,0.010741651,0.0059833894,0.017537016,0.049784422,0.011172472,0.0059938836
4274,/home/jupyter/dent_outputs/isic2019_v2/melanoma/hairs/seed4274/lambda_t_star5/style.png,0.001714706,0.10383226,0.0004129599,0.0004408035,0.21324934,0.012823225,0.0004924071,0.00042795314,0.0069913873,0.011000833,0.00031994333,0.00024735596,0.0040042396,0.02903959,0.00033472886,0.00019970628,0.0031860769,0.039542682,0.00038665274,0.00027899886,0.0015496793,0.026510434,0.00046972724,0.00035098742,0.002572343,0.20910926,0.00035109502,0.00036128494,0.002075154,0.24279702,0.00031119326,0.00032611724,0.0018020432,0.15218921,0.0003277783,0.0003636573,0.0017529966,0.12163001,0.00037402127,0.00040268403
4314,/home/jupyter/dent_outputs/isic2019_v2/melanoma/hairs/seed4314/lambda_t_star5/style.png,0.08467287,0.0087186955,0.0015009879,0.0015539423,0.65841144,0.002349613,0.0025783656,0.0009642523,0.7266803,0.00746248,0.0029860283,0.0019080153,0.45286554,0.0022015634,0.0019121916,0.0014951982,0.8239101,0.0035243982,0.001781182,0.0016423918,0.5709876,0.00628428,0.0018954601,0.001801202,0.43254793,0.0063027428,0.0012391119,0.0012853709,0.28873622,0.007003497,0.0012066959,0.0011818531,0.1510268,0.011087663,0.0016524225,0.001686887,0.113077134,0.011628378,0.0016724985,0.0017595851
4958,/home/jupyter/dent_outputs/isic2019_v2/melanoma/hairs/seed4958/lambda_t_star5/style.png,0.0025182518,0.0017768261,0.03874502,0.003367939,0.1908952,0.001073289,0.016626732,0.002588175,0.76480806,0.0012964031,0.01297747,0.0028164992,0.7247517,0.0009905391,0.011729313,0.0023975072,0.59468275,0.0013993224,0.017177634,0.0036378875,0.35097694,0.0015130298,0.025605526,0.0037852183,0.0063374233,0.0016908322,0.02691334,0.0036243517,0.004716502,0.0018288419,0.030876113,0.0035835141,0.0032692219,0.0016967673,0.035817046,0.0034162514,0.0025654363,0.0018124087,0.037753835,0.0032002907
4467,/home/jupyter/dent_outputs/isic2019_v2/melanoma/hairs/seed4467/lambda_t_star5/style.png,0.0016743093,0.018361008,0.08056283,0.0054982943,0.9432659,0.022410728,0.031528987,0.006291065,0.97187173,0.037109282,0.04215106,0.009058971,0.9653913,0.029943645,0.048700076,0.008928051,0.92905486,0.03751472,0.057063695,0.01139757,0.90475094,0.045249704,0.060986243,0.01248061,0.67220515,0.03715054,0.068569064,0.010729036,0.04637094,0.036920484,0.0977085,0.011443297,0.007307536,0.022605024,0.11030108,0.0091342125,0.0019646438,0.021504173,0.09261807,0.007043
4519,/home/jupyter/dent_outputs/isic2019_v2/melanoma/hairs/seed4519/lambda_t_star5/style.png,0.0014141977,0.06118042,0.11510903,0.0021939343,0.995749,0.06953471,0.10744617,0.0046761376,0.9897658,0.06203709,0.11247276,0.0041029635,0.9914106,0.055178054,0.11261401,0.004361104,0.9893667,0.07830185,0.111605205,0.003815601,0.9775763,0.0996784,0.12861645,0.004312443,0.83451575,0.12935132,0.15809427,0.003926188,0.020789657,0.07724839,0.16520867,0.0027372232,0.0019886012,0.07771043,0.1210125,0.0021771374,0.0013948858,0.06367496,0.10446645,0.0019737564
4791,/home/jupyter/dent_outputs/isic2019_v2/melanoma/hairs/seed4791/lambda_t_star5/style.png,0.12958406,0.0066170758,0.007072426,0.0029468294,0.41456646,0.01929812,0.03287922,0.003400789,0.13862117,0.100034885,0.085193984,0.008045417,0.14172232,0.11986855,0.09458183,0.008974612,0.30421877,0.10078143,0.01566578,0.006259023,0.24811831,0.043291625,0.011288936,0.004603498,0.5652688,0.019452222,0.010935559,0.0038967081,0.16680527,0.01784909,0.009341516,0.0037245755,0.16979754,0.02109097,0.0067839148,0.0036740291,0.1543406,0.010941862,0.007632817,0.003309686
4472,/home/jupyter/dent_outputs/isic2019_v2/melanoma/hairs/seed4472/lambda_t_star5/style.png,0.0051212963,0.06644327,0.008150141,0.0066625597,0.79162985,0.00063666736,0.00039709138,0.0005694507,0.5975194,0.00065109605,0.0006108936,0.0006294757,0.63538074,0.00054225395,0.0005259933,0.0004678805,0.4023903,0.0005622569,0.00047331804,0.0005251337,0.6879496,0.0043998584,0.0006456533,0.0008497923,0.22888656,0.018904062,0.002185828,0.0019990676,0.008814453,0.10072189,0.0082888305,0.0057344916,0.0062927823,0.08837227,0.0070203296,0.0057774982,0.00472827,0.073538065,0.007920994,0.0065809432
4265,/home/jupyter/dent_outputs/isic2019_v2/melanoma/hairs/seed4265/lambda_t_star5/style.png,0.0055222344,0.03211889,0.0026040892,0.002524309,0.15399459,0.017351747,0.0011839394,0.0020969722,0.41422996,0.019624302,0.0027540985,0.0050251135,0.10177063,0.028200809,0.00084748864,0.0028103401,0.08528085,0.01716896,0.0007875162,0.002082393,0.07397997,0.027120842,0.001161395,0.0021056721,0.011884734,0.02654617,0.0019324116,0.0024954942,0.009348803,0.03058915,0.0027927228,0.002922367,0.00820095,0.033735458,0.0030428462,0.003029665,0.006311574,0.03430345,0.0027685198,0.0027201676
4382,/home/jupyter/dent_outputs/isic2019_v2/melanoma/hairs/seed4382/lambda_t_star5/style.png,0.0005285761,0.0154016195,0.013138256,0.002087866,0.0036221035,0.0412124,0.0059205135,0.002708961,0.004476118,0.059689324,0.007876121,0.0024938376,0.002373981,0.037923284,0.009602204,0.001790294,0.0018364114,0.03609296,0.009395221,0.0014960022,0.0014487284,0.033835325,0.010670825,0.0014837831,0.0010973362,0.029288756,0.011969136,0.0016905867,0.00074208726,0.027772972,0.0124624055,0.0020160396,0.0005450841,0.024598278,0.013097285,0.0021448683,0.0005498871,0.020583205,0.014686642,0.0023726772
4013,/home/jupyter/dent_outputs/isic2019_v2/melanoma/hairs/seed4013/lambda_t_star5/style.png,0.0018570193,0.0021076067,0.033852674,0.002852111,0.98636067,0.00407093,0.06923243,0.0020121646,0.98419017,0.0030599805,0.058074392,0.001902897,0.97967726,0.0025967888,0.057108898,0.0018406565,0.9841436,0.0021526786,0.03651395,0.0015302969,0.9755863,0.0017224285,0.020115798,0.0010889724,0.9625669,0.0017189999,0.011206153,0.0008699586,0.89000976,0.0012566784,0.00925539,0.0009281346,0.04180292,0.001446511,0.016988702,0.001697584,0.0019253993,0.0020033475,0.0316334,0.0025851056
4468,/home/jupyter/dent_outputs/isic2019_v2/melanoma/hairs/seed4468/lambda_t_star5/style.png,0.0004011624,0.009503668,0.015851468,0.0011508404,0.9549668,0.00422725,0.0007210101,0.0004660926,0.0023199574,0.083822764,0.026941126,0.003847181,0.004518171,0.026437858,0.017257448,0.0021322994,0.003506696,0.016760552,0.008360339,0.0017529607,0.0021573287,0.01404292,0.00931494,0.0017471887,0.0013343749,0.012660784,0.00911999,0.0013098745,0.00053125137,0.013290992,0.011777083,0.0012444818,0.0004919858,0.012901896,0.018193478,0.0014968792,0.00047782605,0.010968202,0.01681181,0.0011852685
