seed,path,neutral_hairs,neutral_gel_bubbles,neutral_ruler,neutral_ink,5_hairs,5_gel_bubbles,5_ruler,5_ink,10_hairs,10_gel_bubbles,10_ruler,10_ink,15_hairs,15_gel_bubbles,15_ruler,15_ink,20_hairs,20_gel_bubbles,20_ruler,20_ink,25_hairs,25_gel_bubbles,25_ruler,25_ink,30_hairs,30_gel_bubbles,30_ruler,30_ink,35_hairs,35_gel_bubbles,35_ruler,35_ink,40_hairs,40_gel_bubbles,40_ruler,40_ink,45_hairs,45_gel_bubbles,45_ruler,45_ink
4129,/home/jupyter/dent_outputs/isic2019_v2/melanoma/hairs/seed4129/lambda_t_star5/style.png,0.12819512,0.0018468299,0.00013508173,0.00014715311,0.00327958,0.012178629,0.9383805,0.101991914,0.0002736533,0.003502007,0.9908364,0.0014389025,0.00030588126,0.0025522255,0.96383727,0.0012252739,0.002095131,0.002289809,0.09216778,0.0026617786,0.3481928,0.0036312207,0.015281357,0.0061065187,0.2041238,0.0022766644,0.01001419,0.0044114576,0.1609609,0.0024521672,0.008112221,0.004283656,0.059573036,0.0020569055,0.007272796,0.003892298,0.07328657,0.0019842158,0.0075624357,0.0040997346
4643,/home/jupyter/dent_outputs/isic2019_v2/melanoma/hairs/seed4643/lambda_t_star5/style.png,0.002192827,0.05363972,0.018661292,0.0020572443,0.0005899244,0.0036464857,0.9786895,0.005177944,0.00039919806,0.0086546,0.08687014,0.0020740307,0.00073645235,0.004524175,0.063124694,0.002129445,0.0006970592,0.00235982,0.04777071,0.0019784858,0.0006046284,0.0016710549,0.035854056,0.0019354138,0.0005798565,0.0015246064,0.033807483,0.0018629779,0.000715943,0.0013162286,0.03008278,0.0020550634,0.0008507675,0.0016177178,0.03126166,0.0022929604,0.0008774711,0.0016733706,0.027925668,0.0022236947
4165,/home/jupyter/dent_outputs/isic2019_v2/melanoma/hairs/seed4165/lambda_t_star5/style.png,0.015199475,0.018122157,0.001370469,0.0015621344,0.0038351424,0.0054261633,0.9777919,0.005520174,0.0040283604,0.003800692,0.97593874,0.1345517,0.0038534226,0.0072838203,0.9907356,0.20076248,0.0016424223,0.002108035,0.87747467,0.035354834,7.75211e-05,0.0005610703,0.0052761286,0.0008830597,9.131575e-05,0.0004417173,0.0063523646,0.0008937074,0.000116185816,0.00035445878,0.010625112,0.0010995012,0.0001914187,0.00046025522,0.017219488,0.0016585814,0.00019989221,0.00051271,0.018508729,0.0017444604
4735,/home/jupyter/dent_outputs/isic2019_v2/melanoma/hairs/seed4735/lambda_t_star5/style.png,0.0066657728,0.44473734,0.0028997806,0.0010772394,0.004096,0.01386297,0.99901414,0.004568626,0.00453972,0.021440063,0.9974239,0.008313545,0.0032913336,0.01895567,0.99207777,0.007496937,0.0032298614,0.021241503,0.21527821,0.005044818,0.0035975678,0.0023268324,0.003937722,0.0018594514,0.007150916,0.003459083,0.004243523,0.0029804772,0.017691795,0.0030470847,0.0031702467,0.0024176422,0.016750796,0.0031060316,0.0026186672,0.0020079557,0.0144247385,0.003607375,0.0027978602,0.0023507534
4648,/home/jupyter/dent_outputs/isic2019_v2/melanoma/hairs/seed4648/lambda_t_star5/style.png,0.009987766,0.02343387,0.00068410387,0.0005872645,0.0020412402,0.008526405,0.9973465,0.019951098,0.002676462,0.007420533,0.9263448,0.111453414,0.0017782341,0.008719817,0.936463,0.05621391,0.0012210876,0.004739861,0.9696848,0.013241675,0.00071888324,0.0036680188,0.90691733,0.0048233066,0.0007852618,0.0030464036,0.06526394,0.0018545127,0.00089159346,0.0042443476,0.0314562,0.0029475202,0.0014300355,0.0054643406,0.032486245,0.0051102876,0.0014070837,0.0058843223,0.022374412,0.004711146
4106,/home/jupyter/dent_outputs/isic2019_v2/melanoma/hairs/seed4106/lambda_t_star5/style.png,0.79625803,0.028083773,0.0013965307,0.002375721,0.18813989,0.012093844,0.6370115,0.03618679,0.0026927958,0.007900539,0.95402104,0.007022025,0.06527807,0.00026970997,0.0027992092,0.0026973048,0.72877586,0.00012243676,0.0004100947,0.0008798032,0.7602714,0.00029020844,0.00067789125,0.0013065787,0.704643,0.00024407123,0.0010080688,0.0015447161,0.7755258,0.00019597176,0.0008398611,0.0011411015,0.8017351,0.00016571485,0.00074647914,0.00097517297,0.88616854,0.00015889447,0.00068363984,0.00086010696
4600,/home/jupyter/dent_outputs/isic2019_v2/melanoma/hairs/seed4600/lambda_t_star5/style.png,0.00083995477,0.0006911574,0.028766857,0.0012303238,0.0002806505,0.004728506,0.9901286,0.0030418206,0.00040721777,0.0016252355,0.11593543,0.003132761,0.0005389608,0.0016811019,0.070945725,0.004242248,0.0005887241,0.001692931,0.05051939,0.0036321867,0.0006209275,0.0015642608,0.0434119,0.0034212582,0.00059470267,0.00093554985,0.02927178,0.0027631852,0.000608153,0.0007538498,0.019621665,0.002602247,0.00047654338,0.00051317597,0.012639277,0.0019928282,0.0005810703,0.0004645891,0.011562442,0.0020732759
4925,/home/jupyter/dent_outputs/isic2019_v2/melanoma/hairs/seed4925/lambda_t_star5/style.png,0.74731594,0.0064025377,0.002875582,0.00053418265,0.000106649226,0.001616978,0.97682136,0.0010083853,0.00021705276,0.002755685,0.9884455,0.001549433,0.000545451,0.004716621,0.9970784,0.0024946753,0.0015643322,0.0038142947,0.99227977,0.004476452,0.0011075601,0.0010967405,0.0369272,0.0019849234,0.0016665857,0.0013948646,0.011893972,0.002206302,0.0038455764,0.0024530292,0.007485886,0.0031492785,0.0035500457,0.0018963974,0.005123124,0.0025690773,0.0039094756,0.0018424962,0.0042644017,0.0024992418
4086,/home/jupyter/dent_outputs/isic2019_v2/melanoma/hairs/seed4086/lambda_t_star5/style.png,0.0015485171,0.05353013,0.032996286,0.005983276,0.0012586466,0.008675391,0.9947089,0.008690339,0.00091714953,0.006404374,0.99124557,0.006633976,0.0022497738,0.0026913031,0.3047215,0.008709989,0.010673628,0.0025071357,0.076509975,0.00941166,0.011947135,0.0036704247,0.0111937905,0.007143878,0.011525433,0.0033306538,0.006739471,0.0056881346,0.017097581,0.0036590013,0.005658717,0.005787603,0.01984157,0.00327817,0.0043504625,0.0054262355,0.017377626,0.0021210366,0.002689282,0.003461959
4021,/home/jupyter/dent_outputs/isic2019_v2/melanoma/hairs/seed4021/lambda_t_star5/style.png,0.0007938407,0.0007994293,0.0030075498,0.0017802641,0.0003148447,0.002576809,0.9931652,0.0014367917,0.0010594024,0.0011551423,0.03735428,0.004473996,0.0013955282,0.0019713298,0.05256471,0.006103544,0.0007984354,0.0009890689,0.028316336,0.0042674094,0.00089402037,0.0009868197,0.033990443,0.004772626,0.00061197777,0.00075726083,0.018094124,0.0033475142,0.00052757695,0.0005190208,0.012227774,0.0023891963,0.00049718295,0.00037381574,0.010100794,0.002037752,0.00056334503,0.00036872548,0.009654319,0.0021084163
4663,/home/jupyter/dent_outputs/isic2019_v2/melanoma/hairs/seed4663/lambda_t_star5/style.png,0.0015364902,0.007827179,0.27223238,0.00533514,0.0011719482,0.003454019,0.9988696,0.0016429011,0.0007166379,0.0031054278,0.99742836,0.0020339699,0.00082223,0.003584091,0.9969009,0.0017679299,0.0012787788,0.005175741,0.74273634,0.02072329,0.0016398372,0.004030598,0.6410923,0.01602371,0.0013057988,0.003332411,0.5429619,0.011517852,0.0012908384,0.003044034,0.42923638,0.0066246,0.0013935296,0.0039601554,0.39392242,0.006455301,0.001225634,0.0046568294,0.33514154,0.006103394
4720,/home/jupyter/dent_outputs/isic2019_v2/melanoma/hairs/seed4720/lambda_t_star5/style.png,0.0015858014,0.009566924,0.007901989,0.0034878913,0.000713006,0.030469786,0.9869425,0.0089946985,0.00077083247,0.115303576,0.82081604,0.0038966415,9.3767805e-05,0.0015342452,0.8675848,0.0016707329,0.00037789956,0.0027007998,0.21230978,0.0018054293,0.0007870815,0.021575935,0.030206002,0.003623143,0.0007108444,0.008184952,0.025152141,0.004154391,0.00069837645,0.0031642956,0.01994239,0.0038876566,0.0006935264,0.0034174414,0.018274494,0.004030182,0.0007622823,0.0027984537,0.011860881,0.00326173
4666,/home/jupyter/dent_outputs/isic2019_v2/melanoma/hairs/seed4666/lambda_t_star5/style.png,0.20436119,0.022200877,0.0056641367,0.0060186475,0.0050105313,0.008762142,0.99473923,0.003430657,0.0015027792,0.005269383,0.9723393,0.0019105142,0.0011186625,0.0035008427,0.9665632,0.0013117902,0.00094946905,0.0038225255,0.9634292,0.0015853628,0.003078077,0.007393857,0.86871326,0.0029145954,0.0063926233,0.002849675,0.03181838,0.004033968,0.0053302655,0.0021970973,0.02691267,0.0034309635,0.005514248,0.002237129,0.023361716,0.003470539,0.006128024,0.0023232433,0.018673388,0.0037446679
4241,/home/jupyter/dent_outputs/isic2019_v2/melanoma/hairs/seed4241/lambda_t_star5/style.png,0.00043382437,0.0043723616,0.05813287,0.0015582296,0.00034377308,0.005513045,0.9967344,0.0017144587,0.00027605708,0.008691657,0.99110514,0.0015715027,0.00025659314,0.008587986,0.9744218,0.0013004506,0.00061671284,0.020399742,0.8778991,0.0036265065,0.002711499,0.0042339773,0.016947413,0.001654254,0.00040081775,0.0021045913,0.010797287,0.0012311948,0.00061988714,0.0013036465,0.011588281,0.001384426,0.0009074048,0.0011846591,0.011941401,0.0016842633,0.0010224539,0.0011957398,0.010560559,0.001658467
4692,/home/jupyter/dent_outputs/isic2019_v2/melanoma/hairs/seed4692/lambda_t_star5/style.png,0.000345667,0.018512748,0.17402464,0.0044173864,0.0011920849,0.009572921,0.9914131,0.0044871042,0.00049064314,0.0036718405,0.76996493,0.0044401074,0.00032660388,0.0013533835,0.058070164,0.00248129,0.00054732093,0.00080260885,0.027063614,0.001814741,0.00070189877,0.0008655636,0.06409663,0.0043495335,0.0021318549,0.00089992094,0.2753442,0.0069204066,0.0009822878,0.0003139084,0.027762149,0.0033025257,0.00032946662,0.00021197285,0.0099394405,0.0022763428,0.00031184932,0.00022743446,0.0072189574,0.0021314095
4801,/home/jupyter/dent_outputs/isic2019_v2/melanoma/hairs/seed4801/lambda_t_star5/style.png,0.31843737,0.0010182017,0.0063293236,0.00037047183,0.0027435145,0.030939952,0.96651846,0.03297077,0.021981362,0.0012311091,0.0027974877,0.0049706413,0.026828084,0.0010066418,0.0022343912,0.0041119675,0.034122538,0.0010401357,0.0020308816,0.0039902325,0.05383799,0.0014223482,0.0021891615,0.0046033673,0.06972767,0.0014610939,0.002120082,0.004797832,0.077050366,0.0013024309,0.0017870738,0.0040291105,0.08565508,0.0011827,0.0018712227,0.00451745,0.07804909,0.0010646178,0.0017048457,0.0041500553
4857,/home/jupyter/dent_outputs/isic2019_v2/melanoma/hairs/seed4857/lambda_t_star5/style.png,0.24413328,0.033878937,0.02964685,0.045040876,0.02636418,0.0036131383,0.544333,0.003203155,0.0030568298,0.0020169185,0.72483647,0.0019916508,0.0011269082,0.0017286572,0.7836989,0.0022378997,0.00065929664,0.0017850734,0.7778289,0.0025833948,0.00040828748,0.001511746,0.74636877,0.0019782719,0.00039070795,0.0014044577,0.6925007,0.0018356974,0.0003914273,0.0010960831,0.69730294,0.0017682153,0.0005858285,0.000826382,0.60002047,0.0013482575,0.00078701205,0.00057068,0.5829273,0.0010752717
4636,/home/jupyter/dent_outputs/isic2019_v2/melanoma/hairs/seed4636/lambda_t_star5/style.png,0.5068634,0.030365394,0.0025462261,0.0019419582,0.009691589,0.013922128,0.9890491,0.0501699,0.0070672208,0.017928693,0.9863697,0.028830735,0.0077132983,0.028730355,0.98246694,0.036795568,0.24432108,0.2480122,0.037774697,0.0027594522,0.24545594,0.0014994321,0.0012870223,0.0008746615,0.08453571,0.0020699252,0.0006029566,0.00076871994,0.048028536,0.0020799788,0.000695257,0.0008482165,0.02164198,0.001062483,0.0005968366,0.0007319528,0.008651028,0.0009666156,0.00059283536,0.00077039195
4353,/home/jupyter/dent_outputs/isic2019_v2/melanoma/hairs/seed4353/lambda_t_star5/style.png,0.43924224,0.0074697593,0.051175978,0.005510476,0.0019638566,0.009222681,0.99184954,0.0039403467,0.0008515258,0.004115257,0.9714759,0.002164736,0.0016545564,0.0022414897,0.49416354,0.0035303212,0.0072752787,0.00061303296,0.006591551,0.0011943289,0.018593902,0.0006293578,0.005778903,0.0013219393,0.0407089,0.0007144936,0.0048349453,0.0013931486,0.03855295,0.00066134596,0.00323596,0.0012536932,0.012302733,0.0007649697,0.0035738626,0.0015930617,0.0019554258,0.00055949116,0.0031570317,0.0013386639
4381,/home/jupyter/dent_outputs/isic2019_v2/melanoma/hairs/seed4381/lambda_t_star5/style.png,0.0039330362,0.0049013644,0.6604499,0.0038875428,0.012845233,0.055773363,0.9420791,0.10393105,0.00506391,0.004348212,0.4525432,0.017908059,0.0043296968,0.00265282,0.29233006,0.0089334315,0.0010583457,0.003958059,0.29583246,0.012369232,0.0011357139,0.0031829479,0.21688423,0.010843705,0.0019896661,0.002948291,0.15090354,0.010820975,0.0028949673,0.0030713258,0.062575616,0.013698641,0.002697646,0.0027858869,0.04276768,0.014116228,0.003935699,0.0035998842,0.04507954,0.019312758
4912,/home/jupyter/dent_outputs/isic2019_v2/melanoma/hairs/seed4912/lambda_t_star5/style.png,0.14586012,0.16041426,0.00052728236,0.0013271348,0.00039031816,0.005938006,0.79755616,0.010547577,0.20666356,0.0063301036,0.07834567,0.0057287286,0.2884161,0.014993,0.0258372,0.0031793914,0.0014081427,0.04102715,0.003174259,0.0024690302,0.00068673765,0.021796783,0.0032046288,0.004903369,0.0004544816,0.017006086,0.0008880951,0.0036761225,0.0002816557,0.011462333,0.0003991277,0.0020901016,0.00029245825,0.011198922,0.0003793001,0.001961249,0.00059461116,0.00860357,0.00027991005,0.0013330253
4083,/home/jupyter/dent_outputs/isic2019_v2/melanoma/hairs/seed4083/lambda_t_star5/style.png,0.05433172,0.066054665,0.004005175,0.003495178,0.0024917426,0.0069604428,0.97630715,0.16984747,0.0022212141,0.0048325183,0.98552066,0.018237296,0.003670782,0.0056349705,0.8262906,0.05461252,0.0015662482,0.0036984587,0.35150674,0.012606921,0.002178327,0.0053965733,0.04143466,0.030773373,0.0024171912,0.003028889,0.00833441,0.010977542,0.0025907205,0.0028650763,0.007876721,0.009736919,0.0030408276,0.0024199178,0.0066724354,0.0092181545,0.004569761,0.0023761052,0.005564426,0.009807048
4306,/home/jupyter/dent_outputs/isic2019_v2/melanoma/hairs/seed4306/lambda_t_star5/style.png,0.023892773,0.0020768673,0.017081972,0.0009338706,0.009183106,0.017706757,0.91353947,0.05754905,0.022513466,0.008700878,0.96736676,0.014488953,0.029353032,0.005623712,0.9787148,0.010434993,0.0038252177,0.0071039954,0.98415124,0.019317225,0.019557422,0.010993645,0.9852245,0.03797979,0.08912557,0.011789142,0.895561,0.057106335,0.028996784,0.012947076,0.80174047,0.040392578,0.034319997,0.018492429,0.6841708,0.02964916,0.047470577,0.023834683,0.61470294,0.027634982
4118,/home/jupyter/dent_outputs/isic2019_v2/melanoma/hairs/seed4118/lambda_t_star5/style.png,0.09114733,0.00643423,0.00037190964,0.0003390707,0.0005150631,0.0022435617,0.2178178,0.0031020124,0.0005998782,0.002220411,0.07523994,0.0027850738,0.00093583774,0.002123233,0.028495591,0.004016351,0.002136328,0.0025616018,0.017936418,0.005342539,0.0024407674,0.0020848103,0.014481159,0.004575332,0.0028166263,0.0022615723,0.013350618,0.004708542,0.0018704802,0.002029025,0.012993946,0.0043330262,0.0021435248,0.0017897674,0.012003481,0.0044285394,0.002415881,0.0013759414,0.008400135,0.0032623115
4094,/home/jupyter/dent_outputs/isic2019_v2/melanoma/hairs/seed4094/lambda_t_star5/style.png,0.06262408,0.097001545,0.00093828497,0.0011918697,0.00067599426,0.001740764,0.9496636,0.0046015126,0.0006863778,0.0008870186,0.09717213,0.011071147,0.000681374,0.00056120235,0.018788312,0.008314453,0.0007930313,0.0003577189,0.009368392,0.005441169,0.0009575818,0.0003525248,0.006777556,0.0049480633,0.0010543524,0.00043851414,0.0062476536,0.004855834,0.00157861,0.000499307,0.004913349,0.004164901,0.0012935504,0.00050930167,0.004593663,0.003994376,0.0016321315,0.0005075444,0.0041070436,0.004042727
4033,/home/jupyter/dent_outputs/isic2019_v2/melanoma/hairs/seed4033/lambda_t_star5/style.png,0.001838778,0.0020768316,0.0010376128,0.0003683002,0.001478311,0.006018642,0.9773652,0.005576823,0.004461426,0.01276269,0.93186265,0.010946642,0.0029629597,0.0031230857,0.8403392,0.0033048682,0.0037292019,0.0037937886,0.6865141,0.0057004616,0.0026849334,0.0026933646,0.55437183,0.0045834417,0.0023447948,0.0017917925,0.45921224,0.0034509152,0.0020821127,0.0017171572,0.33476123,0.0030093845,0.00186567,0.0020224748,0.28207535,0.0029432913,0.0017922379,0.0030825327,0.29951444,0.0034074832
4364,/home/jupyter/dent_outputs/isic2019_v2/melanoma/hairs/seed4364/lambda_t_star5/style.png,0.001054672,0.0059549147,0.0045241024,0.002659549,0.00041349267,0.009160274,0.9882642,0.0044112774,0.00014765447,0.0059821387,0.9550005,0.0026002578,0.0001392567,0.0036147526,0.95870113,0.0014505528,0.00029863077,0.00376465,0.5651131,0.0017093347,0.0022710543,0.008493732,0.091834724,0.0051728375,0.008709626,0.0032808601,0.004247246,0.0021845053,0.00998398,0.0020667354,0.0033042666,0.0020076402,0.0056373626,0.0015655943,0.002964039,0.0018778507,0.00428012,0.0013086923,0.002562178,0.0015011216
4593,/home/jupyter/dent_outputs/isic2019_v2/melanoma/hairs/seed4593/lambda_t_star5/style.png,0.0024243318,0.038058084,0.038891483,0.009943528,0.0025958517,0.13765793,0.9658544,0.011409999,0.0029408531,0.002111796,0.007633186,0.009110911,0.0027340658,0.001691535,0.00613667,0.008486214,0.0018281692,0.0015055414,0.005310006,0.007601807,0.0024796252,0.0015494176,0.004382195,0.006929159,0.006609767,0.002025501,0.0054731895,0.009296678,0.092250824,0.0017760998,0.003190261,0.0064563155,0.09078859,0.0019885718,0.00336567,0.0076294118,0.08741005,0.0020706542,0.0035540068,0.007698619
4652,/home/jupyter/dent_outputs/isic2019_v2/melanoma/hairs/seed4652/lambda_t_star5/style.png,0.0023425494,0.0016096369,0.032540865,0.0013759546,0.004799242,0.006323976,0.76465046,0.022484042,0.0025905652,0.0019835315,0.14939706,0.009659431,0.0027673931,0.0022090394,0.1361626,0.008841853,0.0032559296,0.0034122681,0.123270616,0.008104019,0.0028303957,0.003069685,0.069372915,0.0071536894,0.0022994012,0.0026116052,0.03700294,0.0058263117,0.0015976141,0.0019423511,0.025219504,0.0042662993,0.001065233,0.0017863765,0.021676593,0.004213769,0.0009498644,0.0016205049,0.0167964,0.0037410778
4366,/home/jupyter/dent_outputs/isic2019_v2/melanoma/hairs/seed4366/lambda_t_star5/style.png,0.72142094,0.0055299415,0.01629394,0.0020572639,0.0009828762,0.36208507,0.65109766,0.0097962925,0.0015270363,0.34861726,0.7379389,0.012074728,0.00050094,0.00074584194,0.049531594,0.0027285626,0.014431485,0.0050198897,0.16278188,0.005451705,0.039597973,0.008348962,0.20189749,0.010255671,0.040990636,0.011151731,0.40612927,0.014150292,0.032866795,0.008238361,0.2821405,0.01393117,0.2809588,0.008428868,0.23927811,0.018506147,0.63153625,0.007127328,0.109986246,0.014279539
4545,/home/jupyter/dent_outputs/isic2019_v2/melanoma/hairs/seed4545/lambda_t_star5/style.png,0.0006408704,0.0002537605,0.0068257744,0.00065041473,0.00062427844,0.0036851766,0.98132527,0.0019008848,0.00088290113,0.0043459767,0.9828448,0.0030481075,0.0023984269,0.006054574,0.94078517,0.004593748,0.009698543,0.0076966053,0.7047657,0.0071812626,0.05168117,0.004136562,0.00888807,0.0059524486,0.058956936,0.004807167,0.008233737,0.0063529545,0.08405531,0.0044747074,0.0072213877,0.005927092,0.18886432,0.0051460615,0.006416105,0.005089599,0.24344188,0.0046775183,0.0058835894,0.00457973
4762,/home/jupyter/dent_outputs/isic2019_v2/melanoma/hairs/seed4762/lambda_t_star5/style.png,0.020466456,0.004392956,0.005055271,0.001231885,0.00047654245,0.0049326555,0.9749611,0.002015001,0.0033231257,0.0035921924,0.029287996,0.004229549,0.0032878858,0.0033818139,0.030794095,0.0036667055,0.00454055,0.0032190322,0.025756346,0.003193846,0.009103166,0.0032673483,0.013886164,0.0027912161,0.016539,0.0027825057,0.007851374,0.0022650342,0.023663986,0.0028957257,0.0061026393,0.0020980462,0.03273917,0.0027661102,0.0046322388,0.002851143,0.07532833,0.0026513706,0.0030124178,0.0028477518
4498,/home/jupyter/dent_outputs/isic2019_v2/melanoma/hairs/seed4498/lambda_t_star5/style.png,0.0003607948,0.009528451,0.08734059,0.0032885626,0.00010675443,0.0019313644,0.9938234,0.00092903833,0.0002083514,0.006496402,0.971847,0.0018921251,0.0030696501,0.010536202,0.07054921,0.0038915274,0.005389667,0.007949504,0.034087084,0.0044075786,0.006224929,0.006378111,0.027813084,0.005460031,0.0054545775,0.0068161576,0.02310403,0.005484271,0.005518412,0.0048629153,0.021013277,0.0059694406,0.005060963,0.0034660904,0.018123852,0.0051491237,0.0050111827,0.0033909238,0.016666932,0.0052732085
4578,/home/jupyter/dent_outputs/isic2019_v2/melanoma/hairs/seed4578/lambda_t_star5/style.png,0.0024396044,0.04739892,0.008232246,0.0038146765,0.00011624245,0.008813891,0.8950486,0.001829575,0.0004714774,0.012360054,0.8094378,0.003305349,0.0021235724,0.026033433,0.629866,0.0061936183,0.003371736,0.029175866,0.5304544,0.007936631,0.00413658,0.03272765,0.37127393,0.0070848092,0.004066745,0.03923385,0.017234901,0.005253217,0.002157653,0.033021018,0.008561196,0.0035182408,0.0020314993,0.025505157,0.006180729,0.0030150225,0.0019059044,0.022072833,0.0050948444,0.002545295
4281,/home/jupyter/dent_outputs/isic2019_v2/melanoma/hairs/seed4281/lambda_t_star5/style.png,0.00054262544,0.010918794,0.015969107,0.003582792,0.0017734625,0.030190334,0.5255857,0.027413364,0.0030967146,0.03955019,0.5486408,0.019835634,0.0064167776,0.0507138,0.31281558,0.02550178,0.0065792636,0.050552607,0.16035745,0.024504747,0.007892996,0.061840255,0.0824625,0.032873146,0.0076899654,0.025342721,0.011452697,0.0096652545,0.012448464,0.025688184,0.010451752,0.009175274,0.014371544,0.021114334,0.010574554,0.009389516,0.018420856,0.01853737,0.010183726,0.009371831
4066,/home/jupyter/dent_outputs/isic2019_v2/melanoma/hairs/seed4066/lambda_t_star5/style.png,0.001775258,0.01005151,0.27504134,0.005449329,0.0003604361,0.0019965302,0.9898364,0.0026078841,0.0022933697,0.031510524,0.9609368,0.0052353214,0.0014302145,0.011632479,0.91626716,0.0052642194,0.0018375838,0.010088887,0.8057531,0.006319132,0.0005650575,0.0014802198,0.07698912,0.012851728,0.0010875678,0.002348358,0.09460498,0.027163064,0.0018433225,0.0020093322,0.07497687,0.028468996,0.0016877827,0.0020717985,0.06438958,0.02388252,0.003402069,0.0018045151,0.048800275,0.019431656
4846,/home/jupyter/dent_outputs/isic2019_v2/melanoma/hairs/seed4846/lambda_t_star5/style.png,0.013280297,0.008228864,0.00080001913,0.00082253054,0.00058095495,0.0038048155,0.9933623,0.0016678132,0.00038527534,0.0013552803,0.96984196,0.001757192,0.0016782017,0.0043422626,0.8190008,0.0031488815,0.006906827,0.013035942,0.72196764,0.007981834,0.024840308,0.019543434,0.058110066,0.0072927494,0.01147667,0.034429986,0.021708803,0.008276556,0.008909152,0.029138679,0.012073181,0.006770758,0.0055489778,0.032193054,0.009477643,0.0068947263,0.0059218574,0.026909914,0.0077973255,0.006014729
4336,/home/jupyter/dent_outputs/isic2019_v2/melanoma/hairs/seed4336/lambda_t_star5/style.png,0.010954539,0.012819518,0.06784705,0.0021359436,0.002587877,0.019505208,0.9982559,0.007298278,0.0030113868,0.012523762,0.998555,0.009319442,0.00054277986,0.0047082696,0.60383624,0.018944375,0.004422542,0.0037063474,0.6283713,0.020904189,0.0010933669,0.0026756984,0.9073727,0.0049077477,0.005389092,0.0017593221,0.5925738,0.006265753,0.014434422,0.00077075756,0.12760495,0.0031197148,0.027365629,0.00051569735,0.0668577,0.00262357,0.039709184,0.0004398777,0.045873012,0.001950954
4227,/home/jupyter/dent_outputs/isic2019_v2/melanoma/hairs/seed4227/lambda_t_star5/style.png,0.18818308,0.005398833,0.0027984802,0.0010674299,0.005179978,0.0015192009,0.39271054,0.0055118455,0.001912388,0.0005438215,0.056847177,0.0025458022,0.00180326,0.00042849526,0.036154896,0.002372869,0.0024938448,0.00058101304,0.0287414,0.002375296,0.002473684,0.002559401,0.019910285,0.0025205538,0.0030898214,0.0040150997,0.015172767,0.002273665,0.0034084579,0.0055191214,0.013616096,0.0023743447,0.0041908855,0.005100239,0.012754173,0.0025923734,0.004275445,0.004716522,0.014586854,0.0028595221
4924,/home/jupyter/dent_outputs/isic2019_v2/melanoma/hairs/seed4924/lambda_t_star5/style.png,0.033532552,0.7774915,0.0048943525,0.005371633,0.7294334,0.045901228,0.0010738336,0.0037398234,0.65327114,0.04093543,0.0011738541,0.0033864118,0.63427013,0.03683064,0.0013569366,0.0041310536,0.5700974,0.025704632,0.0015289532,0.005180598,0.62622637,0.026304066,0.0012943182,0.0041198656,0.7986852,0.010894777,0.0008267384,0.0034376155,0.8352559,0.009798689,0.00077282835,0.0031735154,0.869542,0.0077049597,0.00070815836,0.002897001,0.8910672,0.0067866785,0.0006269744,0.002713665
4817,/home/jupyter/dent_outputs/isic2019_v2/melanoma/hairs/seed4817/lambda_t_star5/style.png,0.0018104472,0.087872766,0.003675946,0.0046237055,0.0025729807,0.011777882,0.9995952,0.006813286,0.00220252,0.009779863,0.9987464,0.0039494545,0.0011012885,0.011279648,0.99703074,0.004024362,0.0009867441,0.0064451983,0.040852368,0.00207191,0.0048337798,0.004162113,0.013483185,0.005812947,0.0039112642,0.0025459984,0.007449427,0.003394976,0.0033607953,0.002135337,0.0058402154,0.0024497397,0.0031152822,0.002110236,0.006313195,0.0028430044,0.0025380768,0.0024044777,0.006036883,0.0030768232
4127,/home/jupyter/dent_outputs/isic2019_v2/melanoma/hairs/seed4127/lambda_t_star5/style.png,0.013965859,0.035938226,0.006758868,0.0037514216,0.00089881883,0.0012923774,0.9906419,0.0019676678,0.001262784,0.0017751895,0.98690075,0.002465086,0.00063712476,0.001796132,0.9356612,0.004192408,0.00087494566,0.0021036353,0.96210366,0.0039502066,0.00073116116,0.0017971327,0.9457978,0.004098123,0.0009293482,0.0015590495,0.947658,0.0038924904,0.0010631817,0.0017886023,0.94221985,0.00472493,0.0011579103,0.0018160484,0.93174136,0.0047097355,0.0012400327,0.0020035107,0.93617904,0.0046288418
4850,/home/jupyter/dent_outputs/isic2019_v2/melanoma/hairs/seed4850/lambda_t_star5/style.png,0.0010899595,0.002601841,0.00018256303,0.00019211335,0.11204951,0.01658179,0.7114919,0.04737105,0.015190241,0.018954042,0.9872803,0.032223478,0.39839733,0.0069496282,0.45571053,0.00504783,0.25029144,0.0031092465,0.18605426,0.002288673,0.07631597,0.001804207,0.08872589,0.0019251463,0.02994605,0.0014769926,0.029671531,0.002099462,0.02740509,0.0012331136,0.019238554,0.001716855,0.032057393,0.0012814703,0.01649079,0.001648337,0.052145436,0.0014307554,0.013596512,0.0012524776
4340,/home/jupyter/dent_outputs/isic2019_v2/melanoma/hairs/seed4340/lambda_t_star5/style.png,0.0016547327,0.0012884273,0.0021006814,0.0006045238,0.00073314866,0.0058253035,0.9765335,0.0022508663,0.00039702398,0.0009035789,0.011787748,0.0018042171,0.0003683255,0.00050415815,0.0045997854,0.001306478,0.00021295718,0.0003899861,0.0040322402,0.001041977,0.00024181747,0.0006611572,0.0035435066,0.0009792616,0.00028411756,0.0005297617,0.0030314876,0.0008560674,0.0003671182,0.00048343276,0.0018591098,0.00084457675,0.000359368,0.00033260966,0.0018408333,0.0011018997,0.0006115877,0.00042512463,0.00220038,0.001457091
4754,/home/jupyter/dent_outputs/isic2019_v2/melanoma/hairs/seed4754/lambda_t_star5/style.png,0.16489391,0.03090645,0.0026327944,0.0028886439,0.006898727,0.021385286,0.97990304,0.63509667,0.00473527,0.026875574,0.82744706,0.5677072,0.0036850944,0.022841744,0.80215734,0.5105894,0.002994665,0.020459315,0.7158246,0.32369068,0.0026288356,0.018154453,0.6245159,0.18691698,0.0016694647,0.013379774,0.5387799,0.07011877,0.0013997749,0.011287185,0.6040682,0.061173875,0.0010216059,0.0072280406,0.577583,0.023690397,0.0017050519,0.010155609,0.62834996,0.026305232
4359,/home/jupyter/dent_outputs/isic2019_v2/melanoma/hairs/seed4359/lambda_t_star5/style.png,0.10186188,0.048370816,0.0034853367,0.002396422,0.009183822,0.049117036,0.99383247,0.022928767,0.0041478053,0.02247793,0.94964904,0.010281719,0.0017492216,0.0016430487,0.96333784,0.008356284,0.0056882044,0.00833795,0.7412325,0.00949741,0.0061366316,0.008256388,0.6874981,0.0042492934,0.002939883,0.0042169853,0.10063355,0.0018565987,0.0031813176,0.0036119714,0.053416867,0.0020430244,0.0036613923,0.0037074555,0.023234684,0.0020506273,0.0044341944,0.003769079,0.01744099,0.0021400189
4774,/home/jupyter/dent_outputs/isic2019_v2/melanoma/hairs/seed4774/lambda_t_star5/style.png,0.000999815,0.10981301,0.0099836225,0.00503345,0.00026254627,0.0017999971,0.9854478,0.001121272,0.00017767142,0.00095801515,0.820142,0.0009482716,0.001924222,0.0047213617,0.121248074,0.0049706646,0.0025656412,0.005830036,0.07527376,0.0052455678,0.0033289886,0.007782491,0.035563353,0.0059616733,0.004521543,0.009319473,0.021239795,0.006473324,0.0049804524,0.008860222,0.016731927,0.006727321,0.0073592495,0.008839171,0.015479655,0.008748154,0.0062747593,0.0077486923,0.014764584,0.008408861
4376,/home/jupyter/dent_outputs/isic2019_v2/melanoma/hairs/seed4376/lambda_t_star5/style.png,0.0041621174,0.16194004,0.004516824,0.00482582,0.009602421,0.0334341,0.9511535,0.9609741,0.114291705,0.01576492,0.94841295,0.25697592,0.47993767,0.0019825925,0.18199687,0.0026379833,0.93130285,0.0010548941,0.058780603,0.0019074534,0.86594987,0.0012462682,0.044590622,0.0013821713,0.7353826,0.0009529864,0.036254905,0.001076431,0.73050416,0.00074385526,0.024166234,0.00093642337,0.7564621,0.0008496673,0.014608358,0.0008785408,0.8163334,0.00089892116,0.008519072,0.00073352177
4741,/home/jupyter/dent_outputs/isic2019_v2/melanoma/hairs/seed4741/lambda_t_star5/style.png,0.123138815,0.0054460503,0.0054014353,0.0018625265,0.000607991,0.00042255578,0.1510427,0.0024894266,0.00017320855,0.00024215317,0.03693081,0.0021251126,0.00027358523,0.00024780657,0.015841868,0.0027978495,0.00040612125,0.00025798896,0.0093395915,0.0025661343,0.0007100029,0.0003042035,0.010531461,0.0025403304,0.0064894715,0.00020553514,0.0055826358,0.0017212295,0.032100238,0.00014423662,0.004731409,0.0011488715,0.03776828,0.00014733718,0.0025100843,0.0010690321,0.044533275,0.00013636764,0.002596033,0.0010962287
4999,/home/jupyter/dent_outputs/isic2019_v2/melanoma/hairs/seed4999/lambda_t_star5/style.png,0.09317389,0.0021421472,0.0003173169,0.00044353015,0.00179277,0.006581121,0.99559104,0.0051981364,0.00043149327,0.004697148,0.99334174,0.0024091054,0.0003897246,0.0059308554,0.9905324,0.0026388215,0.0006378669,0.0046256087,0.9914904,0.0018129634,0.00079276005,0.0019472251,0.17931902,0.0018069167,0.0008444742,0.0018739481,0.010033998,0.001450405,0.0008512596,0.0028693858,0.008389501,0.0015914418,0.0009106593,0.0031676379,0.00409651,0.0011003556,0.0006608341,0.0031354513,0.0024334567,0.00075794087
4940,/home/jupyter/dent_outputs/isic2019_v2/melanoma/hairs/seed4940/lambda_t_star5/style.png,0.0055271545,0.021498911,0.025628656,0.006917396,0.002063244,0.0032331576,0.02047291,0.016996859,0.004877,0.006021241,0.020020213,0.023894338,0.0068641743,0.008214617,0.014083502,0.020920811,0.008783102,0.005007233,0.005043966,0.009427028,0.0040743886,0.0048934626,0.006665814,0.00955841,0.002833695,0.0042094355,0.0053148214,0.0065442664,0.002728608,0.004135678,0.004455711,0.005416093,0.004529829,0.0041167564,0.0032405236,0.0043258606,0.003155257,0.00321498,0.0021001126,0.0029625343
4839,/home/jupyter/dent_outputs/isic2019_v2/melanoma/hairs/seed4839/lambda_t_star5/style.png,0.00047184608,0.1923559,0.033228733,0.0036258814,0.0005043713,0.0022709463,0.9685787,0.0027403787,0.00025915602,0.00207757,0.9175654,0.002157812,0.0007633625,0.010889943,0.80549586,0.0017455311,0.0006673918,0.011035589,0.75412285,0.0013862791,0.0007878536,0.014808938,0.70067745,0.0017641565,0.0011723103,0.026367843,0.4280803,0.00277347,0.0009573574,0.031108147,0.45943627,0.0024329221,0.00080560107,0.03465236,0.39359903,0.0024253617,0.0007996141,0.043194883,0.30322817,0.0023238147
4334,/home/jupyter/dent_outputs/isic2019_v2/melanoma/hairs/seed4334/lambda_t_star5/style.png,0.05824018,0.022232503,0.01754826,0.005941091,0.006545981,0.014170441,0.9973526,0.0053494503,0.003135673,0.0054120743,0.9980848,0.0022603483,0.0037238009,0.0050832867,0.9972396,0.0022985907,0.004247623,0.0042653736,0.95012814,0.0032954908,0.010463318,0.004638232,0.8910864,0.004406077,0.016914492,0.004853268,0.3047532,0.0061023757,0.035300232,0.003313092,0.09119856,0.006224861,0.071248956,0.00081142085,0.01407493,0.0016508461,0.02301,0.0008492318,0.007997363,0.0015244161
4107,/home/jupyter/dent_outputs/isic2019_v2/melanoma/hairs/seed4107/lambda_t_star5/style.png,0.00091987435,0.0022669586,0.27983952,0.0035894678,0.015756946,0.012729448,0.9966349,0.0063780076,0.004138458,0.014739821,0.87229836,0.020551315,0.003534598,0.0129057225,0.83447844,0.018354416,0.052751772,0.01138434,0.7518619,0.016275337,0.023762165,0.00535163,0.43510148,0.007745306,0.0056836405,0.0035084144,0.37402287,0.005764213,0.0011428676,0.0026489242,0.26366425,0.004528122,0.00065749884,0.0029549159,0.20976508,0.0051445067,0.00084727217,0.0036545957,0.1527825,0.005411322
4049,/home/jupyter/dent_outputs/isic2019_v2/melanoma/hairs/seed4049/lambda_t_star5/style.png,0.08544195,0.014618568,0.0016691014,0.0016384366,0.0014077706,0.0067027165,0.9834911,0.015650649,0.0007437432,0.00264323,0.993701,0.0011646759,0.0014329083,0.003183788,0.9133664,0.008320967,0.12924245,0.0022285094,0.018132858,0.0039665783,0.19848263,0.0012989827,0.0077986834,0.0036395781,0.21160144,0.0011642576,0.0056292107,0.0043512024,0.2310442,0.0009229497,0.0034617302,0.0033794246,0.22203708,0.0009016722,0.0038362779,0.004078012,0.16469103,0.00094134064,0.0035343324,0.0041038543
4553,/home/jupyter/dent_outputs/isic2019_v2/melanoma/hairs/seed4553/lambda_t_star5/style.png,0.14798118,0.0047280258,0.004245403,0.0020457415,0.0007652423,0.0012598993,0.033693034,0.005153283,0.0007663388,0.00037736818,0.025721902,0.0021384025,0.00020805481,0.00018643933,0.016537132,0.0011103711,0.00013609874,0.00015521218,0.01020613,0.00076259766,0.00014786003,0.0001716558,0.0084382985,0.0008840371,0.00014935028,0.00017078937,0.008224697,0.0010007956,0.000266342,0.00021751934,0.007263881,0.0012911261,0.00028788534,0.0002156636,0.0076250704,0.0013073375,0.00033891754,0.00022827019,0.0067623802,0.0015188197
4280,/home/jupyter/dent_outputs/isic2019_v2/melanoma/hairs/seed4280/lambda_t_star5/style.png,0.00025658312,0.0043434747,0.06802728,0.0014437662,0.00030851626,0.004115101,0.98292726,0.0018125251,0.00031701394,0.0036404827,0.96171176,0.002037752,0.0012430158,0.008931051,0.9751169,0.0032060395,0.0019255979,0.009950624,0.94790184,0.0028225298,0.007894945,0.008496616,0.06101777,0.0073078955,0.005922717,0.0052711284,0.04295853,0.0043740952,0.012174177,0.0050500673,0.0064883376,0.004599364,0.013575405,0.005531945,0.006719045,0.0055205375,0.015892247,0.006476213,0.0066650817,0.005748407
4617,/home/jupyter/dent_outputs/isic2019_v2/melanoma/hairs/seed4617/lambda_t_star5/style.png,0.001809166,0.074320905,0.004195588,0.004195218,0.003065892,0.02335025,0.9467598,0.07190997,0.00028868736,0.0013562945,0.96332866,0.002154445,0.00019684163,0.000706247,0.5280522,0.0016183186,0.00056484836,0.0011074361,0.09802435,0.0035644337,0.0008174669,0.0016668838,0.035982255,0.003875978,0.00093901425,0.0013868291,0.01842253,0.0032209975,0.0008493751,0.0010420097,0.010377539,0.002779899,0.0010251885,0.0008550651,0.008038266,0.0027302967,0.0012402518,0.0011885625,0.009207151,0.0032371862
4391,/home/jupyter/dent_outputs/isic2019_v2/melanoma/hairs/seed4391/lambda_t_star5/style.png,0.0024141658,0.0048785578,0.01658207,0.0018001375,0.0002500899,0.00070359383,0.24123,0.00340652,0.00016129999,0.00023096232,0.046543084,0.001171673,0.00022922523,0.00016676882,0.033713408,0.0011123307,0.00021612905,0.00010583177,0.024976738,0.0009804841,0.00026048083,9.0700974e-05,0.016017893,0.000917275,0.00037331163,9.303541e-05,0.012021698,0.00098262,0.00045185344,9.078819e-05,0.009427152,0.0010004544,0.00053046376,9.6816744e-05,0.007417288,0.0011258519,0.0005731267,9.693444e-05,0.006490274,0.0011156257
4335,/home/jupyter/dent_outputs/isic2019_v2/melanoma/hairs/seed4335/lambda_t_star5/style.png,0.16674596,0.08951877,0.002357751,0.0011494287,0.004264106,0.0101251295,0.9902941,0.013587134,0.018222561,0.017504364,0.9935408,0.007319303,0.00156614,0.012888869,0.9641926,0.0065992964,0.0019871187,0.007462967,0.95459515,0.0093208775,0.0012082246,0.007257132,0.55652404,0.037148595,0.0010901428,0.004130687,0.59594846,0.016869547,0.0017395729,0.005203781,0.3511033,0.011589177,0.0048299963,0.006204276,0.2868144,0.012154177,0.0036868018,0.006619239,0.22385687,0.008202598
4480,/home/jupyter/dent_outputs/isic2019_v2/melanoma/hairs/seed4480/lambda_t_star5/style.png,0.261013,0.0030872345,0.00084258773,0.00076091307,0.0019617782,0.031367134,0.99522287,0.0036770902,0.0013163822,0.017009309,0.99296474,0.004527245,0.0021629692,0.020505257,0.9806302,0.005321107,0.0036074796,0.01852822,0.95943767,0.0064209565,0.006195007,0.013654511,0.93168867,0.008891301,0.01279559,0.0076742363,0.059719022,0.0077556497,0.010750542,0.006690154,0.009247527,0.0065491167,0.013341771,0.006779929,0.0074962387,0.006801113,0.01502631,0.0068972567,0.006740857,0.0071057477
4847,/home/jupyter/dent_outputs/isic2019_v2/melanoma/hairs/seed4847/lambda_t_star5/style.png,0.009416587,0.0018171223,0.0021816138,0.0008297785,0.00035695752,0.0032521512,0.9880284,0.0026749657,0.00038647122,0.0026991447,0.8698067,0.0045740292,0.00047166014,0.0027918904,0.7667644,0.0058051543,0.00063743873,0.0047780783,0.29072943,0.0063881725,0.0004833204,0.0018865876,0.022571962,0.0035378558,0.00037189983,0.0015040662,0.014267494,0.0025987716,0.0003935236,0.0013563888,0.01246635,0.002127384,0.000288041,0.0011677237,0.010731354,0.0016573076,0.000274563,0.0010571254,0.009952164,0.0013746178
4032,/home/jupyter/dent_outputs/isic2019_v2/melanoma/hairs/seed4032/lambda_t_star5/style.png,0.001135847,0.029987678,0.059595093,0.0043545566,0.0047279494,0.03350667,0.97364074,0.019467399,0.0048810816,0.027893037,0.9434853,0.015575975,0.005752228,0.022342954,0.92824256,0.015379503,0.009224684,0.030770712,0.8229826,0.021400942,0.004143614,0.0107066855,0.037939202,0.0085189,0.0047531286,0.009028006,0.0270158,0.007329839,0.003872592,0.009191813,0.020874681,0.0066272076,0.00503912,0.008258427,0.01820752,0.00739901,0.0048986673,0.0071138777,0.013532403,0.0069434997
4970,/home/jupyter/dent_outputs/isic2019_v2/melanoma/hairs/seed4970/lambda_t_star5/style.png,0.014585512,0.0133667765,0.0017212811,0.0023807336,0.002994383,0.0053495164,0.99340665,0.008359402,0.0027271293,0.0050200187,0.9949793,0.007148222,0.0037114187,0.0071505914,0.9809198,0.010367178,0.0030028096,0.0060276287,0.95456856,0.008209654,0.002328878,0.0050491327,0.9028223,0.00946362,0.0007074323,0.0018643005,0.50194365,0.005692413,0.0005097475,0.0013609364,0.4314263,0.0047370945,0.0004536322,0.00091748213,0.34085092,0.003487762,0.0004327548,0.0009907099,0.22540365,0.0027180496
4955,/home/jupyter/dent_outputs/isic2019_v2/melanoma/hairs/seed4955/lambda_t_star5/style.png,0.0193164,0.058006458,0.0036304542,0.003854087,0.017813122,0.08618157,0.9697509,0.09773024,0.0012624941,0.030908767,0.96891093,0.05184399,0.0028450124,0.009432341,0.94705397,0.02036677,0.001859656,0.006069854,0.93989974,0.013252558,0.0020504098,0.00615995,0.90985614,0.013655885,0.0022530076,0.006362723,0.8758479,0.014154329,0.0019778279,0.0056171007,0.75707906,0.014661155,0.0021632316,0.0055839987,0.641942,0.016520025,0.0020279526,0.00426245,0.5416594,0.012443195
4742,/home/jupyter/dent_outputs/isic2019_v2/melanoma/hairs/seed4742/lambda_t_star5/style.png,0.012471458,0.14391357,0.023931492,0.0031603572,0.029779825,0.006532868,0.8890613,0.01674997,0.0017369724,0.16229239,0.7824578,0.04113976,0.0026801368,0.0065606926,0.7814241,0.009454273,0.002292751,0.009652427,0.029334953,0.004726027,0.0019624347,0.008724158,0.023695549,0.004803464,0.0020632716,0.008812537,0.021376587,0.0040272567,0.0019063904,0.008786166,0.017094642,0.003903418,0.0017289113,0.009505729,0.014987742,0.0042440733,0.0017515777,0.009085789,0.013818816,0.0044526323
4931,/home/jupyter/dent_outputs/isic2019_v2/melanoma/hairs/seed4931/lambda_t_star5/style.png,0.0017645636,0.0037144984,0.14590907,0.0042806715,0.0023599446,0.017601207,0.9841352,0.02314634,0.0024824964,0.022447305,0.9726079,0.03309273,0.003467031,0.02182683,0.9643306,0.03929192,0.0024414049,0.013806566,0.3346598,0.038941883,0.0020326152,0.014032362,0.13447115,0.029153258,0.0032558104,0.00977954,0.079644255,0.023799408,0.0033200523,0.006289348,0.04475673,0.017602675,0.0038435187,0.004502028,0.029539775,0.014483406,0.0050744605,0.0042280667,0.022263978,0.012313017
4693,/home/jupyter/dent_outputs/isic2019_v2/melanoma/hairs/seed4693/lambda_t_star5/style.png,0.0046277605,0.011759769,0.0043490953,0.0032007545,0.002505132,0.014096818,0.97291845,0.016973674,0.0031065233,0.090808466,0.95007473,0.013344652,0.0028061916,0.0018566774,0.72745955,0.0041962937,0.0022207238,0.004052657,0.061085153,0.008583062,0.0019014712,0.0017485132,0.036516156,0.007656932,0.0011027718,0.0009952157,0.014108829,0.0044197333,0.0012573819,0.000963917,0.013540935,0.0034126004,0.0024608697,0.001459043,0.012596662,0.003812101,0.0032849088,0.0015098563,0.008249389,0.0039722263
4497,/home/jupyter/dent_outputs/isic2019_v2/melanoma/hairs/seed4497/lambda_t_star5/style.png,0.0014466316,0.0057187933,0.05410266,0.0020130896,0.00025605696,0.0019532403,0.031499293,0.0014662286,0.00094099494,0.0013301763,0.006281143,0.0022057646,0.0014037866,0.0012918961,0.0036997227,0.0029547838,0.001409773,0.0011948018,0.0033453621,0.0032015108,0.0013987243,0.0011731671,0.0029615953,0.003122572,0.001256612,0.0011223021,0.003274235,0.0031988763,0.00096745003,0.00092672114,0.0034738125,0.0029655064,0.0009766583,0.0009917472,0.004210449,0.0034124155,0.0011858416,0.0012016331,0.004851509,0.004090118
4025,/home/jupyter/dent_outputs/isic2019_v2/melanoma/hairs/seed4025/lambda_t_star5/style.png,0.0019919274,0.41591576,0.025510326,0.008253964,0.00057716185,0.0019471232,0.9971132,0.0030827923,0.0030408187,0.006849724,0.9996487,0.0069771297,0.00090504804,0.0025758434,0.9982508,0.0036333827,0.00043434039,0.0016731101,0.9919145,0.0042771767,0.000248442,0.0021645979,0.8471639,0.0033189035,0.00023514523,0.001562165,0.73745304,0.0036128347,0.00018599915,0.0013567848,0.49040386,0.0025354137,0.00019092346,0.0014279567,0.41612852,0.0027701764,0.00018294604,0.0013146508,0.35499182,0.0022045916
4821,/home/jupyter/dent_outputs/isic2019_v2/melanoma/hairs/seed4821/lambda_t_star5/style.png,0.0041314834,0.0053571616,0.008811855,0.004294967,0.00096477044,0.011177993,0.92537963,0.020880764,0.0041198423,0.013666119,0.98920316,0.021464186,0.00057404843,0.00034892844,0.0075631626,0.0027434898,0.00037751807,0.0005391406,0.0033550393,0.0031525001,0.0004979183,0.00050769537,0.0028144429,0.0032452724,0.000502627,0.00040535192,0.002125319,0.0027538196,0.00042551875,0.00034358125,0.001508297,0.0022692613,0.00038057216,0.00030440744,0.0012586418,0.0020187804,0.00033934656,0.00023514882,0.0010626758,0.0016794875
4748,/home/jupyter/dent_outputs/isic2019_v2/melanoma/hairs/seed4748/lambda_t_star5/style.png,0.00068542955,0.0030970164,0.14604975,0.0019489077,0.000384435,0.0005989744,0.7355217,0.0012106606,0.00043688918,0.0008990844,0.81397957,0.0011191656,0.00025753063,0.001064954,0.40193328,0.00062684447,0.0005563484,0.0019060241,0.12517186,0.0010048231,0.0009965769,0.0019962264,0.26695624,0.0010480749,0.0008812534,0.0011359206,0.14252734,0.0010293277,0.0007111873,0.0011053808,0.081710786,0.0011756384,0.00054205034,0.00080726703,0.047820915,0.0009969677,0.00057238265,0.000787565,0.05702851,0.0009994907
4990,/home/jupyter/dent_outputs/isic2019_v2/melanoma/hairs/seed4990/lambda_t_star5/style.png,0.00022295417,0.014728412,0.03332754,0.0030773657,0.0018828552,0.008796757,0.9786984,0.014731104,0.0006949287,0.002328571,0.9901287,0.0037065044,0.0030178907,0.0044133198,0.6843185,0.004784173,0.0020433587,0.003723017,0.49584308,0.004066108,0.0014198675,0.002666063,0.117964916,0.0022493917,0.0029402967,0.004583786,0.04244067,0.0027788628,0.004328217,0.010086053,0.027422087,0.0045045298,0.0048874416,0.012306558,0.022954473,0.0048081367,0.006069115,0.014818228,0.018541092,0.006104244
4148,/home/jupyter/dent_outputs/isic2019_v2/melanoma/hairs/seed4148/lambda_t_star5/style.png,0.00080611056,0.023448065,0.19486317,0.0051591992,0.0030492174,0.01454442,0.9984446,0.00878502,0.003832926,0.019739354,0.99786997,0.011375124,0.004652839,0.027560461,0.99615353,0.010550752,0.004886006,0.030197078,0.9949876,0.010783805,0.004923653,0.020743618,0.97958106,0.010111165,0.00292081,0.030811442,0.28096896,0.014099852,0.0066484082,0.030925615,0.21829377,0.016752666,0.021364838,0.025612952,0.14291774,0.016234074,0.03186412,0.030818535,0.109515116,0.016760828
4743,/home/jupyter/dent_outputs/isic2019_v2/melanoma/hairs/seed4743/lambda_t_star5/style.png,0.0071012373,0.0008585733,0.0024194436,0.0003958451,0.003229628,0.012187782,0.9835014,0.0140457675,0.0004527313,0.0039836243,0.98843956,0.0028354726,0.0013873118,0.006197964,0.98247117,0.0050499495,0.00672006,0.009802491,0.13220297,0.009819183,0.007750493,0.011647663,0.009195874,0.0065111937,0.013410257,0.013184011,0.004452799,0.0052278866,0.017872,0.014729541,0.002892454,0.0045256894,0.02149712,0.01218447,0.002822685,0.0052221413,0.022494769,0.013088782,0.0029009916,0.0058097932
4669,/home/jupyter/dent_outputs/isic2019_v2/melanoma/hairs/seed4669/lambda_t_star5/style.png,0.00086614233,0.02883875,0.005804103,0.0047904016,0.001058321,0.0018459108,0.992343,0.002071285,0.00076038943,0.0037192358,0.9153079,0.0044740704,0.0006137608,0.0030660962,0.9074154,0.004480327,0.00064110686,0.0025867217,0.9148108,0.003305792,0.00050078606,0.0018307893,0.9228126,0.0024795248,0.0004301649,0.0013880493,0.9142916,0.0019188083,0.00038270195,0.0011883061,0.9135749,0.0017423078,0.00043210867,0.0011629808,0.91308653,0.001624138,0.000378322,0.001176464,0.91366184,0.0017366078
4935,/home/jupyter/dent_outputs/isic2019_v2/melanoma/hairs/seed4935/lambda_t_star5/style.png,0.008225016,0.00036274717,0.0067265565,0.00073562685,0.0016704703,0.0102506,0.9652605,0.015532889,0.0016830498,0.0019795876,0.99871325,0.00558992,0.0006028673,0.0012199507,0.75899637,0.0034337624,0.00067461893,0.00085039105,0.49938908,0.0030260696,0.000285708,0.00053024694,0.24639915,0.0019533872,0.00013008254,0.0004753758,0.06486913,0.0016459024,0.00018914863,0.0008717543,0.0391324,0.0016592304,0.00066556246,0.0009813359,0.028689949,0.0014565506,0.00074587576,0.00054802175,0.012749797,0.0011356738
4501,/home/jupyter/dent_outputs/isic2019_v2/melanoma/hairs/seed4501/lambda_t_star5/style.png,0.96039176,0.010748915,0.002829544,0.0013897741,0.0014578806,0.004130665,0.9977817,0.0027179334,0.0009810205,0.0047419895,0.9951271,0.0029237599,0.005936917,0.012419574,0.9990596,0.023690624,0.00053307234,0.0019648054,0.024120959,0.0032538457,0.0010741088,0.0011824798,0.009642797,0.0024437436,0.0014932234,0.0008608806,0.00803161,0.00227886,0.001114278,0.0007663289,0.0066101584,0.0020289866,0.0016694416,0.00080924755,0.006439594,0.002285247,0.0026166951,0.00072653213,0.0056040864,0.0019212463
4404,/home/jupyter/dent_outputs/isic2019_v2/melanoma/hairs/seed4404/lambda_t_star5/style.png,0.00023190412,0.0029101656,0.026610067,0.0010252339,0.000590626,0.0045431494,0.99443626,0.0026715624,0.0004719048,0.004603817,0.9817199,0.0025151118,0.00043856032,0.0038310674,0.976188,0.0019895448,0.0019915446,0.00735637,0.99557185,0.0105202515,0.0007603558,0.0031986511,0.9278866,0.0050553693,0.010601658,0.008770072,0.22699177,0.010508633,0.021051321,0.015277447,0.17084064,0.019380229,0.018402005,0.011804084,0.09569109,0.01652451,0.0023842915,0.004374043,0.03759514,0.0059341965
4744,/home/jupyter/dent_outputs/isic2019_v2/melanoma/hairs/seed4744/lambda_t_star5/style.png,0.00050438737,0.039150864,0.0047668675,0.0012727579,0.010859076,0.0025358517,0.9954464,0.0062057544,0.0075976816,0.0025230714,0.9965011,0.005329581,0.032492433,0.0031436204,0.9845457,0.00963176,0.039526604,0.005709579,0.947539,0.015521126,0.003710548,0.012883611,0.5214166,0.024854675,0.0018318736,0.0045285802,0.113994114,0.009145147,0.0019991363,0.0037164295,0.04135333,0.005874326,0.0021642086,0.0045330147,0.023994738,0.005730124,0.003393055,0.005900792,0.017740486,0.005577137
4161,/home/jupyter/dent_outputs/isic2019_v2/melanoma/hairs/seed4161/lambda_t_star5/style.png,0.035318084,0.0011046212,0.001887722,0.0003863145,0.011182586,0.014104208,0.9689829,0.25360075,0.0053485497,0.007580247,0.7880579,0.008636332,0.00572739,0.00827197,0.6590338,0.012968548,0.0055197445,0.0043071723,0.48247913,0.007851445,0.003522511,0.0028112598,0.37411326,0.005354535,0.0027993598,0.0021642663,0.29032394,0.0039136545,0.0022466178,0.0016507792,0.2155322,0.0031082977,0.0022140248,0.0016216355,0.1826845,0.0029123612,0.0026356357,0.001399525,0.16037543,0.002392713
4158,/home/jupyter/dent_outputs/isic2019_v2/melanoma/hairs/seed4158/lambda_t_star5/style.png,0.25893292,0.06510228,0.0055295527,0.008929392,0.88986546,0.41806072,0.024076583,0.0030184013,0.012189469,0.47837403,0.057376362,0.0062478557,0.015426413,0.8779731,0.019467171,0.021013977,0.0057207705,0.53883576,0.008814553,0.010174882,0.0040824185,0.3825758,0.00930817,0.009910343,0.003957399,0.5941076,0.011999909,0.017153975,0.0011680495,0.44197315,0.005588017,0.010310796,0.0011058954,0.42872,0.0045492435,0.010103036,0.00067963434,0.36733162,0.0032394368,0.007745672
4675,/home/jupyter/dent_outputs/isic2019_v2/melanoma/hairs/seed4675/lambda_t_star5/style.png,0.049364448,0.032346375,0.0036471202,0.0030304156,0.0048757205,0.007422152,0.97279537,0.0028052416,0.0027378,0.016227907,0.9604752,0.02231006,0.0020803607,0.09968234,0.9124808,0.048479844,0.0018736344,0.042465277,0.97074383,0.05252076,0.0005291248,0.017494544,0.8689032,0.014463647,0.002405163,0.40847465,0.14105147,0.016821137,0.0054127774,0.9517813,0.0051415353,0.0043782415,0.0064886017,0.94905996,0.004778291,0.004999124,0.008591694,0.9570821,0.00490575,0.0057968437
4289,/home/jupyter/dent_outputs/isic2019_v2/melanoma/hairs/seed4289/lambda_t_star5/style.png,0.14313957,0.002560011,0.00020040423,0.00015430643,0.0048321607,0.02197679,0.9727323,0.029491499,0.004594769,0.01326338,0.99436647,0.04120103,0.0023078716,0.01755677,0.9988153,0.14857644,0.00088048243,0.0028257645,0.33076403,0.004187037,0.0049935747,0.0015177354,0.027932944,0.0022746064,0.041766874,0.001145053,0.0127133615,0.0021166347,0.07593669,0.0016742097,0.007938452,0.0024961757,0.18828908,0.0028072575,0.0036693036,0.0024710677,0.32557017,0.003454321,0.0028359487,0.0027715005
4419,/home/jupyter/dent_outputs/isic2019_v2/melanoma/hairs/seed4419/lambda_t_star5/style.png,0.01995688,0.011055278,0.0021697485,0.0012234476,0.00017500512,0.0014699397,0.9897251,0.0035287563,0.0003418087,0.0031802305,0.9469426,0.0058240113,0.0017770148,0.003704524,0.4018108,0.0049707144,0.002459674,0.0060027475,0.35973027,0.0046247398,0.0023783862,0.00490707,0.2862244,0.003529147,0.0027218573,0.0049875085,0.13167088,0.0036812257,0.001260724,0.0047192313,0.044349495,0.004267337,0.0008507897,0.0056250584,0.017000612,0.0048544887,0.0012863532,0.007402296,0.015637454,0.006409649
4052,/home/jupyter/dent_outputs/isic2019_v2/melanoma/hairs/seed4052/lambda_t_star5/style.png,0.00033042952,0.005375762,0.061632402,0.0030053915,0.0032579962,0.011246045,0.99949074,0.0072514587,0.002554002,0.0036378012,0.99519867,0.00340318,0.0035888879,0.007156853,0.9882929,0.00515576,0.0029250572,0.0078110234,0.98556006,0.0051933234,0.0063570403,0.008714926,0.9787118,0.007626694,0.0053073717,0.007589812,0.051235795,0.009075273,0.026880039,0.0074901143,0.0370657,0.010706044,0.04338707,0.008350248,0.033729017,0.013246735,0.0462761,0.0077717393,0.026557354,0.012142896
4324,/home/jupyter/dent_outputs/isic2019_v2/melanoma/hairs/seed4324/lambda_t_star5/style.png,0.0044515124,0.014396328,0.076290175,0.006776163,0.00045480052,0.0031487783,0.9792333,0.0036779966,0.00026298745,0.003056432,0.9804537,0.0018571909,0.00028087082,0.0037468194,0.9695234,0.0015011779,0.0017117197,0.0029000854,0.03875218,0.0036799945,0.0062116566,0.003454853,0.04923767,0.004165637,0.0084266085,0.004424642,0.042997807,0.003664431,0.0056220833,0.0035495225,0.044601325,0.0032438072,0.004234902,0.0034632506,0.046409544,0.003286394,0.0027407177,0.0031146249,0.051977273,0.0030457072
4190,/home/jupyter/dent_outputs/isic2019_v2/melanoma/hairs/seed4190/lambda_t_star5/style.png,0.00027733468,0.02645381,0.18301137,0.003075842,0.0036169272,0.0057330187,0.9994703,0.0021706047,0.0021272385,0.0075903656,0.9991285,0.0031014655,0.001880466,0.0053281854,0.9980326,0.002982202,0.004873292,0.0038521069,0.049055472,0.0018033303,0.0011527702,0.00525744,0.029573446,0.0031036763,0.0006953206,0.0033872048,0.01627614,0.0026491685,0.0016282272,0.002746731,0.012047767,0.0023853125,0.0012163342,0.002402237,0.008620477,0.0020692653,0.0013695993,0.0023141957,0.007785692,0.002360068
4526,/home/jupyter/dent_outputs/isic2019_v2/melanoma/hairs/seed4526/lambda_t_star5/style.png,0.00031477146,0.0013866507,0.009268538,0.0007090238,0.004317583,0.002837118,0.95283586,0.0050709783,0.011754318,0.03713393,0.929456,0.015222358,0.009373961,0.014787012,0.65632266,0.0117521575,0.0040368657,0.004132975,0.040389214,0.008522057,0.0068511325,0.0034352755,0.01592921,0.0055126795,0.005158047,0.002224012,0.014458394,0.0032946952,0.0067591043,0.002878025,0.008674309,0.004505464,0.004010236,0.003771896,0.005520305,0.0045947493,0.0045744157,0.005971985,0.006498987,0.006161492
4986,/home/jupyter/dent_outputs/isic2019_v2/melanoma/hairs/seed4986/lambda_t_star5/style.png,0.015048155,0.026238305,0.0005364663,0.0009901997,0.0012477405,0.00657393,0.9853925,0.0024180687,0.0017205349,0.0067207697,0.9536819,0.0025499784,0.003953144,0.0063257893,0.6352051,0.005437823,0.0009818414,0.0018753329,0.97325313,0.0009625762,0.002024263,0.0016688062,0.98788583,0.00068122166,0.0007254653,0.008116443,0.32848743,0.0033895562,0.0005278252,0.006931909,0.18795496,0.0029745616,0.0007614064,0.008045827,0.24066998,0.002423859,0.0006973523,0.009004254,0.13902608,0.0019900172
4156,/home/jupyter/dent_outputs/isic2019_v2/melanoma/hairs/seed4156/lambda_t_star5/style.png,0.7888856,0.0020534308,0.0006911926,0.0008967244,0.0030795303,0.0025298174,0.98610735,0.004498988,0.001037262,0.0013049385,0.8525122,0.001702203,0.00039890877,0.000540986,0.57554907,0.000722112,0.0007399857,0.00079719163,0.51512396,0.0011799308,0.00075316546,0.00071196345,0.5052465,0.0010549056,0.0008691347,0.00053433597,0.13358554,0.0014334243,0.0011627743,0.00081238593,0.01707981,0.0023159746,0.0007498154,0.00071707583,0.022601716,0.002355658,0.0009173379,0.0012325952,0.010856721,0.0034301141
4462,/home/jupyter/dent_outputs/isic2019_v2/melanoma/hairs/seed4462/lambda_t_star5/style.png,0.00021178879,0.017262043,0.003069793,0.0004217037,0.0042534578,0.02279084,0.9748883,0.03089191,0.013858602,0.03453001,0.0064127264,0.003942243,0.005742215,0.0645385,0.003291158,0.002018836,0.0007289217,0.019993192,0.00086785643,0.0007894281,0.0004836074,0.022664564,0.0006964443,0.0008192179,0.00043410814,0.012914163,0.00047580144,0.00054761575,0.00048309122,0.007410183,0.0005695294,0.0006334106,0.0005254822,0.010253305,0.0004005891,0.0006112057,0.00043578984,0.015529004,0.0003378232,0.0006017966
4370,/home/jupyter/dent_outputs/isic2019_v2/melanoma/hairs/seed4370/lambda_t_star5/style.png,0.0014114381,0.0038639782,0.1180923,0.07593764,0.00029012488,0.00081539515,0.9256733,0.009944453,0.0003462592,0.0004134617,0.8895427,0.0035463434,0.00020213118,0.00021220742,0.39717978,0.002123058,9.9171826e-05,0.00030785016,0.065536804,0.0032791249,0.00040348578,0.00087408075,0.16601108,0.03667606,0.0002278905,0.00053536065,0.08686273,0.014365508,0.00023968276,0.00050151045,0.06530412,0.012610389,0.0001476625,0.0005101213,0.054445878,0.012431141,0.00015513731,0.000517957,0.062137153,0.011884145
4385,/home/jupyter/dent_outputs/isic2019_v2/melanoma/hairs/seed4385/lambda_t_star5/style.png,0.020370899,0.65277,0.04929365,0.014985644,0.005995022,0.060146596,0.9701503,0.03844798,0.013717151,0.09534953,0.90114576,0.03524572,0.028471923,0.2735034,0.54809815,0.050445534,0.011721416,0.06464161,0.14939146,0.017423617,0.010195879,0.04227325,0.10194466,0.012909804,0.010022219,0.080888964,0.06920605,0.008675707,0.013548562,0.07979507,0.045851573,0.008247642,0.01236686,0.07894799,0.030608524,0.006555626,0.010548667,0.09236575,0.023301862,0.005916746
4886,/home/jupyter/dent_outputs/isic2019_v2/melanoma/hairs/seed4886/lambda_t_star5/style.png,0.0013125283,0.004084664,0.013369035,0.005213674,0.006044155,0.008494984,0.9960427,0.004694206,0.00090962043,0.0035718717,0.9902215,0.0015448132,0.00096504035,0.0025863168,0.9622284,0.0020276564,0.00033053852,0.0012812201,0.037011743,0.0033160374,0.000331902,0.00090201985,0.010703953,0.003846662,0.00034269848,0.0007885713,0.0087457355,0.0035975813,0.0003696696,0.0008809592,0.0077415393,0.0035664586,0.00044381624,0.0009670665,0.007991763,0.003829683,0.0004515901,0.00077853026,0.0058666673,0.0032745104
4747,/home/jupyter/dent_outputs/isic2019_v2/melanoma/hairs/seed4747/lambda_t_star5/style.png,0.00041339963,0.010739057,0.003986282,0.0007820723,0.001318349,0.00443586,0.97095305,0.0090103485,0.0035782687,0.040174183,0.18194047,0.027821613,0.012079456,0.09039683,0.021519454,0.010743663,0.004454721,0.11235209,0.015927956,0.007681321,0.003599378,0.10406565,0.015331725,0.006885313,0.0019650692,0.09805776,0.014185309,0.0060467054,0.0012685347,0.122535415,0.014664268,0.0057016187,0.0010677538,0.100326024,0.015354236,0.004797716,0.0013868,0.050851043,0.012678611,0.0037845604
4716,/home/jupyter/dent_outputs/isic2019_v2/melanoma/hairs/seed4716/lambda_t_star5/style.png,0.309154,0.20121194,0.0028293033,0.0028612143,0.002666816,0.0038271097,0.9811342,0.0048477966,0.0013816581,0.0022922321,0.9524,0.0035249372,0.0022716648,0.002324499,0.9352399,0.003540316,0.0012667713,0.0024503914,0.9717002,0.003010548,0.0017671762,0.0030931102,0.66769165,0.0066761025,0.0012786229,0.0023852636,0.68772924,0.004712785,0.001133088,0.0021427923,0.63438225,0.0050512436,0.0016089703,0.0026542067,0.6232661,0.0061839633,0.001733401,0.0030720937,0.5925364,0.0055864328
4837,/home/jupyter/dent_outputs/isic2019_v2/melanoma/hairs/seed4837/lambda_t_star5/style.png,0.0015507437,0.058700483,0.018335521,0.0027102884,0.00022854372,0.0023545094,0.14336553,0.0015933894,0.00041126917,0.002656567,0.0549303,0.002260473,0.00046019928,0.0014456785,0.03091043,0.001979441,0.00051515765,0.0011620877,0.01983557,0.0020705282,0.00067991443,0.0013992278,0.013511623,0.002212546,0.0006425443,0.0013993544,0.009536253,0.0019420339,0.00072651793,0.001043821,0.005386749,0.0016057151,0.001127718,0.0009322646,0.0049246317,0.0015286759,0.0012433912,0.00089731114,0.0050512967,0.0014464249
4580,/home/jupyter/dent_outputs/isic2019_v2/melanoma/hairs/seed4580/lambda_t_star5/style.png,0.0023201418,0.0021221915,0.067760855,0.0032561803,0.0008455491,0.0023803646,0.9525676,0.0060691233,0.0010058149,0.0026049213,0.9587278,0.00569488,0.0010765684,0.002444912,0.8951301,0.0059367986,0.0007490462,0.001897582,0.761595,0.005937134,0.0011212608,0.0021924826,0.8153673,0.007814358,0.0010499941,0.0019985437,0.8216785,0.0059408573,0.00090804446,0.0016593206,0.81476927,0.0048329863,0.00073590165,0.0014280425,0.8001915,0.0039072814,0.00066225324,0.0013869763,0.7495545,0.003249166
4500,/home/jupyter/dent_outputs/isic2019_v2/melanoma/hairs/seed4500/lambda_t_star5/style.png,0.0003110814,0.009479962,0.031496406,0.0016778056,0.0024128086,0.007323555,0.9341776,0.016217206,0.0014032646,0.009571954,0.9437533,0.013336819,0.002106485,0.025991788,0.2754349,0.008510063,0.0014092529,0.015671775,0.12260829,0.0040697297,0.0017428476,0.011858283,0.09860245,0.0036576318,0.0015240221,0.0113013005,0.0665747,0.004135515,0.00250872,0.007803666,0.0537329,0.003477074,0.0041838465,0.009181097,0.047229014,0.0037594675,0.00901063,0.010611681,0.050952934,0.0040542167
4061,/home/jupyter/dent_outputs/isic2019_v2/melanoma/hairs/seed4061/lambda_t_star5/style.png,0.0025839193,0.009319592,0.1720197,0.0028239805,0.0014496641,0.0050011477,0.988612,0.031512417,0.0032544553,0.012097775,0.53542906,0.011545545,0.0062412713,0.018821642,0.14045897,0.010764796,0.0070817573,0.032364354,0.12822744,0.01032708,0.077111915,0.016630156,0.05580476,0.010184765,0.23255235,0.014434509,0.009549522,0.0056635914,0.22640066,0.03386549,0.006584505,0.0059666717,0.13127522,0.027884113,0.0046429937,0.004662763,0.15709117,0.033668466,0.003201893,0.0044749305
4764,/home/jupyter/dent_outputs/isic2019_v2/melanoma/hairs/seed4764/lambda_t_star5/style.png,0.0012066966,0.0031280632,0.0042475606,0.00019745465,0.0002653793,0.0021691725,0.9950098,0.00096958794,0.00016470415,0.0015658537,0.9272141,0.0017175956,0.000433555,0.0018958325,0.9269432,0.0031940022,0.0003736248,0.0012408197,0.9430603,0.0022465696,0.0002921807,0.00087248103,0.26172504,0.004479185,0.0004023646,0.000602477,0.011895177,0.0035741653,0.0005326533,0.0005909016,0.009857551,0.0037030813,0.0006054092,0.00044626664,0.006763053,0.0030865695,0.00066340895,0.00033552776,0.0059423926,0.0028781442
4680,/home/jupyter/dent_outputs/isic2019_v2/melanoma/hairs/seed4680/lambda_t_star5/style.png,0.0011092235,0.0017870417,0.009741268,0.0021051583,5.05635e-05,0.001176204,0.9342771,0.0007768487,0.00016719777,0.00068941474,0.9159081,0.0006658508,0.00025161248,0.00051034696,0.0082082255,0.0019012205,0.0004821642,0.00048141403,0.0057083373,0.0023182817,0.00072840956,0.000551829,0.006585609,0.0030906114,0.00086319033,0.00050713215,0.006493331,0.0030620862,0.0010814097,0.0005377021,0.0057547437,0.0033938128,0.0014801266,0.0005986029,0.006014028,0.0037525855,0.0014817549,0.00058799173,0.0050081643,0.0034957526
4726,/home/jupyter/dent_outputs/isic2019_v2/melanoma/hairs/seed4726/lambda_t_star5/style.png,0.05879831,0.061016437,0.001567253,0.0009077469,0.0018521204,0.007814927,0.97044826,0.008189002,0.0021772543,0.01024794,0.6624077,0.013246958,0.0028300094,0.042477574,0.42864648,0.019148882,0.0048003006,0.10631767,0.16119225,0.020972546,0.0016733881,0.07655501,0.095610864,0.013690371,0.0009815978,0.028266061,0.105621696,0.012254232,0.0011188239,0.024676295,0.08176931,0.014271788,0.00096450397,0.028403223,0.03558703,0.010044494,0.00086377404,0.05416067,0.022508739,0.0069691
4612,/home/jupyter/dent_outputs/isic2019_v2/melanoma/hairs/seed4612/lambda_t_star5/style.png,0.0008056509,0.03103922,0.030549332,0.007264844,0.00023743372,0.0015683762,0.9908441,0.0012333433,0.00010334406,0.001267021,0.9550107,0.0014560955,0.00020861617,0.0020147276,0.62311244,0.0029743905,0.00019637111,0.0012819135,0.4089714,0.002494412,0.0005439244,0.001648435,0.07589566,0.004129461,0.0010424472,0.0013447278,0.035066105,0.00442376,0.0019756085,0.0018833714,0.028274082,0.005893395,0.0024903493,0.0019206731,0.023270361,0.0058011347,0.0037412718,0.0019481512,0.019227257,0.006902972
4673,/home/jupyter/dent_outputs/isic2019_v2/melanoma/hairs/seed4673/lambda_t_star5/style.png,0.0019300852,0.0040362887,0.0060373554,0.0016971105,0.0023724197,0.0070953527,0.9028957,0.061571784,0.0009734769,0.0040588113,0.52252364,0.012286705,0.001295074,0.004427348,0.8057196,0.023320476,0.0013849522,0.0040322845,0.4808948,0.01433284,0.002458207,0.0022937679,0.1604912,0.0070400755,0.002469512,0.0010550095,0.041784704,0.002253664,0.0032186513,0.00069662655,0.021243962,0.0018283641,0.0044616396,0.0006167899,0.013896575,0.0016848936,0.0051311287,0.0007210459,0.011970552,0.0016454251
4541,/home/jupyter/dent_outputs/isic2019_v2/melanoma/hairs/seed4541/lambda_t_star5/style.png,0.40007463,0.001590028,0.0007322967,0.000576027,0.281692,0.12682506,0.0024864092,0.003721265,0.36666837,0.092171796,0.0012860512,0.002799609,0.68452,0.08913862,0.001824619,0.004431126,0.6853678,0.08830698,0.0020160058,0.0039978186,0.76159865,0.08924529,0.0024423248,0.0051879305,0.691578,0.05528668,0.0015278204,0.0038386434,0.6789694,0.020031672,0.0010254054,0.002718877,0.61165047,0.019130975,0.001119237,0.0030041502,0.6146171,0.019702721,0.0010017506,0.002669632
4065,/home/jupyter/dent_outputs/isic2019_v2/melanoma/hairs/seed4065/lambda_t_star5/style.png,0.04199776,0.017072085,0.0015805885,0.00065052323,0.006556772,0.0035203577,0.60796916,0.009287157,0.19630413,0.06875012,0.0015997682,0.006197617,0.22146194,0.06438713,0.0015372299,0.0067048026,0.25104448,0.044745304,0.0014563487,0.006959425,0.17989987,0.019668754,0.0008888071,0.0042501385,0.2533306,0.0073747174,0.0007084919,0.0034177876,0.28211415,0.004387589,0.0007050769,0.0033711705,0.37768352,0.0022188702,0.0005479144,0.0026545222,0.5101072,0.0016422254,0.00046824256,0.0023162838
4495,/home/jupyter/dent_outputs/isic2019_v2/melanoma/hairs/seed4495/lambda_t_star5/style.png,0.044203814,0.012795024,0.033308852,0.005269925,0.00062074646,0.008881997,0.8956347,0.002995206,0.0015655041,0.012983413,0.96502155,0.0045129643,0.0059193266,0.010817015,0.9168726,0.002892495,0.017882388,0.0069407644,0.25761065,0.0034620448,0.2441805,0.009953508,0.015112235,0.015077081,0.4331483,0.009287144,0.0103264665,0.013728774,0.511711,0.008169201,0.009219061,0.012260103,0.33797026,0.010799437,0.0118041,0.015219206,0.25430498,0.011121273,0.009542407,0.012995121
4213,/home/jupyter/dent_outputs/isic2019_v2/melanoma/hairs/seed4213/lambda_t_star5/style.png,0.000113465685,0.004016446,0.0020876813,0.0007254307,0.0011277148,0.005605171,0.9971796,0.0022107363,0.000493914,0.0043987194,0.986075,0.002250911,0.00049349305,0.0034464544,0.942932,0.003792115,0.012640943,0.0042525674,0.89511025,0.007405818,0.032605436,0.002471431,0.49619633,0.007578278,0.0019990175,0.002094507,0.014067305,0.008796266,0.0019968324,0.001788113,0.008030198,0.0054887957,0.0064359256,0.0018778008,0.006458852,0.0050194087,0.015998319,0.0020562205,0.005946422,0.005132263
4699,/home/jupyter/dent_outputs/isic2019_v2/melanoma/hairs/seed4699/lambda_t_star5/style.png,0.0015076179,0.0010906777,0.007256709,0.0013990526,0.0005573146,0.0020518075,0.11503094,0.0022212605,0.00078491913,0.00052583136,0.01160028,0.0012813861,0.0019282392,0.00044878444,0.0048495824,0.001600261,0.0050732787,0.0009981804,0.0043110554,0.0037232328,0.005260852,0.0007551818,0.0033937325,0.0029742718,0.005233506,0.00073313713,0.0028734133,0.0029453754,0.004942446,0.0006126933,0.0027962613,0.0028675173,0.005540419,0.0007067072,0.0029527927,0.0032886968,0.007147955,0.0009364773,0.0034439678,0.0038563102
4780,/home/jupyter/dent_outputs/isic2019_v2/melanoma/hairs/seed4780/lambda_t_star5/style.png,0.0040788543,0.051385287,0.006818689,0.003160234,0.00019100466,0.0019298678,0.9942967,0.0012360723,0.00084545364,0.004735205,0.9988438,0.005023767,0.00029505443,0.0008626217,0.27055815,0.0010644484,0.033320263,0.0015353764,0.084012866,0.001596014,0.02184065,0.0014494053,0.028968092,0.0016384615,0.013969037,0.0012944433,0.01848998,0.0016823065,0.010112458,0.001085225,0.011538684,0.0015990996,0.007095817,0.0009766932,0.009095337,0.0015684995,0.005096067,0.00090665644,0.009600036,0.0014817683
4511,/home/jupyter/dent_outputs/isic2019_v2/melanoma/hairs/seed4511/lambda_t_star5/style.png,0.018122697,0.041397292,0.008724134,0.0025685495,0.0012742783,0.0123194195,0.983144,0.0066514416,0.0007448508,0.0011942391,0.14824603,0.004799374,0.02960511,0.001942598,0.02116061,0.0033452604,0.04053617,0.0026653467,0.02874792,0.005355337,0.09863273,0.0029598102,0.019997643,0.0048741614,0.111438416,0.005628255,0.020759817,0.0068742004,0.16559197,0.00762948,0.02220115,0.009025143,0.15329495,0.007119113,0.015232312,0.008793939,0.113891944,0.006025829,0.015277575,0.007715912
4184,/home/jupyter/dent_outputs/isic2019_v2/melanoma/hairs/seed4184/lambda_t_star5/style.png,0.028439183,0.0031170957,0.013820571,0.007909457,0.0005716133,0.0058762725,0.9753397,0.003069332,0.0019086882,0.0043856106,0.9633822,0.0045507904,0.0018065262,0.005028006,0.63369346,0.002746244,0.0027377035,0.0026430225,0.005951134,0.0027741864,0.003071663,0.0024095238,0.006582103,0.003996964,0.0043237703,0.0029745717,0.0069424245,0.0049799182,0.0054002088,0.003020648,0.007717478,0.0055443277,0.008397363,0.0024871982,0.008255313,0.005378381,0.010019911,0.002290743,0.006510944,0.0050070314
4884,/home/jupyter/dent_outputs/isic2019_v2/melanoma/hairs/seed4884/lambda_t_star5/style.png,0.007634814,0.015137474,0.0014455416,0.0005568954,0.001765883,0.011124657,0.9952225,0.0048894715,0.0009706537,0.009069853,0.97891825,0.003717858,0.0004968942,0.008241869,0.98649967,0.0023231735,0.00076959544,0.0052018883,0.98829156,0.003235354,0.0010477683,0.007664849,0.96335244,0.0041468283,0.0016089168,0.001596337,0.0060522705,0.002999089,0.0016384138,0.0018750179,0.0066148695,0.002944261,0.0019741377,0.0022653728,0.0075057414,0.0034611644,0.0019407838,0.002274852,0.007698112,0.0034061312
4953,/home/jupyter/dent_outputs/isic2019_v2/melanoma/hairs/seed4953/lambda_t_star5/style.png,0.001856277,0.017289696,0.24872294,0.021618428,0.0020027566,0.0047431644,0.91420877,0.0046085333,0.006703323,0.014685711,0.9243686,0.022344517,0.012691301,0.008040882,0.7387822,0.01450319,0.0052395496,0.010514551,0.68852496,0.018752642,0.0031755522,0.011094844,0.25118014,0.019016663,0.0013182196,0.0045866887,0.43564087,0.009397672,0.00068172085,0.0025402773,0.17472288,0.0038420348,0.0006332811,0.0019387401,0.024613203,0.0030055172,0.00080053846,0.0027755417,0.019756433,0.0031859966
4571,/home/jupyter/dent_outputs/isic2019_v2/melanoma/hairs/seed4571/lambda_t_star5/style.png,0.09917709,0.03375505,0.015756037,0.013570298,0.0014707581,0.0071799643,0.9994325,0.0057775015,0.00074835774,0.0038500216,0.99704474,0.0022989977,0.0007712168,0.0040746112,0.9953466,0.0034444814,0.0009118645,0.0029271815,0.99298394,0.0022984934,0.0013475297,0.0011854798,0.009996163,0.001754429,0.0018451562,0.0013904123,0.008847915,0.0021780676,0.0015909487,0.0016195842,0.0073320293,0.0022141396,0.0013060631,0.0012989381,0.0063249827,0.0017457271,0.0015241702,0.001729118,0.0062242122,0.002161675
4533,/home/jupyter/dent_outputs/isic2019_v2/melanoma/hairs/seed4533/lambda_t_star5/style.png,0.0055902703,0.016608318,0.13661744,0.0026348701,0.0008072451,0.0072150156,0.9940906,0.0038678271,0.00087413314,0.0066948514,0.98864824,0.0028381366,0.0018370864,0.009701296,0.9884654,0.0043651164,0.010407018,0.003611918,0.07190655,0.004536377,0.013484137,0.003497547,0.018399274,0.0030540123,0.008678242,0.0023716015,0.014051289,0.0024438063,0.0023959454,0.0028191414,0.012304315,0.0027995422,0.0013656631,0.0028531635,0.010535376,0.0029129633,0.0015246542,0.0032316614,0.0097029265,0.003027134
4736,/home/jupyter/dent_outputs/isic2019_v2/melanoma/hairs/seed4736/lambda_t_star5/style.png,0.00418524,0.14690512,0.026053645,0.005380172,0.00048512366,0.0018528575,0.018055128,0.0031868839,0.00087597297,0.0014914336,0.014207625,0.0030824787,0.0009783389,0.0010532908,0.010989705,0.0027543132,0.0014763844,0.0011506337,0.009211571,0.0032854087,0.0012893645,0.0010701626,0.0070026647,0.0028597196,0.0011795571,0.00095571054,0.006001897,0.0025989448,0.0012537414,0.0008833307,0.004891659,0.002423491,0.0012802527,0.00074720685,0.004425169,0.002411489,0.0015460668,0.00081103476,0.0047318665,0.0029329264
4538,/home/jupyter/dent_outputs/isic2019_v2/melanoma/hairs/seed4538/lambda_t_star5/style.png,0.032116808,0.031353828,0.0037034631,0.0015298073,0.0012412387,0.0041211275,0.99689263,0.0016999469,0.00039238224,0.0018491116,0.9976076,0.00033826646,0.0009274247,0.0037519564,0.99479854,0.0015073825,0.0015961204,0.003929225,0.992993,0.0022137433,0.0005605315,0.0030787047,0.023733996,0.0021598458,0.0006866856,0.0033540367,0.021617172,0.0028700638,0.0007617093,0.0031845432,0.018123044,0.0026413423,0.0009735461,0.002860927,0.021585986,0.0025384475,0.001220879,0.0022498062,0.018226009,0.0023926187
4092,/home/jupyter/dent_outputs/isic2019_v2/melanoma/hairs/seed4092/lambda_t_star5/style.png,0.0009232031,0.0013782019,0.03259821,0.002518901,0.0003787668,0.0015358231,0.88671446,0.0030516174,9.766482e-05,0.0008931971,0.14511216,0.0021308672,0.00021571523,0.0005792028,0.17879823,0.003340914,0.0003041142,0.00032502622,0.10826485,0.0025908512,0.00045129296,0.00031289252,0.08294816,0.002673755,0.0005364047,0.00026247645,0.074252784,0.0025661904,0.0005111675,0.00020878014,0.063978896,0.0021745223,0.00056758564,0.00018319217,0.062286794,0.0019990718,0.0005941565,0.00017649034,0.06317921,0.001824296
4706,/home/jupyter/dent_outputs/isic2019_v2/melanoma/hairs/seed4706/lambda_t_star5/style.png,0.019650552,0.036877833,0.0010519379,0.0008884942,0.008600784,0.033131085,0.86853653,0.042704057,0.009452416,0.036619227,0.76894534,0.15997495,0.00936268,0.062359113,0.70104325,0.20216417,0.0091819,0.07286527,0.62299925,0.17179857,0.007154363,0.09197274,0.526878,0.1561085,0.0036570183,0.05446633,0.2700616,0.07178794,0.001682796,0.052085977,0.10911225,0.024448883,0.001923636,0.21364473,0.0628038,0.021203838,0.0022027253,0.24466524,0.04739495,0.018226653
4435,/home/jupyter/dent_outputs/isic2019_v2/melanoma/hairs/seed4435/lambda_t_star5/style.png,0.0016231202,0.05926525,0.07056737,0.007441738,0.0004919139,0.002623938,0.96936405,0.0050584525,0.0008382206,0.0036675122,0.95329714,0.0062316377,0.00093665044,0.0029123847,0.9340421,0.004720208,0.00096709013,0.0025106801,0.90474194,0.0050841863,0.0014137514,0.002581174,0.5641933,0.0053190854,0.0012895652,0.002288719,0.10142312,0.005516748,0.000883324,0.0016510258,0.011849267,0.0027379612,0.0011698473,0.001779207,0.011453394,0.0027254245,0.0011863541,0.0017663504,0.010893949,0.002754067
4135,/home/jupyter/dent_outputs/isic2019_v2/melanoma/hairs/seed4135/lambda_t_star5/style.png,0.0009660605,0.0024899004,0.022394259,0.0018913173,0.0014158512,0.03431793,0.9817551,0.010012172,0.00024208485,0.006726072,0.4065671,0.004188385,0.00036932545,0.001755241,0.061441552,0.003442238,0.0010319139,0.004586088,0.027790345,0.005244264,0.00080026855,0.005009193,0.02799595,0.005176446,0.00064016867,0.004415621,0.012350545,0.0034504673,0.0015591519,0.0040646056,0.004611001,0.0031470517,0.0019887213,0.0040920977,0.0034899174,0.0032538923,0.0024780405,0.003703491,0.002362155,0.0030937647
4331,/home/jupyter/dent_outputs/isic2019_v2/melanoma/hairs/seed4331/lambda_t_star5/style.png,0.041200154,0.23492415,0.00059649197,0.00045825547,0.0010689251,0.0016201764,0.1587753,0.0034202002,0.0013734631,0.0019757561,0.08807376,0.0026459969,0.0011110377,0.000905808,0.033251368,0.002944628,0.0005738531,0.00064151053,0.019403156,0.0021827247,0.0004471935,0.00052864087,0.017523557,0.0017886331,0.00038170052,0.0004208142,0.012065834,0.0015025153,0.00034421333,0.00034985362,0.008344328,0.0012914126,0.0003515239,0.00033746794,0.0064945463,0.0012333932,0.00033107057,0.00031819392,0.0056469636,0.0010599293
4972,/home/jupyter/dent_outputs/isic2019_v2/melanoma/hairs/seed4972/lambda_t_star5/style.png,0.056092836,0.021687336,0.0029906584,0.0010753957,0.0014147587,0.003319123,0.9893918,0.0027637463,0.00077021937,0.0060905847,0.98900026,0.002403428,0.00030827077,0.0024729595,0.087006405,0.0025893103,0.0007602757,0.0016360928,0.0048350645,0.0023105731,0.0008047567,0.0015362136,0.004672056,0.002384869,0.000998197,0.001655145,0.0043960186,0.002560329,0.00081716507,0.0016745764,0.0044592703,0.0022099854,0.0008886487,0.0017552426,0.0038168863,0.0021219784,0.00095779385,0.0019961027,0.0039039985,0.0022955092
4867,/home/jupyter/dent_outputs/isic2019_v2/melanoma/hairs/seed4867/lambda_t_star5/style.png,0.13666296,0.022372153,0.00016243318,0.0004518397,0.0023809967,0.050442025,0.98224777,0.032939732,0.0015058382,0.026387712,0.95178914,0.018392697,0.0011044062,0.013280115,0.85976505,0.01992857,0.00088034576,0.010213344,0.83211255,0.022620246,0.00014054216,0.0010656518,0.10083411,0.007884733,0.00044412457,0.005247496,0.01202192,0.0025395078,0.00037154462,0.006867146,0.0049949302,0.0020084183,0.00046141096,0.0032498909,0.005289732,0.0028190436,0.00054370414,0.0037238167,0.0046194964,0.0030684746
4902,/home/jupyter/dent_outputs/isic2019_v2/melanoma/hairs/seed4902/lambda_t_star5/style.png,0.009878283,0.034401637,0.00074779097,0.0005084467,0.00030727926,0.0066335294,0.9913663,0.002029557,0.0004043749,0.007877776,0.98451394,0.0026851504,0.00042821557,0.0058764066,0.9839806,0.0027966443,0.00053125666,0.0042388006,0.9630241,0.003679652,0.00052536925,0.0021122252,0.91279006,0.0032838895,0.0081507955,0.0020158591,0.011044668,0.004820485,0.0059046894,0.002202809,0.011733332,0.0059350515,0.012268109,0.0024381217,0.010239745,0.0061288723,0.017246138,0.0021702978,0.009050302,0.006056179
4245,/home/jupyter/dent_outputs/isic2019_v2/melanoma/hairs/seed4245/lambda_t_star5/style.png,0.00038282128,0.009800701,0.08717873,0.0040266598,0.11613593,0.0031197267,0.0017891686,0.0056615993,0.1260427,0.0025780764,0.001633558,0.005070675,0.09384006,0.0034226568,0.0019797122,0.0057482454,0.06254715,0.00292793,0.0019409402,0.005328575,0.062375806,0.003763132,0.002170903,0.0062861657,0.074060895,0.0026975113,0.002030302,0.0056579844,0.09741829,0.0014992937,0.0012817022,0.0040573003,0.096295685,0.00096704403,0.0007719315,0.002859295,0.14318296,0.0007938301,0.00055830297,0.0024129774
4996,/home/jupyter/dent_outputs/isic2019_v2/melanoma/hairs/seed4996/lambda_t_star5/style.png,0.5143816,0.023954248,0.0013589541,0.002316134,0.0023485324,0.016525798,0.99264127,0.052038588,0.0014696795,0.0501674,0.9621175,0.06002489,0.0028369627,0.02570202,0.118874304,0.06358516,0.007442699,0.0011430086,0.0038046495,0.0007398729,0.003223736,0.0006889481,0.00090679503,0.0011967677,0.0048744576,0.00039583736,0.0010207425,0.0009910936,0.006849776,0.00037586386,0.0011358487,0.0010921016,0.0040766373,0.0010750706,0.00094508496,0.0015526311,0.0021515582,0.0024959585,0.001468368,0.0026688676
4930,/home/jupyter/dent_outputs/isic2019_v2/melanoma/hairs/seed4930/lambda_t_star5/style.png,0.88946515,0.0025595229,9.9616154e-05,0.0002657981,0.0018693559,0.0075882506,0.9985582,0.015503124,0.0032801507,0.0037224705,0.9834326,0.0056201993,0.0017948099,0.0023002427,0.9409953,0.0058735125,0.0028782343,0.0054089,0.8203124,0.01159711,0.003466168,0.0055659725,0.20902996,0.010779201,0.0007326852,0.003034957,0.020900788,0.0038617633,0.00044996932,0.0018732634,0.009795714,0.0023994183,0.00060190563,0.0016768035,0.007861198,0.0024914984,0.0010302117,0.0014341684,0.0055314125,0.0021739055
4275,/home/jupyter/dent_outputs/isic2019_v2/melanoma/hairs/seed4275/lambda_t_star5/style.png,0.0019791073,0.0035182943,0.027078915,0.0011564377,0.011329322,0.0071581174,0.99942327,0.0035906446,0.015348462,0.0137408795,0.9961384,0.0072443597,0.007595508,0.0115218805,0.989205,0.005913174,0.0067434437,0.008459695,0.77498704,0.009073484,0.0048593264,0.008989965,0.80356103,0.008509902,0.0035232578,0.0067682057,0.7364943,0.008305985,0.0032077911,0.0040798755,0.5846586,0.006273192,0.003066713,0.0026336636,0.43743342,0.004702396,0.002497772,0.0018364604,0.32280052,0.0035231302
4755,/home/jupyter/dent_outputs/isic2019_v2/melanoma/hairs/seed4755/lambda_t_star5/style.png,0.000389026,0.017904721,0.110564195,0.0021434685,0.0007103179,0.010264629,0.99457705,0.0038310897,0.00046118803,0.007056762,0.99511564,0.0019719875,0.00053695304,0.0071354723,0.9947973,0.0022158825,0.00062052824,0.007264896,0.028566213,0.0024753367,0.0008081487,0.006782222,0.02014544,0.0023326878,0.0010590194,0.008319787,0.014868964,0.0025740478,0.0012099596,0.0076403655,0.014194028,0.0030063903,0.0012534107,0.0067075854,0.011366423,0.002639567,0.0012437264,0.009411135,0.011244757,0.0030095507
4811,/home/jupyter/dent_outputs/isic2019_v2/melanoma/hairs/seed4811/lambda_t_star5/style.png,0.0024059904,0.00046917525,0.005198193,0.0016907485,0.000110531255,0.00017067997,0.02862954,0.0010044776,0.0005480377,0.00023140934,0.008343188,0.0014483676,0.00081671093,0.00025192814,0.0060648154,0.0019323501,0.00095965364,0.00026613512,0.005480249,0.002203848,0.0015366042,0.00033998012,0.0050779455,0.0026142434,0.0021399222,0.00042782817,0.004943051,0.0030566845,0.0024744738,0.0004879848,0.0042722365,0.003402745,0.0017691902,0.00036510604,0.0038230307,0.0027610941,0.0017109083,0.00032030133,0.003288097,0.0023820775
4300,/home/jupyter/dent_outputs/isic2019_v2/melanoma/hairs/seed4300/lambda_t_star5/style.png,0.0023478353,0.03318635,0.024263142,0.00299918,0.0021198692,0.009276511,0.9977016,0.0053869095,0.0012479103,0.007702404,0.958327,0.008306436,0.0015330842,0.006849909,0.95109797,0.008902585,0.030401085,0.0012565611,0.2344218,0.002755744,0.050511554,0.0015034261,0.046312958,0.006629405,0.010773011,0.0013357709,0.00758801,0.0042207455,0.010416883,0.001311504,0.0060121985,0.0034072532,0.010319042,0.0009112943,0.004120664,0.0027491616,0.014140976,0.0007641988,0.0029687763,0.0023370273
4247,/home/jupyter/dent_outputs/isic2019_v2/melanoma/hairs/seed4247/lambda_t_star5/style.png,0.01065224,0.070727296,0.015257044,0.0035878103,0.0037845368,0.058430646,0.94488937,0.036847875,0.0040919194,0.03128362,0.004885897,0.0042421734,0.026055573,0.033493027,0.0037059607,0.0018791426,0.5148929,0.0029301485,0.00081428525,0.002306131,0.81685823,0.005765661,0.0019295848,0.0049334886,0.8615717,0.0023972508,0.0010368234,0.0026701754,0.9463865,0.0014095132,0.00073316577,0.0017917875,0.9483216,0.0013525551,0.0008224483,0.0017696905,0.95070386,0.0011937035,0.0009030681,0.0017731813
4602,/home/jupyter/dent_outputs/isic2019_v2/melanoma/hairs/seed4602/lambda_t_star5/style.png,0.0004177952,0.012062885,0.03559847,0.0020611384,0.00048266337,0.004366613,0.98882747,0.0019292699,0.00085874146,0.0047944663,0.990086,0.002185593,0.0010265656,0.007062846,0.9613114,0.0031169963,0.0043359566,0.008400977,0.038415547,0.005863865,0.0037224828,0.0081501715,0.032765713,0.0052633504,0.003870867,0.009238082,0.023980495,0.0052160663,0.004041456,0.0068219937,0.018239666,0.0045877164,0.0043477616,0.004667991,0.01695799,0.004437579,0.0038189157,0.004581434,0.016103208,0.004117992
4777,/home/jupyter/dent_outputs/isic2019_v2/melanoma/hairs/seed4777/lambda_t_star5/style.png,0.0010255162,0.3883721,0.00077202934,0.0012220966,0.0021818515,0.0042467276,0.47652513,0.006959197,0.0034328473,0.0012950365,0.045663845,0.0043524127,0.00066814624,0.00066118623,0.019287813,0.0031297721,0.0010826838,0.00097213354,0.01682714,0.0035620078,0.0010318831,0.0009028031,0.013580719,0.0029927264,0.00086668634,0.000972209,0.008632205,0.0023894191,0.0014975858,0.0007619159,0.007875898,0.0028020195,0.0012392085,0.00068601617,0.0067557064,0.0026286806,0.0012847534,0.0006346203,0.0060953116,0.0025614044
4141,/home/jupyter/dent_outputs/isic2019_v2/melanoma/hairs/seed4141/lambda_t_star5/style.png,0.0005850825,0.04543138,0.04034556,0.005268001,0.00039743265,0.0030419203,0.99461526,0.0019575655,0.0024193204,0.0076543954,0.98305523,0.0071556172,0.001123687,0.0012889403,0.039906822,0.0018282277,0.0007530345,0.0009264868,0.024277018,0.0015515301,0.0012331512,0.001213611,0.026432537,0.0021385173,0.0010859413,0.001005594,0.016153403,0.0023078048,0.00086051686,0.00076720316,0.011825479,0.0021540564,0.000572033,0.000525761,0.008209262,0.001644155,0.00048415607,0.0003882813,0.0063204146,0.0013316649
4139,/home/jupyter/dent_outputs/isic2019_v2/melanoma/hairs/seed4139/lambda_t_star5/style.png,0.0040662466,0.0036026053,0.019168375,0.0036020812,0.0030448155,0.03047855,0.9653904,0.021120692,0.056496702,0.47439334,0.01820153,0.02050807,0.031183118,0.5403456,0.0063360687,0.0074905856,0.028225668,0.5736448,0.0051901047,0.0077166385,0.027602395,0.63921666,0.007550653,0.013262302,0.10397646,0.6934459,0.01601775,0.043249544,0.046637107,0.7109021,0.015755305,0.047779676,0.03133047,0.7232628,0.022463698,0.063830316,0.047305997,0.68027693,0.023194013,0.06279959
4714,/home/jupyter/dent_outputs/isic2019_v2/melanoma/hairs/seed4714/lambda_t_star5/style.png,0.9941042,0.0013412366,0.0019954436,0.0010814562,0.21837087,0.006266849,0.91952586,0.03885764,0.00078353926,0.014259771,0.9531333,0.012448574,0.0007814592,0.0054988884,0.9955101,0.001850625,0.0010037419,0.0076779993,0.9961033,0.0026875762,0.00046925445,0.0037964012,0.98684686,0.0017914377,0.0033939986,0.0018769894,0.017541299,0.002598391,0.0114919795,0.0023487804,0.012557922,0.0031907037,0.00799287,0.0023380062,0.0094382595,0.0029103595,0.0065833568,0.002908784,0.0099389,0.0034558056
4542,/home/jupyter/dent_outputs/isic2019_v2/melanoma/hairs/seed4542/lambda_t_star5/style.png,0.0011679634,0.0039608045,0.037673417,0.0024263922,0.00015220446,0.0005143015,0.66844356,0.00035953984,0.001643724,0.00080970186,0.7485058,0.0011226053,0.0008442436,0.00072656816,0.42636204,0.0009340126,0.00085452147,0.0005477577,0.18293217,0.0010293435,0.0015686557,0.0007117813,0.10695911,0.001344039,0.0015117065,0.0007717354,0.10194707,0.0012525067,0.0010723231,0.00059329526,0.07123062,0.0010985977,0.0009140871,0.00049392885,0.061952937,0.0009823024,0.0006541917,0.00041737946,0.05973466,0.0008761828
4973,/home/jupyter/dent_outputs/isic2019_v2/melanoma/hairs/seed4973/lambda_t_star5/style.png,0.023261119,0.0011210056,0.0012792196,0.00029114098,0.0033620496,0.012732139,0.9619321,0.037673194,0.049707174,0.016670048,0.9518826,0.088680774,0.12319952,0.05283787,0.9613981,0.35746226,0.24664772,0.09058159,0.86816293,0.65396845,0.96689713,0.0063963835,0.013107934,0.0037212933,0.93879664,0.0058751195,0.009149646,0.0036366638,0.968815,0.0057427157,0.007858074,0.0032378219,0.96415216,0.00595143,0.0070330356,0.0034167643,0.9590001,0.0069566634,0.0079636,0.0042092633
4368,/home/jupyter/dent_outputs/isic2019_v2/melanoma/hairs/seed4368/lambda_t_star5/style.png,0.02657965,0.0015405283,0.0028978554,0.0014034029,0.00432796,0.017364368,0.95924795,0.055963047,0.0054059,0.058657132,0.4875958,0.0123040425,0.05080325,0.09624292,0.6023905,0.037306383,0.20496188,0.21039604,0.16754383,0.041151486,0.94836146,0.01390215,0.0020041277,0.0036154499,0.9751187,0.008821355,0.0013554202,0.003613913,0.9862178,0.0060942047,0.0012195505,0.0033164269,0.98538,0.005033111,0.0010035707,0.0027634653,0.98742896,0.0059765726,0.0010412764,0.0029416475
4080,/home/jupyter/dent_outputs/isic2019_v2/melanoma/hairs/seed4080/lambda_t_star5/style.png,0.004077677,0.0025774427,0.002164263,0.002615191,0.0015311067,0.00243605,0.9385497,0.0054852515,0.003378357,0.0021053487,0.9963505,0.0021193498,0.0033524367,0.0016212891,0.97241265,0.0023804654,0.00052667834,0.0012801527,0.31865606,0.0043136515,0.00035229165,0.0012304427,0.30993107,0.0035512636,0.0003439706,0.0014473102,0.1448081,0.0039315866,0.00040981648,0.0016138187,0.05050338,0.00195749,0.00026552912,0.0011841226,0.03106182,0.0016150338,0.000247439,0.0011044982,0.01433513,0.0011689768
4293,/home/jupyter/dent_outputs/isic2019_v2/melanoma/hairs/seed4293/lambda_t_star5/style.png,0.00074890815,0.00764586,0.020448707,0.0035403545,0.0023404877,0.013002095,0.9838515,0.0077619604,0.0030292834,0.008939082,0.9754473,0.0034563257,0.008450627,0.0105280625,0.9595149,0.0074414667,0.009625794,0.008004066,0.9460461,0.006782928,0.008865785,0.007844353,0.9180798,0.006905842,0.0075676125,0.006447586,0.52229357,0.006623937,0.007089658,0.004066177,0.1452113,0.0048116953,0.012190336,0.0038319011,0.14810985,0.00478867,0.019372446,0.0035262976,0.0955185,0.004271097
4701,/home/jupyter/dent_outputs/isic2019_v2/melanoma/hairs/seed4701/lambda_t_star5/style.png,0.01294024,0.007421443,0.0035368355,0.0054837614,0.0044150236,0.026606422,0.9958527,0.045315042,0.0023567404,0.011910302,0.78079045,0.021278331,0.0014474804,0.0010137984,0.19107732,0.0027330115,0.0045327437,0.0016651185,0.056285504,0.0030130981,0.0018912499,0.0025512946,0.027761946,0.00437482,0.008253838,0.0061632,0.03206006,0.013029458,0.010652873,0.006650931,0.025748821,0.014849434,0.011543989,0.003863868,0.015821606,0.010021311,0.010980064,0.0041285614,0.013299098,0.009520151
4639,/home/jupyter/dent_outputs/isic2019_v2/melanoma/hairs/seed4639/lambda_t_star5/style.png,0.0002060019,0.0033837731,0.77593905,0.00294113,0.00013426461,0.0018216582,0.9873017,0.0070538362,0.00017252845,0.0013897377,0.68409216,0.004947847,9.005142e-05,0.00046586097,0.1104955,0.0014192781,0.00010424126,0.00028801215,0.065770544,0.001458388,0.000121389116,0.000261606,0.037730683,0.0016995417,0.00013312188,0.00024346904,0.03332118,0.0020186892,0.00018160258,0.0002611378,0.028005937,0.0020974122,0.00017794252,0.00025362143,0.022068866,0.0019619882,0.00020839828,0.00021086856,0.017686838,0.0016837959
4264,/home/jupyter/dent_outputs/isic2019_v2/melanoma/hairs/seed4264/lambda_t_star5/style.png,0.011937307,0.18847452,0.011091359,0.0052047977,0.0010916626,0.007087323,0.9971602,0.0014397433,0.00057102554,0.007737936,0.99506277,0.0012177165,0.00024222615,0.0019081478,0.023744162,0.0015316871,0.0010794994,0.0036217524,0.03604159,0.0030683666,0.0016106272,0.0035726593,0.026505277,0.0023100874,0.002076802,0.0038520922,0.023828372,0.002147222,0.001561098,0.004219651,0.015659966,0.001966523,0.0019120096,0.0038792158,0.010376228,0.0016352712,0.0017488692,0.004984031,0.007327924,0.0014082292
4819,/home/jupyter/dent_outputs/isic2019_v2/melanoma/hairs/seed4819/lambda_t_star5/style.png,0.001742034,0.022001497,0.11908756,0.005269308,0.0013342777,0.020596167,0.9428751,0.005771423,0.0017614772,0.029170627,0.8454607,0.009375887,0.0037791277,0.03449751,0.75076133,0.009055418,0.024758846,0.05691754,0.74544215,0.018504385,0.011823121,0.013252072,0.039948992,0.006482825,0.008301642,0.011761249,0.019584693,0.007073682,0.01517177,0.0078088436,0.010281103,0.0069371397,0.01340323,0.007874575,0.010657577,0.0071501,0.010442622,0.008892561,0.010142918,0.0071425117
4522,/home/jupyter/dent_outputs/isic2019_v2/melanoma/hairs/seed4522/lambda_t_star5/style.png,0.0005439026,0.01680148,0.046165366,0.0027786263,0.007168905,0.041740187,0.89651144,0.017783048,0.026729355,0.03872903,0.0027218692,0.0023001113,0.011035474,0.039124127,0.0021053355,0.002624728,0.010315386,0.030589988,0.0015835856,0.0025857696,0.008352906,0.018438263,0.0014359526,0.0023963922,0.014524196,0.018039824,0.0015849636,0.0027501802,0.020559575,0.012298823,0.0012529781,0.002147177,0.018728746,0.008854524,0.0009087581,0.0016221852,0.032010663,0.008538443,0.000919845,0.001758602
4485,/home/jupyter/dent_outputs/isic2019_v2/melanoma/hairs/seed4485/lambda_t_star5/style.png,0.00061663444,0.000617942,0.005402017,0.0010949742,0.0001665403,0.0026245546,0.9770284,0.0010700969,0.00064978556,0.0024112079,0.5259939,0.0029704648,0.0012657807,0.0020336602,0.53099936,0.0030080103,0.0040872972,0.0028099674,0.44451863,0.0036009413,0.002250471,0.0017711576,0.27881414,0.0030044587,0.0022428178,0.0029259692,0.037467297,0.0050570634,0.0010977628,0.0023644653,0.010011511,0.0033259715,0.0011479039,0.0019705193,0.007191085,0.0024312064,0.0017082293,0.0020692172,0.0068956404,0.0026210954
4074,/home/jupyter/dent_outputs/isic2019_v2/melanoma/hairs/seed4074/lambda_t_star5/style.png,0.0009062773,0.0046132645,0.0034342047,0.00056662183,0.003540987,0.031076115,0.98696774,0.0070777787,0.0006442239,0.005867174,0.90005964,0.007253522,0.00095159403,0.025925083,0.6251299,0.0016830033,0.0002488251,0.035554923,0.0025783915,0.0012069173,0.00027759842,0.0140355555,0.002861247,0.0012681518,0.00042065437,0.006143613,0.0020505914,0.0008265336,0.0010350469,0.0064993594,0.0016479117,0.0005283006,0.0007957572,0.01276799,0.0017153526,0.00077823247,0.0010774231,0.017850779,0.001438143,0.000960185
4217,/home/jupyter/dent_outputs/isic2019_v2/melanoma/hairs/seed4217/lambda_t_star5/style.png,0.26232797,0.005190311,0.0016257378,0.002631809,0.000732153,0.0039566024,0.99355465,0.001840123,0.00046059096,0.0034805024,0.9962929,0.0015434677,0.0014222446,0.0037174996,0.99496776,0.0036430764,0.0030430749,0.0012907977,0.0068807206,0.0027536782,0.0026505473,0.00179809,0.0067348164,0.003329878,0.0038941922,0.0025310956,0.0071301092,0.0047676186,0.010349733,0.0012982949,0.0062153223,0.0026844675,0.009314513,0.0012431815,0.0057385904,0.0028825114,0.010694454,0.0016095098,0.004999183,0.0033146557
4779,/home/jupyter/dent_outputs/isic2019_v2/melanoma/hairs/seed4779/lambda_t_star5/style.png,0.0020636409,0.012224025,0.017347315,0.0024416684,0.000435955,0.007766725,0.9778054,0.0052589313,0.0019513625,0.008793519,0.94487417,0.003584406,0.00033600823,0.0039743455,0.9420876,0.0018009021,0.00028832923,0.0026176898,0.87296677,0.0015397875,0.00077867013,0.0015161675,0.7350083,0.0020916217,0.0018197813,0.001793144,0.008469419,0.006136967,0.0014272749,0.0011426193,0.006346874,0.004452812,0.001452084,0.00093940535,0.0052776253,0.0039740927,0.0018380922,0.0010158607,0.005963954,0.0043939715
4122,/home/jupyter/dent_outputs/isic2019_v2/melanoma/hairs/seed4122/lambda_t_star5/style.png,0.03913215,0.20663713,0.023616305,0.009166503,0.02659604,0.010234367,0.99884963,0.017639952,0.003590974,0.012212371,0.9938643,0.02769519,0.0071672522,0.01743478,0.79664505,0.03724947,0.017726466,0.02189239,0.635163,0.079074845,0.016607642,0.028083747,0.5625921,0.07518101,0.01934273,0.03718166,0.25774005,0.056696013,0.019260673,0.027303692,0.06847957,0.018428357,0.03231201,0.025623562,0.04593314,0.011082347,0.031994317,0.02851812,0.040839065,0.009895546
4540,/home/jupyter/dent_outputs/isic2019_v2/melanoma/hairs/seed4540/lambda_t_star5/style.png,0.0041182204,0.0074492753,0.08911245,0.005389084,0.0027828428,0.0397756,0.9780186,0.045260705,0.0032155642,0.0020041238,0.8944595,0.00251065,0.0014494003,0.0006215223,0.44351974,0.0023410935,0.0013500359,0.00061285065,0.45902753,0.0021425844,0.001156705,0.00054305437,0.35043046,0.0020957123,0.00080174586,0.00050307467,0.30601007,0.0015273795,0.0007453095,0.00041606452,0.20521092,0.0012097642,0.00083498564,0.0003559717,0.14499506,0.0010421716,0.0008699594,0.00035269454,0.11036946,0.0009624584
4093,/home/jupyter/dent_outputs/isic2019_v2/melanoma/hairs/seed4093/lambda_t_star5/style.png,0.002016146,0.029585512,0.000653025,0.0003445786,0.00028056971,0.0025337443,0.99412423,0.003306144,0.0012071604,0.005329882,0.99455416,0.014157777,0.0016288939,0.004897191,0.9458621,0.026645983,0.00046932176,0.0018420201,0.048042223,0.005104417,0.00049958815,0.0015088517,0.022361863,0.003806714,0.00059622026,0.0014348851,0.016973745,0.0035322944,0.0005253497,0.0013078264,0.015367361,0.003348652,0.0005037558,0.0012038826,0.012337541,0.0033935613,0.0004602664,0.001315357,0.01211437,0.0038837106
4384,/home/jupyter/dent_outputs/isic2019_v2/melanoma/hairs/seed4384/lambda_t_star5/style.png,0.0013386613,0.017343398,0.34177536,0.009838112,0.0072630085,0.012138625,0.9648415,0.07131628,0.0020065524,0.0045583853,0.9451384,0.03589545,0.0027716218,0.006106376,0.893054,0.017535744,0.0021795584,0.004760224,0.7468397,0.016705964,0.0032247321,0.0055885683,0.6342521,0.018630996,0.003436993,0.005195615,0.5331309,0.017948197,0.0030921046,0.0044232574,0.42604473,0.014867497,0.0046655764,0.004779217,0.4696073,0.018040828,0.006206043,0.004743126,0.4459811,0.018031739
4402,/home/jupyter/dent_outputs/isic2019_v2/melanoma/hairs/seed4402/lambda_t_star5/style.png,0.0075673223,0.088129744,0.26183343,0.010258711,0.0034894182,0.0012706395,0.93946195,0.0034567695,0.00018754082,0.0011448081,0.6222963,0.0017939534,0.00022200172,0.0012623691,0.51732224,0.0019688883,0.00020839847,0.0012823396,0.4170819,0.0016762441,0.00023222869,0.0011133326,0.3854738,0.0013132478,0.00022480612,0.00083703647,0.32299858,0.0010376603,0.00025162063,0.0007134845,0.28382203,0.00095368305,0.00022965555,0.00061216124,0.23058803,0.0008589346,0.00022332947,0.0005343115,0.14644769,0.0007609374
4647,/home/jupyter/dent_outputs/isic2019_v2/melanoma/hairs/seed4647/lambda_t_star5/style.png,0.061720006,0.008609921,0.0015197411,0.00027293595,0.0012443424,0.00889814,0.68362147,0.011977039,0.0005758585,0.0059069376,0.9180931,0.009867069,0.0007289047,0.0064223916,0.9031367,0.010505575,0.0006564807,0.004709903,0.953826,0.004726072,0.00056844857,0.00419285,0.67316514,0.006706727,0.0011412569,0.004324119,0.18890479,0.006171065,0.0007835288,0.003993285,0.13640691,0.007215353,0.00056192203,0.0033430227,0.13290271,0.0072065596,0.00047647048,0.0027387203,0.09033218,0.0060179224
4154,/home/jupyter/dent_outputs/isic2019_v2/melanoma/hairs/seed4154/lambda_t_star5/style.png,0.0051111514,0.0781516,0.0028666789,0.0037592282,0.0004570462,0.0034072269,0.81386286,0.0020347685,0.002160508,0.0056473953,0.9388392,0.008979872,0.0014015076,0.006337627,0.6775234,0.05950562,0.0024225183,0.007673946,0.54393977,0.088086784,0.002954527,0.0060558342,0.53374475,0.080803595,0.0041903146,0.0039580497,0.5091947,0.018598467,0.0073780036,0.0028940742,0.24576145,0.016538566,0.007984882,0.0020755383,0.09270334,0.017562866,0.008101114,0.0018334114,0.056288697,0.013844911
4799,/home/jupyter/dent_outputs/isic2019_v2/melanoma/hairs/seed4799/lambda_t_star5/style.png,0.00032110023,0.0017798786,0.019619208,0.00033292055,0.0015780524,0.016493505,0.99201936,0.0072826315,0.0015822209,0.024885975,0.9744364,0.008881632,0.0019070467,0.015724013,0.8658545,0.012998026,0.0022743768,0.0069291233,0.29513738,0.018080384,0.002868735,0.008632704,0.041752316,0.015814954,0.0029040356,0.0075945836,0.025492912,0.011244407,0.0018976299,0.005992608,0.019034062,0.00847942,0.001674287,0.0046363305,0.015339968,0.0070461845,0.0016460638,0.004131399,0.013519754,0.0064028264
4225,/home/jupyter/dent_outputs/isic2019_v2/melanoma/hairs/seed4225/lambda_t_star5/style.png,0.027910683,0.0043065017,0.0016221327,0.0014176969,0.0017563225,0.0027211716,0.98095566,0.0020059452,0.00082371174,0.0017613985,0.9938473,0.00048465503,0.0009346095,0.0013561079,0.9889365,0.0009398051,0.0027964157,0.0030742732,0.9816902,0.0008730806,0.0027493641,0.0039013526,0.9500115,0.00076536706,0.001917481,0.0014843718,0.5115796,0.0012410656,0.002457964,0.0015718964,0.6475375,0.0012757246,0.00074046006,0.0011832261,0.054669637,0.002358415,0.0006921263,0.0018038685,0.027825378,0.0027456891
4298,/home/jupyter/dent_outputs/isic2019_v2/melanoma/hairs/seed4298/lambda_t_star5/style.png,0.06335566,0.042669475,0.00096470944,0.0014252777,0.00055529916,0.005966915,0.92504317,0.0039616004,0.0018880122,0.0057008266,0.27917817,0.008874408,0.005773506,0.30120695,0.8103824,0.02501369,0.00070222694,0.007917907,0.14785822,0.004908011,0.062943846,0.025728144,0.004265732,0.003236214,0.2554654,0.09015215,0.002017603,0.003662805,0.47888547,0.03982902,0.0029255035,0.0026316363,0.8396376,0.04864514,0.001921283,0.0022689095,0.8101488,0.055142406,0.0014766952,0.0021957587
4833,/home/jupyter/dent_outputs/isic2019_v2/melanoma/hairs/seed4833/lambda_t_star5/style.png,0.007077675,0.016792212,0.002647229,0.0014730203,0.002403667,0.027226705,0.99447083,0.005208036,0.0019679638,0.02312634,0.9933068,0.004848121,0.0017486154,0.018962082,0.9920547,0.00466942,0.0019634482,0.017964022,0.989911,0.004586249,0.002927368,0.018844053,0.96739554,0.009956436,0.0028910458,0.015406691,0.90077525,0.011737668,0.002453589,0.0138701685,0.83326817,0.011246167,0.002886413,0.01304166,0.79187775,0.0110321855,0.0023336355,0.013516429,0.7311741,0.00948286
4326,/home/jupyter/dent_outputs/isic2019_v2/melanoma/hairs/seed4326/lambda_t_star5/style.png,0.031659357,0.016395234,0.006265246,0.0035670905,0.00073306344,0.0025644833,0.84530914,0.0037262002,0.0003338063,0.0010995896,0.7468022,0.002573857,0.00034955255,0.0011834629,0.71825266,0.0020365482,0.00032429854,0.00069074554,0.51379436,0.0018862546,0.00034312037,0.0005179716,0.22861503,0.001943028,0.00043381774,0.00032198554,0.13436036,0.0012529877,0.0004001176,0.0002497775,0.08850897,0.0010416991,0.0005043194,0.00023913514,0.116981715,0.0010776565,0.00047179483,0.00018771293,0.05745846,0.00082493323
4386,/home/jupyter/dent_outputs/isic2019_v2/melanoma/hairs/seed4386/lambda_t_star5/style.png,0.0046654064,0.005397256,0.0025503202,0.002640358,0.0017665318,0.0021080952,0.99840707,0.0085494295,0.0017477433,0.0020344628,0.99550855,0.007483768,0.0016714663,0.0021341748,0.99508035,0.006439478,0.0020480002,0.0045190393,0.99142414,0.014966778,0.0039878455,0.014237695,0.82851183,0.01900688,0.002094246,0.012527136,0.60886586,0.029070582,0.003341185,0.024204778,0.59901965,0.036935613,0.003377458,0.03152843,0.5908416,0.038902238,0.003489279,0.032248568,0.5216393,0.03785881
4951,/home/jupyter/dent_outputs/isic2019_v2/melanoma/hairs/seed4951/lambda_t_star5/style.png,0.0016760399,0.0059471997,0.021398928,0.0015557618,0.006186164,0.18070628,0.9816835,0.027484313,0.007970387,0.011382477,0.94216824,0.005392513,0.0014800965,0.003750887,0.08634749,0.0031597023,0.0009123303,0.0015894868,0.04253725,0.0015493488,0.0009841655,0.0012597446,0.043665864,0.0012762753,0.0009828063,0.0018909817,0.04882155,0.0015349591,0.0010328438,0.001605943,0.055773813,0.0014963982,0.0011174057,0.001450659,0.049514644,0.0013185693,0.0012999412,0.0012366516,0.034208152,0.0012159992
4243,/home/jupyter/dent_outputs/isic2019_v2/melanoma/hairs/seed4243/lambda_t_star5/style.png,0.029341578,0.008811171,0.0017806141,0.0010100103,0.008332409,0.015776364,0.9958604,0.16632144,0.00072354445,0.0051222052,0.9920095,0.0031553095,0.0036477975,0.010801225,0.9268029,0.021583611,0.018795755,0.0052364343,0.3822101,0.012602803,0.014697445,0.0047846744,0.24552755,0.0072941924,0.0151689695,0.0074664503,0.15273249,0.010791218,0.015307972,0.012601362,0.009864829,0.01614154,0.013713507,0.009647716,0.0075770793,0.013193003,0.0122548025,0.00849797,0.0061583277,0.011140473
4789,/home/jupyter/dent_outputs/isic2019_v2/melanoma/hairs/seed4789/lambda_t_star5/style.png,0.0021365944,0.0669254,0.2618349,0.010175381,0.0019787909,0.011352665,0.99927837,0.005751517,0.0015961583,0.011105967,0.99911755,0.005459621,0.0011828353,0.014017683,0.98418784,0.002881485,0.0011100147,0.014101272,0.93235314,0.0029595783,0.00031018467,0.005528777,0.027728908,0.0015673902,0.00031813234,0.006716951,0.024342326,0.0016296804,0.00025326814,0.006958746,0.023657989,0.0013858599,0.00021681344,0.008370964,0.023175156,0.0013149881,0.00019728675,0.006708548,0.020086816,0.0011858756
4113,/home/jupyter/dent_outputs/isic2019_v2/melanoma/hairs/seed4113/lambda_t_star5/style.png,0.0013969742,0.021763546,0.06363305,0.0059038717,0.0005599831,0.005530056,0.9841844,0.0018673872,0.0001466469,0.0020366828,0.9870128,0.000946414,0.00017955176,0.0031908187,0.9844834,0.0012207702,0.0002882451,0.0044803256,0.9769816,0.001931064,0.0005321228,0.006293563,0.9349078,0.0022631343,0.0011606418,0.009699435,0.064117186,0.0027706954,0.00070828357,0.0022112485,0.0050150193,0.0018819155,0.0010085279,0.0020767427,0.0054362966,0.0023489748,0.0015678783,0.0020240885,0.0051112142,0.002661296
4895,/home/jupyter/dent_outputs/isic2019_v2/melanoma/hairs/seed4895/lambda_t_star5/style.png,0.022337653,0.021509772,0.004607365,0.0018013598,0.00075377006,0.012446611,0.9909837,0.016718198,0.00041312978,0.003805329,0.99937385,0.00334968,0.00020453929,0.0032360493,0.9947008,0.0013265193,0.00053409336,0.0035020704,0.99172664,0.0018059004,0.00068399496,0.0018835984,0.009109285,0.002544242,0.0016336933,0.0021702822,0.010915736,0.0037925653,0.0016370814,0.0021690507,0.013004524,0.004160353,0.0013602859,0.0019475329,0.012108107,0.0036079062,0.0015307931,0.0018346808,0.012678833,0.0034920373
4738,/home/jupyter/dent_outputs/isic2019_v2/melanoma/hairs/seed4738/lambda_t_star5/style.png,0.0005027746,0.003488297,0.044341337,0.0027978856,0.021934977,0.027730161,0.99383765,0.057872005,0.0068654004,0.017342364,0.8921444,0.02071234,0.005454288,0.015401873,0.82247555,0.022624591,0.00695585,0.013187534,0.7681528,0.022500804,0.3795409,0.005738914,0.011573774,0.0066425195,0.7758657,0.0095224045,0.006664428,0.005149087,0.91752267,0.010938292,0.0046457625,0.004433365,0.73696,0.008411518,0.0041248477,0.004332082,0.77782637,0.0066039246,0.0029589972,0.0034558938
4157,/home/jupyter/dent_outputs/isic2019_v2/melanoma/hairs/seed4157/lambda_t_star5/style.png,0.005710998,0.027936079,0.0060741445,0.004589278,0.00059866224,0.002004906,0.9961427,0.018198816,0.0012479948,0.003914061,0.9860621,0.023582006,0.0014877121,0.001087301,0.75079685,0.009400592,0.00046665428,0.0011034954,0.07203497,0.0058547133,0.00079402566,0.001028398,0.06641979,0.0061864844,0.0011099613,0.0008618852,0.05210448,0.004350175,0.0012601797,0.0008433471,0.03290643,0.0034645016,0.00067750434,0.0007647881,0.025531292,0.00278895,0.0006380903,0.00056615967,0.020384291,0.0024241586
4658,/home/jupyter/dent_outputs/isic2019_v2/melanoma/hairs/seed4658/lambda_t_star5/style.png,0.0007993536,0.0070946417,0.02756419,0.002829232,0.00047112926,0.0024742256,0.99480516,0.0017506067,0.0026425826,0.009152789,0.99960583,0.0127250925,0.0033182872,0.015107651,0.9995443,0.020024238,0.000545286,0.0022695572,0.2828499,0.0024066165,0.0006423349,0.0023532687,0.2723463,0.0025750592,0.0006135678,0.00238099,0.29599947,0.002702713,0.00051530305,0.0024838592,0.1890363,0.0023364082,0.00040251113,0.002621144,0.1615744,0.0024266103,0.0003627161,0.0027719934,0.1149803,0.0022717188
4433,/home/jupyter/dent_outputs/isic2019_v2/melanoma/hairs/seed4433/lambda_t_star5/style.png,0.00574945,0.014107078,0.016484024,0.0035299284,0.0005681791,0.004692536,0.9952048,0.0013733486,0.0004362092,0.0049331635,0.31125847,0.0041002445,0.000547822,0.0047544623,0.30309287,0.004283804,0.001558852,0.0068702395,0.021508463,0.0060103177,0.0011859608,0.004859257,0.01078676,0.00412192,0.0014193105,0.005041954,0.010029797,0.004162732,0.0019302727,0.00570193,0.009914681,0.0046598557,0.0019628233,0.006542924,0.008742706,0.004586822,0.0018333024,0.0065042665,0.009462257,0.004424667
4046,/home/jupyter/dent_outputs/isic2019_v2/melanoma/hairs/seed4046/lambda_t_star5/style.png,0.0007574102,0.007514968,0.016919853,0.0020634169,0.0006481042,0.0051777153,0.97530943,0.0023868901,0.00028325288,0.00394841,0.9653463,0.0015274385,0.0005079461,0.0058442093,0.022640925,0.0019959004,0.0005510429,0.0042776135,0.016696718,0.0016666991,0.00058526656,0.0048183235,0.013458503,0.0018184615,0.00058045844,0.0041364124,0.010229374,0.0016546476,0.0006109801,0.0044726306,0.008927383,0.0019377191,0.0005349067,0.004173172,0.008106323,0.0019076874,0.00048789105,0.0032405406,0.007312016,0.0016359563
4891,/home/jupyter/dent_outputs/isic2019_v2/melanoma/hairs/seed4891/lambda_t_star5/style.png,0.11488946,0.050071113,0.040018186,0.0028362398,0.00047525257,0.0041050315,0.4036328,0.008459707,0.0013167816,0.003953916,0.03419266,0.004478911,0.0019772896,0.003873102,0.021552607,0.0036943657,0.0027325267,0.004053793,0.015630981,0.004152352,0.0057912264,0.0053386283,0.0134727685,0.005487086,0.006852385,0.0052273064,0.013047197,0.006331759,0.00713229,0.0044187536,0.012648927,0.0064131333,0.006777627,0.0040702266,0.011285754,0.006327048,0.011526443,0.004554345,0.009953801,0.0069179656
4258,/home/jupyter/dent_outputs/isic2019_v2/melanoma/hairs/seed4258/lambda_t_star5/style.png,0.5589813,0.010130804,0.0006538181,0.0005158119,0.0065863444,0.019143667,0.9953602,0.90215886,0.009206521,0.04509235,0.97310954,0.044662066,0.0064856177,0.082083,0.58999765,0.05944847,0.0025143118,0.0123394,0.008815383,0.011194466,0.0022115442,0.009783132,0.008864888,0.011965072,0.003478735,0.009442947,0.0092805,0.012784656,0.004572026,0.008542562,0.009671053,0.0129927,0.009262861,0.007923187,0.00885208,0.014444661,0.007830219,0.0051885066,0.0054453607,0.009515871
4400,/home/jupyter/dent_outputs/isic2019_v2/melanoma/hairs/seed4400/lambda_t_star5/style.png,0.005574195,0.01675008,0.017419055,0.009458878,0.004438628,0.057574883,0.9831701,0.08558133,0.0006430081,0.006024698,0.44206464,0.005309943,0.008977623,0.014624373,0.15054329,0.00205679,0.0007974325,0.0174621,0.012117464,0.0012504888,0.0007809626,0.22076549,0.008217007,0.0017188591,0.003056288,0.28139952,0.006062505,0.0025420126,0.01331051,0.39442652,0.0023003826,0.0017889548,0.023512987,0.5320372,0.0015094811,0.0016551551,0.021628296,0.5146737,0.0011341842,0.0014369724
4411,/home/jupyter/dent_outputs/isic2019_v2/melanoma/hairs/seed4411/lambda_t_star5/style.png,0.21673606,0.09614628,0.00790344,0.0057461313,0.0010730716,0.0029226912,0.9909966,0.0019679458,0.0061025433,0.0025768003,0.99521184,0.0024415986,0.0022220036,0.0018157588,0.99844676,0.0015500071,0.037288114,0.004492814,0.9979492,0.002741733,0.0014614795,0.002473689,0.56612086,0.00678971,0.0017242907,0.0043570707,0.46060064,0.013886849,0.0021946472,0.0035426887,0.45341793,0.009901084,0.0033866323,0.004297584,0.31039566,0.012132473,0.003561133,0.0047467784,0.20641601,0.013156179
4974,/home/jupyter/dent_outputs/isic2019_v2/melanoma/hairs/seed4974/lambda_t_star5/style.png,0.02994023,0.018128747,0.009884848,0.0013237945,0.00036096803,0.004730798,0.60501117,0.008302203,0.0011802978,0.0078480365,0.9453905,0.009098332,0.0014250828,0.007468907,0.521554,0.009726285,0.008144835,0.021866087,0.020625658,0.008353175,0.009250171,0.022270555,0.015652647,0.0105055645,0.007711689,0.014866825,0.011613891,0.008842857,0.007629935,0.012332214,0.008581716,0.008655897,0.011539207,0.01022585,0.005362032,0.0065135383,0.012790441,0.01066939,0.0038541353,0.0057363296
4162,/home/jupyter/dent_outputs/isic2019_v2/melanoma/hairs/seed4162/lambda_t_star5/style.png,0.5582844,0.0025854658,0.00035374146,0.0004460757,0.0029396343,0.0034587672,0.99921465,0.0013529732,0.0007928432,0.003926356,0.99647045,0.0027414737,0.001571787,0.006315457,0.99132407,0.0028788995,0.002582451,0.005519564,0.98731226,0.004599997,0.00145678,0.0010054753,0.047138516,0.0045623006,0.0017297732,0.0009806841,0.031281754,0.004160746,0.0019868389,0.00083183846,0.01957614,0.0038581607,0.002480118,0.0007341799,0.013647346,0.0038263719,0.004665916,0.0008245037,0.011827261,0.0038850524
4272,/home/jupyter/dent_outputs/isic2019_v2/melanoma/hairs/seed4272/lambda_t_star5/style.png,0.042336635,0.11178827,0.0042381566,0.0026879008,0.0021561023,0.006079032,0.99747974,0.0043868497,0.0013044458,0.0066474606,0.9949026,0.010502522,0.001060705,0.0058739497,0.99816614,0.023206048,0.0007285286,0.0032238157,0.15604682,0.008449805,0.0024657967,0.0025030917,0.09101456,0.007507272,0.0026569776,0.0019799203,0.062519,0.004948453,0.0023466307,0.0017618394,0.047724053,0.004968762,0.0013868113,0.0022323562,0.06065146,0.0055676512,0.0013127532,0.0027171152,0.04404853,0.0059955
4609,/home/jupyter/dent_outputs/isic2019_v2/melanoma/hairs/seed4609/lambda_t_star5/style.png,0.0006077451,0.013141688,0.022044381,0.0015137633,0.0008660997,0.0062982948,0.72837985,0.025682993,0.0034366942,0.007229009,0.20562273,0.026359636,0.0042724153,0.002773788,0.019003568,0.008499818,0.0029706173,0.0025677348,0.016073475,0.007526077,0.0021548152,0.0016373075,0.01138185,0.004647988,0.0016080912,0.0013935813,0.008864423,0.003892021,0.002567427,0.0014575092,0.008106461,0.0040212404,0.0044019036,0.001767574,0.0061943904,0.004151157,0.0052895136,0.0020576967,0.0048582656,0.0039293543
4932,/home/jupyter/dent_outputs/isic2019_v2/melanoma/hairs/seed4932/lambda_t_star5/style.png,0.0013365365,0.003908061,0.03851696,0.0020691562,0.00055272307,0.003932147,0.99617505,0.0019783427,0.00077999424,0.004684981,0.99030125,0.0024850543,0.0008569452,0.006005394,0.98421764,0.0033759673,0.0011689384,0.0062890407,0.99268955,0.0031711978,0.0011071592,0.0018933826,0.014738692,0.0032062149,0.000834405,0.0018715594,0.011688662,0.003244199,0.00075368246,0.0016516958,0.010979442,0.0030401337,0.00094826845,0.0015614659,0.009097911,0.0031107988,0.00080887397,0.0014407857,0.0077441507,0.0028435965
4356,/home/jupyter/dent_outputs/isic2019_v2/melanoma/hairs/seed4356/lambda_t_star5/style.png,0.0043099727,0.006342815,0.03616312,0.0008807061,0.0012974186,0.0043216543,0.9324367,0.060841464,0.002350835,0.010689128,0.88268894,0.20529756,0.0063267304,0.007961245,0.8654115,0.33723503,0.007376125,0.010889156,0.8711627,0.47106606,0.006815844,0.020206153,0.551926,0.33366007,0.0029156613,0.0135071175,0.3523085,0.13426746,0.0018414267,0.012676183,0.15795939,0.048855517,0.0012645628,0.011999321,0.116807655,0.01899107,0.0009515596,0.00856477,0.081442885,0.013534637
4998,/home/jupyter/dent_outputs/isic2019_v2/melanoma/hairs/seed4998/lambda_t_star5/style.png,0.0028869647,0.018062154,0.0045618527,0.002223133,0.0006187783,0.00075564644,0.9513367,0.002581728,0.0011645855,0.0016350431,0.9351855,0.004527688,0.0006081431,0.0040841755,0.48638442,0.0050092195,0.00013672048,0.0008263784,0.027016286,0.0022636822,0.00029503953,0.0014021224,0.030432913,0.006813398,0.00029373163,0.0012518473,0.022005284,0.0036382023,0.0002360334,0.0009782466,0.019201549,0.0022484076,0.00029919104,0.0010530294,0.018655987,0.0024186461,0.00045957832,0.001133643,0.015481988,0.0029608107
4185,/home/jupyter/dent_outputs/isic2019_v2/melanoma/hairs/seed4185/lambda_t_star5/style.png,0.0077142953,0.03410462,0.05180518,0.003592312,0.0010195926,0.003544918,0.991521,0.0043514334,0.0024345976,0.008071824,0.9745206,0.004249784,0.002256255,0.003163685,0.96385574,0.003583844,0.0012597044,0.005457268,0.19539598,0.038281754,0.0020771232,0.0067785573,0.06488394,0.017081562,0.007689234,0.0066576106,0.04793169,0.014711001,0.010963129,0.0063897227,0.034143437,0.013595259,0.029093456,0.0051388256,0.025872152,0.00950757,0.033816252,0.004020977,0.01821876,0.007575904
4036,/home/jupyter/dent_outputs/isic2019_v2/melanoma/hairs/seed4036/lambda_t_star5/style.png,0.0021835337,0.021479478,0.055829,0.018178686,0.0051478343,0.018040897,0.9912367,0.04819912,0.008056719,0.03860888,0.9769646,0.036837842,0.009537491,0.0621049,0.41126078,0.04117404,0.01872302,0.057317622,0.20096338,0.024369271,0.04570433,0.0466966,0.15761806,0.01505579,0.015154332,0.07762036,0.023210391,0.008974748,0.013768066,0.061352123,0.016093351,0.006914334,0.012497359,0.05328157,0.014448774,0.0057595233,0.020540323,0.045945104,0.0072633177,0.003823303
4868,/home/jupyter/dent_outputs/isic2019_v2/melanoma/hairs/seed4868/lambda_t_star5/style.png,0.0016985192,0.040203344,0.00399401,0.0015314441,0.00060729025,0.0025049248,0.7671519,0.007967183,0.00044430222,0.0015982967,0.71785504,0.0039150617,0.00024890457,0.0013129145,0.87492675,0.003027668,0.00023249058,0.0018477426,0.8925914,0.0036088321,0.00024688637,0.0016947403,0.9196659,0.0028716212,0.00017581228,0.0013581655,0.938557,0.0021764103,0.00012260687,0.00083794387,0.8607881,0.001891412,0.00013919179,0.0011148487,0.91526264,0.002124023,0.0001469931,0.0010925932,0.91922164,0.0018918171
4809,/home/jupyter/dent_outputs/isic2019_v2/melanoma/hairs/seed4809/lambda_t_star5/style.png,0.001321887,0.0018656255,0.02736245,0.0014860557,0.00089686323,0.0041107354,0.9761001,0.0024539393,0.00067162816,0.0034318017,0.9505936,0.0055992124,0.0044307625,0.0064369496,0.9389959,0.0032925208,0.010521047,0.005064727,0.833319,0.0037547234,0.1707641,0.008051786,0.18754995,0.0030751622,0.15223885,0.0098222755,0.033849794,0.0024351915,0.0014778917,0.007914597,0.015506007,0.0032325108,0.0012124515,0.006396322,0.0065516117,0.0023325034,0.0015270334,0.010346782,0.005479833,0.0027417317
4527,/home/jupyter/dent_outputs/isic2019_v2/melanoma/hairs/seed4527/lambda_t_star5/style.png,0.009546734,0.0011753333,0.10998476,0.0030411123,0.0013843476,0.0040607234,0.95222163,0.07644817,0.00087393087,0.0025566355,0.4418279,0.010261228,0.0004828134,0.0025878118,0.106190555,0.0037880316,0.000608142,0.0044157594,0.10928969,0.005902361,0.00076008594,0.004006769,0.07402715,0.0066670077,0.000819886,0.0055902614,0.10318824,0.009751619,0.0006338149,0.004286813,0.041039873,0.0069777807,0.00095284387,0.003648357,0.046876173,0.007436921,0.00071612623,0.0037603178,0.034865897,0.0075212587
4130,/home/jupyter/dent_outputs/isic2019_v2/melanoma/hairs/seed4130/lambda_t_star5/style.png,0.24776186,0.027527278,0.0058768885,0.0077671413,0.0029801542,0.033675473,0.6892878,0.040491782,0.0024099709,0.011964276,0.08444719,0.0030455205,0.0035579808,0.02385997,0.0063035437,0.0031812887,0.012693578,0.008933368,0.0011584439,0.0014011272,0.023532348,0.0010283559,0.00595327,0.002179711,0.09051463,0.0020349796,0.0059635616,0.0034936953,0.15819098,0.0019446792,0.004308342,0.003145405,0.2164227,0.001524533,0.0038444626,0.0029601282,0.32617712,0.0015981863,0.0039892322,0.002801657
4017,/home/jupyter/dent_outputs/isic2019_v2/melanoma/hairs/seed4017/lambda_t_star5/style.png,0.18264887,0.033109386,0.024272274,0.0054551414,0.0003412988,0.0020461981,0.9862679,0.002362978,0.00028343065,0.0021054598,0.9685685,0.0028299568,0.00038576173,0.0014206824,0.9659889,0.0037882873,0.00026062565,0.0009962954,0.9384125,0.0021465304,0.00063599384,0.0014453261,0.020208659,0.0044146297,0.0008451806,0.0012535725,0.0067493925,0.0032437844,0.0012359174,0.0009826515,0.0051492215,0.0027608525,0.0013724073,0.00092096406,0.005266902,0.00295116,0.0014900487,0.0008341669,0.005137493,0.0027426993
4521,/home/jupyter/dent_outputs/isic2019_v2/melanoma/hairs/seed4521/lambda_t_star5/style.png,0.00016388843,0.01727103,0.17342462,0.003012684,0.0010574668,0.0041893036,0.9962579,0.026656875,0.0018186468,0.006185851,0.9205652,0.019483967,0.002828453,0.008557238,0.95058227,0.02008164,0.002910429,0.011566623,0.93814296,0.016209206,0.002365255,0.009785586,0.91139877,0.014702694,0.001993238,0.00877343,0.8226487,0.020742528,0.0014644809,0.006199018,0.62748796,0.014366541,0.0013149926,0.005368233,0.5786669,0.01338686,0.0013337033,0.005582617,0.49135298,0.011523532
4923,/home/jupyter/dent_outputs/isic2019_v2/melanoma/hairs/seed4923/lambda_t_star5/style.png,0.0005564584,0.0073689152,0.30567598,0.004076463,0.00025218603,0.0021057944,0.9746867,0.0017396151,0.0012679133,0.00917415,0.99936575,0.01332328,0.00082847726,0.004080333,0.9937628,0.0034586836,0.0011162785,0.0030088841,0.05500061,0.005501577,0.0010764566,0.003628361,0.034585472,0.006130696,0.0014641609,0.0040987786,0.033982422,0.0072014513,0.0014477796,0.0029222823,0.022554543,0.0059586675,0.0013812502,0.003000863,0.020063289,0.0052462146,0.0012432325,0.0027626269,0.016151812,0.004465733
4100,/home/jupyter/dent_outputs/isic2019_v2/melanoma/hairs/seed4100/lambda_t_star5/style.png,6.718213e-05,0.0046309796,0.0020106973,0.00021965159,0.0017264822,0.0029618402,0.096828885,0.005034484,0.0012003788,0.0016792582,0.046398666,0.003070104,0.0010976315,0.0017960499,0.07647704,0.004024278,0.001070417,0.0011263888,0.035185542,0.0043222494,0.0010686523,0.00077555806,0.034465298,0.0033554153,0.00084422313,0.0004619466,0.036349263,0.0023268014,0.0005940868,0.0003123852,0.022696253,0.001916918,0.00043577986,0.0003313358,0.02374478,0.0016423451,0.00032045983,0.00027507264,0.020892778,0.0012265746
4151,/home/jupyter/dent_outputs/isic2019_v2/melanoma/hairs/seed4151/lambda_t_star5/style.png,0.0008443744,0.014750239,0.057272602,0.005474262,0.0008580976,0.0031365543,0.9931746,0.0018731555,0.0014895224,0.002580482,0.9575256,0.0034949968,0.005339691,0.00962075,0.9457429,0.017063895,0.034123704,0.0043287533,0.04598565,0.0142033985,0.033969674,0.003093819,0.02373373,0.010269252,0.061540384,0.0063494937,0.019269926,0.008569104,0.03406817,0.011323626,0.021448022,0.008725677,0.030297447,0.009055247,0.020483796,0.007828112,0.03157891,0.009348389,0.01803078,0.008183465
4826,/home/jupyter/dent_outputs/isic2019_v2/melanoma/hairs/seed4826/lambda_t_star5/style.png,0.0005485009,0.015880877,0.06523468,0.004285068,0.000884003,0.005491696,0.97733456,0.004764601,0.0010406799,0.0041469582,0.96478844,0.00409474,0.004730795,0.017557478,0.9059245,0.0053794854,0.015892133,0.020013863,0.4149884,0.0064752656,0.015595963,0.01433003,0.014040228,0.0037486283,0.023695448,0.026286101,0.0113704745,0.0049462067,0.041704684,0.02983951,0.012380566,0.0061480785,0.02265944,0.023136323,0.010179325,0.0055901585,0.019092081,0.018601725,0.007543142,0.0046966933
4101,/home/jupyter/dent_outputs/isic2019_v2/melanoma/hairs/seed4101/lambda_t_star5/style.png,0.013130771,0.10147676,0.005130469,0.005113501,0.006018396,0.015574272,0.99476814,0.011492223,0.00773895,0.011056482,0.9822091,0.0132490415,0.004801837,0.0024760044,0.26240394,0.0075402795,0.0035063615,0.0019984494,0.13394517,0.008100348,0.001957889,0.0025025287,0.04957107,0.010336778,0.0032684712,0.0028591754,0.013932711,0.008457427,0.0055596763,0.0035980565,0.018135956,0.010609929,0.046522424,0.0045644585,0.021428531,0.012810374,0.10701385,0.004072839,0.017678192,0.01054022
4296,/home/jupyter/dent_outputs/isic2019_v2/melanoma/hairs/seed4296/lambda_t_star5/style.png,0.208949,0.021712663,0.022476977,0.0008487574,0.001414397,0.0075743087,0.99779236,0.0026974832,0.0015783004,0.011015846,0.9973551,0.00360016,0.0054764845,0.030415252,0.9991942,0.015333428,0.005504592,0.028700134,0.9991555,0.016525611,0.0014213239,0.0038528189,0.9891489,0.003624832,0.00065687596,0.0021404976,0.018690825,0.0016352665,0.00061418593,0.0019694404,0.013702315,0.0017178039,0.00092910207,0.0018224613,0.010324849,0.0017011572,0.0006435007,0.0014721742,0.007976112,0.0013347148
4763,/home/jupyter/dent_outputs/isic2019_v2/melanoma/hairs/seed4763/lambda_t_star5/style.png,0.061824113,0.0014244587,0.009237271,0.0016197753,0.00041054256,0.004334059,0.99401546,0.0011791105,0.00051797257,0.0068924865,0.9942194,0.0016520292,0.0007039852,0.0064372183,0.99273396,0.0019619106,0.0026262978,0.0036902942,0.45039466,0.004962113,0.0030954725,0.0019855318,0.0074452255,0.003211115,0.0052446076,0.002293889,0.0047030393,0.0038679834,0.006623545,0.0028958032,0.0038022646,0.005002337,0.0038101603,0.0032442468,0.003342521,0.0047403043,0.0027234266,0.003046905,0.0027467336,0.0039947513
4071,/home/jupyter/dent_outputs/isic2019_v2/melanoma/hairs/seed4071/lambda_t_star5/style.png,0.0011991926,0.016102316,0.015928037,0.0013984425,0.00030776067,0.0020967068,0.9193399,0.0016888957,0.00043943914,0.0019483931,0.9600817,0.0018624131,0.008901361,0.0019946804,0.65410036,0.0036653867,0.0024997077,0.0030489292,0.00670138,0.0045366054,0.0017195966,0.0031497693,0.006740634,0.0032540006,0.0018785837,0.0028350062,0.0055431286,0.0030196644,0.0018909537,0.002669058,0.005596558,0.0033564602,0.0017557698,0.0026635637,0.005529018,0.0035424326,0.0018927113,0.0026832647,0.004832126,0.0034431738
4572,/home/jupyter/dent_outputs/isic2019_v2/melanoma/hairs/seed4572/lambda_t_star5/style.png,0.012184269,0.08117549,0.00035347295,0.00048499258,0.0018522171,0.004200113,0.34551737,0.011365989,0.0013886759,0.0063948403,0.57917565,0.023940317,0.0027635745,0.008483875,0.488297,0.03100121,0.005894169,0.01057685,0.44790986,0.038990755,0.0048142625,0.008747993,0.15850393,0.026672788,0.00279062,0.007878637,0.077852316,0.015708478,0.0021497235,0.0036636076,0.015156196,0.0061516217,0.002373613,0.0031820603,0.0143900085,0.006805098,0.0025603336,0.002530643,0.010397136,0.006145905
4782,/home/jupyter/dent_outputs/isic2019_v2/melanoma/hairs/seed4782/lambda_t_star5/style.png,0.06622154,0.08884696,0.0006088527,0.0012024627,0.00028918652,0.003919153,0.99654275,0.0018972326,0.00061885786,0.005161229,0.9989447,0.0015660618,0.0016048278,0.0017328374,0.09350028,0.0021578695,0.00034319103,0.00076536956,0.017804574,0.0013006175,0.0006791432,0.00043189738,0.022037674,0.0013678506,0.0012243278,0.00031413234,0.02059102,0.0017040757,0.003543938,0.00024509078,0.013726477,0.0016042619,0.005005675,0.00021444705,0.00758189,0.0014491417,0.006160561,0.0002007929,0.0061147837,0.0014622423
4268,/home/jupyter/dent_outputs/isic2019_v2/melanoma/hairs/seed4268/lambda_t_star5/style.png,0.00019620641,0.057402886,0.046044394,0.006307191,0.0019407553,0.018721208,0.98820114,0.028652038,0.001934423,0.003146075,0.93475497,0.003581718,0.00083268865,0.0022435968,0.76652837,0.0037174695,0.0006184089,0.0019238135,0.67656744,0.0032202965,0.00056193623,0.0019065783,0.7557535,0.0030779075,0.00035733817,0.0014667113,0.68636435,0.0029083705,0.0003071331,0.0010105295,0.6219528,0.002221367,0.00027332082,0.0009271597,0.5765055,0.001995588,0.00027254774,0.0009422609,0.59479314,0.0019560056
4316,/home/jupyter/dent_outputs/isic2019_v2/melanoma/hairs/seed4316/lambda_t_star5/style.png,0.0035994619,0.019582083,0.0059625325,0.005725497,0.0012094992,0.0029613136,0.99975926,0.012134749,0.0011540772,0.0033867818,0.99699736,0.0146512855,0.0026124124,0.0035509192,0.9811705,0.008939421,0.002342691,0.0042836843,0.95291585,0.00614899,0.0023852012,0.0027905342,0.8225174,0.006453564,0.0020143173,0.0021141025,0.70596904,0.007353055,0.005506526,0.0018036993,0.31011745,0.00841139,0.004803174,0.0020777637,0.051215496,0.008506459,0.0077697397,0.002479165,0.067375325,0.008553141
4858,/home/jupyter/dent_outputs/isic2019_v2/melanoma/hairs/seed4858/lambda_t_star5/style.png,0.0009407489,0.009899523,0.7243338,0.0037734662,0.003671787,0.022026544,0.9951964,0.011058114,0.0017329406,0.0060869195,0.98968446,0.02751197,0.043821126,0.0052886787,0.9966491,0.0029649155,0.00053092436,0.00066317094,0.35182473,0.0021469523,0.0009759366,0.00083391415,0.5399875,0.0021068747,0.0020621605,0.00047250092,0.07210812,0.001765561,0.0019295407,0.00042901252,0.04446265,0.001691883,0.0007335407,0.00054122205,0.028636968,0.0023191485,0.00057979464,0.0006105065,0.038513858,0.0023641966
4904,/home/jupyter/dent_outputs/isic2019_v2/melanoma/hairs/seed4904/lambda_t_star5/style.png,0.012664378,0.006008153,0.99690515,0.0024463676,0.0011226016,0.009923232,0.983779,0.00700903,0.008592562,0.0047293743,0.99227965,0.008514124,0.0049097575,0.005102398,0.9947489,0.0063234125,0.011268359,0.00794411,0.9633088,0.008125827,0.0119273,0.0068440083,0.93453753,0.007203197,0.019922145,0.0053413985,0.884122,0.010093601,0.00842245,0.0044963174,0.34211698,0.010682236,0.0094952425,0.0036463162,0.2387874,0.00946366,0.009486174,0.0031060437,0.1779814,0.008318775
4921,/home/jupyter/dent_outputs/isic2019_v2/melanoma/hairs/seed4921/lambda_t_star5/style.png,0.00038618437,0.010577862,0.13389131,0.0009767779,0.011043153,0.01774479,0.9997216,0.009181314,0.00771891,0.016223187,0.999718,0.01313922,0.0040376303,0.007750618,0.9978885,0.009564372,0.0049537057,0.008567678,0.9974063,0.014273022,0.0029831878,0.004862798,0.9919565,0.009160958,0.0029319657,0.004194226,0.98255056,0.009718444,0.003775062,0.0022516104,0.09129597,0.004190326,0.0009815946,0.0013399031,0.026709065,0.0027443366,0.0008542096,0.0012988404,0.023795957,0.0024465688
4775,/home/jupyter/dent_outputs/isic2019_v2/melanoma/hairs/seed4775/lambda_t_star5/style.png,0.0067617656,0.007315922,0.0024928784,0.0007145286,0.00021261492,0.0021938402,0.05653862,0.0018717358,0.00028282733,0.00046677375,0.024685724,0.0010922409,0.00084871537,0.0005551568,0.020406876,0.0019218453,0.001403145,0.00045404662,0.014429993,0.0023358038,0.0022581255,0.0006068135,0.013304274,0.0031510992,0.0022272249,0.00058110524,0.010164024,0.0031395436,0.0037850204,0.0008046194,0.010343433,0.0044096196,0.004594609,0.0010321023,0.011053145,0.0057341685,0.0050923573,0.0009117833,0.0090305535,0.0052017826
4803,/home/jupyter/dent_outputs/isic2019_v2/melanoma/hairs/seed4803/lambda_t_star5/style.png,0.0023133138,0.003793733,0.0944076,0.0017468493,0.0032425544,0.008684955,0.99978286,0.004627607,0.000173714,0.003348173,0.9711279,0.002955215,0.0003655449,0.005307941,0.99219745,0.006626313,0.000635763,0.0024153108,0.2961532,0.0030002792,0.00086368684,0.002695571,0.23400418,0.0030767529,0.00058664434,0.0015230044,0.009183882,0.00207965,0.0006315822,0.0018489531,0.008608663,0.002457654,0.00052654964,0.0018357219,0.007064023,0.0024965794,0.00051431643,0.0017603801,0.006979582,0.0024281382
4078,/home/jupyter/dent_outputs/isic2019_v2/melanoma/hairs/seed4078/lambda_t_star5/style.png,0.028872624,0.002562435,0.0010169162,0.00051041186,0.0013871882,0.19544242,0.7034424,0.19771488,0.0013583007,0.0016968093,0.9951934,0.019717423,0.010767504,0.04986979,0.98588437,0.041493874,0.0019822377,0.049409747,0.803381,0.019804388,0.008563506,0.0005252659,0.5518792,0.0025929764,0.0002523671,0.00016337463,0.014108266,0.0013088363,0.0006546445,0.00026428394,0.024269886,0.0013921394,0.0042633833,0.00042585435,0.036232334,0.0024230832,0.012380379,0.00047162262,0.035260957,0.0027113596
4893,/home/jupyter/dent_outputs/isic2019_v2/melanoma/hairs/seed4893/lambda_t_star5/style.png,0.0008747707,0.0020264073,0.019253802,0.00066777255,0.00043935076,0.0041254195,0.62429714,0.0034685524,0.00055124075,0.0034291118,0.51094174,0.003404516,0.00046616126,0.0021520292,0.4458399,0.0025705965,0.0006027708,0.0020125196,0.36565688,0.00239752,0.00049064873,0.0027570834,0.22080389,0.0035227959,0.00043957404,0.0022981337,0.19282155,0.0029887452,0.0004797813,0.002790164,0.18816909,0.002871329,0.0004672846,0.0026186546,0.1765966,0.0027407294,0.0006369705,0.003000378,0.16820228,0.0031761832
4628,/home/jupyter/dent_outputs/isic2019_v2/melanoma/hairs/seed4628/lambda_t_star5/style.png,0.008436188,0.061303113,0.004231314,0.001394433,0.00016409092,0.001816816,0.5414546,0.003278374,0.0006707403,0.020431282,0.14499167,0.017115446,0.0008381095,0.0723546,0.10409827,0.016481806,0.0007151666,0.04509302,0.06499731,0.012334364,0.00042261303,0.04919037,0.027998427,0.010734945,0.00029271768,0.04997891,0.014948343,0.009652254,0.00034277068,0.05412268,0.010469644,0.008651659,0.0007377582,0.049107485,0.006354769,0.0060887723,0.0014098233,0.053518172,0.0038391943,0.004997457
4320,/home/jupyter/dent_outputs/isic2019_v2/melanoma/hairs/seed4320/lambda_t_star5/style.png,0.0012778565,0.012269871,0.0049929633,0.001389377,0.00056704,0.0040272432,0.99763584,0.0016010626,0.0009983891,0.0052630436,0.9987816,0.0018704294,0.0012365645,0.0013036055,0.24709743,0.0046379813,0.0021098224,0.0007412444,0.05910909,0.0032409178,0.0011270558,0.0006322616,0.059509166,0.0031869127,0.00057986594,0.00057925744,0.07510118,0.003348585,0.000492628,0.0005271424,0.090502664,0.002661081,0.0005659658,0.0005002346,0.08959319,0.0024708514,0.00057639007,0.00045658654,0.07307327,0.0021779027
4407,/home/jupyter/dent_outputs/isic2019_v2/melanoma/hairs/seed4407/lambda_t_star5/style.png,0.31407446,0.009110843,0.00057028746,0.0007954616,0.00025309337,0.0007097766,0.0036650875,0.0006673434,0.0005621221,0.0011790717,0.0035357098,0.0011629366,0.0006044861,0.00065153616,0.0019259619,0.00088050554,0.00039938572,0.00041944755,0.0010938643,0.00062115124,0.00033943087,0.0003296146,0.0009929958,0.0006484981,0.00031942368,0.0004145818,0.0013591283,0.00088648667,0.0003830339,0.0005421199,0.0015700228,0.0011354921,0.0002639141,0.00042409814,0.0015272036,0.00089334766,0.00030213027,0.00033942907,0.0013654791,0.00081787317
4073,/home/jupyter/dent_outputs/isic2019_v2/melanoma/hairs/seed4073/lambda_t_star5/style.png,8.0714475e-05,0.00084698695,0.009178694,0.0009248895,0.0024127718,0.0030703885,0.9949646,0.0035856955,0.004498948,0.0027795949,0.94742876,0.0077294176,0.010154851,0.0025832595,0.98882246,0.005117561,0.0012970665,0.0011565716,0.075874105,0.0031810768,0.003319633,0.0012425955,0.044036582,0.0036505417,0.0093598245,0.0010700958,0.025410138,0.003673256,0.009836555,0.0009205622,0.012316669,0.003299261,0.0024853533,0.00090789044,0.011585108,0.0031745986,0.005443634,0.00088771817,0.010263723,0.0034127983
4450,/home/jupyter/dent_outputs/isic2019_v2/melanoma/hairs/seed4450/lambda_t_star5/style.png,0.58205485,0.026665047,0.0041413717,0.0016399145,0.00019313821,0.0009710037,0.99576133,0.0011581607,0.000112358415,0.0008933656,0.99480766,0.0010542963,0.00015207042,0.0010414252,0.99566984,0.001265768,0.0003235583,0.0014131475,0.7454226,0.0017276336,0.00027053693,0.0010108361,0.73380953,0.0014881273,0.00018050532,0.0007565035,0.78581667,0.0010760153,0.0001648391,0.00069560856,0.8155371,0.000923569,0.0001701869,0.0007629538,0.8133663,0.0009040758,0.0001664395,0.000840913,0.7872048,0.0008286826
4054,/home/jupyter/dent_outputs/isic2019_v2/melanoma/hairs/seed4054/lambda_t_star5/style.png,0.91602623,0.0013553519,0.0063517326,0.0021590455,0.0014880394,0.013484746,0.8996193,0.0072694337,0.0006057307,0.0011711105,0.7382899,0.0025487016,0.0033446755,0.0027739003,0.54773116,0.005461116,0.0017317992,0.0010141748,0.20683174,0.0028562488,0.0031593088,0.0017444054,0.059412777,0.0028913787,0.011596628,0.00343625,0.019258939,0.0043557743,0.02280423,0.007432364,0.016433896,0.0065674684,0.014770854,0.008152712,0.00916675,0.006339769,0.03169691,0.005616845,0.0058248453,0.0057048574
4072,/home/jupyter/dent_outputs/isic2019_v2/melanoma/hairs/seed4072/lambda_t_star5/style.png,0.0018929681,0.0067399982,0.024012947,0.0015621613,0.005665968,0.011966215,0.97773665,0.07320189,0.010413826,0.12349248,0.913429,0.0143854795,0.036171272,0.06382406,0.06154541,0.073584534,0.2703358,0.017145472,0.0092926165,0.004605314,0.09905775,0.020062547,0.0040553105,0.0040220656,0.074760415,0.012637794,0.003765065,0.00397018,0.022881972,0.019325433,0.0025767817,0.0045395414,0.042021807,0.025731608,0.0018031895,0.0041496768,0.0706476,0.03488168,0.0013065938,0.003371116
4203,/home/jupyter/dent_outputs/isic2019_v2/melanoma/hairs/seed4203/lambda_t_star5/style.png,0.008410563,0.968585,0.015834108,0.012749539,0.01213935,0.021989988,0.6336504,0.009265062,0.07814134,0.001705099,0.0020718626,0.0059129465,0.05311902,0.0016371594,0.001955572,0.006041429,0.074932024,0.001819789,0.002019625,0.006191593,0.058960542,0.0015260122,0.0015962733,0.0056505934,0.05359866,0.0012625958,0.0014283586,0.00571307,0.06749525,0.001011965,0.0011891826,0.0054474296,0.072162196,0.00075378554,0.0011108541,0.0050563985,0.06939346,0.0007438794,0.0011885172,0.005483738
4723,/home/jupyter/dent_outputs/isic2019_v2/melanoma/hairs/seed4723/lambda_t_star5/style.png,0.0051829177,0.0043120137,0.06994178,0.003536491,0.001969684,0.006691098,0.9992078,0.0112374,0.0011041162,0.004357466,0.894143,0.0033018198,0.0009823594,0.0030592822,0.8887746,0.0019085003,0.0026488057,0.006275422,0.038190138,0.003544507,0.03420785,0.0069330814,0.02179181,0.0065105744,0.033145867,0.005481528,0.01762918,0.0057048416,0.024984827,0.004986271,0.020915324,0.0064220205,0.030462418,0.006377086,0.019310312,0.007333497,0.022246676,0.0059373644,0.017245838,0.006328397
4396,/home/jupyter/dent_outputs/isic2019_v2/melanoma/hairs/seed4396/lambda_t_star5/style.png,0.00042621963,0.010788694,0.15553243,0.002838771,0.0013512683,0.010774555,0.99687284,0.0018082295,0.00078799593,0.010688886,0.9920059,0.0019310849,0.003459729,0.02138606,0.99938214,0.008185176,0.0015375906,0.006323713,0.9953342,0.003905877,0.0031117673,0.0093714995,0.99047977,0.007399395,0.025459914,0.003940025,0.03694204,0.0036819517,0.004361591,0.0037089528,0.02078673,0.002944541,0.002161897,0.0036732943,0.012762618,0.0023303065,0.0031420384,0.0046273256,0.008793186,0.0024152545
4477,/home/jupyter/dent_outputs/isic2019_v2/melanoma/hairs/seed4477/lambda_t_star5/style.png,0.0004510085,0.0013367458,0.4815092,0.0010352712,0.0013124319,0.003172915,0.998381,0.016203519,0.004108054,0.0024826995,0.9722014,0.0073689674,0.0019328714,0.0012060116,0.6795757,0.0017003112,0.000889015,0.0015616831,0.91857916,0.00277603,0.0058652963,0.001603625,0.29718974,0.002465371,0.04093589,0.0041046613,0.1487763,0.0029607632,0.049767848,0.0033029765,0.10038841,0.0030021144,0.047089953,0.003028025,0.044162214,0.0031690912,0.076566614,0.0029972515,0.026908284,0.0033526837
4824,/home/jupyter/dent_outputs/isic2019_v2/melanoma/hairs/seed4824/lambda_t_star5/style.png,0.0011340561,0.014078425,0.039124258,0.0018988866,0.0014444938,0.0076808124,0.9955382,0.011632083,0.0044927737,0.015840322,0.9978194,0.038009387,0.0013562563,0.004311704,0.9053318,0.01197673,0.0009740434,0.0025622598,0.15699114,0.00558447,0.0018187603,0.0016667347,0.047663797,0.0042587845,0.0014101221,0.0013551118,0.020548223,0.0034097247,0.0009808827,0.0012687951,0.011937087,0.002850465,0.00057293527,0.0010144032,0.01001567,0.0022744029,0.00062923995,0.0012949919,0.009807834,0.0026818514
4292,/home/jupyter/dent_outputs/isic2019_v2/melanoma/hairs/seed4292/lambda_t_star5/style.png,0.00017587534,0.008576885,0.14209755,0.0007232101,0.0009294664,0.004391948,0.9909971,0.0025548232,0.0032067942,0.020715127,0.99733657,0.009988417,0.0062277378,0.034699317,0.99826247,0.01455984,0.0018075645,0.005201627,0.2503659,0.0061923945,0.0020304827,0.009258053,0.2559292,0.0073690517,0.0013651339,0.0064746635,0.09703605,0.005931682,0.0011640826,0.009489868,0.02730663,0.0051299483,0.001434592,0.0076111546,0.023893597,0.0053399038,0.0012996619,0.007996618,0.02578631,0.0056418525
4605,/home/jupyter/dent_outputs/isic2019_v2/melanoma/hairs/seed4605/lambda_t_star5/style.png,0.0024889093,0.047877677,0.0145969,0.0032496667,0.0019064486,0.0053429618,0.99792093,0.006143182,0.0013445299,0.0059899297,0.9980179,0.0078619905,0.00114188,0.0066729505,0.99526477,0.011079164,0.0048220684,0.0014581291,0.33009458,0.019752279,0.0023942876,0.0014086169,0.20351659,0.030842634,0.0023980194,0.0014932923,0.15905024,0.026526265,0.0045650974,0.0012619472,0.05967237,0.00518353,0.0028264876,0.0008420876,0.04359557,0.0028920907,0.0016944073,0.00061079866,0.026861366,0.0018015741
4772,/home/jupyter/dent_outputs/isic2019_v2/melanoma/hairs/seed4772/lambda_t_star5/style.png,0.0004872044,0.03435986,0.064646885,0.0028577675,0.034573685,0.018030586,0.97513133,0.010087225,0.007237003,0.0012245576,0.029514499,0.001780409,0.009806849,0.0006281203,0.016295597,0.0015273329,0.0101095615,0.00047826787,0.01341051,0.0014790812,0.010005548,0.0012734218,0.013255426,0.001983269,0.015770655,0.019975679,0.006703025,0.0021935187,0.013037647,0.00085900206,0.008281493,0.0016573549,0.007359124,0.00055916194,0.0069978256,0.0014275991,0.0022692482,0.00048105922,0.005689704,0.0015132229
4914,/home/jupyter/dent_outputs/isic2019_v2/melanoma/hairs/seed4914/lambda_t_star5/style.png,0.0017916398,0.0115880575,0.03578703,0.0036044796,0.00035674576,0.0062092757,0.99749917,0.0011136042,0.00030900165,0.004415665,0.99733895,0.001329451,0.00028568567,0.003428017,0.9919397,0.0016793852,0.0005245171,0.003902124,0.040969003,0.0019226513,0.0011856242,0.007099786,0.011110518,0.0024584117,0.001663237,0.009035073,0.010320913,0.002780116,0.0017393444,0.009375209,0.010083744,0.0030038704,0.0014616186,0.0068597356,0.011532068,0.0029060468,0.0013053716,0.006144259,0.00816382,0.0027170607
4686,/home/jupyter/dent_outputs/isic2019_v2/melanoma/hairs/seed4686/lambda_t_star5/style.png,0.0072550913,0.12601376,0.0033035714,0.0018292215,0.012683304,0.032436877,0.99184847,0.037395958,0.0034578075,0.0042292112,0.9939621,0.0030852288,0.004191996,0.0037930193,0.9871695,0.0031283905,0.0067640557,0.005014167,0.9824853,0.004092813,0.0049078898,0.004031708,0.9482282,0.004143933,0.0052264854,0.003804832,0.938817,0.003653386,0.0040595494,0.0026579949,0.8944483,0.003021254,0.0040510045,0.0022987342,0.8825463,0.0026150988,0.0028082684,0.0016122236,0.8148769,0.0023982374
4587,/home/jupyter/dent_outputs/isic2019_v2/melanoma/hairs/seed4587/lambda_t_star5/style.png,0.3759315,0.003194807,0.0039582844,0.0027685578,0.09403747,0.0078236805,0.7999443,0.0073430426,0.021891188,0.008014575,0.79209566,0.0112333745,0.016052749,0.007825779,0.74349993,0.01383584,0.011994985,0.008489918,0.67641926,0.013535898,0.0025789875,0.005532393,0.4572917,0.0089077875,0.0036833477,0.003919985,0.3205516,0.008275315,0.0056244666,0.0027426889,0.25508204,0.0052173557,0.041644394,0.0016501663,0.13574496,0.002955378,0.037649967,0.0014866904,0.10556249,0.002647846
4254,/home/jupyter/dent_outputs/isic2019_v2/melanoma/hairs/seed4254/lambda_t_star5/style.png,0.18352488,0.064765595,0.00017844817,0.0006961371,0.007094383,0.6558016,0.0053584576,0.0050128214,0.0026951418,0.8776648,0.0011328415,0.0013452958,0.014451247,0.82617617,0.0007846084,0.0007807777,0.12286919,0.33215168,0.0012164327,0.0011651353,0.026808,0.4763391,0.003165111,0.004181956,0.010655577,0.2987445,0.019677062,0.032766193,0.0112261735,0.22218055,0.024559656,0.043038186,0.012629711,0.11798696,0.019098945,0.036627613,0.011345625,0.12906878,0.016765883,0.03332419
4338,/home/jupyter/dent_outputs/isic2019_v2/melanoma/hairs/seed4338/lambda_t_star5/style.png,0.5963135,0.0006999466,0.00032071504,0.00033800438,0.0021432135,0.018563325,0.78086704,0.019793086,0.004997438,0.020810159,0.8439073,0.019704094,0.003512311,0.025109403,0.82294166,0.015714776,0.0031598464,0.021753255,0.8934492,0.008845728,0.0029153922,0.01759752,0.8403947,0.007291169,0.0025063597,0.01458403,0.74367607,0.0056303055,0.0021252707,0.012029438,0.5809108,0.00456006,0.0016285465,0.008596646,0.45841864,0.0035560406,0.0017371187,0.007396065,0.42109567,0.0036894141
4309,/home/jupyter/dent_outputs/isic2019_v2/melanoma/hairs/seed4309/lambda_t_star5/style.png,0.037061673,0.0036424135,0.000849185,0.0005029852,0.00032755308,0.0062901466,0.9926658,0.0010613211,0.00034594085,0.0073639993,0.9893908,0.0008984678,0.0006348297,0.0074897027,0.983669,0.0009320661,0.011493106,0.044810485,0.9987816,0.014063799,0.1305297,0.009405829,0.014380288,0.0056680376,0.13325846,0.009224819,0.012637938,0.005781263,0.0793472,0.008520595,0.013735445,0.0059106513,0.040739886,0.012301237,0.016568376,0.008817749,0.041691735,0.010637927,0.013061371,0.007609556
4029,/home/jupyter/dent_outputs/isic2019_v2/melanoma/hairs/seed4029/lambda_t_star5/style.png,0.0076110936,0.05982281,0.15357597,0.013085617,0.00075266755,0.009393575,0.76300895,0.083495565,0.007439301,0.030671302,0.8470723,0.03571957,0.017978836,0.022159308,0.80207103,0.050717443,0.034738358,0.007709255,0.19484055,0.026220134,0.019265154,0.0051168767,0.028091416,0.02551402,0.035223223,0.0047717765,0.0073889038,0.017533699,0.031569853,0.0026401193,0.0025290991,0.008680396,0.037130367,0.0021547156,0.0018001812,0.00650017,0.06185779,0.0023149897,0.0020487753,0.0074980627
4233,/home/jupyter/dent_outputs/isic2019_v2/melanoma/hairs/seed4233/lambda_t_star5/style.png,0.0010069909,0.0048910026,0.022796948,0.0022390778,0.00042127658,0.0027077405,0.18443875,0.0021078857,0.0010723063,0.002171341,0.13863248,0.002600772,0.0005884764,0.007020905,0.07291368,0.0046137157,0.00058751134,0.00431687,0.033642698,0.0034483545,0.00048907567,0.0021982864,0.02962831,0.002597243,0.00042132862,0.0011631503,0.020141413,0.0019477977,0.00028795944,0.0006586535,0.01609354,0.001522507,0.00035833023,0.00059142563,0.013730375,0.0018070637,0.00034220648,0.00048121173,0.012978887,0.0017450525
4395,/home/jupyter/dent_outputs/isic2019_v2/melanoma/hairs/seed4395/lambda_t_star5/style.png,0.019132352,0.008353518,0.00079797796,0.00043844918,0.001273543,0.00491096,0.9890998,0.0016330804,0.0011051723,0.004446984,0.9943878,0.0020219146,0.0014195227,0.0028803633,0.9924022,0.0018173652,0.0014614362,0.0025874723,0.9928981,0.0020075631,0.0036967043,0.00428843,0.93248737,0.0031868492,0.003543909,0.0023186742,0.007970821,0.004345108,0.0039633694,0.0025188916,0.0079409005,0.0050614458,0.0039874385,0.0027219946,0.008446014,0.0050714137,0.0061619156,0.00307741,0.007446991,0.005444862
4710,/home/jupyter/dent_outputs/isic2019_v2/melanoma/hairs/seed4710/lambda_t_star5/style.png,0.09545759,0.005921467,0.00065394765,0.00041503715,0.0061868774,0.36572278,0.74293,0.17107187,0.13725656,0.87522197,0.25907153,0.041055486,0.0070077595,0.38005716,0.05756083,0.0074988324,0.005320569,0.5011189,0.03986142,0.020104744,0.037924644,0.5941781,0.006732603,0.0073783947,0.071621664,0.48462507,0.0019271438,0.003111859,0.048998713,0.08905267,0.0013571448,0.0051354873,0.019208958,0.057428382,0.0016219899,0.00781454,0.011616356,0.059256446,0.0009491511,0.0049961954
4355,/home/jupyter/dent_outputs/isic2019_v2/melanoma/hairs/seed4355/lambda_t_star5/style.png,0.044298053,0.008102221,0.0115995,0.0017041789,0.11586,0.024129918,0.123506896,0.0010499741,0.045830708,0.0053608622,0.42321143,0.00415548,0.113715045,0.005151535,0.27199438,0.00806004,0.17770965,0.0006208941,0.005512718,0.0010802308,0.99402434,0.0081487335,0.0007140229,0.0008264446,0.9845291,0.017153114,0.00082062656,0.0017421735,0.9942774,0.0066566295,0.00062152493,0.001164692,0.9880937,0.0026545653,0.00070738746,0.0011472944,0.98687124,0.0037015544,0.0010900457,0.0019315457
4430,/home/jupyter/dent_outputs/isic2019_v2/melanoma/hairs/seed4430/lambda_t_star5/style.png,0.10265634,0.011280982,0.0011346386,0.000765796,0.0027700223,0.021685943,0.9835344,0.014372228,0.0006451913,0.027742768,0.031466767,0.009515409,0.0009849403,0.057701606,0.014968767,0.006222947,0.0017979172,0.07678885,0.0065488378,0.0041184826,0.0029122252,0.4257001,0.0026258966,0.0033643667,0.0049827048,0.2591365,0.0027145373,0.0036625299,0.0061436594,0.28478265,0.0016238111,0.0033734078,0.0056068506,0.23204114,0.0009862403,0.0026907695,0.0060290224,0.23001565,0.0011018903,0.002867802
4908,/home/jupyter/dent_outputs/isic2019_v2/melanoma/hairs/seed4908/lambda_t_star5/style.png,0.3017768,0.042549603,0.0015163415,0.001621106,0.0009983263,0.006239281,0.99596137,0.007656428,0.00036287517,0.0018359857,0.9958878,0.003545752,0.00033658312,0.001927017,0.78765476,0.004566083,0.0007074714,0.002235163,0.08396558,0.0036693176,0.00084372045,0.002178962,0.05437423,0.00420624,0.0015202522,0.0017397725,0.043497298,0.004946352,0.0017398297,0.001640329,0.034329772,0.0051062093,0.002032593,0.001211831,0.031163268,0.0041932324,0.0023628934,0.0010864462,0.022990417,0.004000962
4380,/home/jupyter/dent_outputs/isic2019_v2/melanoma/hairs/seed4380/lambda_t_star5/style.png,0.0066173077,0.087963566,0.010637977,0.018247597,0.9664687,0.018901927,0.98894215,0.018103408,0.004564948,0.0051466133,0.99796355,0.008201152,0.002486014,0.0027410435,0.9973029,0.0056608715,0.0026173636,0.0027129834,0.9956181,0.0039729923,0.0015135701,0.001574984,0.50331455,0.0055729686,0.0023816084,0.0032448897,0.39032736,0.0056626573,0.012644931,0.00612945,0.20503984,0.0047693383,0.04681351,0.014355978,0.09895502,0.009369454,0.07060789,0.01798002,0.070177086,0.010186871
4081,/home/jupyter/dent_outputs/isic2019_v2/melanoma/hairs/seed4081/lambda_t_star5/style.png,0.002151732,0.22266068,0.0057511297,0.0022164204,0.0005319653,0.0029923297,0.99640757,0.0020404535,0.0005809964,0.0031501153,0.9953759,0.002949289,0.000618398,0.003382873,0.99269557,0.004361326,0.0008527202,0.0023974332,0.97076505,0.0064529064,0.000883507,0.003473076,0.9218765,0.0062425993,0.0029719733,0.0031630443,0.02416882,0.010249981,0.0023983605,0.0025035117,0.01858682,0.0071827113,0.0031794794,0.0022860605,0.0117820725,0.006580476,0.0034936934,0.0021642405,0.012180556,0.0068755606
4120,/home/jupyter/dent_outputs/isic2019_v2/melanoma/hairs/seed4120/lambda_t_star5/style.png,0.0011251608,0.05054008,0.008519536,0.0018536954,0.0014291906,0.008504147,0.99836737,0.008144542,0.002805631,0.012850119,0.9977642,0.008618949,0.00035487977,0.0018711506,0.3161241,0.0060072104,0.00029279443,0.0024768997,0.6453636,0.0033710438,0.0002103232,0.0011350932,0.54340523,0.001772275,0.00012400074,0.0005630272,0.29278928,0.0010532441,0.00013266696,0.0005920657,0.2430487,0.0009469128,0.00014895944,0.0006743216,0.24015784,0.0009299789,0.00013389284,0.00066105166,0.24123773,0.0009467167
4088,/home/jupyter/dent_outputs/isic2019_v2/melanoma/hairs/seed4088/lambda_t_star5/style.png,0.012657725,0.0071885036,0.035887927,0.0002597071,0.00055911316,0.0038117697,0.9665267,0.008495828,0.0037270149,0.014273176,0.9568382,0.02900564,0.0038237919,0.008952407,0.13114925,0.012688571,0.012991793,0.010848664,0.017162217,0.0062136315,0.013323648,0.010190982,0.01174319,0.0061843097,0.087552205,0.003990917,0.0048870123,0.0024819213,0.13661627,0.0039286986,0.0021503035,0.0017946792,0.17863481,0.0035759981,0.0011738921,0.0013270898,0.18576607,0.004871158,0.0008350907,0.001171952
4091,/home/jupyter/dent_outputs/isic2019_v2/melanoma/hairs/seed4091/lambda_t_star5/style.png,0.0009404666,0.01061137,0.08831163,0.005795478,0.0032444673,0.030555898,0.9275268,0.023933178,0.0032294714,0.025278432,0.89056826,0.0069024195,0.007544046,0.007322134,0.014235327,0.003934796,0.112239406,0.0061240117,0.0075120954,0.0035027044,0.114161074,0.005946631,0.0061762724,0.003767806,0.13374212,0.0057944255,0.004543767,0.0033047854,0.05937866,0.010654235,0.0040850965,0.0034664532,0.025844455,0.007735333,0.003497899,0.0031928609,0.017432239,0.008333296,0.0026238845,0.0027392376
4855,/home/jupyter/dent_outputs/isic2019_v2/melanoma/hairs/seed4855/lambda_t_star5/style.png,0.0012243219,0.01267126,0.012878882,0.009453112,0.0004349384,0.0065410375,0.9929588,0.004729491,0.0015830382,0.009257818,0.98498833,0.012026435,0.0048769866,0.011995346,0.265819,0.016620044,0.020037934,0.010003021,0.020507608,0.012568067,0.011372968,0.004989461,0.012839018,0.009566269,0.009469299,0.0038956942,0.011411764,0.008304139,0.008372456,0.0034754795,0.008217046,0.0068591805,0.0082840575,0.003228887,0.008958539,0.007243752,0.007924142,0.0031578315,0.008415965,0.0071071573
4494,/home/jupyter/dent_outputs/isic2019_v2/melanoma/hairs/seed4494/lambda_t_star5/style.png,0.0011596843,0.08125152,0.0023318776,0.0037927402,0.8837704,0.0038856005,0.34861222,0.009169882,0.13429087,0.0021885773,0.4188833,0.006653849,0.16787097,0.0026491461,0.22111744,0.007835904,0.084104,0.0009254188,0.077899694,0.005164606,0.021166783,0.00021813369,0.024282774,0.0019256988,0.0091124475,0.00024774895,0.020367896,0.001222181,0.0056796824,0.0002121975,0.01352635,0.0013056265,0.0034131743,0.00024211784,0.01086153,0.0014475135,0.0025812539,0.00027020156,0.009531587,0.0017750654
4554,/home/jupyter/dent_outputs/isic2019_v2/melanoma/hairs/seed4554/lambda_t_star5/style.png,0.0016408704,0.04868254,0.58705765,0.014313809,0.0016254786,0.0030248854,0.9988335,0.002619675,0.0009065964,0.0032058614,0.9966169,0.0022960987,0.0008440522,0.0026736646,0.98771465,0.0015751979,0.0027312383,0.008134629,0.9994398,0.008810501,0.0018151107,0.006640182,0.99430484,0.0070497557,0.0009526859,0.0015342656,0.041726176,0.001675889,0.0007561226,0.0011070737,0.03368804,0.0015999486,0.0007027923,0.00084973936,0.02406751,0.0013408631,0.0006950559,0.0007925459,0.018023368,0.0012055007
4152,/home/jupyter/dent_outputs/isic2019_v2/melanoma/hairs/seed4152/lambda_t_star5/style.png,0.0015306729,0.0057074283,0.0006180813,0.00045643965,0.0016303549,0.010724028,0.9845993,0.0062712394,0.0024474324,0.026683474,0.91054636,0.0049480232,0.06528819,0.0031152067,0.002451577,0.002877248,0.07452033,0.0030579213,0.0027794417,0.0028743695,0.08789451,0.003955986,0.0027800337,0.0032801866,0.17590863,0.0053687803,0.0032929184,0.004322611,0.24124809,0.0058904435,0.0036155547,0.005691995,0.26102236,0.005452126,0.0035155886,0.006291938,0.26916292,0.0040765116,0.0029939287,0.005679656
4783,/home/jupyter/dent_outputs/isic2019_v2/melanoma/hairs/seed4783/lambda_t_star5/style.png,0.20800433,0.20106149,0.22563952,0.01266167,0.005000754,0.016954098,0.9776058,0.21373369,0.00160505,0.003626512,0.9988123,0.0020225747,0.0017171687,0.005773219,0.9932586,0.017559987,0.00071476225,0.0023459876,0.117082104,0.0027019805,0.0011120617,0.001345786,0.029268732,0.0012232559,0.0021502727,0.0014512381,0.017416036,0.0014635554,0.0017285487,0.0022181948,0.00971917,0.0020464319,0.0027764116,0.0018985315,0.008361857,0.0024647838,0.0035621163,0.002283154,0.006861208,0.0027698432
4015,/home/jupyter/dent_outputs/isic2019_v2/melanoma/hairs/seed4015/lambda_t_star5/style.png,0.53071856,0.0009712785,0.0007707341,0.0003358827,0.00043173935,0.004014089,0.98814243,0.0024920069,0.00041218312,0.0038588718,0.98608625,0.002626835,0.0004368715,0.0035015426,0.98235816,0.0025853221,0.0006362549,0.0051016547,0.9227937,0.0030529886,0.0015982328,0.0070758057,0.34172958,0.0034904215,0.0028701457,0.0057980423,0.014469704,0.0023159734,0.0027414854,0.007149752,0.009238706,0.0022123368,0.0037641602,0.00597921,0.00710853,0.002224555,0.0036343306,0.006199588,0.006302928,0.0022025858
4633,/home/jupyter/dent_outputs/isic2019_v2/melanoma/hairs/seed4633/lambda_t_star5/style.png,0.0025234073,0.009726822,0.0013096599,0.0014032825,8.3458865e-05,0.0020869332,0.97695816,0.00038697376,0.00017149678,0.0031675552,0.9861308,0.0005883771,0.00014875761,0.0026154234,0.97480744,0.0005365663,0.000636274,0.008162137,0.99747485,0.003006682,0.0006211924,0.0023127121,0.28251672,0.0026685353,0.0004797685,0.0012091455,0.00789713,0.0019296895,0.0005886666,0.001425748,0.0075820866,0.0025762317,0.0005148941,0.0012208626,0.011705304,0.0025712363,0.0005396051,0.0012694007,0.007341843,0.0030443103
4840,/home/jupyter/dent_outputs/isic2019_v2/melanoma/hairs/seed4840/lambda_t_star5/style.png,0.0015887197,0.013326012,0.050048508,0.0022705854,0.0005985978,0.00086920126,0.05698129,0.0025682747,0.0002773133,0.00040426932,0.02121844,0.0015247631,0.0007819173,0.00077407394,0.016502587,0.0022954326,0.0012896003,0.00096985814,0.015126125,0.0030192623,0.0018642587,0.00085595774,0.01212543,0.0029539242,0.0015894179,0.0007474422,0.009291774,0.0025982698,0.0019164908,0.000740229,0.008334907,0.0026913122,0.0016535644,0.0006249508,0.006624706,0.0023872172,0.001674342,0.0006145824,0.0062640607,0.0023632825
4397,/home/jupyter/dent_outputs/isic2019_v2/melanoma/hairs/seed4397/lambda_t_star5/style.png,0.031791307,0.98070425,0.004825891,0.0072422614,0.0035510713,0.11611126,0.44592124,0.013960218,0.042763766,0.0035611228,0.0014489981,0.0048992345,0.022264674,0.0029916938,0.0012082764,0.0037219687,0.020619877,0.0029509119,0.0010347157,0.0031873006,0.026995137,0.0044346154,0.001077051,0.0033332186,0.044005968,0.0038895796,0.00088904845,0.002757427,0.04696146,0.0042803297,0.0010420852,0.0033462911,0.036854606,0.0032370002,0.00086109637,0.0026750737,0.03568502,0.0031761033,0.0010110962,0.0032476117
4980,/home/jupyter/dent_outputs/isic2019_v2/melanoma/hairs/seed4980/lambda_t_star5/style.png,0.0042048506,0.044755638,0.068587296,0.010178686,0.0059395544,0.011475713,0.9728611,0.014590439,0.005013713,0.0009504547,0.0015987243,0.003639113,0.0076590837,0.00096199306,0.0021401707,0.005438635,0.0058001336,0.00094806566,0.0021123246,0.005464297,0.0051397504,0.0007804649,0.0018452798,0.0047524837,0.0038047675,0.0007765172,0.0012303061,0.003312676,0.003182364,0.00059227826,0.0010312943,0.0027151867,0.0034279453,0.00066439353,0.0010299609,0.0028989606,0.0028601873,0.000763592,0.0010020154,0.0028277482
4043,/home/jupyter/dent_outputs/isic2019_v2/melanoma/hairs/seed4043/lambda_t_star5/style.png,0.03884846,0.013446447,0.002407529,0.0012495767,0.00125299,0.0034085128,0.9986093,0.0065260446,0.00020092541,0.00042972775,0.6298446,0.0014933364,0.00019128589,0.0011063188,0.26856506,0.003006738,0.00037151502,0.0012907775,0.37123266,0.009546491,0.00061526336,0.0020768149,0.15993914,0.009513683,0.0010730921,0.0034171264,0.058469303,0.018629054,0.00078176,0.0038222624,0.030876923,0.016549794,0.0007279286,0.0042893197,0.030722143,0.019190582,0.0008592121,0.0037945113,0.027498253,0.01863002
4601,/home/jupyter/dent_outputs/isic2019_v2/melanoma/hairs/seed4601/lambda_t_star5/style.png,0.050307788,0.008267417,0.0058874227,0.00434137,0.0037581783,0.014495722,0.99687684,0.49766663,0.08059543,0.08766197,0.92248785,0.37780735,0.011784777,0.038972974,0.95350844,0.33213377,0.013219251,0.016711332,0.8577786,0.13984698,0.16449694,0.007987485,0.41808102,0.013309677,0.3607502,0.004102095,0.1980825,0.0075616846,0.6874851,0.0024968858,0.02874298,0.0037448425,0.777698,0.0027341049,0.024395049,0.0032797435,0.82157856,0.0028261652,0.018597461,0.0032556944
4297,/home/jupyter/dent_outputs/isic2019_v2/melanoma/hairs/seed4297/lambda_t_star5/style.png,0.016578097,0.005296252,0.0102291815,0.0042269104,0.3390497,0.02728436,0.0005642107,0.0033399912,0.014317232,0.0034841627,0.001401174,0.0049444395,0.01444811,0.0024470342,0.0013435858,0.005804345,0.023402223,0.0040241615,0.0019376073,0.008474606,0.0241861,0.004227202,0.002202283,0.008666971,0.019432563,0.003832207,0.0018920853,0.0076319682,0.014352868,0.0031657172,0.001891096,0.007671459,0.0064055994,0.0015093387,0.0011345857,0.004929001,0.0048891767,0.0011451887,0.0009200326,0.004097757
4434,/home/jupyter/dent_outputs/isic2019_v2/melanoma/hairs/seed4434/lambda_t_star5/style.png,0.022198526,0.039571673,0.0014260425,0.0007685398,0.005499084,0.028819172,0.9707727,0.56354237,0.0014048498,0.014251443,0.97147185,0.12789851,0.0005065169,0.0024803542,0.031179884,0.0032226557,0.0008604008,0.0040238593,0.015675496,0.0050996803,0.0012978956,0.0049895295,0.010392276,0.0051760087,0.0023226177,0.008346187,0.0079926355,0.0057338695,0.0014370806,0.012051725,0.007207812,0.0049847737,0.0015186428,0.023108646,0.0071773543,0.0054575014,0.0011741292,0.020576581,0.0047853217,0.0038849672
4944,/home/jupyter/dent_outputs/isic2019_v2/melanoma/hairs/seed4944/lambda_t_star5/style.png,0.1595112,0.04299445,0.0038096176,0.005428902,0.0007400037,0.00530434,0.9964966,0.0020129182,0.000381142,0.010002501,0.90069795,0.0027314941,0.00034775882,0.009302464,0.93438774,0.0021038244,0.00031110158,0.003629118,0.046201143,0.0017158696,0.0003799894,0.004324838,0.049531948,0.0019138396,0.00040375668,0.004486678,0.051326305,0.0019841818,0.0004915642,0.0046188007,0.05974392,0.0020688775,0.0005979084,0.004895228,0.05509261,0.002065699,0.0006338759,0.0047832625,0.05206869,0.0020402991
4632,/home/jupyter/dent_outputs/isic2019_v2/melanoma/hairs/seed4632/lambda_t_star5/style.png,0.00021340353,0.00091245153,0.004755448,0.0011043419,0.00070782076,0.0060004974,0.99472827,0.00267933,0.0016173667,0.008991608,0.99506676,0.0045399247,0.00321304,0.01541795,0.97639084,0.0071043754,0.005746962,0.010052026,0.9379899,0.0069118193,0.010215392,0.0044541354,0.02278274,0.005089126,0.013441198,0.0061957557,0.01682657,0.0059364047,0.028680598,0.0075711366,0.013184445,0.0061845495,0.019901356,0.005659844,0.0081697265,0.0044856197,0.01649164,0.0051426226,0.00595209,0.003829765
4650,/home/jupyter/dent_outputs/isic2019_v2/melanoma/hairs/seed4650/lambda_t_star5/style.png,0.00031196856,0.033999667,0.020819275,0.0012960316,0.0061100246,0.1955417,0.40060416,0.0046793325,0.0022662028,0.06275393,0.049420193,0.007432364,0.004324585,0.053721804,0.08656674,0.010200237,0.0028643338,0.04424593,0.074435465,0.0077897008,0.0016625015,0.022706289,0.052391216,0.0055030882,0.0015267157,0.017348949,0.04290001,0.0054154065,0.0009231472,0.011192054,0.041859455,0.004207367,0.001138483,0.012754359,0.03948449,0.004932398,0.0015558166,0.013551117,0.03400156,0.004888086
4640,/home/jupyter/dent_outputs/isic2019_v2/melanoma/hairs/seed4640/lambda_t_star5/style.png,0.004523615,0.03032181,0.0019129042,0.00041983376,0.0020114724,0.00044306193,0.006550287,0.0020474545,0.0027304655,0.0006531772,0.0053529837,0.0023558978,0.0029292416,0.0009344478,0.0029083192,0.002925509,0.00425569,0.0020166095,0.0034767631,0.004196248,0.004352417,0.002279275,0.003188572,0.004803015,0.003944863,0.0015786537,0.002983718,0.0047622505,0.003565408,0.0011080492,0.0029071677,0.004534545,0.0035528315,0.0011686751,0.0029802844,0.0048305835,0.0035797937,0.0011749929,0.0027981729,0.005025826
4969,/home/jupyter/dent_outputs/isic2019_v2/melanoma/hairs/seed4969/lambda_t_star5/style.png,0.0024236676,0.041719202,0.0010816272,0.0011136719,0.0024658178,0.027842756,0.98686534,0.0117560355,0.00020688138,0.0023479336,0.817189,0.0030504323,0.00058918237,0.0046896283,0.12729037,0.004511951,0.0009355355,0.0052929646,0.014658958,0.0030285043,0.0035358323,0.0052123684,0.0051965415,0.00522934,0.005852868,0.007702944,0.004430992,0.004593837,0.008386296,0.006346161,0.0042766407,0.004620825,0.007850698,0.006089649,0.004266931,0.0052426574,0.009774193,0.0045119426,0.002850903,0.0039332076
4351,/home/jupyter/dent_outputs/isic2019_v2/melanoma/hairs/seed4351/lambda_t_star5/style.png,0.62235576,0.018070813,0.0004967024,0.0010519394,0.0014889984,0.0014578716,0.83441734,0.0008414536,0.009087158,0.0020506664,0.87045825,0.0013736206,0.012479577,0.0020329915,0.946846,0.0024155981,0.061498687,0.002804277,0.03935202,0.0034114183,0.07922969,0.0028532178,0.05223427,0.0034479254,0.07859083,0.0038111885,0.02699118,0.0034065358,0.048389263,0.0038132055,0.007162571,0.004491313,0.020034224,0.0042673205,0.0038383426,0.0032032249,0.030637693,0.0041055675,0.003655914,0.0037098303
4201,/home/jupyter/dent_outputs/isic2019_v2/melanoma/hairs/seed4201/lambda_t_star5/style.png,0.022511674,0.01671528,0.00013914362,0.00015405488,0.0072906506,0.02554058,0.98568416,0.09820129,0.019537522,0.05139755,0.64578605,0.3498936,0.6883044,0.028516544,0.30311525,0.20976757,0.14290717,0.0041037644,0.019741777,0.015249386,0.1716858,0.002241524,0.0031757092,0.01240078,0.61264396,0.0010354053,0.0012780098,0.0036162315,0.47218758,0.00062177674,0.0008488103,0.0020895367,0.38048917,0.00067793,0.00092314015,0.0015664637,0.2823098,0.0008247666,0.0011260374,0.0018659612
4136,/home/jupyter/dent_outputs/isic2019_v2/melanoma/hairs/seed4136/lambda_t_star5/style.png,0.008544375,0.021188663,0.006246428,0.003349728,0.004800627,0.002904219,0.94129485,0.004805265,0.0014994565,0.0035650372,0.69973814,0.0022548384,0.0023793345,0.005077037,0.89351404,0.0023817034,0.0028414691,0.0057216166,0.89249206,0.002340404,0.0013894492,0.0018376372,0.95037395,0.0008184961,0.00030123832,0.0006877663,0.81829697,0.0006199808,0.00015914632,0.00057437626,0.25941148,0.0007269727,9.05386e-05,0.0005007214,0.065054946,0.00051809405,0.00020365462,0.0006449531,0.029275663,0.00084958033
4371,/home/jupyter/dent_outputs/isic2019_v2/melanoma/hairs/seed4371/lambda_t_star5/style.png,0.003173532,0.057567418,0.005198149,0.0017490151,0.0004118571,0.0030214319,0.97291803,0.005304936,0.00063384086,0.002395501,0.99023646,0.0026646776,0.0007610574,0.001845937,0.9804047,0.004072038,0.0011919541,0.0021488778,0.9690962,0.0052527185,0.00059663726,0.00069017505,0.013192818,0.003667848,0.00054445036,0.0008131574,0.0073254374,0.0026463403,0.00052418775,0.0009177488,0.0060858005,0.0028763383,0.0007030693,0.0009943041,0.0050623105,0.0030280396,0.0007368785,0.0010774127,0.004794018,0.0030130295
4776,/home/jupyter/dent_outputs/isic2019_v2/melanoma/hairs/seed4776/lambda_t_star5/style.png,0.0007451838,0.003957805,0.04319888,0.0031861481,0.0007369484,0.0015112034,0.98459864,0.0019350299,0.0002064953,0.006485098,0.8512562,0.0042405864,0.0002628353,0.004245583,0.4699518,0.0038492754,0.00015700047,0.0030864861,0.111654,0.0018719016,0.00020754205,0.004565765,0.04237913,0.0016783527,0.00024029166,0.0073296796,0.045712452,0.0026111891,0.0002466264,0.008859276,0.028504888,0.0026124786,0.00019900524,0.0063631423,0.014016543,0.002398759,0.0002919451,0.0063308654,0.009742869,0.0026372354
4442,/home/jupyter/dent_outputs/isic2019_v2/melanoma/hairs/seed4442/lambda_t_star5/style.png,0.006337693,0.0071817045,0.018757895,0.003960481,0.0007328336,0.006585472,0.9496001,0.005889904,0.000949464,0.000346987,0.011581827,0.0013666429,0.0015112846,0.00041640858,0.014022984,0.0018388516,0.0022987165,0.00048098818,0.0091549,0.0020289412,0.0020294453,0.0003164034,0.0056542302,0.0015958727,0.0020173686,0.00025483457,0.0040666596,0.0015024543,0.0029964978,0.00030079036,0.004872899,0.0018797626,0.0043629142,0.00030760287,0.0047862665,0.00211681,0.0052020834,0.00034829066,0.004317063,0.001984231
4133,/home/jupyter/dent_outputs/isic2019_v2/melanoma/hairs/seed4133/lambda_t_star5/style.png,0.00042419598,0.0005333239,0.002847118,0.00090117456,0.0013195121,0.0075703347,0.9941711,0.002392449,0.0009795948,0.004707436,0.97215414,0.0025928125,0.00044234833,0.0023978779,0.9589954,0.0017686927,0.0005638325,0.0017023715,0.9790247,0.0019354323,0.00061971846,0.001655717,0.9459567,0.0018451246,0.00033855406,0.009599307,0.0014260717,0.00072066253,0.00035151417,0.005622102,0.0010549116,0.0005559519,0.00032722627,0.0020437439,0.0011768288,0.00058313087,0.0002893007,0.0009845031,0.0010351569,0.0005791929
4503,/home/jupyter/dent_outputs/isic2019_v2/melanoma/hairs/seed4503/lambda_t_star5/style.png,0.0032567082,0.30316398,0.0022575154,0.001019852,0.0004453587,0.0024224045,0.18563467,0.002784486,0.0003714515,0.0015811598,0.33236104,0.0018229715,0.00032544514,0.0014395338,0.2648167,0.0020555945,0.0005851782,0.001296329,0.10887181,0.002084462,0.00065255834,0.0012755881,0.06616354,0.0021925087,0.0010227832,0.0011369474,0.06798209,0.0025446366,0.00061435334,0.0022652445,0.030310297,0.0020627552,0.00049493316,0.0029900344,0.014590748,0.0011810986,0.0005673995,0.0026930636,0.010133243,0.0008931337
4105,/home/jupyter/dent_outputs/isic2019_v2/melanoma/hairs/seed4105/lambda_t_star5/style.png,0.009856891,0.059684843,0.001343456,0.00059318694,0.00075773796,0.0076672425,0.99328184,0.0024434635,0.0011604098,0.016329747,0.9941474,0.006274227,0.0008074979,0.005634338,0.44124,0.010791009,0.0022137603,0.008262997,0.19837838,0.009109155,0.0041855457,0.019808842,0.0724579,0.008655638,0.0051004374,0.028388573,0.029557617,0.007641552,0.0071774833,0.033098694,0.016441574,0.0077664056,0.008779553,0.032680556,0.0111951735,0.0075364728,0.0074561955,0.027841771,0.008890276,0.007074238
4566,/home/jupyter/dent_outputs/isic2019_v2/melanoma/hairs/seed4566/lambda_t_star5/style.png,0.0029546826,0.016081033,0.00044844788,0.00013695967,0.005312258,0.107565284,0.9863267,0.022619037,0.0038195546,0.05458482,0.9884787,0.06289969,0.014636466,0.2554805,0.96584743,0.026550248,0.01637708,0.18471529,0.97979456,0.03881865,0.018178718,0.24619485,0.96257144,0.045492902,0.015629169,0.21186759,0.9576534,0.08396515,0.01294175,0.16538043,0.9549183,0.07411859,0.007830778,0.06512218,0.96490633,0.09529625,0.009633325,0.07788016,0.96585655,0.099800676
4698,/home/jupyter/dent_outputs/isic2019_v2/melanoma/hairs/seed4698/lambda_t_star5/style.png,0.004977679,0.098384954,0.013638823,0.00626681,0.0038495697,0.013091954,0.97463995,0.0058607697,0.003118895,0.012708778,0.97376764,0.0052285763,0.0023180577,0.010180478,0.8390251,0.004817332,0.0027169846,0.004283753,0.61361426,0.0028325096,0.00234404,0.004653398,0.48366007,0.0027120742,0.0017314991,0.0034186712,0.51400065,0.0018768195,0.0013920492,0.0023519334,0.3428409,0.0014316242,0.0016351942,0.0021663702,0.28358537,0.0013741178,0.0015024865,0.00204797,0.25882128,0.0012456961
4053,/home/jupyter/dent_outputs/isic2019_v2/melanoma/hairs/seed4053/lambda_t_star5/style.png,0.009249747,0.054040544,0.25933316,0.029631991,0.0009205057,0.009962657,0.9962483,0.004298016,0.00049373205,0.0048721433,0.9950808,0.0031671156,0.0007399166,0.007172195,0.656265,0.015105331,0.00045662248,0.0047396226,0.25035712,0.009259891,0.00027547235,0.003313816,0.17125654,0.007062584,0.00028602226,0.003119015,0.13217677,0.0068469285,0.00034865626,0.0034853928,0.13021068,0.007019625,0.00029530603,0.0034481843,0.11876436,0.00614732,0.00027108326,0.003283186,0.11469048,0.0055468883
4688,/home/jupyter/dent_outputs/isic2019_v2/melanoma/hairs/seed4688/lambda_t_star5/style.png,0.086789735,0.017618794,0.0014197167,0.001941233,0.00050735456,0.004006368,0.9981109,0.0018827289,0.00086941913,0.006359972,0.99812514,0.0041175224,0.0009830582,0.0060468772,0.9988778,0.0034123021,0.0011190264,0.0042170854,0.99868375,0.0027236883,0.000513635,0.0017729054,0.036067568,0.0025830334,0.00065001997,0.0015402627,0.018163819,0.0027269216,0.0006877673,0.001438023,0.015844826,0.0025356442,0.00052900024,0.0015009622,0.013816425,0.0025796671,0.00049627735,0.0013209978,0.010927481,0.00236998
4585,/home/jupyter/dent_outputs/isic2019_v2/melanoma/hairs/seed4585/lambda_t_star5/style.png,0.0012952801,0.06262345,0.005808769,0.0026363991,0.0004085602,0.006153033,0.9901264,0.0019978248,0.0003006734,0.0032121057,0.9292765,0.001582706,0.0003908633,0.0023726523,0.8955852,0.0012996583,0.0005116823,0.0018383721,0.83855975,0.0010580674,0.001220347,0.0019214116,0.647001,0.0015554967,0.0070741307,0.0030304703,0.2970145,0.0033027425,0.015041209,0.0012209231,0.010530164,0.0024140934,0.08323325,0.001518563,0.010283917,0.0031270715,0.22291327,0.0021486906,0.010241123,0.0043406403
4341,/home/jupyter/dent_outputs/isic2019_v2/melanoma/hairs/seed4341/lambda_t_star5/style.png,0.0021775195,0.010041005,0.031316973,0.0041398713,0.0007822281,0.008725714,0.9964489,0.0027976432,0.001189834,0.010222105,0.9926428,0.0038639382,0.0073520117,0.023852497,0.99704903,0.020344248,0.0030920783,0.014935556,0.99692196,0.010027591,0.0100472355,0.031324286,0.027708149,0.014157151,0.015009015,0.02430171,0.018043008,0.013235258,0.011672786,0.020286173,0.017612135,0.012408023,0.0075392593,0.013892504,0.0120794615,0.0073129237,0.0066369623,0.013694977,0.011398951,0.006398065
4103,/home/jupyter/dent_outputs/isic2019_v2/melanoma/hairs/seed4103/lambda_t_star5/style.png,0.5862458,0.014528913,0.0019428134,0.0021011853,0.0010043479,0.009567394,0.90255266,0.008539508,0.00073200435,0.0043184035,0.94272244,0.015046289,0.00016949637,0.0074723475,0.008040597,0.0019344579,0.00051817676,0.0032080442,0.0032828595,0.0011050134,0.00013100644,0.0017589604,0.00041870284,0.00034625013,0.00021480682,0.0013775555,0.0003491156,0.00051385415,0.0003717813,0.002531281,0.000555786,0.0013696286,0.0006009973,0.002964294,0.0005499696,0.0014494384,0.00041313507,0.0031567868,0.00046368234,0.0013691448
4671,/home/jupyter/dent_outputs/isic2019_v2/melanoma/hairs/seed4671/lambda_t_star5/style.png,0.0023247048,0.0024634101,0.0052708103,0.0013006539,0.00024061558,0.0014447668,0.3204308,0.0020343473,0.014929734,0.00083210797,0.10900772,0.0024219966,0.011318774,0.00041522353,0.023307044,0.0010675356,0.0016276133,0.00029914168,0.017239036,0.0014093078,0.0003374329,0.00034979993,0.005936914,0.001716273,0.00052158977,0.00028817312,0.0032294055,0.0014356375,0.0006513871,0.00028827178,0.0027753806,0.0014385326,0.00079297845,0.00032048946,0.0025633897,0.0014235645,0.0011531217,0.0003748067,0.0020909987,0.0013345777
4004,/home/jupyter/dent_outputs/isic2019_v2/melanoma/hairs/seed4004/lambda_t_star5/style.png,0.0042855395,0.002837523,0.052314874,0.004691164,0.0013147239,0.009952799,0.9987036,0.014551612,0.00033499638,0.00164694,0.9769115,0.0010637298,0.00032395122,0.0021508734,0.98732764,0.0013103893,0.00092026975,0.0018262108,0.95834136,0.0016521172,0.079469584,0.0009814028,0.020058282,0.0030397868,0.11966607,0.0007185432,0.008033404,0.001687851,0.110536374,0.00043681386,0.0062677194,0.0013422959,0.106696524,0.00046558437,0.0047382372,0.001471746,0.16568926,0.00039083033,0.0027797774,0.0012010232
4424,/home/jupyter/dent_outputs/isic2019_v2/melanoma/hairs/seed4424/lambda_t_star5/style.png,0.000722047,0.06673669,0.0021508571,0.0014883454,0.00022933281,0.0017455077,0.9987779,0.0011075743,0.00021485228,0.0029466012,0.9974015,0.0010459756,0.00034022573,0.0038731094,0.9972656,0.0009597387,0.00027598653,0.003285115,0.9937953,0.0012017993,0.00028417257,0.0021424752,0.019288633,0.0027430397,0.000908549,0.002307303,0.011655378,0.0035548783,0.0009385443,0.0021751784,0.007937025,0.0038976283,0.0010220746,0.00182485,0.00616115,0.0034220389,0.0011436484,0.0018711907,0.0060256775,0.0035868015
4805,/home/jupyter/dent_outputs/isic2019_v2/melanoma/hairs/seed4805/lambda_t_star5/style.png,0.00041240855,0.012628755,0.18311094,0.00689047,0.0012115199,0.0038045628,0.9969283,0.006146167,0.0006188122,0.0039893063,0.9976088,0.0034625335,0.0005533976,0.0042387643,0.99776924,0.003018506,0.000756106,0.0047001964,0.9983398,0.0050044283,0.00094637263,0.0021495568,0.22628321,0.006153902,0.0014154499,0.0012534586,0.098566264,0.0026415396,0.0007289321,0.001127138,0.11098484,0.0023796787,0.00060845795,0.00117256,0.1395117,0.002335145,0.00049497583,0.0011843978,0.12647752,0.0022003707
4002,/home/jupyter/dent_outputs/isic2019_v2/melanoma/hairs/seed4002/lambda_t_star5/style.png,0.0002430738,0.014292632,0.038733657,0.0016928253,0.0007280743,0.0030969323,0.99588275,0.0018981763,0.0005076772,0.006758398,0.8748337,0.0032641976,0.00016299418,0.0037622135,0.33775413,0.0010788959,0.0019166315,0.0019915237,0.044583082,0.0029700003,0.0031742908,0.0017088002,0.012207564,0.0034488298,0.008988707,0.0015622452,0.007907389,0.0032945995,0.009703509,0.0021558467,0.007943294,0.0035382174,0.005598015,0.0034553374,0.006266561,0.0040570744,0.005214132,0.0038740013,0.005588414,0.004371276
4607,/home/jupyter/dent_outputs/isic2019_v2/melanoma/hairs/seed4607/lambda_t_star5/style.png,0.0055687763,0.002054991,0.025452482,0.0025406359,0.000994018,0.0036970903,0.98871624,0.0025620854,0.00071241346,0.002701695,0.981938,0.0018153423,0.00043458905,0.0028972174,0.9710056,0.0019994625,0.0012076378,0.0082605975,0.99686915,0.0052782134,0.0015997955,0.0067176158,0.016350156,0.0077292854,0.0022708965,0.006692565,0.017104987,0.00703708,0.0016844237,0.0060842084,0.016444936,0.007406484,0.0014932333,0.0044683143,0.010471078,0.00497634,0.001277714,0.003906376,0.009912454,0.0038135264
4611,/home/jupyter/dent_outputs/isic2019_v2/melanoma/hairs/seed4611/lambda_t_star5/style.png,0.0060182507,0.008049448,0.0051301355,0.004279515,0.0019331697,0.009326586,0.82035905,0.01939852,0.0018641577,0.015122615,0.9268207,0.010169533,0.015290751,0.05477642,0.89474106,0.011299084,0.0007219576,0.002288243,0.0034576433,0.002412018,0.00044448738,0.003037383,0.00093892484,0.0011886186,0.00040466164,0.0067717833,0.00057764177,0.0010619628,0.0005484392,0.01829974,0.0006764431,0.0014511861,0.0008238103,0.10028321,0.0005498617,0.0013476843,0.0013238228,0.15253721,0.0005560414,0.0016374282
4322,/home/jupyter/dent_outputs/isic2019_v2/melanoma/hairs/seed4322/lambda_t_star5/style.png,0.0041219047,0.012219673,0.30000976,0.0046560843,0.00049346883,0.0037488418,0.9308395,0.0020193397,0.0024214357,0.006808869,0.9436576,0.0030164288,0.0028842923,0.0063670357,0.92848575,0.0033983868,0.006863128,0.014664522,0.9204807,0.006150328,0.0023157343,0.003391069,0.013143822,0.0023322783,0.0038856186,0.0036937164,0.0074213226,0.0022412508,0.0071429885,0.00249471,0.005141835,0.0019801578,0.023609865,0.0024069482,0.0043736026,0.002136214,0.06490134,0.0018514601,0.003553929,0.0018889011
4557,/home/jupyter/dent_outputs/isic2019_v2/melanoma/hairs/seed4557/lambda_t_star5/style.png,0.012570363,0.43740806,0.0011206976,0.001306506,0.00089958997,0.0034828056,0.9917276,0.0056201266,0.0005211403,0.0026887497,0.97699636,0.0058571612,0.00048648674,0.002854724,0.9459896,0.0071750707,0.0010041542,0.0030197476,0.9808163,0.0050362544,0.0031743601,0.0015720258,0.7218357,0.0056534903,0.0047336817,0.0013216874,0.6773644,0.0056776367,0.002278422,0.0011929605,0.70615745,0.005305862,0.0017701413,0.000847625,0.66954184,0.0031890979,0.00145938,0.00082056515,0.63270336,0.002969801
4829,/home/jupyter/dent_outputs/isic2019_v2/melanoma/hairs/seed4829/lambda_t_star5/style.png,0.001976473,0.0030533415,0.019262861,0.0027530943,0.00076362875,0.00472426,0.9969842,0.002919365,0.0003447324,0.0052001863,0.9851033,0.0021331627,0.0021172082,0.0059895157,0.998579,0.0022850458,0.15893432,0.005567828,0.13492896,0.0084196795,0.28700808,0.004442673,0.037509866,0.006861636,0.2997364,0.0036930053,0.01916354,0.006255954,0.10124762,0.0029806914,0.013758041,0.0059371027,0.0020782612,0.0032207875,0.012812297,0.0055676647,0.0011736249,0.0031580566,0.012187396,0.0043647247
4943,/home/jupyter/dent_outputs/isic2019_v2/melanoma/hairs/seed4943/lambda_t_star5/style.png,0.003320614,0.0021617727,0.007422949,0.0035385282,0.0011992663,0.0031123916,0.99373573,0.03188077,0.0012240362,0.0036372032,0.99370956,0.018532353,0.00021547984,0.0008250645,0.7864704,0.0016885148,0.0004333765,0.0009180375,0.4920458,0.0015009299,0.0007691794,0.0011096098,0.5011672,0.0014753669,0.00038132627,0.000835177,0.1079984,0.001580035,0.0002545017,0.0018149329,0.0125603825,0.0015744038,0.00035304963,0.0018994181,0.008047175,0.0019193334,0.00057383924,0.0018994769,0.004930933,0.0021582104
4987,/home/jupyter/dent_outputs/isic2019_v2/melanoma/hairs/seed4987/lambda_t_star5/style.png,0.0009486344,0.041680593,0.05722802,0.003987728,0.0006814334,0.006077937,0.99076205,0.002228184,0.0012322377,0.010179243,0.99149334,0.004018575,0.0021235389,0.009749598,0.9922822,0.004409094,0.0019888813,0.0016186561,0.0103065735,0.0021205796,0.0009441606,0.0017568736,0.006258572,0.0019328771,0.0009110148,0.0017361862,0.004848611,0.0020927307,0.0013688762,0.0015041915,0.004598205,0.0020141774,0.0011489639,0.0014781322,0.0043589557,0.0020518515,0.0013778048,0.0015960711,0.0042595956,0.0020756074
4586,/home/jupyter/dent_outputs/isic2019_v2/melanoma/hairs/seed4586/lambda_t_star5/style.png,0.08304005,0.0018498104,0.0014925828,0.00037338215,0.0040016654,0.021431716,0.9670428,0.10917851,0.007728046,0.014339733,0.93610257,0.13037844,0.0076780794,0.011195532,0.7780251,0.06181468,0.001322057,0.0014918362,0.017180484,0.0039531104,0.0014084814,0.00045711786,0.0014445191,0.0005786447,0.00034232964,0.0002470816,0.0014878652,0.00033355373,0.00022211565,0.00026448132,0.00055380125,0.00053401064,0.0006028851,0.00062217953,0.0010317301,0.0017736995,0.00049538416,0.0005673819,0.0008137349,0.0014676563
4920,/home/jupyter/dent_outputs/isic2019_v2/melanoma/hairs/seed4920/lambda_t_star5/style.png,0.004371326,0.01441874,0.22255778,0.0042448407,0.017148012,0.0033767004,0.9650966,0.003651862,0.0059109908,0.0037408187,0.9496842,0.0047124587,0.0039749173,0.0040017394,0.8966539,0.0040682033,0.0018599763,0.0033593837,0.88181806,0.0034890433,0.0018256423,0.0035487283,0.87049365,0.0039518415,0.0024546853,0.0048527336,0.9123816,0.004061389,0.002630599,0.004481151,0.92047375,0.004013412,0.0025577887,0.002874736,0.84821457,0.0031506978,0.0020176729,0.0019779482,0.7446319,0.0025336384
4124,/home/jupyter/dent_outputs/isic2019_v2/melanoma/hairs/seed4124/lambda_t_star5/style.png,0.0014362343,0.07179336,0.28655532,0.010078068,0.0027656895,0.012741553,0.99499524,0.022458749,0.00435239,0.015695294,0.9793131,0.030227022,0.007033761,0.096025914,0.9257401,0.03179577,0.012547655,0.041719094,0.9781804,0.0128634395,0.011140352,0.14885561,0.9021542,0.011747025,0.0038583865,0.039273303,0.8476206,0.009618946,0.0012394553,0.026402134,0.176206,0.0065511335,0.00028059783,0.02670832,0.009707271,0.0013194814,0.00024236474,0.1733776,0.004370678,0.00075405673
4352,/home/jupyter/dent_outputs/isic2019_v2/melanoma/hairs/seed4352/lambda_t_star5/style.png,0.7353835,0.009495476,0.010399002,0.00089902396,0.0012792374,0.0025440303,0.10356992,0.0062435074,0.0009695362,0.001122252,0.018538514,0.0030557998,0.001382359,0.0015002048,0.015482416,0.0039632395,0.0018131887,0.0022070305,0.013979747,0.004689425,0.0024670195,0.003029881,0.014512743,0.006055091,0.0021808,0.0027330336,0.008416984,0.0059621115,0.0019703524,0.0028860809,0.008725169,0.0060885902,0.0016865644,0.0023846785,0.0071849115,0.0058750077,0.0018030163,0.0021044991,0.006787196,0.0053542024
4001,/home/jupyter/dent_outputs/isic2019_v2/melanoma/hairs/seed4001/lambda_t_star5/style.png,0.0043937424,0.005089797,0.0015384554,0.0004985556,0.006082897,0.014351268,0.9954803,0.006669099,0.0056495783,0.016799496,0.9775128,0.005682762,0.018949946,0.015463938,0.9065923,0.008282933,0.14521831,0.014442591,0.7422124,0.01569243,0.4223433,0.014153738,0.10917175,0.015205027,0.776034,0.0058253775,0.025087321,0.010253469,0.8489899,0.004241009,0.01420884,0.007842528,0.88842636,0.0033646422,0.0100573525,0.006504011,0.9057297,0.0033134192,0.008547591,0.0061170394
4739,/home/jupyter/dent_outputs/isic2019_v2/melanoma/hairs/seed4739/lambda_t_star5/style.png,0.18999462,0.009157625,0.0016535555,0.0018062845,0.00041282427,0.0025486408,0.8321406,0.018311385,0.00062820537,0.0044007543,0.9861646,0.009275732,0.0010071334,0.0030373053,0.21030226,0.0037169096,0.0027844473,0.0017857203,0.077622555,0.0032435842,0.009580746,0.0036227265,0.04707213,0.0068458263,0.033634756,0.004121482,0.017214164,0.0068466174,0.031351462,0.004042191,0.013906001,0.0067295427,0.046983093,0.0038659796,0.013630814,0.0061196657,0.049364988,0.0041892063,0.017115068,0.006139422
4412,/home/jupyter/dent_outputs/isic2019_v2/melanoma/hairs/seed4412/lambda_t_star5/style.png,0.00015814627,0.009324802,0.023342028,0.0016207951,0.00064090185,0.0046133827,0.98810464,0.0015627921,0.0006499242,0.006197032,0.9867986,0.0018598444,0.0004962043,0.0059860786,0.9889044,0.0012984681,0.00044433674,0.004209953,0.17116918,0.0021765758,0.0030574838,0.0053060786,0.016307931,0.0032693958,0.003088604,0.013001556,0.0145933125,0.004148014,0.0033256079,0.01302505,0.012685813,0.004711323,0.0038883125,0.010695887,0.0101154465,0.004559662,0.00407765,0.009722722,0.008618224,0.004647518
4916,/home/jupyter/dent_outputs/isic2019_v2/melanoma/hairs/seed4916/lambda_t_star5/style.png,0.07616755,0.0031794836,0.0037697593,0.002308435,0.0028952565,0.017442975,0.99110705,0.010669324,0.00040427566,0.004187643,0.9629209,0.005271938,0.0005419011,0.00028925517,0.007053252,0.0021218907,0.011968624,0.0010351815,0.0060603246,0.008268278,0.027814023,0.0019845795,0.0065770545,0.013330634,0.0038642886,0.0017516237,0.0046692607,0.0092100445,0.002838127,0.0017010584,0.003170619,0.0065115737,0.03477891,0.0031666926,0.0038350278,0.010751982,0.024047362,0.0041045016,0.0043724673,0.014571469
4304,/home/jupyter/dent_outputs/isic2019_v2/melanoma/hairs/seed4304/lambda_t_star5/style.png,0.81214905,0.011822269,0.012823882,0.010738946,0.0062300456,0.19352876,0.5825774,0.5147942,0.00084390497,0.012924383,0.22534849,0.034763806,0.0007155924,0.006933998,0.22013965,0.009777853,0.00060215464,0.010791563,0.1297813,0.012486124,0.0011515119,0.02318784,0.12917349,0.03067935,0.0009469331,0.030859306,0.05451043,0.027702162,0.00092205673,0.033890232,0.027816387,0.014634147,0.0004995403,0.0195597,0.017435793,0.00788436,0.00041638158,0.017821675,0.012303311,0.005837583
4626,/home/jupyter/dent_outputs/isic2019_v2/melanoma/hairs/seed4626/lambda_t_star5/style.png,0.001520465,0.002253233,0.004766793,0.00073793647,0.0022871331,0.010440485,0.99340916,0.001587219,0.003351355,0.008310994,0.9928866,0.0017344194,0.010969785,0.0017024955,0.3162803,0.003323753,0.017008925,0.0009588362,0.011925692,0.0031505076,0.017987996,0.0011513222,0.0114229685,0.0041899406,0.010204666,0.0011094934,0.0098908,0.00409989,0.0022214686,0.0013744837,0.007225512,0.003214916,0.0022174097,0.001835514,0.006499246,0.0037779573,0.0023642618,0.0019513736,0.0052931053,0.0036990144
4160,/home/jupyter/dent_outputs/isic2019_v2/melanoma/hairs/seed4160/lambda_t_star5/style.png,0.0015828273,0.019242618,0.0009113147,0.00029691547,9.994423e-05,0.0025044256,0.9912992,0.00096586026,0.00016339349,0.0016482538,0.9311891,0.0015215381,0.0005716319,0.00083564507,0.015298997,0.0037526297,0.0016907001,0.0009635906,0.0321207,0.0049417447,0.0021789644,0.0015413425,0.010727038,0.006292224,0.0020095597,0.0018706198,0.010348785,0.0065695127,0.001763213,0.0017955397,0.008268149,0.006522116,0.0021971078,0.0018083053,0.008273863,0.006464871,0.002311278,0.0016700132,0.007560457,0.0062734834
4750,/home/jupyter/dent_outputs/isic2019_v2/melanoma/hairs/seed4750/lambda_t_star5/style.png,0.004126505,0.001980215,0.04821842,0.0017643394,0.010493586,0.004873375,0.009940078,0.017328223,0.0131701585,0.007780536,0.014794573,0.022668675,0.00944822,0.006158751,0.007849317,0.016138513,0.017883873,0.006521687,0.0077442178,0.018244872,0.025208522,0.004059779,0.0050094523,0.013063147,0.03507456,0.0031665028,0.0038872655,0.011451013,0.025053965,0.002658795,0.0024994058,0.0087439,0.03295991,0.0021116112,0.0018877203,0.0073796134,0.035723902,0.0019248779,0.0018686381,0.007333594
4866,/home/jupyter/dent_outputs/isic2019_v2/melanoma/hairs/seed4866/lambda_t_star5/style.png,0.00724103,0.0021937317,0.007544063,0.0014215208,0.00043283254,0.007078882,0.9966628,0.008703466,0.0002298858,0.00284007,0.9860956,0.0022345092,0.00086143275,0.003949267,0.9943211,0.014075647,0.0012337033,0.0007208174,0.13316904,0.0046988763,0.008227307,0.0010367912,0.22916175,0.0047113453,0.0033438187,0.0007590602,0.026174027,0.0039356537,0.0023696553,0.0008324177,0.012396516,0.003129821,0.003911279,0.00092751405,0.012344696,0.0029861007,0.003698227,0.000923386,0.010884018,0.0027444358
4810,/home/jupyter/dent_outputs/isic2019_v2/melanoma/hairs/seed4810/lambda_t_star5/style.png,0.012673802,0.012798198,0.0038186873,0.0023212081,0.0014049388,0.0065842113,0.99565685,0.008280955,0.0014507523,0.004549443,0.9760551,0.007630127,0.0028720133,0.0019022721,0.024672564,0.0026062103,0.0021005014,0.0017783991,0.01718865,0.0020895605,0.0028171663,0.0020374234,0.054260504,0.0028274823,0.0019827245,0.0018570245,0.027009794,0.0023570175,0.0037055272,0.0017360804,0.012342045,0.002444132,0.0047544846,0.0017715076,0.0132508,0.002453531,0.0056939004,0.0017633941,0.0095650535,0.0025464648
4608,/home/jupyter/dent_outputs/isic2019_v2/melanoma/hairs/seed4608/lambda_t_star5/style.png,0.0010004033,0.020552607,0.093379594,0.0042449962,0.0057362076,0.013518979,0.9746528,0.004920932,0.010790724,0.016706865,0.96275383,0.0053576315,0.02556276,0.006004478,0.029410059,0.006529118,0.02259347,0.0023417538,0.003213245,0.003203683,0.030883923,0.0036583825,0.0036809284,0.00402935,0.023312468,0.004141877,0.0039497847,0.004520361,0.02832618,0.005490032,0.0041148798,0.005027007,0.038193244,0.0056755245,0.003467672,0.004478284,0.0455583,0.004737167,0.0030286901,0.0041785003
4041,/home/jupyter/dent_outputs/isic2019_v2/melanoma/hairs/seed4041/lambda_t_star5/style.png,0.0005964308,0.07381199,0.18444258,0.008177871,0.0026065884,0.012400948,0.9971861,0.009429486,0.001270772,0.0108733345,0.99490684,0.0068311845,0.00093147444,0.008566677,0.9833008,0.008467173,0.0016200314,0.00851836,0.968049,0.009589977,0.00093941926,0.005005784,0.69464505,0.00639528,0.0005357997,0.008587754,0.7210188,0.009446676,0.00025367437,0.0028885521,0.05234022,0.0039685722,0.00022296714,0.0022153386,0.025198167,0.0029929513,0.00022927312,0.0023618538,0.0207223,0.003012352
4221,/home/jupyter/dent_outputs/isic2019_v2/melanoma/hairs/seed4221/lambda_t_star5/style.png,0.005063634,0.0064058667,0.0006204167,0.00034970188,0.0017115428,0.0072162417,0.99590874,0.0018991034,0.0011228352,0.007505862,0.994803,0.0022713558,0.0005674044,0.0065639447,0.9917754,0.0022485307,0.0011775403,0.011070714,0.9940767,0.0045435964,0.0018417923,0.00813937,0.983245,0.0050936476,0.00075111457,0.0031180512,0.13803181,0.0044472353,0.00081892253,0.003043202,0.05991748,0.0036358072,0.0009589508,0.002977189,0.04480072,0.0035507018,0.00097024126,0.0026182726,0.04790399,0.0035082542
4551,/home/jupyter/dent_outputs/isic2019_v2/melanoma/hairs/seed4551/lambda_t_star5/style.png,0.0028838287,0.00011694567,0.015433116,0.00025125383,0.00021107132,0.0026372692,0.9872305,0.0016438398,0.00026683407,0.0002618478,0.021335801,0.0010289027,0.00027685123,0.00029155178,0.022349877,0.0012680436,0.00020197031,0.00032124936,0.021711214,0.001386483,0.00019234666,0.00021901417,0.01542548,0.0011124065,0.00018965844,0.00015867662,0.012548961,0.0008764417,0.00017684205,0.00012379588,0.00883565,0.0006985658,0.00018051376,0.00010903552,0.006520615,0.0005607829,0.00023501032,0.00010981371,0.005004865,0.0005236347
4145,/home/jupyter/dent_outputs/isic2019_v2/melanoma/hairs/seed4145/lambda_t_star5/style.png,0.0019586391,0.009776086,0.020031644,0.0028241298,0.0020258809,0.032841396,0.9925028,0.005073325,0.0018297934,0.020364748,0.99233115,0.0042882813,0.0054775807,0.014480009,0.9806816,0.0040174625,0.002229081,0.003861756,0.04053752,0.0045907074,0.000516643,0.004561381,0.011123965,0.002518695,0.00056979904,0.0043654502,0.007088937,0.0018554706,0.0010583437,0.00938545,0.0049759266,0.0021796331,0.0016474717,0.012949446,0.0036373327,0.001967945,0.0018083466,0.012071434,0.0025754806,0.0016251466
4759,/home/jupyter/dent_outputs/isic2019_v2/melanoma/hairs/seed4759/lambda_t_star5/style.png,0.0065991837,0.10701882,0.0405169,0.0047669103,0.0003697186,0.00389758,0.8808758,0.0011542592,0.00041754378,0.002824287,0.8713656,0.0012812273,0.00032719196,0.0020895626,0.7708746,0.0013746539,0.00030350767,0.0019092562,0.758575,0.0013471287,0.0033572866,0.007645661,0.0030630704,0.003145305,0.0045792037,0.012246489,0.0031948786,0.0035865423,0.0032822029,0.010418909,0.002562005,0.0027050737,0.0024126733,0.009039211,0.002627872,0.002330751,0.0026347796,0.010472796,0.003238265,0.0025334212
4240,/home/jupyter/dent_outputs/isic2019_v2/melanoma/hairs/seed4240/lambda_t_star5/style.png,0.0044069868,0.0047923643,0.06426781,0.0024298632,0.0022277504,0.011628615,0.9973241,0.007825486,0.006417869,0.014982731,0.37399867,0.016330933,0.0044256104,0.006446276,0.20067683,0.008087133,0.005225338,0.0036015045,0.08967687,0.00708326,0.0030108714,0.0013483788,0.044018503,0.0040331786,0.0018846843,0.00095982413,0.039398726,0.0025935264,0.0015012616,0.0007929002,0.025409022,0.0024888502,0.0012869997,0.00061950204,0.017051399,0.0022690326,0.0009983953,0.0005503879,0.013839144,0.0020610893
4547,/home/jupyter/dent_outputs/isic2019_v2/melanoma/hairs/seed4547/lambda_t_star5/style.png,0.034617636,0.010862227,0.006384297,0.0014230169,0.0011626519,0.0013572256,0.99914706,0.0007841502,0.0004465515,0.0026190819,0.96785676,0.0047895657,0.00042316507,0.0026824244,0.96020454,0.0044060056,0.00038942992,0.0025635127,0.9337209,0.004313871,0.00039201806,0.0025669169,0.88060844,0.004429978,0.00036371505,0.00238005,0.94781035,0.0031163697,0.0003425301,0.0022733752,0.9388167,0.0027703608,0.00025980792,0.001911279,0.943426,0.0027523257,0.00024306617,0.0017106184,0.92629987,0.0030135366
4733,/home/jupyter/dent_outputs/isic2019_v2/melanoma/hairs/seed4733/lambda_t_star5/style.png,0.99915195,0.0007320504,0.00069116266,0.0011374581,0.0035913887,0.118396714,0.81498945,0.13490787,0.00362697,0.0780684,0.5318253,0.0430187,0.007904652,0.08751073,0.09014334,0.013911239,0.0015467039,0.754715,0.002780314,0.00293122,0.0012536999,0.38265246,0.0012248561,0.0017440733,0.0010375541,0.15300481,0.003928096,0.0042126765,0.0027450246,0.34285736,0.004005814,0.005416999,0.010503949,0.24364297,0.0021807256,0.0037924012,0.017341772,0.23906371,0.002007287,0.0037284137
4123,/home/jupyter/dent_outputs/isic2019_v2/melanoma/hairs/seed4123/lambda_t_star5/style.png,0.0009695852,0.004588555,0.10025896,0.0020686332,0.0008477967,0.004015929,0.85893065,0.0068379072,0.0009180317,0.0052406383,0.79130644,0.0074129542,0.00027361573,0.003000325,0.33628553,0.0040339506,0.00025035284,0.0027215884,0.25811994,0.0025143833,0.0002623979,0.0031145746,0.21627612,0.0022107353,0.00029867634,0.002537075,0.2761892,0.0021220066,0.00032471528,0.00229112,0.3145259,0.0019933481,0.00035818454,0.0018715077,0.20823476,0.0016560244,0.0003446818,0.0016604102,0.16830993,0.001423742
4332,/home/jupyter/dent_outputs/isic2019_v2/melanoma/hairs/seed4332/lambda_t_star5/style.png,0.010583354,0.043672428,0.0016625585,0.0020196605,0.0010988619,0.004251079,0.9865066,0.024851907,0.0002633975,0.003175184,0.8725281,0.0071210414,0.00033556504,0.005967444,0.4918552,0.0077749277,0.00092327915,0.004852582,0.059564713,0.0072313566,0.0013449936,0.00394126,0.08335495,0.0070162658,0.0016193382,0.0038407594,0.009537878,0.0060258377,0.0031239588,0.00445496,0.00949636,0.0084295655,0.003662962,0.003395818,0.0057820855,0.006328226,0.0037674734,0.0028547184,0.004118285,0.005135763
4844,/home/jupyter/dent_outputs/isic2019_v2/melanoma/hairs/seed4844/lambda_t_star5/style.png,0.37510288,0.006530807,0.000251846,0.00027715572,0.0028242264,0.0382289,0.9005467,0.16628815,0.0031726724,0.03351644,0.88948214,0.11282743,0.0012719525,0.019209668,0.38697168,0.052993093,0.0010669937,0.003188939,0.08607201,0.011185085,0.0014860238,0.0024787453,0.031472187,0.010002001,0.00071219855,0.001942242,0.0143116135,0.006839303,0.00074575644,0.0017398736,0.0058077443,0.0051947893,0.0005456398,0.0012202279,0.0024802245,0.003302907,0.0006747497,0.001114683,0.0016321633,0.0026983952
4177,/home/jupyter/dent_outputs/isic2019_v2/melanoma/hairs/seed4177/lambda_t_star5/style.png,0.0003247735,0.018832786,0.03453783,0.0032428268,0.00037002852,0.006700422,0.9865118,0.0014171063,0.0009062743,0.011783411,0.96772176,0.0027735955,0.0035191819,0.015222695,0.026269872,0.0050501507,0.0048008845,0.007874222,0.014205683,0.0047536953,0.0052300273,0.008759491,0.010022599,0.004417718,0.0056035127,0.010982575,0.008029415,0.0035759348,0.0070687705,0.006983357,0.0060329963,0.0028371585,0.0038503017,0.004830171,0.0055622924,0.0022176523,0.0030902957,0.004746961,0.0051500103,0.002160777
4528,/home/jupyter/dent_outputs/isic2019_v2/melanoma/hairs/seed4528/lambda_t_star5/style.png,0.10159417,0.012043704,0.0018412574,0.0018200714,0.0029670985,0.040099002,0.8903347,0.36138391,0.008274646,0.9355319,0.017504489,0.011280163,0.008295261,0.15679732,0.0053741685,0.009141942,0.01045588,0.10483314,0.0062321215,0.011495826,0.016046733,0.079376794,0.0064572035,0.01465287,0.020921804,0.06718497,0.008704724,0.02183427,0.047538824,0.041492555,0.0057012457,0.018828658,0.028580945,0.04516068,0.0044932812,0.016522978,0.029008135,0.05265123,0.003769641,0.013777356
4174,/home/jupyter/dent_outputs/isic2019_v2/melanoma/hairs/seed4174/lambda_t_star5/style.png,0.0018093763,0.019208321,0.0007240177,0.0011387786,0.0022286994,0.01857167,0.95977825,0.038926236,0.010797964,0.020887671,0.9929638,0.031801336,0.03086266,0.04179674,0.992159,0.039925423,0.054215416,0.0195691,0.9318088,0.013986873,0.08347822,0.0049511255,0.667119,0.021638807,0.17465734,0.0042872718,0.015277483,0.010538172,0.23734382,0.004651773,0.013997394,0.01034424,0.23240478,0.0044187577,0.009919456,0.009474797,0.17601079,0.0039498974,0.00904774,0.008541875
4687,/home/jupyter/dent_outputs/isic2019_v2/melanoma/hairs/seed4687/lambda_t_star5/style.png,0.002883168,0.011764773,0.01758222,0.005183181,0.005106992,0.012777147,0.6933347,0.006324713,0.0026338163,0.009183292,0.073662505,0.003136225,0.0033787536,0.0075057596,0.014258216,0.002658512,0.0038845742,0.00692782,0.010532619,0.002819974,0.0025760808,0.0067785643,0.0061803595,0.0021946034,0.0021171083,0.0060839024,0.0046470487,0.0020215192,0.0017803404,0.007577338,0.0039159562,0.002123546,0.0013893076,0.005295112,0.0031585267,0.0017936613,0.0015139537,0.005852426,0.0031839407,0.0020026613
4461,/home/jupyter/dent_outputs/isic2019_v2/melanoma/hairs/seed4461/lambda_t_star5/style.png,0.0012366034,0.0017295254,0.020123169,0.0026373335,0.0009848643,0.007335073,0.9556175,0.26353738,0.001188867,0.0075949645,0.8239635,0.1642099,0.00029223025,0.0018324465,0.82006717,0.031141961,0.0005944638,0.0014177901,0.24040408,0.014846601,0.001126274,0.0008208342,0.06806051,0.0029326836,0.0015396439,0.00067769556,0.02315932,0.002224266,0.0020987361,0.0009826851,0.017299172,0.0028443334,0.003375048,0.0011548046,0.015501188,0.0038011959,0.0033339302,0.0010737537,0.011735615,0.003767817
4261,/home/jupyter/dent_outputs/isic2019_v2/melanoma/hairs/seed4261/lambda_t_star5/style.png,0.6679586,0.0028114042,0.00050193444,0.0007581305,0.00586684,0.024121216,0.9994536,0.018626224,0.00091687083,0.006000614,0.99287766,0.0020531425,0.00018803286,0.002799911,0.050826572,0.0025710417,0.0001278713,0.0012968458,0.019859754,0.0015213101,8.982458e-05,0.0005890645,0.009396961,0.0010319336,0.00011969898,0.00051509065,0.0077469074,0.001226278,0.00015121285,0.00050071377,0.0064227968,0.001344964,0.00022243056,0.0005082689,0.005650119,0.0014867138,0.0002801912,0.00049938937,0.0044350913,0.001487926
4311,/home/jupyter/dent_outputs/isic2019_v2/melanoma/hairs/seed4311/lambda_t_star5/style.png,0.0009737456,0.13987137,0.37124792,0.009322674,0.0029025436,0.013543605,0.69031596,0.010866198,0.0013566995,0.005381425,0.9917034,0.0018081728,0.0018178488,0.0036764261,0.9672753,0.0019958655,0.0032060987,0.0065015345,0.89628613,0.0043603876,0.00257612,0.0069123954,0.4861606,0.0048494185,0.0022099612,0.008781682,0.030671058,0.005122567,0.002445069,0.013664931,0.036919408,0.0061779264,0.0030021886,0.0150797935,0.03070372,0.006203238,0.003258701,0.011992984,0.027144292,0.0074939756
4922,/home/jupyter/dent_outputs/isic2019_v2/melanoma/hairs/seed4922/lambda_t_star5/style.png,0.0025229969,0.0056670783,0.035154656,0.0075520715,0.048431937,0.015205514,0.97842944,0.042342484,0.018165052,0.011071941,0.5170246,0.020944834,0.1438831,0.004018129,0.039772697,0.0063265203,0.28350005,0.0032440326,0.011255933,0.0053269276,0.3703105,0.0035857994,0.006389846,0.0044063274,0.37375686,0.004669041,0.00488303,0.0048319316,0.42383713,0.0045246137,0.0033300458,0.003957871,0.5159595,0.003804261,0.002675976,0.0034980588,0.5619037,0.0032420533,0.0021460168,0.0031436426
4582,/home/jupyter/dent_outputs/isic2019_v2/melanoma/hairs/seed4582/lambda_t_star5/style.png,0.005095419,0.06444542,0.0033869476,0.0032905918,0.004266757,0.07636295,0.9789838,0.023560623,0.0019760204,0.0058908896,0.9954516,0.00345269,0.003754975,0.005888159,0.9970503,0.0047070943,0.004699764,0.010153624,0.99235255,0.0047983313,0.0024808166,0.006787228,0.29231188,0.005073568,0.0015910426,0.005701994,0.13405204,0.0036309997,0.0010501427,0.0031076875,0.062832534,0.0027812675,0.0015171473,0.0027377035,0.03921436,0.0026824065,0.0013539392,0.0023504226,0.021787234,0.0025179572
4581,/home/jupyter/dent_outputs/isic2019_v2/melanoma/hairs/seed4581/lambda_t_star5/style.png,0.0013936404,0.025553012,0.09554619,0.002408646,0.014280604,0.015708588,0.7967249,0.004490993,0.056294575,0.013197108,0.43232912,0.0071358467,0.1738471,0.009264253,0.19972257,0.004751169,0.2661869,0.005285692,0.051464338,0.0017797388,0.22536238,0.0044185566,0.032294195,0.0017218031,0.027442874,0.0040364093,0.028407551,0.0015687138,0.00923077,0.0031617368,0.016557438,0.0019847627,0.016175464,0.0045082173,0.014714642,0.0024337114,0.04592832,0.0048120082,0.007629697,0.0028670046
4034,/home/jupyter/dent_outputs/isic2019_v2/melanoma/hairs/seed4034/lambda_t_star5/style.png,0.004173646,0.0062845307,0.024687259,0.0023091468,0.00051459234,0.006459014,0.99308515,0.0019212654,0.0014795024,0.0075055566,0.99709105,0.003772943,0.00021160573,0.00037102166,0.06744571,0.0012787714,0.00033535925,0.00017870631,0.03890138,0.0011073954,0.00023268706,0.00013002538,0.027707892,0.00086919015,0.00038294977,0.00017191772,0.02011914,0.0009347987,0.00047741152,0.00021014681,0.012270564,0.0011772998,0.0006783941,0.00023158922,0.011281418,0.0011674439,0.0007636379,0.00021693898,0.009721689,0.0011164135
4195,/home/jupyter/dent_outputs/isic2019_v2/melanoma/hairs/seed4195/lambda_t_star5/style.png,0.014121357,0.005036778,0.007319972,0.0038945726,0.00077079545,0.005945444,0.93701404,0.003801985,0.0049287765,0.005163761,0.03127989,0.0048498907,0.003669823,0.0012664282,0.004875473,0.0015605957,0.0013632546,0.0011164449,0.005613519,0.0017435729,0.0013144385,0.0013495376,0.0059102424,0.0021753274,0.0009398548,0.0011445605,0.0058888686,0.001909276,0.00045267673,0.0008727014,0.0043454855,0.0014649782,0.000473081,0.00091208826,0.0035296637,0.0013934406,0.00051185087,0.0007106846,0.00280004,0.001366829
4090,/home/jupyter/dent_outputs/isic2019_v2/melanoma/hairs/seed4090/lambda_t_star5/style.png,0.052670192,0.012746172,0.00027595708,0.00060001743,0.0009913094,0.0015900689,0.9906657,0.0022672086,0.002404376,0.0036046493,0.99730444,0.0028610253,0.004402622,0.0069704927,0.99681914,0.0031136065,0.0018916045,0.0047312733,0.996588,0.0016820815,0.0030120153,0.0075586825,0.9949122,0.0026193734,0.0029849173,0.006903668,0.9871552,0.0033318172,0.004476998,0.0073168916,0.9829966,0.0032093513,0.004005375,0.0065821786,0.9691657,0.0031049247,0.0031323973,0.005968835,0.9554208,0.003308651
4563,/home/jupyter/dent_outputs/isic2019_v2/melanoma/hairs/seed4563/lambda_t_star5/style.png,0.0012536108,0.0037187394,0.7081203,0.0012325688,0.0029977644,0.010888509,0.9730017,0.018861778,0.0061622253,0.025792105,0.96583664,0.027639518,0.015711257,0.2389041,0.70395213,0.05054309,0.008870323,0.03235046,0.875263,0.023722032,0.01124173,0.009387729,0.02402867,0.0046365815,0.01482572,0.0017103187,0.05071113,0.004926368,0.015744697,0.007344638,0.08534748,0.007184197,0.018425576,0.007791355,0.19300282,0.009216639,0.02469389,0.008044706,0.16930543,0.0089723645
4440,/home/jupyter/dent_outputs/isic2019_v2/melanoma/hairs/seed4440/lambda_t_star5/style.png,0.009357763,0.058781136,0.01347427,0.0073646647,0.0026390385,0.011601019,0.7842788,0.003296476,0.0024953769,0.0059288773,0.98887384,0.0026328156,0.010831341,0.0015588551,0.028826194,0.0036525922,0.061450854,0.0022235783,0.0058103413,0.003606508,0.09393648,0.00172754,0.005450334,0.0031963794,0.093596615,0.0020629114,0.0052106082,0.0038295577,0.09639231,0.001959524,0.0057038516,0.0034420565,0.029705571,0.002250198,0.0036747917,0.0038558943,0.03143743,0.0022677623,0.0035117369,0.0039981795
4360,/home/jupyter/dent_outputs/isic2019_v2/melanoma/hairs/seed4360/lambda_t_star5/style.png,0.03177798,0.04530373,0.0004958166,0.0005588953,0.0008608555,0.0053529837,0.99675375,0.0022197128,0.000685906,0.003319385,0.9983261,0.0019190137,0.00076540315,0.0019789124,0.32828146,0.0033360273,0.0004745303,0.0021879976,0.15309668,0.0029605771,0.00019710664,0.00064619863,0.14861831,0.0015660692,0.00024390518,0.00085094996,0.17555153,0.0018921025,0.0001963887,0.0006381244,0.09721356,0.0013790164,0.0003095061,0.0006262163,0.07923778,0.001520397,0.00042611235,0.00062264374,0.07766435,0.0013189857
4406,/home/jupyter/dent_outputs/isic2019_v2/melanoma/hairs/seed4406/lambda_t_star5/style.png,0.005520731,0.040911213,0.0015933804,0.0015504844,0.0011499603,0.0052517494,0.99651116,0.003423031,0.0008151706,0.005438911,0.9958091,0.0018129591,0.0010719431,0.0049553514,0.9965773,0.0012474374,0.0009198003,0.005459877,0.9901945,0.0018977446,0.0015652672,0.00513197,0.9833598,0.0026355153,0.0017841017,0.0015843698,0.018584272,0.002365893,0.0027553798,0.0018702308,0.020033292,0.0030878494,0.0027684986,0.0020212855,0.01818664,0.0031601484,0.00361735,0.0019215898,0.01343506,0.0029413411
4199,/home/jupyter/dent_outputs/isic2019_v2/melanoma/hairs/seed4199/lambda_t_star5/style.png,0.0021839577,0.0024652327,0.017621996,0.00093161996,0.00091800414,0.0046582418,0.030045323,0.009885474,0.0017451796,0.0037429822,0.010073402,0.009707239,0.0024471204,0.003257103,0.008468418,0.010487568,0.0029871885,0.0032405744,0.009222553,0.012690783,0.0028435558,0.0025372608,0.008320046,0.012722702,0.0027933763,0.002070881,0.0057795006,0.011906172,0.0023845308,0.0017258173,0.0045142774,0.010432417,0.0021978363,0.0016949201,0.0045894003,0.0102040395,0.002200444,0.001559662,0.0041735587,0.009688394
4134,/home/jupyter/dent_outputs/isic2019_v2/melanoma/hairs/seed4134/lambda_t_star5/style.png,0.00024717065,0.087993845,0.018919932,0.002012764,0.00066946243,0.0056987046,0.9857708,0.05172177,0.0016582427,0.008354388,0.99724764,0.024084479,0.0004040576,0.0026994876,0.9527054,0.0018043538,0.0006381332,0.004053558,0.9351225,0.0025617247,0.00026975395,0.0017100931,0.0056591057,0.0020882455,0.00024033998,0.0020214557,0.0055868193,0.00209423,0.00019027213,0.0014393355,0.004125416,0.0017896761,0.00017404591,0.001276547,0.0035960143,0.0016763868,0.00017077815,0.0012345443,0.0034094458,0.0017048613
4890,/home/jupyter/dent_outputs/isic2019_v2/melanoma/hairs/seed4890/lambda_t_star5/style.png,0.0029179037,0.08386175,0.0010927218,0.0006802664,0.0022706261,0.019173777,0.67344594,0.00680299,0.0006760107,0.006675581,0.9570455,0.0026865273,0.00027167943,0.0032087916,0.89015263,0.0021713823,0.00029122952,0.0033211254,0.8016681,0.0060361964,0.0004492174,0.001923886,0.05358555,0.015733292,0.00047893505,0.001351693,0.019469004,0.006992211,0.00070266443,0.0012169025,0.010772039,0.0033098436,0.00057621155,0.0011238385,0.007835286,0.002681543,0.0005785611,0.0010264849,0.006234363,0.0023518393
4323,/home/jupyter/dent_outputs/isic2019_v2/melanoma/hairs/seed4323/lambda_t_star5/style.png,0.0047317115,0.40038222,0.0036538788,0.002094804,0.0014321439,0.00221599,0.38830835,0.0076718153,0.0011311199,0.0010208294,0.21155874,0.0052280426,0.0010962897,0.00064864085,0.1655585,0.008393425,0.00033722582,0.00035907654,0.077423885,0.0025441246,0.00028156227,0.00028284945,0.056726962,0.0018334473,0.00034827375,0.0002508742,0.048067752,0.001704815,0.00044600066,0.0002468334,0.039486345,0.0015610722,0.00041557776,0.00023279822,0.031111496,0.0015940176,0.0005682774,0.00026179565,0.026432967,0.0017455551
4361,/home/jupyter/dent_outputs/isic2019_v2/melanoma/hairs/seed4361/lambda_t_star5/style.png,0.009463901,0.040948294,0.45188957,0.012791748,0.005801553,0.027690982,0.9938545,0.0547308,0.0015538676,0.0050933314,0.9958331,0.01293624,0.033477783,0.02341603,0.78032297,0.028448606,0.10716687,0.05945543,0.6612191,0.040520582,0.123797156,0.064543724,0.5672548,0.03576881,0.05010007,0.045935802,0.41091976,0.019354127,0.037510417,0.039042354,0.18544312,0.010563883,0.037567776,0.033653755,0.120313644,0.008431391,0.042256407,0.03212591,0.095517695,0.009252019
4363,/home/jupyter/dent_outputs/isic2019_v2/melanoma/hairs/seed4363/lambda_t_star5/style.png,0.11628964,0.021254944,0.0014358158,0.0027143257,0.0007909887,0.009227741,0.9924712,0.24867183,0.0010353739,0.0055747153,0.97289395,0.035814278,0.001010181,0.005864654,0.9653419,0.020465381,0.00028289368,0.0013529287,0.23166041,0.0036191018,0.0004116999,0.0004935592,0.1452728,0.0014733073,0.00036917042,0.00046044568,0.03450056,0.0014377594,0.00039913147,0.00038610352,0.036573313,0.0014083191,0.00044484276,0.00033441276,0.022413407,0.0013820102,0.0005401974,0.0003237746,0.018009003,0.0013468881
4827,/home/jupyter/dent_outputs/isic2019_v2/melanoma/hairs/seed4827/lambda_t_star5/style.png,0.003257897,0.01733264,0.10546548,0.005052926,0.0028209516,0.15645835,0.97608393,0.08516416,0.0017219327,0.08793717,0.8738958,0.07818705,0.00012328403,0.0005453554,0.54344946,0.001109742,0.00015308637,0.0005861207,0.5136477,0.001384552,0.00018560993,0.00053211494,0.47036594,0.001319661,0.00020721597,0.00055223383,0.41076848,0.0013422768,0.00025812845,0.0006756142,0.4280351,0.0017182556,0.00030872194,0.00074930605,0.3740856,0.0017720567,0.0003334237,0.00079380174,0.38732278,0.0016854191
4682,/home/jupyter/dent_outputs/isic2019_v2/melanoma/hairs/seed4682/lambda_t_star5/style.png,0.001795132,0.006221761,0.036798753,0.0020219204,0.0002362457,0.010138161,0.07970279,0.0012302176,0.0010458317,0.005336717,0.59717923,0.0052284715,0.005958812,0.0048395866,0.28297853,0.0025243678,0.010000769,0.004873657,0.06267178,0.002336536,0.029059239,0.0037857096,0.021335473,0.0018622678,0.025005186,0.003922246,0.01356906,0.0019257052,0.04071357,0.0026170663,0.007464814,0.0017025474,0.07785789,0.0019526092,0.0058146124,0.0016815818,0.11686796,0.00184991,0.0042496487,0.0016283132
4546,/home/jupyter/dent_outputs/isic2019_v2/melanoma/hairs/seed4546/lambda_t_star5/style.png,0.7895755,0.0038432996,0.04530539,0.0013298652,0.01383033,0.026887521,0.55811644,0.0323005,0.016015397,0.014820889,0.3525505,0.014894116,0.0057300865,0.010196174,0.30411527,0.008730499,0.009048732,0.0108526135,0.23894362,0.007113402,0.009044958,0.010105949,0.20356685,0.0066679865,0.0048267087,0.0051468257,0.23546684,0.0056304596,0.006068036,0.0041833343,0.17654566,0.004411537,0.03598427,0.008186121,0.23619029,0.007527594,0.06736603,0.011213525,0.19397257,0.008492406
4694,/home/jupyter/dent_outputs/isic2019_v2/melanoma/hairs/seed4694/lambda_t_star5/style.png,0.0056994804,0.0035968344,0.024462722,0.0033679232,0.0023675798,0.0009587001,0.011118463,0.0026076671,0.00087720575,0.0013394922,0.002430047,0.0016626494,0.0030271958,0.0038178202,0.0036262998,0.001324963,0.068429306,0.009054742,0.013562206,0.0030847932,0.053953078,0.0067108073,0.025632588,0.0044711893,0.09511843,0.002839493,0.008111768,0.0027871695,0.14610596,0.002699132,0.0040612617,0.0027004941,0.23944536,0.0015398125,0.0022887755,0.0019316502,0.1769506,0.0015956636,0.0022746592,0.0021344533
4270,/home/jupyter/dent_outputs/isic2019_v2/melanoma/hairs/seed4270/lambda_t_star5/style.png,0.014301972,0.009196544,0.03724683,0.0067064418,0.0033560693,0.006681863,0.8821581,0.007725637,0.0004515447,0.0012314229,0.88521147,0.0019777063,0.00070179376,0.0010236357,0.81045544,0.0021751802,0.0007998534,0.00073813833,0.5521651,0.0019412782,0.0007189058,0.00059803005,0.35106856,0.0017235292,0.0006137067,0.00044695864,0.31004503,0.0014669383,0.00063820835,0.00045707557,0.27380985,0.0015179369,0.0006560677,0.0004962405,0.2938109,0.0016667568,0.0007384676,0.0005007646,0.33831012,0.0015159538
4697,/home/jupyter/dent_outputs/isic2019_v2/melanoma/hairs/seed4697/lambda_t_star5/style.png,0.0019935851,0.0066718254,0.037296843,0.0020666006,0.00044391782,0.0045406297,0.99621046,0.0020634101,0.00034617755,0.0030861178,0.34811038,0.0034793054,0.00034758166,0.002562723,0.21374097,0.0028535868,0.0004253938,0.0039047846,0.25524506,0.0022661295,0.00036070985,0.002576527,0.026701355,0.0016227539,0.00047501255,0.0019985305,0.010479188,0.0015323646,0.0013041333,0.004650969,0.009540414,0.0021849982,0.0013471005,0.0027811143,0.008516842,0.002054112,0.0014152969,0.0031882976,0.0071369074,0.0021382957
4252,/home/jupyter/dent_outputs/isic2019_v2/melanoma/hairs/seed4252/lambda_t_star5/style.png,0.0015800325,0.052538086,0.010893338,0.0034538615,0.010538037,0.020877037,0.99296314,0.0064025717,0.00048223042,0.013897104,0.9557515,0.0048403237,0.0007938634,0.014708773,0.9823784,0.0033682096,0.0026435782,0.020584974,0.9806538,0.0050129066,0.02062644,0.010309823,0.018514844,0.0045412784,0.013141267,0.012554246,0.021901391,0.007139077,0.011721322,0.011316379,0.020993268,0.007968867,0.11238565,0.0071049295,0.021421332,0.00765176,0.089124106,0.005646774,0.021211395,0.007020982
4919,/home/jupyter/dent_outputs/isic2019_v2/melanoma/hairs/seed4919/lambda_t_star5/style.png,0.008702111,0.011755503,0.0032838099,0.0015371823,0.0051621036,0.23632774,0.8956461,0.26794013,0.0014194105,0.0059617586,0.078378595,0.0057803234,0.0014449931,0.002500431,0.06711631,0.004814383,0.0020192706,0.0038025663,0.047842804,0.0065215603,0.0027066616,0.0065998184,0.107223846,0.011239467,0.014140836,0.0055114296,0.022897718,0.0061881994,0.009040818,0.0051428694,0.015646037,0.005694443,0.00783626,0.004830783,0.012331524,0.0053880443,0.010946033,0.0038027253,0.007721625,0.00436073
4189,/home/jupyter/dent_outputs/isic2019_v2/melanoma/hairs/seed4189/lambda_t_star5/style.png,0.0005195398,0.0042539868,0.14736779,0.00070933945,0.001831232,0.0026852218,0.9712554,0.003032436,0.00433352,0.009103256,0.96094334,0.024362115,0.0028375522,0.0046808426,0.97721374,0.011581591,0.0061048316,0.00801174,0.9704311,0.011201002,0.0035768372,0.021770496,0.75671965,0.018287713,0.004009966,0.039741345,0.4633838,0.017545367,0.004300739,0.064750545,0.14295535,0.009803233,0.004769814,0.078108855,0.06047262,0.00802128,0.0047710207,0.063555695,0.025923459,0.007030239
4104,/home/jupyter/dent_outputs/isic2019_v2/melanoma/hairs/seed4104/lambda_t_star5/style.png,0.046961382,0.0038078858,0.005651625,0.0034665319,0.0065082707,0.97596145,0.53389174,0.12872663,0.0015486674,0.25036114,0.6206046,0.0071174344,0.004076893,0.39669535,0.6575726,0.016458455,0.0014193051,0.03650091,0.32071415,0.00611832,0.00089309784,0.00029277377,0.15726048,0.011165699,0.051756617,0.0012475046,0.055743102,0.017221684,0.08479644,0.0011648302,0.032070383,0.014941056,0.12265326,0.0009477807,0.024536742,0.012210416,0.09657668,0.0008387799,0.017622607,0.009774387
4549,/home/jupyter/dent_outputs/isic2019_v2/melanoma/hairs/seed4549/lambda_t_star5/style.png,0.00047036013,0.009716586,0.42028052,0.0052941577,0.0044090645,0.009318787,0.9847928,0.0027052423,0.0019876768,0.008748961,0.9892046,0.0022226751,0.0013227395,0.006852398,0.99075174,0.0028708624,0.00062948314,0.0025246788,0.041726727,0.0027449958,0.0004917601,0.0031039477,0.18503243,0.0024444796,0.00080628565,0.0046254834,0.17507635,0.002683963,0.0010857292,0.0056620524,0.0744258,0.0034501152,0.0013251927,0.0062343343,0.03720732,0.003576261,0.001123352,0.0067341626,0.020507539,0.003645303
4170,/home/jupyter/dent_outputs/isic2019_v2/melanoma/hairs/seed4170/lambda_t_star5/style.png,0.010170014,0.0061467118,0.00079021946,0.00032493204,0.00087224494,0.0077914363,0.98926884,0.008850851,0.00046982645,0.004269787,0.9839984,0.0042058732,0.0004634159,0.0031402584,0.9796705,0.0027629605,0.001899455,0.003963422,0.22357579,0.005468416,0.006377884,0.004480166,0.12736751,0.0069918074,0.0026711912,0.0020760933,0.034514353,0.0047434797,0.0013190937,0.0017998017,0.025427392,0.0046424824,0.0010340395,0.0014234878,0.020799313,0.0036413355,0.0007289366,0.0009770688,0.013324363,0.0026995186
4006,/home/jupyter/dent_outputs/isic2019_v2/melanoma/hairs/seed4006/lambda_t_star5/style.png,0.0177515,0.01788115,0.00092783355,0.00076574425,0.003153023,0.024592016,0.99947506,0.013856075,0.0012178383,0.024743024,0.9456463,0.017019706,0.0010738494,0.009649197,0.55414325,0.009145622,0.00048809318,0.0023291581,0.083918184,0.005124354,0.0007395271,0.002909611,0.017130034,0.0034412746,0.0009392,0.0029007639,0.0071530123,0.00337711,0.0012089821,0.0028914611,0.0075639607,0.004016812,0.0013007703,0.0025293953,0.007055589,0.0036836434,0.0021610125,0.0030242198,0.006897701,0.0044683837
4476,/home/jupyter/dent_outputs/isic2019_v2/melanoma/hairs/seed4476/lambda_t_star5/style.png,0.004471956,0.07437074,0.004790054,0.0017241505,0.00028742952,0.005633023,0.9993766,0.00675802,0.00047223078,0.020084135,0.9658477,0.043489266,0.0011336154,0.017208574,0.97802097,0.020146053,0.013510904,0.035903446,0.98101854,0.012448996,0.005100781,0.02450966,0.93601316,0.008281779,0.01593843,0.029343493,0.92820007,0.014506518,0.030480577,0.017735759,0.8648836,0.010983072,0.045080405,0.010245932,0.06464184,0.007198056,0.0322985,0.011925013,0.025867226,0.0052146907
4058,/home/jupyter/dent_outputs/isic2019_v2/melanoma/hairs/seed4058/lambda_t_star5/style.png,0.27726912,0.0007209861,0.00024891124,0.00022858492,0.016062085,0.018998979,0.8296619,0.22978318,0.0071237152,0.0036601468,0.44546172,0.0105547765,0.04233643,0.004442922,0.34054074,0.020981781,0.04517233,0.003456273,0.14548534,0.015671039,0.028017823,0.003989638,0.09293547,0.024955206,0.032460384,0.002758168,0.024702203,0.012717216,0.0124186035,0.0039259866,0.022512743,0.014451411,0.011389487,0.00461616,0.016652042,0.015662555,0.005406674,0.00367238,0.009093713,0.010663904
4295,/home/jupyter/dent_outputs/isic2019_v2/melanoma/hairs/seed4295/lambda_t_star5/style.png,0.0018525806,0.003157051,0.060776584,0.0016142174,0.00091320433,0.007418879,0.99525553,0.002147699,0.0005683958,0.0030202155,0.96245205,0.0018251844,0.0010439797,0.0012034981,0.8961529,0.0018137696,0.0015530867,0.0021333778,0.5569291,0.0033479356,0.01507961,0.0016007189,0.0045209164,0.0019980578,0.022169985,0.0020128367,0.0041052946,0.0021061953,0.026992226,0.002154398,0.0040194243,0.0019695407,0.046036206,0.0020206517,0.0032344195,0.0020818522,0.062854186,0.0014411302,0.0024965391,0.001733698
4725,/home/jupyter/dent_outputs/isic2019_v2/melanoma/hairs/seed4725/lambda_t_star5/style.png,0.0025918186,0.050941337,0.31970686,0.046722177,0.0008485488,0.0070191366,0.9697571,0.0045692553,0.0014795031,0.0066685993,0.97222656,0.008813312,0.00084616605,0.0035592793,0.7831945,0.00975692,0.000642835,0.0022046356,0.014804172,0.0047122645,0.0018214416,0.0031789942,0.015298479,0.006572352,0.0019300487,0.0026925157,0.010958698,0.0064018886,0.0017213648,0.0031118013,0.010211594,0.006245043,0.0010873311,0.0026042974,0.006253879,0.004813653,0.0010742577,0.0022393854,0.005034556,0.0040827673
4420,/home/jupyter/dent_outputs/isic2019_v2/melanoma/hairs/seed4420/lambda_t_star5/style.png,0.0007492589,0.04322334,0.034374442,0.0032466687,0.00043753145,0.0059459116,0.9881058,0.0039034567,0.00072594977,0.0033847592,0.93788064,0.0073284414,0.0018084991,0.0020062441,0.71673334,0.007476954,0.004865891,0.0011695571,0.29278424,0.0075690914,0.004729875,0.0030774656,0.06376192,0.017748557,0.0024186152,0.002717592,0.017141119,0.008866363,0.002277349,0.0026433177,0.016857987,0.0085548675,0.0022147358,0.0026872018,0.014206904,0.007567802,0.002650609,0.0030817254,0.012589138,0.0076535777
4439,/home/jupyter/dent_outputs/isic2019_v2/melanoma/hairs/seed4439/lambda_t_star5/style.png,0.0027263123,0.0017369543,0.009895302,0.002404892,0.0015240497,0.012613269,0.99303186,0.0023741515,0.0073364065,0.07081849,0.9900932,0.00741784,0.00430115,0.05420808,0.66119933,0.004309048,0.02272779,0.07806388,0.5209168,0.01368391,0.0022886428,0.0065646847,0.005852374,0.004016232,0.0044311895,0.007542653,0.0063608307,0.007934927,0.006261384,0.007478302,0.0074019735,0.010735369,0.008185277,0.0068141017,0.006235513,0.010554378,0.013485005,0.007829442,0.006934375,0.012387133
4237,/home/jupyter/dent_outputs/isic2019_v2/melanoma/hairs/seed4237/lambda_t_star5/style.png,0.0057497313,0.016502015,0.0032642067,0.0012020452,0.00531989,0.019282699,0.0044654175,0.001776011,0.023172729,0.09676946,0.008386201,0.0042581516,0.024016848,0.10042942,0.008319035,0.0055155344,0.020755172,0.083161764,0.007790087,0.0054081925,0.0145214945,0.055185627,0.0057024537,0.00419912,0.020802232,0.040275816,0.0045138146,0.0038286971,0.019672422,0.028172277,0.004333567,0.004042663,0.011062468,0.02551871,0.004353514,0.0043588295,0.010069081,0.020692656,0.0043790466,0.0043512657
4056,/home/jupyter/dent_outputs/isic2019_v2/melanoma/hairs/seed4056/lambda_t_star5/style.png,0.06326752,0.044001587,0.002592942,0.0015249148,0.0021182154,0.0021540986,0.49126217,0.00871552,0.0008091261,0.000423651,0.22410733,0.0015900386,0.0017756738,0.00034031607,0.16716564,0.0017281938,0.0048611364,0.00043948376,0.12552918,0.0028730226,0.005603433,0.0004481167,0.053362165,0.003630784,0.0051842188,0.0003966873,0.034507766,0.00279401,0.0040752958,0.00034229358,0.021751175,0.0024464524,0.0036667977,0.00036556943,0.018427107,0.0025005797,0.0031571428,0.00030655507,0.013790259,0.0019849488
4634,/home/jupyter/dent_outputs/isic2019_v2/melanoma/hairs/seed4634/lambda_t_star5/style.png,0.35224524,0.0046294676,0.00060908374,0.0009056277,0.0018266514,0.0027309682,0.9937395,0.001923529,0.0019794663,0.0022815578,0.96200293,0.0020563027,0.0005203645,0.0016673339,0.96866256,0.0019120778,0.000651016,0.0029129358,0.47603923,0.0026891746,0.0007495861,0.0029231384,0.59109265,0.0026726422,0.0007412014,0.0037952615,0.4278797,0.0037521936,0.00064414344,0.0028592409,0.3680553,0.0025665052,0.0005284726,0.0021526897,0.32622737,0.0022026761,0.0005203848,0.0019310658,0.30080146,0.0024638283
4798,/home/jupyter/dent_outputs/isic2019_v2/melanoma/hairs/seed4798/lambda_t_star5/style.png,0.001702541,0.036059804,0.063101046,0.00615625,0.009812512,0.014298108,0.99746716,0.012401193,0.011577271,0.020312702,0.99515826,0.014706066,0.010078486,0.010996807,0.98488045,0.007429874,0.14383413,0.0081725465,0.035753537,0.01618804,0.39365235,0.012475446,0.015719239,0.016191468,0.5252732,0.010587049,0.010447846,0.011017825,0.57644075,0.010199177,0.009261877,0.010235976,0.48072284,0.008791541,0.009040215,0.010655919,0.4027569,0.0072477353,0.00725628,0.009289299
4483,/home/jupyter/dent_outputs/isic2019_v2/melanoma/hairs/seed4483/lambda_t_star5/style.png,0.0023435103,0.18583505,0.022315443,0.0033631234,0.61492753,0.024741413,0.0021358368,0.004622957,0.40730533,0.01882472,0.0019783776,0.004301297,0.30446172,0.013455249,0.0030980222,0.0058719562,0.36773384,0.006555182,0.0027078935,0.00470397,0.6599481,0.007843964,0.0015937985,0.0039556385,0.5353166,0.014600075,0.0018112764,0.003943936,0.60702443,0.014790005,0.0015439985,0.005002593,0.56065273,0.012192306,0.001045839,0.0039642635,0.5128898,0.010531034,0.00073133124,0.0034374604
4348,/home/jupyter/dent_outputs/isic2019_v2/melanoma/hairs/seed4348/lambda_t_star5/style.png,0.0007230919,0.0009092058,0.02349721,0.00075170095,0.00016404492,0.0023874387,0.9850006,0.0013782227,0.00024532457,0.0035368002,0.97907287,0.0024069657,0.0005862821,0.0053503034,0.9672269,0.0055869333,0.0011432449,0.008839326,0.9524132,0.009529153,0.001801237,0.010318852,0.46604222,0.011942307,0.0010983611,0.00314622,0.007844016,0.0024675876,0.0013423823,0.0029997532,0.007113554,0.0028579647,0.0016364534,0.003254766,0.00665801,0.0032655739,0.0018624832,0.0032706577,0.006431338,0.0034942862
4350,/home/jupyter/dent_outputs/isic2019_v2/melanoma/hairs/seed4350/lambda_t_star5/style.png,0.0022055444,0.03842305,0.059768498,0.005128989,0.0014689406,0.005756771,0.99825937,0.0025110142,0.040141918,0.0051518045,0.35546136,0.0037150066,0.00808708,0.005424455,0.16990437,0.0036102524,0.0023358038,0.0051204483,0.07528782,0.0037588496,0.001986748,0.004590949,0.037993684,0.0044841296,0.0012200943,0.0032835167,0.019315619,0.004031124,0.0010589599,0.0027845826,0.015532445,0.0039230715,0.00083720963,0.0028456687,0.014347586,0.0037130164,0.0008952607,0.0032967597,0.013733179,0.0040020607
4567,/home/jupyter/dent_outputs/isic2019_v2/melanoma/hairs/seed4567/lambda_t_star5/style.png,0.01941159,0.07942874,0.11106979,0.0054296125,0.0045272494,0.006963802,0.9891053,0.004506414,0.001301969,0.0046396875,0.9765544,0.0026173163,0.0035471523,0.0076087564,0.9941717,0.005872544,0.0062284637,0.005901217,0.99425536,0.0053686886,0.0022962845,0.001552929,0.04236551,0.0031669876,0.0034635963,0.0010233271,0.037915196,0.0035184412,0.004179139,0.0011007808,0.03694736,0.004220136,0.0045746393,0.0011227893,0.027202904,0.0044059446,0.004222806,0.0010281018,0.017979642,0.003276975
4180,/home/jupyter/dent_outputs/isic2019_v2/melanoma/hairs/seed4180/lambda_t_star5/style.png,0.7009603,0.015747802,0.0018897903,0.0017748104,0.20690963,0.103246726,0.9244968,0.10479213,0.5781057,0.009875318,0.012444688,0.010735329,0.03704442,0.03331582,0.06404311,0.0428476,0.008345141,0.09041743,0.031973574,0.017874219,0.0015606693,0.029851524,0.006566672,0.0040946365,0.0011961592,0.03480852,0.0034904776,0.0014221254,0.0006904141,0.04257715,0.0019279236,0.00040669425,0.00020680072,0.011888139,0.0014098389,0.00023002218,0.00020663139,0.007300901,0.001064372,0.00018597556
4691,/home/jupyter/dent_outputs/isic2019_v2/melanoma/hairs/seed4691/lambda_t_star5/style.png,0.003011775,0.04556114,0.0027385082,0.0014415797,0.0075469553,0.13567872,0.83994734,0.083693236,0.0036962915,0.006093934,0.010480785,0.011555987,0.0041041463,0.0032797065,0.005647805,0.009688536,0.006788942,0.004219481,0.006238924,0.012779733,0.010855788,0.008441591,0.0075581674,0.018083246,0.06264454,0.014910768,0.010196655,0.025159134,0.11611241,0.011949123,0.007679267,0.020116964,0.14200449,0.010690454,0.005637646,0.015323433,0.17686248,0.008129821,0.003533187,0.010280986
4067,/home/jupyter/dent_outputs/isic2019_v2/melanoma/hairs/seed4067/lambda_t_star5/style.png,0.00045827945,0.0010933033,0.016578153,0.0024621307,0.00019892899,0.002447536,0.9844856,0.0014669019,0.0007357067,0.0047541484,0.9909672,0.003534067,0.00092928717,0.005560992,0.97573745,0.004289705,0.0021349,0.0039814133,0.80886215,0.005460559,0.0063658142,0.0022214593,0.013922483,0.006825251,0.014859209,0.0027780675,0.012786076,0.008423832,0.013442254,0.003177059,0.012929732,0.008500915,0.010427236,0.0032346684,0.01323184,0.008390453,0.009055538,0.0026859958,0.011067604,0.0073063215
4339,/home/jupyter/dent_outputs/isic2019_v2/melanoma/hairs/seed4339/lambda_t_star5/style.png,0.0028117287,0.0026995442,0.08863147,0.0030811601,0.010442021,0.02945844,0.9041032,0.025865454,0.003258741,0.009102404,0.37015122,0.010499009,0.0019811692,0.008444261,0.15379338,0.013356492,0.0020463052,0.008119038,0.105179474,0.011091951,0.0012446162,0.004502033,0.08353723,0.0071143555,0.00057783833,0.00226934,0.054449227,0.0033528607,0.0004158932,0.0012525014,0.02354368,0.0018903725,0.00039549544,0.0010605595,0.018301804,0.0016852161,0.00063459825,0.001413095,0.02089113,0.0018557875
4301,/home/jupyter/dent_outputs/isic2019_v2/melanoma/hairs/seed4301/lambda_t_star5/style.png,0.00077657076,0.007837327,0.0005799198,0.0011348212,0.033480376,0.0059055067,0.9720305,0.029261287,0.008649414,0.004723457,0.3373515,0.008273945,0.0016550039,0.0010792392,0.039421957,0.0017846546,0.00016428756,0.0010083915,0.09083341,0.002297224,0.00017652281,0.0011056978,0.057972148,0.0021724415,0.00021538208,0.00048263554,0.027766239,0.001086957,0.00052432966,0.0006706102,0.019871524,0.0010332956,0.0005680502,0.00038774734,0.01234855,0.0007777891,0.00074263563,0.00037735217,0.007897493,0.0007148283
4534,/home/jupyter/dent_outputs/isic2019_v2/melanoma/hairs/seed4534/lambda_t_star5/style.png,0.3622501,0.00056923064,0.00010276712,0.00011164713,0.004431958,0.013244154,0.96114594,0.01766872,0.005806877,0.03067656,0.9839193,0.033245713,0.0007542051,0.002655772,0.9853415,0.0021408144,0.012099005,0.0049091824,0.994327,0.0091483155,0.001530917,0.0058346395,0.09529897,0.006265958,0.0014955193,0.0057194736,0.08251847,0.0054714903,0.0023160086,0.0075570047,0.051626492,0.0050520557,0.0028266958,0.007752444,0.038935978,0.0053334846,0.0028300646,0.0070867985,0.01867545,0.004600449
4939,/home/jupyter/dent_outputs/isic2019_v2/melanoma/hairs/seed4939/lambda_t_star5/style.png,0.0065185516,0.01663879,0.004586297,0.0012301813,0.012373909,0.31761026,0.03243759,0.0833657,0.00014072278,0.02303701,0.000991932,0.00034556503,0.00015788576,0.006826107,0.002298568,0.0010188305,0.00020192603,0.012033173,0.0017337557,0.00081822084,0.0003210788,0.023089522,0.0016687098,0.0014596969,0.0036239298,0.013502105,0.010426305,0.016068822,0.0057531535,0.030014737,0.014050179,0.019767161,0.006176153,0.039058357,0.01286657,0.018024977,0.005414413,0.035855524,0.010994577,0.015927918
4864,/home/jupyter/dent_outputs/isic2019_v2/melanoma/hairs/seed4864/lambda_t_star5/style.png,0.003272099,0.14451288,0.0967209,0.0092226025,0.0008988613,0.0015871028,0.5850388,0.006016719,0.0005443313,0.001210072,0.5580834,0.006231141,0.00050100236,0.0012971435,0.5205,0.005927351,0.00035880605,0.00082339585,0.32081982,0.003826399,0.00026485758,0.00058984855,0.27824065,0.0032238632,0.00022249928,0.00054360565,0.2916959,0.0028035587,0.00021283315,0.0005000565,0.2518376,0.0026599865,0.00020787695,0.00042016065,0.19085391,0.0021008062,0.00022219867,0.00046051695,0.17588508,0.0020402486
4898,/home/jupyter/dent_outputs/isic2019_v2/melanoma/hairs/seed4898/lambda_t_star5/style.png,0.118292935,0.0016100691,0.0034393931,0.0012986276,0.0007559885,0.004362007,0.9924886,0.0022359565,0.00068108604,0.0051189135,0.9871656,0.0037209112,0.0005268074,0.004508333,0.9590616,0.009121606,0.007937007,0.0055843247,0.42254484,0.01991695,0.7299468,0.0062435223,0.017987866,0.006819471,0.6513702,0.0039515146,0.008390754,0.0040798425,0.71979684,0.0025501177,0.0051213666,0.0034377654,0.6859191,0.002459828,0.0033812209,0.0026823846,0.6743424,0.0023771194,0.0030418974,0.002385762
4028,/home/jupyter/dent_outputs/isic2019_v2/melanoma/hairs/seed4028/lambda_t_star5/style.png,0.00043813264,0.0026702601,0.017226133,0.0006787963,0.0042798296,0.0028625312,0.4187429,0.005579944,0.00020251605,0.0013992039,0.09382418,0.001605891,0.00032230557,0.000579083,0.09403466,0.0015648187,0.00042661824,0.0005625603,0.0808123,0.002051869,0.000335105,0.0005303619,0.06557583,0.002200067,0.00031973474,0.0005287137,0.050265215,0.0023008294,0.00027519514,0.00047301018,0.045090504,0.0020707755,0.00024782406,0.00043671054,0.036339376,0.001887944,0.0002409085,0.00040605795,0.027576929,0.0016971689
4102,/home/jupyter/dent_outputs/isic2019_v2/melanoma/hairs/seed4102/lambda_t_star5/style.png,0.016738683,0.00062312756,0.0011597605,0.00023640278,0.00057782786,0.0007324534,0.49320516,0.0012078293,0.0025705367,0.0018595719,0.21229583,0.0032337136,0.007757067,0.013231939,0.9682739,0.015146355,0.025129562,0.02089575,0.46956775,0.02160132,0.04484574,0.02053905,0.32574397,0.033252053,0.04197679,0.010572029,0.07340583,0.01249687,0.02094738,0.010199557,0.009340408,0.013963856,0.01959184,0.012548926,0.007991222,0.012680933,0.018726043,0.0156219965,0.007345577,0.012628462
4712,/home/jupyter/dent_outputs/isic2019_v2/melanoma/hairs/seed4712/lambda_t_star5/style.png,0.6205463,0.0013892495,0.0011874976,0.0006801653,0.0025720764,0.0071210037,0.89695585,0.004788886,0.00847768,0.016788464,0.9174497,0.008351011,0.008951214,0.017416362,0.8583711,0.008781744,0.0063490816,0.038904663,0.6433484,0.008590841,0.0054064635,0.09655723,0.44703546,0.011872533,0.0040272875,0.07516984,0.33251768,0.009176644,0.0025265506,0.016306624,0.28115904,0.0052633504,0.0023937,0.004142644,0.23451024,0.0033270228,0.0036610584,0.0025659804,0.17166826,0.0022961644
4377,/home/jupyter/dent_outputs/isic2019_v2/melanoma/hairs/seed4377/lambda_t_star5/style.png,0.0014696508,0.0047984924,0.45574537,0.0028542245,0.0021998389,0.0040363558,0.9991295,0.004741821,0.0020121913,0.014331331,0.73646414,0.008374218,0.0020309482,0.010796462,0.69664514,0.011034251,0.0008070463,0.00951815,0.5105418,0.008829668,0.0029662354,0.0118161095,0.40699542,0.0085035125,0.005426071,0.0179067,0.37542227,0.009790978,0.010342419,0.02004763,0.31249195,0.0080266055,0.010410323,0.018970713,0.22585322,0.007192893,0.014487163,0.031348117,0.22584756,0.009357127
4800,/home/jupyter/dent_outputs/isic2019_v2/melanoma/hairs/seed4800/lambda_t_star5/style.png,0.018151747,0.24377526,0.00093814015,0.0017825908,0.0015853937,0.0031515486,0.20540945,0.0071240086,0.0012370822,0.0047411593,0.29977235,0.010820215,0.0010168188,0.0070470218,0.30748835,0.021550326,0.0008350235,0.0056680376,0.17509107,0.015293272,0.0008155949,0.0040930156,0.099008225,0.010468188,0.0009855692,0.0033804337,0.040185954,0.0069187814,0.0010897149,0.0034320806,0.025176456,0.005966205,0.0009789715,0.0044366876,0.026678825,0.0069507137,0.0011657804,0.0044455463,0.024951428,0.0073229824
4144,/home/jupyter/dent_outputs/isic2019_v2/melanoma/hairs/seed4144/lambda_t_star5/style.png,0.008201679,0.038836274,0.11678078,0.010378564,0.0010168193,0.009347633,0.99420565,0.0032701867,0.005860861,0.009540839,0.9727969,0.007457699,0.0056678387,0.014727457,0.9929128,0.010464647,0.0030700353,0.005765618,0.2788544,0.0056201885,0.0025735558,0.004034562,0.038071286,0.006088212,0.004553757,0.002462993,0.012896813,0.0040284926,0.0024732747,0.0022220523,0.0078788875,0.0028222583,0.001534202,0.0024165923,0.0062968656,0.0024686076,0.0014753185,0.002353075,0.0051749484,0.0024033082
4569,/home/jupyter/dent_outputs/isic2019_v2/melanoma/hairs/seed4569/lambda_t_star5/style.png,0.00020132949,0.030431213,0.014820554,0.00037798783,0.00034489378,0.0027977685,0.9939023,0.0011784441,0.00014892309,0.0013961924,0.9701109,0.0008287122,0.00040190492,0.001453725,0.9228865,0.0015724892,0.0009215539,0.0012637333,0.5549675,0.0023716176,0.0013502602,0.001509527,0.016698644,0.0044746245,0.0015189253,0.0018088176,0.016894888,0.0052831,0.0014088993,0.0022033353,0.015286179,0.005437178,0.0016088639,0.00249897,0.012825693,0.0059819487,0.001822247,0.002539225,0.011802705,0.006508107
4164,/home/jupyter/dent_outputs/isic2019_v2/melanoma/hairs/seed4164/lambda_t_star5/style.png,0.001280132,0.005963341,0.014327626,0.0041128932,0.0020054174,0.017191898,0.98053473,0.12718143,0.013917363,0.083917804,0.07446009,0.020790268,0.001308769,0.005341472,0.28714025,0.01704531,0.0011433233,0.0024614364,0.09785487,0.011986692,0.0010106436,0.001879564,0.0724298,0.008725198,0.0006147192,0.0015824761,0.041472394,0.007793092,0.0007630374,0.0012009598,0.118203215,0.0030521732,0.0007656512,0.0013545157,0.07332834,0.0032846592,0.0005242799,0.0014718055,0.05375184,0.0031095436
4087,/home/jupyter/dent_outputs/isic2019_v2/melanoma/hairs/seed4087/lambda_t_star5/style.png,0.001727355,0.09648619,0.0013210054,0.00075398374,0.006334973,0.013301703,0.9550925,0.012691774,0.0074592982,0.059812907,0.99373406,0.03055399,0.0084077325,0.025505012,0.9924926,0.020939423,0.002195256,0.005471212,0.12484684,0.008041817,0.009240959,0.004662152,0.031130057,0.0070010503,0.007525884,0.0072107264,0.018611165,0.007982707,0.004581434,0.0048851646,0.003423148,0.002087848,0.0044001336,0.0033236346,0.0015161019,0.0014821155,0.0038019523,0.003342446,0.0016975573,0.0015528692
4606,/home/jupyter/dent_outputs/isic2019_v2/melanoma/hairs/seed4606/lambda_t_star5/style.png,0.30931956,0.00047226483,0.0013106563,0.00020592492,0.0030748858,0.16349222,0.07248475,0.2431952,0.7227454,0.061805367,0.0072219996,0.01213412,0.6993839,0.045509037,0.0070052943,0.01271411,0.9056269,0.056293037,0.006515835,0.011568511,0.95535517,0.029210843,0.0037060818,0.0062640375,0.9773794,0.014665502,0.0019214978,0.004374934,0.9776154,0.015892806,0.0016871064,0.0039447136,0.98133576,0.015340775,0.0016842777,0.003829794,0.9861627,0.0148258945,0.0015671821,0.003396667
4784,/home/jupyter/dent_outputs/isic2019_v2/melanoma/hairs/seed4784/lambda_t_star5/style.png,0.0011098551,0.07412469,0.0022399186,0.0013286371,0.00044624793,0.0018603667,0.9980317,0.0012362772,0.00073539687,0.002796666,0.99827504,0.0023310105,0.00025830424,0.002628227,0.9971404,0.0030125068,0.00011452006,0.0014185816,0.3003408,0.0031050912,0.00025804405,0.0015054038,0.21343197,0.0036059187,0.000571597,0.0015250578,0.1323923,0.0025926495,0.0011801275,0.0014506466,0.093813114,0.002477491,0.0012047167,0.0013900019,0.06967235,0.0024300988,0.0010918841,0.0014222466,0.053810548,0.0021292383
4178,/home/jupyter/dent_outputs/isic2019_v2/melanoma/hairs/seed4178/lambda_t_star5/style.png,0.0028073592,0.026313838,0.006181716,0.0032261424,0.0001301699,0.0010914011,0.9716451,0.00085464114,0.00018275234,0.002715911,0.30080965,0.001587655,0.00015167799,0.0018632332,0.5503168,0.001301613,0.00027414344,0.0034031977,0.41519344,0.002461488,0.00034402063,0.0044396035,0.12826793,0.0027307589,0.00041947473,0.003846697,0.0328439,0.0029049194,0.00068706,0.0019974008,0.00939231,0.0040615434,0.00058328797,0.0014864269,0.00563643,0.0030554992,0.00062984234,0.0015486667,0.0058586635,0.0031907158
4207,/home/jupyter/dent_outputs/isic2019_v2/melanoma/hairs/seed4207/lambda_t_star5/style.png,0.013506457,0.11967939,0.0013694441,0.0021653643,0.0008481267,0.005929332,0.9958539,0.0014602551,0.001328291,0.015698154,0.9964862,0.0033870474,0.0011574924,0.0075990306,0.9897989,0.0020500205,0.0011847662,0.008893255,0.9842592,0.0022480728,0.0013048633,0.004601283,0.9764389,0.0029662976,0.00044977438,0.0016496629,0.3611476,0.0035563172,0.0014589006,0.0033646931,0.027124105,0.0028153544,0.002030531,0.0032377988,0.015223045,0.0026247143,0.0039751064,0.003638864,0.013221615,0.0029437963
4431,/home/jupyter/dent_outputs/isic2019_v2/melanoma/hairs/seed4431/lambda_t_star5/style.png,0.05127301,0.0030146872,0.001778598,0.0018759872,0.0010872829,0.009148177,0.9507768,0.008096544,0.0009884307,0.018924223,0.9511758,0.00803133,0.0016092622,0.031154942,0.9594543,0.008907598,0.0009426201,0.04844806,0.8821751,0.006436578,0.00093648885,0.051011927,0.8593998,0.00462679,0.0006411768,0.01907847,0.8496266,0.002487851,0.00044225217,0.029919643,0.6542267,0.0015122908,0.0003255935,0.027660009,0.6886354,0.0016404438,0.00021004185,0.01472207,0.7197215,0.0010950816
4531,/home/jupyter/dent_outputs/isic2019_v2/melanoma/hairs/seed4531/lambda_t_star5/style.png,0.0007314479,0.032635726,0.025190009,0.0043836124,0.0009802454,0.0065148626,0.99587005,0.0026107535,0.00049544836,0.0041376287,0.9798766,0.0026647877,0.0006137044,0.002797505,0.9234439,0.0029856365,0.0007837819,0.0019766572,0.885785,0.0027389561,0.002146275,0.0015994491,0.032774523,0.0042477907,0.00205749,0.0018097302,0.02113386,0.004460373,0.0034574643,0.0024233772,0.0140480455,0.005169974,0.008761492,0.002797871,0.010309204,0.005849852,0.010819178,0.0029742888,0.008215286,0.005623819
4641,/home/jupyter/dent_outputs/isic2019_v2/melanoma/hairs/seed4641/lambda_t_star5/style.png,0.00051485724,0.015483393,0.03253788,0.0024101818,0.0023920815,0.021943849,0.94137853,0.025317704,0.0012852657,0.0034446304,0.9965348,0.00096104573,0.0014085948,0.0037494688,0.99730253,0.0014868772,0.0024710267,0.0069429143,0.9882267,0.003655351,0.0014793517,0.00662776,0.053387687,0.002900608,0.0018818008,0.003861839,0.01529437,0.0019136118,0.015444696,0.0035024483,0.0071155545,0.0030164446,0.010472164,0.0043951753,0.0054818764,0.0039987015,0.010778052,0.004715322,0.004853491,0.004010461
4278,/home/jupyter/dent_outputs/isic2019_v2/melanoma/hairs/seed4278/lambda_t_star5/style.png,0.119429424,0.00786212,0.0020883759,0.0011720425,0.0036313152,0.003589454,0.99242485,0.006915585,0.0038133147,0.0024083124,0.99895835,0.0037245583,0.0031892299,0.006377691,0.9828393,0.011746991,0.0032127,0.006137918,0.97367066,0.010566664,0.0024428999,0.0053034564,0.9745154,0.00890817,0.0027424488,0.0059472676,0.9715797,0.010022447,0.0030299763,0.008489164,0.9707638,0.01214165,0.0045198714,0.07787766,0.90845656,0.014365239,0.004683407,0.08339795,0.8820207,0.013438991
4452,/home/jupyter/dent_outputs/isic2019_v2/melanoma/hairs/seed4452/lambda_t_star5/style.png,0.00922846,0.05345444,0.75020313,0.004557083,0.005814009,0.0077484176,0.99743253,0.0056081163,0.0057424605,0.00841295,0.99895513,0.00327862,0.0051554833,0.012307868,0.9783378,0.007286514,0.011309972,0.0056757065,0.9444847,0.0023119904,0.012020471,0.003094469,0.3197691,0.0039588977,0.003049945,0.0013760522,0.04001653,0.0026481724,0.0017924323,0.0011510459,0.013439206,0.0020770025,0.0031881595,0.0011334318,0.009788894,0.002013038,0.0034500344,0.0010134566,0.008345997,0.0020034048
4575,/home/jupyter/dent_outputs/isic2019_v2/melanoma/hairs/seed4575/lambda_t_star5/style.png,0.74719054,0.0022120336,0.0003095448,0.0002683101,0.0059930393,0.016963365,0.97702205,0.09504196,0.0031304655,0.003977924,0.3042267,0.0034287323,0.002813252,0.0026914298,0.13526875,0.0035014977,0.0022718064,0.0016231658,0.15192693,0.0025058659,0.0014364552,0.0009192072,0.1318395,0.001405039,0.0013064613,0.00081246183,0.13037656,0.001078921,0.0010187755,0.0007408716,0.1356969,0.0009177426,0.0020140517,0.0007441938,0.17739747,0.000944055,0.0019050536,0.00060224795,0.120682225,0.0008446798
4329,/home/jupyter/dent_outputs/isic2019_v2/melanoma/hairs/seed4329/lambda_t_star5/style.png,0.0016923718,0.022602407,0.0030303262,0.0011050013,0.017054714,0.046000317,0.9265962,0.9230187,0.0045237825,0.051962428,0.9830153,0.06451147,0.01796018,0.07593458,0.99541676,0.093661696,0.051590785,0.022503903,0.8041073,0.13800949,0.038109083,0.0048585148,0.047612604,0.009917326,0.005734734,0.00534021,0.009412749,0.0018214319,0.0018519087,0.0063263285,0.003369058,0.0014360982,0.0005660599,0.009169025,0.0018317045,0.0012680732,0.00039637828,0.006906954,0.0009738203,0.0008755081
4828,/home/jupyter/dent_outputs/isic2019_v2/melanoma/hairs/seed4828/lambda_t_star5/style.png,0.06099521,0.013686516,0.0014456043,0.00096589525,0.00032081016,0.001324994,0.97234195,0.0025797973,0.0017916493,0.009014778,0.659654,0.011603567,0.00081051595,0.0027190475,0.27523708,0.0048161726,0.00050232786,0.0019094269,0.13064587,0.0023708302,0.0007230148,0.0027310252,0.043120727,0.0023835942,0.0007465695,0.001710054,0.013531397,0.0014111217,0.0013778507,0.0010579127,0.005935811,0.0009608174,0.0017871257,0.0009015966,0.004814183,0.0010229402,0.002544225,0.00064622244,0.004091189,0.0009664292
4307,/home/jupyter/dent_outputs/isic2019_v2/melanoma/hairs/seed4307/lambda_t_star5/style.png,0.0014840892,0.0012889383,0.00088648713,0.000158198,0.0015616794,0.008142296,0.99165183,0.024589881,0.0009770362,0.007706345,0.9837108,0.009705245,0.0008739733,0.01011462,0.9876907,0.012951561,0.00035701232,0.0028148405,0.899621,0.0054630507,0.00064476137,0.0061291945,0.8823065,0.004690345,0.00052309566,0.004671149,0.7421582,0.0044313096,0.00036240707,0.0034090362,0.5941896,0.0035189514,0.00044303597,0.0042791795,0.6187592,0.0039973096,0.00032219774,0.0036255713,0.5231973,0.003201578
4399,/home/jupyter/dent_outputs/isic2019_v2/melanoma/hairs/seed4399/lambda_t_star5/style.png,0.0080854455,0.97728765,0.0013453843,0.0020232939,0.0002084917,0.0005251319,0.9804371,0.0008073182,0.00044193864,0.00086132524,0.9852094,0.0009260927,0.00012396349,0.00054654985,0.27472204,0.0011625256,0.00023597985,0.0012433644,0.40452835,0.0024981317,0.00019295688,0.0006540836,0.022294672,0.0009415241,0.00011551196,0.0002987156,0.0057849917,0.0007348869,0.00030249456,0.00045153312,0.0035379345,0.0010295106,0.0005078258,0.0005216264,0.00308745,0.0012138878,0.00049517944,0.00058089726,0.0027098567,0.0012006423
4218,/home/jupyter/dent_outputs/isic2019_v2/melanoma/hairs/seed4218/lambda_t_star5/style.png,0.031958107,0.020795958,0.013485545,0.0020810885,0.0020335712,0.017951937,0.8840592,0.015518249,0.007107322,0.14769357,0.73551023,0.020160329,0.0022265064,0.01947166,0.6368937,0.014805524,0.0057731913,0.20638615,0.015904324,0.0032071478,0.0022119842,0.0327008,0.01482251,0.0028171504,0.00041685355,0.010717428,0.0020174463,0.0006654315,0.00029693302,0.008291469,0.0012135041,0.00053462,0.00041721077,0.012998816,0.00096383196,0.0007147469,0.00091242645,0.015117651,0.0009163701,0.0008752491
4556,/home/jupyter/dent_outputs/isic2019_v2/melanoma/hairs/seed4556/lambda_t_star5/style.png,0.010030011,0.040876355,0.071937665,0.015504914,0.00095456204,0.0015516129,0.008000701,0.00097540946,0.00038611976,0.000588388,0.01288352,0.0006188753,0.0010111241,0.00036768313,0.011682027,0.0009124981,0.0012781316,0.00035752507,0.012030656,0.001258036,0.0017473209,0.00035426507,0.010871139,0.0015275904,0.0021817882,0.00041044707,0.010827776,0.0018938025,0.0016230381,0.00036046718,0.007982971,0.0019436798,0.0015960172,0.00035569724,0.0077351285,0.0018975359,0.001764724,0.00033493506,0.0053898054,0.0018463851
4570,/home/jupyter/dent_outputs/isic2019_v2/melanoma/hairs/seed4570/lambda_t_star5/style.png,0.0018233742,0.1991689,0.0018080084,0.0013081384,0.21477716,0.2655454,0.967765,0.6180948,0.086187355,0.39582258,0.8055399,0.3744617,0.114859946,0.16512437,0.9564318,0.29483762,0.022812849,0.2814791,0.8971459,0.21912684,0.07131214,0.32489327,0.43931288,0.23311749,0.046509463,0.1298074,0.52532756,0.12663424,0.068424076,0.06722397,0.24271287,0.06374195,0.10305803,0.062222015,0.22711784,0.07227295,0.13907029,0.0838245,0.21878247,0.08758967
4302,/home/jupyter/dent_outputs/isic2019_v2/melanoma/hairs/seed4302/lambda_t_star5/style.png,0.00037343657,0.0178308,0.049686965,0.0023444379,0.001901931,0.008257766,0.9975096,0.008752526,0.0048030126,0.020802138,0.9834199,0.017637078,0.007995192,0.011085325,0.934179,0.02247691,0.016987428,0.0045998986,0.46138832,0.018395895,0.033664342,0.0023688113,0.037626304,0.009400189,0.023296773,0.0022670114,0.03408243,0.01100788,0.0065736496,0.0021119546,0.034422502,0.0105692865,0.0042286874,0.0017978238,0.027664788,0.008594252,0.0041379645,0.0021836357,0.028350154,0.010988336
4132,/home/jupyter/dent_outputs/isic2019_v2/melanoma/hairs/seed4132/lambda_t_star5/style.png,0.000652997,0.0054346314,0.010611285,0.0029585438,0.00044981105,0.0059254575,0.97412205,0.0043112906,0.0012627466,0.007979973,0.99705386,0.0028643666,0.0010135942,0.0029123512,0.0788285,0.0030387857,0.00088045775,0.001764988,0.011985744,0.0030530295,0.0009483714,0.0014308364,0.00853214,0.0027842154,0.0015778007,0.0015854375,0.007635523,0.0032208841,0.0011104891,0.0011910122,0.0054122848,0.002308155,0.0009522367,0.0010683368,0.004420829,0.0018736663,0.0011811114,0.0012343492,0.0046920325,0.001998339
4882,/home/jupyter/dent_outputs/isic2019_v2/melanoma/hairs/seed4882/lambda_t_star5/style.png,0.0017061335,0.0026088592,0.01940136,0.0040046843,0.0017599,0.0050207116,0.99873525,0.002623586,0.0006530396,0.004653877,0.9909787,0.0049775653,0.0025874488,0.009743306,0.99194664,0.0075134533,0.009284614,0.008075338,0.95748734,0.013653682,0.004590814,0.0047423113,0.0455106,0.015759677,0.0037399072,0.0033377174,0.036143757,0.012224427,0.0029569382,0.0027901584,0.03005286,0.010077635,0.0030344245,0.0028595019,0.026507389,0.010013245,0.003009575,0.002594596,0.023485085,0.009291989
4911,/home/jupyter/dent_outputs/isic2019_v2/melanoma/hairs/seed4911/lambda_t_star5/style.png,0.007138337,0.10014164,0.008002888,0.0024907603,0.0004160314,0.00062168285,0.033459403,0.001148227,0.00079543045,0.0012943131,0.016452612,0.0016177525,0.0012418122,0.0012447129,0.01676868,0.0020907887,0.0019417347,0.0017956302,0.012157274,0.0021405658,0.001908563,0.0019160433,0.009233836,0.0019110334,0.0029088366,0.0024907046,0.008511267,0.0024200538,0.0026959558,0.0017825814,0.0076764585,0.0022286347,0.0024994332,0.0013480374,0.006848735,0.0024617924,0.0027797427,0.0011271761,0.007428668,0.0028372894
4598,/home/jupyter/dent_outputs/isic2019_v2/melanoma/hairs/seed4598/lambda_t_star5/style.png,0.033543587,0.015642496,0.003150181,0.0021092591,0.009847936,0.06051392,0.9925258,0.04826146,0.0017097726,0.009374554,0.99202406,0.021326592,0.2673901,0.005075279,0.0017347512,0.00095658225,0.009322146,0.0074800677,0.003523822,0.0025046184,0.003807519,0.0003924021,0.0010295263,0.0008960979,0.0016799578,0.0002713082,0.00058546657,0.0005422901,0.005810005,0.00041294494,0.0006307876,0.0009394739,0.010202956,0.0003634887,0.00044813892,0.0008443153,0.003655964,0.00029005823,0.00035595524,0.0006914437
4362,/home/jupyter/dent_outputs/isic2019_v2/melanoma/hairs/seed4362/lambda_t_star5/style.png,0.88571906,0.0020422614,0.00057877874,0.0003935476,0.00023431558,0.002719631,0.9737835,0.0020309815,0.0020490766,0.001069974,0.042148843,0.0052101687,0.0039460384,0.0013014638,0.06747219,0.009960414,0.0048112636,0.0011395556,0.064474545,0.009890034,0.004718056,0.00086882245,0.03761043,0.008182413,0.0037415472,0.0007412943,0.0331621,0.0074255816,0.0038702567,0.0006033119,0.023607695,0.00670026,0.0030412453,0.0005951534,0.017969979,0.006388051,0.0027676115,0.0005421563,0.014994049,0.0057139234
4050,/home/jupyter/dent_outputs/isic2019_v2/melanoma/hairs/seed4050/lambda_t_star5/style.png,0.4762289,0.00015802824,7.735355e-05,0.00018373237,0.0004944152,0.0035084845,0.9653487,0.016972592,0.0006252493,0.0069673513,0.98468655,0.011109884,0.00060001947,0.0065489556,0.9819363,0.005740141,0.00064025744,0.0056341025,0.96293163,0.0014011133,0.0032185013,0.0046618404,0.54347235,0.0040999353,0.007819058,0.0046193516,0.82903993,0.002452062,0.004191379,0.005432866,0.13946962,0.0038569532,0.0037159931,0.008622747,0.10677864,0.004555169,0.0048724646,0.011549893,0.06873962,0.0043936004
4308,/home/jupyter/dent_outputs/isic2019_v2/melanoma/hairs/seed4308/lambda_t_star5/style.png,0.029868,0.010836383,0.005281096,0.001096306,0.00063511677,0.004459124,0.995057,0.0048610815,0.0007120147,0.006316226,0.99596477,0.0038387515,0.0019026535,0.00734696,0.9744305,0.0038100032,0.007834922,0.008896274,0.033706885,0.0060466337,0.009406637,0.00807541,0.029619355,0.004736018,0.026043292,0.010645653,0.031136869,0.0048541683,0.015959833,0.0070618154,0.014646351,0.003705244,0.009075474,0.007799458,0.0116582895,0.004097913,0.0070452304,0.007121085,0.010195216,0.0038623966
4114,/home/jupyter/dent_outputs/isic2019_v2/melanoma/hairs/seed4114/lambda_t_star5/style.png,0.0016021744,0.023918947,0.0039053264,0.0018394592,0.001136635,0.0033423095,0.9914726,0.0015226376,0.00015359784,0.0010992504,0.95060724,0.0006375582,0.00021287089,0.001667075,0.9777543,0.0007033036,0.00018563664,0.0022839787,0.9855908,0.0019854202,0.0063583567,0.0012771118,0.026403544,0.003459969,0.004791864,0.0012178348,0.02059386,0.0031184708,0.0017358293,0.0013673492,0.014200974,0.0028623748,0.0016354471,0.001323335,0.01041331,0.0026835047,0.0013944004,0.0015510161,0.010836891,0.0025681672
4045,/home/jupyter/dent_outputs/isic2019_v2/melanoma/hairs/seed4045/lambda_t_star5/style.png,0.00688956,0.002981285,0.04054278,0.0013962893,0.0015786731,0.0042843632,0.09150967,0.0057373336,0.0015432965,0.004813479,0.043692626,0.004244625,0.0011404348,0.0045710127,0.048160158,0.004488553,0.0008146375,0.0014470263,0.032458764,0.002756209,0.0004704781,0.0009437725,0.01955702,0.0018436357,0.00055446697,0.0006565483,0.012419451,0.0014372981,0.0005649805,0.00042490565,0.009063765,0.0012767817,0.00058529695,0.00043460025,0.009632697,0.0013049211,0.0007113856,0.0004286503,0.009357808,0.0013228327
4343,/home/jupyter/dent_outputs/isic2019_v2/melanoma/hairs/seed4343/lambda_t_star5/style.png,0.4709348,0.006791797,0.0014808683,0.00020189909,0.002060837,0.00829913,0.99589086,0.0051878695,0.0034874007,0.0056233206,0.99517953,0.006570322,0.0015698532,0.0020664954,0.9496045,0.0045761466,0.0026593881,0.0040307892,0.011513092,0.00580612,0.0011291159,0.0072904616,0.0038060343,0.0034532857,0.0024116244,0.0053753844,0.0037114047,0.00380399,0.0030800104,0.010046122,0.0019837664,0.0035906993,0.0054962295,0.006662244,0.0011174855,0.0020347037,0.007610719,0.006464577,0.0014611711,0.0024164335
4182,/home/jupyter/dent_outputs/isic2019_v2/melanoma/hairs/seed4182/lambda_t_star5/style.png,0.6957057,0.0014027448,0.00060633884,0.0007727278,0.0016090063,0.02014467,0.9946649,0.046213713,0.0016298597,0.014429499,0.8925151,0.00855038,0.0015204789,0.024400372,0.044053245,0.009761214,0.0017799591,0.09805347,0.01732246,0.015179097,0.0018692352,0.12533711,0.0058617084,0.007033891,0.0016121684,0.11103633,0.002301048,0.004000409,0.0017439264,0.096117236,0.0014628106,0.0031284764,0.0016794803,0.075084776,0.0013278099,0.0030300077,0.0012654949,0.074021414,0.0009863785,0.002220875
4030,/home/jupyter/dent_outputs/isic2019_v2/melanoma/hairs/seed4030/lambda_t_star5/style.png,0.015026748,0.0056633875,0.0003158567,0.00019302646,0.0020346842,0.02104995,0.755529,0.23078659,0.0061834916,0.005363148,0.19587731,0.015319231,0.019617708,0.0063267457,0.08465354,0.021822954,0.036318414,0.0060917856,0.11368335,0.020273937,0.032243703,0.003003849,0.07238046,0.014095195,0.037771516,0.0023026327,0.051993504,0.011930963,0.074324355,0.0018602331,0.041251164,0.01026304,0.1287673,0.0017547223,0.03658062,0.008848087,0.12382709,0.0017615905,0.027219394,0.007909633
4062,/home/jupyter/dent_outputs/isic2019_v2/melanoma/hairs/seed4062/lambda_t_star5/style.png,0.013138268,0.13878776,0.0020676346,0.00065871316,0.0011584316,0.0024345152,0.99356717,0.0011819252,0.0010333089,0.002352877,0.9925897,0.0011213719,0.0011228359,0.0042411257,0.97524726,0.004846237,0.0033315623,0.0045218375,0.06265099,0.0060877446,0.0039003005,0.006930911,0.07652186,0.01220838,0.0058058314,0.008865043,0.05806515,0.013779156,0.0069764988,0.008620188,0.04811259,0.01312636,0.00619419,0.0090749245,0.028542345,0.0103247715,0.0041993936,0.009222868,0.019515539,0.007991543
4760,/home/jupyter/dent_outputs/isic2019_v2/melanoma/hairs/seed4760/lambda_t_star5/style.png,0.5707245,0.008939628,0.00041137447,0.0009250168,0.007135089,0.57262033,0.913339,0.04041972,0.009552111,0.31046087,0.9871393,0.07485548,0.0065445364,0.15533076,0.757101,0.0035911754,0.0007181985,0.0026317101,0.34420416,0.0019427266,0.0008983505,0.0039860695,0.016107129,0.002221806,0.001567885,0.00997834,0.013512233,0.0040140776,0.0040190313,0.005628487,0.00890865,0.005124466,0.02123988,0.0057839826,0.004217316,0.004160776,0.019120775,0.0067821187,0.0042050523,0.0058846488
4451,/home/jupyter/dent_outputs/isic2019_v2/melanoma/hairs/seed4451/lambda_t_star5/style.png,0.0017910617,0.0022579257,0.0022102601,0.0019157642,0.00015002281,0.002400238,0.99245244,0.0010256715,0.00011444408,0.002029193,0.9846147,0.0009994969,9.4815485e-05,0.0014375761,0.98373336,0.0009532993,0.00019409598,0.002085726,0.99419194,0.0014989061,0.00034422762,0.00077527174,0.0403254,0.0015231422,0.00055140624,0.00079418154,0.028189888,0.0018432804,0.00041045155,0.0007194157,0.020743482,0.0016988355,0.0005408445,0.0005919069,0.0137706045,0.0016314853,0.00062502583,0.00056595093,0.009013982,0.001765867
4084,/home/jupyter/dent_outputs/isic2019_v2/melanoma/hairs/seed4084/lambda_t_star5/style.png,0.0012005869,0.0046635442,0.011605553,0.0015111631,0.0005518161,0.0033519617,0.98679847,0.0015670746,0.0004795255,0.0042981533,0.943115,0.0021499004,0.000378421,0.0031578063,0.089960545,0.0027702802,0.00054077985,0.0012322969,0.028184408,0.0037455289,0.00032032453,0.00065669004,0.02314783,0.001877361,0.000302631,0.0003770325,0.015522503,0.0012760394,0.00025205643,0.00030137855,0.01358879,0.0009263022,0.00026308527,0.00021647302,0.008699372,0.00068475713,0.00030365353,0.00020838597,0.007460358,0.00060330617
4957,/home/jupyter/dent_outputs/isic2019_v2/melanoma/hairs/seed4957/lambda_t_star5/style.png,0.13947386,0.0018873295,0.0025103288,0.000508383,0.0018918134,0.009162303,0.9951035,0.0063548866,0.0014859007,0.0056778276,0.98921025,0.0037588563,0.0017872943,0.003553652,0.15904345,0.0057048253,0.002564564,0.0016934299,0.0097550815,0.0040208795,0.0058168154,0.0020216973,0.009182039,0.0045636916,0.005684079,0.0018747707,0.008745144,0.0047274535,0.0071125696,0.002026116,0.008836147,0.0054118717,0.004751101,0.0017073805,0.0066516623,0.0047894786,0.004770622,0.0016726546,0.0065718843,0.0049826596
4656,/home/jupyter/dent_outputs/isic2019_v2/melanoma/hairs/seed4656/lambda_t_star5/style.png,0.024735415,0.062581435,0.0017233216,0.0012218906,0.0016152937,0.027304431,0.90258086,0.021679172,0.020503398,0.03164815,0.56567216,0.013627994,0.004009006,0.005563698,0.94941956,0.007119534,0.010339565,0.0010274883,0.021065839,0.0023931284,0.0028873617,0.0008445148,0.018831756,0.00336796,0.0031118516,0.000815589,0.015369308,0.0031587204,0.0037279532,0.000945171,0.010781911,0.0037717207,0.0028021873,0.00082656555,0.008485107,0.0034962078,0.0028466699,0.0009089694,0.0082467375,0.0034647107
4367,/home/jupyter/dent_outputs/isic2019_v2/melanoma/hairs/seed4367/lambda_t_star5/style.png,0.001601639,0.029953036,0.003614105,0.007510446,0.0011878873,0.013111334,0.9905957,0.008162183,0.00083946827,0.008744235,0.9176833,0.013164812,0.00047496293,0.007523957,0.85042125,0.010771802,0.00054257317,0.006497097,0.38024732,0.009242041,0.0011583698,0.0058556953,0.5387081,0.01099254,0.0002956001,0.0008441266,0.013748404,0.002770652,0.00026166614,0.0006635006,0.014168396,0.0027962255,0.00019414446,0.00030380033,0.0079189185,0.001830562,0.00020076128,0.00042844893,0.0052787364,0.0014783519
4964,/home/jupyter/dent_outputs/isic2019_v2/melanoma/hairs/seed4964/lambda_t_star5/style.png,0.0034433163,0.017380493,0.0013091891,0.00051229086,0.0035575477,0.016152563,0.99730647,0.012526423,0.009002433,0.0032391222,0.8158175,0.0025629252,0.03292809,0.0020644749,0.52733153,0.0020154228,0.085448526,0.0031698837,0.08331621,0.004422,0.40431923,0.0026336922,0.024873868,0.0035425557,0.36634776,0.0030716383,0.016802236,0.003955635,0.0756351,0.0033243343,0.016108133,0.0047122533,0.03613785,0.0033902952,0.013910036,0.0058320235,0.040588804,0.003531039,0.013515578,0.006496694
4506,/home/jupyter/dent_outputs/isic2019_v2/melanoma/hairs/seed4506/lambda_t_star5/style.png,0.028856847,0.018025141,0.066800095,0.004818251,0.0012710013,0.015184664,0.97430664,0.027112331,0.0015167154,0.06085184,0.84371316,0.029263798,0.00650333,0.24729213,0.5879166,0.10620794,0.009834907,0.6076841,0.36040723,0.21527354,0.0113819195,0.16831928,0.42490652,0.18069132,0.005352613,0.14056726,0.5077206,0.12588799,0.000978112,0.04739931,0.093087554,0.027983988,0.00027754286,0.011224136,0.021789255,0.0069723413,0.00020722667,0.008028211,0.012051763,0.0040991115
4055,/home/jupyter/dent_outputs/isic2019_v2/melanoma/hairs/seed4055/lambda_t_star5/style.png,0.0032310993,0.029678062,0.23933616,0.008430426,0.007084944,0.0028969268,0.0024993739,0.010306656,0.007291324,0.0032939042,0.0016863452,0.006598793,0.0039957017,0.003489708,0.0016377915,0.0052196505,0.0034270461,0.004000143,0.0017601219,0.0047218637,0.009082441,0.0057123546,0.0019236536,0.005561372,0.014066008,0.011709867,0.0017628991,0.005523845,0.017112758,0.010936559,0.0014196147,0.004908104,0.025840435,0.00813835,0.0012545306,0.0050710067,0.030596169,0.0061549107,0.0012368101,0.005546978
4063,/home/jupyter/dent_outputs/isic2019_v2/melanoma/hairs/seed4063/lambda_t_star5/style.png,0.0017725949,0.08688113,0.21615945,0.009099704,0.0030107573,0.008093722,0.9983203,0.0039020607,0.0029428364,0.012314235,0.9979175,0.0027938385,0.0035950765,0.016029606,0.9977176,0.0042099967,0.0029143584,0.01356347,0.99709535,0.004042272,0.003149024,0.013854069,0.9970606,0.0038867726,0.007348428,0.0033286011,0.019017182,0.0018960699,0.005052536,0.0025881503,0.011278664,0.0014595593,0.004380552,0.0026006857,0.009934167,0.0014299585,0.0026319255,0.0026170537,0.00860091,0.0014180195
4499,/home/jupyter/dent_outputs/isic2019_v2/melanoma/hairs/seed4499/lambda_t_star5/style.png,0.0010110582,0.0011122312,0.002432552,0.0013385504,0.00027389944,0.0022097721,0.92320955,0.001317934,0.00036135348,0.0014670633,0.9717401,0.0020199614,0.0006275327,0.0022035409,0.7448774,0.0033794665,0.0012833109,0.002158916,0.5821299,0.0041710897,0.0008422004,0.001137411,0.009531736,0.0035909587,0.0010962313,0.0010003363,0.0075401226,0.003906068,0.00083299255,0.0008162973,0.005557167,0.0031634339,0.00095242215,0.00090876414,0.0058488436,0.0033668848,0.0008294812,0.00084651326,0.0050181467,0.0032268309
4781,/home/jupyter/dent_outputs/isic2019_v2/melanoma/hairs/seed4781/lambda_t_star5/style.png,0.0043478897,0.101280935,0.0100384755,0.004716325,0.00055911136,0.0040553915,0.9970675,0.0016128094,0.002685702,0.015750011,0.9996257,0.011701261,0.00058502983,0.0056809247,0.9975897,0.002606023,0.00070509635,0.005978057,0.9971867,0.0026617658,0.0009445952,0.005466534,0.9953306,0.0022761403,0.0012773795,0.008462234,0.8269072,0.005459347,0.0006104396,0.005308674,0.028542835,0.0021189728,0.00054301816,0.004064233,0.020527516,0.0017025961,0.00046474455,0.004899985,0.017345916,0.0016192811
4838,/home/jupyter/dent_outputs/isic2019_v2/melanoma/hairs/seed4838/lambda_t_star5/style.png,0.00089598313,0.009733273,0.017819013,0.0022943616,0.00034586777,0.0034521518,0.99032277,0.0027504745,0.0010111184,0.0052955383,0.96055263,0.0057554855,0.001255732,0.0030032163,0.0064896373,0.0022264768,0.0050946795,0.0047991555,0.005512509,0.0026066168,0.009191305,0.004860719,0.0042405617,0.0028907214,0.008805705,0.0038200787,0.003570177,0.0026045598,0.007831139,0.0033090648,0.003260873,0.002624511,0.011779952,0.0034589088,0.0031252245,0.0026568472,0.013694011,0.0032280723,0.002647053,0.00243033
4579,/home/jupyter/dent_outputs/isic2019_v2/melanoma/hairs/seed4579/lambda_t_star5/style.png,0.0023720507,0.97395873,0.009568609,0.0031074954,0.00036652613,0.0021562541,0.9800678,0.0015169291,0.0012744932,0.007896044,0.9109173,0.040518433,0.0023419277,0.011916274,0.81318444,0.061281573,0.0010213592,0.004235467,0.6954612,0.023209985,0.001422355,0.0030343912,0.45541817,0.016201261,0.0030694765,0.0031059536,0.28389993,0.012937633,0.0016602143,0.0024364614,0.18904097,0.010058041,0.0015851476,0.0029541138,0.20533419,0.01230417,0.0008792995,0.0026177806,0.16482382,0.012720427
4785,/home/jupyter/dent_outputs/isic2019_v2/melanoma/hairs/seed4785/lambda_t_star5/style.png,0.0018259586,0.004484717,0.039442673,0.002529501,0.0004328499,0.0052071395,0.9976077,0.0016027655,0.00085589493,0.0076753404,0.9845554,0.0026347972,0.001759261,0.012407561,0.7262581,0.0029719693,0.004890613,0.004621288,0.002886546,0.0023756078,0.008407852,0.005732572,0.003358986,0.0022460865,0.014066212,0.004488114,0.004020284,0.002339399,0.0052671214,0.004282631,0.0029140036,0.001993021,0.0055270833,0.004199308,0.0029340824,0.0019895772,0.0048981304,0.0040780725,0.003266128,0.002267857
4595,/home/jupyter/dent_outputs/isic2019_v2/melanoma/hairs/seed4595/lambda_t_star5/style.png,0.03834605,0.086447515,0.0043577347,0.0018178879,0.0012274571,0.0052802064,0.99553657,0.0032995872,0.000664687,0.0059726196,0.99420893,0.0022374261,0.0006363583,0.006811179,0.9936173,0.0033203994,0.0005296645,0.0059723877,0.9940223,0.0038065512,0.00068964274,0.006169258,0.95025676,0.006102607,0.0012142822,0.0047106077,0.51914936,0.009029703,0.0012405118,0.0020497143,0.29166144,0.0035016444,0.0006985269,0.001645473,0.02702011,0.0028934001,0.0007078292,0.0012888925,0.020397102,0.002202828
4449,/home/jupyter/dent_outputs/isic2019_v2/melanoma/hairs/seed4449/lambda_t_star5/style.png,0.0005864615,0.023096709,0.3502706,0.03952182,0.0020195453,0.0030507487,0.9984263,0.0056235655,0.004937463,0.002498024,0.99743986,0.0033261313,0.0016559046,0.0029673793,0.9868292,0.0063376664,0.002406612,0.0074342424,0.931826,0.009282692,0.002227015,0.008978574,0.6875349,0.010247209,0.0011504183,0.004096436,0.07487044,0.00738215,0.0008631002,0.003408382,0.040668026,0.0050951047,0.00092685496,0.0031509404,0.037060056,0.0044786856,0.0010348882,0.0033004312,0.027208915,0.0043660244
4179,/home/jupyter/dent_outputs/isic2019_v2/melanoma/hairs/seed4179/lambda_t_star5/style.png,0.001603354,0.13460428,0.006765543,0.0044260616,0.00039264173,0.00580423,0.99620074,0.0017259569,0.00028209644,0.0036783344,0.99722964,0.0013562925,0.00025896632,0.003583759,0.9969682,0.0013387449,0.00028762716,0.0037004326,0.9966689,0.0012160017,0.00013535716,0.0028664048,0.026945474,0.0013880889,0.00011639374,0.0036992007,0.021091554,0.0013847947,0.0001005315,0.0036769104,0.016687417,0.0012970484,8.4536994e-05,0.0027136689,0.009611228,0.0009325334,9.777488e-05,0.0023513732,0.011192259,0.0009759212
4346,/home/jupyter/dent_outputs/isic2019_v2/melanoma/hairs/seed4346/lambda_t_star5/style.png,0.00016347172,0.0022112213,0.03811242,0.0013478383,0.0005008727,0.0047952966,0.9972338,0.0022222712,0.00064383686,0.0049902587,0.9967836,0.0036801852,0.0015919541,0.00643849,0.98909634,0.00872698,0.009414604,0.004037071,0.030196559,0.0091946535,0.00646776,0.0034436847,0.024851058,0.008383655,0.0073614237,0.0034842754,0.017469997,0.008438557,0.004274336,0.0032237836,0.012552554,0.0060109133,0.0033990683,0.0037561345,0.010575437,0.0062816725,0.0023019812,0.0028846983,0.009875174,0.0053778756
4119,/home/jupyter/dent_outputs/isic2019_v2/melanoma/hairs/seed4119/lambda_t_star5/style.png,0.0072079347,0.028048491,0.10971544,0.010125975,0.0032369355,0.01397813,0.9991185,0.009476099,0.0018546688,0.006838111,0.99482673,0.0030006447,0.0012690013,0.005847346,0.993722,0.0035863807,0.0015516158,0.009245365,0.99215114,0.0052763135,0.0011428964,0.003521291,0.10367303,0.0057255784,0.0008252516,0.0029888419,0.077958375,0.0047465875,0.001045988,0.003891128,0.09945554,0.004979474,0.001452371,0.004984696,0.06585695,0.005299353,0.0013428433,0.004917832,0.04496154,0.0043642903
4211,/home/jupyter/dent_outputs/isic2019_v2/melanoma/hairs/seed4211/lambda_t_star5/style.png,0.00577786,0.05874798,0.0009815505,0.0010307388,0.0009672596,0.022852335,0.92929447,0.015865913,0.0033255985,0.12905794,0.42997766,0.006687483,0.014880327,0.0017943385,0.0017176945,0.0064773243,0.013822047,0.001400303,0.0012207045,0.0047044745,0.011605908,0.0019291495,0.0014008678,0.005438656,0.011231797,0.001654461,0.0010064101,0.0046386947,0.014205094,0.0017039427,0.0008986819,0.0044487193,0.016899355,0.001369156,0.0007640663,0.0042449054,0.02338169,0.0014396859,0.0006012388,0.0036736992
4232,/home/jupyter/dent_outputs/isic2019_v2/melanoma/hairs/seed4232/lambda_t_star5/style.png,0.58014977,0.00056201447,0.0004335848,0.0003218177,0.0047945436,0.020241234,0.9400727,0.17422543,0.03235358,0.045236625,0.9821842,0.15191008,0.030532807,0.04039392,0.9730117,0.20553313,0.010884053,0.056460265,0.8519766,0.063533805,0.010157108,0.006311556,0.093150735,0.012498913,0.015775934,0.009497692,0.049616527,0.00687773,0.09162682,0.007283976,0.014768733,0.004033717,0.12616874,0.010208664,0.0071449294,0.003897778,0.17753817,0.017840289,0.005393702,0.0044360827
4596,/home/jupyter/dent_outputs/isic2019_v2/melanoma/hairs/seed4596/lambda_t_star5/style.png,0.00047160257,0.004399559,0.025690285,0.0022174856,0.0013577156,0.009172634,0.99712914,0.0045344695,0.0074597322,0.005573124,0.23104668,0.03496029,0.0029487829,0.000978509,0.0345367,0.0053828033,0.009170991,0.0012453427,0.019732336,0.005540874,0.03450942,0.0019996737,0.012693943,0.0065607303,0.043398034,0.0028894367,0.0155357625,0.008130586,0.032779817,0.0031779262,0.019757167,0.008608801,0.029105844,0.0026048017,0.01584957,0.008478506,0.05085212,0.0026898996,0.012011611,0.009292205
4993,/home/jupyter/dent_outputs/isic2019_v2/melanoma/hairs/seed4993/lambda_t_star5/style.png,0.00037889087,0.020333698,0.008929591,0.0025849985,0.0010517922,0.05338472,0.9885909,0.00650037,0.0020123157,0.08251121,0.9568421,0.009902337,0.0020281987,0.0997601,0.85686755,0.008114843,0.0018215431,0.06284573,0.028147189,0.008057732,0.002890132,0.036672015,0.13304019,0.0067223334,0.00256783,0.02224528,0.100956656,0.0056365794,0.0017706039,0.008912681,0.0089376755,0.0034835797,0.00089086103,0.007807104,0.008089792,0.003177047,0.0006354159,0.0072023747,0.0067169094,0.0026616151
4853,/home/jupyter/dent_outputs/isic2019_v2/melanoma/hairs/seed4853/lambda_t_star5/style.png,0.00040837977,0.0024956213,0.0031813614,0.0008076252,0.00021412423,0.002193165,0.9821041,0.0014505672,0.00037723026,0.0025749698,0.9840666,0.0014692666,0.0018629611,0.002609892,0.99194616,0.0022297779,0.0006559332,0.0022125493,0.23204726,0.0031945643,0.0007173441,0.0013217335,0.17773329,0.002253722,0.002718065,0.00073666923,0.08348809,0.0014377875,0.00739005,0.00095146673,0.09393486,0.001917219,0.008575887,0.00089705124,0.072008975,0.0021280556,0.014202957,0.0010277462,0.067251526,0.0021885503
4965,/home/jupyter/dent_outputs/isic2019_v2/melanoma/hairs/seed4965/lambda_t_star5/style.png,0.082919255,0.020519042,0.001055732,0.0008744198,0.012695401,0.010206636,0.9943551,0.0050207973,0.0012143713,0.0034767997,0.9339545,0.0023174656,0.0015998686,0.004229382,0.91567373,0.002735849,0.030700024,0.009463964,0.18596761,0.008059551,0.09047262,0.0072778277,0.06799583,0.009037084,0.076222576,0.0039386814,0.034370866,0.007586796,0.03271241,0.0018113436,0.009824696,0.004505911,0.019520134,0.0013324001,0.0075093624,0.0037320058,0.0111857075,0.00083842146,0.0049006315,0.0028263195
4971,/home/jupyter/dent_outputs/isic2019_v2/melanoma/hairs/seed4971/lambda_t_star5/style.png,0.0010662453,0.0031821947,0.018848568,0.0023259027,0.00044561943,0.0051647215,0.99007404,0.0022137044,0.0016755203,0.0077469987,0.9920685,0.007195886,0.0009709505,0.00504171,0.99176085,0.004007445,0.00090137246,0.0013189021,0.038713757,0.0036232187,0.0020200105,0.0012610285,0.012252806,0.0024979278,0.0023874943,0.00066175417,0.0072855516,0.002151156,0.0019150021,0.00090795185,0.005153657,0.0020394672,0.0023598424,0.0007704565,0.004620329,0.0018808634,0.0026599586,0.00060429546,0.0040656133,0.0017819189
4660,/home/jupyter/dent_outputs/isic2019_v2/melanoma/hairs/seed4660/lambda_t_star5/style.png,0.013252515,0.010292128,0.008846359,0.0021884597,0.0009286074,0.005004962,0.98796844,0.0033222463,0.00081199943,0.010097333,0.006721082,0.0027150759,0.004289711,0.007114912,0.0027022413,0.0039369627,0.0033606503,0.0031498666,0.0010459074,0.0023487424,0.0016559203,0.004231889,0.0011446434,0.0023579157,0.0020648784,0.0052323425,0.0012104622,0.0025983786,0.0020885088,0.0056716693,0.001566909,0.0031977592,0.0012411146,0.002887179,0.001349638,0.002645261,0.0015596636,0.0020928802,0.0010679802,0.0022857364
4559,/home/jupyter/dent_outputs/isic2019_v2/melanoma/hairs/seed4559/lambda_t_star5/style.png,0.12541854,0.014687208,0.0055227606,0.003990669,0.2823472,0.628304,0.04647376,0.031159084,0.07145113,0.96765465,0.02284369,0.014110442,0.020294402,0.99393904,0.0028422866,0.00675696,0.3051476,0.42751393,0.020776358,0.02261072,0.06155884,0.14786431,0.024670845,0.057636708,0.24803591,0.36030918,0.16675094,0.2807366,0.29444194,0.41750187,0.22509277,0.37483323,0.21837376,0.3623841,0.16374171,0.3113517,0.19183777,0.38740516,0.15746346,0.30873415
4929,/home/jupyter/dent_outputs/isic2019_v2/melanoma/hairs/seed4929/lambda_t_star5/style.png,0.0087582115,0.01378646,0.003624753,0.0013853401,0.0012611103,0.0013220381,0.9957671,0.001304313,0.0008399772,0.0031516338,0.99732673,0.011789876,0.0008272242,0.0032794303,0.93225336,0.0037050906,0.001500477,0.008489962,0.4682992,0.0063495934,0.00077644543,0.0029975064,0.026586065,0.0036576767,0.00032525935,0.001367443,0.011159657,0.0023347384,0.00018962681,0.0012289843,0.00791131,0.0020680085,0.00018700049,0.0012926253,0.005961233,0.002127367,0.00019193465,0.0011215054,0.004709199,0.0020647617
4226,/home/jupyter/dent_outputs/isic2019_v2/melanoma/hairs/seed4226/lambda_t_star5/style.png,0.0010334448,0.02974681,0.04194963,0.0015182559,0.000757781,0.006882985,0.9988123,0.0024894197,0.00070372695,0.008385682,0.99790996,0.0018307021,0.00091414846,0.007450167,0.76828593,0.005535603,0.00074401934,0.008794525,0.8415115,0.0039381054,0.0006469104,0.0055088145,0.8978504,0.002471506,0.0015170923,0.0053136745,0.6378714,0.002800698,0.000806117,0.004196465,0.05890694,0.0035847872,0.00058529305,0.0027284306,0.030093752,0.0023316594,0.0005281906,0.002018958,0.019702023,0.0021176985
4562,/home/jupyter/dent_outputs/isic2019_v2/melanoma/hairs/seed4562/lambda_t_star5/style.png,0.0013582703,0.011347241,0.008284661,0.000930258,0.00336563,0.010633903,0.99905497,0.009538815,0.0009971344,0.0022465077,0.5994736,0.0039121895,0.0012359527,0.0011092119,0.17847608,0.0023459785,0.001551406,0.0010486151,0.16487275,0.0019150194,0.0012906963,0.0015326843,0.13369718,0.0022645064,0.0014488195,0.0013919796,0.16730312,0.0020054402,0.0016112447,0.0014634668,0.12312011,0.0022828097,0.0014117594,0.0013741859,0.11074314,0.0019837117,0.0015375444,0.0014422388,0.095596045,0.0020116158
4894,/home/jupyter/dent_outputs/isic2019_v2/melanoma/hairs/seed4894/lambda_t_star5/style.png,0.00033882383,0.010528739,0.018075723,0.0031181122,0.0015899348,0.00799002,0.9997011,0.004227119,0.0014495301,0.011025434,0.99954695,0.0050430833,0.002071762,0.01445433,0.99943465,0.007532226,0.0006366264,0.00454965,0.9940941,0.0022234132,0.0015990416,0.0036333308,0.99162817,0.0036942128,0.0002618054,0.00092081795,0.012812267,0.0008343979,0.00031484533,0.000831119,0.009840494,0.0011418097,0.00038232908,0.00069438096,0.007066103,0.0012194662,0.00042196145,0.00061726506,0.0064893425,0.0012391956
4749,/home/jupyter/dent_outputs/isic2019_v2/melanoma/hairs/seed4749/lambda_t_star5/style.png,0.0022816772,0.007959434,0.028482592,0.008503524,0.00027667708,0.0034150146,0.9954065,0.0015177116,0.00047134893,0.004650854,0.99692816,0.0016700736,0.0007895966,0.0052021644,0.99719185,0.0036702382,0.0005481035,0.004803984,0.019770173,0.0033806216,0.0012090736,0.0047106612,0.0064342846,0.0023879693,0.0013170231,0.0029733328,0.0037323337,0.0017017372,0.0015499272,0.002890558,0.00342882,0.0018176067,0.0014432053,0.0030334985,0.004301636,0.0022332934,0.0013787367,0.0032065941,0.0041122097,0.0024413979
4899,/home/jupyter/dent_outputs/isic2019_v2/melanoma/hairs/seed4899/lambda_t_star5/style.png,0.3599407,0.00044431534,0.00031185555,0.0001034843,0.00026747593,0.0019732183,0.9755586,0.004153113,0.0005690017,0.0011220564,0.070728585,0.004499785,0.0010395447,0.0009426842,0.036035668,0.00484446,0.001162132,0.0009016125,0.033295996,0.0050783907,0.00092361483,0.0007167615,0.027919365,0.0041720886,0.0006630581,0.00043075168,0.015016278,0.0025389835,0.00051007775,0.00025862508,0.008472298,0.0016630319,0.00053717475,0.00024927815,0.006849945,0.0015416846,0.0006450902,0.00024331357,0.0050139227,0.0015776821
4918,/home/jupyter/dent_outputs/isic2019_v2/melanoma/hairs/seed4918/lambda_t_star5/style.png,0.3921206,0.017881442,0.014411289,0.0048863515,0.0024720281,0.00469629,0.99190086,0.0032937292,0.0022466474,0.0042906967,0.98601055,0.0038741506,0.0034037705,0.0046947235,0.97490275,0.004586397,0.0054036723,0.016931493,0.99937135,0.05886507,0.014242555,0.0048413184,0.7401997,0.007178638,0.009081625,0.0026021048,0.02569552,0.0019192285,0.011390276,0.0014244689,0.0132138785,0.0009482477,0.009167132,0.0011960206,0.0039222143,0.0009768202,0.003862987,0.0011038044,0.0024513612,0.0008286601
4655,/home/jupyter/dent_outputs/isic2019_v2/melanoma/hairs/seed4655/lambda_t_star5/style.png,0.00042618508,0.0020543966,0.37468418,0.0018615307,0.0034720579,0.013505688,0.99662423,0.011323957,0.003908373,0.01117646,0.9903239,0.014817143,0.0031317337,0.007013522,0.97780687,0.011077054,0.0042917035,0.0071386914,0.9828357,0.010523304,0.0026406292,0.0057082423,0.9755686,0.0075944355,0.0021747611,0.004340177,0.9661204,0.0047748913,0.0018346886,0.0042161266,0.9405323,0.0045184325,0.0017086391,0.0051131444,0.91319096,0.004408669,0.0020827905,0.007867165,0.9041963,0.0049931146
4878,/home/jupyter/dent_outputs/isic2019_v2/melanoma/hairs/seed4878/lambda_t_star5/style.png,0.0010199371,0.0010544469,0.020509193,0.0019325265,0.0012221286,0.022305213,0.94101727,0.026949441,0.0011646193,0.017251289,0.9447014,0.016461736,0.0024063303,0.011585736,0.81449354,0.038372166,0.0014412454,0.012226818,0.6431216,0.034541693,0.00043792892,0.001435129,0.03605082,0.0062196567,0.00016895117,0.0006616066,0.009568695,0.0037106536,0.00011740857,0.00055420096,0.008760368,0.002811063,0.000117434436,0.0007117697,0.0062969667,0.002070617,8.554327e-05,0.0019481083,0.0040631024,0.0015181488
4349,/home/jupyter/dent_outputs/isic2019_v2/melanoma/hairs/seed4349/lambda_t_star5/style.png,0.0018175098,0.00872733,0.25241956,0.0052052527,0.008053435,0.010269247,0.995458,0.010512735,0.0047114794,0.009156596,0.9908443,0.016832544,0.0057050334,0.01347498,0.9952112,0.014071941,0.0027209306,0.0065058847,0.9704329,0.0072112796,0.0009884312,0.0037858367,0.37323156,0.0041363337,0.0008867444,0.0026846896,0.14294805,0.0034423347,0.00079318136,0.0017130343,0.043240577,0.0022901185,0.0009597176,0.0014379546,0.022324879,0.0020333717,0.0010019233,0.0018357674,0.012048852,0.001701077
4942,/home/jupyter/dent_outputs/isic2019_v2/melanoma/hairs/seed4942/lambda_t_star5/style.png,0.0015931338,0.010630547,0.1884969,0.023113528,0.0010903251,0.00784775,0.0081056245,0.0061151,0.0013753682,0.009965225,0.006965698,0.007842735,0.001927795,0.015978266,0.0056682094,0.008421494,0.0024836997,0.016728085,0.005234524,0.00854391,0.0021884441,0.015833654,0.0030446055,0.0054272288,0.0019193946,0.017248128,0.0025326696,0.0049918694,0.0017026172,0.015816899,0.0020515888,0.0043448233,0.0013287726,0.01344238,0.002237211,0.00423374,0.0011950043,0.011324298,0.0020804321,0.00421986
4885,/home/jupyter/dent_outputs/isic2019_v2/melanoma/hairs/seed4885/lambda_t_star5/style.png,0.00015125913,0.0009132057,0.027475232,0.0015829825,0.0014822339,0.0045826193,0.99705124,0.011996602,0.0010717185,0.0033895222,0.9961875,0.010250194,0.0011267129,0.0033685763,0.9949201,0.0038265518,0.0016678465,0.0032047888,0.89485407,0.031131374,0.0018827209,0.0010465971,0.115490906,0.0072614853,0.0020828648,0.0010145265,0.08065573,0.008097184,0.0015480542,0.0012480167,0.038173575,0.00576804,0.0036213533,0.0010987311,0.021509437,0.0035131455,0.0070569157,0.00077332335,0.011961753,0.002098055
4852,/home/jupyter/dent_outputs/isic2019_v2/melanoma/hairs/seed4852/lambda_t_star5/style.png,0.00014786469,0.010005151,0.035286605,0.0027462493,0.0018174535,0.0112509085,0.9982326,0.011271211,0.0024186831,0.0068876613,0.99498343,0.009557887,0.0024439795,0.0053671766,0.25209743,0.014423145,0.0031593014,0.0047698454,0.011672759,0.0059284973,0.0032149085,0.004132113,0.0126793105,0.0070402985,0.0025983898,0.004106597,0.0098780645,0.005743073,0.0031281225,0.0041537834,0.0098273875,0.0064223497,0.0021517498,0.0033034722,0.008155103,0.005130208,0.0016724794,0.0027827502,0.0063974434,0.0042900913
4484,/home/jupyter/dent_outputs/isic2019_v2/melanoma/hairs/seed4484/lambda_t_star5/style.png,0.9503228,0.018854981,0.08964468,0.025079714,0.00046717326,0.0013903374,0.99676055,0.0008894997,0.00030857566,0.0011568503,0.9875916,0.0010327194,0.00034439357,0.0009912003,0.9769949,0.0007249597,0.008586021,0.0012520828,0.0065489556,0.001330868,0.004386841,0.001315909,0.0047368254,0.0017415506,0.0036412578,0.00153193,0.004725132,0.0017743,0.0029023255,0.0012130585,0.0036108734,0.001616436,0.004615836,0.0010918836,0.0033554363,0.0016385737,0.0048856395,0.0007894457,0.0026211343,0.0013479448
4365,/home/jupyter/dent_outputs/isic2019_v2/melanoma/hairs/seed4365/lambda_t_star5/style.png,0.118416674,0.009346968,0.0021780834,0.0016409422,0.001182089,0.0131947035,0.98861325,0.01597304,0.0025330526,0.013264567,0.9774711,0.0081881,0.0012762552,0.003324601,0.92546874,0.0040986445,0.0026462057,0.005112228,0.74373513,0.006930649,0.0033429544,0.005031354,0.49909624,0.004653484,0.0061167604,0.0029531799,0.020170603,0.0017566475,0.006891657,0.0032066933,0.0051499787,0.0016406211,0.0059891837,0.0032170974,0.003240177,0.0013614277,0.0065140915,0.0026178914,0.002209319,0.0012499155
4321,/home/jupyter/dent_outputs/isic2019_v2/melanoma/hairs/seed4321/lambda_t_star5/style.png,0.024830982,0.008446413,0.0006998429,0.00035769588,0.0015957132,0.006037101,0.9969739,0.015544422,0.0008830068,0.007313325,0.9985469,0.008431953,0.0011022756,0.0075834394,0.9559325,0.004945383,0.0013159247,0.008624952,0.9003107,0.004236042,0.0011632257,0.0048380964,0.5726621,0.003227943,0.00270521,0.0026352333,0.059622824,0.0027909786,0.0066752266,0.0015823075,0.016894113,0.0028113022,0.0050685345,0.002186189,0.018487673,0.0034875814,0.0056819157,0.0019103079,0.015333005,0.0031151583
4262,/home/jupyter/dent_outputs/isic2019_v2/melanoma/hairs/seed4262/lambda_t_star5/style.png,0.0008191988,0.004575156,0.0044978927,0.0003256537,0.0017020394,0.007253693,0.9956304,0.003619678,0.00030424615,0.002572364,0.9938334,0.0015748274,0.0002563579,0.0024952213,0.99248546,0.0013730793,0.00038951976,0.004041466,0.98679745,0.0029346156,0.00056963146,0.0031512773,0.13642922,0.003923297,0.0005617997,0.003374862,0.08474432,0.003758464,0.00068402075,0.0032454655,0.066434175,0.0037637684,0.0007688126,0.004233772,0.046594065,0.0038450814,0.0006087521,0.0038236696,0.040711768,0.0033421095
4988,/home/jupyter/dent_outputs/isic2019_v2/melanoma/hairs/seed4988/lambda_t_star5/style.png,0.010318915,0.00131584,0.0056261923,0.0010601998,0.0014053053,0.0043179463,0.9868045,0.0013805038,0.0016395195,0.0051461547,0.97290605,0.0021385783,0.002598565,0.004630413,0.85320204,0.0024864564,0.01787528,0.0074469843,0.05474286,0.0072588497,0.15599059,0.0038790854,0.020184029,0.006381454,0.24350181,0.00486669,0.015947435,0.007060542,0.51851153,0.0069377217,0.015958102,0.011014428,0.42779568,0.0052528232,0.011940919,0.008367406,0.34620395,0.0043482077,0.009158655,0.0069766175
4568,/home/jupyter/dent_outputs/isic2019_v2/melanoma/hairs/seed4568/lambda_t_star5/style.png,0.0006777046,0.49806884,0.0018467586,0.0015439675,0.0024194415,0.019519463,0.9980363,0.02280619,0.0055851005,0.013118511,0.9947916,0.018177759,0.0007412434,0.0025423053,0.31742758,0.0027574582,0.00015846401,0.0022355788,0.015660994,0.0012480661,0.00023583524,0.0016757437,0.0072646076,0.0013325936,0.0007976734,0.0029180811,0.011301866,0.003825605,0.0014663084,0.003621116,0.008602764,0.004805265,0.0019459967,0.0037900996,0.01072767,0.0059002857,0.0017347117,0.003385583,0.008690976,0.005220237
4064,/home/jupyter/dent_outputs/isic2019_v2/melanoma/hairs/seed4064/lambda_t_star5/style.png,0.002118533,0.026552226,0.37337083,0.0062800087,0.00038713403,0.0049619228,0.99546695,0.0021081655,0.0004594887,0.006953136,0.9882686,0.002355446,0.0007926902,0.007437646,0.9894231,0.0031895754,0.0008174743,0.0021563924,0.028396381,0.0034505115,0.0012399441,0.0019659447,0.010847409,0.003919769,0.0012463091,0.0021551442,0.010206656,0.0033632847,0.0012748186,0.0028328463,0.01028951,0.004108934,0.0013168983,0.0029077623,0.008187576,0.004050658,0.0010254243,0.002719186,0.008114785,0.0038448956
4588,/home/jupyter/dent_outputs/isic2019_v2/melanoma/hairs/seed4588/lambda_t_star5/style.png,0.002541454,0.028361263,0.11399222,0.009615086,0.0028604837,0.0100343535,0.9981018,0.005949698,0.006323182,0.023428142,0.99963236,0.013236468,0.0005947191,0.008354214,0.13630348,0.006322373,0.002542065,0.0059928293,0.11084511,0.008072351,0.0050902804,0.00558073,0.05366145,0.007091142,0.010155805,0.005176549,0.0344735,0.006129793,0.028067712,0.0045202835,0.025462551,0.004868242,0.052281428,0.0042383918,0.021379007,0.0050016292,0.05205206,0.004302185,0.020473713,0.0044091023
4984,/home/jupyter/dent_outputs/isic2019_v2/melanoma/hairs/seed4984/lambda_t_star5/style.png,0.005832289,0.028143622,0.0048051807,0.007094359,0.00054647384,0.008441259,0.9973688,0.0070163854,0.000696289,0.0071658846,0.97689205,0.0040297937,0.0019762951,0.007146848,0.011734305,0.0021709383,0.002801577,0.004358281,0.0057612294,0.0021421593,0.003323527,0.005451149,0.0056585395,0.002677147,0.0035364123,0.005282724,0.004702477,0.0025277114,0.004959915,0.0064535574,0.0041136295,0.0027079398,0.0045772106,0.0048990576,0.0038462528,0.002559848,0.004632901,0.0038662327,0.0028966623,0.0020648856
4508,/home/jupyter/dent_outputs/isic2019_v2/melanoma/hairs/seed4508/lambda_t_star5/style.png,0.001192501,0.0063113556,0.12878962,0.004179824,0.006786637,0.008655789,0.87247556,0.007552243,0.016747812,0.0006057087,0.0032207891,0.0021223985,0.03958633,0.0018749367,0.0037092806,0.0044003655,0.023024948,0.00068722473,0.0024966649,0.0021913105,0.011770541,0.0009008367,0.0026434774,0.002693977,0.007817523,0.0009344403,0.0033835063,0.003012684,0.0049166093,0.00093565276,0.0031878266,0.0027860696,0.0045976397,0.00096682325,0.0035566504,0.002922773,0.004990436,0.0009580567,0.0030785687,0.0028769686
4832,/home/jupyter/dent_outputs/isic2019_v2/melanoma/hairs/seed4832/lambda_t_star5/style.png,0.06064799,0.0005283983,0.011658795,0.00018117383,0.0016235334,0.0037914591,0.9739136,0.0082666315,0.0019543206,0.0036078447,0.938817,0.01435083,0.0014923171,0.0021516678,0.07700224,0.005803179,0.011412727,0.0046860417,0.038877882,0.006785482,0.01331948,0.007054985,0.01229012,0.004460998,0.017488373,0.007136343,0.0032329164,0.0020476591,0.018198537,0.0065941056,0.0016880399,0.0015439912,0.036087334,0.006054422,0.0011007352,0.0014308323,0.031934235,0.0039529884,0.0007833358,0.0012996831
4137,/home/jupyter/dent_outputs/isic2019_v2/melanoma/hairs/seed4137/lambda_t_star5/style.png,0.013751534,0.093364015,0.004484845,0.001993774,0.009455595,0.06371941,0.91896284,0.07007038,0.0016460755,0.003375257,0.37572578,0.0037504667,0.0031214429,0.00088230835,0.72200364,0.0024369273,0.0044211564,0.001292727,0.70819825,0.0025879103,0.0039431006,0.0015644878,0.6960681,0.0025866649,0.002812784,0.001470845,0.5042429,0.002953479,0.0040086783,0.0013332005,0.40402314,0.002935507,0.005181227,0.0013562307,0.35827863,0.0031016646,0.0076511293,0.0011913753,0.30278242,0.002426885
4057,/home/jupyter/dent_outputs/isic2019_v2/melanoma/hairs/seed4057/lambda_t_star5/style.png,0.0056639267,0.11502263,0.46847337,0.12583847,0.0019227454,0.009014824,0.8075734,0.019014576,0.0049079526,0.022522192,0.62343514,0.0571413,0.004509328,0.013389139,0.4696736,0.024805661,0.003602814,0.0066459305,0.21106789,0.018476386,0.009000766,0.0062444545,0.28079894,0.026305288,0.02906586,0.0037526675,0.067712784,0.023470722,0.039904837,0.0028329971,0.014920401,0.017018437,0.03361014,0.0028008525,0.013339669,0.014321432,0.028180104,0.0023702448,0.009532548,0.011184821
4983,/home/jupyter/dent_outputs/isic2019_v2/melanoma/hairs/seed4983/lambda_t_star5/style.png,0.27243382,0.0013597186,0.0067410963,0.0018295585,0.0066971728,0.0190442,0.98760766,0.06720626,0.0029553347,0.038090654,0.90479404,0.0947194,0.008353372,0.03235712,0.09946466,0.0055373907,0.027310384,0.011585665,0.40957233,0.0062991986,0.7549203,0.0037466523,0.20039359,0.0050084325,0.80987865,0.0043757046,0.08648966,0.004677303,0.42956996,0.0058193114,0.014144832,0.0065591265,0.22074118,0.0074446225,0.007941604,0.0063894712,0.18984209,0.012335454,0.006269219,0.006600075
4020,/home/jupyter/dent_outputs/isic2019_v2/melanoma/hairs/seed4020/lambda_t_star5/style.png,0.0025526795,0.9954585,0.010790561,0.013278817,0.0004897418,0.008883875,0.9843232,0.0049051032,0.0013010243,0.013804179,0.9785315,0.008195619,0.0049891653,0.05304108,0.27046156,0.02672805,0.006736705,0.09235238,0.15478352,0.028710002,0.007664878,0.18505436,0.04294662,0.01693517,0.0116030695,0.1482489,0.02516077,0.01391232,0.009992755,0.11813732,0.015474235,0.011599215,0.011005943,0.11750338,0.0097359065,0.009301902,0.011744938,0.121581525,0.00828394,0.008513186
4614,/home/jupyter/dent_outputs/isic2019_v2/melanoma/hairs/seed4614/lambda_t_star5/style.png,0.021265361,0.00012630742,0.010425371,0.00027836434,0.0028210012,0.0341754,0.858523,0.3569471,0.0028706002,0.22017945,0.48169672,0.032440223,0.0017032122,0.08406602,0.4983666,0.090161934,0.002756732,0.04375461,0.44720477,0.026312517,0.0070197186,0.056212146,0.01027584,0.014399981,0.013899215,0.04447906,0.006048147,0.015994927,0.005794,0.0104967505,0.0034134244,0.008838503,0.0070963716,0.005731279,0.0027285211,0.009086652,0.009097813,0.005680332,0.0023860447,0.008005129
4319,/home/jupyter/dent_outputs/isic2019_v2/melanoma/hairs/seed4319/lambda_t_star5/style.png,0.00063233543,0.08468053,0.0542443,0.0050280965,0.029220589,0.01157697,0.9988003,0.007574488,0.0023238687,0.01070617,0.9982755,0.007068841,0.0026699656,0.0071091424,0.9960848,0.008028317,0.031768236,0.008362304,0.16413034,0.008012634,0.014942957,0.0014426888,0.021960407,0.0017422587,0.16720204,0.0009310823,0.010269378,0.0012000832,0.19605571,0.000931798,0.011162383,0.00139037,0.049731303,0.001599022,0.01646758,0.0022905357,0.029132038,0.0018012329,0.013529296,0.0023128453
4505,/home/jupyter/dent_outputs/isic2019_v2/melanoma/hairs/seed4505/lambda_t_star5/style.png,0.012864444,0.0115484465,0.0009174257,0.00030433896,0.0009677458,0.0034723745,0.9978126,0.0010092191,0.0006699025,0.0046216035,0.99843436,0.0012735067,0.0005095418,0.0056036958,0.99772877,0.0017712143,0.0024586176,0.0040704547,0.14843231,0.007636805,0.0025160892,0.004392451,0.10327829,0.0072745527,0.0027704292,0.0040068342,0.06924529,0.006210267,0.0035057766,0.0036069741,0.0511461,0.0060387095,0.0038587546,0.0034593265,0.03505973,0.006080386,0.002046763,0.0035251852,0.034871303,0.0044844
4236,/home/jupyter/dent_outputs/isic2019_v2/melanoma/hairs/seed4236/lambda_t_star5/style.png,0.0018250551,0.039183218,0.00043391783,0.0009459903,0.0018131367,0.002030127,0.85233414,0.003270701,0.00077317056,0.00041008124,0.3530083,0.001314461,0.0007289383,0.0002885957,0.03154092,0.0021196776,0.0027452856,0.0003703361,0.16409144,0.0017998085,0.0022708154,0.00027525233,0.02774113,0.0014915805,0.007539231,0.00020070351,0.002628437,0.0012262342,0.014470213,0.00021568479,0.0022004596,0.0011391736,0.016469581,0.00027901586,0.0025323876,0.0013285447,0.031705968,0.00031743856,0.0021535615,0.0013653056
4517,/home/jupyter/dent_outputs/isic2019_v2/melanoma/hairs/seed4517/lambda_t_star5/style.png,0.00012660585,0.0006846814,0.06316319,0.00074179075,0.0011273307,0.004822382,0.6733181,0.009448876,0.00024021925,0.004163183,0.218922,0.0025521938,3.5981368e-05,0.0010011275,0.013348652,0.0011535562,0.00011966326,0.0011387028,0.0058286684,0.0016436363,0.00028619845,0.0007868328,0.0009934708,0.0018508901,0.00022508945,0.0005445596,0.0005388619,0.0009132013,0.00052375626,0.0007814383,0.0009748046,0.0014066892,0.0007738276,0.0008348723,0.0011471792,0.0015936617,0.0007061828,0.0007118599,0.0006630616,0.0012796883
4457,/home/jupyter/dent_outputs/isic2019_v2/melanoma/hairs/seed4457/lambda_t_star5/style.png,0.00021052263,0.0061591594,0.015293408,0.0008734983,0.0009512596,0.0015910593,0.86948824,0.015990693,0.0002748236,0.00020152192,0.044076998,0.002829069,0.00036749322,0.00012886118,0.008884818,0.0019574687,0.0005159444,0.00012580724,0.0085407235,0.0021882327,0.0006734504,8.908288e-05,0.00490953,0.0014235697,0.0008624776,9.2119866e-05,0.0037880368,0.001494848,0.0009914147,0.00011295323,0.0035989743,0.0017056452,0.0010780165,0.00012861923,0.0033615653,0.0018688259,0.0013749995,0.00016620035,0.0034309146,0.0022221592
4172,/home/jupyter/dent_outputs/isic2019_v2/melanoma/hairs/seed4172/lambda_t_star5/style.png,0.0017097482,0.011970755,0.063339025,0.0037148886,0.00081259425,0.0046646153,0.98047936,0.003378516,0.0008192012,0.0024525777,0.9285636,0.0029595373,0.00041076515,0.0009870206,0.26852727,0.0028042598,0.0039790124,0.0012473697,0.24761927,0.0038979463,0.0030065961,0.001208924,0.19630381,0.0036788967,0.005140611,0.0011934385,0.09414337,0.0040193293,0.010762689,0.0018214147,0.020814555,0.0058075516,0.014518698,0.0017307162,0.016364135,0.0050938,0.019979162,0.0013466136,0.007345938,0.0037836668
4672,/home/jupyter/dent_outputs/isic2019_v2/melanoma/hairs/seed4672/lambda_t_star5/style.png,0.02745859,0.10683279,0.0034277728,0.0024734489,0.0015677038,0.019667577,0.9919409,0.040888235,0.0009883953,0.0074086543,0.97803456,0.0064754556,0.0022418,0.0030811075,0.7528917,0.009667819,0.0027889952,0.0014531119,0.5189982,0.005175918,0.0031229937,0.0017030482,0.19326521,0.0040437407,0.0021383334,0.0031079517,0.037844796,0.003217347,0.0022736944,0.0045452854,0.013371696,0.0027232869,0.003999919,0.0035397408,0.008188913,0.0026259664,0.0043067057,0.0024988984,0.0060199373,0.0022812528
4713,/home/jupyter/dent_outputs/isic2019_v2/melanoma/hairs/seed4713/lambda_t_star5/style.png,0.002818813,0.005656928,0.10898847,0.0035901347,0.00039145417,0.004665178,0.99944085,0.00817721,0.0002607248,0.0019407645,0.9925257,0.0019592983,0.00018694076,0.0026646294,0.99066144,0.0013615198,0.0002091982,0.0032237987,0.9881334,0.0024342313,0.00025581854,0.0028107772,0.98713905,0.002686595,0.00019175357,0.0032323876,0.07739356,0.0024740135,0.00037886357,0.003519873,0.057559807,0.003387815,0.0017663395,0.0029225424,0.054907303,0.0040775104,0.0016478647,0.0027986558,0.041257594,0.0041357623
4960,/home/jupyter/dent_outputs/isic2019_v2/melanoma/hairs/seed4960/lambda_t_star5/style.png,0.011838346,0.014007617,0.0005405598,0.0005925905,0.0011114496,0.010126401,0.9940876,0.006815897,0.00016689417,0.0024484186,0.9839842,0.00086787465,0.00013595283,0.0014229843,0.9867113,0.0008338233,0.00019404748,0.0016168717,0.9772067,0.0013222547,0.00023164866,0.0008482298,0.040921357,0.002496962,0.00020781768,0.00031396793,0.013865943,0.0007795674,0.00018846075,0.00019551638,0.007085769,0.00048748244,0.00022533642,0.00018380105,0.0038202945,0.0004399381,0.0002951197,0.00016475725,0.002489852,0.00042431187
4387,/home/jupyter/dent_outputs/isic2019_v2/melanoma/hairs/seed4387/lambda_t_star5/style.png,0.0108570475,0.03827474,0.004506343,0.0029421062,0.00064768275,0.003547867,0.9704161,0.017675012,0.0011196891,0.0044585993,0.98996556,0.022218864,0.00077139755,0.0044000773,0.9803098,0.022686923,0.0011199617,0.0066529512,0.9842039,0.027061436,0.000747198,0.0034244854,0.8742476,0.036242537,0.00034333713,0.002358893,0.62291473,0.021342643,0.0003096044,0.0018741891,0.41551945,0.009410611,0.00035683162,0.0021169318,0.37579453,0.0072531714,0.00042161043,0.0021552981,0.26144287,0.006638002
4730,/home/jupyter/dent_outputs/isic2019_v2/melanoma/hairs/seed4730/lambda_t_star5/style.png,0.0005989553,0.004842619,0.028745174,0.0023810193,0.0019090454,0.004614007,0.9764168,0.0063104467,0.001996826,0.003324761,0.5414806,0.004538785,0.0013745761,0.0014464359,0.022784306,0.0032276562,0.0016325457,0.0013987183,0.013215886,0.0027739687,0.002025447,0.0014741317,0.009949749,0.0028133376,0.0016076282,0.0014341057,0.007889953,0.0026820009,0.0013529267,0.001429175,0.0071875616,0.002602081,0.0011867196,0.0013089771,0.00745548,0.0023627293,0.0012139116,0.0013677444,0.0051701707,0.0021569303
4696,/home/jupyter/dent_outputs/isic2019_v2/melanoma/hairs/seed4696/lambda_t_star5/style.png,0.007783972,0.0010451901,0.018851422,0.0044187075,0.002792796,0.016631918,0.6344055,0.019098122,0.001536128,0.085558325,0.010301098,0.0074466313,0.018666336,0.9029234,0.0025938298,0.006339141,0.030343339,0.22855026,0.005007093,0.006385207,0.041075185,0.40058205,0.0033518537,0.004880248,0.026472298,0.39520088,0.0035325445,0.00579514,0.0147991665,0.42564437,0.002458746,0.004872103,0.012667878,0.34639433,0.0020219674,0.0042652786,0.012351004,0.38631728,0.0018952452,0.0045307926
4444,/home/jupyter/dent_outputs/isic2019_v2/melanoma/hairs/seed4444/lambda_t_star5/style.png,0.00025174016,0.053247284,0.07554792,0.007548413,0.06913526,0.0026387286,0.003321659,0.0061670425,0.009906694,0.005498333,0.0058562094,0.008992633,0.008538254,0.00393073,0.005571373,0.008010459,0.007520565,0.0033263227,0.0048084813,0.007394246,0.011113148,0.0028710875,0.005147255,0.008091062,0.0102596795,0.0027796202,0.004694583,0.006412674,0.01150136,0.0037707658,0.0044272635,0.007331393,0.013773448,0.0051456755,0.004387866,0.008474646,0.015907047,0.0038187418,0.0032396289,0.0065774247
4209,/home/jupyter/dent_outputs/isic2019_v2/melanoma/hairs/seed4209/lambda_t_star5/style.png,0.003593654,0.003929559,0.019314134,0.0026893676,0.0014251106,0.0044969707,0.9829679,0.007234822,0.0025289042,0.007857309,0.9905185,0.013021881,0.005697022,0.0071395673,0.78644025,0.0078124655,0.03551149,0.0025130862,0.95223826,0.002618275,0.06305721,0.0015311074,0.25675467,0.0028040388,0.075295374,0.0011842038,0.089163445,0.0022479135,0.09381372,0.0011917038,0.044495087,0.0026032436,0.0943369,0.0011133188,0.027959868,0.0025428482,0.07670804,0.0011619283,0.01948846,0.0028575815
4745,/home/jupyter/dent_outputs/isic2019_v2/melanoma/hairs/seed4745/lambda_t_star5/style.png,0.0006406295,0.36632085,0.00063497096,0.0019081405,0.0007642774,0.01079912,0.92870647,0.012738297,0.0002044722,0.0058949264,0.9960473,0.00075318315,0.00022345725,0.0058749667,0.9979753,0.0006826128,0.00033130104,0.006801131,0.99815243,0.0009679626,0.00025857205,0.010135314,0.05940649,0.0017296786,0.00023781708,0.011180102,0.058194745,0.0015900856,0.00022879902,0.012777315,0.051273555,0.0015242391,0.0002320408,0.013728742,0.0488236,0.0015712006,0.00018220305,0.012309942,0.050947424,0.0015246803
4220,/home/jupyter/dent_outputs/isic2019_v2/melanoma/hairs/seed4220/lambda_t_star5/style.png,0.001451977,0.0071833334,0.05032138,0.0026047,0.0013089492,0.007833536,0.9934348,0.00590645,0.00030057738,0.004105388,0.928674,0.003367371,0.0010895779,0.0056300433,0.90637565,0.0057718507,0.001553599,0.0023580773,0.025319971,0.006317609,0.0017539429,0.002714323,0.020535545,0.0077550807,0.0012713651,0.0025364077,0.018199356,0.0075209066,0.0008541584,0.0024014509,0.016786395,0.0064330534,0.0007447139,0.0021993313,0.014072046,0.005940832,0.00067839475,0.0020832384,0.0122179985,0.005758324
4255,/home/jupyter/dent_outputs/isic2019_v2/melanoma/hairs/seed4255/lambda_t_star5/style.png,0.007093086,0.76235235,0.0050571663,0.007860409,0.008431842,0.03706865,0.981689,0.03834072,0.006472609,0.038330693,0.9839585,0.027513828,0.007497005,0.046989914,0.95778954,0.24518894,0.003219311,0.01702898,0.8999502,0.014131479,0.0042621954,0.030291485,0.013541915,0.008602415,0.0033136397,0.021931939,0.0022813962,0.00502637,0.003734121,0.1249868,0.0012398486,0.004181499,0.0049289917,0.13106428,0.0014036435,0.005206344,0.0049427412,0.16016021,0.0014023153,0.005415733
4110,/home/jupyter/dent_outputs/isic2019_v2/melanoma/hairs/seed4110/lambda_t_star5/style.png,0.50458926,0.009954026,0.019203147,0.010205186,0.009441813,0.12868018,0.9815654,0.06905303,0.0009599385,0.0066988836,0.97361326,0.007635816,0.00041272474,0.0028148927,0.62476397,0.004771779,0.0017672494,0.0027842287,0.16583288,0.0147641115,0.0015523657,0.002610207,0.18599345,0.010143962,0.0011439028,0.0036135109,0.2525411,0.013904294,0.00079810066,0.0032888504,0.35932055,0.016428163,0.0005410206,0.0025008305,0.30765298,0.014145823,0.0005176557,0.001986368,0.16951732,0.01292372
4429,/home/jupyter/dent_outputs/isic2019_v2/melanoma/hairs/seed4429/lambda_t_star5/style.png,0.017312964,0.011564262,0.002341216,0.0030289795,0.0015435942,0.004444696,0.9198729,0.009525832,0.01530169,0.03515704,0.52713454,0.43387648,0.00089316897,0.010185217,0.007814827,0.00615918,0.0007134141,0.00071601395,0.00070476887,0.0037240258,0.001158514,0.0008601623,0.00083162327,0.0042603603,0.0013007902,0.0007788582,0.0006328407,0.0037258621,0.0018263491,0.0009811751,0.00063973654,0.0038004569,0.0032259002,0.0016299768,0.0009800564,0.005638948,0.003893437,0.0018205348,0.0011279017,0.0065438384
4536,/home/jupyter/dent_outputs/isic2019_v2/melanoma/hairs/seed4536/lambda_t_star5/style.png,0.001233939,0.31333095,0.0014971922,0.0007049812,0.00059757737,0.003757791,0.99710006,0.0018415712,0.0006852223,0.00381878,0.9978992,0.0017478241,0.0017087797,0.003937649,0.15492964,0.006749418,0.0005771506,0.0032289298,0.17561284,0.0043937773,0.00130579,0.0033959989,0.12342183,0.0069069215,0.018489435,0.004691525,0.050291616,0.010481962,0.29462835,0.0035326772,0.019006139,0.007192068,0.053519983,0.0038122584,0.010593574,0.004093149,0.042832654,0.003455311,0.00851045,0.002937023
4116,/home/jupyter/dent_outputs/isic2019_v2/melanoma/hairs/seed4116/lambda_t_star5/style.png,0.00086854066,0.003672931,0.48595917,0.0051207663,0.0010188057,0.0046837116,0.5850191,0.010279861,0.001364137,0.0025721241,0.21684359,0.008624366,0.0007151834,0.0013794453,0.6571854,0.0016827445,0.00064963446,0.0019149784,0.4304439,0.0018078354,0.0013056757,0.0030017747,0.3984574,0.0023642024,0.0013956367,0.0040726783,0.3876915,0.0031764915,0.0024532403,0.0062865946,0.18063432,0.0064117787,0.003284164,0.004775141,0.11782224,0.004658792,0.00477146,0.0067249,0.070773825,0.004712678
4892,/home/jupyter/dent_outputs/isic2019_v2/melanoma/hairs/seed4892/lambda_t_star5/style.png,0.023417044,0.010825835,0.0013185367,0.002358903,0.00077785505,0.0027559078,0.10786049,0.0051501156,0.00066323637,0.0018048176,0.11019997,0.0035394954,0.0005446917,0.0017781139,0.12764458,0.0024346982,0.0005743024,0.0016167024,0.07161756,0.002513066,0.00024065732,0.00084883097,0.024723094,0.0013188958,0.00019103983,0.0006325256,0.013819797,0.0010065502,0.00019604129,0.00050833385,0.007956923,0.0008789724,0.00025537552,0.00047497384,0.00659171,0.0008944362,0.00041394183,0.00059903035,0.0066930824,0.0011556437
4992,/home/jupyter/dent_outputs/isic2019_v2/melanoma/hairs/seed4992/lambda_t_star5/style.png,0.9239235,0.00057574187,0.0011056367,0.00024332262,0.001200799,0.0020858045,0.9516437,0.009968213,0.00077654567,0.0021643993,0.7414934,0.007829212,0.00048466193,0.0023353647,0.12168739,0.0035513295,0.00079613796,0.0054131085,0.04769499,0.0042119524,0.002423986,0.0144306775,0.06078557,0.00646708,0.002628368,0.016720297,0.026567008,0.00569213,0.0024423737,0.012316879,0.019446507,0.0040906933,0.0026373558,0.014924151,0.01020391,0.004518681,0.0048015337,0.018920869,0.0072551495,0.0060437745
4089,/home/jupyter/dent_outputs/isic2019_v2/melanoma/hairs/seed4089/lambda_t_star5/style.png,0.6297665,0.025885727,0.006150368,0.0015638884,0.0008278728,0.00069102104,0.8782266,0.0013594396,0.000694061,0.0005447058,0.38392618,0.0015519053,0.00058270147,0.0004802945,0.14661886,0.0016342339,0.0006191361,0.00052065373,0.07720015,0.002054988,0.0004841136,0.0004478347,0.043072086,0.0022847513,0.0004300751,0.00035787275,0.024690162,0.0016685161,0.0004373421,0.00032194686,0.01829542,0.0014575204,0.00051145314,0.00032452028,0.012905807,0.0014733662,0.00068181055,0.0002912748,0.009222379,0.0016314945
4814,/home/jupyter/dent_outputs/isic2019_v2/melanoma/hairs/seed4814/lambda_t_star5/style.png,0.0005710607,0.0005027039,0.0057908003,0.00086218084,0.0015762226,0.0052543483,0.99589133,0.0033780986,0.00044861913,0.0033677823,0.9963246,0.001473745,0.00062338624,0.0034905323,0.99393696,0.0015563428,0.003936237,0.011088745,0.99938774,0.0058019296,0.007995329,0.0038697456,0.030655054,0.008197887,0.009074149,0.0029722177,0.018628305,0.007814824,0.011517922,0.003951528,0.016915118,0.00926839,0.0057184384,0.004295536,0.015603843,0.007921271,0.0031579307,0.003606383,0.013522401,0.0059069847
4410,/home/jupyter/dent_outputs/isic2019_v2/melanoma/hairs/seed4410/lambda_t_star5/style.png,0.0016766789,0.014837622,0.225374,0.0033452143,0.00045177958,0.0038771417,0.98827934,0.0011639794,0.001256399,0.013510682,0.98820764,0.0027191278,0.0008499293,0.009382746,0.97906965,0.0021895533,0.00073946017,0.0043101506,0.032961383,0.0017483325,0.0018658271,0.006713036,0.021238582,0.0033437377,0.007756373,0.009335697,0.017012855,0.0070902626,0.007622931,0.008844458,0.013266308,0.007446314,0.008636817,0.010255119,0.013293288,0.0087207155,0.010427305,0.010728338,0.012057107,0.009511765
4845,/home/jupyter/dent_outputs/isic2019_v2/melanoma/hairs/seed4845/lambda_t_star5/style.png,0.24452095,0.0075139194,0.006739012,0.0020594676,0.004783058,0.0067788432,0.993618,0.014839984,0.0015406566,0.008883455,0.99809605,0.00695615,0.0025159412,0.009156833,0.9909849,0.008411291,0.001279469,0.0023707536,0.15188423,0.004329812,0.003090431,0.001886393,0.11758471,0.004199246,0.004022585,0.0013495004,0.03201203,0.0036845428,0.0070400424,0.0011669513,0.013711282,0.0023270948,0.00595666,0.0009910361,0.0035125779,0.0015536878,0.004583259,0.0009112266,0.002388685,0.0014404133
4862,/home/jupyter/dent_outputs/isic2019_v2/melanoma/hairs/seed4862/lambda_t_star5/style.png,0.00037135728,0.0297185,0.0009728395,0.00013006345,0.00060537,0.0009474832,0.30646732,0.005176782,0.0006000515,0.0010416489,0.015747815,0.005889647,0.0011169247,0.0027398146,0.015812393,0.009026577,0.0011589653,0.0027078371,0.012576685,0.0060270345,0.0018788978,0.0028145753,0.01606871,0.0059756753,0.0024054628,0.0030690988,0.012756929,0.006812121,0.0018608548,0.0022230588,0.008349298,0.0061652977,0.0014019923,0.0017978051,0.0069092023,0.005910702,0.0011334934,0.0017172995,0.0057755294,0.0057769557
4369,/home/jupyter/dent_outputs/isic2019_v2/melanoma/hairs/seed4369/lambda_t_star5/style.png,0.090875104,0.0338145,0.0013146957,0.0022902186,0.0012957292,0.0072625,0.9126124,0.0069955164,0.023046173,0.2675559,0.926526,0.04407875,0.007382499,0.14008296,0.9629291,0.03120187,0.0047547645,0.06734681,0.9764647,0.013802899,0.002229151,0.011367254,0.97097373,0.008220567,0.0022149202,0.0013121226,0.7771854,0.0052089333,0.0004479694,0.0007961664,0.0057052285,0.0024906904,0.00034695756,0.00061427784,0.0027606557,0.0017047696,0.00042194454,0.0005797684,0.0020971198,0.0013744399
4047,/home/jupyter/dent_outputs/isic2019_v2/melanoma/hairs/seed4047/lambda_t_star5/style.png,0.0031388393,0.0042653233,0.011669916,0.0029269154,0.00020052026,0.0023011565,0.8328282,0.0019465254,0.0005220758,0.0105503,0.97799414,0.0026535327,0.00067688996,0.009698254,0.9771568,0.0029650072,0.0005273575,0.003623668,0.0107247,0.0025232348,0.00086775183,0.0056089456,0.008474491,0.0029109393,0.0014941968,0.007814225,0.0075914427,0.0032994275,0.0016645874,0.0070550316,0.0057764496,0.003260194,0.0022931274,0.005994176,0.003946192,0.0029717246,0.002948211,0.0055737374,0.0029606924,0.0027575255
4615,/home/jupyter/dent_outputs/isic2019_v2/melanoma/hairs/seed4615/lambda_t_star5/style.png,0.0019801783,0.0005257986,0.013996326,0.0015942347,0.0004709382,0.004326259,0.9916437,0.0015037432,0.0003983752,0.0034974325,0.99201125,0.0011740644,0.00046478488,0.0035413406,0.989939,0.0012979537,0.0003909736,0.0029936812,0.98475665,0.0015060517,0.00048016128,0.0031518573,0.94962937,0.002387867,0.0030199643,0.0032426773,0.021447016,0.0035576273,0.003485224,0.0038310988,0.017951543,0.004115644,0.0029266481,0.0039751385,0.016429018,0.0041206484,0.0025335345,0.0037536265,0.016334979,0.0036359003
4448,/home/jupyter/dent_outputs/isic2019_v2/melanoma/hairs/seed4448/lambda_t_star5/style.png,0.0009193653,0.0011095654,0.0115892915,0.0014734925,0.0017628352,0.008968138,0.9423009,0.004816806,0.0026883115,0.0024578855,0.011535379,0.0032210557,0.0024963892,0.0018741443,0.008355205,0.0036707714,0.003418583,0.002063201,0.008063403,0.00410199,0.0034383785,0.0018523036,0.009028129,0.004048556,0.0037637188,0.0020005724,0.008190632,0.003969328,0.0046803053,0.002289966,0.0070761642,0.0045191785,0.004982121,0.002194263,0.0069038807,0.0050634462,0.004539558,0.0024221845,0.007129059,0.0052057044
4251,/home/jupyter/dent_outputs/isic2019_v2/melanoma/hairs/seed4251/lambda_t_star5/style.png,0.8620616,0.032361463,0.0021906975,0.0011852782,9.214516e-05,0.0035316045,0.9851871,0.0010166119,0.00033063558,0.0068359324,0.98281467,0.002913954,0.0025292616,0.005951176,0.88048625,0.007320737,0.002988947,0.0061505632,0.8694781,0.008895811,0.0034296738,0.0055840095,0.7062012,0.008554071,0.0034323644,0.0029020316,0.021255672,0.0043759705,0.0029123859,0.0022833254,0.01932631,0.004045581,0.0023740896,0.0020631577,0.015716495,0.003627022,0.0019557497,0.0020903938,0.01425033,0.0036309499
4684,/home/jupyter/dent_outputs/isic2019_v2/melanoma/hairs/seed4684/lambda_t_star5/style.png,0.0013986742,0.029074209,0.048697565,0.005748415,0.000291447,0.0039446647,0.96734256,0.0016044162,0.0004903252,0.0057008564,0.9200537,0.0012775997,0.0043730903,0.008149894,0.017723378,0.0027458703,0.003903171,0.004893245,0.012251814,0.002294927,0.00637201,0.003666296,0.004285444,0.004717321,0.008923684,0.0024820005,0.0038638443,0.0050044633,0.00715953,0.002451296,0.0027932408,0.0046473504,0.0074872402,0.0022908857,0.002006751,0.004356502,0.004788479,0.002099638,0.0015913903,0.0035020588
4070,/home/jupyter/dent_outputs/isic2019_v2/melanoma/hairs/seed4070/lambda_t_star5/style.png,0.16767627,0.0358466,8.8745765e-05,0.00017942306,0.0049166796,0.054982934,0.98371786,0.016071672,0.00272043,0.038412817,0.98805875,0.027637409,0.0048330985,0.016429733,0.99733424,0.003914582,0.003871538,0.027913064,0.9954039,0.008021963,0.0013676097,0.01971007,0.7843241,0.010962745,0.0009680732,0.030370472,0.61914223,0.0065219677,0.00056390645,0.010340564,0.51007634,0.0042368714,0.00047656224,0.009691198,0.32649305,0.0037771643,0.0004280625,0.008495833,0.28184754,0.0035052486
4871,/home/jupyter/dent_outputs/isic2019_v2/melanoma/hairs/seed4871/lambda_t_star5/style.png,0.00023709258,0.011207013,0.04244052,0.0019100587,0.0008484364,0.0071666855,0.99291795,0.001713695,0.0007768942,0.0030850144,0.5938692,0.0029085611,0.013348325,0.005609217,0.0057294886,0.016562277,0.01215713,0.005415456,0.00574572,0.016877258,0.014512953,0.005016626,0.00442573,0.013148852,0.028558232,0.006340751,0.004592176,0.014183516,0.0282039,0.0061474103,0.0049907155,0.016014721,0.023524592,0.006836939,0.005166633,0.01709921,0.02020268,0.006236535,0.0046715215,0.015518087
4642,/home/jupyter/dent_outputs/isic2019_v2/melanoma/hairs/seed4642/lambda_t_star5/style.png,0.0012198846,0.008572815,0.026683237,0.003691383,0.0010622451,0.005669002,0.9894908,0.0035428265,0.0015925696,0.010122262,0.9947095,0.0052413642,0.008374863,0.0150610665,0.97615916,0.008285452,0.019603016,0.008524109,0.016276132,0.009044488,0.015002215,0.009101717,0.012529354,0.009577878,0.023119016,0.012513134,0.011880748,0.010089663,0.022050356,0.01473847,0.010910666,0.009734059,0.017893866,0.014583853,0.009689022,0.009138154,0.011372378,0.012985503,0.008946609,0.008577311
4168,/home/jupyter/dent_outputs/isic2019_v2/melanoma/hairs/seed4168/lambda_t_star5/style.png,9.180827e-05,0.0026240728,0.060097072,0.003688324,0.0012027554,0.006902972,0.98957425,0.008587795,0.00042284915,0.0033909658,0.98265254,0.0061720717,0.00033583867,0.002731033,0.9541814,0.0037071928,0.00025753726,0.0013934599,0.8532042,0.00289623,0.0002429443,0.0012991787,0.08595066,0.0038642553,0.0005236836,0.0007612181,0.04497325,0.0032929056,0.0011857897,0.0007181078,0.031862102,0.003502222,0.001070796,0.00058206974,0.020816868,0.0031648853,0.0011068945,0.00049484655,0.019299796,0.0027958148
4481,/home/jupyter/dent_outputs/isic2019_v2/melanoma/hairs/seed4481/lambda_t_star5/style.png,0.0735357,0.007835292,0.0028207465,0.001922914,0.0043121586,0.010134128,0.99642146,0.006380535,0.011121709,0.016332412,0.99909425,0.015227277,0.008676986,0.016138406,0.9938719,0.014334119,0.0074344533,0.014772264,0.9878363,0.00909175,0.0054736906,0.017417774,0.9843035,0.009557932,0.0052057784,0.02137522,0.9020982,0.008638557,0.006307905,0.03557286,0.64631474,0.012829032,0.0067354,0.024530653,0.3206275,0.012251791,0.007285762,0.016497627,0.2044257,0.012234652
4277,/home/jupyter/dent_outputs/isic2019_v2/melanoma/hairs/seed4277/lambda_t_star5/style.png,0.0009343797,0.39178774,0.0042318106,0.0018800329,0.0021935042,0.0054749264,0.99252546,0.015396783,0.0017106582,0.0046619666,0.9158314,0.01224939,0.00066571025,0.0011147535,0.00980401,0.0020784826,0.0009828681,0.0013808274,0.006717492,0.0023630664,0.0014712443,0.0014843295,0.006623473,0.0028431625,0.001992118,0.0013179027,0.0062372265,0.0028161753,0.002852598,0.001079196,0.005696122,0.0030961302,0.0027966232,0.00089641643,0.005023433,0.0029077553,0.002170393,0.00089297415,0.0042808275,0.0026254898
4875,/home/jupyter/dent_outputs/isic2019_v2/melanoma/hairs/seed4875/lambda_t_star5/style.png,0.021221709,0.0047269263,0.00093384477,0.00045463737,0.00047553828,0.0011043446,0.9985293,0.0045876163,0.00015750849,0.0011505466,0.9953608,0.0017436991,0.00027857808,0.0017694893,0.98972136,0.0011635442,0.00020357482,0.0023897397,0.9503128,0.0027337968,0.0030284496,0.014029089,0.75410825,0.004907657,0.0044287667,0.009976927,0.24634954,0.0063714846,0.007648241,0.013850173,0.015039853,0.0027280943,0.0059028254,0.007874013,0.0038805448,0.0012115401,0.004531141,0.0054658568,0.0024810561,0.0009127089
4378,/home/jupyter/dent_outputs/isic2019_v2/melanoma/hairs/seed4378/lambda_t_star5/style.png,0.00044949082,0.0027433606,0.074968174,0.0028855815,0.0010055002,0.008920093,0.99794024,0.0029211182,0.00069087977,0.008907283,0.9978644,0.002433964,0.00045712458,0.007295481,0.99422413,0.0027022194,0.0007933359,0.010699783,0.987839,0.007328486,0.00035058428,0.0089137675,0.8070093,0.006734988,0.00048315286,0.0075921114,0.49175388,0.005798861,0.00021340842,0.004732558,0.05499969,0.0024550112,0.00017968536,0.0048030647,0.03378787,0.0018534828,0.00018353012,0.004409094,0.029758923,0.001604067
4558,/home/jupyter/dent_outputs/isic2019_v2/melanoma/hairs/seed4558/lambda_t_star5/style.png,0.0021472147,0.06940782,0.1151451,0.017801914,0.0056466265,0.042498805,0.9728943,0.46261188,0.05494451,0.0020273621,0.0034693335,0.0040389406,0.049539886,0.0018470557,0.003406699,0.003916933,0.041116074,0.00190385,0.003488357,0.004347933,0.019063026,0.0019040991,0.0028961308,0.0037492446,0.024215959,0.0024194045,0.0035592488,0.0047845677,0.028555982,0.0032637303,0.004184894,0.005937061,0.026399566,0.0026558028,0.0035361096,0.005302984,0.027534906,0.0025457588,0.0034632902,0.005614124
4851,/home/jupyter/dent_outputs/isic2019_v2/melanoma/hairs/seed4851/lambda_t_star5/style.png,0.0011506524,0.003508678,0.009514389,0.002937815,0.12784615,0.01310976,0.9936864,0.108789794,0.09754185,0.011672457,0.9902558,0.08385699,0.016673623,0.0039613685,0.09657038,0.03414042,0.046596915,0.004339863,0.05374992,0.030836625,0.55669546,0.0013719153,0.0100826165,0.006173326,0.68740994,0.001288858,0.0024840615,0.0032439462,0.7736798,0.0010358004,0.001776586,0.0027034148,0.883419,0.00083908206,0.0016796788,0.0021946703,0.8324824,0.0010966371,0.0018999993,0.0028008032
4661,/home/jupyter/dent_outputs/isic2019_v2/melanoma/hairs/seed4661/lambda_t_star5/style.png,0.0008316827,0.012282626,0.3308711,0.006332536,0.0039255223,0.15515594,0.9147579,0.03577513,0.0049787746,0.008275984,0.9967098,0.016554125,0.0060371924,0.0070265057,0.9959131,0.01477343,0.0017800719,0.0012787873,0.27922678,0.0035001938,0.0017484915,0.0007409648,0.044283733,0.0025654035,0.0036880018,0.0008827804,0.011150663,0.0035057883,0.008891066,0.0044532474,0.0070628314,0.0040338147,0.48597348,0.0049660066,0.0034082523,0.002316402,0.6028006,0.0047443486,0.0030819832,0.0023364082
4767,/home/jupyter/dent_outputs/isic2019_v2/melanoma/hairs/seed4767/lambda_t_star5/style.png,0.0018093393,0.047486678,0.08424668,0.004593406,0.0008842044,0.013985723,0.9687529,0.011270978,0.0010234397,0.009218176,0.3379044,0.0049158907,0.0008163689,0.0030564202,0.0607654,0.010374363,0.00042095102,0.0010729429,0.007530961,0.0048155673,0.00056233007,0.0010328242,0.0073060174,0.0030952473,0.0017818443,0.0012133423,0.0071648136,0.003961192,0.0038469436,0.0011811531,0.0062018246,0.0041940566,0.0036649846,0.001173569,0.0054773255,0.004396751,0.003947887,0.0012818017,0.0059198965,0.004615689
4491,/home/jupyter/dent_outputs/isic2019_v2/melanoma/hairs/seed4491/lambda_t_star5/style.png,0.20181386,0.0031202293,0.001508634,0.00040600475,0.0003068618,0.0015264316,0.17093237,0.0017473458,0.00086607336,0.013784159,0.086832866,0.009467867,0.001689873,0.024530169,0.22126697,0.015551071,0.0010632171,0.007644384,0.0600145,0.006883337,0.002146656,0.005788657,0.022940557,0.007545977,0.0026758919,0.006467898,0.008035437,0.004308099,0.0039350823,0.00873525,0.0040474795,0.003106878,0.005520174,0.0075797304,0.0044971113,0.0034479566,0.0070572263,0.008799348,0.004383691,0.0032800806
4111,/home/jupyter/dent_outputs/isic2019_v2/melanoma/hairs/seed4111/lambda_t_star5/style.png,0.058036204,0.0037292927,0.0039092493,0.0017507109,0.0018366727,0.010344259,0.9711179,0.09503327,0.00063982833,0.001375382,0.64619684,0.020899193,0.0006944097,0.0013329986,0.45332575,0.016512968,0.0005214693,0.001791402,0.40402663,0.008413852,0.0005384386,0.001512229,0.094123654,0.0021570236,0.0031055566,0.002872875,0.02048544,0.0012450715,0.008458411,0.002077205,0.014584203,0.0016104461,0.007533827,0.0017632185,0.008534787,0.0013372947,0.007768596,0.0025701222,0.0072255326,0.0014338599
4447,/home/jupyter/dent_outputs/isic2019_v2/melanoma/hairs/seed4447/lambda_t_star5/style.png,0.0049578655,0.016888117,0.0489409,0.0015565901,0.00032248168,0.00046073785,0.019733235,0.0013369776,0.0015112055,0.0004997687,0.034304313,0.0015489293,0.004359382,0.00048060017,0.0324064,0.0017610404,0.0055009276,0.00052813016,0.024230218,0.0021437327,0.0042241337,0.00055260875,0.022930631,0.0023642438,0.003359772,0.00056455744,0.02352016,0.0023821488,0.0028709946,0.00052083813,0.016921092,0.0020403925,0.002635104,0.00042730544,0.015602979,0.001877387,0.003332449,0.00045209948,0.0160968,0.002003626
4096,/home/jupyter/dent_outputs/isic2019_v2/melanoma/hairs/seed4096/lambda_t_star5/style.png,0.688121,0.005401269,0.0005320475,0.0009406974,0.00093666906,0.006773211,0.9509685,0.0046766726,0.001100977,0.0092696855,0.9468318,0.004856106,0.0010951082,0.010950097,0.91284716,0.0041460684,0.0037257702,0.014611082,0.010743166,0.0069357576,0.006638471,0.021274762,0.0128221605,0.011255503,0.009194844,0.02575454,0.010023474,0.011701553,0.013554905,0.030654753,0.0054495228,0.009795552,0.016046418,0.027205793,0.004680065,0.008933457,0.012459941,0.0222196,0.0045128013,0.0083573945
4109,/home/jupyter/dent_outputs/isic2019_v2/melanoma/hairs/seed4109/lambda_t_star5/style.png,0.010016502,0.0060674925,0.0043410873,0.0018239894,0.0004426292,0.0055740494,0.9882952,0.0023102742,0.00018070162,0.0024116703,0.9315973,0.0016137296,0.0007144119,0.0019773187,0.01609363,0.0017872584,0.0012752594,0.0029891746,0.013904418,0.0022739465,0.0015964145,0.0031106493,0.009848522,0.0021722368,0.002012379,0.0029861492,0.009240382,0.002303485,0.0020909403,0.0027672919,0.008481344,0.0022422331,0.0025957625,0.0030617544,0.009381469,0.0025156825,0.0021810078,0.0029759123,0.009119628,0.0023880159
4515,/home/jupyter/dent_outputs/isic2019_v2/melanoma/hairs/seed4515/lambda_t_star5/style.png,0.0049245125,0.0012034527,0.0025712897,0.0016555594,0.0012768613,0.010172811,0.970417,0.022329219,0.0018896196,0.0057288315,0.990444,0.004096671,0.0014156657,0.004089365,0.97942,0.0025200394,0.0024319366,0.0012188972,0.036082815,0.004239181,0.0034120379,0.0013765772,0.020330882,0.0064839306,0.002897037,0.001460354,0.008891166,0.007204169,0.003890213,0.0012446868,0.008287741,0.006279917,0.0033988354,0.0009301619,0.0058878493,0.0041398397,0.0031491795,0.0008034644,0.0036887603,0.0035819921
4389,/home/jupyter/dent_outputs/isic2019_v2/melanoma/hairs/seed4389/lambda_t_star5/style.png,0.035757292,0.025868477,0.0016243763,0.002344573,0.13355999,0.10148416,0.92460525,0.2500106,0.0006985402,0.09536341,0.015221408,0.0044518188,0.000903328,0.15384614,0.006346706,0.0043795328,0.0027458144,0.68751574,0.012257499,0.021201657,0.004213599,0.57339966,0.004275339,0.00860865,0.009595784,0.21794869,0.0024483837,0.009414919,0.007881683,0.17419524,0.0021412799,0.009605291,0.004422359,0.18401529,0.0013386754,0.00549218,0.0031378681,0.301606,0.0015415973,0.007022986
4646,/home/jupyter/dent_outputs/isic2019_v2/melanoma/hairs/seed4646/lambda_t_star5/style.png,0.00030501492,0.003949411,0.093817584,0.00080966525,0.0010681425,0.0095538935,0.9757721,0.008692303,0.0010015407,0.006028346,0.93283767,0.005642473,0.0045859246,0.0053202184,0.30575538,0.008662883,0.0013000625,0.0025329152,0.05064008,0.0034718106,0.0047793617,0.0028220292,0.024644881,0.0030134376,0.0022464443,0.0018098888,0.03087108,0.0032068826,0.0015245338,0.0010151564,0.021413052,0.0027575304,0.0013024545,0.0008347092,0.02220995,0.0024916348,0.0011941668,0.0007351356,0.017326973,0.0023426174
4909,/home/jupyter/dent_outputs/isic2019_v2/melanoma/hairs/seed4909/lambda_t_star5/style.png,0.061669216,0.010363304,0.001278939,0.0016602371,0.006109619,0.017500708,0.98923254,0.051652577,0.00042141596,0.0056462437,0.99832577,0.014859112,0.0003106413,0.00213179,0.2859675,0.0028908933,0.00056540663,0.0016276654,0.13262671,0.003819872,0.0031434873,0.0017772053,0.020852596,0.0037183154,0.0049827686,0.0024149558,0.011127494,0.004659394,0.013020232,0.0016137327,0.0051932023,0.0032959932,0.059481923,0.0012596167,0.004176191,0.0028788338,0.07457134,0.0010804748,0.002764957,0.002658331
4159,/home/jupyter/dent_outputs/isic2019_v2/melanoma/hairs/seed4159/lambda_t_star5/style.png,0.674657,0.0046627605,0.030454824,0.0017384174,0.0026856689,0.0060632583,0.80736774,0.0034679275,0.0016536635,0.00399948,0.8992816,0.0017588029,0.0027743012,0.0040154634,0.9422467,0.0028570027,0.0037491305,0.0032749884,0.94760597,0.0026543569,0.0036975734,0.0036356498,0.9475183,0.0027365931,0.0013454631,0.004678126,0.6611575,0.004028521,0.0012199809,0.006200957,0.13944964,0.006644489,0.0009786087,0.0050767795,0.038004287,0.006714887,0.0010876837,0.004075867,0.017772848,0.0057372847
4954,/home/jupyter/dent_outputs/isic2019_v2/melanoma/hairs/seed4954/lambda_t_star5/style.png,0.33580032,0.00093032233,0.00027685464,0.00027547602,0.0026423226,0.02095028,0.9961429,0.004051774,0.0040226765,0.02503948,0.99955815,0.008813604,0.0012338092,0.013586195,0.9915455,0.0032081448,0.0033654352,0.025193846,0.9980926,0.009903827,0.0039172266,0.010157717,0.70169747,0.0068407934,0.0036430224,0.006519067,0.09368396,0.0061626513,0.0011449254,0.016922742,0.0050819456,0.0033909238,0.0014017365,0.014400279,0.004517525,0.0029690585,0.0019810004,0.020910665,0.0041351933,0.00326131
4445,/home/jupyter/dent_outputs/isic2019_v2/melanoma/hairs/seed4445/lambda_t_star5/style.png,0.07857116,0.008671484,0.00034623742,0.0004945613,0.0002517123,0.0024950195,0.9902355,0.0007653583,0.00023220923,0.0032914272,0.9880888,0.00092268776,0.0001969541,0.0036902293,0.9896087,0.0007666065,0.00032131735,0.0045618634,0.98265636,0.0013361584,0.000835716,0.0014404914,0.016229413,0.0014671435,0.00452465,0.004531664,0.006278456,0.0048908214,0.019890796,0.0027690227,0.0021019452,0.0027882287,0.039918397,0.0022366543,0.001715663,0.0024632649,0.007860295,0.0025280998,0.0016762057,0.002362464
4441,/home/jupyter/dent_outputs/isic2019_v2/melanoma/hairs/seed4441/lambda_t_star5/style.png,0.27502975,0.03635034,0.00084993086,0.0014359854,0.001300408,0.00509481,0.9930413,0.0038175462,0.00065908337,0.0055808835,0.9912095,0.002284484,0.0006720687,0.011555927,0.9908568,0.0029927962,0.0010340824,0.018328927,0.9907906,0.0037790432,0.005249122,0.028217562,0.95290786,0.012588237,0.0015651272,0.008150811,0.037983213,0.002481977,0.0015953492,0.007092673,0.033270996,0.002600812,0.0029371616,0.008610857,0.04103962,0.0033942224,0.0021366724,0.007659363,0.024650665,0.0027364253
4200,/home/jupyter/dent_outputs/isic2019_v2/melanoma/hairs/seed4200/lambda_t_star5/style.png,0.0011683227,0.0015771782,0.0031647286,0.00021291069,0.0007984719,0.00475305,0.8377801,0.0049735075,0.0037795745,0.027705006,0.96915466,0.013347541,0.0057792,0.028364027,0.9215134,0.011013487,0.007216611,0.045787275,0.01882495,0.006917815,0.015544852,0.031240612,0.007922624,0.0071397703,0.019529745,0.035301488,0.008181256,0.008460486,0.025850164,0.034214675,0.007862778,0.008618734,0.03355584,0.035967324,0.006378891,0.007582435,0.031157063,0.025317395,0.0052309004,0.0066114236
4667,/home/jupyter/dent_outputs/isic2019_v2/melanoma/hairs/seed4667/lambda_t_star5/style.png,0.0015525396,0.0025407472,0.15226594,0.0012432802,0.0020329047,0.013737584,0.88925433,0.021785652,0.0016902777,0.006285984,0.93066794,0.012330234,0.0021763241,0.008878591,0.9684017,0.049833316,0.00086167373,0.0030885423,0.8809678,0.014834484,0.013063737,0.0012990099,0.41178876,0.009230526,0.009848513,0.0005071452,0.0153672835,0.0025144913,0.0015320195,0.00026571372,0.0030154323,0.0013525544,0.00020633746,0.0002581459,0.0026985453,0.0009266126,0.00030866542,0.00031795556,0.0023490686,0.0010954875
4539,/home/jupyter/dent_outputs/isic2019_v2/melanoma/hairs/seed4539/lambda_t_star5/style.png,0.56076175,0.005434886,0.008788171,0.0021318295,0.0010595603,0.0044596153,0.9921788,0.0077173947,0.00031533948,0.0016042908,0.91736865,0.0045423326,0.00010607688,0.00046349497,0.034334816,0.0005976281,0.00020301211,0.00045865032,0.02008116,0.0008040434,0.0002558378,0.00026926087,0.022342313,0.0010960376,0.00048220306,0.00030384117,0.020687625,0.0014533014,0.00087803067,0.0003598687,0.018425772,0.0017397999,0.0028238008,0.00028822367,0.013150207,0.0013791536,0.002559888,0.00023332042,0.010197468,0.0012450069
4664,/home/jupyter/dent_outputs/isic2019_v2/melanoma/hairs/seed4664/lambda_t_star5/style.png,0.15040906,0.037157096,0.0018002617,0.00061151397,0.0013427091,0.0067396117,0.9974152,0.006838924,0.0014816003,0.0012905169,0.86251235,0.0055569457,0.002719566,0.0011296183,0.5912673,0.0052446723,0.0033088885,0.0008757543,0.3366768,0.004960197,0.0024074547,0.00063332065,0.2806028,0.0032405143,0.0023968027,0.0005949329,0.18493468,0.0032087988,0.001856534,0.00067447685,0.14908832,0.0030937598,0.0018163812,0.00070203125,0.117058635,0.0032554837,0.0017336681,0.0006399671,0.11328398,0.0026617416
4458,/home/jupyter/dent_outputs/isic2019_v2/melanoma/hairs/seed4458/lambda_t_star5/style.png,0.7391909,0.023902453,0.0015702719,0.0008931072,0.0014453798,0.02206418,0.8634522,0.18911853,0.0012743002,0.019671278,0.8231898,0.046229795,0.0046650763,0.007196909,0.38792026,0.026073761,0.0033023546,0.0005752345,0.002599642,0.009168933,0.003324943,0.0005997024,0.0026438974,0.008866974,0.0029926214,0.0005717924,0.0023029135,0.007923944,0.0021585606,0.00030145468,0.0010896735,0.003973485,0.002216938,0.0004990484,0.00135543,0.0044923006,0.0021430934,0.0005562243,0.0016090884,0.0052917246
4421,/home/jupyter/dent_outputs/isic2019_v2/melanoma/hairs/seed4421/lambda_t_star5/style.png,0.0042759744,0.013407507,0.0031714872,0.0010007422,0.0026677141,0.021247085,0.9920586,0.045736413,0.0006267644,0.0009467161,0.8701101,0.0012281459,0.0005790019,0.0013093125,0.9329975,0.002599438,0.0008681969,0.0049990886,0.51480484,0.0033296375,0.00088036794,0.019023076,0.061288122,0.002233546,0.0013024923,0.007634887,0.015288226,0.0023073656,0.0019223968,0.008179859,0.008654211,0.002346143,0.002246515,0.008401513,0.009409136,0.003985969,0.001672196,0.0061934954,0.006638106,0.0034030168
4676,/home/jupyter/dent_outputs/isic2019_v2/melanoma/hairs/seed4676/lambda_t_star5/style.png,0.00023133193,0.008397438,0.011776072,0.0015971786,0.0007998739,0.0052813236,0.9848667,0.0045797015,0.00044736723,0.0042045848,0.9955065,0.0014655867,0.00036249796,0.0038595924,0.99347335,0.0015846429,0.0008840481,0.008931633,0.9972345,0.00873324,0.0013525118,0.007262417,0.27526695,0.007884472,0.0017256999,0.0053881463,0.069522634,0.014287164,0.0014088436,0.012377331,0.029252263,0.009718728,0.001629924,0.0040555703,0.010823696,0.004585857,0.0015009523,0.0041357274,0.008936611,0.0040878793
4014,/home/jupyter/dent_outputs/isic2019_v2/melanoma/hairs/seed4014/lambda_t_star5/style.png,0.006835903,0.009925378,0.07778375,0.0022973684,0.0030709172,0.00032458684,0.046465658,0.0021036463,0.00048355767,0.00032673968,0.033707406,0.0009711453,0.0005975438,0.00055126066,0.048834585,0.0015272057,0.0014627333,0.00030129953,0.028931158,0.0012386804,0.0019161444,0.00023144862,0.012401574,0.0010093821,0.0032361615,0.00018452643,0.007146473,0.0008385473,0.0028387154,0.00019807446,0.005633264,0.0009273041,0.0017990901,0.00022199728,0.0037891206,0.00086963334,0.0018347184,0.00024293966,0.0029902135,0.000888303
4509,/home/jupyter/dent_outputs/isic2019_v2/melanoma/hairs/seed4509/lambda_t_star5/style.png,0.004158589,0.09445086,0.0011367368,0.0016694408,0.0005715447,0.005706235,0.99645597,0.0010748027,0.00046248428,0.0059265224,0.98815733,0.0016930373,0.00043728462,0.0063960045,0.9918051,0.0027028748,0.0013922508,0.0023123545,0.013922691,0.0040215063,0.0019007755,0.002747515,0.009323952,0.004954989,0.002107645,0.002369246,0.006794191,0.0046235537,0.0026907069,0.001541187,0.0053576645,0.0040339334,0.0025392673,0.0011818464,0.0047769197,0.0037270677,0.001937967,0.0010894014,0.004484008,0.0036813114
4991,/home/jupyter/dent_outputs/isic2019_v2/melanoma/hairs/seed4991/lambda_t_star5/style.png,0.069994174,0.0013946746,0.008477055,0.001851158,0.0010219958,0.0012554587,0.9456444,0.001968239,0.0011305232,0.0016905199,0.81047565,0.0014827972,0.0016292298,0.00165765,0.6431482,0.0038519297,0.0026410888,0.002295683,0.5594727,0.006948792,0.00057367183,0.001378933,0.012197315,0.004960534,0.0006783427,0.0015871812,0.012281185,0.005501144,0.0006362291,0.0019005338,0.013352879,0.0061046374,0.00045896493,0.0015925273,0.011323546,0.0047381944,0.00051170326,0.0016485065,0.010602495,0.004780371
4705,/home/jupyter/dent_outputs/isic2019_v2/melanoma/hairs/seed4705/lambda_t_star5/style.png,0.3701605,0.003853465,0.002816999,0.0013739014,0.0085090175,0.009482635,0.99362767,0.019949352,0.0005647498,0.003972217,0.9868924,0.016775915,0.0014806513,0.0030631577,0.84435415,0.011458087,0.0024486075,0.0017174705,0.14644268,0.011783871,0.010844059,0.0010433194,0.00901704,0.0061451322,0.002849854,0.0007737923,0.004889381,0.0035568431,0.0029977614,0.00067369535,0.0030348415,0.0027672274,0.0020429972,0.00068101235,0.0027440703,0.0026548742,0.0024399117,0.0005930838,0.0023358848,0.0025290858
4876,/home/jupyter/dent_outputs/isic2019_v2/melanoma/hairs/seed4876/lambda_t_star5/style.png,0.0028243433,0.0019331789,0.15857124,0.0029921604,0.009667966,0.00719327,0.99123794,0.007429097,0.00037318427,0.00044388924,0.6866029,0.0019628652,0.00030488175,0.00021372773,0.21477745,0.0013252338,0.00019494283,0.00016463554,0.13573083,0.0008714458,0.00036149594,0.00021649676,0.18886459,0.0012158139,0.00055917184,0.00021566424,0.1417391,0.0011984936,0.00044936597,0.00035357405,0.19099766,0.002810324,0.0014053643,0.00021774384,0.10881987,0.0014214694,0.0122776115,0.00017964904,0.05661374,0.0010066547
4327,/home/jupyter/dent_outputs/isic2019_v2/melanoma/hairs/seed4327/lambda_t_star5/style.png,0.001327748,0.0066013006,0.27305773,0.0031495404,0.004721308,0.019793354,0.9855797,0.010091335,0.0013914806,0.022633625,0.9923145,0.0056184726,0.0010769018,0.02258569,0.9879248,0.004523166,0.0019341992,0.023540204,0.97476995,0.007881795,0.0007788749,0.010224027,0.6068156,0.00661428,0.00052997126,0.008064211,0.34797463,0.004080827,0.0004157959,0.006321759,0.2649353,0.0028757064,0.00040061472,0.0063190963,0.19846304,0.0025853466,0.00032156892,0.005859683,0.1614182,0.0022348533
4901,/home/jupyter/dent_outputs/isic2019_v2/melanoma/hairs/seed4901/lambda_t_star5/style.png,0.005560873,0.08009367,0.00094703736,0.0004983385,0.004141812,0.013258883,0.98440474,0.020941142,0.00071817107,0.003006329,0.78432953,0.003749686,0.0012819946,0.0036209351,0.54187936,0.002926935,0.0012597158,0.0040636635,0.25889772,0.0023634187,0.002754907,0.0042356583,0.055765893,0.0025915338,0.005731157,0.004740154,0.032313533,0.00407215,0.005732961,0.005427741,0.023844227,0.0047604,0.0059192902,0.0068023074,0.026888484,0.0062831193,0.006992128,0.007257093,0.028422607,0.006475056
4474,/home/jupyter/dent_outputs/isic2019_v2/melanoma/hairs/seed4474/lambda_t_star5/style.png,0.002655762,0.08292707,0.00025564423,0.00051305763,0.011845399,0.036889512,0.8100084,0.9988971,0.011817184,0.119731404,0.8824224,0.13804592,0.00032020087,0.050091594,0.012258366,0.0018153277,0.0009219707,0.075102046,0.02135421,0.005204063,0.0016630414,0.026794551,0.021071956,0.0078025362,0.006512138,0.0037419985,0.0020585046,0.0012936046,0.010467441,0.0009939924,0.0010999553,0.00059013447,0.011638242,0.00088787684,0.0011785289,0.0008453799,0.0133606335,0.00069650175,0.00079873414,0.00063448877
4259,/home/jupyter/dent_outputs/isic2019_v2/melanoma/hairs/seed4259/lambda_t_star5/style.png,0.004055447,0.030144176,0.21885507,0.0016562971,0.0017514642,0.010843983,0.94948083,0.0033998482,0.0012292922,0.0019477783,0.0020462964,0.0029004565,0.00021762864,0.0011522527,0.03490283,0.0012557069,0.00015372824,0.0010034776,0.03550133,0.0016656545,0.00021580307,0.00085805764,0.034447104,0.0019220804,0.0002467574,0.0007330638,0.027897686,0.0017159473,0.00035745624,0.00071802974,0.026458245,0.0017923325,0.0004211208,0.00060566026,0.017973859,0.0015808874,0.0005958303,0.0006168284,0.013187262,0.0015732672
4206,/home/jupyter/dent_outputs/isic2019_v2/melanoma/hairs/seed4206/lambda_t_star5/style.png,0.0012712071,0.029808717,0.0762811,0.004436639,0.011440266,0.008322355,0.7336242,0.0034014485,0.0012289779,0.052451648,0.98754543,0.0092578,0.0030677612,0.29212213,0.990646,0.010222868,0.0004978067,0.064244546,0.094153054,0.0020353815,0.003654283,0.044089027,0.017217893,0.0021105693,0.014716184,0.045594525,0.01190417,0.0022606796,0.047839124,0.057548486,0.005361523,0.002178984,0.0532056,0.046455897,0.0039784433,0.0023202468,0.10075517,0.037870735,0.0033940305,0.0021860495
4752,/home/jupyter/dent_outputs/isic2019_v2/melanoma/hairs/seed4752/lambda_t_star5/style.png,0.0009440037,0.016860219,0.000754863,0.00025356485,0.002522788,0.018829646,0.97180444,0.016041923,0.0004571747,0.0037813203,0.9583084,0.01577945,0.00053394673,0.0022220989,0.9796229,0.0077530676,0.00024700598,0.0010107225,0.9827308,0.0045720385,0.00015430775,0.0004032447,0.32082292,0.0011412243,0.00014175683,0.0004147166,0.03357065,0.000870139,0.0001379762,0.00032906389,0.016328888,0.00073979003,0.00014697811,0.0004185989,0.009994289,0.0009975211,0.000113887676,0.00044626577,0.005252833,0.0009080358
4797,/home/jupyter/dent_outputs/isic2019_v2/melanoma/hairs/seed4797/lambda_t_star5/style.png,0.0006263751,0.24543417,0.0022527152,0.002840313,0.0022332165,0.009421267,0.9749017,0.016332757,0.0012221449,0.010826167,0.9684923,0.019221148,0.0006112267,0.00843979,0.9852821,0.03402374,0.0004901787,0.019177316,0.18504436,0.012996644,0.00079789315,0.042680807,0.12232554,0.009080064,0.0004896384,0.03157848,0.040784325,0.0051460937,0.0005122269,0.008418405,0.024140306,0.0035405566,0.0004688348,0.0064357272,0.014256729,0.0030353062,0.00040654113,0.0050523677,0.010797114,0.0028977215
4171,/home/jupyter/dent_outputs/isic2019_v2/melanoma/hairs/seed4171/lambda_t_star5/style.png,0.0047324235,0.14655915,0.0056413095,0.009148367,0.0018238532,0.044243008,0.5606863,0.023391997,0.004265094,0.33405638,0.025582165,0.016151713,0.0058910074,0.060636945,0.024244634,0.013181281,0.00869278,0.0423059,0.02560235,0.0116411755,0.010952881,0.018231377,0.01232339,0.008472099,0.0039319433,0.018768441,0.0033428164,0.00539293,0.0014727622,0.022690823,0.0012492221,0.00339822,0.0008836114,0.01927021,0.00075281464,0.002739166,0.0011386144,0.01857812,0.000643195,0.0026173075
4403,/home/jupyter/dent_outputs/isic2019_v2/melanoma/hairs/seed4403/lambda_t_star5/style.png,0.0017008891,0.03150465,0.088736475,0.0014167178,0.0008944379,0.009347417,0.95631796,0.0046210135,0.0002898965,0.0032188932,0.9905578,0.0010536917,0.0003955601,0.003472995,0.9899705,0.0010740596,0.0006764289,0.004628938,0.96633005,0.0022796222,0.000820258,0.0028559135,0.036945313,0.0027296294,0.011158179,0.001232975,0.0058236415,0.0026526004,0.03523195,0.0015174053,0.005571127,0.003450805,0.050193716,0.0017906409,0.0060342113,0.004020534,0.06774387,0.0018086169,0.005165503,0.0035793772
4630,/home/jupyter/dent_outputs/isic2019_v2/melanoma/hairs/seed4630/lambda_t_star5/style.png,0.054364692,0.009460504,0.063247226,0.0042982185,0.0059025455,0.0054364745,0.99603796,0.0030471976,0.0013614277,0.0053881463,0.9966002,0.008024168,0.0020113564,0.0064563253,0.9982054,0.00869841,0.0014348883,0.01705824,0.7682105,0.010765376,0.0007312242,0.016913652,0.12786362,0.006599124,0.00068639254,0.01704678,0.08323695,0.0046754475,0.00052642013,0.013228156,0.035998818,0.0028447541,0.0006229892,0.014569641,0.030694574,0.0026949558,0.00079375185,0.013160587,0.024353039,0.0025222856
4985,/home/jupyter/dent_outputs/isic2019_v2/melanoma/hairs/seed4985/lambda_t_star5/style.png,0.013160197,0.009005407,0.0010172025,0.0013086692,0.0022544188,0.021376029,0.9990023,0.21141551,0.00014984612,0.0014029398,0.07306687,0.005274902,0.0012110065,0.0033190064,0.14074375,0.0038431045,0.0009620848,0.0029928174,0.13528547,0.0024635554,0.0015385564,0.0033841627,0.04750752,0.0027902937,0.0005360066,0.0020027063,0.040302396,0.0027443995,0.0004626155,0.0027066232,0.033598546,0.003118456,0.00069903233,0.0017310022,0.016396008,0.0030779324,0.0018696062,0.0011309303,0.011808117,0.0022891099
4415,/home/jupyter/dent_outputs/isic2019_v2/melanoma/hairs/seed4415/lambda_t_star5/style.png,0.00035909828,0.0047952104,0.011587232,0.0011986512,0.00061614683,0.0037782553,0.99030626,0.0016167355,0.0028574509,0.014463361,0.99961567,0.0072766566,0.0014237216,0.0059994967,0.9961035,0.0032999858,0.0014369135,0.006513042,0.9932681,0.0035834524,0.0020235905,0.008210955,0.9908199,0.0041019293,0.0009139747,0.005178003,0.59755546,0.0027075536,0.001003405,0.0054928344,0.5989805,0.0038848843,0.0010647182,0.005279646,0.75673586,0.004135213,0.0014106239,0.0055122897,0.71831983,0.004382913
4284,/home/jupyter/dent_outputs/isic2019_v2/melanoma/hairs/seed4284/lambda_t_star5/style.png,0.013307567,0.04602441,0.005205169,0.004169223,0.0013446888,0.003511482,0.24711443,0.0064574936,0.000683746,0.004198933,0.33846492,0.0072972137,0.0011430837,0.0052495254,0.53799367,0.006587802,0.003501265,0.0065633473,0.7329957,0.010028339,0.010364376,0.0055831703,0.55547243,0.007024184,0.010142875,0.0077345762,0.181365,0.0064125713,0.023449328,0.013296934,0.14116615,0.0058951494,0.020540113,0.011611954,0.112937145,0.0056835082,0.035532296,0.010110119,0.08744185,0.0055986526
4979,/home/jupyter/dent_outputs/isic2019_v2/melanoma/hairs/seed4979/lambda_t_star5/style.png,0.43201065,0.0005150641,0.00021936966,0.00017233887,0.0032303527,0.009971997,0.9666198,0.109284215,0.0011988978,0.041355878,0.9443571,0.0023830612,0.0125699965,0.004583973,0.005828972,0.0028260467,0.066050805,0.0045275483,0.0033380315,0.0028310055,0.0100222435,0.004036325,0.0026845732,0.002279338,0.014503702,0.004859792,0.0022627069,0.0021860683,0.037884273,0.015169967,0.0024117085,0.0023240645,0.026259566,0.01605632,0.0017303275,0.0019859143,0.02290627,0.013188367,0.0016861397,0.0020009095
4956,/home/jupyter/dent_outputs/isic2019_v2/melanoma/hairs/seed4956/lambda_t_star5/style.png,0.0046138274,0.009213095,0.010422469,0.008636074,0.0004552614,0.001252715,0.013385183,0.0030642587,0.0006735223,0.0013533694,0.008988988,0.003771554,0.0012733816,0.0014382633,0.0065347496,0.0042178086,0.0010565484,0.0011748754,0.00438772,0.0034240496,0.001220264,0.0012990655,0.004322697,0.0034724374,0.0014457129,0.0014578007,0.0047598192,0.0041079195,0.0013765659,0.0014662223,0.0043893326,0.004079116,0.0015424232,0.0017054457,0.0044964436,0.0049254866,0.0014437599,0.001539205,0.0039393287,0.0046243044
4649,/home/jupyter/dent_outputs/isic2019_v2/melanoma/hairs/seed4649/lambda_t_star5/style.png,0.00042663387,0.00239116,0.04419474,0.002000724,0.00012332023,0.0020144791,0.9905669,0.00090433,0.00018742963,0.003816261,0.99450016,0.0012031909,0.00013610782,0.0028823717,0.99480224,0.0011241758,0.0001261401,0.0028574807,0.99183196,0.0016835682,0.00015099485,0.0034355284,0.06925994,0.0016130937,0.0001768419,0.003492271,0.054643154,0.0016018372,0.00018329525,0.0029368375,0.05235996,0.0015757454,0.00017872709,0.002603621,0.057477634,0.0015103897,0.00020061014,0.0029803584,0.06270036,0.0017686681
4128,/home/jupyter/dent_outputs/isic2019_v2/melanoma/hairs/seed4128/lambda_t_star5/style.png,0.010274923,0.020483369,0.00052114704,0.0003660212,0.0006253876,0.0063552787,0.9840947,0.015190134,0.0015829073,0.013851593,0.9883513,0.027026292,0.0011749654,0.0021441458,0.051077,0.0034633807,0.0016686758,0.0020063024,0.022301028,0.0030697219,0.0018059416,0.0018447208,0.014332152,0.0028617408,0.002303093,0.0018538259,0.013808942,0.002876523,0.0019753878,0.0017788361,0.009783109,0.0026007548,0.0019390677,0.0016410046,0.00747007,0.0024140703,0.0024133069,0.0015026189,0.005853925,0.002219827
4455,/home/jupyter/dent_outputs/isic2019_v2/melanoma/hairs/seed4455/lambda_t_star5/style.png,0.00040918504,0.008850717,0.18242125,0.0025705292,0.00065802643,0.0045614373,0.99886143,0.0012736091,0.001005845,0.005638245,0.998417,0.002502575,0.00076046726,0.005556471,0.9967187,0.0025585236,0.00023196361,0.0016225267,0.10084865,0.0013071438,0.00033812557,0.0032853086,0.07535223,0.00203286,0.0003797095,0.0035797018,0.029845744,0.0023900557,0.00016084491,0.0016716659,0.008659257,0.0010524683,0.00015129217,0.0016326708,0.0085892975,0.0010856801,0.00016390516,0.0018958035,0.006407991,0.00095487625
4282,/home/jupyter/dent_outputs/isic2019_v2/melanoma/hairs/seed4282/lambda_t_star5/style.png,0.7654163,0.0026678347,0.0011712506,0.0012256545,0.0017418598,0.00844096,0.9682294,0.18057653,0.0037720255,0.022057856,0.97902316,0.19299497,0.0029600915,0.016572354,0.5401648,0.0970312,0.0038986318,0.021492306,0.54129815,0.09309567,0.0015108774,0.0034246028,0.109023824,0.021852711,0.0061695767,0.0051989257,0.057874642,0.016705384,0.010612578,0.0044453647,0.017303443,0.004316423,0.009531304,0.004457228,0.009784616,0.005065066,0.011146803,0.0044200625,0.006893655,0.004930737
4176,/home/jupyter/dent_outputs/isic2019_v2/melanoma/hairs/seed4176/lambda_t_star5/style.png,0.020523448,0.001702699,0.0012489692,0.0022072163,0.002198556,0.008834774,0.9924287,0.0123256175,0.0031075752,0.021073038,0.98835284,0.053279817,0.0015746391,0.010021265,0.5494631,0.007804973,0.0005819447,0.00621933,0.027403131,0.0027787532,0.00010285191,0.0026202092,0.011604376,0.0017686532,7.5125674e-05,0.0039473283,0.0065683615,0.002258927,8.613747e-05,0.0035739562,0.005028251,0.0020326898,0.00012262756,0.003537249,0.0035486394,0.0022867469,0.00011012306,0.00288917,0.0032202965,0.0020367806
4907,/home/jupyter/dent_outputs/isic2019_v2/melanoma/hairs/seed4907/lambda_t_star5/style.png,0.0009274375,0.17873919,0.044780657,0.006018781,0.0004689052,0.0033804448,0.987715,0.0040156525,0.0010425235,0.005271728,0.9893644,0.00558088,0.0024260357,0.0020918646,0.010982705,0.0030434697,0.003214728,0.0028534418,0.0034025155,0.0037233583,0.004329487,0.0051745456,0.0042491504,0.004460786,0.005143916,0.007933579,0.0037972212,0.004891676,0.0066723065,0.00863712,0.003756331,0.0057403944,0.0046581333,0.007043467,0.0034093473,0.005137683,0.0053816903,0.008316919,0.0033611562,0.006083326
4008,/home/jupyter/dent_outputs/isic2019_v2/melanoma/hairs/seed4008/lambda_t_star5/style.png,0.0025180276,0.0046922085,0.008658336,0.001651522,0.0013744045,0.014354164,0.99743867,0.0031054562,0.00032397066,0.005057135,0.9943679,0.0010696861,0.00036983742,0.0043620816,0.9923447,0.00086909364,0.0006590575,0.0046547344,0.9960802,0.0017271568,0.0008675506,0.004979127,0.9949955,0.0025340468,0.0018949592,0.011128083,0.9419005,0.0075162877,0.0020273968,0.0030668133,0.0732102,0.002461351,0.0006556995,0.0030210586,0.05800827,0.002305951,0.00062592153,0.0024897845,0.04298239,0.002016837
4023,/home/jupyter/dent_outputs/isic2019_v2/melanoma/hairs/seed4023/lambda_t_star5/style.png,0.70008546,0.49421182,0.0028443323,0.0039640227,0.000856717,0.009169831,0.96884537,0.015876407,0.0039656647,0.011258337,0.35368747,0.0088149365,0.0051257443,0.018365437,0.39936578,0.043443486,0.0047906456,0.0055087777,0.23511411,0.004159304,0.08593931,0.0072995117,0.17636883,0.014965666,0.0056207664,0.034941986,0.052156657,0.021514034,0.0027698837,0.08777662,0.019938275,0.013651172,0.001825698,0.16645959,0.01372465,0.012338768,0.0023122963,0.16398522,0.009699138,0.010506021
4191,/home/jupyter/dent_outputs/isic2019_v2/melanoma/hairs/seed4191/lambda_t_star5/style.png,0.001369962,0.018615197,0.035503455,0.0041566347,0.0006928242,0.0012155483,0.98386246,0.00058066816,0.00027649326,0.0008263682,0.9935296,0.000324524,0.00026776272,0.0013493816,0.9914336,0.0005756371,0.00037420992,0.0020098458,0.99131936,0.0007087691,0.00079379266,0.0017987322,0.90749484,0.0014645584,0.0055705192,0.01077424,0.030562988,0.016910926,0.0043286155,0.008878657,0.023152515,0.0135096405,0.0049469434,0.0079268,0.02052807,0.011863894,0.0040412275,0.0060436795,0.014354777,0.009345484
4651,/home/jupyter/dent_outputs/isic2019_v2/melanoma/hairs/seed4651/lambda_t_star5/style.png,0.0008877047,0.00086031354,0.026369935,0.0015923483,0.00067789253,0.0015886244,0.22510679,0.0028583084,0.00043433558,0.0009956948,0.07101509,0.0021984472,0.00064627005,0.0015608973,0.058275487,0.002868375,0.0007251598,0.0017569354,0.050277237,0.003555861,0.0007248917,0.0010903566,0.03094408,0.003337289,0.00081285875,0.0015651182,0.026234884,0.004025452,0.00080273737,0.0016300644,0.016930714,0.0034172789,0.0008475617,0.0013913614,0.01324216,0.0027807849,0.00077409943,0.0012031507,0.011978992,0.0026851797
4995,/home/jupyter/dent_outputs/isic2019_v2/melanoma/hairs/seed4995/lambda_t_star5/style.png,0.009605025,0.0013701877,0.004085184,0.002560061,0.0011568161,0.004441378,0.90299505,0.005970392,0.0035081927,0.0026501743,0.8005117,0.0047074608,0.01119502,0.0026839592,0.4993691,0.005026107,0.00574025,0.0018550042,0.05622522,0.008465888,0.028502442,0.00065827195,0.005938583,0.0032425788,0.038170174,0.00059322116,0.0062224274,0.0031775997,0.0069720037,0.0014253447,0.007430971,0.007924213,0.001737667,0.0012649791,0.0056540584,0.005853137,0.0016633881,0.0012952109,0.0053629526,0.005727859
4229,/home/jupyter/dent_outputs/isic2019_v2/melanoma/hairs/seed4229/lambda_t_star5/style.png,0.1661527,0.019535102,0.0038726123,0.0031644774,0.0025907021,0.021225011,0.8610081,0.038989108,0.0056680725,0.036599144,0.39987224,0.034540325,0.004203565,0.011059918,0.004127185,0.0055080145,0.0034973095,0.02373142,0.0043017156,0.0036958912,0.010209513,0.011666683,0.007599146,0.0099686785,0.016015677,0.014456104,0.010234735,0.018541327,0.01538445,0.013268081,0.010310621,0.019848207,0.0067383824,0.009149071,0.006291923,0.013680048,0.008214695,0.005795931,0.003796825,0.011205999
4613,/home/jupyter/dent_outputs/isic2019_v2/melanoma/hairs/seed4613/lambda_t_star5/style.png,0.97244203,0.00030917051,0.00030889062,0.00036146026,0.0012606257,0.0050047743,0.9893951,0.023554238,0.000637683,0.004462546,0.9752505,0.0054905214,0.0046707946,0.0039781434,0.25336796,0.005924898,0.055115663,0.002127291,0.019070858,0.0040647327,0.05527511,0.0018704624,0.0071612797,0.0028007498,0.07536941,0.0024515127,0.00659859,0.0033682205,0.10924214,0.0024002162,0.0054829996,0.0037113326,0.20391111,0.002261011,0.005170806,0.003645554,0.18846218,0.0021845812,0.004515002,0.003622606
4689,/home/jupyter/dent_outputs/isic2019_v2/melanoma/hairs/seed4689/lambda_t_star5/style.png,0.00037212134,0.019523265,0.07180725,0.0015719391,0.0006171274,0.0029243908,0.8636593,0.004179925,0.0008947845,0.0015036918,0.026521664,0.0045761573,0.0008897896,0.0010002343,0.018253608,0.0039732414,0.0009917383,0.0009917293,0.017532919,0.0037715666,0.0008393971,0.0008786282,0.014473839,0.0031069722,0.0008213229,0.0008042825,0.011790571,0.0027114516,0.0012190534,0.00094230846,0.011401962,0.0033528348,0.0012780319,0.00075381674,0.011695632,0.0030979705,0.0012866381,0.00071737386,0.009595218,0.0031274566
4076,/home/jupyter/dent_outputs/isic2019_v2/melanoma/hairs/seed4076/lambda_t_star5/style.png,0.005261698,0.0019480889,0.04237972,0.0015659619,0.00025480616,0.0025827766,0.9877291,0.0011087708,0.00029037616,0.002755643,0.9694799,0.0012062679,0.0005108426,0.0036070407,0.9139576,0.0017110899,0.0009618024,0.0037054815,0.88382906,0.001766241,0.0009481108,0.0031537425,0.68779606,0.0018656213,0.006761391,0.007305208,0.9291564,0.0038140572,0.005618467,0.0032995965,0.15213922,0.0035636465,0.005969859,0.002370476,0.051484406,0.0034697144,0.00421754,0.001639642,0.006548915,0.0024484047
4155,/home/jupyter/dent_outputs/isic2019_v2/melanoma/hairs/seed4155/lambda_t_star5/style.png,0.0043003536,0.0009200694,0.0045985016,0.0013578397,0.0007673936,0.004630327,0.9936354,0.002671894,0.00061998726,0.0028695124,0.9460855,0.0030155485,0.00024952332,0.00058599643,0.17404863,0.0009299186,0.0003016197,0.00035290848,0.0526631,0.00094336126,0.00029388483,0.00035963667,0.033963572,0.0009981366,0.0002867961,0.00033865173,0.020098343,0.0010190032,0.00037881787,0.0003399644,0.014595528,0.0010888214,0.00042696972,0.0003025064,0.009323964,0.0010936741,0.0005657007,0.00030510215,0.008296391,0.001099749
4496,/home/jupyter/dent_outputs/isic2019_v2/melanoma/hairs/seed4496/lambda_t_star5/style.png,0.018241135,0.016468802,0.00025248167,0.00056799635,0.0011481358,0.0017584948,0.9795147,0.00090917596,0.0015923823,0.0030084779,0.99204224,0.001796906,0.0016578267,0.008958332,0.49530813,0.007480464,0.0015221839,0.010127978,0.26046553,0.0064856973,0.0074624266,0.005080138,0.057863433,0.0045167017,0.043241918,0.0024633245,0.043128558,0.0031022707,0.068185806,0.002451577,0.028995808,0.003170833,0.05515478,0.0028143008,0.023186786,0.003881627,0.04120405,0.0031267165,0.021204298,0.0038161632
4834,/home/jupyter/dent_outputs/isic2019_v2/melanoma/hairs/seed4834/lambda_t_star5/style.png,0.1706959,0.010653265,0.012781118,0.0029162627,0.0019045669,0.002970017,0.9868924,0.005102088,0.0017514067,0.0031713785,0.63347244,0.0068814894,0.0009825194,0.0029507915,0.25631636,0.0063222866,0.0030149636,0.0041051134,0.06689279,0.012784247,0.0027044972,0.004273574,0.03992756,0.011551114,0.0013424085,0.001946985,0.01605989,0.00505785,0.0013868846,0.0018615013,0.011775341,0.004353167,0.0016162775,0.0014372551,0.010440557,0.004367192,0.0015514577,0.0010762567,0.007833821,0.003832338
4249,/home/jupyter/dent_outputs/isic2019_v2/melanoma/hairs/seed4249/lambda_t_star5/style.png,0.0011749839,0.05126366,0.016225036,0.0020663724,0.0028750394,0.010430384,0.99741346,0.008644329,0.0044245557,0.031552397,0.9913599,0.015532015,0.0019724062,0.011424293,0.90836084,0.009200715,0.0023196794,0.012576608,0.07860464,0.005780679,0.0017192693,0.009358206,0.02965808,0.0039102593,0.0020581922,0.012229599,0.023398764,0.0040851897,0.002004947,0.010857519,0.020755563,0.0035907745,0.001708465,0.010330215,0.016276415,0.0034017651,0.0016138479,0.01020758,0.012858994,0.0029917932
4678,/home/jupyter/dent_outputs/isic2019_v2/melanoma/hairs/seed4678/lambda_t_star5/style.png,0.0030285246,0.00839653,0.02624563,0.0033489987,0.002391261,0.0139845265,0.9982943,0.0042719445,0.05590021,0.036274225,0.9813307,0.018980758,0.2933037,0.0018292196,0.008053709,0.0024847232,0.3551704,0.0020818282,0.004813191,0.0027577549,0.02530822,0.003355181,0.0038204892,0.0038672022,0.020173252,0.0029564658,0.0035228208,0.0036341492,0.025183389,0.0030917018,0.0031254576,0.0038905682,0.023635156,0.00313076,0.003019819,0.0038230054,0.025308011,0.00301473,0.0028167993,0.0036143628
4934,/home/jupyter/dent_outputs/isic2019_v2/melanoma/hairs/seed4934/lambda_t_star5/style.png,0.0023582277,0.0032602097,0.029992394,0.0012882836,0.00031070024,0.00045865093,0.15696606,0.0036621091,0.00057117495,0.0005267489,0.1146679,0.0026687826,0.0005307103,0.00048305828,0.12122277,0.0018705656,0.00066609296,0.00065380934,0.08780451,0.0017366407,0.00039828918,0.0004983886,0.039861556,0.0013354771,0.0004168947,0.000421227,0.032474685,0.0011230631,0.0004997413,0.00029794878,0.021053737,0.00089929043,0.00050347956,0.00025229156,0.017657915,0.00085880974,0.00049355585,0.0002522745,0.014416978,0.00077042566
4653,/home/jupyter/dent_outputs/isic2019_v2/melanoma/hairs/seed4653/lambda_t_star5/style.png,0.0034051132,0.0066178567,0.003480231,0.0016929591,0.0023742793,0.021847991,0.95435685,0.02144979,0.0023789417,0.023655852,0.84153074,0.017370537,0.009291441,0.004986058,0.010227318,0.004704727,0.010988824,0.0039676786,0.008036589,0.005322634,0.0114100585,0.0039259344,0.008084555,0.0061551,0.017474672,0.0071736854,0.006187663,0.0071928105,0.01786442,0.007501051,0.0056304443,0.006678775,0.0102264825,0.004165809,0.0039194934,0.004643115,0.0113208555,0.0043393546,0.0035614495,0.0039632036
4388,/home/jupyter/dent_outputs/isic2019_v2/melanoma/hairs/seed4388/lambda_t_star5/style.png,0.005912456,0.0013075805,0.004572996,0.0008379371,0.00026432174,0.0015351387,0.9484962,0.0010531738,0.00091836153,0.003171638,0.95154345,0.0022381842,0.0016108113,0.00363253,0.66136116,0.00355097,0.0022409363,0.0037967132,0.50729954,0.0043085385,0.0057562524,0.0059924917,0.010831478,0.008519379,0.0061123907,0.005713991,0.008552623,0.008429793,0.00598054,0.0059739244,0.008648147,0.008666816,0.0068347026,0.005763699,0.006644379,0.007944065,0.005022055,0.005204013,0.0055907047,0.007306187
4027,/home/jupyter/dent_outputs/isic2019_v2/melanoma/hairs/seed4027/lambda_t_star5/style.png,0.00298666,0.012929549,0.02614733,0.0039942334,0.0012624069,0.0037964694,0.99587566,0.002592181,0.0030631083,0.0058079674,0.997593,0.0048342682,0.0025997395,0.004696252,0.9862851,0.007657301,0.004462883,0.009569734,0.9477259,0.0114993425,0.0016982168,0.0034103517,0.032835912,0.0030529958,0.0032694004,0.0026729803,0.028649636,0.0034298128,0.0038983098,0.00194437,0.023596568,0.0035667887,0.003887642,0.0011762567,0.0166703,0.003056859,0.0047804643,0.0010224612,0.016280271,0.0033482143
4679,/home/jupyter/dent_outputs/isic2019_v2/melanoma/hairs/seed4679/lambda_t_star5/style.png,0.058888014,0.0033694215,0.010618216,0.0016854857,0.03974853,0.048341893,0.0035605088,0.004961838,0.3217746,0.03486962,0.0039174,0.0069371797,0.5097997,0.019377116,0.002529205,0.005480202,0.5602814,0.013228466,0.0017412764,0.0051014563,0.62839115,0.011572398,0.0015279666,0.0052265753,0.66644007,0.011879567,0.001678507,0.0059085814,0.6261982,0.009405069,0.0013395739,0.0053122784,0.69610506,0.0077030933,0.0012741333,0.00498067,0.6532452,0.007861209,0.0013797948,0.005272011
4790,/home/jupyter/dent_outputs/isic2019_v2/melanoma/hairs/seed4790/lambda_t_star5/style.png,0.010114673,0.007880785,0.0010750839,0.00059191906,0.00084656687,0.005388821,0.9956261,0.0019883164,0.00088928104,0.008684347,0.9952194,0.0026926897,0.001141501,0.0049049584,0.9193215,0.007267631,0.00381917,0.00262355,0.3342131,0.0049057896,0.010135869,0.002591073,0.016997742,0.0029468504,0.012549446,0.003690573,0.013198219,0.0024672342,0.007296008,0.004307747,0.012320168,0.0025761398,0.0065035177,0.004434921,0.009730024,0.0021826634,0.005730491,0.004783971,0.0072631286,0.002141929
4266,/home/jupyter/dent_outputs/isic2019_v2/melanoma/hairs/seed4266/lambda_t_star5/style.png,0.15108998,0.008624422,0.0013587277,0.0002847364,0.0004921868,0.0030431382,0.17796166,0.008292876,0.0007310859,0.0012030355,0.0630582,0.004415017,0.0026501778,0.0016235667,0.040684197,0.0043437737,0.002522379,0.0017838785,0.04519956,0.004890028,0.0021442305,0.0010538342,0.017324807,0.004612457,0.0022569215,0.0010919408,0.008262532,0.004862761,0.0020941303,0.0010353823,0.010712994,0.0049511585,0.0023066183,0.0012037713,0.017723883,0.0065315864,0.0029568244,0.0013200357,0.021133322,0.008502668
4740,/home/jupyter/dent_outputs/isic2019_v2/melanoma/hairs/seed4740/lambda_t_star5/style.png,0.011553471,0.017254887,0.0015631783,0.001498889,0.09829776,0.0031724628,0.79586995,0.0051126787,0.00093810307,0.0027910916,0.9348224,0.008362166,0.001048727,0.0024816557,0.9141464,0.0067548137,0.0007721603,0.0009877011,0.7592734,0.0036805314,0.0007295388,0.0011449864,0.7659755,0.0036868437,0.00044373737,0.0007095128,0.64750326,0.0027623733,0.00041202595,0.0006407855,0.57954943,0.00262432,0.0005522362,0.00061416277,0.6207163,0.0024644134,0.0006036116,0.0006813269,0.63915414,0.0029362442
4959,/home/jupyter/dent_outputs/isic2019_v2/melanoma/hairs/seed4959/lambda_t_star5/style.png,0.0007716814,0.025584593,0.0059650117,0.0014328415,0.029833352,0.0047921776,0.94681185,0.0093566105,0.012538164,0.0062641446,0.899491,0.020647584,0.008012608,0.007615291,0.89324635,0.02258906,0.004680161,0.008219452,0.9003104,0.02545158,0.0034020934,0.006631805,0.8924678,0.019922465,0.002620299,0.0049970634,0.88032085,0.015289316,0.0027044164,0.0051348223,0.86456716,0.015781917,0.002516682,0.0054595983,0.8510596,0.0149861025,0.0031802335,0.0052405465,0.8483768,0.012722432
4291,/home/jupyter/dent_outputs/isic2019_v2/melanoma/hairs/seed4291/lambda_t_star5/style.png,0.10683763,5.261483e-05,0.000693272,0.00015059469,0.003550162,0.023630662,0.9747755,0.14381859,0.0077932877,0.0008714367,0.15664612,0.00337671,0.00024023415,0.000571749,0.020614998,0.0022292137,0.00024082468,0.00068130484,0.0103460215,0.002297562,0.00021211416,0.0016940781,0.00748948,0.0020935766,0.0002559825,0.004420753,0.007947714,0.0023102136,0.00023863067,0.0048631323,0.006010432,0.0021376712,0.00030089015,0.0041296436,0.0048470837,0.0024431113,0.00029008643,0.0048022172,0.0041194903,0.0020571384
4906,/home/jupyter/dent_outputs/isic2019_v2/melanoma/hairs/seed4906/lambda_t_star5/style.png,0.00015873168,0.0044705607,0.0019930152,0.00036125322,0.0025114766,0.0059523643,0.9958774,0.0061949687,0.0009778156,0.003937361,0.97830564,0.002532585,0.0015567058,0.0011431028,0.04867411,0.0022094923,0.001535815,0.0008843308,0.04137792,0.001451905,0.002909531,0.0007126195,0.025482744,0.0014291205,0.0032016996,0.0004960083,0.018767146,0.0013652483,0.0011434201,0.0008420696,0.01757233,0.0021039445,0.0015022176,0.0006164679,0.014769433,0.0015751387,0.0018511051,0.00047876962,0.010748271,0.0015003341
4117,/home/jupyter/dent_outputs/isic2019_v2/melanoma/hairs/seed4117/lambda_t_star5/style.png,0.0016795555,0.0003453245,0.0044636438,0.0009472106,0.00017912836,0.0026726285,0.991439,0.00081176346,0.00024161329,0.003323742,0.9515251,0.0021546346,0.00027397362,0.002922809,0.92294455,0.0018437366,0.00022069282,0.002180661,0.8358878,0.001122769,0.0002814222,0.0014576938,0.73457104,0.0011303244,0.0012276418,0.00044877097,0.011520589,0.0015683636,0.0005647471,0.00040848623,0.004584014,0.0012924487,0.0005707608,0.00032446213,0.0035701138,0.00109116,0.0006574275,0.00031922673,0.0030455422,0.0010946065
4638,/home/jupyter/dent_outputs/isic2019_v2/melanoma/hairs/seed4638/lambda_t_star5/style.png,0.0029841976,0.015703665,0.04349241,0.0036914232,0.001282631,0.0071351444,0.9924549,0.0033505794,0.0010411589,0.00858475,0.99539256,0.0048665004,0.0015108134,0.014143747,0.9871159,0.009534771,0.0024045235,0.014434673,0.9677547,0.010261567,0.0024212133,0.008573399,0.8933079,0.0069761854,0.002754701,0.00256062,0.011759265,0.003504534,0.005320526,0.0019539401,0.0095190415,0.0035994875,0.006167884,0.002014646,0.008677319,0.0035000474,0.006796901,0.0020064407,0.00729508,0.003130558
4263,/home/jupyter/dent_outputs/isic2019_v2/melanoma/hairs/seed4263/lambda_t_star5/style.png,0.013142177,0.0031574038,0.014963621,0.0026383623,0.006810372,0.0009078827,0.05996449,0.0049200915,0.0035417192,0.00063662336,0.046592627,0.0046819802,0.0015711713,0.0007359749,0.045275133,0.005472159,0.0011055771,0.00056097645,0.027234882,0.0047384934,0.0009956354,0.0005423734,0.014190592,0.004486318,0.0006816461,0.00050868816,0.008958141,0.0035957561,0.00079222163,0.00043259005,0.0073838513,0.0033165324,0.0008634268,0.00042923997,0.005600142,0.0033668478,0.0010999863,0.00035709483,0.004356802,0.0031629286
4150,/home/jupyter/dent_outputs/isic2019_v2/melanoma/hairs/seed4150/lambda_t_star5/style.png,0.00021390182,0.00032828772,0.0024228457,0.00011900566,0.001140941,0.0128844185,0.9504483,0.022435693,0.0004569072,0.0056929477,0.99129945,0.0025558248,0.00047049488,0.0066725425,0.98469585,0.0024994072,0.0005579144,0.006591373,0.97105575,0.0027368367,0.00026319592,0.000848379,0.009306125,0.00097140396,0.00044568634,0.0011305232,0.01031013,0.0013049763,0.0005173235,0.00090502476,0.007468434,0.001101618,0.00052657747,0.00079009746,0.0056727855,0.00081276003,0.0005525034,0.0007631916,0.0045917775,0.0008567161
4242,/home/jupyter/dent_outputs/isic2019_v2/melanoma/hairs/seed4242/lambda_t_star5/style.png,0.061617583,0.055954594,0.0012875121,0.0010906673,0.004910077,0.0132742,0.9699481,0.013890415,0.071903996,0.01933078,0.9680463,0.01888991,0.015462956,0.0025141991,0.09092227,0.007477434,0.007599322,0.0014823102,0.16171254,0.0036701213,0.011825656,0.0059704795,0.07791871,0.0045071687,0.010674893,0.006266469,0.0320655,0.0046302457,0.00493035,0.0069333604,0.013494022,0.0037188136,0.01039676,0.0060086064,0.008256876,0.0039538783,0.024305047,0.0063842754,0.0062976647,0.0039074877
4019,/home/jupyter/dent_outputs/isic2019_v2/melanoma/hairs/seed4019/lambda_t_star5/style.png,0.00095049955,0.04069008,0.03716933,0.0051313182,0.0011269528,0.0081750825,0.9852514,0.00981369,0.0031943303,0.024267407,0.973334,0.017746171,0.004097759,0.034550957,0.93173,0.029069196,0.0050165425,0.04218099,0.7595167,0.025993569,0.01519709,0.027963113,0.06866951,0.025632145,0.013296972,0.02218534,0.030888563,0.020549938,0.086802594,0.010824446,0.040139586,0.013471869,0.19385798,0.009603565,0.023266926,0.00967732,0.26882306,0.0087323515,0.01016093,0.008971393
4820,/home/jupyter/dent_outputs/isic2019_v2/melanoma/hairs/seed4820/lambda_t_star5/style.png,0.0011458953,0.0069328644,0.79184,0.0062365294,0.002729441,0.003202086,0.982024,0.0034262794,0.0065703467,0.0058668875,0.98122036,0.008961741,0.0030698588,0.0076049953,0.8353622,0.021443488,0.0070855613,0.018045815,0.63046575,0.059584532,0.00704373,0.01754816,0.23083071,0.025460683,0.0038881851,0.013259131,0.11271846,0.01178079,0.00525735,0.014121796,0.08303077,0.010708493,0.0064597856,0.01656693,0.074576475,0.012969507,0.0056080148,0.016502371,0.063598014,0.012404582
4981,/home/jupyter/dent_outputs/isic2019_v2/melanoma/hairs/seed4981/lambda_t_star5/style.png,0.0034663163,0.0023773375,0.0012479258,0.0007376348,0.00088287925,0.007609682,0.99857104,0.0029388263,0.0007793954,0.004731036,0.995742,0.0030598976,0.00027197535,0.0014607343,0.01974182,0.0035083396,0.0003327958,0.0014825636,0.017726267,0.0040431623,0.0003940379,0.0022232272,0.016943235,0.0056886254,0.00061972847,0.0027979428,0.017904647,0.007697442,0.000638226,0.0030779454,0.017210212,0.008257864,0.0008701829,0.0030735373,0.015939567,0.008893112,0.0009995217,0.0029448504,0.014852308,0.009453558
4548,/home/jupyter/dent_outputs/isic2019_v2/melanoma/hairs/seed4548/lambda_t_star5/style.png,0.0005521472,0.009335618,0.003576409,0.0027253067,0.0013199911,0.013819694,0.9933749,0.0035592658,0.00037483854,0.014538188,0.11145201,0.0068672276,0.00033832516,0.0019059451,0.14387259,0.0030946545,0.0005745676,0.0019998003,0.02061487,0.0046664886,0.00080367574,0.0020704581,0.0069527975,0.004960849,0.0008115051,0.0016452529,0.0047587124,0.0036478424,0.00093953474,0.0014789721,0.003668275,0.0032956724,0.0009412635,0.0016362026,0.0034125226,0.0031488696,0.0012039251,0.0015143162,0.0031779986,0.0030812246
4835,/home/jupyter/dent_outputs/isic2019_v2/melanoma/hairs/seed4835/lambda_t_star5/style.png,0.8763899,0.014248347,0.01677398,0.006093368,0.0015092986,0.0065404545,0.5660806,0.014894332,0.0013329383,0.0078622885,0.6072167,0.02009977,0.0014346568,0.008529874,0.5643096,0.025594499,0.0015199287,0.0070801456,0.4864049,0.022036133,0.0007511041,0.0037002428,0.2989965,0.010146812,0.00039700113,0.0019704385,0.22173825,0.0047034547,0.00023303897,0.0011491965,0.17587021,0.0025471502,0.0002012953,0.0009234313,0.15520602,0.0019718048,0.00018816827,0.00089978194,0.102350265,0.0016757901
4946,/home/jupyter/dent_outputs/isic2019_v2/melanoma/hairs/seed4946/lambda_t_star5/style.png,0.051667,0.0032161404,0.003944069,0.003239715,0.006988805,0.0025638079,0.08152161,0.0025991227,0.0004092923,0.006177083,0.025873085,0.0012732483,0.0007248917,0.0037199957,0.025728818,0.00085445185,0.0009946248,0.004378749,0.014563452,0.00092641125,0.0017126227,0.0013907194,0.0017527805,0.000854835,0.004050722,0.0007906642,0.0014287573,0.0008844782,0.0018883771,0.0003178095,0.00083260966,0.00033250946,0.003129803,0.00018369521,0.00066191755,0.000275208,0.0024039163,0.00016478787,0.00052853883,0.00023449419
4426,/home/jupyter/dent_outputs/isic2019_v2/melanoma/hairs/seed4426/lambda_t_star5/style.png,0.09985094,0.020109532,0.015806304,0.017649151,0.00043365898,0.004259084,0.6300321,0.03739226,0.0008043611,0.0038005076,0.055503678,0.010064879,0.07016034,0.0053312792,0.014022522,0.0262463,0.082955174,0.00295157,0.0037292268,0.011693687,0.2635739,0.004754839,0.004463883,0.013998498,0.25802928,0.0043196566,0.003964079,0.013363633,0.21087545,0.004791882,0.004542091,0.015305657,0.294389,0.0043493165,0.0036194285,0.013210192,0.2792601,0.004120676,0.0031281076,0.010898955
4773,/home/jupyter/dent_outputs/isic2019_v2/melanoma/hairs/seed4773/lambda_t_star5/style.png,0.0021129388,0.005618694,0.011660311,0.004915177,0.0017973104,0.0055234656,0.99526167,0.0028164592,0.0016698184,0.0060104686,0.99045885,0.005019554,0.002325708,0.0056510675,0.97990453,0.006899037,0.0067750528,0.014694793,0.06741285,0.042502258,0.005850238,0.015129847,0.06108027,0.040180996,0.0046561686,0.01348394,0.035585057,0.03016347,0.009497123,0.008407824,0.019862656,0.01774805,0.01329352,0.0076172412,0.012568723,0.011402693,0.016983543,0.006683442,0.009756123,0.010601779
4848,/home/jupyter/dent_outputs/isic2019_v2/melanoma/hairs/seed4848/lambda_t_star5/style.png,0.008693408,0.009305199,0.907025,0.0036491598,0.0023956376,0.002413618,0.9921164,0.002557852,0.0024303915,0.0016477439,0.9934581,0.0018404487,0.0020218838,0.0015307756,0.9956594,0.0015781688,0.0022460981,0.0017685031,0.9900411,0.0016177464,0.0030407535,0.0020320117,0.9610288,0.0023921793,0.0023151438,0.0028247542,0.94587064,0.002616908,0.0018538913,0.0022464518,0.92458886,0.0022689784,0.002442714,0.0026138532,0.92003757,0.0023929225,0.00255292,0.003259999,0.89783925,0.002393928
4812,/home/jupyter/dent_outputs/isic2019_v2/melanoma/hairs/seed4812/lambda_t_star5/style.png,0.001082128,0.048432086,0.014229721,0.0033586686,0.0006281685,0.0043497854,0.9914983,0.0037687726,0.00085789006,0.0042254194,0.9845499,0.0047369376,0.000443553,0.0035023682,0.20933382,0.0044370187,0.019902328,0.0030998543,0.013657478,0.0063304664,0.026417324,0.004044966,0.011528617,0.008816353,0.022905134,0.004042529,0.010654421,0.008261824,0.017152995,0.003600288,0.008518867,0.0068503926,0.008176869,0.0030116802,0.007817372,0.005567913,0.005644654,0.0033553313,0.007567111,0.005476004
4283,/home/jupyter/dent_outputs/isic2019_v2/melanoma/hairs/seed4283/lambda_t_star5/style.png,0.818954,0.009726579,0.004189439,0.0011047918,0.0013490603,0.002104332,0.99755186,0.0011005312,0.00079958246,0.0052594873,0.9418509,0.008205194,0.0095487,0.010168515,0.28983137,0.007020253,0.019376863,0.0046277693,0.0748722,0.0038969042,0.031966537,0.0020512727,0.028399672,0.004307379,0.048045523,0.0024007712,0.011293349,0.0037941423,0.05825368,0.0029758953,0.0071103913,0.0036806955,0.035330433,0.0028571426,0.0053878445,0.0036918109,0.033516236,0.0026772525,0.0043766685,0.0033983076
4215,/home/jupyter/dent_outputs/isic2019_v2/melanoma/hairs/seed4215/lambda_t_star5/style.png,0.041565705,0.005556558,0.0009403532,0.0019706122,0.00021024281,0.0017428526,0.99135524,0.0012314046,0.00019706003,0.0015273287,0.98960716,0.0012708216,0.00014918986,0.0010454606,0.9726237,0.0011749145,0.00017171672,0.0011342112,0.899902,0.0012124897,0.000326635,0.0017513526,0.4282919,0.0021954963,0.00053676346,0.0020854294,0.024556033,0.0028000413,0.0006440372,0.0017829506,0.008323745,0.0027857425,0.0005307559,0.0013376959,0.00669118,0.0022509582,0.0003993349,0.0011403376,0.007835181,0.0017713152
4524,/home/jupyter/dent_outputs/isic2019_v2/melanoma/hairs/seed4524/lambda_t_star5/style.png,0.0010852334,0.0608403,0.010080189,0.0022224328,0.0019745436,0.020270547,0.9710798,0.010368055,0.0011166724,0.0077693383,0.9742736,0.019715395,0.009076709,0.1350451,0.7854315,0.044243015,0.05024505,0.41580746,0.07642019,0.020805703,0.016023433,0.42512462,0.027621925,0.009171901,0.0024793905,0.18556967,0.008861541,0.0031622942,0.0004302145,0.026974961,0.0015719958,0.00101401,0.00023603634,0.008503661,0.00070653757,0.000990189,0.0001993815,0.0058940207,0.0006724621,0.00088909967
4099,/home/jupyter/dent_outputs/isic2019_v2/melanoma/hairs/seed4099/lambda_t_star5/style.png,0.0029464427,0.03871588,0.0042011607,0.0059782355,0.00042177408,0.0032103627,0.99660575,0.003323181,5.7655114e-05,0.00070858706,0.18867452,0.001084463,0.00020901997,0.00036346357,0.032852855,0.0012648099,0.00020860066,0.0004127092,0.027782053,0.0015176632,0.00021946192,0.0006546913,0.019441834,0.0016452646,0.0002471775,0.0009176618,0.01742664,0.0018341176,0.00032647158,0.00080571347,0.014705617,0.0019034251,0.0003931616,0.000695648,0.010535258,0.0018892654,0.00061008363,0.0005494349,0.009072168,0.0019492862
4807,/home/jupyter/dent_outputs/isic2019_v2/melanoma/hairs/seed4807/lambda_t_star5/style.png,0.0009200931,0.0006405816,0.009595603,0.0009066193,0.0014032767,0.0046562436,0.99394196,0.0019476005,0.00528412,0.010028713,0.99937755,0.013440281,0.0029924377,0.010272888,0.99904245,0.009236162,0.005508966,0.0032931124,0.011886789,0.0017372079,0.0033653583,0.0027011363,0.01417661,0.0018548877,0.0022809824,0.002696684,0.013123105,0.0018172651,0.0021006733,0.0027717524,0.015336302,0.0017710093,0.0025403993,0.0033152036,0.012957055,0.002088982,0.0013752943,0.0030436665,0.013703275,0.0016905915
4913,/home/jupyter/dent_outputs/isic2019_v2/melanoma/hairs/seed4913/lambda_t_star5/style.png,0.0011329553,0.032342087,0.08708341,0.00503924,0.0005306276,0.0032185104,0.9909435,0.0011095301,0.00077388843,0.004960046,0.99127954,0.0017917942,0.0021768494,0.0035099653,0.023864528,0.002124399,0.0019422715,0.009019205,0.04379438,0.00511142,0.005873371,0.0032121714,0.052746736,0.006222611,0.0050543314,0.0031350073,0.038441624,0.005809928,0.0066217044,0.004629259,0.028486967,0.007070136,0.0067789466,0.004827068,0.02234652,0.007500788,0.008392167,0.004769979,0.018192891,0.0077965325
4625,/home/jupyter/dent_outputs/isic2019_v2/melanoma/hairs/seed4625/lambda_t_star5/style.png,0.021521693,0.025440244,0.1797102,0.004755446,0.0024932008,0.014570435,0.99688715,0.0040860744,0.0019831548,0.011360958,0.9965503,0.003305197,0.0017236137,0.012454907,0.99160916,0.004578056,0.0027601006,0.007228793,0.54998994,0.0102406675,0.0023866154,0.007438238,0.21085818,0.007841856,0.0032664447,0.0073101926,0.15600817,0.0064233844,0.003894693,0.0053998297,0.05441679,0.0043827114,0.0046609463,0.0058014398,0.04137383,0.004141328,0.0047348924,0.0057952604,0.02175097,0.0034941102
4187,/home/jupyter/dent_outputs/isic2019_v2/melanoma/hairs/seed4187/lambda_t_star5/style.png,0.0033897301,0.008237048,0.8891444,0.0072686765,0.0018984998,0.006327864,0.8095335,0.022171939,0.0018620515,0.0066572316,0.6875936,0.032721348,0.002076545,0.00415913,0.6965667,0.010271059,0.0018297256,0.00400365,0.65123916,0.013000882,0.0020209893,0.0027906268,0.64636916,0.010421284,0.0020715136,0.0021884784,0.6227922,0.0064839493,0.0021217968,0.0017700049,0.62155515,0.0047900765,0.002552403,0.00152808,0.6308663,0.0036556444,0.0038387985,0.0020652262,0.593044,0.0046834224
4703,/home/jupyter/dent_outputs/isic2019_v2/melanoma/hairs/seed4703/lambda_t_star5/style.png,0.32129735,0.003920702,0.001168458,0.00088375714,0.0013979226,0.0112366425,0.9993678,0.013545675,0.0010614414,0.009842376,0.9992048,0.014591955,0.0016640549,0.012867382,0.7411047,0.01539833,0.0006753265,0.0058757327,0.20045683,0.004595113,0.0004909989,0.0045016804,0.10968722,0.0039346,0.00043900075,0.0027486244,0.04655368,0.0028915408,0.00042016385,0.0023355226,0.02692329,0.0021236078,0.00047673853,0.0026396636,0.02043279,0.0020826447,0.0004389675,0.0025293855,0.019360691,0.002007521
4917,/home/jupyter/dent_outputs/isic2019_v2/melanoma/hairs/seed4917/lambda_t_star5/style.png,0.003506083,0.0065214336,0.02864452,0.003532301,0.00198099,0.013720093,0.98312736,0.005557012,0.077560954,0.007884293,0.53313303,0.004883936,0.013623156,0.0035355098,0.012880173,0.003950023,0.017750576,0.004320922,0.0098010395,0.00474992,0.017733175,0.0052694157,0.0070635816,0.0044905907,0.022862356,0.0049150675,0.004156289,0.0036062133,0.022596398,0.0033158625,0.0032765327,0.0033273913,0.034111466,0.0037804404,0.0032916712,0.003647825,0.04311628,0.003856728,0.0028346719,0.0034841145
4859,/home/jupyter/dent_outputs/isic2019_v2/melanoma/hairs/seed4859/lambda_t_star5/style.png,0.004788354,0.010771837,0.37990737,0.005976771,0.0006599589,0.0041654473,0.99804497,0.0012644299,0.00029929716,0.002549074,0.9923423,0.0016532117,0.00014958617,0.0011037388,0.9816476,0.000855795,0.0009750159,0.0019044962,0.9277143,0.0018283215,0.003008877,0.000707499,0.028189057,0.0014315315,0.006312881,0.0013358595,0.02243914,0.0025877615,0.006055205,0.0012606322,0.015434446,0.00279062,0.0041327295,0.0011413357,0.011111179,0.0026547923,0.0046198796,0.0010316898,0.008685353,0.002464656
4487,/home/jupyter/dent_outputs/isic2019_v2/melanoma/hairs/seed4487/lambda_t_star5/style.png,0.0018907324,0.13594098,0.0024456566,0.0023747943,0.0041620363,0.3795756,0.9450909,0.036799673,0.015357163,0.012858916,0.33962333,0.00238656,0.017859984,0.011024099,0.21608743,0.0022511403,0.023850406,0.00518488,0.03913978,0.0017666917,0.019704271,0.003031362,0.014023293,0.0013922248,0.035835017,0.0036673378,0.0175783,0.0015763794,0.042506423,0.0036185344,0.010647737,0.0017427679,0.027056018,0.003986251,0.007943501,0.001538156,0.03890257,0.0052868426,0.0058197225,0.0014735325
4267,/home/jupyter/dent_outputs/isic2019_v2/melanoma/hairs/seed4267/lambda_t_star5/style.png,0.0012298011,0.0017457353,0.07351573,0.00081374805,0.059549827,0.0028210415,0.9395609,0.0026741973,0.06618028,0.012205987,0.96167284,0.005581444,0.044167124,0.14879167,0.37570456,0.035503987,0.032743,0.028377645,0.1019891,0.0131497,0.14784205,0.020705536,0.6348253,0.021531321,0.28904492,0.033240046,0.17434677,0.0110794315,0.7289294,0.025349038,0.01011815,0.0049018874,0.71116227,0.011955323,0.0064505595,0.0026922289,0.8330334,0.011949725,0.004190207,0.0022798597
4560,/home/jupyter/dent_outputs/isic2019_v2/melanoma/hairs/seed4560/lambda_t_star5/style.png,0.01878934,0.027484534,0.0019602252,0.001665533,0.00017856254,0.0018059355,0.99662185,0.0009954121,0.0001970527,0.0019624121,0.9954079,0.0014556901,0.0001625404,0.0021828837,0.9928139,0.0016812248,0.00033686816,0.0025319841,0.19056451,0.0023714665,0.0005230755,0.0013440357,0.040453903,0.0015026612,0.00050193205,0.00085597363,0.019940494,0.001342599,0.00032886286,0.0007463956,0.012762287,0.0013497402,0.00020971603,0.0005581888,0.011132648,0.0010951707,0.00024534794,0.0005994293,0.009891557,0.0012881132
4325,/home/jupyter/dent_outputs/isic2019_v2/melanoma/hairs/seed4325/lambda_t_star5/style.png,0.04744799,0.004141179,0.0024134654,0.0030742981,0.005567749,0.09712518,0.96678346,0.0448747,0.0009598297,0.015386436,0.90582275,0.02217762,0.0028695099,0.014070334,0.9169669,0.028696856,0.0028268262,0.01644088,0.88009214,0.028176587,0.0024619927,0.014987925,0.80831516,0.020374216,0.0019566622,0.012337349,0.7481325,0.014275363,0.0022594463,0.016391313,0.7244232,0.014680875,0.0016842297,0.014372133,0.6542574,0.012342051,0.0018246842,0.017595146,0.6525656,0.011196076
4315,/home/jupyter/dent_outputs/isic2019_v2/melanoma/hairs/seed4315/lambda_t_star5/style.png,0.002119816,0.063355505,0.003189744,0.0014292927,0.0022713894,0.022515088,0.85410285,0.07924216,0.0012002295,0.009698158,0.5055105,0.027605288,0.0006644983,0.0042786677,0.043893617,0.005344769,0.00094011764,0.0040705088,0.012113611,0.0039935317,0.0009502442,0.0029601578,0.005893683,0.0026173138,0.001034448,0.0021631771,0.004262877,0.0028030481,0.0016123197,0.0031172528,0.005033892,0.003833323,0.0016317896,0.0030625607,0.005298134,0.0043940214,0.0016032853,0.0025807887,0.004974756,0.0049782027
4018,/home/jupyter/dent_outputs/isic2019_v2/melanoma/hairs/seed4018/lambda_t_star5/style.png,0.0006887006,0.007253872,0.0012024203,0.0006092989,0.003338238,0.0052851303,0.99461764,0.0023969165,0.00022234765,0.001180137,0.9630902,0.0007823757,0.0012761481,0.002461049,0.95016265,0.002530661,0.04867019,0.0047635525,0.8653484,0.004713774,0.063690834,0.0017476609,0.021415025,0.0037772576,0.317839,0.0021119576,0.011683425,0.003604312,0.458848,0.002514698,0.00921266,0.003560866,0.5706005,0.0026122127,0.0072866525,0.0033137312,0.5459367,0.0023802763,0.007186871,0.003182464
4654,/home/jupyter/dent_outputs/isic2019_v2/melanoma/hairs/seed4654/lambda_t_star5/style.png,0.59992504,0.008614745,0.010736246,0.0031354513,0.0050349813,0.012385523,0.9990656,0.027591866,0.0066620517,0.010955364,0.9994289,0.014543163,0.008630213,0.0063148793,0.99888486,0.0028776953,0.001377219,0.005415096,0.9965299,0.003194453,0.024617553,0.0036245994,0.70770746,0.009168761,0.059232254,0.0015874179,0.031879093,0.003000977,0.17296477,0.0013842441,0.007863817,0.0017962193,0.19132929,0.0009216886,0.0054995404,0.0017388534,0.28168708,0.0011734387,0.00531708,0.0018958315
4887,/home/jupyter/dent_outputs/isic2019_v2/melanoma/hairs/seed4887/lambda_t_star5/style.png,8.4659456e-05,0.006830887,0.020278152,0.0009765122,0.00080302765,0.004241569,0.16828175,0.007469564,0.00052550645,0.0050980863,0.101183504,0.006267134,0.0032219929,0.08045166,0.13852865,0.015882896,0.0075641074,0.011584022,0.013798363,0.005944359,0.02081856,0.032603946,0.0034288773,0.007140919,0.013597414,0.017151691,0.0022724138,0.006383338,0.009688989,0.023841603,0.0018792715,0.005376468,0.025278904,0.020831345,0.0020898907,0.0053616073,0.048380636,0.030700793,0.002273401,0.0060616974
4228,/home/jupyter/dent_outputs/isic2019_v2/melanoma/hairs/seed4228/lambda_t_star5/style.png,0.011645616,0.010727244,0.0012488437,0.0017017137,0.014046414,0.05127999,0.82850283,0.99920684,0.10784799,0.096969254,0.14065829,0.030423433,0.046207912,0.090384476,0.033883974,0.009741742,0.015652867,0.056938507,0.037762985,0.020929774,0.007592337,0.077282965,0.03887602,0.01637436,0.00049099803,0.008034928,0.0046677296,0.0016504083,0.0006967656,0.0068733892,0.0036757803,0.0014698928,0.0007580518,0.0067546857,0.0031826196,0.0013792076,0.0009336602,0.0073354407,0.0031474316,0.0014857932
4294,/home/jupyter/dent_outputs/isic2019_v2/melanoma/hairs/seed4294/lambda_t_star5/style.png,0.881859,0.005032077,0.0015256017,0.0010393517,0.0019070983,0.011052364,0.7611785,0.011925412,0.0009444774,0.0032717925,0.96570444,0.0068458556,0.0034262615,0.0023496277,0.12417557,0.015568037,0.0020487958,0.0010408186,0.0329222,0.005407479,0.0039517926,0.0013939482,0.021450918,0.0076841298,0.0040572714,0.0011801393,0.014462688,0.006528453,0.0042838105,0.001810237,0.010942569,0.010403248,0.004849895,0.0019693887,0.009321155,0.01104096,0.0044491356,0.0015103639,0.007175224,0.00907324
4880,/home/jupyter/dent_outputs/isic2019_v2/melanoma/hairs/seed4880/lambda_t_star5/style.png,0.0026631558,0.01251561,0.061980005,0.004595434,0.0018619268,0.0079037985,0.94937855,0.012059964,0.0011891141,0.001086421,0.014225828,0.0040467856,0.002157958,0.0009187308,0.005735139,0.0034324392,0.0043557473,0.0008561123,0.004806316,0.003297968,0.004335302,0.00083246245,0.005754171,0.0034422297,0.004449638,0.00077972,0.0057439255,0.0031030893,0.0047526457,0.00078858255,0.0046765236,0.0025697374,0.006190003,0.00091392593,0.0039770063,0.002669722,0.008577582,0.0009965968,0.0037392247,0.0027453979
4961,/home/jupyter/dent_outputs/isic2019_v2/melanoma/hairs/seed4961/lambda_t_star5/style.png,0.0020835665,0.010239223,0.050444126,0.0023008324,0.004718302,0.024458602,0.8174256,0.03132577,0.6668453,0.12955537,0.05420907,0.028091455,0.6425271,0.12499301,0.045694374,0.023388274,0.9085698,0.1996164,0.009208025,0.016046183,0.8967142,0.0860716,0.0053994064,0.010340589,0.9319766,0.07004175,0.0039933934,0.009033763,0.9371396,0.060614076,0.004028789,0.008351188,0.94716376,0.055493165,0.0037288775,0.007420842,0.95469815,0.0539086,0.0032860206,0.006688116
4271,/home/jupyter/dent_outputs/isic2019_v2/melanoma/hairs/seed4271/lambda_t_star5/style.png,0.015404714,0.03410853,0.0044237785,0.0016783744,0.00068894844,0.0041040764,0.9982022,0.0017575199,0.0007637758,0.0061071003,0.99602014,0.0019316208,0.00078958,0.0061075287,0.99645495,0.0020876871,0.00068892975,0.0050917994,0.9955304,0.0021279876,0.0005529086,0.0055792984,0.98927516,0.0024277153,0.0007981688,0.0019587565,0.021925174,0.0024130442,0.0008821973,0.0019930617,0.020313442,0.0033808434,0.0009494323,0.0016692922,0.014580291,0.0030276207,0.0010555324,0.001624964,0.011831548,0.002948535
4303,/home/jupyter/dent_outputs/isic2019_v2/melanoma/hairs/seed4303/lambda_t_star5/style.png,0.0065677455,0.06849132,0.0004114994,0.00061066856,0.0050121457,0.030052714,0.9973053,0.027834702,0.0037477093,0.004555158,0.8846265,0.003043817,0.0020015065,0.065197766,0.41348925,0.0070407926,0.0018048312,0.142936,0.14042883,0.009739925,0.003056439,0.64775074,0.013874343,0.0068482715,0.0039410787,0.68198913,0.021076856,0.00837136,0.0047418904,0.7808091,0.01473818,0.0072229467,0.005955158,0.7914897,0.013577481,0.007039383,0.0076343915,0.7993669,0.0115399035,0.0060850503
4393,/home/jupyter/dent_outputs/isic2019_v2/melanoma/hairs/seed4393/lambda_t_star5/style.png,0.0030678078,0.0006416078,0.00074880966,0.0010524467,0.00029147978,0.003182154,0.99100035,0.002132358,0.0009402498,0.0032035264,0.9875273,0.004019915,0.0018471603,0.00070334243,0.0045680753,0.004165164,0.0006007662,0.00028766252,0.0022645504,0.0018049277,0.000910983,0.000354361,0.0025226574,0.0023421794,0.0016407343,0.00054722367,0.0031574278,0.0033876123,0.0025968712,0.00077751745,0.003748117,0.0045499867,0.0030109931,0.0007458509,0.0035790286,0.0047034635,0.0034527536,0.00072988507,0.0032375185,0.004738053
4469,/home/jupyter/dent_outputs/isic2019_v2/melanoma/hairs/seed4469/lambda_t_star5/style.png,0.43087116,0.00039215543,0.0026599627,0.00026690683,0.0014634737,0.0013980863,0.98875743,0.001117889,0.0011885065,0.002181627,0.31923854,0.008528607,0.001099008,0.0022421053,0.4079744,0.0075715133,0.0008012911,0.0016811201,0.23344068,0.004565175,0.0006562002,0.001355716,0.1590159,0.0034836393,0.00043177803,0.00082447194,0.105430454,0.0021046975,0.00031899032,0.0006241996,0.0694295,0.0016865123,0.00030946362,0.0006471777,0.06644434,0.0017945776,0.00030105314,0.0004716343,0.049174633,0.0015709155
4328,/home/jupyter/dent_outputs/isic2019_v2/melanoma/hairs/seed4328/lambda_t_star5/style.png,0.0008521577,0.51528925,0.0019610932,0.0021763719,0.0012089809,0.008624088,0.9821977,0.0062054754,0.000608297,0.031230384,0.0010688422,0.0017195385,0.0031456097,0.028330568,0.0078888675,0.009847085,0.0039946665,0.09913923,0.010824272,0.0084410235,0.0010232656,0.0362506,0.00283257,0.00275292,0.0005527199,0.011302009,0.0013542952,0.0011202957,0.00077978283,0.03021089,0.0021627026,0.0015467171,0.00055046997,0.02633424,0.0013631664,0.0010659238,0.00058467477,0.026657801,0.001046785,0.00090621423
4486,/home/jupyter/dent_outputs/isic2019_v2/melanoma/hairs/seed4486/lambda_t_star5/style.png,0.021389771,0.0013247405,0.0036652703,0.0012852253,0.004170963,0.035754874,0.99182934,0.019117543,0.0006400967,0.09000934,0.9058702,0.040011372,0.0016828025,0.007988754,0.9872945,0.004859045,0.0013912924,0.0011672599,0.04889707,0.0019634352,0.00097310793,0.0010741461,0.022673685,0.002175113,0.0015405224,0.001712917,0.01196271,0.0032779921,0.0017742976,0.002278732,0.009622904,0.003997663,0.0017189662,0.0027728663,0.0075922837,0.0042686597,0.0019779718,0.0025389509,0.006526564,0.0045750304
4095,/home/jupyter/dent_outputs/isic2019_v2/melanoma/hairs/seed4095/lambda_t_star5/style.png,0.6285842,0.005294858,0.00058862194,0.00045370116,0.0047488627,0.054989263,0.9938683,0.40037125,0.009001276,0.011415206,0.6373186,0.07509684,0.0008288208,0.022157613,0.8629339,0.055859316,0.000441985,0.024637902,0.21533446,0.0110577755,0.29058552,0.24596977,0.0041994653,0.003733332,0.07999863,0.29766077,0.0005703837,0.0012468006,0.024524115,0.74316144,0.0005008531,0.00073137716,0.033331193,0.84520346,0.0019236251,0.0018809796,0.053771395,0.84835166,0.0016731222,0.0016649449
4794,/home/jupyter/dent_outputs/isic2019_v2/melanoma/hairs/seed4794/lambda_t_star5/style.png,0.0005958212,0.0014929012,0.114254855,0.0016963553,0.0028758952,0.003204402,0.95885956,0.011038461,0.00035654876,0.0002846908,0.46667022,0.0012822584,0.0006398744,0.00036438386,0.40637925,0.0014140488,0.00078779843,0.00049405784,0.44312885,0.0011139442,0.0009968228,0.0006451455,0.23433197,0.0009992027,0.0013351879,0.00084653025,0.14089534,0.0012780008,0.0010748473,0.0006237595,0.07299414,0.0011141924,0.0024010455,0.00050311873,0.044662423,0.0010743636,0.005735411,0.00071642455,0.05465447,0.0013574426
4409,/home/jupyter/dent_outputs/isic2019_v2/melanoma/hairs/seed4409/lambda_t_star5/style.png,0.0021953585,0.0012423972,0.050068233,0.0009780672,0.0054653855,0.008033027,0.42885333,0.01684163,0.004269191,0.0037090988,0.4126917,0.0069188727,0.004378173,0.0037527955,0.37877688,0.0052886084,0.0042097773,0.0021497451,0.2008394,0.0036211745,0.002943038,0.0014808308,0.1509023,0.00331128,0.0025436962,0.0014052291,0.11922523,0.002779566,0.002605986,0.0010681973,0.07051756,0.0018606874,0.0022540553,0.00088919926,0.030126484,0.0012360816,0.0031153448,0.0009351706,0.024159554,0.000976141
4976,/home/jupyter/dent_outputs/isic2019_v2/melanoma/hairs/seed4976/lambda_t_star5/style.png,0.004924688,0.0026861774,0.021108756,0.00419425,0.0010346668,0.0058092424,0.99299604,0.0034962494,0.0012368896,0.006645638,0.99135584,0.005192631,0.00038512718,0.0033525308,0.018122332,0.0016387423,0.00046755973,0.0032231477,0.018612493,0.002008834,0.0007395944,0.0037791638,0.014988748,0.0022734227,0.0006908699,0.0031387021,0.014867056,0.0021005855,0.00063844345,0.0030251702,0.017638935,0.0020976788,0.00053088844,0.0029985812,0.016549949,0.002072628,0.0003912945,0.0025768592,0.013775605,0.0015265726
4997,/home/jupyter/dent_outputs/isic2019_v2/melanoma/hairs/seed4997/lambda_t_star5/style.png,0.006855806,0.004146017,0.057340782,0.0041860924,0.003634605,0.005959097,0.9965467,0.011999055,0.004217704,0.010493913,0.9938745,0.018751752,0.0023031763,0.0062244036,0.9932388,0.010273426,0.0019338026,0.0049867397,0.99413896,0.009544679,0.0011462534,0.003488682,0.9846333,0.0081809275,0.0007421294,0.004270782,0.9362871,0.008155331,0.0003814877,0.0019050029,0.39013594,0.0034174186,0.00015582285,0.0009648141,0.26582268,0.0014894082,0.00018561505,0.0012157984,0.27634102,0.0016977569
4514,/home/jupyter/dent_outputs/isic2019_v2/melanoma/hairs/seed4514/lambda_t_star5/style.png,0.0008084141,0.008672164,0.22952864,0.0074032694,0.0005234463,0.005990015,0.99466467,0.00218801,0.0005921197,0.0076210117,0.99276805,0.0036305857,0.0012756087,0.012074722,0.9790619,0.0077306237,0.0008294967,0.003992472,0.013496569,0.0031273686,0.0017383221,0.007377598,0.013591034,0.005338291,0.0017850819,0.0067770137,0.010716625,0.005016947,0.0022904344,0.006921059,0.009141527,0.0053339708,0.0021151106,0.0071999924,0.007187259,0.004521479,0.0027183222,0.008473913,0.0070041204,0.0054707583
4344,/home/jupyter/dent_outputs/isic2019_v2/melanoma/hairs/seed4344/lambda_t_star5/style.png,0.0007483213,0.35472122,0.0010727992,0.0015625154,0.0019318388,0.0030795068,0.88123286,0.0038705452,0.0029623865,0.0059547597,0.9477255,0.0050246743,0.0027797627,0.006736427,0.96297586,0.0047163293,0.0032185535,0.008676432,0.9218385,0.0062846174,0.0034068646,0.010029433,0.8836866,0.006413318,0.0044120797,0.00937107,0.8590704,0.0056724707,0.004152099,0.008408817,0.7679265,0.0054854313,0.005235468,0.008100704,0.6721769,0.004339614,0.006884628,0.010807779,0.5925406,0.004714716
4513,/home/jupyter/dent_outputs/isic2019_v2/melanoma/hairs/seed4513/lambda_t_star5/style.png,0.017110232,0.013762932,0.0020468954,0.0026834921,0.00108259,0.0021528904,0.36396202,0.0025703057,0.0004521788,0.0008663878,0.057251096,0.0025089504,0.00049521134,0.000689981,0.014410623,0.0016555781,0.0006422177,0.0008100396,0.009324506,0.0016419463,0.000759372,0.0006484233,0.006426349,0.0014283586,0.00067826995,0.0005168343,0.0038951023,0.0010432538,0.00067870674,0.0007079894,0.0028980467,0.0008825996,0.0016067383,0.0008142627,0.0025810697,0.0009343406,0.0029145803,0.0008521504,0.0024859905,0.0010048423
4573,/home/jupyter/dent_outputs/isic2019_v2/melanoma/hairs/seed4573/lambda_t_star5/style.png,0.001515738,0.17706871,0.0012346838,0.0010605418,0.00050864695,0.0053807027,0.99166495,0.0024726314,0.00055597466,0.0064407727,0.991467,0.0023414688,0.00040328508,0.0025897522,0.9804566,0.0012580317,0.0010924225,0.0013048552,0.01926894,0.0031133743,0.001010424,0.00091393077,0.01391828,0.003769813,0.0012998763,0.0009775921,0.011322414,0.0035122158,0.0012756621,0.00087051385,0.0078842295,0.0026876198,0.0014137082,0.0008832878,0.007954906,0.0030713724,0.0019181079,0.0008728406,0.0056008957,0.003233834
4843,/home/jupyter/dent_outputs/isic2019_v2/melanoma/hairs/seed4843/lambda_t_star5/style.png,0.0002985217,0.050912786,0.034438457,0.008329233,0.00075828115,0.006138127,0.99213564,0.0015485827,0.0008508096,0.01043041,0.9379825,0.0034277448,0.0018981844,0.0024710605,0.026348334,0.002753123,0.017611582,0.0038371051,0.011802392,0.0050451816,0.02875275,0.005556213,0.009286619,0.0065437607,0.023298483,0.004878009,0.008402534,0.0066283,0.019673085,0.0049909856,0.0072062635,0.0062601594,0.011816672,0.0049107177,0.0072715054,0.0066030575,0.009149698,0.0048175645,0.0054814,0.0058084573
4978,/home/jupyter/dent_outputs/isic2019_v2/melanoma/hairs/seed4978/lambda_t_star5/style.png,0.00047141002,0.0046075336,0.096250154,0.0016390099,0.0009584708,0.015506756,0.98836565,0.06707794,0.00045505902,0.0030215066,0.9933828,0.008601491,0.0009777299,0.0027890932,0.34080347,0.013767788,0.0016787066,0.0029716953,0.30371562,0.014522403,0.0012285056,0.0016724373,0.15068811,0.011147261,0.0005260913,0.0009585982,0.048959423,0.005847421,0.00033369206,0.0006489315,0.021588601,0.0034913984,0.0003019244,0.0005199532,0.020141408,0.0028819905,0.0003173983,0.00039943733,0.012615881,0.0021702307
4138,/home/jupyter/dent_outputs/isic2019_v2/melanoma/hairs/seed4138/lambda_t_star5/style.png,0.0048150825,0.47266036,0.0016295749,0.0017811743,0.00095373887,0.00510775,0.9960756,0.003616197,0.0019022903,0.005832159,0.9894811,0.0037590207,0.0010820074,0.009456734,0.88829815,0.007939605,0.00067526725,0.0052891676,0.748239,0.0032807447,0.0009283437,0.007068958,0.46859476,0.0049241083,0.0008293524,0.0066769025,0.25173113,0.0062492825,0.0010400148,0.006308136,0.21294965,0.00792514,0.0011455652,0.0062341895,0.21373758,0.009172825,0.0011801196,0.005861967,0.17429742,0.008599805
4644,/home/jupyter/dent_outputs/isic2019_v2/melanoma/hairs/seed4644/lambda_t_star5/style.png,0.00024907218,0.0015323166,0.024272082,0.0012674031,0.0003559447,0.0045138146,0.9765205,0.0014981884,0.00028465793,0.0023835793,0.9050264,0.0010762746,0.00044422282,0.0032145402,0.78095466,0.0010714786,0.0011021312,0.0018584578,0.10709866,0.001557152,0.0013721968,0.001213014,0.07907543,0.001442519,0.0034166896,0.0013928687,0.014176077,0.002595301,0.0073805493,0.0018806071,0.008848082,0.0032018367,0.007708446,0.0021566984,0.008092543,0.0036273147,0.013562538,0.0028923287,0.0073722326,0.0042032693
4470,/home/jupyter/dent_outputs/isic2019_v2/melanoma/hairs/seed4470/lambda_t_star5/style.png,0.0011159115,0.069624014,0.14494984,0.0036054286,0.0017160233,0.011277414,0.9984579,0.008921914,0.0022860647,0.007681121,0.9844881,0.0038377156,0.00052864186,0.0062984345,0.14198206,0.0022844828,0.000531001,0.0015984093,0.015057587,0.002301267,0.0011878535,0.0015341261,0.011780208,0.0029643476,0.0017232037,0.0016554932,0.013736331,0.0042130467,0.0017209697,0.0017037797,0.012841605,0.00428663,0.002757073,0.0020460754,0.017923655,0.005514091,0.003396399,0.002227319,0.018495051,0.005751675
4038,/home/jupyter/dent_outputs/isic2019_v2/melanoma/hairs/seed4038/lambda_t_star5/style.png,0.011421492,0.011775672,0.005374867,0.0021429465,0.00044135557,0.0030364636,0.9981073,0.013431918,0.001058567,0.0032161113,0.9985135,0.0027128377,0.0017105214,0.0026372808,0.12324423,0.0046045254,0.0027335042,0.0030551972,0.045471594,0.0048194947,0.004115699,0.0029541207,0.028296331,0.0051151947,0.00676793,0.003034963,0.017405944,0.005534416,0.008530478,0.0034533148,0.017372457,0.0067560263,0.020317744,0.004034221,0.018544283,0.008172586,0.04778994,0.0044217,0.016450768,0.007277793
4516,/home/jupyter/dent_outputs/isic2019_v2/melanoma/hairs/seed4516/lambda_t_star5/style.png,0.00051886676,0.012510436,0.011461814,0.004726978,0.0017044287,0.008693873,0.96856403,0.032253157,0.00097557163,0.002397406,0.8284653,0.0040037623,0.0022286451,0.001795021,0.24284066,0.0040281713,0.0042885887,0.0028184846,0.051707476,0.006794709,0.0051449044,0.002637005,0.028106414,0.0053967033,0.0051829033,0.0025221307,0.008312,0.005898504,0.005670951,0.0023788738,0.0062829023,0.00505785,0.0066855983,0.0025166376,0.004022845,0.004484994,0.006500456,0.0025014754,0.0038119853,0.004630944
4012,/home/jupyter/dent_outputs/isic2019_v2/melanoma/hairs/seed4012/lambda_t_star5/style.png,0.012820224,0.038966168,0.0015387873,0.0019982576,0.0035459641,0.0016026191,0.99458426,0.0027509495,0.019275378,0.0012098139,0.29489753,0.0046050563,0.007088356,0.0010742275,0.019016182,0.003232947,0.006018046,0.0019231408,0.012819711,0.004409364,0.012824709,0.00526227,0.007543088,0.0040583913,0.023461297,0.007877706,0.006259987,0.0040658917,0.018420938,0.010829461,0.004807076,0.004584018,0.006091889,0.012049736,0.00428841,0.005365924,0.0061334632,0.011262425,0.0041632443,0.0062180683
4437,/home/jupyter/dent_outputs/isic2019_v2/melanoma/hairs/seed4437/lambda_t_star5/style.png,0.008541564,0.10148322,0.0035460535,0.0024644919,0.0016868414,0.008650334,0.9916305,0.011960884,0.0032258786,0.012139997,0.9918692,0.014550531,0.0029419914,0.0066485223,0.9860734,0.010224219,0.0022998487,0.0036814339,0.07968835,0.0070552416,0.006048852,0.0043961103,0.05053603,0.009717521,0.008228401,0.003860036,0.0337482,0.008599796,0.012363983,0.003488501,0.02367192,0.0071010934,0.0149675375,0.0034079072,0.018816885,0.0067595686,0.018479334,0.0042293174,0.01740464,0.007533613
4592,/home/jupyter/dent_outputs/isic2019_v2/melanoma/hairs/seed4592/lambda_t_star5/style.png,0.008444732,0.059419546,0.053518485,0.006591373,0.0011343446,0.022248605,0.9336477,0.008740239,0.0017711872,0.02491501,0.87903976,0.0070060245,0.005004991,0.024736496,0.58588713,0.011051634,0.16235778,0.004636097,0.007679594,0.0029701893,0.0015068272,0.006930928,0.004642095,0.0014854472,0.0025996666,0.009055538,0.005448432,0.001949418,0.36096743,0.01189724,0.005216816,0.0030275916,0.4153284,0.009374816,0.004465528,0.0028508569,0.43465173,0.006568794,0.0033759996,0.0024316565
4039,/home/jupyter/dent_outputs/isic2019_v2/melanoma/hairs/seed4039/lambda_t_star5/style.png,0.0007958342,0.0032509568,0.5956714,0.00090206624,0.0016280164,0.0017594602,0.9672107,0.0036604237,0.0011967671,0.002627917,0.9033562,0.004338708,0.0013008311,0.0044440255,0.8528724,0.011978196,0.0004408176,0.002175173,0.6265453,0.007975505,0.00033113337,0.0017102584,0.54478467,0.0055211163,0.0002734204,0.0010936612,0.4668569,0.0031688865,0.00028424818,0.0010179854,0.40790275,0.0030353034,0.0003014452,0.0008563558,0.3068252,0.0028749355,0.00026380512,0.0007250475,0.27198908,0.0025551466
4383,/home/jupyter/dent_outputs/isic2019_v2/melanoma/hairs/seed4383/lambda_t_star5/style.png,0.012548506,0.053419854,0.15622567,0.0025347385,0.0006543747,0.0050661545,0.95176065,0.022189206,0.0019008233,0.0012166904,0.14576642,0.001855233,0.00045363497,0.0007678582,0.106262885,0.0028485833,0.00079440564,0.0012247722,0.050519317,0.0047027064,0.0015755962,0.0009788871,0.025061177,0.0052680434,0.001272456,0.00091123785,0.014722622,0.0037930517,0.0017232954,0.001026588,0.00842259,0.00340467,0.0025108685,0.0008347366,0.008022305,0.0031545218,0.0032484669,0.00067538477,0.0056933495,0.002805539
4408,/home/jupyter/dent_outputs/isic2019_v2/melanoma/hairs/seed4408/lambda_t_star5/style.png,0.41572818,0.0041948534,0.0005727622,0.0010418395,0.0006177818,0.004151068,0.99252665,0.00118166,0.0004786165,0.004254102,0.98359203,0.0016482311,0.0007677016,0.0074878177,0.99005884,0.0026270135,0.0021459972,0.0055708704,0.034978315,0.004223572,0.0016955432,0.0065257535,0.028085787,0.0037368739,0.0020417687,0.0086732665,0.024731383,0.003698814,0.0032654747,0.007852474,0.017714698,0.003359272,0.0032993287,0.010435027,0.014976876,0.003217718,0.0032095446,0.011292747,0.020381413,0.0037148444
4253,/home/jupyter/dent_outputs/isic2019_v2/melanoma/hairs/seed4253/lambda_t_star5/style.png,0.002537832,0.03147558,0.004558223,0.0022028743,0.0025768543,0.006959645,0.9974855,0.003589775,0.0046363305,0.008314127,0.99513125,0.008860611,0.0066758017,0.006397359,0.96605045,0.011747351,0.0017106248,0.006933364,0.17675684,0.011499456,0.0022265466,0.004742766,0.040086452,0.009556731,0.0007101274,0.00090477435,0.007138651,0.0014522743,0.0011469676,0.001276778,0.0055074296,0.0018152265,0.0011930173,0.0010776098,0.003379868,0.00161943,0.0015890222,0.0010924278,0.00383728,0.0020466803
4479,/home/jupyter/dent_outputs/isic2019_v2/melanoma/hairs/seed4479/lambda_t_star5/style.png,0.008403472,0.005255652,0.023530671,0.0021292008,0.00090675056,0.007704923,0.9827671,0.003151682,0.0008421029,0.0077328486,0.9929677,0.001964308,0.0013200571,0.012469936,0.9806882,0.0023485112,0.03577069,0.007515663,0.005888924,0.0065287654,0.11179914,0.011226771,0.006481646,0.0083466135,0.245078,0.0111010345,0.006433587,0.007121048,0.2577859,0.012308528,0.006788694,0.007778438,0.3542332,0.0116618285,0.009082767,0.0073650097,0.31543854,0.008905061,0.0071752304,0.005493183
4869,/home/jupyter/dent_outputs/isic2019_v2/melanoma/hairs/seed4869/lambda_t_star5/style.png,0.30273253,0.0008441451,0.00076856575,0.0007182139,0.0003226422,0.0025960046,0.9861676,0.0012648706,0.0012935867,0.0020262522,0.97731507,0.0011098402,0.001097134,0.0016743888,0.98038495,0.0012208633,0.0013427556,0.0024565016,0.9952937,0.003468707,0.0017549853,0.0016551354,0.9914658,0.0011658752,0.0007257139,0.0018401719,0.0671944,0.0021128713,0.0009549255,0.0014347777,0.049231265,0.0019959905,0.0011152927,0.0011012617,0.017354079,0.0013825261,0.0018486768,0.0015821176,0.012019151,0.0016116919
4766,/home/jupyter/dent_outputs/isic2019_v2/melanoma/hairs/seed4766/lambda_t_star5/style.png,0.0034840186,0.10534175,0.9654209,0.018161215,0.0056783473,0.025115,0.9863723,0.024649642,0.003400078,0.018981025,0.7790705,0.026064778,0.0038717515,0.019953232,0.8228563,0.026390798,0.0033115945,0.016399425,0.82936615,0.0196417,0.0032027042,0.019671861,0.7490334,0.01872768,0.0023312988,0.016363474,0.6070517,0.012792038,0.0020359454,0.01282704,0.6038127,0.010703256,0.002293315,0.0125772245,0.51765543,0.010282079,0.0033933856,0.0165072,0.49010512,0.011681245
4574,/home/jupyter/dent_outputs/isic2019_v2/melanoma/hairs/seed4574/lambda_t_star5/style.png,0.0005146641,0.00178135,0.010163924,0.0014157608,0.00039785585,0.0024938153,0.9929213,0.0014284403,0.00036214283,0.0032060652,0.98984945,0.0018659196,0.0005547331,0.0037971968,0.98426986,0.002485268,0.00047548048,0.0014981034,0.7335766,0.0018280856,0.00081169227,0.0009788955,0.34486595,0.0014126612,0.0019921542,0.0007266049,0.022518639,0.0016723688,0.034873456,0.0009710884,0.008603858,0.0021260798,0.030588686,0.00090345234,0.0068483297,0.0019871076,0.038097285,0.000751697,0.006786871,0.0018975881
4711,/home/jupyter/dent_outputs/isic2019_v2/melanoma/hairs/seed4711/lambda_t_star5/style.png,0.40278885,0.0022673598,0.0041095098,0.0012353419,0.001019669,0.0048816632,0.9995472,0.016148495,0.00046853148,0.0039446745,0.99742484,0.014675489,0.00014821533,0.0013489112,0.056935612,0.009153736,0.00032804778,0.00215358,0.067506336,0.011981645,0.0003128293,0.0030196586,0.058673456,0.011042548,0.00034969737,0.0027090914,0.04642498,0.00947247,0.00049123884,0.0022013707,0.03387662,0.0085278135,0.00056034507,0.0017621557,0.022271246,0.008556364,0.0004468102,0.0015118164,0.017411172,0.006838277
4454,/home/jupyter/dent_outputs/isic2019_v2/melanoma/hairs/seed4454/lambda_t_star5/style.png,0.0039158985,0.24135862,0.00425999,0.0018069475,0.00230736,0.027975667,0.9871171,0.029330224,0.0028405979,0.03767299,0.95904046,0.017517721,0.004387874,0.020148968,0.94527566,0.009132702,0.0021788098,0.002828153,0.018565947,0.002458932,0.0005277334,0.2050977,0.0070241867,0.0022142068,0.0014147182,0.75391245,0.0024727385,0.0017523841,0.0027099496,0.64691114,0.002132558,0.0025003168,0.004695131,0.79269683,0.0015744038,0.0024319722,0.005699748,0.8686974,0.0013029142,0.0025160788
4244,/home/jupyter/dent_outputs/isic2019_v2/melanoma/hairs/seed4244/lambda_t_star5/style.png,0.0002127751,0.28329834,0.0013838059,0.0009011904,0.0038696483,0.0068142507,0.9961623,0.01034587,0.0025077583,0.0078091207,0.9974329,0.008689583,0.0014212305,0.0027883665,0.932377,0.005270613,0.0005876598,0.0030771627,0.46647838,0.0050343103,0.00028496425,0.0017411063,0.19010514,0.0025686596,0.00036787143,0.002636497,0.08920647,0.0028232248,0.00041311656,0.0021190543,0.07670548,0.0022084275,0.00039385914,0.0022007737,0.04671213,0.0020476417,0.0004287376,0.001781043,0.024824236,0.0016284396
4372,/home/jupyter/dent_outputs/isic2019_v2/melanoma/hairs/seed4372/lambda_t_star5/style.png,0.99740005,0.0018157397,0.00017763942,0.0003111986,0.0013105589,0.0027549367,0.99688065,0.0016723807,0.0033629346,0.0037584782,0.9937395,0.0033280142,0.002500086,0.0031037843,0.9764221,0.0052970336,0.024005847,0.013284626,0.90750355,0.011174605,0.046883382,0.011423458,0.7016203,0.010222892,0.12087556,0.007443837,0.37128022,0.0072595845,0.17095262,0.0033102129,0.037194017,0.004146391,0.30184612,0.003276497,0.024716388,0.003728488,0.3111978,0.0037376496,0.019716049,0.0037919602
4734,/home/jupyter/dent_outputs/isic2019_v2/melanoma/hairs/seed4734/lambda_t_star5/style.png,0.0017447119,0.0141818095,0.075369604,0.01521985,0.0012260905,0.026666235,0.97108895,0.15934786,0.003072253,0.025691055,0.9989336,0.036912616,0.0018305235,0.015073845,0.93937945,0.016804915,0.0025913282,0.013405254,0.96375716,0.017227666,0.00077214703,0.0026094113,0.010123007,0.006039467,0.00101282,0.0030715873,0.009312159,0.00678359,0.0016008919,0.0030728055,0.007886214,0.007084548,0.0039575757,0.003275637,0.007264638,0.0076090116,0.0057768906,0.0025930686,0.0061182478,0.007215736
4436,/home/jupyter/dent_outputs/isic2019_v2/melanoma/hairs/seed4436/lambda_t_star5/style.png,0.008633148,0.0084272865,0.062176857,0.010691769,0.003023067,0.0030016478,0.99036145,0.0047335983,0.003569091,0.0031316502,0.9803057,0.0042924695,0.018155372,0.0017685688,0.28585255,0.0021549196,0.014279652,0.0019752993,0.10169105,0.0023029712,0.031222934,0.0036423358,0.07172738,0.0035157471,0.15691796,0.0037592014,0.039969414,0.002974393,0.43818405,0.003486821,0.030275809,0.0023895134,0.71345466,0.0036034712,0.019441979,0.0021682293,0.7670018,0.0030833008,0.014019497,0.0018328067
4438,/home/jupyter/dent_outputs/isic2019_v2/melanoma/hairs/seed4438/lambda_t_star5/style.png,0.00012154734,0.0041029463,0.021880971,0.0010383788,0.0005128232,0.0018858822,0.21841183,0.001746712,0.0006144166,0.0013621437,0.032358896,0.0017558743,0.00087592745,0.0010926052,0.015741136,0.0021694708,0.0017616164,0.00073323003,0.012850821,0.0020430174,0.0022214719,0.00047000538,0.007934386,0.0016217243,0.002437702,0.00034054232,0.006773282,0.0014667733,0.0021961974,0.00033843066,0.007121497,0.0015419356,0.0017388402,0.00030349955,0.00685376,0.0015600421,0.00164896,0.00030360173,0.007881937,0.0018629665
4804,/home/jupyter/dent_outputs/isic2019_v2/melanoma/hairs/seed4804/lambda_t_star5/style.png,0.88069993,0.004809349,0.00017185611,0.00014994574,0.000937245,0.012148104,0.96468794,0.0103486525,0.01794477,0.2800037,0.66719943,0.056693483,0.1943699,0.092281125,0.00737991,0.009235926,0.2546464,0.053352393,0.00423832,0.006168583,0.5969858,0.101302706,0.004587259,0.007238005,0.8676941,0.022234015,0.0021371555,0.004569251,0.8947419,0.008769715,0.0010412218,0.0029670463,0.9228278,0.0050685345,0.0008024043,0.0025025907,0.93626076,0.004714385,0.0006574735,0.002118633
4205,/home/jupyter/dent_outputs/isic2019_v2/melanoma/hairs/seed4205/lambda_t_star5/style.png,0.02101731,0.2906358,0.091627814,0.045469463,0.001214465,0.008605994,0.99677175,0.0017721182,0.00042154515,0.0030649155,0.9976603,0.0011929544,0.0006697391,0.0029009888,0.99810743,0.0012476982,0.001504619,0.0034613835,0.99727386,0.0018086463,0.0021427688,0.002978548,0.41651568,0.0029337646,0.0059225094,0.004127654,0.13363737,0.006536985,0.013157665,0.00431907,0.040308688,0.0076968013,0.01861154,0.003973883,0.03219944,0.0064742747,0.014451063,0.0029708093,0.023082273,0.0046366756
4464,/home/jupyter/dent_outputs/isic2019_v2/melanoma/hairs/seed4464/lambda_t_star5/style.png,0.00025939825,0.002823778,0.016391188,0.0014383032,0.000987131,0.019297864,0.8818832,0.01344066,0.00074348715,0.027364735,0.8436014,0.019076666,0.00048850256,0.020411862,0.82135874,0.008313207,0.00072742417,0.007660777,0.020455709,0.0030406902,0.0011297206,0.006210724,0.017813772,0.0038324874,0.00088325795,0.005434768,0.014686974,0.00366196,0.0010068782,0.005216628,0.013389415,0.0037858516,0.00084180845,0.0042704255,0.010943297,0.0037388112,0.0008413602,0.0039198957,0.008116601,0.003302339
4724,/home/jupyter/dent_outputs/isic2019_v2/melanoma/hairs/seed4724/lambda_t_star5/style.png,0.85751915,0.0007765471,0.0012226333,0.0004977,0.00041691714,0.0023178682,0.91620797,0.005786015,0.00031393833,0.00087670557,0.8227124,0.002698693,0.00021349982,0.00048632143,0.76461893,0.0019199911,0.00017028641,0.0004511667,0.75123316,0.0018160666,0.00013522248,0.00039975235,0.59093463,0.001508662,0.0001349875,0.0004427339,0.54219157,0.0014640542,0.00011610852,0.00034885044,0.3784932,0.0009468677,0.00015359475,0.00036470094,0.29635635,0.00096506515,0.00017987734,0.00033772527,0.25131953,0.00095516705
4881,/home/jupyter/dent_outputs/isic2019_v2/melanoma/hairs/seed4881/lambda_t_star5/style.png,0.0067636813,0.0020359969,0.025863959,0.0014783166,0.00020028483,0.002898602,0.9859254,0.0015874557,0.00027199197,0.00330281,0.98093283,0.0020362514,0.00029417555,0.0028009005,0.9678799,0.002003501,0.000525966,0.0041478504,0.9556753,0.002460094,0.001361501,0.0040169074,0.8795262,0.004716377,0.009183522,0.0027261788,0.031801715,0.00542762,0.022159608,0.002341765,0.014859085,0.004250607,0.023291383,0.0025870588,0.011598542,0.0039203553,0.020818172,0.0026098236,0.010053398,0.003349917
4042,/home/jupyter/dent_outputs/isic2019_v2/melanoma/hairs/seed4042/lambda_t_star5/style.png,0.0017305013,0.39324552,0.07162417,0.023242958,0.00027574092,0.002446898,0.996458,0.001301416,0.00021572366,0.0025337853,0.9945134,0.0012404858,0.0014072855,0.013484219,0.99933606,0.006728,0.001953216,0.014587094,0.9991848,0.0069960924,0.00014585826,0.0016251513,0.1515833,0.0012914711,0.0001840959,0.0018359238,0.113627344,0.0013283436,0.0001663359,0.00163516,0.030540818,0.00087862235,0.00015478107,0.001489955,0.024485754,0.0008114773,0.00013883642,0.0012907272,0.022834348,0.0007349556
4631,/home/jupyter/dent_outputs/isic2019_v2/melanoma/hairs/seed4631/lambda_t_star5/style.png,0.02454367,0.018219791,0.0009497273,0.0025603191,0.001246967,0.008057112,0.99436593,0.009040074,0.0010287312,0.006499206,0.98941225,0.008278708,0.0015849478,0.0039928793,0.97250485,0.004898725,0.00094832573,0.0025292868,0.8188322,0.004293352,0.002417364,0.0026919856,0.05657607,0.008881965,0.001067676,0.0014184058,0.0145566715,0.0043236534,0.0009907401,0.0017309667,0.012290096,0.004578984,0.0010384262,0.001782686,0.010213835,0.004544627,0.0008750532,0.0014695004,0.008624684,0.0039310935
4194,/home/jupyter/dent_outputs/isic2019_v2/melanoma/hairs/seed4194/lambda_t_star5/style.png,0.0019052087,0.023881566,0.032372236,0.0032864283,0.0031981329,0.014749692,0.9996039,0.010432334,0.0006799585,0.0042845975,0.9952421,0.0018822217,0.0004975262,0.0047609443,0.99400985,0.0017651528,0.0011871521,0.004146702,0.03889033,0.005482323,0.0012272741,0.0042892992,0.032817714,0.0053096227,0.0014903437,0.003924266,0.019293154,0.004266457,0.0017846827,0.0044815973,0.013249105,0.0045475163,0.0018625914,0.0038620513,0.009380751,0.0041213823,0.0022603269,0.004020284,0.008386015,0.0040440536
4475,/home/jupyter/dent_outputs/isic2019_v2/melanoma/hairs/seed4475/lambda_t_star5/style.png,0.0041246205,0.11791086,0.00068605965,0.00070135645,0.0010810719,0.027939552,0.7543674,0.005700597,0.0017802633,0.015369121,0.7940117,0.0034322257,0.0009823224,0.0053501967,0.34532264,0.0024612162,0.0017483833,0.005740073,0.056003235,0.0030354084,0.0018574833,0.0066147693,0.025463007,0.00386285,0.0013286796,0.005732926,0.018027818,0.003499341,0.00066735555,0.006412376,0.01795093,0.002786454,0.00043745345,0.0049416767,0.011953961,0.0019383591,0.000490175,0.0056778654,0.010643228,0.0019347848
4552,/home/jupyter/dent_outputs/isic2019_v2/melanoma/hairs/seed4552/lambda_t_star5/style.png,0.010210491,0.01737963,0.0056209476,0.0013769397,0.0007564581,0.003905556,0.99503326,0.00603243,0.0012332998,0.0038327186,0.9988111,0.0059160753,0.0081058815,0.0046007354,0.9981552,0.0075580105,0.010676247,0.015144528,0.9658892,0.011006696,0.0030787133,0.010219057,0.804951,0.0064419284,0.0018410453,0.0062545165,0.78850883,0.0042591747,0.0011354283,0.004051901,0.6922088,0.0034185736,0.001073014,0.0038956183,0.7242857,0.0033079702,0.00091272156,0.0036265652,0.5489012,0.0030305034
4952,/home/jupyter/dent_outputs/isic2019_v2/melanoma/hairs/seed4952/lambda_t_star5/style.png,0.000614183,0.01336569,0.0077840774,0.0014484208,0.001568994,0.002479402,0.9967085,0.0018228308,0.0004430172,0.0026485287,0.9878669,0.001197939,0.00059031334,0.002449411,0.97915286,0.002163524,0.0010020784,0.0040552756,0.96771103,0.0026568964,0.00046287,0.002731212,0.03726617,0.0019736013,0.00048389193,0.002947006,0.034639217,0.0018268088,0.0005524969,0.0025810306,0.021453561,0.0020524256,0.0007447734,0.002799903,0.01894735,0.0019221068,0.0009308743,0.00281696,0.018232401,0.0023086173
4222,/home/jupyter/dent_outputs/isic2019_v2/melanoma/hairs/seed4222/lambda_t_star5/style.png,0.28808352,0.003782161,0.07590845,0.002670103,0.0007375631,0.0053221467,0.9844306,0.0032171602,0.0014925743,0.0006896464,0.074455276,0.0015718229,0.00015117088,0.0001530134,0.013693496,0.00096590264,0.00029560432,0.00015973607,0.009956666,0.0011034297,0.0003729414,0.00011358573,0.006381711,0.0008060207,0.00060544675,0.00013414126,0.0040065087,0.0008888418,0.0006654508,0.00017170246,0.0036050756,0.0010114575,0.00082075514,0.00019168812,0.003315582,0.0011077663,0.0010779907,0.0002116806,0.0028204327,0.0011610322
4121,/home/jupyter/dent_outputs/isic2019_v2/melanoma/hairs/seed4121/lambda_t_star5/style.png,0.017533273,0.3863486,0.006476489,0.008307965,0.0022766872,0.001613208,0.990265,0.003915908,0.0034438726,0.008694994,0.8441337,0.016994692,0.014142644,0.0065243565,0.93754613,0.011757868,0.049745325,0.010771445,0.18390895,0.017267568,0.045363378,0.0064463406,0.068887524,0.008078405,0.046889037,0.0058089257,0.033706278,0.0072284606,0.061953865,0.0049636625,0.018887298,0.0065364307,0.06376674,0.00448167,0.0133676445,0.0059955595,0.06571013,0.005032249,0.011785521,0.0067865243
4260,/home/jupyter/dent_outputs/isic2019_v2/melanoma/hairs/seed4260/lambda_t_star5/style.png,0.035988964,0.02300651,0.0019404986,0.0017147427,0.0050622933,0.032154247,0.9647503,0.39304373,0.0044236546,0.033284474,0.9223698,0.589846,0.0065533095,0.031368118,0.97522134,0.08924745,0.0032693553,0.019821892,0.9523666,0.08634296,0.003166828,0.017527293,0.9384343,0.053219073,0.0031930718,0.018733421,0.9098781,0.07734201,0.0025090028,0.015229988,0.84276897,0.078824036,0.0027077827,0.020569665,0.8584559,0.08989329,0.0028910623,0.02129675,0.8885873,0.08146315
4719,/home/jupyter/dent_outputs/isic2019_v2/melanoma/hairs/seed4719/lambda_t_star5/style.png,0.0015817321,0.091865666,0.0020734644,0.0022781845,0.00056886673,0.0022590926,0.99884665,0.0011323771,0.00040002665,0.002542522,0.9979457,0.001542725,0.00037106266,0.0031531383,0.9964832,0.0019857178,0.0013771324,0.0084513705,0.15176839,0.009204363,0.0016114279,0.002506635,0.20755558,0.004017785,0.0014260046,0.0014332093,0.0596163,0.0029136394,0.0012759569,0.0012841491,0.051065322,0.0026103808,0.0017682784,0.001376383,0.032654375,0.0027828233,0.0024208976,0.0018959461,0.024278147,0.003254726
4373,/home/jupyter/dent_outputs/isic2019_v2/melanoma/hairs/seed4373/lambda_t_star5/style.png,0.0023173313,0.011521995,0.02925341,0.0047819642,0.00076536706,0.0062245093,0.99601835,0.002960808,0.0022033625,0.007334972,0.550659,0.007014439,0.001025631,0.0040133605,0.327856,0.005041624,0.0012865248,0.0039651603,0.15821601,0.0052399375,0.020032562,0.003445642,0.029078847,0.0047062812,0.1357445,0.0041874545,0.011246644,0.0066448324,0.085862264,0.0045087887,0.008753837,0.009447269,0.051035967,0.0047612,0.006946183,0.009116622,0.041827902,0.0044450085,0.0060323356,0.008109628
4888,/home/jupyter/dent_outputs/isic2019_v2/melanoma/hairs/seed4888/lambda_t_star5/style.png,0.0008906683,0.0031628266,0.012055211,0.002326734,0.0005070021,0.0073263873,0.9940474,0.0085220495,0.00011692715,0.0009641439,0.30568248,0.0013716761,0.00022789746,0.00051529764,0.6750945,0.0016577637,0.00032493018,0.0006687823,0.62795705,0.0016240275,0.00015326923,0.00022527475,0.033201322,0.00050774426,0.00023257348,0.00037468167,0.020220688,0.00087763794,0.00043874452,0.00075750257,0.011891759,0.0020560317,0.00056929415,0.0013575623,0.0071941256,0.0026357735,0.0009114037,0.0019817897,0.0061335065,0.0036531168
4662,/home/jupyter/dent_outputs/isic2019_v2/melanoma/hairs/seed4662/lambda_t_star5/style.png,0.08879041,0.052757956,0.0018273741,0.003537997,0.0044436455,0.02887524,0.9493439,0.044792674,0.0058142375,0.0155392345,0.95312506,0.28233472,0.02326014,0.021596871,0.9038897,0.10558502,0.026644994,0.033034638,0.15926088,0.02588953,0.0053231036,0.3991648,0.092531666,0.009612588,0.00024510644,0.0038677044,0.00941387,0.0022893986,0.00014167075,0.0009891004,0.0006244188,0.00024864983,0.00028942345,0.0003403701,0.00012803712,0.00024538048,0.00029524637,0.00017727561,0.000116693904,0.00029467465
4398,/home/jupyter/dent_outputs/isic2019_v2/melanoma/hairs/seed4398/lambda_t_star5/style.png,0.07017442,0.11098181,0.0036797954,0.0031636925,0.0006193792,0.0027140728,0.95214266,0.001978034,0.0006900277,0.00429034,0.95695084,0.0033134175,0.00071409805,0.0039241076,0.9186926,0.0029703588,0.0022655623,0.0076762303,0.9979639,0.008662814,0.006137452,0.002108598,0.30518544,0.0027657065,0.022470724,0.0018885193,0.15084027,0.0025185943,0.041388094,0.0013326965,0.004533936,0.0039158524,0.028776128,0.0010028506,0.0032655443,0.0027553665,0.018974302,0.001415518,0.0028463777,0.0035689096
4622,/home/jupyter/dent_outputs/isic2019_v2/melanoma/hairs/seed4622/lambda_t_star5/style.png,0.23045434,0.053232986,0.0021651408,0.0019562284,0.0003434121,0.0023107755,0.9964474,0.0005475189,0.00013861789,0.0013161867,0.98798615,0.00038207785,0.00013649554,0.0013575371,0.9849016,0.0004951035,0.0012416106,0.004870654,0.9814027,0.00254693,0.00065304805,0.0035431215,0.95081455,0.0024291512,0.00051063206,0.0023025759,0.6447362,0.0025764583,0.0048503946,0.001495752,0.028487224,0.0021333434,0.0064092632,0.0014761763,0.024289032,0.0018308338,0.0048448257,0.0012393905,0.01923932,0.0012285713
4347,/home/jupyter/dent_outputs/isic2019_v2/melanoma/hairs/seed4347/lambda_t_star5/style.png,0.0012376887,0.0647368,0.0015667762,0.0011934981,0.028963244,0.19889738,0.9290771,0.86147034,0.013879485,0.0092423,0.99637824,0.20046203,0.0036996612,0.007762938,0.9580481,0.018131927,0.014690543,0.0020973764,0.11291319,0.0036240262,0.022134246,0.0026633763,0.13808563,0.007963592,0.07479591,0.0021085788,0.033078376,0.007452936,0.27293518,0.0038602762,0.004528711,0.0052907933,0.13586935,0.0033284966,0.003660843,0.0040537138,0.10724336,0.0020053382,0.0035209667,0.003890801
4075,/home/jupyter/dent_outputs/isic2019_v2/melanoma/hairs/seed4075/lambda_t_star5/style.png,0.0107237585,0.11856971,0.0032192802,0.0011942812,0.0041305497,0.024941739,0.9474482,0.020288683,0.004141303,0.16542622,0.23715799,0.022099745,0.006042637,0.16752408,0.60019493,0.06485436,0.013241675,0.20501354,0.6070105,0.07621835,0.0066609723,0.13183977,0.4492144,0.055380207,0.0022370575,0.14636077,0.05386517,0.01847586,0.004883957,0.23341052,0.0137057565,0.0105444025,0.0055972114,0.055364445,0.0138798775,0.01066236,0.0064386674,0.044505555,0.0091093695,0.010233426
4787,/home/jupyter/dent_outputs/isic2019_v2/melanoma/hairs/seed4787/lambda_t_star5/style.png,0.0006202524,0.005736795,0.008667361,0.00091755914,0.00041435187,0.003393058,0.97746575,0.0026650259,0.007520861,0.0058079674,0.90860003,0.0074127438,0.0051279017,0.004587725,0.033342734,0.0062534083,0.015127361,0.0040083625,0.020619934,0.0044814674,0.012320883,0.0053985594,0.016436933,0.004553219,0.020730197,0.004300331,0.01578765,0.0040023536,0.04192442,0.0024837614,0.009008468,0.0026812993,0.1147749,0.0019770043,0.007253687,0.0023376169,0.06741305,0.00187821,0.0055785393,0.0022935136
4216,/home/jupyter/dent_outputs/isic2019_v2/melanoma/hairs/seed4216/lambda_t_star5/style.png,0.0008383012,0.008368245,0.106799625,0.0036163826,0.0013404979,0.006549458,0.9979978,0.002217268,0.0011182629,0.0064791623,0.997537,0.0019944345,0.0010599833,0.0071448493,0.99683666,0.002043209,0.0017879631,0.00942051,0.99727625,0.002114386,0.0003228145,0.0037945781,0.04793318,0.0018844763,0.00040105399,0.0040837233,0.039880008,0.0020120237,0.00050928077,0.005460445,0.041075353,0.0025798746,0.000511283,0.004905268,0.037264533,0.0026286067,0.00048583446,0.0043120915,0.03295921,0.0026754213
4208,/home/jupyter/dent_outputs/isic2019_v2/melanoma/hairs/seed4208/lambda_t_star5/style.png,0.0037934408,0.027380265,0.19141395,0.022069333,0.002821326,0.011530884,0.9965352,0.0448209,0.0027402055,0.01595174,0.99379385,0.039453562,0.0037581834,0.034494534,0.98970103,0.043150473,0.0031435832,0.057239875,0.7232936,0.08063972,0.00382365,0.053442433,0.5148962,0.15173717,0.0074224793,0.031447526,0.14916374,0.041784037,0.004998697,0.016110612,0.07835106,0.019238401,0.0077153966,0.012783218,0.02451211,0.009218742,0.014077401,0.0120369885,0.014805529,0.006433264
4709,/home/jupyter/dent_outputs/isic2019_v2/melanoma/hairs/seed4709/lambda_t_star5/style.png,0.0005123832,0.0028281289,0.004274077,0.00068849383,0.0041146143,0.013000535,0.978109,0.027392073,0.0011425045,0.005401026,0.99577457,0.0040830793,0.00142715,0.0052143615,0.38022944,0.008815699,0.003098408,0.009870578,0.41878802,0.0072669806,0.002064512,0.014510553,0.33440083,0.0101012755,0.0017540456,0.010889988,0.19333567,0.007318966,0.0012782376,0.012664551,0.116839334,0.0059944717,0.00146374,0.015525737,0.085697025,0.0068346504,0.0017559505,0.02298397,0.0680716,0.0077741076
4591,/home/jupyter/dent_outputs/isic2019_v2/melanoma/hairs/seed4591/lambda_t_star5/style.png,0.0016160244,0.00050754123,0.020631652,0.0012721769,0.0009198157,0.002207501,0.99487805,0.0036760366,0.00062030467,0.0069422536,0.98783165,0.0016641081,0.004641751,0.009306011,0.011747103,0.0033706385,0.0044308743,0.0032118738,0.010628646,0.0036782662,0.0011580691,0.0011928083,0.008690943,0.0027069729,0.002098288,0.00081415835,0.0062994407,0.0026648715,0.005636152,0.0006494156,0.0047389385,0.0023316126,0.002355863,0.00054005685,0.0046283533,0.002339311,0.0023300215,0.0004895859,0.0045410865,0.0020936271
4849,/home/jupyter/dent_outputs/isic2019_v2/melanoma/hairs/seed4849/lambda_t_star5/style.png,0.5767899,0.031603053,0.0014279534,0.00094267627,0.001079811,0.003125853,0.998632,0.010475886,0.0026913288,0.0068300264,0.46647656,0.027864967,0.004604571,0.016870117,0.7857648,0.053635776,0.003513181,0.011180772,0.7146929,0.024695996,0.002985777,0.0060058264,0.28539976,0.016090473,0.0067600654,0.0047662524,0.17913684,0.011930497,0.35036382,0.0045881234,0.07865482,0.011167257,0.66842145,0.0039692298,0.0334664,0.0075521357,0.7128513,0.0041146083,0.02288189,0.0060268287
4149,/home/jupyter/dent_outputs/isic2019_v2/melanoma/hairs/seed4149/lambda_t_star5/style.png,0.9606372,0.004430096,0.014108166,0.002476108,0.0011963603,0.0082471045,0.9994247,0.008392925,0.0017724405,0.012982865,0.9995795,0.009392776,0.0012304602,0.0073551857,0.99833834,0.005590328,0.00082856417,0.005386971,0.996739,0.0038653752,0.00040067566,0.009679555,0.060472682,0.003830709,0.0005528624,0.011463116,0.058584265,0.0048434464,0.00062803656,0.010561042,0.044915278,0.00458651,0.0006666261,0.00886376,0.036607265,0.004356099,0.0006348357,0.009015476,0.03458742,0.003927591
4330,/home/jupyter/dent_outputs/isic2019_v2/melanoma/hairs/seed4330/lambda_t_star5/style.png,0.028246526,0.06376777,0.00087759027,0.0012568329,0.0006232012,0.0036288903,0.88078916,0.009618959,0.0006463037,0.004693409,0.5974877,0.009457971,0.00057272916,0.0022455887,0.2328773,0.006151246,0.00053155626,0.0028394056,0.07205594,0.0031645917,0.001065092,0.0026557609,0.049402647,0.003737937,0.0011497561,0.00238266,0.03752978,0.0044073174,0.0011059185,0.0014222073,0.03545059,0.004064797,0.0010727966,0.001228724,0.021275304,0.0036252472,0.0011751569,0.001194399,0.021634407,0.002964397
4565,/home/jupyter/dent_outputs/isic2019_v2/melanoma/hairs/seed4565/lambda_t_star5/style.png,0.01099783,0.022605924,0.017141132,0.0026510162,0.005252233,0.008584353,0.76243335,0.005956126,0.013247713,0.30206576,0.032386802,0.007842814,0.006996149,0.3763238,0.019719856,0.015062297,0.0058032167,0.3015302,0.008862492,0.014094306,0.007109813,0.2590255,0.010617977,0.019322371,0.00431519,0.19250008,0.006551631,0.011424326,0.0031550843,0.26653492,0.0025977397,0.0052575767,0.001601049,0.2035606,0.0013911468,0.0029915713,0.0008373504,0.20942515,0.00085044256,0.0021237987
4637,/home/jupyter/dent_outputs/isic2019_v2/melanoma/hairs/seed4637/lambda_t_star5/style.png,0.008490802,0.04191053,0.049515598,0.013976684,0.0018112495,0.009670696,0.9466443,0.0074532987,0.07162168,0.016846573,0.005591765,0.014064342,0.07729075,0.015455648,0.006476121,0.014073012,0.096222386,0.01194166,0.0042768153,0.010151601,0.084600575,0.01852001,0.0046852767,0.010669405,0.07876786,0.014962567,0.004516528,0.010895697,0.07651851,0.020618228,0.0042492067,0.009994341,0.0625058,0.012730084,0.0033483256,0.00820448,0.063594215,0.008518931,0.0025914228,0.007358856
4889,/home/jupyter/dent_outputs/isic2019_v2/melanoma/hairs/seed4889/lambda_t_star5/style.png,0.10289605,0.05277291,0.0024846592,0.0022953835,0.011027816,0.011486439,0.98782593,0.02411831,0.0047905133,0.011792104,0.9872044,0.041716646,0.0025627788,0.002447605,0.59390897,0.0031324557,0.007691879,0.002456364,0.2913303,0.0025348908,0.025770344,0.0020432586,0.033127632,0.0027064967,0.04944823,0.0019281869,0.011076809,0.0029476224,0.08165376,0.001886137,0.004309531,0.0026931032,0.042194188,0.0020502987,0.0020741422,0.0021651397,0.04433204,0.0023987452,0.0017078819,0.0018911579
4659,/home/jupyter/dent_outputs/isic2019_v2/melanoma/hairs/seed4659/lambda_t_star5/style.png,0.00067359227,0.019877844,0.028066248,0.0053142537,0.00022067306,0.0027448963,0.99056447,0.0018394749,0.00019318608,0.0025552388,0.9954016,0.0014282844,0.00023442309,0.0025751218,0.9900899,0.0017203522,0.005206932,0.0033172308,0.014526347,0.004927023,0.010315912,0.0042853137,0.013468738,0.0066453097,0.005783338,0.003299702,0.014021104,0.0047238786,0.0026717149,0.0034828251,0.012435233,0.004210569,0.0012706823,0.0024508482,0.009131874,0.002600343,0.001261723,0.0020400593,0.006093388,0.0021586027
4897,/home/jupyter/dent_outputs/isic2019_v2/melanoma/hairs/seed4897/lambda_t_star5/style.png,0.001017311,0.0032304896,0.30612212,0.0025124587,0.0007781872,0.002183297,0.9899234,0.0030770032,0.0011710274,0.0020119117,0.9699841,0.0035113015,0.001227978,0.0020653582,0.8660312,0.0072585503,0.001120703,0.005152364,0.51836383,0.013463961,0.0013943193,0.005400067,0.41540012,0.014626655,0.0011438003,0.006838225,0.33379346,0.017927846,0.0013762711,0.007813205,0.36154732,0.018013427,0.0014802389,0.008105299,0.27753863,0.01813421,0.0012458807,0.0071955766,0.25059667,0.018574433
4196,/home/jupyter/dent_outputs/isic2019_v2/melanoma/hairs/seed4196/lambda_t_star5/style.png,0.008631084,0.00478378,0.0008944114,0.0015779547,0.0035934234,0.05944435,0.9782525,0.007041889,0.01626953,0.066070035,0.9565626,0.028345998,0.0070607183,0.018376147,0.95119095,0.017247569,0.006749556,0.021299968,0.9729601,0.018760918,0.014224913,0.03828802,0.9180202,0.014829014,0.010485716,0.02634408,0.93298674,0.011364367,0.010589102,0.018880509,0.9345872,0.009426312,0.012098932,0.020638272,0.9416665,0.009837326,0.009998031,0.014350609,0.9526425,0.007361402
4358,/home/jupyter/dent_outputs/isic2019_v2/melanoma/hairs/seed4358/lambda_t_star5/style.png,0.00061127037,0.0006643808,0.17199223,0.0015489329,0.0005375932,0.0027786752,0.99481213,0.0061407513,0.00027104863,0.0006858139,0.8957712,0.0011214546,0.00035908615,0.00037648194,0.3570713,0.0013461814,0.0002875345,0.0003092115,0.14536868,0.0016566167,0.00031441668,0.0002624174,0.098023444,0.001276164,0.0003303325,0.00032799458,0.056871846,0.0010618935,0.00045678354,0.00028619438,0.042819966,0.0009103362,0.00047550543,0.0002996692,0.031332716,0.0008564024,0.0005549637,0.00028772617,0.033503823,0.00083753397
4856,/home/jupyter/dent_outputs/isic2019_v2/melanoma/hairs/seed4856/lambda_t_star5/style.png,0.0038375114,0.008967091,0.00052481395,0.00033152127,0.0021956833,0.0051219254,0.610643,0.011663983,0.00032706565,0.0009563632,0.07837155,0.0019900901,0.0005134458,0.00067702134,0.12327172,0.0027230342,0.00077113154,0.000770029,0.13570346,0.0029887296,0.0007628349,0.00077857147,0.10268211,0.0029898551,0.0006715178,0.0005806737,0.06846387,0.0024376274,0.00062134484,0.0005467107,0.058570802,0.0029460436,0.00060334674,0.0004946612,0.037485998,0.0022405428,0.0010328911,0.00043591115,0.042809296,0.0020973184
4425,/home/jupyter/dent_outputs/isic2019_v2/melanoma/hairs/seed4425/lambda_t_star5/style.png,0.0064369957,0.032121122,0.0027634492,0.00042162894,0.00618138,0.02663411,0.9932105,0.036542177,0.0023393275,0.02695608,0.976504,0.035759438,0.0028248255,0.028676495,0.9768047,0.024002317,0.004075137,0.036345974,0.97726053,0.02108809,0.0047776727,0.033951532,0.972765,0.017273074,0.003510107,0.02325213,0.9555183,0.013643886,0.0032824632,0.024695478,0.9547904,0.010877406,0.0025600998,0.024743589,0.92604494,0.011018299,0.0023390194,0.022010406,0.9213068,0.010753595
4624,/home/jupyter/dent_outputs/isic2019_v2/melanoma/hairs/seed4624/lambda_t_star5/style.png,0.00021971231,0.09010859,0.0015211174,0.0012509086,0.0015138902,0.019993195,0.68198293,0.008278892,0.008439778,0.055601794,0.67091656,0.018131193,0.008492082,0.09255926,0.80750567,0.037839647,0.15267584,0.092606425,0.60048884,0.14762798,0.22374795,0.011131473,0.121535026,0.011098721,0.12432174,0.05138345,0.007541389,0.00652914,0.051304564,0.2727691,0.0023048555,0.0030883513,0.037873082,0.4650024,0.0015416648,0.0031048642,0.045399684,0.5128356,0.0011685742,0.0030317064
4721,/home/jupyter/dent_outputs/isic2019_v2/melanoma/hairs/seed4721/lambda_t_star5/style.png,0.00057138107,0.18464917,0.00069364574,0.00023618423,0.0003633858,0.0022824674,0.9954365,0.016774397,0.0006050472,0.0020384465,0.99711156,0.0017689132,0.00094631617,0.004935275,0.23275161,0.0073323655,0.0013689363,0.0036318847,0.024580043,0.003056509,0.0022981,0.0033511622,0.024235206,0.0027787518,0.0031392558,0.002443789,0.011155832,0.0023963512,0.0034025332,0.0020903032,0.0073741977,0.0021796343,0.0034178132,0.0018032866,0.007854247,0.0022168832,0.0029759859,0.0016432569,0.0067501157,0.0019321523
4418,/home/jupyter/dent_outputs/isic2019_v2/melanoma/hairs/seed4418/lambda_t_star5/style.png,0.011676517,0.056827635,0.0012126352,0.0036593822,0.0016170795,0.008572876,0.9607072,0.0059876055,0.0022361788,0.009071092,0.843271,0.007579038,0.0015476207,0.009906512,0.88981086,0.009013837,0.002799923,0.148099,0.97639465,0.01685406,0.0016703446,0.10362454,0.8844158,0.009601206,0.0010948214,0.047335763,0.820428,0.015943583,0.00104339,0.12594604,0.3698669,0.015124206,0.00073766784,0.085282005,0.24433912,0.009113223,0.00063295587,0.11438782,0.18593752,0.007548059
4502,/home/jupyter/dent_outputs/isic2019_v2/melanoma/hairs/seed4502/lambda_t_star5/style.png,0.002652513,0.10398243,0.0004322953,0.00033771724,0.0015442838,0.009996751,0.9842896,0.009197521,0.003295472,0.0096092215,0.95822793,0.017681696,0.0036581166,0.00776101,0.120277956,0.011521522,0.0036517892,0.0028097297,0.022961147,0.008372334,0.003242152,0.0023398353,0.01140224,0.0076655555,0.0032355508,0.002311524,0.007532291,0.007152622,0.004099869,0.0028181039,0.0056672124,0.007867292,0.0048710336,0.0025681404,0.004646508,0.0072656865,0.0054322835,0.0026854605,0.0048402157,0.007159699
4037,/home/jupyter/dent_outputs/isic2019_v2/melanoma/hairs/seed4037/lambda_t_star5/style.png,0.19939648,0.00850284,0.0020503416,0.0013256086,0.0027763983,0.023623267,0.9940767,0.008030554,0.0040779132,0.014751839,0.96007365,0.037253194,0.0057382393,0.9980932,0.004432915,0.0065661026,0.0015046492,0.9689311,0.007051612,0.006724508,0.00074562704,0.8182576,0.0030593025,0.002793553,0.00037985723,0.4017127,0.0023122951,0.0016851841,0.0002658886,0.23467335,0.0017130141,0.0023070693,0.00017477099,0.17336161,0.0014673915,0.002405044,0.00013466031,0.14226465,0.0010787618,0.0019306006
4948,/home/jupyter/dent_outputs/isic2019_v2/melanoma/hairs/seed4948/lambda_t_star5/style.png,0.013633674,0.054976158,0.08092548,0.0051725404,0.0008891264,0.008973144,0.99376017,0.0028799195,0.000698983,0.008719764,0.99277484,0.0024995592,0.0005934106,0.007250037,0.73889637,0.010273135,0.00017041327,0.0018451236,0.052107744,0.0013088961,0.00017401141,0.001518021,0.03300149,0.0012634919,0.00025943562,0.0019623225,0.02959279,0.0015583512,0.0003709656,0.0018379645,0.022219175,0.0017514528,0.0004939912,0.0022068163,0.016845988,0.0022394035,0.00052385137,0.0024605773,0.014130695,0.002374635
4905,/home/jupyter/dent_outputs/isic2019_v2/melanoma/hairs/seed4905/lambda_t_star5/style.png,0.16543171,0.006984812,0.005890108,0.0020222322,0.0029380831,0.008292021,0.9969729,0.01216931,0.0012235973,0.0003706151,0.40086734,0.0008994678,0.002620578,0.00072784367,0.407043,0.0017957737,0.00085158536,0.0008540876,0.10706535,0.0019028961,0.0020441243,0.0014548129,0.04571307,0.0035701648,0.0020324152,0.002039477,0.03368031,0.004504878,0.001973071,0.0018274994,0.025126679,0.0049285335,0.002010567,0.0017201196,0.018683266,0.0053198524,0.0019917085,0.0013977934,0.016157102,0.0048005404
4550,/home/jupyter/dent_outputs/isic2019_v2/melanoma/hairs/seed4550/lambda_t_star5/style.png,0.036431283,0.14642647,0.006111994,0.014338312,0.0019420369,0.18378067,0.8828732,0.021634612,0.15535541,0.233333,0.0065032253,0.017182337,0.06411638,0.15180658,0.0032412182,0.010602694,0.07496073,0.20156486,0.00612344,0.021529868,0.06474282,0.18012488,0.005101916,0.018207202,0.049016517,0.1541422,0.004272247,0.016178219,0.037417553,0.1395903,0.002650366,0.0114701595,0.03217797,0.15294538,0.0035204848,0.016078612,0.027082516,0.115231805,0.00295078,0.014683766
4379,/home/jupyter/dent_outputs/isic2019_v2/melanoma/hairs/seed4379/lambda_t_star5/style.png,0.00047996014,0.010359911,0.017636135,0.0012703816,0.001386213,0.003140805,0.99851257,0.00090894557,0.00090773695,0.0048592687,0.99845946,0.0011731623,0.0016089864,0.0065750233,0.9980697,0.0017263858,0.0021697022,0.0056254244,0.99744093,0.0021423427,0.000991985,0.0047107553,0.99311686,0.002127638,0.0005952065,0.0052887034,0.022777302,0.0016745579,0.00036457964,0.0022917304,0.033161364,0.0024957638,0.00032156345,0.0021750303,0.026159415,0.0022094178,0.000329244,0.0019422392,0.020520588,0.001856756
4024,/home/jupyter/dent_outputs/isic2019_v2/melanoma/hairs/seed4024/lambda_t_star5/style.png,0.01481346,0.03872042,0.00038726398,0.0011723578,0.00091902545,0.009993218,0.9707463,0.012326901,0.0016005078,0.038387302,0.82622015,0.14312628,0.0005246234,0.09029204,0.036266606,0.05701502,0.0010619865,0.07743233,0.018094683,0.02805215,0.0036088717,0.13080214,0.039116118,0.054605152,0.0018818822,0.13015883,0.022289557,0.028203232,0.0042146454,0.096558966,0.029479258,0.037226308,0.0062271324,0.09814494,0.028640753,0.038835216,0.007159591,0.1016392,0.024954688,0.034394763
4035,/home/jupyter/dent_outputs/isic2019_v2/melanoma/hairs/seed4035/lambda_t_star5/style.png,0.001134991,0.028798738,0.048865225,0.002903188,0.0001763566,0.004613952,0.3152685,0.0026372792,0.00023146343,0.0035941214,0.11274308,0.0021814278,0.00036440225,0.0007865558,0.012610585,0.0021328402,0.00040512535,0.0009244767,0.010570284,0.0023304129,0.0005338305,0.0011064928,0.009415577,0.0029855417,0.000659356,0.0010891493,0.0075530577,0.0031293377,0.0007164911,0.0011809529,0.0065962463,0.0034976183,0.00066640245,0.0009837389,0.0060576396,0.0030878994,0.0007205942,0.0011062467,0.006927587,0.0035581612
4525,/home/jupyter/dent_outputs/isic2019_v2/melanoma/hairs/seed4525/lambda_t_star5/style.png,0.58282065,0.0019765114,0.0005097154,0.00021978901,0.00048489435,0.010148752,0.9943112,0.001646403,0.00036354797,0.007991203,0.99239725,0.0014334959,0.0006805534,0.01230245,0.99372745,0.0018351113,0.002050526,0.05435311,0.9924109,0.013132645,0.012934998,0.029609954,0.04880375,0.007616321,0.013527629,0.012045776,0.011389385,0.004128814,0.06001329,0.0075587146,0.0073799863,0.003472609,0.0020788002,0.0073304395,0.0023132788,0.0022334112,0.0017491025,0.012093188,0.0019316145,0.0022348438
4490,/home/jupyter/dent_outputs/isic2019_v2/melanoma/hairs/seed4490/lambda_t_star5/style.png,0.009888358,0.054383412,0.0015048699,0.0038081664,0.0014787503,0.14554742,0.93962276,0.021861864,0.0054586194,0.6645239,0.8142415,0.047724664,0.00458964,0.69374377,0.8845806,0.085180104,0.0024342998,0.2656271,0.28470558,0.023302726,0.0032804469,0.0034018478,0.42748526,0.008043502,0.0054942225,0.0051608547,0.025602408,0.009871235,0.005904267,0.0066477507,0.006897136,0.010258164,0.010169798,0.00534788,0.0055086575,0.009591104,0.008732398,0.0056697982,0.0054022474,0.010559811
4248,/home/jupyter/dent_outputs/isic2019_v2/melanoma/hairs/seed4248/lambda_t_star5/style.png,0.10084954,0.01996464,0.08652043,0.0041654985,0.0016876172,0.00094400917,0.23997486,0.014213578,0.00512697,0.00081980706,0.20635873,0.011162368,0.0075556715,0.00075419614,0.079526894,0.007082177,0.00534838,0.0005705264,0.03141245,0.00387882,0.007240331,0.0004139602,0.016564062,0.0026860433,0.011946455,0.00034936948,0.0099064745,0.0023382485,0.0052752024,0.00045692443,0.0097172735,0.0028734829,0.0058002984,0.0004017701,0.0060469,0.0025771987,0.0078284005,0.0003506254,0.00413916,0.002431875
4818,/home/jupyter/dent_outputs/isic2019_v2/melanoma/hairs/seed4818/lambda_t_star5/style.png,0.0024410645,0.51266575,0.017863967,0.0010542872,0.0033535776,0.00086691143,0.96333605,0.0021724177,0.0069895894,0.007806997,0.96061635,0.014238881,0.010340139,0.0033446578,0.98880196,0.018808853,0.04039222,0.0033332235,0.97824186,0.023573996,0.34377247,0.0022261504,0.3376814,0.007985486,0.13773854,0.0007610973,0.034546927,0.0021745833,0.16400482,0.00071393856,0.043579362,0.0021067476,0.118106455,0.0006205374,0.02136252,0.0013641715,0.15167835,0.0005021555,0.014648806,0.001072903
4537,/home/jupyter/dent_outputs/isic2019_v2/melanoma/hairs/seed4537/lambda_t_star5/style.png,0.011189632,0.04452599,0.021032041,0.014509061,0.0005153097,0.0015091455,0.98812777,0.00067879894,0.00025936737,0.00084733637,0.98826116,0.005666667,0.0008122075,0.0024157763,0.9742931,0.0035268487,0.00084818696,0.0020210422,0.02475255,0.004676075,0.0012653624,0.0017274423,0.016463596,0.0070546805,0.0006947582,0.0027741957,0.00795759,0.0033322843,0.0012309907,0.0020129238,0.015512863,0.0063520903,0.0015890147,0.001622716,0.016985238,0.0067285574,0.0016428971,0.0016418102,0.018061046,0.0071652946
4112,/home/jupyter/dent_outputs/isic2019_v2/melanoma/hairs/seed4112/lambda_t_star5/style.png,0.0020342486,0.007636687,0.0015334972,0.0018606846,0.0016882761,0.011787881,0.9931179,0.015025189,0.0016030107,0.0032117958,0.9964586,0.0020809676,0.0013477292,0.008774703,0.090894945,0.004876456,0.0008497486,0.0044782413,0.024801256,0.003122219,0.0010136097,0.0054736286,0.021917941,0.0036167076,0.0007753921,0.0031413692,0.011729489,0.002267772,0.00089336256,0.0030483955,0.006208078,0.0017898824,0.0009602413,0.0031191972,0.0066636926,0.0021162098,0.0010685149,0.0031909111,0.0049430183,0.0018245018
4900,/home/jupyter/dent_outputs/isic2019_v2/melanoma/hairs/seed4900/lambda_t_star5/style.png,0.0021494124,0.0018623981,0.023427783,0.0043712324,0.00018659137,0.00033430566,0.0549426,0.0013095544,0.00036955616,0.00043368794,0.029961854,0.0016705905,0.0005409739,0.0003499388,0.015642593,0.0016720232,0.0009158331,0.00029074514,0.0129887005,0.0018540273,0.0010636182,0.0002911282,0.012527354,0.0020162554,0.0011409764,0.00031994822,0.01076857,0.0022642005,0.0015839059,0.00030582002,0.008435968,0.002423233,0.0017962185,0.0003088553,0.006308972,0.0025654936,0.0019720683,0.0003684628,0.005773588,0.0029103374
4604,/home/jupyter/dent_outputs/isic2019_v2/melanoma/hairs/seed4604/lambda_t_star5/style.png,0.001010594,0.032708667,0.030555513,0.0041450267,0.0005037237,0.0045553395,0.9954034,0.0014155754,0.00016320166,0.0013686898,0.2861197,0.002072332,0.00028153005,0.0016656924,0.17482805,0.0019803678,0.00038844696,0.0023030303,0.16901733,0.0022828716,0.0004919291,0.0026224847,0.087650165,0.0023726162,0.00047762386,0.0027674416,0.04597406,0.0021601706,0.0005363636,0.001938299,0.036182705,0.0020884194,0.000489209,0.0018423883,0.025716737,0.0020634327,0.00045351262,0.0018391598,0.019029137,0.001932865
4077,/home/jupyter/dent_outputs/isic2019_v2/melanoma/hairs/seed4077/lambda_t_star5/style.png,0.26962727,0.017678574,0.0007071735,0.0021074763,0.0012246129,0.005658878,0.94361615,0.007304697,0.00033405877,0.0016674481,0.85814404,0.004582374,0.0010771762,0.0037943295,0.9389605,0.008652411,0.0012788945,0.0023276627,0.04194354,0.0038151012,0.003112917,0.001337485,0.0008381331,0.0013920114,0.004583209,0.00073994725,0.0005613086,0.0011459291,0.0012432656,0.0009064292,0.00060597324,0.0012833079,0.0006338055,0.0009587763,0.0005862905,0.0014193355,0.00047514949,0.0008815204,0.00044105735,0.0011031611
4192,/home/jupyter/dent_outputs/isic2019_v2/melanoma/hairs/seed4192/lambda_t_star5/style.png,0.0022144767,0.011698338,0.009305427,0.0023760623,0.00045072183,0.001086053,0.77631336,0.0028262655,0.0006419852,0.0005302057,0.33641225,0.0015622178,0.0014443782,0.0006591405,0.12432555,0.0029569748,0.0024125904,0.00093722536,0.07031086,0.004409073,0.0038358273,0.00082033494,0.07862684,0.0031812147,0.056236826,0.0014097623,0.016974358,0.005927199,0.06359198,0.0013477004,0.011052224,0.0050980886,0.055367425,0.0014762909,0.007565282,0.0050016316,0.12915337,0.0010956309,0.0062270113,0.0037905893
4198,/home/jupyter/dent_outputs/isic2019_v2/melanoma/hairs/seed4198/lambda_t_star5/style.png,0.0050797598,0.10908662,0.003040933,0.0018782243,0.0005369564,0.007850795,0.9594035,0.006263411,0.00029103912,0.0003130244,0.17001571,0.0010924021,0.000991497,0.004183537,0.025585154,0.0026974934,0.0012534288,0.004183471,0.016740832,0.0038658618,0.0004502173,0.0015466332,0.0146139935,0.0031009289,0.00024091561,0.0011985565,0.007274022,0.0023361004,0.00016861802,0.00059972535,0.0042275367,0.0013778763,0.00019582495,0.0005507292,0.004293285,0.0013694753,0.0002357145,0.0004225294,0.003656322,0.0014173433
4488,/home/jupyter/dent_outputs/isic2019_v2/melanoma/hairs/seed4488/lambda_t_star5/style.png,0.0005708832,0.02681373,0.10208032,0.004223171,0.0004789127,0.012668849,0.97251344,0.031862378,0.0009315601,0.015649276,0.96153885,0.09727311,0.0008352491,0.012025024,0.8468409,0.19051519,0.0005056136,0.0053349775,0.7100463,0.010537058,0.0007571198,0.0021147593,0.18967707,0.005533217,0.00073167525,0.0017025644,0.018459488,0.0044629467,0.0005413977,0.0010035353,0.006917042,0.0026515091,0.00036913098,0.0009735669,0.0061486983,0.002306537,0.00035494,0.0010740509,0.0073798476,0.0025759742
4394,/home/jupyter/dent_outputs/isic2019_v2/melanoma/hairs/seed4394/lambda_t_star5/style.png,0.18153077,0.0063720606,0.0030516058,0.0011914314,0.035951145,0.044017047,0.6394845,0.03988945,0.012728567,0.055339538,0.029385857,0.041851863,0.004901001,0.08363539,0.0077219894,0.015210813,0.003956428,0.04550042,0.01957682,0.012373321,0.0005633343,0.011219491,0.018936994,0.0030100427,0.002389643,0.04874866,0.010733198,0.0043865205,0.0021696608,0.045303,0.009336098,0.0058873557,0.002440614,0.047221456,0.009967277,0.0073430976,0.0023599581,0.048286907,0.010546786,0.008594252
4040,/home/jupyter/dent_outputs/isic2019_v2/melanoma/hairs/seed4040/lambda_t_star5/style.png,0.017206937,0.02256656,0.010361123,0.0035054334,0.0003157489,0.0030306778,0.99212897,0.0020774088,0.0036830625,0.008375707,0.45753795,0.010858918,0.0036499419,0.007449881,0.06386289,0.006710416,0.0058685117,0.0108713135,0.016309606,0.0064695803,0.019637404,0.009535581,0.011158957,0.0067650974,0.0095831035,0.012306506,0.009249716,0.0065044975,0.012838928,0.01720427,0.006803503,0.0053095045,0.04930478,0.020548258,0.005151127,0.004978869,0.05623375,0.020906376,0.005109621,0.0051973257
4544,/home/jupyter/dent_outputs/isic2019_v2/melanoma/hairs/seed4544/lambda_t_star5/style.png,0.031490486,0.002974805,0.0023783774,0.00053058617,0.00047378548,0.0010717042,0.046767637,0.0036449065,0.0022827457,0.0018388218,0.03562278,0.011493859,0.0041512833,0.002608306,0.024837993,0.015095673,0.0058420375,0.0029257927,0.020251678,0.016336404,0.0070441975,0.0029489764,0.017367892,0.017289568,0.008105499,0.0031282343,0.016114468,0.017242698,0.0077728527,0.002677301,0.014453075,0.015376947,0.005712579,0.0020041647,0.012342423,0.01192816,0.0046419716,0.0016061815,0.010705034,0.010225691
4235,/home/jupyter/dent_outputs/isic2019_v2/melanoma/hairs/seed4235/lambda_t_star5/style.png,0.023211008,0.02950543,0.0009117772,0.0015494596,0.0024471763,0.01953549,0.9947214,0.013587466,0.0017851127,0.011909359,0.99877614,0.04222337,0.0007059863,0.013743593,0.9880354,0.35675126,0.0005682054,0.0071026166,0.9765227,0.28227726,0.0002454364,0.00082472997,0.562108,0.0055618226,0.0003926299,0.001048275,0.64306784,0.0054605454,0.0003441154,0.0007996617,0.43151373,0.004525685,0.00031760958,0.0007226876,0.25264183,0.0043409513,0.00041530113,0.00083962316,0.116890185,0.0052275867
4286,/home/jupyter/dent_outputs/isic2019_v2/melanoma/hairs/seed4286/lambda_t_star5/style.png,0.00028131407,0.0068387976,0.043607876,0.004139761,0.0017856224,0.010683073,0.99675494,0.0039663804,0.0004828642,0.01791023,0.48366565,0.005970163,0.012256448,0.00458265,0.0332532,0.002424175,0.019212713,0.0019897637,0.015207512,0.0030525706,0.053932562,0.0027596424,0.011154044,0.0033193722,0.038522813,0.003127831,0.009138434,0.003818379,0.018475426,0.0029178106,0.008303283,0.004166626,0.0077083474,0.002521531,0.007327445,0.0035783688,0.00811424,0.002697007,0.007350188,0.0038773115
4518,/home/jupyter/dent_outputs/isic2019_v2/melanoma/hairs/seed4518/lambda_t_star5/style.png,0.01477661,0.013018027,0.25555578,0.009061553,0.00030186796,0.0026203452,0.77340525,0.0017077918,0.0002937787,0.0034472733,0.92565054,0.0016238343,0.00022997086,0.003915724,0.8315213,0.0015914782,0.0002871181,0.0029049239,0.5775301,0.001510796,0.0011377621,0.004488808,0.13933448,0.0023286662,0.33654857,0.0034738404,0.00586738,0.0065081315,0.45738748,0.0053056884,0.0065928716,0.009696381,0.077533185,0.007563417,0.00424449,0.009372128,0.020378685,0.006164124,0.003956944,0.0081763165
4223,/home/jupyter/dent_outputs/isic2019_v2/melanoma/hairs/seed4223/lambda_t_star5/style.png,0.0017250716,0.0014428515,0.0024237079,0.0020003326,0.0010238552,0.005358244,0.98463273,0.0024048907,0.0008545748,0.0010406437,0.018663976,0.0027231975,0.0007527572,0.0005909489,0.010337242,0.0021185756,0.00062280544,0.0005964431,0.0090932185,0.0019825879,0.0006215981,0.00067912444,0.007987552,0.002085592,0.0006573334,0.0006745932,0.0076085296,0.0021459984,0.00085485907,0.0006737572,0.0073441337,0.0024187395,0.0010160741,0.00067731686,0.008062216,0.0028019554,0.0011113717,0.0005573085,0.005965563,0.002161361
4793,/home/jupyter/dent_outputs/isic2019_v2/melanoma/hairs/seed4793/lambda_t_star5/style.png,0.00037967437,0.0022506262,0.014335183,0.0011216647,0.00043945084,0.0016074881,0.99606955,0.00072138914,0.000475147,0.002270136,0.99189925,0.001157047,0.0023145291,0.0033127503,0.9994861,0.0038936888,0.0027669705,0.002700127,0.99830496,0.0034602997,0.0010642107,0.0014250613,0.94785106,0.0018509387,0.0006627975,0.0013154962,0.7834807,0.0015382196,0.00028143908,0.00081204466,0.04113525,0.0013862209,0.00060269353,0.00042218014,0.038567014,0.00095046865,0.0005797968,0.000422557,0.03619284,0.0010526046
4865,/home/jupyter/dent_outputs/isic2019_v2/melanoma/hairs/seed4865/lambda_t_star5/style.png,0.077762745,0.0044702003,6.504832e-05,0.00010870974,0.00182589,0.0029965404,0.9977556,0.0011680184,0.0101357885,0.009865378,0.9956891,0.0043863957,0.007941262,0.005163678,0.99351776,0.0027626716,0.013757342,0.0060368315,0.99218965,0.0034449708,0.01503546,0.0048569306,0.9884201,0.0032865487,0.013421048,0.0038107957,0.9836791,0.0029486162,0.013628339,0.0038334306,0.97969913,0.0027944804,0.010814327,0.0032156361,0.974164,0.0023937866,0.012904178,0.0033518472,0.9718474,0.002679697
4771,/home/jupyter/dent_outputs/isic2019_v2/melanoma/hairs/seed4771/lambda_t_star5/style.png,0.0019404597,0.10749476,0.037680227,0.0022536016,0.0021527573,0.008544609,0.9985071,0.003467059,0.0014041194,0.009538518,0.9907877,0.0049296767,0.03820036,0.0042589,0.035240095,0.010935254,0.0580609,0.004396753,0.023915017,0.011309487,0.062033474,0.0037853965,0.0110961255,0.00839921,0.061212085,0.0038282569,0.009014076,0.008290284,0.080301404,0.0033546854,0.0061531146,0.006062468,0.05179861,0.00322248,0.0052428166,0.0048825503,0.04617518,0.0031127157,0.005264921,0.004848121
4823,/home/jupyter/dent_outputs/isic2019_v2/melanoma/hairs/seed4823/lambda_t_star5/style.png,0.0021994244,0.010515949,0.030399475,0.0034092953,0.0017937953,0.0025055953,0.15280886,0.004392968,0.0007784624,0.00096767157,0.036515728,0.0016378056,0.00036568797,0.00071619824,0.023726786,0.0013258809,0.00047234874,0.0018566347,0.019330097,0.0012051625,0.00056826195,0.0036196003,0.020089777,0.0013365733,0.0006983478,0.006673532,0.01404862,0.0013747102,0.0007412346,0.0066830404,0.012403728,0.0015065502,0.00092759967,0.004780006,0.010737608,0.0017034942,0.0011905353,0.0052729184,0.008588773,0.0016629772
4825,/home/jupyter/dent_outputs/isic2019_v2/melanoma/hairs/seed4825/lambda_t_star5/style.png,0.0053584604,0.014719191,0.0029101742,0.0034848931,0.0005888669,0.00412492,0.93992406,0.0038287137,0.0011419207,0.0005989305,0.010976119,0.0016097741,0.0008941443,0.0010370895,0.014839503,0.0027259574,0.0019512995,0.0013935561,0.011984501,0.0040018912,0.0054059946,0.0016011336,0.012618548,0.005619999,0.0057732295,0.0015802566,0.013020367,0.0056036105,0.00403802,0.0013105483,0.012122392,0.0049401037,0.0022552342,0.0009910743,0.009657894,0.0038772766,0.0019561965,0.00085105974,0.009505441,0.003474068
4695,/home/jupyter/dent_outputs/isic2019_v2/melanoma/hairs/seed4695/lambda_t_star5/style.png,0.011920463,0.3191014,0.013320309,0.022481976,0.0005658436,0.00638026,0.8122315,0.088916,0.001768472,0.009508804,0.45253202,0.008744971,0.0005995313,0.0035605258,0.102000296,0.006004936,0.00057186163,0.0031932434,0.05690721,0.00487735,0.0029490832,0.019247293,0.16144495,0.0098938355,0.00055028603,0.0047505894,0.24036106,0.0041762725,0.00044514434,0.0038750798,0.0844532,0.0022814558,0.00028328932,0.0040038815,0.019884318,0.0022136823,0.00047783062,0.0044402145,0.00879993,0.0023423643
4603,/home/jupyter/dent_outputs/isic2019_v2/melanoma/hairs/seed4603/lambda_t_star5/style.png,0.0013346723,0.18713093,0.31599948,0.005668505,0.041347772,0.0047560553,0.98117113,0.0069623417,0.3332842,0.01113047,0.9985275,0.033231985,0.0009391122,0.005529231,0.9892687,0.026227934,0.00091391813,0.004560528,0.9929999,0.028933465,0.00057988963,0.002524143,0.98419154,0.01753876,0.00039369156,0.001606902,0.9429354,0.010361711,0.00022738198,0.0009315987,0.59608954,0.0038463403,0.00016550595,0.00084502756,0.21097687,0.0020434025,0.00016613443,0.0022135254,0.097261876,0.0019582012
4009,/home/jupyter/dent_outputs/isic2019_v2/melanoma/hairs/seed4009/lambda_t_star5/style.png,0.0020282664,0.060745403,0.05966137,0.01850598,0.0041570906,0.015375538,0.99973565,0.011516017,0.00082376983,0.003636341,0.99778986,0.0013166933,0.0011906986,0.00538314,0.99727124,0.0018819959,0.000903845,0.010594124,0.0810946,0.0028090535,0.0023786712,0.001887457,0.014730377,0.0030773382,0.0033485945,0.0026993002,0.016843738,0.0030402057,0.003193359,0.0026747251,0.016606761,0.0029038645,0.0023255807,0.002227085,0.014620657,0.0024982116,0.0023913714,0.0021391679,0.012507432,0.0024477153
4520,/home/jupyter/dent_outputs/isic2019_v2/melanoma/hairs/seed4520/lambda_t_star5/style.png,0.00082138774,0.015556481,0.043403346,0.0052188705,0.0017307773,0.005430089,0.995619,0.019016106,0.0020898122,0.005284769,0.9049488,0.011009552,0.005959247,0.0050545563,0.92843264,0.005382221,0.0014290062,0.0032133486,0.11391109,0.0028935843,0.0009677412,0.0029308102,0.053193565,0.0024142645,0.00051765225,0.0025455977,0.047146365,0.001966666,0.000510292,0.002096597,0.039722104,0.001809957,0.0007982928,0.0021911655,0.032622714,0.0019660392,0.0018976136,0.0024443923,0.030472925,0.0029862127
4318,/home/jupyter/dent_outputs/isic2019_v2/melanoma/hairs/seed4318/lambda_t_star5/style.png,0.008821209,0.07930832,0.003295832,0.0047751614,0.0015229384,0.011999161,0.9781244,0.0071985372,0.0019017354,0.028138073,0.4916112,0.013503865,0.012446869,0.0014672343,0.0036722508,0.0019865355,0.013112975,0.0012501838,0.004464767,0.0027605507,0.0775855,0.0011561915,0.002528053,0.0023340753,0.08461583,0.0029491126,0.0024092977,0.0036392875,0.086946785,0.0035402859,0.0021841833,0.0052148984,0.07165914,0.0023541478,0.0021320283,0.004826759,0.091941,0.0022842754,0.0022335555,0.004813988
4599,/home/jupyter/dent_outputs/isic2019_v2/melanoma/hairs/seed4599/lambda_t_star5/style.png,0.050093208,0.009350478,0.0008302381,0.0014598783,0.0017248696,0.010381464,0.9980009,0.016588408,0.0016082866,0.010990181,0.9978655,0.008984813,0.0011025512,0.012274715,0.99832124,0.0027256163,0.0012512201,0.011941621,0.9957254,0.005288726,0.0005552152,0.009495624,0.14511359,0.004120341,0.0004432233,0.004369558,0.12027674,0.0022043148,0.00030962063,0.004017644,0.098341495,0.0020070309,0.00021070537,0.0038167415,0.08146831,0.0017944213,0.00020108257,0.0036749735,0.0964314,0.002001457
4173,/home/jupyter/dent_outputs/isic2019_v2/melanoma/hairs/seed4173/lambda_t_star5/style.png,0.00070548855,0.0060891067,0.056085728,0.002545387,0.00031203966,0.0034073824,0.99502385,0.0021589417,0.0007041261,0.004946934,0.50224984,0.0057608606,0.00082225393,0.013712843,0.19950205,0.007203449,0.0013588907,0.013016808,0.14155363,0.008364,0.0010198728,0.0115728555,0.096982576,0.004983719,0.001587581,0.013360943,0.10839835,0.005682597,0.0015606106,0.008059162,0.05817672,0.004946425,0.0013326769,0.0064358944,0.0389057,0.0044953017,0.0016632037,0.0073953588,0.025511133,0.004872446
4010,/home/jupyter/dent_outputs/isic2019_v2/melanoma/hairs/seed4010/lambda_t_star5/style.png,0.07326667,0.00022608424,0.0006425823,0.00014785214,0.00090177706,0.009241841,0.9984835,0.01218905,0.0012327008,0.0034031784,0.97844714,0.01881908,0.0017481495,0.0018077967,0.9280037,0.009977719,0.0024067757,0.003270902,0.583105,0.008789551,0.0029884768,0.0034305917,0.05328677,0.005678353,0.0019180987,0.001847484,0.00887047,0.0036193528,0.0015141461,0.0013058952,0.005662601,0.002827091,0.0017286276,0.0012650292,0.006139035,0.00297322,0.002048117,0.0012826481,0.0047150226,0.0030276277
4069,/home/jupyter/dent_outputs/isic2019_v2/melanoma/hairs/seed4069/lambda_t_star5/style.png,0.07584611,0.029002933,0.00031856698,0.00021399015,0.002079555,0.021642081,0.98871523,0.004532118,0.0017381153,0.017478127,0.66792357,0.0055005965,0.0067468327,0.029716589,0.245431,0.006582478,0.023872707,0.02624383,0.030948637,0.0059717842,0.019537471,0.015507317,0.004908325,0.0037637365,0.0128634395,0.008154798,0.002574643,0.0026718443,0.01458458,0.0082751,0.0018857045,0.0021365818,0.011923198,0.009213168,0.0014079572,0.0018725137,0.01945292,0.008223363,0.0012525575,0.0018156689
4375,/home/jupyter/dent_outputs/isic2019_v2/melanoma/hairs/seed4375/lambda_t_star5/style.png,0.006166894,0.0033346827,0.0016380199,0.0012085849,0.00023887059,0.005095078,0.9968984,0.002004055,0.0002494027,0.0049654436,0.9960252,0.0022166872,0.00032669323,0.005537861,0.9943515,0.0021741176,0.00075734925,0.0035189094,0.9415957,0.0028856215,0.00055803056,0.0007931405,0.007533428,0.0009675038,0.00078324287,0.0010827623,0.0060858866,0.0012809742,0.0011241088,0.0017231676,0.006064758,0.0018503009,0.0011163406,0.0024884099,0.0046713287,0.0017254387,0.0011109135,0.0028508177,0.0036722734,0.0015186686
4183,/home/jupyter/dent_outputs/isic2019_v2/melanoma/hairs/seed4183/lambda_t_star5/style.png,0.09232397,0.0039683436,0.008269912,0.001177897,0.008824708,0.015934002,0.9837518,0.015817761,0.0018005181,0.010442474,0.9818425,0.019068738,0.0021693523,0.008428653,0.9819025,0.02057975,0.0047618076,0.04302595,0.6538354,0.107249595,0.0028960055,0.028888006,0.3914613,0.050768875,0.0018406189,0.0135473125,0.23409627,0.026643675,0.0014493901,0.0074320193,0.18303037,0.016266508,0.001986475,0.004391417,0.092017904,0.009945058,0.0023746248,0.0032617967,0.06170847,0.007861864
4051,/home/jupyter/dent_outputs/isic2019_v2/melanoma/hairs/seed4051/lambda_t_star5/style.png,0.0013209607,0.027920412,0.07688707,0.005571888,0.000681679,0.0061135986,0.99696726,0.0034768658,0.00031103872,0.005573782,0.020178724,0.0025423018,0.000121845565,0.0005065133,0.0050336556,0.00058271753,0.00014163779,0.00048403518,0.0044191713,0.000801739,0.00014757944,0.00032486703,0.0033863925,0.00087215146,0.00029629873,0.00028697282,0.0030600096,0.001323918,0.00044361156,0.00050321664,0.0034795199,0.002178043,0.000551936,0.0006007611,0.003481632,0.0024247828,0.00087557244,0.0007475462,0.0033959295,0.0030658308
4197,/home/jupyter/dent_outputs/isic2019_v2/melanoma/hairs/seed4197/lambda_t_star5/style.png,0.0032242,0.016360465,0.0039863195,0.0013220091,0.0006616889,0.0038905942,0.7588992,0.0052436423,0.00064136967,0.003475975,0.3149548,0.010590571,0.0011830211,0.010643052,0.22151752,0.022355812,0.0008073893,0.004637422,0.25659207,0.011597225,0.00096405565,0.002537781,0.009815655,0.0068396204,0.0008813735,0.0023586294,0.006858849,0.0057033543,0.0015106185,0.0044855243,0.0077120066,0.008642278,0.0023556466,0.0047279964,0.006046264,0.008336075,0.0022703325,0.005466119,0.0054009,0.009734257
4535,/home/jupyter/dent_outputs/isic2019_v2/melanoma/hairs/seed4535/lambda_t_star5/style.png,0.004955142,0.024198737,0.010033965,0.0019155346,0.0002129194,0.002450664,0.99115443,0.0016359043,0.00025502587,0.0024993073,0.98720855,0.0025070284,0.0017433423,0.007586472,0.99872464,0.010530909,0.0010698853,0.004550106,0.9876128,0.005447153,0.0014788264,0.006263373,0.29800573,0.007970376,0.002630025,0.0068704016,0.10570405,0.0056568924,0.009167998,0.014762392,0.033904117,0.013404087,0.0070494353,0.011109124,0.013456466,0.009567597,0.0071867113,0.010652793,0.012492811,0.009231617
4181,/home/jupyter/dent_outputs/isic2019_v2/melanoma/hairs/seed4181/lambda_t_star5/style.png,0.00030758555,0.058523007,0.0043434226,0.0006752332,0.0013209048,0.011266717,0.46470988,0.0055149067,0.0014066161,0.00559814,0.18729794,0.0020757073,0.0011162582,0.0018519916,0.011745746,0.001199047,0.00050393515,0.0011497489,0.009472259,0.0010180261,0.00072563783,0.0012410944,0.0064155315,0.0010866424,0.00056370813,0.0013670217,0.0058427355,0.0011141675,0.00062570506,0.001335011,0.006869046,0.0012178927,0.0006588971,0.0015687997,0.0066783507,0.0012973073,0.0007943496,0.00180597,0.0068073254,0.0013520952
4224,/home/jupyter/dent_outputs/isic2019_v2/melanoma/hairs/seed4224/lambda_t_star5/style.png,0.005021424,0.004881487,0.0014856247,0.0018003329,0.015531889,0.007952566,0.99400383,0.005678259,0.0017175301,0.0022368992,0.99591476,0.001890126,0.0011768787,0.0030165955,0.99310863,0.0017996851,0.0029364468,0.002640457,0.9979018,0.0014373009,0.00827037,0.009058966,0.9714598,0.005087791,0.014521979,0.009281135,0.14273985,0.002332133,0.018691998,0.0096343625,0.123600826,0.0023754498,0.05499592,0.008093386,0.094310775,0.002238543,0.06767729,0.0057206755,0.06324787,0.0019290093
4146,/home/jupyter/dent_outputs/isic2019_v2/melanoma/hairs/seed4146/lambda_t_star5/style.png,0.85978794,0.0011667707,0.0058466196,0.0012464955,0.00039438778,0.0012221925,0.9983677,0.0007568294,0.00034954987,0.0012521603,0.99610496,0.0011128925,0.00043915937,0.002285136,0.9936652,0.0017944204,0.006659802,0.0010253555,0.8821875,0.0025268206,0.011125569,0.0018266184,0.07126423,0.0032515717,0.001797638,0.0014767577,0.025065575,0.0034345784,0.0029867284,0.0014859204,0.010953479,0.0028636395,0.0035656858,0.0016217066,0.009005552,0.0029318528,0.0041012513,0.0018459468,0.011173051,0.0038195415
4257,/home/jupyter/dent_outputs/isic2019_v2/melanoma/hairs/seed4257/lambda_t_star5/style.png,8.6523076e-05,0.0012083034,0.5121058,0.00080588047,0.0015004907,0.0073182248,0.9985153,0.0057954886,0.00081714446,0.0069378694,0.9746825,0.008407927,0.002944569,0.007099654,0.9404869,0.0073184473,0.007281056,0.007468133,0.9533774,0.0073869065,0.0059657185,0.009249673,0.93303347,0.00705729,0.0041747815,0.0029673483,0.582014,0.0020686137,0.0052368664,0.0010489118,0.23131146,0.0013965978,0.0023587502,0.00066851184,0.1293,0.0010152323,0.001837598,0.00080283533,0.0705717,0.0009641011
4982,/home/jupyter/dent_outputs/isic2019_v2/melanoma/hairs/seed4982/lambda_t_star5/style.png,0.00017602666,0.018471587,0.01072206,0.0016901828,0.000589939,0.008926371,0.9922964,0.0032106205,0.00059667986,0.009854602,0.99127823,0.0038449322,0.00077179616,0.011588882,0.9905848,0.004532038,0.0010215669,0.011271147,0.9912646,0.0049292743,0.0014588409,0.0070282416,0.9929657,0.0033346578,0.004988711,0.019579718,0.80871063,0.009808664,0.00317508,0.01288269,0.03265764,0.004867045,0.0011081627,0.005576082,0.009496538,0.0019483495,0.00087485235,0.004431884,0.00659753,0.0015108228
4288,/home/jupyter/dent_outputs/isic2019_v2/melanoma/hairs/seed4288/lambda_t_star5/style.png,0.089085594,0.06217514,0.0075136423,0.006140839,0.0013194148,0.008626988,0.99296546,0.014176271,0.00117858,0.008447891,0.022260185,0.004776854,0.00086988276,0.004477646,0.015520886,0.0024871116,0.0013978647,0.00595862,0.018952569,0.002643431,0.0021822648,0.0056786896,0.016303603,0.0025238767,0.00375442,0.010867535,0.02181366,0.004411527,0.0048912116,0.010234807,0.012164055,0.004290446,0.008044812,0.012113892,0.01108761,0.0056381403,0.013257922,0.014351039,0.0104069,0.0053526107
4317,/home/jupyter/dent_outputs/isic2019_v2/melanoma/hairs/seed4317/lambda_t_star5/style.png,0.0352731,0.0027186028,0.010520301,0.0042079985,0.0061413543,0.04134688,0.97749317,0.05762763,0.0024401254,0.0021536292,0.9247966,0.0074495086,0.002804428,0.0021640614,0.82773316,0.0069877063,0.0028669392,0.0025661625,0.12133814,0.0051735123,0.005539198,0.0048756255,0.10076772,0.0053094267,0.00952191,0.0033492805,0.043966983,0.0021731332,0.005986967,0.0032814012,0.012447186,0.002152069,0.021944636,0.004166521,0.0071234317,0.00326801,0.04779936,0.006656564,0.007357237,0.005159638
4751,/home/jupyter/dent_outputs/isic2019_v2/melanoma/hairs/seed4751/lambda_t_star5/style.png,0.16961949,0.008809885,0.01214776,0.0022684378,0.0005085684,0.002784156,0.99314183,0.00090499455,0.0027825984,0.004094777,0.75933677,0.003950571,0.00065977,0.0057507996,0.89314383,0.0023430176,0.0004716013,0.004725594,0.046632525,0.0014156152,0.00096627,0.005233601,0.011504721,0.0017139136,0.00059142726,0.003824918,0.0033196248,0.0008878514,0.00058401143,0.0037568181,0.003004556,0.00089996035,0.00043237154,0.0027539178,0.0026292482,0.00073256413,0.0005753603,0.0033082676,0.002399407,0.0008043768
4401,/home/jupyter/dent_outputs/isic2019_v2/melanoma/hairs/seed4401/lambda_t_star5/style.png,0.03771551,0.0028754317,0.0003005404,0.00026317558,0.0007993954,0.004220026,0.995204,0.0031554368,0.00059103733,0.0030991428,0.9961391,0.0024196878,0.00045163228,0.0026921032,0.992436,0.001964395,0.00090382434,0.003165052,0.9854558,0.0039386027,0.0025857266,0.0056431605,0.99479264,0.004499042,0.00230876,0.0032842003,0.9294591,0.0067762663,0.0007605058,0.0016650526,0.024700327,0.0026783042,0.0010343475,0.0016930043,0.015857888,0.0027612506,0.0010755525,0.0018431495,0.014711539,0.0028137967
4432,/home/jupyter/dent_outputs/isic2019_v2/melanoma/hairs/seed4432/lambda_t_star5/style.png,0.0011754457,0.004589036,0.4816881,0.0019764823,0.00050389627,0.002583444,0.9313657,0.0020716803,0.0010015706,0.0019797913,0.9416897,0.0031033077,0.00080905133,0.0019200606,0.8794436,0.0022983537,0.0028421192,0.002055388,0.81562644,0.0029990815,0.0010050496,0.0012504697,0.1486508,0.0018626314,0.0009727122,0.0014000463,0.04715143,0.0024652025,0.0007753112,0.0018201381,0.031368047,0.0028396202,0.0007243489,0.0015395436,0.022523884,0.0027282527,0.0010386835,0.0018351811,0.016915675,0.0029114694
4717,/home/jupyter/dent_outputs/isic2019_v2/melanoma/hairs/seed4717/lambda_t_star5/style.png,0.015038348,0.032572575,0.009182893,0.002839843,0.0037915187,0.0024434726,0.9653778,0.0014698235,0.0041987533,0.015091724,0.9945503,0.03865091,0.0035358188,0.006455992,0.9903914,0.013876561,0.02509662,0.010200231,0.9586609,0.011828421,0.008280019,0.012322977,0.86777866,0.014436071,0.20093876,0.008390616,0.3541573,0.02000123,0.02032199,0.010004777,0.016790126,0.014299459,0.030650292,0.008562827,0.0112608215,0.010452191,0.031069975,0.0076875533,0.009805923,0.009156856
4926,/home/jupyter/dent_outputs/isic2019_v2/melanoma/hairs/seed4926/lambda_t_star5/style.png,0.7585229,0.009584162,0.002896073,0.00055729307,0.0016561007,0.0030182104,0.93795866,0.0024719327,0.0012246211,0.002812891,0.4102536,0.0074266116,0.0013139903,0.0024240734,0.41228348,0.0073925517,0.0013255286,0.001939267,0.27347115,0.0039423252,0.0010200536,0.0010586375,0.1426913,0.0036319504,0.001549706,0.0009520883,0.1453317,0.002970072,0.0014782047,0.0009493709,0.098499276,0.0025187824,0.0028350062,0.0011631908,0.09619182,0.0028612919,0.0032413555,0.0010846024,0.08959809,0.0028177612
4374,/home/jupyter/dent_outputs/isic2019_v2/melanoma/hairs/seed4374/lambda_t_star5/style.png,0.2180615,0.004492878,0.0014767218,0.0033332442,0.0004742411,0.0027159785,0.9868166,0.0021950775,0.0006184363,0.0074021104,0.98707587,0.002973993,0.0004002328,0.003701572,0.9759275,0.0020318811,0.00038346247,0.0024125504,0.00968866,0.0016763717,0.0011621618,0.0035454317,0.0043287533,0.0017279044,0.00044477556,0.0020647477,0.0041806474,0.0011538129,0.0004877325,0.0018625691,0.0040778127,0.0011300945,0.00074050453,0.002222766,0.0039609773,0.00127798,0.00072177936,0.002077136,0.0028283065,0.0011323128
4896,/home/jupyter/dent_outputs/isic2019_v2/melanoma/hairs/seed4896/lambda_t_star5/style.png,0.0006468586,0.002951079,0.021532085,0.0025766578,0.0006859916,0.012873755,0.99315006,0.0034815525,0.00043011815,0.008323647,0.98677814,0.003398343,0.00028248507,0.005090442,0.9751263,0.0029335036,0.0006001347,0.0068225134,0.915995,0.0072693294,0.0016387127,0.012920436,0.11666145,0.013230271,0.0018703938,0.0040093563,0.019777333,0.005457139,0.0017167528,0.0031184382,0.014491241,0.0042247837,0.001884556,0.0028981073,0.013719034,0.0043281205,0.0019510215,0.0024692877,0.010284189,0.0038181685
4482,/home/jupyter/dent_outputs/isic2019_v2/melanoma/hairs/seed4482/lambda_t_star5/style.png,0.019754522,0.06253736,0.005926435,0.004883929,0.00052555307,0.0021639748,0.99382544,0.0014317,0.0007677788,0.0036579047,0.9938478,0.0016119934,0.0006728865,0.0030184072,0.98944366,0.0013969623,0.0007967558,0.0048770327,0.9859914,0.0035117904,0.00074755657,0.006057255,0.9343745,0.008156862,0.0019916052,0.0039256527,0.012126274,0.0023009826,0.00221841,0.003458271,0.0070684087,0.002086846,0.0031512356,0.0030605013,0.00486451,0.0018711302,0.0022974275,0.0024575675,0.004372158,0.0016252355
4507,/home/jupyter/dent_outputs/isic2019_v2/melanoma/hairs/seed4507/lambda_t_star5/style.png,0.0021758864,0.006016454,0.8011785,0.0028100184,0.0029540774,0.002640344,0.9710369,0.009093107,0.0076897354,0.0108607095,0.9964747,0.0288122,0.00902351,0.024698097,0.9728487,0.032166567,0.0075811623,0.02734032,0.9316688,0.0174546,0.0112208715,0.012283958,0.8659926,0.011419841,0.001838948,0.0019188385,0.15860231,0.0031998556,0.0012901354,0.00118002,0.09377118,0.0016600736,0.0018557478,0.0012030544,0.103999116,0.0017998847,0.0017812754,0.0010785162,0.06603679,0.0015972019
4354,/home/jupyter/dent_outputs/isic2019_v2/melanoma/hairs/seed4354/lambda_t_star5/style.png,0.0017647378,0.018103458,0.0027888624,0.0028542124,0.0060117994,0.0041250456,0.9065348,0.008000334,0.006984429,0.006699587,0.8514172,0.0073428475,0.005301276,0.0076131034,0.8762829,0.007741972,0.0028264052,0.0046967,0.7072616,0.0074533946,0.0025824353,0.006413951,0.6173921,0.010046619,0.0020781346,0.004460763,0.5622783,0.008040437,0.0018772663,0.0043442147,0.4984982,0.0075460947,0.001690116,0.0032506105,0.36253223,0.005798053,0.0015868776,0.003098196,0.27202412,0.00462661
4788,/home/jupyter/dent_outputs/isic2019_v2/melanoma/hairs/seed4788/lambda_t_star5/style.png,0.005982258,0.007775958,0.021866512,0.0056808516,0.00021283903,0.0006357839,0.1079314,0.0015092656,0.00014995417,0.00013583647,0.007073407,0.0005233827,0.0004380802,0.00023970421,0.0053423992,0.0010048939,0.0008534835,0.0003335054,0.005582093,0.0016912773,0.0013569819,0.00041276193,0.006068125,0.0022535105,0.0012067166,0.00038247602,0.0048856423,0.0020910306,0.0016772067,0.0004890288,0.0053487886,0.0026449678,0.0021943194,0.0006002406,0.005241382,0.0031945747,0.0019068879,0.00044854707,0.003985089,0.0024909736
4722,/home/jupyter/dent_outputs/isic2019_v2/melanoma/hairs/seed4722/lambda_t_star5/style.png,0.007420603,0.011085995,0.0013285796,0.0014301975,0.0031541472,0.009702482,0.68046147,0.0068648695,0.0063398615,0.017972562,0.9715801,0.02649514,0.044931684,0.082644075,0.10813162,0.042853028,0.025987558,0.69808626,0.008136829,0.006802971,0.0007700671,0.81517553,0.0013409946,0.0030115214,0.010125923,0.038040064,0.0007630424,0.0024523968,0.005419929,0.05560574,0.0014400259,0.0024636795,0.009882343,0.06744236,0.0010372304,0.0021689238,0.003576258,0.05204959,0.00078359334,0.0016379609
4256,/home/jupyter/dent_outputs/isic2019_v2/melanoma/hairs/seed4256/lambda_t_star5/style.png,0.00076990237,0.0006806766,0.0009214986,0.00025515357,5.1690695e-05,0.0010753752,0.032875933,0.0009930364,0.00048255344,0.0028276017,0.009224802,0.0013065943,0.0014374733,0.0035668567,0.018202508,0.0040297993,0.0027974758,0.0034140912,0.015765667,0.0052639972,0.0028317324,0.006538429,0.0059779636,0.0037495045,0.0017493172,0.0071947444,0.0023089524,0.0017583184,0.001364137,0.017407632,0.0012922081,0.0011747344,0.0013767547,0.03004368,0.0011196268,0.0009975766,0.001933464,0.029840566,0.00090659165,0.0011314476
4003,/home/jupyter/dent_outputs/isic2019_v2/melanoma/hairs/seed4003/lambda_t_star5/style.png,0.013977656,0.1976542,0.030840943,0.006891968,0.0011135277,0.008105981,0.9835535,0.013004194,0.0053885602,0.009688408,0.6885482,0.009397072,0.0048405672,0.013020974,0.8307586,0.012914569,0.0045529855,0.007965155,0.39812022,0.0058588996,0.0011198656,0.004503221,0.036769643,0.0034812414,0.0035439834,0.0039899126,0.052714426,0.0050265742,0.02206885,0.003215202,0.03986397,0.0043376694,0.84560704,0.0039271377,0.02999222,0.0050502755,0.8438447,0.0050318385,0.020501358,0.0054394403
4427,/home/jupyter/dent_outputs/isic2019_v2/melanoma/hairs/seed4427/lambda_t_star5/style.png,0.008756241,0.5185532,0.49668503,0.0383698,0.0002424581,0.0053134323,0.99138004,0.0021911904,0.0003003923,0.00652602,0.9917384,0.0023560848,0.00024041517,0.0039442116,0.989028,0.002756803,0.00018666504,0.0027469753,0.9232966,0.003330264,0.00021586048,0.0006847643,0.07611366,0.0010951844,0.00019392485,0.0005178005,0.029935848,0.0008602746,0.0001955822,0.0004317249,0.019012198,0.00084012526,0.00019757196,0.00025848678,0.009819995,0.0006247439,0.00019100012,0.00022748367,0.00818652,0.0006243045
4465,/home/jupyter/dent_outputs/isic2019_v2/melanoma/hairs/seed4465/lambda_t_star5/style.png,0.0011084815,0.1473797,0.038918626,0.009120658,0.0003201795,0.0026970434,0.98672915,0.0021594851,0.0002804387,0.003055027,0.9773513,0.0016917057,0.00081824575,0.00792264,0.8367628,0.0032969443,0.0011037545,0.005997484,0.36750996,0.007688164,0.0124072805,0.0037050257,0.015058583,0.00680435,0.010215403,0.0031684556,0.0100276675,0.005546631,0.014390268,0.0028069108,0.0086840475,0.0051831366,0.0144957425,0.0024969191,0.007165746,0.0050536906,0.009209362,0.0023810123,0.0061544557,0.0043752645
4310,/home/jupyter/dent_outputs/isic2019_v2/melanoma/hairs/seed4310/lambda_t_star5/style.png,0.011483099,0.22049999,0.0004064311,0.0010065631,0.0007349072,0.079771854,0.92513263,0.012298237,0.0031164126,0.25429484,0.009798799,0.0052383197,0.040763754,0.5111849,0.13952903,0.0063420883,0.057825726,0.298934,0.19545867,0.0017427242,0.013940738,0.27041432,0.022534978,0.0012868294,0.0035638816,0.066727035,0.022871174,0.031185808,0.00922096,0.09085474,0.045515902,0.086274125,0.0068121045,0.06706968,0.033619184,0.06397384,0.0062937746,0.05692499,0.027675608,0.059289
4619,/home/jupyter/dent_outputs/isic2019_v2/melanoma/hairs/seed4619/lambda_t_star5/style.png,0.014416986,0.022945005,0.0020692586,0.0003761499,0.0014667426,0.003111451,0.6685574,0.004555368,0.023009857,0.0028111609,0.13499123,0.0054864297,0.013606231,0.0025149337,0.041694768,0.005253334,0.0163261,0.0026151438,0.02699716,0.0043647867,0.021020928,0.0017858902,0.018981842,0.003254423,0.019790372,0.001779295,0.016875053,0.002875805,0.032500077,0.0018012553,0.01461444,0.002651894,0.075661235,0.0019104986,0.010064371,0.0024954586,0.06072625,0.0023573516,0.009624017,0.0030405517
4512,/home/jupyter/dent_outputs/isic2019_v2/melanoma/hairs/seed4512/lambda_t_star5/style.png,0.0026924452,0.024163624,0.017058264,0.0033072298,0.0008872101,0.005685209,0.9970317,0.0022763752,0.00045491004,0.0072612865,0.99459934,0.0025073742,0.0022105281,0.021954555,0.9991671,0.014479371,0.0014313639,0.008205365,0.9178453,0.0070728078,0.0024747858,0.006419873,0.015606129,0.003854248,0.005174649,0.0077512227,0.015223818,0.004549479,0.004377049,0.007858223,0.01276546,0.004281474,0.006491024,0.008515493,0.014028893,0.005110957,0.005743936,0.0085803,0.013085796,0.00479135
4994,/home/jupyter/dent_outputs/isic2019_v2/melanoma/hairs/seed4994/lambda_t_star5/style.png,0.00022449384,0.0057959887,0.03772567,0.0024236562,0.00035627282,0.0024372288,0.9914903,0.0019216461,0.00087365025,0.004998529,0.99329996,0.0024993608,0.00055653113,0.0033235855,0.9567212,0.0012857377,0.0015717264,0.0035616457,0.9251294,0.0022495217,0.0048148246,0.0023888918,0.42733273,0.0037075258,0.01930991,0.0021886732,0.016820056,0.0062948004,0.015494175,0.0017542603,0.012586549,0.0047497055,0.015180763,0.0017434832,0.0103116715,0.0048514605,0.015692592,0.0017924092,0.008484846,0.005545755
4163,/home/jupyter/dent_outputs/isic2019_v2/melanoma/hairs/seed4163/lambda_t_star5/style.png,0.006835531,0.0061669606,0.00074874394,0.0005269696,0.0028157106,0.035820756,0.8490261,0.1521891,0.0037878088,0.014380025,0.96922404,0.14696705,0.052348617,0.0639086,0.26689622,0.04450915,0.034424793,0.0999975,0.14380802,0.107513085,0.008830294,0.056991804,0.09016463,0.052059855,0.0016500494,0.011514209,0.025283558,0.009148845,0.0027145373,0.01418053,0.030323824,0.012642936,0.0024208056,0.010702175,0.014189203,0.008172934,0.0020388162,0.010325243,0.00874381,0.0056264596
4702,/home/jupyter/dent_outputs/isic2019_v2/melanoma/hairs/seed4702/lambda_t_star5/style.png,0.0020634062,0.018337976,0.00056212244,0.00017995952,0.00023042451,0.003312213,0.9692673,0.0015198853,0.0002190261,0.002031916,0.9928697,0.0015235817,0.004041978,0.0070132064,0.22372724,0.0057466603,0.033513874,0.0053839725,0.06476062,0.005021624,0.036909394,0.003703132,0.023046952,0.004532283,0.040521614,0.0026916706,0.008211972,0.0035121855,0.03318485,0.0027481592,0.005123457,0.0036467353,0.033956993,0.0022469542,0.003798497,0.0032681404,0.03132914,0.0034912177,0.006640182,0.0043053217
4312,/home/jupyter/dent_outputs/isic2019_v2/melanoma/hairs/seed4312/lambda_t_star5/style.png,0.0021101646,0.0995283,0.0016769998,0.0017884722,0.00604668,0.02370032,0.9882378,0.4868842,0.0009987307,0.026211783,0.9764449,0.021624401,0.00078850513,0.012467898,0.9720282,0.011945397,0.0006580339,0.009306125,0.94596857,0.00934032,0.0013313049,0.018261632,0.69325787,0.009783086,0.0007557753,0.014247511,0.33649704,0.013067641,0.00052533165,0.011235266,0.24545352,0.009066987,0.00037098117,0.009173354,0.20475139,0.0068130917,0.00038052772,0.008805426,0.22387867,0.006596102
4677,/home/jupyter/dent_outputs/isic2019_v2/melanoma/hairs/seed4677/lambda_t_star5/style.png,0.0030451715,0.04731283,0.1727011,0.011466585,0.0017841299,0.012987319,0.9994062,0.0096338745,0.00088727,0.0044675316,0.99851114,0.0037690718,0.0005138583,0.00066945574,0.064598106,0.002026709,0.00038727451,0.00059303205,0.06298036,0.001949712,0.00030828605,0.0004314707,0.069674276,0.0016261998,0.0003238666,0.0003397569,0.05998609,0.0013243486,0.00032333072,0.00028642284,0.04851393,0.0011543883,0.0002984725,0.00024677388,0.03924121,0.00094456505,0.0003891089,0.000251279,0.035288773,0.000883782
4968,/home/jupyter/dent_outputs/isic2019_v2/melanoma/hairs/seed4968/lambda_t_star5/style.png,0.0011522236,0.0061531146,0.091240324,0.0022686352,0.00071816903,0.011384537,0.9792069,0.012359565,0.0005072293,0.007038769,0.9823022,0.015513307,0.00016402929,0.0012619591,0.113885954,0.0017543588,0.0001542267,0.0010877122,0.021927353,0.0011573617,0.00019877314,0.0008229229,0.016465982,0.0011900183,0.00023979909,0.00069914095,0.012607035,0.0010329861,0.0002456204,0.00058818597,0.010296106,0.001023375,0.00074937113,0.0005263998,0.0064074844,0.00117932,0.0006906165,0.00048541947,0.005399901,0.0011997866
4202,/home/jupyter/dent_outputs/isic2019_v2/melanoma/hairs/seed4202/lambda_t_star5/style.png,0.0019008088,0.6527581,0.0024762787,0.0010383377,0.0017989101,0.04822847,0.99101466,0.006893877,0.00074620923,0.033022944,0.012253533,0.0019493984,0.0019698902,0.06959514,0.005901393,0.0034676339,0.0049622287,0.07204467,0.0072984444,0.0052017774,0.0066018,0.05413841,0.0073630055,0.0065705646,0.006812579,0.04647944,0.0077092596,0.00769797,0.0063217017,0.038248915,0.0073027494,0.0064169755,0.006917019,0.027983904,0.0067127594,0.005967523,0.0062152282,0.026746798,0.005484505,0.0055446695
4670,/home/jupyter/dent_outputs/isic2019_v2/melanoma/hairs/seed4670/lambda_t_star5/style.png,0.004971728,0.44370136,0.008616188,0.0043020365,0.0056625577,0.027905166,0.9877779,0.015050672,0.003055207,0.0031991578,0.039119415,0.006365531,0.0021056691,0.0014866947,0.07000853,0.0054353653,0.0015928774,0.00083799736,0.035448838,0.0035776582,0.001472702,0.0006856642,0.018561965,0.0038986318,0.0017799897,0.00060463854,0.015572672,0.0039043636,0.0016668696,0.00050408,0.01154346,0.0031207604,0.0014318472,0.00037959547,0.008327678,0.0023696495,0.0012351355,0.00038848288,0.008171356,0.0021794164
4576,/home/jupyter/dent_outputs/isic2019_v2/melanoma/hairs/seed4576/lambda_t_star5/style.png,0.01394197,0.005702186,0.03626331,0.0016916702,0.0013061552,0.010257414,0.9988398,0.0042047845,0.0010125422,0.014001006,0.9962549,0.00482481,0.0017091305,0.028187908,0.9955711,0.0054409723,0.0042481315,0.0366376,0.99108994,0.008740325,0.015343116,0.017435376,0.01911079,0.006028826,0.023622012,0.015528332,0.0121492185,0.0059483927,0.023273073,0.013515138,0.01042876,0.0053887647,0.020473402,0.014798228,0.007881351,0.0054392517,0.020030783,0.016109848,0.006910818,0.004728333
4463,/home/jupyter/dent_outputs/isic2019_v2/melanoma/hairs/seed4463/lambda_t_star5/style.png,0.0044875173,0.027583817,0.12803037,0.015594039,0.05165601,0.021331077,0.9709552,0.018905915,0.17052081,0.0371087,0.9525563,0.038153846,0.6596764,0.030610645,0.7452421,0.032996602,0.9250193,0.038891684,0.21668953,0.026567234,0.9604657,0.020613324,0.027402448,0.0100083165,0.95944124,0.01890744,0.024540711,0.010361275,0.9177431,0.017047202,0.018333565,0.0104970075,0.8343265,0.017769426,0.015267127,0.01132732,0.8132454,0.018258376,0.012550911,0.01047129
4879,/home/jupyter/dent_outputs/isic2019_v2/melanoma/hairs/seed4879/lambda_t_star5/style.png,0.0011202412,0.0026710834,0.044660825,0.004219449,0.0006838281,0.007122248,0.9932768,0.020377066,0.00057313027,0.0063321465,0.995199,0.007329759,0.00066645234,0.0074098078,0.99449486,0.009410873,0.00040187832,0.004454812,0.0611272,0.008310711,0.0012509665,0.003013492,0.049771722,0.009840686,0.0017693209,0.0025988445,0.12580845,0.010096543,0.002119844,0.0019291256,0.025816055,0.0063582486,0.0008464926,0.001230002,0.01108896,0.0039228536,0.0008326842,0.0014240667,0.01006305,0.004367231
4769,/home/jupyter/dent_outputs/isic2019_v2/melanoma/hairs/seed4769/lambda_t_star5/style.png,0.005011185,0.020796055,0.5092754,0.0028991906,0.0003456321,0.00063574384,0.3792845,0.002843736,0.00021064651,0.00014039976,0.04610834,0.00073571166,0.00020479453,0.0002446066,0.0533441,0.0010364644,0.00018899287,0.00020761647,0.023641907,0.00096960366,0.00032050323,0.00017809153,0.012947252,0.0010447263,0.00050932716,0.00019267101,0.01081702,0.0012492072,0.00059239066,0.00020217185,0.00808654,0.0013121408,0.0006112439,0.00016964303,0.005913751,0.0011772845,0.00092743407,0.00017692673,0.0047688405,0.0012137011
4131,/home/jupyter/dent_outputs/isic2019_v2/melanoma/hairs/seed4131/lambda_t_star5/style.png,0.003955443,0.021888398,0.00038564112,0.00044869183,0.005277988,0.022208916,0.9889471,0.026918892,0.0009995779,0.0021802927,0.9756142,0.003256436,0.0026066157,0.0026828898,0.57856566,0.001841843,0.00275717,0.0039448543,0.58239686,0.0014669871,0.002661515,0.006220803,0.60812587,0.0019017298,0.0025500439,0.009785243,0.5450683,0.0025840374,0.0021647813,0.008844002,0.3392651,0.0031394584,0.0026873169,0.005906095,0.16728835,0.0030887052,0.002270193,0.0060730535,0.09355959,0.0027186815
4949,/home/jupyter/dent_outputs/isic2019_v2/melanoma/hairs/seed4949/lambda_t_star5/style.png,0.02597273,0.534552,0.020246994,0.011628838,0.001641325,0.005290859,0.43518063,0.0040251995,0.00020449581,0.004896871,0.9913141,0.0019562803,0.00045673002,0.005863014,0.96801054,0.004138073,0.001687786,0.0047685034,0.47138032,0.006294822,0.0014330298,0.0019583493,0.026646474,0.0043822615,0.0021907736,0.002992537,0.012875464,0.005538563,0.0016195764,0.0022762138,0.011457135,0.0047224374,0.0015730349,0.0019005005,0.009013249,0.0044709747,0.0024835842,0.0018945752,0.0069188406,0.004787684
4928,/home/jupyter/dent_outputs/isic2019_v2/melanoma/hairs/seed4928/lambda_t_star5/style.png,0.0005463405,0.031840235,0.003775946,0.0017667522,0.0004954262,0.004041101,0.99496907,0.0020384563,0.0003522258,0.0039765793,0.9847127,0.0017310211,0.00034582225,0.0036401814,0.94994545,0.0018251229,0.00032787956,0.0040680408,0.97492594,0.0015949697,0.0004260541,0.0010300659,0.832143,0.0017897682,0.0012270614,0.0007202643,0.008156399,0.0031258587,0.0017849325,0.0005346315,0.0058669457,0.0028313864,0.0020023705,0.00042508816,0.004567547,0.002240738,0.0020990127,0.0003747154,0.0037758278,0.0020279023
4727,/home/jupyter/dent_outputs/isic2019_v2/melanoma/hairs/seed4727/lambda_t_star5/style.png,0.014658779,0.009851211,0.007297473,0.0018867503,0.0011542916,0.0038226927,0.9933854,0.0012509468,0.00029489415,0.0030944766,0.08981366,0.0023882156,0.00032406737,0.0017084903,0.058495756,0.0019403804,0.00046246574,0.0017907728,0.034885935,0.002001818,0.00045913254,0.0019430325,0.03532749,0.0022569515,0.00038364035,0.0013597264,0.019447343,0.0016954252,0.0003029523,0.0013645152,0.014995338,0.0014463209,0.00021399953,0.0015220491,0.013822774,0.0013474578,0.00017167757,0.0014963754,0.0133489035,0.001218275
4796,/home/jupyter/dent_outputs/isic2019_v2/melanoma/hairs/seed4796/lambda_t_star5/style.png,0.5463133,0.0006800522,0.0002628155,0.0003637891,0.0023027314,0.014704995,0.9969181,0.017481722,0.0021462985,0.011038643,0.9935361,0.034538746,0.0024149618,0.014360627,0.9861377,0.027153028,0.0023688506,0.007943948,0.91748124,0.037012193,0.0025132177,0.0017743736,0.028406376,0.0033585504,0.0019591183,0.001562185,0.04675148,0.0024275917,0.0024723539,0.0011336813,0.041770633,0.0017338763,0.006264827,0.0011155928,0.019699108,0.001984942,0.009554141,0.0011042362,0.017017305,0.0019945675
4936,/home/jupyter/dent_outputs/isic2019_v2/melanoma/hairs/seed4936/lambda_t_star5/style.png,0.0024673622,0.0014963184,0.0061712875,0.0032096943,0.0002605238,0.0024335124,0.8316347,0.001872553,0.00014230344,0.0018777158,0.8801964,0.0012238241,0.0001315994,0.0019219148,0.8436172,0.0012975972,0.00023073652,0.0032533524,0.67256343,0.002076391,0.0006141821,0.0026395242,0.010945945,0.0024786075,0.0009293854,0.0024165094,0.011314543,0.0030798044,0.000893297,0.0019720634,0.009631401,0.002486803,0.0009012119,0.0017720753,0.008810638,0.0022734303,0.00085584115,0.0016802688,0.008804077,0.0022269567
4861,/home/jupyter/dent_outputs/isic2019_v2/melanoma/hairs/seed4861/lambda_t_star5/style.png,0.0030994127,0.044853367,0.0023416602,0.002620156,0.004335882,0.019553838,0.98366725,0.014460738,0.003488939,0.007839278,0.99463636,0.017305933,0.003137795,0.033528633,0.66281724,0.03168727,0.0015701589,0.020632569,0.73542637,0.008730557,0.01940515,0.037774704,0.2229401,0.01019832,0.026402492,0.015921043,0.032253664,0.006286541,0.0047051557,0.010091211,0.020052692,0.00575111,0.0039529284,0.014153112,0.019256756,0.007439012,0.0033721016,0.014107034,0.015899265,0.008072259
4683,/home/jupyter/dent_outputs/isic2019_v2/melanoma/hairs/seed4683/lambda_t_star5/style.png,0.0035667822,0.014843951,0.05624298,0.0067637768,0.0022432585,0.006618956,0.85434836,0.009141471,0.003993928,0.0027018466,0.77929574,0.0068113785,0.005911274,0.008548541,0.62466663,0.020775741,0.01127877,0.014210056,0.73134816,0.032788295,0.01591067,0.012932616,0.31940004,0.030735247,0.04999304,0.011082419,0.034354307,0.026164996,0.06875458,0.009330027,0.02317262,0.023397507,0.19858877,0.0060029672,0.012874355,0.016400155,0.2661622,0.0060874997,0.012431457,0.016327012
4863,/home/jupyter/dent_outputs/isic2019_v2/melanoma/hairs/seed4863/lambda_t_star5/style.png,0.003240034,0.0016039885,0.06295183,0.0018103824,0.003973611,0.015577811,0.98548526,0.01647183,0.001566639,0.0017188478,0.9930615,0.0057441597,0.0007843214,0.0012723997,0.4543832,0.0028553158,0.00086394494,0.0011735265,0.07891869,0.00255137,0.000858215,0.00086616585,0.01798243,0.0017250543,0.0019668057,0.001066387,0.016485184,0.002656155,0.0013194368,0.0009710699,0.015119234,0.003041154,0.001533888,0.0011540157,0.013588457,0.0032413693,0.0013672209,0.0010873419,0.014020135,0.0029609953
4681,/home/jupyter/dent_outputs/isic2019_v2/melanoma/hairs/seed4681/lambda_t_star5/style.png,0.018369531,0.008392627,0.0026541713,0.0017683106,0.0017751405,0.0075265607,0.95879436,0.008412524,0.001533217,0.019650836,0.99596965,0.0036411327,0.00095520617,0.006906706,0.029394692,0.004482231,0.0006073589,0.0030833096,0.010532952,0.0020661189,0.0006729404,0.004624871,0.010086487,0.0023517623,0.0010944032,0.0056569683,0.008898279,0.0029047937,0.0012782728,0.007040989,0.009480916,0.0033715423,0.0009941473,0.0059154783,0.0076023107,0.0027463525,0.0010364224,0.0063465666,0.0073011876,0.002769137
4147,/home/jupyter/dent_outputs/isic2019_v2/melanoma/hairs/seed4147/lambda_t_star5/style.png,0.00033301386,0.0023389226,0.026862936,0.0027877765,0.0006201637,0.007908526,0.99781597,0.0042550336,0.00054128084,0.0051118033,0.99539524,0.0032362153,0.0005097555,0.005351671,0.99403584,0.0025275948,0.0005363145,0.006587743,0.91368306,0.0038528536,0.00037139023,0.006853005,0.71517974,0.005306562,0.0001597152,0.0036436063,0.018816048,0.0018562293,0.00052521203,0.0018326325,0.017304651,0.0015877738,0.0013956878,0.0013405924,0.014407286,0.0011847814,0.0010817184,0.0011459455,0.010535099,0.0009603657
4877,/home/jupyter/dent_outputs/isic2019_v2/melanoma/hairs/seed4877/lambda_t_star5/style.png,0.12108521,0.0067018564,0.011818917,0.0046468033,0.0006067557,0.0044113826,0.9876556,0.0019517553,0.0006222599,0.0055672843,0.9780031,0.0019442675,0.00072889973,0.0065372977,0.9718835,0.0026558873,0.0003562219,0.0028323196,0.03939055,0.0016968488,0.0011445294,0.0031256627,0.015522924,0.0018317428,0.0020056132,0.003214664,0.010762929,0.002274299,0.0048533436,0.0039095483,0.011796071,0.0033248304,0.0072526284,0.004417919,0.011750846,0.0040544127,0.0076804594,0.004619187,0.010515453,0.0043822057
4443,/home/jupyter/dent_outputs/isic2019_v2/melanoma/hairs/seed4443/lambda_t_star5/style.png,0.010555857,0.009813101,0.0014398709,0.0022693314,0.007904008,0.015681893,0.82201815,0.028757684,0.0055414573,0.17600031,0.8136958,0.061201826,0.06248871,0.9989164,0.006049403,0.0058805244,0.99239904,0.5494118,0.0019917777,0.002354711,0.9795801,0.2559947,0.0018560631,0.0035493423,0.7867479,0.3344859,0.0025639446,0.0060058893,0.6172113,0.18152405,0.0016982993,0.0045540705,0.33427384,0.08486335,0.0015915593,0.0048879795,0.35679832,0.08359299,0.0020129755,0.0067632236
4471,/home/jupyter/dent_outputs/isic2019_v2/melanoma/hairs/seed4471/lambda_t_star5/style.png,0.15450186,0.0036164103,0.0014128926,0.0016865853,0.000436376,0.0031019417,0.99858165,0.0026058496,0.00054315635,0.004281037,0.9979818,0.0015625971,0.0002583907,0.0036183435,0.9864747,0.0025229177,0.0009172597,0.0009024531,0.007941611,0.0009562688,0.00050202775,0.0004035723,0.010566425,0.0008193616,0.0001676617,0.003158414,0.0122394245,0.0005944769,0.00017856612,0.0021403376,0.010773117,0.0005054043,0.00018986002,0.0016429456,0.0061642407,0.0004265629,0.00022983475,0.001387047,0.004584194,0.00040824548
4854,/home/jupyter/dent_outputs/isic2019_v2/melanoma/hairs/seed4854/lambda_t_star5/style.png,0.000919459,0.007928739,0.17004995,0.004332777,0.002773775,0.024041915,0.84245235,0.015364758,0.0020454698,0.023226747,0.99172455,0.016346207,0.0010868747,0.006710283,0.99227965,0.0052193953,0.0013568165,0.009378333,0.034873564,0.0059556686,0.0039869403,0.007466224,0.027547503,0.009038382,0.026809754,0.007323957,0.026843684,0.010635799,0.07833775,0.0049967975,0.011943461,0.0074888314,0.103081174,0.0054151323,0.008349854,0.006408678,0.14595042,0.0044592386,0.005376096,0.005034506
4813,/home/jupyter/dent_outputs/isic2019_v2/melanoma/hairs/seed4813/lambda_t_star5/style.png,0.028902372,0.62865937,0.0143491095,0.01101194,0.0010863976,0.007829531,0.99615854,0.0025894947,0.001134103,0.012253822,0.9904889,0.004456288,0.0026128676,0.032793622,0.9868492,0.007122666,0.008394766,0.016578393,0.43376118,0.0051541943,0.0044322833,0.008702918,0.008534685,0.004618922,0.0035965624,0.00757132,0.006643611,0.0043977634,0.0058034807,0.011930515,0.009346145,0.0060267462,0.006201739,0.011869261,0.007755511,0.006333521,0.0056171725,0.009512866,0.006590839,0.005526777
4770,/home/jupyter/dent_outputs/isic2019_v2/melanoma/hairs/seed4770/lambda_t_star5/style.png,0.0011758489,0.0022007916,0.007813224,0.0018069836,0.00020672638,0.0024070768,0.616751,0.012692192,0.000514764,0.0022174707,0.082674086,0.010597613,0.00091756263,0.0028156624,0.062454376,0.014350609,0.0014224396,0.004499977,0.065169774,0.020548103,0.001080377,0.0032930796,0.031176854,0.014247571,0.0011623257,0.0038983591,0.024224997,0.015228629,0.0011326661,0.0043956847,0.02334292,0.015893707,0.0010430159,0.0030629234,0.015407717,0.011753426,0.0011004794,0.0030249977,0.014755915,0.011880921
4808,/home/jupyter/dent_outputs/isic2019_v2/melanoma/hairs/seed4808/lambda_t_star5/style.png,0.02518388,0.035511844,0.002422219,0.0013468785,0.0011114791,0.0011608674,0.55040133,0.0038142565,0.0035287093,0.0017283709,0.1326288,0.0060696495,0.0036534013,0.0016622483,0.07466768,0.006849857,0.002682071,0.0015687869,0.03544101,0.0055748983,0.002307155,0.001072245,0.0147517705,0.004148365,0.002805587,0.0013114205,0.015179865,0.004947375,0.002811515,0.0010807923,0.012495929,0.004313633,0.0028503973,0.0010053014,0.009496422,0.004070462,0.0023673736,0.0011006608,0.011177588,0.0044255154
4044,/home/jupyter/dent_outputs/isic2019_v2/melanoma/hairs/seed4044/lambda_t_star5/style.png,0.022174738,0.011325906,0.0065105925,0.0057275984,0.0006035264,0.0044677714,0.9291468,0.00702973,0.0066160033,0.022817127,0.9880953,0.016291965,0.0074837995,0.039368715,0.96381164,0.009434422,0.011452277,0.048549782,0.902627,0.008419738,0.051876064,0.04005567,0.008987956,0.003498531,0.063135065,0.039507918,0.006699073,0.003037546,0.029695671,0.024419103,0.0057524606,0.0026720222,0.028798051,0.029686837,0.005068415,0.0027290776,0.039905332,0.025333412,0.0041528307,0.0028144442
4085,/home/jupyter/dent_outputs/isic2019_v2/melanoma/hairs/seed4085/lambda_t_star5/style.png,0.001741544,0.001979386,0.096696176,0.00219989,0.00047906858,0.008205136,0.9852503,0.0017450466,0.00024033929,0.0065454105,0.9859903,0.0016134814,0.0004957571,0.0058618276,0.9620474,0.0023457743,0.0006262088,0.0047860164,0.94830745,0.001979848,0.011417935,0.022982687,0.9986172,0.021289358,0.008678393,0.005645692,0.68078065,0.004825406,0.005758062,0.004803899,0.021209233,0.004348084,0.0037501599,0.003455344,0.018577047,0.002756436,0.0027265614,0.0030690196,0.011089398,0.0023840999
4597,/home/jupyter/dent_outputs/isic2019_v2/melanoma/hairs/seed4597/lambda_t_star5/style.png,0.00057592324,0.018759293,0.0006033363,0.00060762116,0.003234859,0.0521638,0.8908766,0.062660195,0.012173949,0.008284927,0.95673037,0.0133778555,0.012912897,0.0076868366,0.87296146,0.012762354,0.0014174446,0.011090952,0.0783324,0.017250488,0.00150858,0.01162131,0.04379273,0.015899079,0.0014072875,0.01560514,0.037213355,0.014037708,0.0013311134,0.019813731,0.025022175,0.014476254,0.0011301829,0.016855404,0.02474852,0.011921288,0.0011284272,0.011486077,0.019671006,0.009629868
4564,/home/jupyter/dent_outputs/isic2019_v2/melanoma/hairs/seed4564/lambda_t_star5/style.png,0.08013632,0.00096436567,0.012335355,0.0009509338,0.0016072959,0.0029278034,0.99856037,0.0019946576,0.003233783,0.004704546,0.99860954,0.0027185485,0.001807684,0.0026297097,0.99548596,0.0022500192,0.018482605,0.005087509,0.9551698,0.009588686,0.021619488,0.0042805653,0.9226445,0.0062433803,0.021589559,0.003773102,0.8437778,0.005243879,0.017155366,0.0025871512,0.8068039,0.0036215442,0.017785987,0.0021031008,0.7716416,0.003199278,0.020938111,0.00221061,0.74776155,0.0032733309
4737,/home/jupyter/dent_outputs/isic2019_v2/melanoma/hairs/seed4737/lambda_t_star5/style.png,0.015471017,0.19827141,0.0016108007,0.0018916676,0.0033536684,0.00584419,0.998847,0.002759536,0.0020817877,0.010551276,0.9932499,0.004631817,0.00050745177,0.010239111,0.050316997,0.0031056153,0.00041794838,0.008802667,0.009276563,0.001708077,0.00035607422,0.007103087,0.0087073995,0.001565075,0.0006206441,0.015682466,0.008454281,0.0023263874,0.0008092503,0.017120562,0.006732061,0.0022715135,0.0006050357,0.008891919,0.004691554,0.0016017283,0.00085872173,0.007381496,0.0039057415,0.001668019
4874,/home/jupyter/dent_outputs/isic2019_v2/melanoma/hairs/seed4874/lambda_t_star5/style.png,0.0037934948,0.0006364635,0.009198838,0.0005660057,0.010357197,0.14772183,0.9589822,0.007092035,0.003821378,0.06333566,0.96540135,0.0057919016,8.902488e-05,0.0005376096,0.6848183,0.0013669311,0.00061081146,0.00279314,0.10107766,0.009366684,0.0010412209,0.003388018,0.065895595,0.007462469,0.001484453,0.0032898274,0.03547242,0.006442493,0.0018033098,0.0020567283,0.011443044,0.002769689,0.0014589673,0.0018582676,0.0064470456,0.002145927,0.001847199,0.0021355585,0.0037911064,0.0021516238
4115,/home/jupyter/dent_outputs/isic2019_v2/melanoma/hairs/seed4115/lambda_t_star5/style.png,0.36238205,0.02193999,0.00033136044,0.0007053178,0.0011092732,0.02777771,0.9747288,0.025130684,0.005008718,0.016951324,0.79046965,0.03590538,0.008250338,0.036132857,0.0091807805,0.016451178,0.0008812693,0.0035542147,0.0012139353,0.001350935,0.0005386172,0.0027287651,0.00039978247,0.00069265947,0.00045463844,0.0032561496,0.00028594944,0.0005733532,0.0005298801,0.0039896173,0.00044631155,0.0008671324,0.0006125847,0.005047552,0.00043766448,0.0007402544,0.0009154384,0.011024234,0.0005988702,0.001171754
4715,/home/jupyter/dent_outputs/isic2019_v2/melanoma/hairs/seed4715/lambda_t_star5/style.png,0.2966886,0.005184644,0.0034259097,0.0042463774,0.00054811133,0.0034618143,0.9715154,0.011484809,0.0016919827,0.006871609,0.71268916,0.05085536,0.0012657697,0.0022815175,0.07781428,0.012508858,0.000714144,0.0017095422,0.00086436153,0.0026532726,0.0015040117,0.0032619396,0.002298652,0.0045247,0.0008442694,0.002477753,0.0012384787,0.002539835,0.00081480364,0.0050410116,0.0016218371,0.0036280714,0.0021349133,0.0071787066,0.0023608182,0.006520522,0.00077298813,0.004715553,0.0010918165,0.00282722
4230,/home/jupyter/dent_outputs/isic2019_v2/melanoma/hairs/seed4230/lambda_t_star5/style.png,0.0044548013,0.0043409183,0.0004994187,0.0003714228,0.0002859154,0.00389646,0.9608028,0.0017273641,0.00024182531,0.004083114,0.9689048,0.0015827368,0.0002993511,0.004534155,0.10968038,0.0017255143,0.0004758203,0.005241347,0.039675195,0.001889349,0.00043595812,0.0050998013,0.025477257,0.0017843846,0.00052927865,0.0043208664,0.020855457,0.0017611075,0.00057183736,0.004661924,0.018266292,0.001825545,0.00069489196,0.0048222104,0.017159274,0.002058095,0.0007524076,0.00448294,0.016976379,0.002080521
4140,/home/jupyter/dent_outputs/isic2019_v2/melanoma/hairs/seed4140/lambda_t_star5/style.png,0.041673955,0.0014482229,0.038096726,0.003398007,0.0027582715,0.01093902,0.9685212,0.0046222047,0.0016835299,0.002190616,0.9814047,0.0013646043,0.0040151053,0.0030504891,0.9922449,0.000990181,0.0034259537,0.010804073,0.96864444,0.0065631205,0.004581519,0.008053382,0.9729022,0.0054628532,0.004836393,0.003975818,0.9480728,0.004290623,0.009168565,0.0047891447,0.9060731,0.005700161,0.008733615,0.003213879,0.79443055,0.0038095831,0.009654926,0.0031848354,0.7359052,0.0029721938
4927,/home/jupyter/dent_outputs/isic2019_v2/melanoma/hairs/seed4927/lambda_t_star5/style.png,0.004282985,0.17544512,0.0022684054,0.0019817536,0.00052945374,0.009126116,0.98194355,0.00224258,0.00056589,0.0113294935,0.97595996,0.0031666833,0.0023979705,0.0139197195,0.9957449,0.0050733653,0.0023874831,0.020072179,0.05330514,0.0047026486,0.0032676668,0.0055165654,0.0044448525,0.0019473602,0.004272058,0.0046961918,0.0035382658,0.0018988448,0.0052148066,0.0035284443,0.003424121,0.0020506987,0.0061719744,0.0040795403,0.004266137,0.0024360986,0.006539336,0.0041685835,0.0037720718,0.0022472686
4342,/home/jupyter/dent_outputs/isic2019_v2/melanoma/hairs/seed4342/lambda_t_star5/style.png,0.003312196,0.13996501,0.0023552321,0.0019044027,0.00042856392,0.010645253,0.99365145,0.0019406351,0.0003648305,0.009530489,0.9951675,0.00231247,0.00060760294,0.0060705445,0.996391,0.004079709,0.0007809987,0.012057068,0.9238601,0.019913051,0.0006738539,0.005990867,0.1107432,0.006166902,0.00036582534,0.0031583884,0.025687568,0.003443768,0.000253874,0.0031652525,0.0116862785,0.0025275983,0.0002059045,0.0031605363,0.009145704,0.0022555087,0.00028552147,0.0039841766,0.0067500737,0.0021435819
4594,/home/jupyter/dent_outputs/isic2019_v2/melanoma/hairs/seed4594/lambda_t_star5/style.png,0.0055879825,0.016259847,0.070847034,0.0036674752,0.00055024674,0.006467726,0.9977718,0.0040821624,0.00027142387,0.006272045,0.27059737,0.002816305,0.000530614,0.0040503,0.2269422,0.0050476193,0.0005391023,0.0005086656,0.015381726,0.0025912,0.0003641996,0.00035159025,0.014377903,0.0022447275,0.00031806077,0.00023243538,0.01110195,0.0019098815,0.00026235136,0.00017345365,0.008207123,0.0014267483,0.00028664686,0.00017754357,0.006991526,0.0014294874,0.00038696764,0.00015047913,0.0058964244,0.0013417905
4011,/home/jupyter/dent_outputs/isic2019_v2/melanoma/hairs/seed4011/lambda_t_star5/style.png,0.2652267,0.010302119,0.0006426396,0.0003746484,0.0007297595,0.0037942033,0.9959234,0.0023436686,0.0014236247,0.0025469216,0.9953128,0.003029776,0.0019325431,0.0038615472,0.99744296,0.003482529,0.003983823,0.0039457404,0.5524063,0.011491189,0.003767797,0.0035760012,0.24180415,0.009486295,0.002847148,0.003764686,0.14144829,0.007881922,0.0024339883,0.0041745636,0.12260393,0.007882164,0.00249213,0.0050670463,0.051745117,0.009829392,0.0018021272,0.0042108884,0.03309417,0.0069672023
4627,/home/jupyter/dent_outputs/isic2019_v2/melanoma/hairs/seed4627/lambda_t_star5/style.png,0.3050161,0.0024716859,0.0037597052,0.0037428127,0.001150528,0.006093668,0.9966484,0.08488185,0.00095330237,0.0013322961,0.9803506,0.0011565071,0.00047918234,0.0007964605,0.8714263,0.0006467569,0.0003985549,0.00085436186,0.19835478,0.0010134663,7.4643016e-05,0.00045601372,0.011957024,0.00032703823,7.4283926e-05,0.0004130414,0.0099789435,0.00027477773,7.065719e-05,0.00048120203,0.0046706037,0.00018907848,0.00012683508,0.0007176091,0.004350721,0.00020620805,5.6884528e-05,0.00059972133,0.0032534162,0.00021434198
4405,/home/jupyter/dent_outputs/isic2019_v2/melanoma/hairs/seed4405/lambda_t_star5/style.png,0.00096076477,0.0011878704,0.0064503453,0.0006865852,0.0015750524,0.0039056446,0.9988807,0.0032169628,0.0006123127,0.0032577144,0.9923968,0.0030599907,0.0060168076,0.0060763066,0.36610878,0.0142738875,0.012541909,0.014499696,0.111029945,0.018518727,0.010408147,0.007827216,0.02741479,0.008223475,0.0075536086,0.005614443,0.009705873,0.004669897,0.011392569,0.005935321,0.0072966134,0.004029765,0.009198108,0.0041171396,0.0048593264,0.0031483923,0.011488068,0.0046361145,0.0038489136,0.0034429694
4153,/home/jupyter/dent_outputs/isic2019_v2/melanoma/hairs/seed4153/lambda_t_star5/style.png,0.0021711322,0.0036230984,0.008131967,0.0015868956,0.00024456345,0.0040014046,0.9818764,0.0014291558,0.00033003974,0.004724419,0.9826104,0.00208625,0.00051152165,0.0072498107,0.97700524,0.0029587355,0.0022366948,0.009487986,0.97800696,0.0070895143,0.004160292,0.008283337,0.022007123,0.009277904,0.003928014,0.007746885,0.00830507,0.0074173305,0.00504,0.008922529,0.008449189,0.007032087,0.004979968,0.009753641,0.007688957,0.007027014,0.004992812,0.010067203,0.008173993,0.0072263638
4915,/home/jupyter/dent_outputs/isic2019_v2/melanoma/hairs/seed4915/lambda_t_star5/style.png,0.00038318237,0.0016383185,0.016931836,0.0015925333,0.0011756741,0.003678467,0.90282106,0.012144046,0.0010908231,0.004093527,0.9519551,0.013713959,0.0013203896,0.0046527507,0.64157486,0.011226475,0.00084328733,0.0029519447,0.4669359,0.01023987,0.00109966,0.0028845503,0.21700653,0.0064808843,0.0025010256,0.0036745279,0.10670193,0.006807793,0.0020695038,0.004965663,0.038715694,0.0071923546,0.0010890347,0.004375383,0.02863277,0.0064467248,0.00079621497,0.0026271758,0.017901527,0.0047912747
4765,/home/jupyter/dent_outputs/isic2019_v2/melanoma/hairs/seed4765/lambda_t_star5/style.png,0.0030412206,0.014256561,0.00039961174,0.00048414015,0.0011344203,0.01185774,0.998248,0.0027484675,0.00032715517,0.009912505,0.9946884,0.002390539,0.00028389908,0.0070595928,0.9932862,0.0017527854,0.00045084883,0.006760629,0.9945253,0.0023903388,0.00017025607,0.0026313486,0.028280325,0.0016336917,0.00039998066,0.002935072,0.026000872,0.0022481037,0.0001845692,0.002807992,0.023475057,0.0017609482,0.00018213947,0.0028019277,0.023098456,0.001688534,0.00015906106,0.0024639398,0.023453467,0.0014928543
4665,/home/jupyter/dent_outputs/isic2019_v2/melanoma/hairs/seed4665/lambda_t_star5/style.png,0.17151174,0.0084941415,0.0018483794,0.0010592283,0.0014733004,0.001641661,0.70935595,0.0030265672,0.0009276316,0.0020374951,0.55687535,0.004282999,0.00076365896,0.0017708964,0.504519,0.0035032404,0.0012085733,0.002312962,0.72965044,0.0041964073,0.0010839903,0.002433319,0.75064653,0.0037973027,0.0012530449,0.0026161724,0.7154822,0.0039755874,0.001032989,0.00302756,0.70813257,0.003925863,0.0010219938,0.0024278273,0.67022353,0.003498353,0.0011896085,0.0027844128,0.631022,0.0038133506
4910,/home/jupyter/dent_outputs/isic2019_v2/melanoma/hairs/seed4910/lambda_t_star5/style.png,0.07773345,0.71349573,0.010427161,0.002342193,0.0014487131,0.0046532433,0.9980381,0.002042686,0.00096229196,0.0058434084,0.9954364,0.0022969204,0.0009458732,0.0064708157,0.9917896,0.002836909,0.0017043314,0.0062614945,0.9896039,0.0036358573,0.003342667,0.0046212943,0.9747635,0.0040276013,0.0016530361,0.007347339,0.37885752,0.0023387303,0.016620643,0.012324707,0.029906297,0.0073384345,0.003244392,0.022543654,0.016436193,0.0041573904,0.00086769275,0.01982705,0.011819433,0.0026552442
4945,/home/jupyter/dent_outputs/isic2019_v2/melanoma/hairs/seed4945/lambda_t_star5/style.png,0.039644357,0.017609157,0.027295396,0.001957835,0.0052382303,0.025553517,0.9891628,0.027026793,0.0077812807,0.25334176,0.9807133,0.045603536,0.010857283,0.0047375606,0.6159262,0.0053638252,0.0016131657,0.0030521934,0.195836,0.0031229153,0.0010489619,0.0026014599,0.12875003,0.0028905456,0.000594227,0.0027123285,0.0858197,0.002444633,0.0011850434,0.0036381085,0.05991102,0.002498316,0.0011680829,0.003565562,0.028788153,0.0016952616,0.0028892034,0.0065545975,0.022665184,0.0022802653
4478,/home/jupyter/dent_outputs/isic2019_v2/melanoma/hairs/seed4478/lambda_t_star5/style.png,0.0009326311,0.011063049,0.015700009,0.0024473649,0.0031849444,0.013790571,0.9985403,0.019873409,0.0022382948,0.005097714,0.99821633,0.014076565,0.0018581669,0.0053228987,0.9922254,0.019089237,0.00015008176,0.0013550138,0.56313735,0.004000039,0.00027576875,0.001593287,0.22418144,0.00537449,0.00022600578,0.0015440043,0.06747361,0.0045177373,0.00026038746,0.0014490437,0.025221745,0.003382796,0.0002693135,0.0017166333,0.01211259,0.0030044229,0.00031339764,0.002332428,0.01314968,0.0038199534
4466,/home/jupyter/dent_outputs/isic2019_v2/melanoma/hairs/seed4466/lambda_t_star5/style.png,0.0062963995,0.007813331,0.095630385,0.0041258526,0.0028685303,0.004041888,0.0010379109,0.001740735,0.003095967,0.0053872396,0.0014218112,0.0018870708,0.018645152,0.011308058,0.0019616913,0.002976641,0.014849691,0.013259069,0.0019786074,0.003381031,0.030023273,0.019877803,0.0024594388,0.004522789,0.082043305,0.02063554,0.004361566,0.0069866017,0.089005955,0.021927962,0.004930248,0.00828575,0.096066296,0.01921173,0.0039859107,0.006885091,0.09870402,0.02015543,0.0028226918,0.005380174
4305,/home/jupyter/dent_outputs/isic2019_v2/melanoma/hairs/seed4305/lambda_t_star5/style.png,0.0017653367,0.007982692,0.0026394702,0.0008691077,0.0005281735,0.002609476,0.980075,0.014639072,0.0005309729,0.0023058336,0.9387393,0.0038460686,0.004876223,0.0042524138,0.4397833,0.01010542,0.006574497,0.009073531,0.2640469,0.020808628,0.0083299065,0.010215098,0.1667182,0.015208884,0.0065465886,0.010104222,0.055510286,0.01116241,0.006243552,0.008236814,0.028006466,0.008934644,0.006807177,0.007367904,0.01517839,0.006192312,0.008087179,0.007121321,0.012584179,0.006305542
4125,/home/jupyter/dent_outputs/isic2019_v2/melanoma/hairs/seed4125/lambda_t_star5/style.png,0.010150739,0.22559933,0.016810989,0.004271545,0.0027692663,0.025413917,0.99569005,0.0024520922,0.005227193,0.035391264,0.9961876,0.0041022995,0.002999026,0.014142285,0.048525695,0.0029831508,0.034867782,0.018065948,0.023819346,0.0057665557,0.03404429,0.014928534,0.01576472,0.005596574,0.018695028,0.014128955,0.013470866,0.005413779,0.014207585,0.009420528,0.011266913,0.0050570895,0.06010867,0.0051858295,0.005334859,0.0026086397,0.07360846,0.004493616,0.0044759205,0.002440996
4690,/home/jupyter/dent_outputs/isic2019_v2/melanoma/hairs/seed4690/lambda_t_star5/style.png,0.0010691003,0.09089484,0.00802383,0.0022102273,0.0002702853,0.0006950708,0.98703605,0.001619766,0.00030332163,0.0007107195,0.9870868,0.00222808,0.00023105196,0.00070067705,0.71098334,0.020767191,0.0006066554,0.00048428721,0.062385976,0.0054562073,0.00086860347,0.0003980013,0.04270011,0.0035136063,0.0010634369,0.00041419387,0.026526773,0.003088397,0.0015121627,0.0006386555,0.021425525,0.0036241794,0.0019075839,0.00077996973,0.018703971,0.0034578093,0.0018725074,0.00075531815,0.016323434,0.0034497052
4079,/home/jupyter/dent_outputs/isic2019_v2/melanoma/hairs/seed4079/lambda_t_star5/style.png,0.0014441691,0.083225004,0.025004908,0.0036443053,0.0050942805,0.033520963,0.97174925,0.17014255,0.002616246,0.009538865,0.9512866,0.008982075,0.0010275592,0.010349557,0.86242706,0.006641953,0.0015820868,0.0025769374,0.36459377,0.0019123892,0.00085374626,0.0040916568,0.037601233,0.0038014972,0.0019736944,0.007939984,0.015654624,0.0045624655,0.0019088454,0.005578904,0.008967815,0.0040308693,0.0016811746,0.0043519293,0.0065917973,0.003706982,0.0020261412,0.004867794,0.005994528,0.0038309223
4795,/home/jupyter/dent_outputs/isic2019_v2/melanoma/hairs/seed4795/lambda_t_star5/style.png,0.0012004994,0.0014114946,0.01778318,0.002298184,0.0016678052,0.005131423,0.99790335,0.0033953532,0.0009382014,0.003249495,0.9937378,0.0022467566,0.0010214978,0.002575809,0.99156183,0.0019410204,0.00062890153,0.0019801822,0.50349563,0.008903844,0.0011703004,0.00124559,0.04124638,0.0035166964,0.0010132104,0.00085527246,0.025124084,0.0021615503,0.0012930952,0.0009381991,0.028123759,0.0021917035,0.0019513599,0.00094089995,0.023931257,0.0023975733,0.0020177758,0.00074001146,0.018905558,0.0021900982
4731,/home/jupyter/dent_outputs/isic2019_v2/melanoma/hairs/seed4731/lambda_t_star5/style.png,0.26767087,0.03239865,0.0021342775,0.002328552,0.0076226997,0.024504729,0.97630924,0.033100463,0.0045450693,0.010728273,0.9356588,0.011027067,0.005042038,0.0102105765,0.9177209,0.009366989,0.0011109198,0.0003839036,0.03413723,0.0017607177,0.00047494326,0.0002943074,0.00236318,0.0009457944,0.00030388465,0.0006208405,0.0009859091,0.0014370437,0.00026763868,0.0008000661,0.0012295007,0.0019103796,0.00022613016,0.00066047267,0.0011404521,0.0017947262,0.0001479963,0.0004666338,0.0008483029,0.0012336686
4977,/home/jupyter/dent_outputs/isic2019_v2/melanoma/hairs/seed4977/lambda_t_star5/style.png,0.9232659,0.0052313795,0.0015233728,0.0009483958,0.00047128985,0.0020137671,0.6361823,0.0048099714,0.0012639825,0.0028911764,0.23234995,0.007265714,0.0014385072,0.0026044806,0.09195157,0.00802257,0.0024888974,0.0024221556,0.018658396,0.008587223,0.002502426,0.0010506836,0.0071720853,0.0052841604,0.0024468948,0.0008813353,0.0053639547,0.005046915,0.0027204354,0.0010996688,0.006010258,0.0064603398,0.0031848473,0.0009960766,0.005263588,0.0064957584,0.003254576,0.0008840565,0.004384243,0.00589849
4204,/home/jupyter/dent_outputs/isic2019_v2/melanoma/hairs/seed4204/lambda_t_star5/style.png,0.0009879986,0.006050908,0.020799914,0.0013605749,0.00024495085,0.0059814863,0.94872314,0.0037905336,7.216407e-05,0.0007771508,0.6350918,0.002420161,7.405046e-05,0.00090908114,0.023733497,0.0029515952,0.00011400307,0.0007945741,0.013064709,0.0031332553,0.00029417526,0.00093690475,0.008616106,0.00388642,0.00022428247,0.00059755205,0.0038802794,0.0024318148,0.0003125771,0.00049352384,0.0027084153,0.0021630619,0.00044837178,0.00053645455,0.0029105751,0.0027425792,0.00052375224,0.00040329603,0.002480537,0.0027302967
4555,/home/jupyter/dent_outputs/isic2019_v2/melanoma/hairs/seed4555/lambda_t_star5/style.png,0.0005589877,0.0028471313,0.0038910026,0.0006539617,0.0018382366,0.010794625,0.9926845,0.008505253,0.015609366,0.01032248,0.8653482,0.004754731,0.016196206,0.00315121,0.58612126,0.0020553959,0.0051792217,0.0019363102,0.19158198,0.0014791046,0.0030885055,0.0030343407,0.071602546,0.0010369122,0.009079669,0.0038900117,0.026017653,0.0022119011,0.0025046982,0.0030159573,0.016919084,0.0022922526,0.0020625934,0.0019884026,0.0091735795,0.0026316203,0.001970283,0.0018531263,0.0077049634,0.0026314938
4830,/home/jupyter/dent_outputs/isic2019_v2/melanoma/hairs/seed4830/lambda_t_star5/style.png,0.012903591,0.026874602,0.003543266,0.0018398636,0.00036114754,0.0011368223,0.90855104,0.00159572,0.0006110342,0.001149623,0.7526714,0.0023714574,0.0007598107,0.0012560771,0.50921917,0.0044181766,0.00052550645,0.0009790821,0.37406212,0.004759101,0.00041588704,0.0008131616,0.28346565,0.004296482,0.00023687024,0.00052278163,0.27188322,0.0021818618,0.00018841316,0.00037954174,0.18892807,0.0013949681,0.00022194118,0.00041592633,0.21492362,0.001255686,0.0002226939,0.00038893832,0.18748933,0.001308577
4279,/home/jupyter/dent_outputs/isic2019_v2/melanoma/hairs/seed4279/lambda_t_star5/style.png,0.0064317007,0.03367712,0.0031739315,0.0010400187,0.0030041875,0.019379605,0.9537396,0.025348693,0.0007614941,0.008787154,0.99105304,0.0032968803,0.0005544036,0.0051354826,0.98788863,0.0025098727,0.0004831808,0.0039233975,0.9091776,0.0060111983,0.00062830927,0.0028952288,0.8020995,0.0025844823,0.00075014523,0.0010238722,0.055023793,0.0026183433,0.0008173863,0.0011577036,0.031220863,0.0029542136,0.0009133727,0.0009850088,0.02437637,0.002678339,0.00085442903,0.0008026276,0.01799233,0.0023132556
4873,/home/jupyter/dent_outputs/isic2019_v2/melanoma/hairs/seed4873/lambda_t_star5/style.png,0.0018001513,0.0033341313,0.08019227,0.0040578996,0.0026606773,0.011162809,0.94376045,0.310195,0.0018005017,0.0008311955,0.8388763,0.0024557563,0.0004196965,0.0003268194,0.20201099,0.0021665567,0.00026432227,0.0002870593,0.030492788,0.0015410755,0.00033655998,0.00029445108,0.018903218,0.0013317917,0.00044844384,0.00032222937,0.016384618,0.001396052,0.0004864629,0.00034714484,0.013775351,0.0014686616,0.0005764996,0.00036296307,0.011255111,0.001513914,0.00068502245,0.00038689442,0.010763664,0.0013960248
4802,/home/jupyter/dent_outputs/isic2019_v2/melanoma/hairs/seed4802/lambda_t_star5/style.png,0.051671945,0.0249315,0.0045760744,0.0017747325,0.0033767598,0.039442215,0.9981686,0.02408973,0.0013764689,0.009286065,0.9726457,0.0057976292,0.00035520794,0.0030443377,0.2045663,0.0059361407,0.00020339596,0.002404615,0.0696822,0.006170764,0.0001435243,0.0022034715,0.02555421,0.0034087237,0.00014227914,0.0015226507,0.014421926,0.0026062676,0.00018170617,0.0017708981,0.008806717,0.0029469556,0.0002126502,0.0018470964,0.0059002824,0.0029838004,0.00029356082,0.0021309138,0.005384179,0.0035969915
4645,/home/jupyter/dent_outputs/isic2019_v2/melanoma/hairs/seed4645/lambda_t_star5/style.png,0.0019466255,0.015700335,0.008850601,0.0024967883,0.00015154498,0.0013733682,0.9886053,0.0007821986,0.00013826069,0.0019188137,0.9878179,0.00086781057,0.0007819485,0.005185148,0.99811053,0.0052545005,0.001271442,0.007566012,0.99789304,0.0074903877,0.0010264438,0.006785602,0.9882935,0.004920388,0.0012993397,0.0065207076,0.02186704,0.00570373,0.0016269991,0.005990628,0.011677375,0.0034794952,0.0017920611,0.005175329,0.010712894,0.0027566967,0.0016810929,0.004771682,0.010355527,0.0027852631
4269,/home/jupyter/dent_outputs/isic2019_v2/melanoma/hairs/seed4269/lambda_t_star5/style.png,0.0025856723,0.010223259,0.069864444,0.007042903,0.039495885,0.014239263,0.985028,0.02311508,0.0025680903,0.019983727,0.9830524,0.03156136,0.013170419,0.031084923,0.9956801,0.034898397,0.018460836,0.024948156,0.98104024,0.054203358,0.00918082,0.020151354,0.9566841,0.052752394,0.00351138,0.012436985,0.8427269,0.027686287,0.0011955082,0.004539944,0.5655248,0.012465633,0.00030506696,0.0046966868,0.4165772,0.0064118393,0.0002554354,0.005663691,0.34128812,0.005924744
4962,/home/jupyter/dent_outputs/isic2019_v2/melanoma/hairs/seed4962/lambda_t_star5/style.png,0.03593433,0.032870144,0.0003156219,0.0006079664,0.002025528,0.008470489,0.9922275,0.011203479,0.0027907833,0.011532916,0.99500966,0.0064315326,0.0026346846,0.027252391,0.9866628,0.007302,0.0007444655,0.003762621,0.2894347,0.010448537,0.00087873125,0.03100649,0.033672076,0.004687125,0.0009636681,0.03470494,0.041703746,0.00563863,0.0012042739,0.0490797,0.03442674,0.005748085,0.0012885027,0.031113401,0.03352341,0.005131133,0.0015895868,0.033009987,0.047610957,0.0057638907
4933,/home/jupyter/dent_outputs/isic2019_v2/melanoma/hairs/seed4933/lambda_t_star5/style.png,0.00024362764,0.0076868944,0.029815057,0.0010299869,0.0038020678,0.0068180044,0.99781466,0.0029207228,0.002222339,0.0035210303,0.99219406,0.0017472509,0.0011884572,0.002954552,0.9922008,0.0018075885,0.0015222498,0.003527065,0.98782045,0.002669095,0.00029994902,0.0014224795,0.40501994,0.002981353,0.00029947213,0.001520853,0.44853503,0.0031826939,0.0002551263,0.0017226279,0.39612913,0.0031695114,0.0002471605,0.001696114,0.38362503,0.0030926515,0.00022518518,0.0018779704,0.28316113,0.0029540241
4416,/home/jupyter/dent_outputs/isic2019_v2/melanoma/hairs/seed4416/lambda_t_star5/style.png,0.006121548,0.016254464,0.29065922,0.008931123,0.0015800258,0.0054029264,0.82485056,0.0017953969,0.002310039,0.013165042,0.900382,0.006756003,0.0036579084,0.020481942,0.96670556,0.009968288,0.0063887085,0.030765615,0.94847256,0.0136553515,0.010131995,0.0051914165,0.122218125,0.004982934,0.013229101,0.0039424524,0.051878575,0.0043933396,0.008989056,0.0062879412,0.042995334,0.0074127405,0.017767636,0.0054114945,0.015548277,0.0053697457,0.018812176,0.0043466454,0.00975423,0.0047751204
4510,/home/jupyter/dent_outputs/isic2019_v2/melanoma/hairs/seed4510/lambda_t_star5/style.png,0.028851928,0.022646228,0.004922076,0.0069390098,0.032898705,0.065458484,0.97675234,0.03679344,0.0077230716,0.028342966,0.9885162,0.018239414,0.024988208,0.064200856,0.9618451,0.068098515,0.00063818553,0.0012663997,0.0011349845,0.0012188259,0.0016144956,0.0013381693,0.00084096467,0.0012360658,0.0011181623,0.00057984435,0.00084971596,0.0007259488,0.0010461122,0.0007171455,0.0008733319,0.0008823578,0.00060177484,0.0012749411,0.001120013,0.0010933679,0.0005737673,0.0014897231,0.0012729198,0.0012887445
4815,/home/jupyter/dent_outputs/isic2019_v2/melanoma/hairs/seed4815/lambda_t_star5/style.png,0.0020414654,0.18772414,0.007762133,0.010699505,0.0037795336,0.022129003,0.98890114,0.011751958,0.020970803,0.001984147,0.008536497,0.00741373,0.92306906,0.0077573718,0.001144305,0.0014873481,0.9810838,0.008787872,0.0009044355,0.0013292036,0.93800145,0.009574155,0.0005755109,0.000811049,0.9834818,0.0021370384,0.00019356076,0.00026626556,0.9886641,0.0034082264,0.0002958984,0.0003204421,0.9692923,0.0038799862,0.00034540513,0.00039015265,0.9601295,0.004075712,0.00035299716,0.0003979636
4250,/home/jupyter/dent_outputs/isic2019_v2/melanoma/hairs/seed4250/lambda_t_star5/style.png,0.0051200064,0.0014772599,0.0021425427,0.00024805148,0.0021893303,0.010153283,0.9914209,0.0034198507,0.001098188,0.0045386236,0.9846881,0.0019079001,0.0068043894,0.009612847,0.909767,0.005265643,0.006284319,0.007305551,0.12744564,0.0069144317,0.0053671203,0.006972909,0.046393458,0.006784146,0.005619687,0.0055097546,0.037677746,0.005431663,0.006124401,0.004768257,0.043482274,0.0053612357,0.003694994,0.004903339,0.04065971,0.0048436574,0.0029161533,0.0046217134,0.034983978,0.0044132993
4963,/home/jupyter/dent_outputs/isic2019_v2/melanoma/hairs/seed4963/lambda_t_star5/style.png,0.07451326,0.021571757,0.0034280152,0.003084201,0.010092402,0.039828025,0.9462142,0.88100845,0.0021157567,0.012059602,0.950277,0.26134616,0.0010087284,0.019582419,0.9216065,0.22235379,0.0034511706,0.042501587,0.6397617,0.04413444,0.0026976434,0.07956109,0.007014602,0.009789116,0.0015012566,0.004513952,0.003695289,0.0048282114,0.0010858218,0.002615436,0.0028726743,0.0037035157,0.001088413,0.0023094993,0.0023371386,0.0030015921,0.0009910177,0.0014103403,0.0015337258,0.0022531352
4098,/home/jupyter/dent_outputs/isic2019_v2/melanoma/hairs/seed4098/lambda_t_star5/style.png,0.0005949416,0.0048796623,0.102228425,0.0008485181,0.0009121361,0.0083426,0.95887846,0.054114074,0.0009436377,0.0024807472,0.9929516,0.020364773,0.0011919598,0.002796884,0.55911016,0.0066769845,0.0019236938,0.0077233044,0.51995844,0.01160138,0.0015164512,0.007558808,0.2825815,0.015290357,0.002292136,0.006822071,0.15067999,0.016309837,0.002668336,0.004327508,0.067958616,0.011646714,0.0023767122,0.0031590883,0.042094868,0.0091402605,0.0024947608,0.0029951234,0.031470772,0.0086084185
4708,/home/jupyter/dent_outputs/isic2019_v2/melanoma/hairs/seed4708/lambda_t_star5/style.png,0.0030188246,0.019504635,0.000976869,0.001178543,0.0017234514,0.0062569357,0.9922037,0.00253614,0.0029723437,0.014538093,0.98668903,0.0044609024,0.00323372,0.016316615,0.9814895,0.004425316,0.012106487,0.033108294,0.97340536,0.008396668,0.025702462,0.014603841,0.011213716,0.006027003,0.0425509,0.014480207,0.013293601,0.008834059,0.046390172,0.017339822,0.009927548,0.0076350793,0.021552775,0.0125954,0.008556336,0.006028437,0.014179869,0.011583257,0.006766398,0.0049850196
4460,/home/jupyter/dent_outputs/isic2019_v2/melanoma/hairs/seed4460/lambda_t_star5/style.png,0.0013582328,0.0019724804,0.015709665,0.000899752,0.0038883938,0.011840176,0.9797987,0.011238677,0.00386105,0.008458675,0.9813882,0.009847183,0.0045200908,0.008401008,0.9404554,0.011476573,0.007750177,0.007190785,0.7651166,0.008832645,0.083491474,0.01666894,0.8737719,0.011115464,0.10405605,0.009803108,0.60805273,0.005314453,0.05908088,0.0021340156,0.06533739,0.0029053602,0.03751469,0.0012341699,0.024239471,0.0024488159,0.035481375,0.0011258031,0.013501312,0.0022161126
4143,/home/jupyter/dent_outputs/isic2019_v2/melanoma/hairs/seed4143/lambda_t_star5/style.png,0.0023321873,0.0022721835,0.056536455,0.00070155435,0.031200401,0.0218834,0.9777209,0.012475257,0.003844731,0.011134051,0.57780015,0.011040091,0.0027836384,0.0075765387,0.5935809,0.008053785,0.0058408827,0.015477012,0.79639655,0.013253874,0.0043948456,0.016237264,0.62016994,0.012019717,0.004166373,0.011140006,0.43705162,0.00994557,0.0045747673,0.009661863,0.27959013,0.009281539,0.0074250186,0.012760438,0.16381203,0.010245628,0.00875124,0.01113855,0.1375883,0.009033942
4016,/home/jupyter/dent_outputs/isic2019_v2/melanoma/hairs/seed4016/lambda_t_star5/style.png,0.0048294924,0.014700616,0.058785643,0.009477155,0.00070750236,0.0018614932,0.38192067,0.0031926243,0.00083215244,0.001605459,0.3084713,0.002526304,0.0016559723,0.0017566484,0.5849589,0.0033917846,0.0016082007,0.0012319396,0.40270007,0.0024858876,0.001789821,0.0013305347,0.30637112,0.0040039425,0.0020702672,0.0009558476,0.18577239,0.0029079888,0.0016634855,0.00074736105,0.09077808,0.002285584,0.0015714751,0.00068975094,0.043761674,0.0017834362,0.0010969092,0.00057784416,0.032239668,0.0013275197
4870,/home/jupyter/dent_outputs/isic2019_v2/melanoma/hairs/seed4870/lambda_t_star5/style.png,0.6022475,0.00307145,0.0032041215,0.0029890523,0.003819988,0.013383206,0.96980625,0.3151724,0.00088299153,0.011497065,0.9427278,0.08696842,0.0009155567,0.008182664,0.99366957,0.004240804,0.0061428295,0.011384457,0.8284615,0.027243122,0.0076143392,0.014844921,0.70890737,0.04541045,0.018174864,0.02960746,0.047294274,0.042473447,0.019367501,0.03151142,0.022939885,0.030377401,0.013409121,0.036031894,0.01512067,0.021440968,0.014420461,0.030896157,0.0095951855,0.015650788
4728,/home/jupyter/dent_outputs/isic2019_v2/melanoma/hairs/seed4728/lambda_t_star5/style.png,0.00071426004,0.022217512,0.0044405474,0.0009958583,0.009734141,0.023866102,0.9993864,0.037487302,0.0013296437,0.0030229103,0.97482115,0.0035202624,0.008157769,0.018404895,0.85793334,0.18092252,0.00023738932,0.00089049316,0.6476642,0.0023028948,0.00016140215,0.0004922204,0.2275051,0.0009678639,9.072588e-05,0.0002793302,0.06867097,0.00050527375,7.985411e-05,0.00031407573,0.05419541,0.0006099717,8.518478e-05,0.00043724335,0.040414542,0.0007637471,8.209747e-05,0.0005036322,0.027740834,0.0008027978
4529,/home/jupyter/dent_outputs/isic2019_v2/melanoma/hairs/seed4529/lambda_t_star5/style.png,0.0088144075,0.00085397117,0.029061362,0.0031309922,0.00056575134,0.0014495391,0.36272964,0.0050050835,0.00048070148,0.00055856374,0.07134298,0.004233732,0.000446562,0.00035514444,0.024660774,0.0031262971,0.0005496476,0.0003753289,0.019579232,0.003116691,0.0008261734,0.00040051242,0.016182225,0.0038406006,0.0013118201,0.00044854707,0.019911015,0.004456462,0.0015730859,0.00040908577,0.01677233,0.004333561,0.0015784092,0.0004481306,0.014012155,0.0049296673,0.001542161,0.00046479708,0.013465234,0.004803555
4082,/home/jupyter/dent_outputs/isic2019_v2/melanoma/hairs/seed4082/lambda_t_star5/style.png,0.0014229586,0.0053925305,0.0251388,0.0052120495,0.00054064713,0.0018553876,0.9106588,0.0025833086,0.00034537585,0.001665177,0.9615212,0.0013526144,0.00046391928,0.002559248,0.9111485,0.0018194452,0.0013041445,0.00439967,0.85774475,0.0037148285,0.0027559916,0.007278606,0.7712253,0.005017859,0.0027028697,0.004756179,0.033557918,0.0055227475,0.002756428,0.0032693583,0.00895041,0.0041925097,0.012434812,0.002381187,0.0053773765,0.00379082,0.012717361,0.0020032665,0.004603518,0.0034895092
4938,/home/jupyter/dent_outputs/isic2019_v2/melanoma/hairs/seed4938/lambda_t_star5/style.png,0.0038149436,0.003744892,0.13666475,0.0049229334,0.0009910294,0.008407792,0.9917108,0.0027512084,0.0007576091,0.007988493,0.9814948,0.0018226512,0.0007392953,0.0112105915,0.9890966,0.004419356,0.00032027933,0.0046295947,0.052130096,0.0015565977,0.00031989117,0.0022617897,0.08203981,0.0010388369,0.0004464098,0.0009917638,0.017632747,0.0007078544,0.0013207563,0.0011680495,0.006173294,0.0009676918,0.0021618796,0.0013959217,0.003651189,0.0008051605,0.0025317266,0.0013709259,0.0028763616,0.0008550936
4246,/home/jupyter/dent_outputs/isic2019_v2/melanoma/hairs/seed4246/lambda_t_star5/style.png,0.0008012215,0.0395135,0.030727077,0.0047230246,0.0007801768,0.008302902,0.99861634,0.013379788,0.0010829887,0.0068510678,0.99867743,0.011047169,0.0006244173,0.0016402565,0.0072527668,0.0027498887,0.0008556157,0.0025532236,0.006173613,0.0034260303,0.0012644894,0.0037610019,0.006529409,0.0037581157,0.0012882868,0.003548838,0.006037115,0.0030464053,0.0013276511,0.004156058,0.006188091,0.003666202,0.0012692763,0.0042383517,0.005786805,0.003544854,0.0014262015,0.004400121,0.005728747,0.0037366466
4413,/home/jupyter/dent_outputs/isic2019_v2/melanoma/hairs/seed4413/lambda_t_star5/style.png,0.0016471038,0.036028624,0.024974927,0.0019327592,0.002996519,0.0321223,0.9905128,0.09720298,0.003752238,0.10780514,0.96635467,0.078368515,0.0026290808,0.12026827,0.8531464,0.08905565,0.07743423,0.003800562,0.029543001,0.0036846602,0.07391218,0.001969985,0.02127597,0.002775254,0.016074494,0.0019568717,0.014149366,0.002629047,0.019629043,0.002047551,0.0117101595,0.0021255477,0.061944798,0.0031737806,0.0066598775,0.0017576613,0.046771698,0.0034501068,0.0050488785,0.0015957906
4941,/home/jupyter/dent_outputs/isic2019_v2/melanoma/hairs/seed4941/lambda_t_star5/style.png,0.0013248747,0.008471598,0.025425153,0.0014960406,0.003272491,0.008597019,0.941658,0.006417547,0.00016978527,0.000426307,0.017517203,0.0013072317,0.00019952015,0.0003231381,0.020100687,0.0012287585,0.00017679959,0.00033744177,0.015907362,0.001243288,0.0002323472,0.00037296145,0.011084803,0.0010273482,0.0003302346,0.0019095242,0.004804246,0.00085268647,0.0004492298,0.0011611925,0.0043811463,0.0008657913,0.0006860439,0.00053730916,0.0048977863,0.0010952005,0.0008358206,0.00067206426,0.0048492556,0.0012960476
4618,/home/jupyter/dent_outputs/isic2019_v2/melanoma/hairs/seed4618/lambda_t_star5/style.png,0.21019605,0.01238767,0.0003581241,0.0007931617,0.006860619,0.05740014,0.8789905,0.018947665,0.0040909285,0.029163023,0.9065058,0.0358626,0.019817233,0.036680542,0.9651115,0.13075122,0.01716324,0.056334063,0.9313717,0.8763077,0.013292461,0.04000716,0.6975801,0.7873645,0.011213436,0.030733712,0.21401118,0.6125257,0.007162751,0.029462803,0.14380623,0.5845903,0.021938188,0.044076223,0.17647082,0.72302234,0.025366394,0.05596188,0.21786724,0.78359246
4583,/home/jupyter/dent_outputs/isic2019_v2/melanoma/hairs/seed4583/lambda_t_star5/style.png,0.020515127,0.002643098,0.0012214425,0.0010204318,0.0017826621,0.026433745,0.9687063,0.05853093,0.00031002532,0.003989058,0.0032504406,0.0026430362,0.0007224827,0.003849082,0.0019738737,0.0028553663,0.0008435666,0.0054651317,0.0023278876,0.0031305428,0.0009695534,0.006254045,0.0026794192,0.0037550586,0.0007433783,0.0053202114,0.0017048694,0.0028639894,0.0007895116,0.005485928,0.0022006042,0.0036912232,0.0012862417,0.00581959,0.0025069856,0.004920318,0.0013185064,0.004737041,0.002317329,0.004333518
4753,/home/jupyter/dent_outputs/isic2019_v2/melanoma/hairs/seed4753/lambda_t_star5/style.png,0.0023818973,0.09051131,0.0004901521,0.0016021256,0.000562367,0.0015147764,0.98749095,0.002318919,0.0017566109,0.0042623472,0.95337856,0.004626579,0.0013507021,0.0088284705,0.72241795,0.009648012,0.007980935,0.15694287,0.04288435,0.009067077,0.0009823631,0.009506044,0.003827957,0.0011561585,0.00027439633,0.0011086854,0.0007548533,0.0006216043,0.00025297055,0.0014259904,0.0007598498,0.00074285886,0.0002116378,0.0009820478,0.00078021653,0.0007975807,0.00035279008,0.0011411764,0.00072447245,0.0011224364
4975,/home/jupyter/dent_outputs/isic2019_v2/melanoma/hairs/seed4975/lambda_t_star5/style.png,0.0006665685,0.07005211,0.0016438484,0.001241555,0.0006574246,0.006257306,0.99405754,0.0017477731,0.0024072153,0.0096316375,0.99817896,0.019730339,0.000877855,0.0030157324,0.8907475,0.005024579,0.0011515185,0.0013637597,0.022641215,0.0030333528,0.03144647,0.0019667428,0.096599214,0.002906503,0.0017427738,0.0013827828,0.011141517,0.002779525,0.0018100698,0.0007946112,0.004069243,0.0017675268,0.0019642746,0.00094675226,0.0031117569,0.0017968059,0.0020691964,0.0010389403,0.0031046234,0.0020322641
4610,/home/jupyter/dent_outputs/isic2019_v2/melanoma/hairs/seed4610/lambda_t_star5/style.png,0.0062605264,0.0018768107,0.022464998,0.00228328,0.00093391724,0.0049602,0.9701653,0.006616085,0.0019065175,0.0047499044,0.97193235,0.008066449,0.008372675,0.012808335,0.9887926,0.025997287,0.005269138,0.0020916318,0.13454139,0.010599277,0.016693829,0.0023924399,0.10281862,0.012657819,0.016221862,0.0027197846,0.088201866,0.009516038,0.014173778,0.0029600495,0.027753092,0.011692624,0.01030977,0.0029185184,0.014215267,0.008587004,0.008939847,0.002395476,0.013783291,0.007595593
4704,/home/jupyter/dent_outputs/isic2019_v2/melanoma/hairs/seed4704/lambda_t_star5/style.png,0.0026954045,0.0056646224,0.0017552985,0.0010444323,0.00080837595,0.0029774392,0.9956638,0.0026707838,0.00054082496,0.0026651528,0.99344784,0.0018122292,0.0008166793,0.003119915,0.9851022,0.0020415492,0.0014339526,0.0036484632,0.9435698,0.0023779133,0.0027050427,0.0041490444,0.15774229,0.003955905,0.014249848,0.0029426643,0.0063608307,0.0038003922,0.01375958,0.0015631389,0.004332442,0.002511441,0.019248784,0.0012138688,0.0029560626,0.0023319665,0.025339505,0.0013007735,0.0027743632,0.0023951328
4947,/home/jupyter/dent_outputs/isic2019_v2/melanoma/hairs/seed4947/lambda_t_star5/style.png,0.036531635,0.0070525534,0.00034231952,0.00023743372,0.0011431882,0.008154289,0.9988165,0.011771074,0.0007810876,0.0075264685,0.99765706,0.012431164,0.00103669,0.006945907,0.9769832,0.007778063,0.00084117183,0.0033025807,0.17359012,0.006204149,0.000883773,0.0032984128,0.11939894,0.004866124,0.00072211516,0.00285229,0.07676052,0.003968078,0.000668322,0.0025064205,0.06382524,0.0029538514,0.0006351101,0.0025627082,0.057335842,0.0024478936,0.00046459906,0.00246096,0.05105686,0.0022006303
4903,/home/jupyter/dent_outputs/isic2019_v2/melanoma/hairs/seed4903/lambda_t_star5/style.png,0.00081899704,0.0021194818,0.07701954,0.001679462,0.0017661107,0.09478393,0.77146363,0.015568066,0.0012793666,0.082017064,0.43360406,0.0061292294,0.0023336923,0.1538534,0.45338517,0.025314081,0.00030448206,0.0033260128,0.007804759,0.00061616005,0.00079574925,0.0058060074,0.007104352,0.0007465606,0.0012744743,0.003892021,0.004542785,0.0008315856,0.0012876488,0.0041849893,0.003950331,0.0009420261,0.0017035964,0.0043256963,0.0030256652,0.0011650665,0.0012068839,0.0035113299,0.0028541498,0.0010296489
4883,/home/jupyter/dent_outputs/isic2019_v2/melanoma/hairs/seed4883/lambda_t_star5/style.png,0.0013819832,0.0012643449,0.01967764,0.0009835234,0.00028155424,0.0035475213,0.9861589,0.0015765543,0.000443782,0.0082273735,0.9794654,0.0031735408,0.0003470593,0.008472319,0.96388686,0.0028490233,0.0004134921,0.011919829,0.957549,0.0027066756,0.0004658343,0.005736947,0.27605855,0.0018396789,0.0007111507,0.0021129658,0.0038825786,0.0015350678,0.0015335244,0.0027937521,0.0048571383,0.0025171295,0.0019508898,0.0024525893,0.0051877736,0.0028352395,0.001957752,0.0017828575,0.0055763707,0.002843072
4589,/home/jupyter/dent_outputs/isic2019_v2/melanoma/hairs/seed4589/lambda_t_star5/style.png,0.13889854,0.011147504,0.53377575,0.0013337008,0.0016621193,0.0038201823,0.91969943,0.008902818,0.0026106727,0.0041711926,0.91915333,0.0108203525,0.0031407212,0.002554472,0.93422,0.0037951446,0.005189666,0.0014698517,0.5285646,0.0032056419,0.0025674393,0.0022980352,0.28413522,0.0027708404,0.014241678,0.0018955716,0.10220858,0.0013211847,0.016966969,0.0038929672,0.02619716,0.0016010649,0.041508734,0.0059650624,0.01318457,0.0018864188,0.056239106,0.003086153,0.007383125,0.0015746685
4489,/home/jupyter/dent_outputs/isic2019_v2/melanoma/hairs/seed4489/lambda_t_star5/style.png,0.005762396,0.004441003,0.00683557,0.0010915758,0.002029338,0.03166655,0.9835015,0.018874176,0.00063105486,0.0067128288,0.963483,0.011570228,0.0007465737,0.0054518594,0.9568419,0.01823767,0.00089001085,0.0039850096,0.968193,0.012708557,0.0010372837,0.00505863,0.021724517,0.006474823,0.00089877564,0.004050885,0.012543124,0.0048097796,0.0011094846,0.0029530688,0.0065201116,0.0031534156,0.0040044505,0.0043669636,0.0037252319,0.0028081895,0.0027769515,0.0041700345,0.002970123,0.0021991828
4453,/home/jupyter/dent_outputs/isic2019_v2/melanoma/hairs/seed4453/lambda_t_star5/style.png,0.5150926,0.00307399,0.004198309,0.0025909091,0.0024104386,0.0016001833,0.9842157,0.0029159677,0.0010155636,0.0014755228,0.99665976,0.0014906077,4.1896838e-05,0.0003601805,0.53729266,0.0003663104,5.3698117e-05,0.0006111839,0.073471226,0.013323368,0.00024124961,0.0005614782,0.008635866,0.010321823,0.00036441372,0.00017592363,0.009981482,0.00242633,0.0006787343,0.00048775255,0.0030232698,0.0024691995,0.00056094246,0.0006336548,0.00096930494,0.00181476,0.00055870326,0.0005493566,0.0007339816,0.0017549319
4290,/home/jupyter/dent_outputs/isic2019_v2/melanoma/hairs/seed4290/lambda_t_star5/style.png,0.003894869,0.0052848496,0.00094729906,0.00022056913,0.0025716103,0.0017587049,0.98821986,0.0019920024,0.00096825353,0.0017746083,0.8458736,0.002176932,0.009589886,0.0013019459,0.091732964,0.0040675984,0.0016894257,0.00087820267,0.007754531,0.0027839139,0.0014184673,0.00083009095,0.005595677,0.002420527,0.0022168166,0.00089467055,0.0053082784,0.002582514,0.0027665284,0.00067670876,0.0042220103,0.0024194987,0.0022359863,0.0006749456,0.003936766,0.0025619464,0.0020839365,0.00069933716,0.0035615931,0.002603116
4657,/home/jupyter/dent_outputs/isic2019_v2/melanoma/hairs/seed4657/lambda_t_star5/style.png,0.121879905,0.16352466,0.00068736554,0.0016412797,0.0012421723,0.008221252,0.6230276,0.062723696,0.006688912,0.0024496978,0.05734308,0.0029826062,0.0015446895,0.0027510826,0.032401856,0.0034618045,0.0060797203,0.0013045234,0.008963379,0.0025016896,0.79266125,0.0011618021,0.0034796884,0.0013061184,0.79077446,0.0009731102,0.0021356214,0.0009325436,0.8055738,0.00075762713,0.0008826816,0.0005791744,0.8323153,0.0012036728,0.0006642064,0.0005020287,0.74942875,0.0011780456,0.0005083219,0.0005000922
4234,/home/jupyter/dent_outputs/isic2019_v2/melanoma/hairs/seed4234/lambda_t_star5/style.png,0.0005421746,0.015597062,0.010168626,0.0037344496,0.00029599803,0.0019765096,0.9980724,0.0007917394,0.00029380416,0.0036589422,0.99420965,0.0015103336,0.00050418597,0.006360354,0.9914255,0.0029016798,0.002081564,0.0079032825,0.024221675,0.008807857,0.0044227266,0.00656202,0.011514606,0.008170719,0.004339371,0.0064237164,0.010422283,0.0089935,0.0064145247,0.0072036437,0.008805198,0.008100198,0.006756554,0.0077615124,0.007388001,0.00795981,0.0074753077,0.0077620484,0.005112839,0.0062453095
4239,/home/jupyter/dent_outputs/isic2019_v2/melanoma/hairs/seed4239/lambda_t_star5/style.png,0.0010159197,0.04820807,0.0017131534,0.00045082386,0.00072588475,0.0066137603,0.9986745,0.0018821904,0.0006242264,0.006718701,0.99036,0.002611476,0.00051750377,0.0036764508,0.9827702,0.0015349626,0.0005028316,0.0019238603,0.41841924,0.0025035,0.010291084,0.0011522323,0.04722095,0.0032893238,0.0009979436,0.0007236076,0.009619614,0.002161501,0.0029710396,0.00064520695,0.004149659,0.0014869191,0.0026215394,0.0008650223,0.0033637036,0.001630257,0.0023455904,0.000798232,0.0037700976,0.0020269705
4966,/home/jupyter/dent_outputs/isic2019_v2/melanoma/hairs/seed4966/lambda_t_star5/style.png,0.00051859824,0.006579454,0.050207566,0.0018158157,0.0038342483,0.065117635,0.983444,0.019777624,0.0017304205,0.0103512565,0.9540256,0.01453133,0.0026959225,0.012989398,0.3438275,0.007062548,0.0017025393,0.008286181,0.17762329,0.0050884383,0.0023349104,0.0068356604,0.17409563,0.0041580168,0.0013749709,0.006716719,0.14321849,0.0022149982,0.0024451797,0.014742141,0.10411661,0.0025440713,0.0026189487,0.011726134,0.05808715,0.0020071438,0.004054446,0.013110705,0.059797462,0.0021740631
4214,/home/jupyter/dent_outputs/isic2019_v2/melanoma/hairs/seed4214/lambda_t_star5/style.png,0.07100838,0.0073497286,0.00032716108,0.0005182484,0.0021547647,0.015880594,0.980185,0.609592,0.0005590482,0.004635424,0.96269614,0.24972184,0.00014996334,0.00048472686,0.9485092,0.001649798,0.00012387463,0.0005487684,0.29507476,0.0028577333,0.0003468688,0.0008106182,0.025565369,0.0029928174,0.0007952175,0.0007197295,0.00913366,0.0024500638,0.002252833,0.00074842764,0.0036996612,0.0021848693,0.0031649347,0.0007350802,0.0028632502,0.0021307596,0.004701332,0.0006669397,0.0022804304,0.0017129153
4060,/home/jupyter/dent_outputs/isic2019_v2/melanoma/hairs/seed4060/lambda_t_star5/style.png,0.0047981353,0.028420761,0.009441247,0.0030575146,0.005317627,0.009436485,0.996774,0.01070422,0.09976248,0.006554244,0.93643916,0.0022121714,0.012380339,0.0027140584,0.29939252,0.003331464,0.010030129,0.0008222896,0.013723306,0.0014303507,0.009066906,0.0009131896,0.012623475,0.0015888506,0.01018964,0.0011478241,0.015314434,0.0021162613,0.010780096,0.00094817043,0.011210185,0.0021250732,0.09392828,0.0014934309,0.01374444,0.004538451,0.15185606,0.0014925252,0.010539105,0.0043103574
4276,/home/jupyter/dent_outputs/isic2019_v2/melanoma/hairs/seed4276/lambda_t_star5/style.png,0.025145292,0.013031458,0.3859637,0.004640892,0.042114727,0.008262016,0.99865675,0.0062879506,0.0017455302,0.0069733844,0.99609715,0.0033669628,0.0014772846,0.0055637877,0.99619615,0.0030252696,0.0010445691,0.004242413,0.99693394,0.004642943,0.0018586708,0.004842038,0.9831282,0.008966345,0.0074178535,0.010982249,0.4160431,0.016011558,0.005175277,0.0142831765,0.2819719,0.014219558,0.004559296,0.01643163,0.16987543,0.010923218,0.0032919561,0.015805598,0.10274401,0.007968517
4473,/home/jupyter/dent_outputs/isic2019_v2/melanoma/hairs/seed4473/lambda_t_star5/style.png,0.018035365,0.020620892,0.006262738,0.0066563333,0.00521455,0.02620728,0.98828286,0.68905956,0.00555512,0.020830747,0.9847088,0.8370446,0.0026406178,0.015652338,0.9441575,0.7936553,0.0011713277,0.0036264772,0.86971426,0.011961836,0.00069450826,0.0018993537,0.026974393,0.0650056,0.0004965289,0.00072901684,0.012536713,0.012001181,0.0006491665,0.00084327284,0.0054119457,0.011130129,0.000629135,0.0005157949,0.0037128825,0.010346729,0.0006413348,0.00051793235,0.0033394485,0.011573374
4816,/home/jupyter/dent_outputs/isic2019_v2/melanoma/hairs/seed4816/lambda_t_star5/style.png,0.009912468,0.0045773694,0.86306316,0.0023564738,0.016007315,0.0030508067,0.99186385,0.0011924072,0.010838271,0.003640957,0.994341,0.0010369503,0.004249483,0.002905204,0.9931311,0.0009495549,0.0033023562,0.0019096934,0.980492,0.00087726006,0.01238883,0.0021670938,0.93721443,0.0012397782,0.004343413,0.0011478656,0.38329306,0.0018272384,0.0086317845,0.0013310493,0.18505353,0.0017481761,0.013462201,0.0015234635,0.11298317,0.002053901,0.010477462,0.002262528,0.06599706,0.0020389413
4836,/home/jupyter/dent_outputs/isic2019_v2/melanoma/hairs/seed4836/lambda_t_star5/style.png,0.039929014,0.025760949,0.0050697275,0.0064328555,0.0008444013,0.006674711,0.9970348,0.0036132208,0.0014002416,0.008989357,0.998497,0.0063102883,0.0031498428,0.0116030695,0.99701357,0.013491998,0.001947428,0.0044984585,0.94126076,0.007206416,0.0012940117,0.00401546,0.8809039,0.006939663,0.0012686712,0.0047754375,0.7263817,0.008512397,0.0010909494,0.005201972,0.6888568,0.006276969,0.000850122,0.0047031133,0.5906631,0.004767042,0.0007326562,0.003583233,0.5641844,0.003710525
4193,/home/jupyter/dent_outputs/isic2019_v2/melanoma/hairs/seed4193/lambda_t_star5/style.png,0.0066032046,0.5647932,0.0031792496,0.005448618,0.09807403,0.009532903,0.0031169623,0.0061081885,0.08938915,0.014095956,0.004465278,0.010492441,0.22647057,0.008860393,0.0038709904,0.010746192,0.22552428,0.006220131,0.0017512927,0.005291366,0.48225147,0.005363647,0.0016899583,0.004741402,0.5646835,0.005893906,0.0016875346,0.005635826,0.640829,0.008940569,0.0021243847,0.0061169923,0.65488076,0.010784695,0.0025936288,0.007548591,0.66213626,0.012809735,0.0032198878,0.009077476
4446,/home/jupyter/dent_outputs/isic2019_v2/melanoma/hairs/seed4446/lambda_t_star5/style.png,0.004699746,0.026150146,0.0008977806,0.0013376978,0.0010079013,0.0853568,0.4092752,0.0066907653,0.00037657688,0.05851648,0.211324,0.0036565405,0.0002424216,0.031348,0.1879415,0.0028346516,0.00017896277,0.03185276,0.11295788,0.0018460313,0.00017490069,0.047089227,0.06337754,0.0015457182,0.00024529346,0.096191235,0.030263519,0.0011980154,0.00015036223,0.034348745,0.02041477,0.0008627607,0.00016107805,0.023409134,0.014044367,0.0008510663,0.00016040473,0.0147419395,0.011904905,0.0007352014
4493,/home/jupyter/dent_outputs/isic2019_v2/melanoma/hairs/seed4493/lambda_t_star5/style.png,0.0029497617,0.22162399,0.029694544,0.0038676911,0.00026333294,0.010152646,0.9880784,0.0016522438,0.00077696424,0.013818473,0.97674984,0.0022453535,0.0008079523,0.015785052,0.96473277,0.0017860372,0.0011409199,0.021074593,0.93863845,0.0021528169,0.003303493,0.051075734,0.86517686,0.0041515375,0.11115595,0.010959582,0.0039852504,0.0040605194,0.07452573,0.009452852,0.0034193224,0.00426089,0.0077650836,0.006583937,0.002280862,0.002857368,0.00833136,0.008206564,0.0024228839,0.0032281473
4707,/home/jupyter/dent_outputs/isic2019_v2/melanoma/hairs/seed4707/lambda_t_star5/style.png,0.0059790886,0.020338167,0.0045606014,0.0016974742,0.0033846467,0.016784081,0.918279,0.28755042,0.019934312,0.024792781,0.99500656,0.027927617,0.007759713,0.014499763,0.9838113,0.014740436,0.010699434,0.0022724764,0.00942116,0.009435041,0.21623485,0.0049044513,0.011756672,0.01416759,0.9024864,0.006749546,0.0096511375,0.011474079,0.8907011,0.007647568,0.0082868,0.010525594,0.820073,0.010207156,0.008620322,0.011941341,0.8628445,0.011421693,0.0068398053,0.010228177
4126,/home/jupyter/dent_outputs/isic2019_v2/melanoma/hairs/seed4126/lambda_t_star5/style.png,0.00021860047,0.005416838,0.035348184,0.0012131579,0.0044359923,0.0063146073,0.530383,0.008000231,0.001919897,0.012052876,0.054929946,0.0039670193,0.0066718636,0.009332077,0.020682102,0.0035627934,0.011515121,0.00771178,0.011009806,0.003312596,0.014722435,0.006132045,0.0063300855,0.0027642222,0.020151226,0.0062854183,0.0049148365,0.0034854691,0.019178351,0.009242326,0.004263711,0.003428232,0.01610011,0.011074312,0.004214651,0.0038261919,0.014044975,0.014331169,0.003963849,0.0040920363
4668,/home/jupyter/dent_outputs/isic2019_v2/melanoma/hairs/seed4668/lambda_t_star5/style.png,0.014622133,0.06377923,0.0006459484,0.00067657785,0.00096008205,0.0064462093,0.9249502,0.011244879,0.0005564157,0.0040581073,0.89941144,0.0127356695,0.000736941,0.0021392738,0.99715424,0.0033560276,0.00056485884,0.0013682669,0.40244386,0.0046840603,0.00086456997,0.0014005617,0.017660348,0.0043276474,0.0010056434,0.0016295206,0.014703786,0.004238195,0.00139466,0.0017943085,0.01218304,0.004550622,0.0011157006,0.0018269131,0.010156874,0.004517407,0.0014939208,0.0018173282,0.008541781,0.0043813214
4532,/home/jupyter/dent_outputs/isic2019_v2/melanoma/hairs/seed4532/lambda_t_star5/style.png,0.0011988116,0.0030626683,0.022163803,0.00829074,0.00064926245,0.0036186462,0.89971125,0.0051482785,0.001818975,0.015764454,0.909286,0.05894707,0.0013017439,0.0030509953,0.027050879,0.006273433,0.0018006053,0.0026072566,0.011116026,0.0051067933,0.0022676976,0.0031949452,0.009364454,0.005324341,0.002677846,0.0033466504,0.011721721,0.0061872816,0.003338295,0.004521743,0.012939874,0.007647858,0.0034297425,0.005041301,0.010901171,0.00793745,0.0043504853,0.0054928465,0.010817443,0.008537934
4621,/home/jupyter/dent_outputs/isic2019_v2/melanoma/hairs/seed4621/lambda_t_star5/style.png,0.0041370946,0.0007163645,0.0102497,0.0012655648,0.0064853444,0.0024162498,0.17878312,0.00641317,0.019387998,0.0010452121,0.045381244,0.0055014784,0.024724726,0.00082715874,0.014102862,0.0062569003,0.022395141,0.0006675848,0.009008901,0.00507151,0.023089215,0.0038561327,0.0062452354,0.0054496364,0.013278666,0.00698421,0.0051379898,0.005159584,0.013696812,0.006794259,0.0058097355,0.0063419864,0.010095628,0.0010312895,0.0061471947,0.005467218,0.012050366,0.0010408578,0.0062047993,0.0055683777
4732,/home/jupyter/dent_outputs/isic2019_v2/melanoma/hairs/seed4732/lambda_t_star5/style.png,0.000566068,0.031186413,0.042919084,0.0068708938,0.006049755,0.08588074,0.9813446,0.031975746,0.0023529048,0.0027226703,0.92301565,0.003499946,0.0020409392,0.0039316146,0.8371063,0.003850592,0.0015621352,0.004580997,0.7349969,0.004729105,0.0021767002,0.0026713957,0.010067778,0.0047870977,0.0031185376,0.002235935,0.008306362,0.0048436695,0.0021901242,0.0025876237,0.011301691,0.004624184,0.0026408401,0.0026463452,0.010776989,0.0049644522,0.002782319,0.0027580264,0.0094799,0.005385091
4456,/home/jupyter/dent_outputs/isic2019_v2/melanoma/hairs/seed4456/lambda_t_star5/style.png,0.18233594,0.023325862,0.0075687836,0.0060895598,0.0005917653,0.0028067145,0.9894599,0.0015240975,0.0010710954,0.004471308,0.9810805,0.0017526685,0.0023378637,0.0039800294,0.49633667,0.0035721736,0.012952854,0.0053576953,0.15152329,0.005635337,0.0034479878,0.003016799,0.020091582,0.0056311726,0.0022692063,0.0021097963,0.01409239,0.0037978494,0.0038165383,0.0026878626,0.012461396,0.0044038724,0.003836177,0.0027558855,0.010189963,0.00434352,0.0037799804,0.002634712,0.008664977,0.0038448644
4786,/home/jupyter/dent_outputs/isic2019_v2/melanoma/hairs/seed4786/lambda_t_star5/style.png,0.001263507,0.028196407,0.019194396,0.0048513478,0.0043711886,0.0020978015,0.99292094,0.0041412553,0.00042594204,0.0024617726,0.99266994,0.0034159413,0.035697807,0.0011486624,0.30660188,0.0014615906,0.05297121,0.0013744804,0.29289386,0.0021198874,0.042780556,0.0019230904,0.27682835,0.0023948867,0.048280135,0.0019995654,0.23395333,0.0021052402,0.7451894,0.0021499845,0.38239923,0.002269717,0.7585181,0.002045644,0.30926368,0.0023343018,0.7167819,0.002578671,0.24053985,0.0025509486
4757,/home/jupyter/dent_outputs/isic2019_v2/melanoma/hairs/seed4757/lambda_t_star5/style.png,0.0034379011,0.0629017,0.0118321115,0.0029090967,0.0005823292,0.0051983367,0.98345286,0.0055467146,0.00048276808,0.00048163297,0.012475052,0.0022354322,0.00040467066,0.0015309257,0.006474658,0.0013247636,0.0005117418,0.0033937532,0.006122187,0.0014097341,0.0006450607,0.007533738,0.006286967,0.001491863,0.0007526041,0.008313215,0.00498837,0.001279232,0.0007448097,0.005872781,0.0044986187,0.0012548718,0.0005681799,0.003005953,0.003810841,0.0010820187,0.000571426,0.0011124552,0.003178805,0.001017157
4492,/home/jupyter/dent_outputs/isic2019_v2/melanoma/hairs/seed4492/lambda_t_star5/style.png,0.012493587,0.0011536337,0.0014446939,0.0003850387,0.00037570516,0.00221071,0.99067456,0.000994548,0.0007969239,0.003507531,0.9846318,0.0012950179,0.0012235,0.0033349888,0.9843838,0.0023085834,0.001998286,0.0027344234,0.024035476,0.0030662362,0.0034741869,0.0038862375,0.012790688,0.0036348244,0.0050579244,0.0032251873,0.010705508,0.004002825,0.004722875,0.0030711081,0.007837495,0.0032333543,0.007922471,0.0033851373,0.0064391396,0.0031788794,0.009955154,0.0039386065,0.0064053657,0.003453753
4000,/home/jupyter/dent_outputs/isic2019_v2/melanoma/hairs/seed4000/lambda_t_star5/style.png,0.004133503,0.07266784,0.0026901208,0.0024432484,0.0007340053,0.0055590537,0.9916596,0.0017691507,0.00062282244,0.0027496205,0.03340908,0.0027716574,0.00031678315,0.0011452439,0.028014883,0.0012867436,0.0003678514,0.003588709,0.018452466,0.0012575063,0.0005196933,0.007263758,0.011513922,0.0017045496,0.00063321204,0.0070453105,0.0077766306,0.0013974108,0.0007776939,0.0061134654,0.0056546535,0.0012070455,0.000834149,0.003831164,0.0050702714,0.0010534187,0.0009926684,0.004973302,0.0040143803,0.0010762003
4022,/home/jupyter/dent_outputs/isic2019_v2/melanoma/hairs/seed4022/lambda_t_star5/style.png,0.0070121475,0.09091273,0.08369532,0.011206586,0.00773943,0.06048058,0.905276,0.007728956,0.010643875,0.04557514,0.8968538,0.009142092,0.0097972965,0.014235761,0.91726035,0.009222445,0.07607575,0.023526989,0.013716796,0.011535151,0.0642102,0.01704925,0.014370249,0.010233774,0.060996164,0.018497052,0.014099189,0.009345655,0.0670749,0.021528387,0.012413615,0.008102738,0.056958456,0.028614897,0.011396454,0.0074535073,0.069040276,0.02574811,0.009543339,0.0075480267
4188,/home/jupyter/dent_outputs/isic2019_v2/melanoma/hairs/seed4188/lambda_t_star5/style.png,0.0015892932,0.05248103,0.018489534,0.0043192194,0.0013207437,0.0057395366,0.99765766,0.0021202213,0.0011368277,0.0050094407,0.9956564,0.0021263973,0.0013006731,0.003807186,0.27410433,0.0052775196,0.0015824226,0.003368573,0.02960087,0.006136972,0.004368705,0.0031248413,0.020557646,0.0063971286,0.0037412646,0.0030674883,0.01925418,0.0057630925,0.0052488702,0.003122727,0.017945483,0.0057706274,0.0059486404,0.0031292352,0.014530273,0.005964811,0.0056251683,0.0027826233,0.011789436,0.004829889
4561,/home/jupyter/dent_outputs/isic2019_v2/melanoma/hairs/seed4561/lambda_t_star5/style.png,0.025950348,0.047055792,0.00034227938,0.00038746322,0.00046230952,0.0052531874,0.9517162,0.010428126,0.0005817902,0.00092778186,0.003224496,0.0024171097,0.0005936847,0.0009591994,0.0049819197,0.0031589952,0.00091688265,0.0012915571,0.0040259752,0.003690135,0.00083262904,0.0014091964,0.0032479202,0.0032888504,0.00087296125,0.0016745962,0.0023880962,0.0029904337,0.0012982028,0.00229893,0.0031474286,0.0043987655,0.0013781119,0.0023844799,0.0035924893,0.004560285,0.0017500052,0.0028871228,0.0036280283,0.005196174
4459,/home/jupyter/dent_outputs/isic2019_v2/melanoma/hairs/seed4459/lambda_t_star5/style.png,0.033481438,0.09304042,0.013232743,0.008992046,0.0008247245,0.004461987,0.9783342,0.0048861937,0.0015949825,0.0056981295,0.9420565,0.0053507043,0.0067169764,0.0017465474,0.040085986,0.0030774276,0.016306203,0.002865056,0.031097127,0.0067417985,0.02330461,0.0030851245,0.0142645715,0.008933558,0.092660435,0.0020655547,0.0056165517,0.0046825665,0.36202842,0.0014523912,0.0023864044,0.0019912291,0.51119965,0.0010849352,0.0020499942,0.0017011175,0.59905356,0.0009585777,0.001754835,0.0016107315
4822,/home/jupyter/dent_outputs/isic2019_v2/melanoma/hairs/seed4822/lambda_t_star5/style.png,0.0009394743,0.012560807,0.1255073,0.0035230299,0.004896313,0.02065274,0.99898714,0.016775066,0.0036386393,0.02616554,0.9955296,0.015720405,0.0024085932,0.004218311,0.04337824,0.0042723585,0.0022928296,0.0032522932,0.03934862,0.0042154477,0.0045318874,0.0033552782,0.03022707,0.004731772,0.0071426705,0.0038951847,0.02311471,0.0052904673,0.008559916,0.004829327,0.016715806,0.005382584,0.008802696,0.005059252,0.016422339,0.006080173,0.009916306,0.0042953705,0.013249291,0.0059020813
4718,/home/jupyter/dent_outputs/isic2019_v2/melanoma/hairs/seed4718/lambda_t_star5/style.png,0.00047195583,0.00815705,0.009690865,0.0011793217,0.0003865768,0.005033825,0.98815864,0.0013616249,0.0009045588,0.008190055,0.9935138,0.0015961857,0.0011113341,0.013246946,0.05067386,0.002787334,0.0011319359,0.01366209,0.05962069,0.0028753811,0.0013033524,0.010330191,0.034803282,0.0021497982,0.0012298409,0.010042589,0.039618887,0.0024060442,0.0010544439,0.009806066,0.03265713,0.0022111465,0.0010786457,0.011700368,0.03408014,0.0021592202,0.0008852058,0.010658137,0.031547494,0.00214608
4635,/home/jupyter/dent_outputs/isic2019_v2/melanoma/hairs/seed4635/lambda_t_star5/style.png,0.00035232335,0.0049235895,0.02406158,0.003465631,0.00059981074,0.006240975,0.9913784,0.0053975713,0.0014370477,0.006887093,0.9793763,0.013025749,0.016140768,0.014603717,0.5375504,0.020239927,0.0059082084,0.0052963225,0.029891973,0.006863054,0.0076372973,0.0048087663,0.030546904,0.0072420863,0.004861019,0.0030634983,0.011193057,0.0038484277,0.008481493,0.009203924,0.0057046385,0.004833697,0.009365875,0.014562284,0.004518044,0.004053083,0.010125325,0.012405516,0.003587306,0.0034585423
4758,/home/jupyter/dent_outputs/isic2019_v2/melanoma/hairs/seed4758/lambda_t_star5/style.png,0.0038039684,0.25227064,0.0029355015,0.0034195809,0.0017025587,0.010601289,0.9389265,0.11342797,0.00037792078,0.0030214177,0.88962257,0.044943053,0.00035235682,0.0027047559,0.75887567,0.06267114,0.0009855804,0.0005094228,0.25479686,0.002243897,0.010829267,0.0017471338,0.97370017,0.0033846127,0.0027870662,0.001154302,0.29567775,0.0018737975,0.0037809326,0.0012680164,0.20391595,0.0015698944,0.0032896474,0.0007904823,0.029510358,0.0018921179,0.004396108,0.000903146,0.022396864,0.0016025787
4238,/home/jupyter/dent_outputs/isic2019_v2/melanoma/hairs/seed4238/lambda_t_star5/style.png,0.27921718,0.0135763185,0.0017918301,0.0014209036,0.001016336,0.006080092,0.9962865,0.0022839548,0.00039754628,0.002747319,0.99507797,0.0013783061,0.0006051369,0.0034576927,0.9907871,0.002019356,0.0004527826,0.002130932,0.046053905,0.003226909,0.0034369472,0.002761895,0.03468002,0.0041214977,0.02188661,0.002201753,0.030334404,0.0033182257,0.042807568,0.002355772,0.027105412,0.0032468538,0.025005754,0.0017617765,0.018672202,0.003046582,0.033284955,0.0016080836,0.015424646,0.0026671486
4007,/home/jupyter/dent_outputs/isic2019_v2/melanoma/hairs/seed4007/lambda_t_star5/style.png,0.001359681,0.024479974,0.08138415,0.0036576649,0.0042880615,0.025645941,0.9996265,0.011365014,0.00582903,0.014473751,0.99354845,0.011032872,0.010061991,0.005509005,0.96021914,0.007156762,0.0033211254,0.0065162857,0.4270536,0.010017141,0.0069076545,0.013061425,0.075872555,0.008833797,0.009599751,0.021608885,0.03175272,0.009748101,0.03905009,0.045156788,0.0048621837,0.0061550452,0.124702476,0.04185367,0.0038321158,0.005851384,0.14702576,0.043290887,0.0033885783,0.0051185302
4523,/home/jupyter/dent_outputs/isic2019_v2/melanoma/hairs/seed4523/lambda_t_star5/style.png,0.0017089426,0.12867267,0.0027184903,0.0010856626,0.0008420672,0.004492055,0.9973943,0.0017315296,0.00064683054,0.009040668,0.99628013,0.002509362,0.00069117156,0.007958496,0.9956358,0.0039122454,0.00089274184,0.008155832,0.9950879,0.0050269873,0.0016021386,0.0101843225,0.9875915,0.009296195,0.0011446484,0.0047239307,0.017703125,0.0072507444,0.0007051447,0.0074252407,0.008577364,0.003387511,0.00057747494,0.0071833064,0.005338633,0.002364552,0.00042028102,0.0074150315,0.0041309595,0.001903146
4337,/home/jupyter/dent_outputs/isic2019_v2/melanoma/hairs/seed4337/lambda_t_star5/style.png,0.00206272,0.09170551,0.009743105,0.0036231915,0.0003834336,0.005401123,0.9937737,0.0019538046,0.00024901234,0.0025892707,0.99631196,0.00073870475,0.0002401123,0.0028802713,0.99488443,0.0010405029,7.373942e-05,0.0013978693,0.019239558,0.0009828846,0.00013945311,0.0009948484,0.011600828,0.0013744876,0.00016472818,0.0007252849,0.006994099,0.0012678606,0.00018494479,0.0007161112,0.007101981,0.0014695674,0.00018652822,0.0006793328,0.0060018827,0.0013577543,0.00017710633,0.00066846854,0.004685819,0.0011721757
4504,/home/jupyter/dent_outputs/isic2019_v2/melanoma/hairs/seed4504/lambda_t_star5/style.png,0.48500165,0.053696707,0.0011107911,0.0023952343,0.0062060193,0.027791904,0.993543,0.041933034,0.002977908,0.011653983,0.8753247,0.025519436,0.0029323979,0.005848006,0.3893853,0.021073466,0.003190435,0.0071325568,0.33814582,0.012261869,0.0044914833,0.008259148,0.41399458,0.011628844,0.005134267,0.012672113,0.49445856,0.012150152,0.0052228454,0.01280388,0.5335743,0.00960106,0.00554787,0.017320942,0.51014274,0.009861913,0.0049006245,0.017470881,0.41981074,0.007813774
4616,/home/jupyter/dent_outputs/isic2019_v2/melanoma/hairs/seed4616/lambda_t_star5/style.png,0.0016417188,0.0024069336,0.005258547,0.001058631,0.0032160517,0.0018026368,0.99571085,0.002373359,0.016449064,0.010966412,0.9883295,0.0047130003,0.0041086217,0.0034612203,0.9122294,0.0041091153,0.004758521,0.0024475395,0.70182836,0.005272266,0.004203529,0.002349043,0.31398782,0.0056277188,0.008654485,0.0018361956,0.06690766,0.0055155084,0.029372957,0.0012440148,0.017496184,0.004323951,0.012175394,0.0010661965,0.010152631,0.0033882195,0.008816457,0.0011806273,0.0118682375,0.0035458733
4059,/home/jupyter/dent_outputs/isic2019_v2/melanoma/hairs/seed4059/lambda_t_star5/style.png,0.05731851,0.0050259237,0.007507088,0.0016367503,0.0008851775,0.005869705,0.9681816,0.006319165,0.0012502137,0.07414979,0.96796095,0.021200385,0.006165336,0.015066152,0.9841114,0.11060679,0.13786988,0.013978432,0.8435462,0.06279326,0.12699798,0.0062901704,0.2654534,0.02125169,0.14624624,0.011308725,0.16180138,0.023380449,0.35897362,0.010374265,0.1286891,0.0136315515,0.4570783,0.00740217,0.04362047,0.0077524036,0.68400395,0.0062673213,0.031677485,0.005044725
4219,/home/jupyter/dent_outputs/isic2019_v2/melanoma/hairs/seed4219/lambda_t_star5/style.png,0.014122214,0.02592682,0.00038369396,0.00034395274,0.0014143012,0.008822919,0.81299907,0.030267335,0.00326218,0.04064269,0.9701647,0.03554785,0.0028396526,0.01480338,0.64250636,0.014916583,0.002083278,0.004076395,0.663842,0.004287925,0.0012286671,0.0015100181,0.5452644,0.0026814956,0.00085146376,0.00085398095,0.48287007,0.002012151,0.0007497258,0.00052540173,0.38780683,0.0012437026,0.0007474405,0.00041838427,0.2941346,0.0009870939,0.0009103332,0.000485577,0.25648323,0.00086319936
4530,/home/jupyter/dent_outputs/isic2019_v2/melanoma/hairs/seed4530/lambda_t_star5/style.png,0.002920206,0.005838137,0.01316278,0.005693733,0.0016932002,0.009056292,0.9958754,0.04709732,0.0016848495,0.008361789,0.9876474,0.14383398,0.0009176841,0.0014433428,0.07763981,0.007015664,0.0008276783,0.0013406938,0.028406277,0.005594679,0.001025868,0.0014638298,0.020916382,0.0061870557,0.0015988864,0.00216525,0.018602366,0.006959932,0.0015665211,0.0021389786,0.017820308,0.006677288,0.0018744717,0.0022934962,0.01777984,0.006684094,0.002086687,0.0019834447,0.015233999,0.0055361385
4778,/home/jupyter/dent_outputs/isic2019_v2/melanoma/hairs/seed4778/lambda_t_star5/style.png,0.89281905,0.0006256754,0.0029571252,0.0005361609,0.021495963,0.0030539117,0.8277427,0.017874403,0.0010996541,0.0015444733,0.6296984,0.032273326,0.0006728471,0.0008182918,0.3425821,0.014530253,0.00040389542,0.00048119752,0.21449101,0.0051582623,0.00039486183,0.00037153237,0.11223868,0.00329717,0.00043245585,0.007168542,0.0351275,0.0026378615,0.00042296603,0.00957068,0.025523238,0.0027647244,0.00059137744,0.011169253,0.016681535,0.0030164877,0.00060953,0.013360992,0.01749647,0.0035035748
4345,/home/jupyter/dent_outputs/isic2019_v2/melanoma/hairs/seed4345/lambda_t_star5/style.png,0.020728782,0.050348245,0.0094373105,0.00247056,0.18685836,0.0045905896,0.23447344,0.005285456,0.0034189764,0.006740413,0.36773974,0.008415552,0.0043323184,0.009273851,0.36456865,0.009288317,0.004348218,0.008971631,0.406211,0.008423517,0.0026788546,0.006374459,0.33720255,0.00576103,0.0026824982,0.00517593,0.2703959,0.005590564,0.0018153725,0.0033266307,0.16948192,0.0043839593,0.00235753,0.0033990312,0.09111031,0.004093307,0.0032436734,0.0039428105,0.061693925,0.004194883
4097,/home/jupyter/dent_outputs/isic2019_v2/melanoma/hairs/seed4097/lambda_t_star5/style.png,0.0001461693,0.016000997,0.0540242,0.0013074441,0.009742308,0.031484477,0.17370504,0.0050992495,0.0038325984,0.04574988,0.095198765,0.005255221,0.001214277,0.052496552,0.05132909,0.0038562207,0.0052246465,0.12227817,0.031830233,0.0036591317,0.004016154,0.10276537,0.026682643,0.0025783535,0.002810963,0.046397988,0.03165805,0.002452334,0.001807105,0.02470398,0.017231526,0.0019791552,0.0012698501,0.021296592,0.011901887,0.0015137828,0.0014363049,0.02018052,0.011162809,0.0013932342
4989,/home/jupyter/dent_outputs/isic2019_v2/melanoma/hairs/seed4989/lambda_t_star5/style.png,0.01753061,0.10368849,0.00812535,0.006592219,0.0022078427,0.0010855296,0.35620612,0.0020412295,0.0010877185,0.0009353813,0.4146403,0.0014203996,0.0010065391,0.0006079951,0.2763902,0.0012041058,0.0011749213,0.0005101349,0.09672419,0.0011449291,0.0011969107,0.00047389878,0.0368271,0.0010870715,0.0016941596,0.00044131497,0.025069015,0.001256207,0.001573772,0.00043943265,0.019215764,0.0014390218,0.0014115034,0.00046898812,0.014985038,0.0014780153,0.0012865737,0.00042885813,0.012987924,0.0013956571
4623,/home/jupyter/dent_outputs/isic2019_v2/melanoma/hairs/seed4623/lambda_t_star5/style.png,0.0007420473,0.30481106,0.03440014,0.001979662,0.004057726,0.006945469,0.9962835,0.006651187,0.00090646895,0.0041653146,0.66652757,0.0046380097,0.029346406,0.0050937883,0.7640481,0.003471375,0.0936002,0.0032192667,0.04674043,0.00420826,0.07060373,0.0032718736,0.04747687,0.0050225155,0.041097213,0.002444747,0.028666986,0.004438916,0.02749585,0.0018891061,0.015978761,0.0035352074,0.025232354,0.0018461575,0.009882002,0.003047945,0.026093163,0.001464582,0.0049887057,0.0025594814
4841,/home/jupyter/dent_outputs/isic2019_v2/melanoma/hairs/seed4841/lambda_t_star5/style.png,0.0011827033,0.007281101,0.38994822,0.0027140677,0.0011454364,0.009182086,0.99818844,0.0035138233,0.00061223184,0.005906095,0.9965983,0.0021555084,0.0002304197,0.004403446,0.28548545,0.004221138,0.00059756316,0.0059764674,0.15368292,0.0040514586,0.00091768627,0.006225357,0.13398047,0.0039294786,0.0007826031,0.0049481196,0.10807418,0.003651862,0.0006175993,0.004438145,0.053445473,0.003168725,0.00056076795,0.004468851,0.044898547,0.0032275135,0.00058489264,0.0041781333,0.046771985,0.003163333
4792,/home/jupyter/dent_outputs/isic2019_v2/melanoma/hairs/seed4792/lambda_t_star5/style.png,0.019340858,0.0024523945,0.0178438,0.0021618765,0.010342433,0.0061697406,0.9935213,0.0050770664,0.0050312583,0.007841931,0.9911311,0.006420278,0.020386824,0.006671218,0.9801358,0.00515464,0.021249613,0.0053516002,0.8600219,0.0036356514,0.0038140083,0.0028370426,0.019594608,0.0027502575,0.008273245,0.0019838854,0.017729314,0.0026037176,0.019189483,0.0018263629,0.012649761,0.0027548228,0.05022919,0.001107234,0.009187267,0.0026673044,0.08036917,0.0014304849,0.009731636,0.0031582098
4543,/home/jupyter/dent_outputs/isic2019_v2/melanoma/hairs/seed4543/lambda_t_star5/style.png,0.004073336,0.24137712,0.03455363,0.006212334,0.073827006,0.017540533,0.97025025,0.008346139,0.44906968,0.020890512,0.96034855,0.008835679,0.45285782,0.12911719,0.022168303,0.00966357,0.07620257,0.2274046,0.025856163,0.015737679,0.027439186,0.19291356,0.015270503,0.011756461,0.027950948,0.17469451,0.0102421325,0.009812735,0.025004912,0.24220844,0.011092458,0.0124074435,0.022507496,0.26729083,0.01066159,0.012077032,0.014683497,0.18917102,0.0066168625,0.008265096
4729,/home/jupyter/dent_outputs/isic2019_v2/melanoma/hairs/seed4729/lambda_t_star5/style.png,0.0009811976,0.0084205065,0.05624923,0.0018135977,0.0055867373,0.004457772,0.99510926,0.002630588,0.0054286835,0.0064392164,0.9647257,0.0057701324,0.0040500946,0.01878868,0.76584154,0.012245901,0.002316188,0.014644101,0.5623665,0.014381268,0.0016248734,0.011366146,0.41836965,0.010561232,0.0035134563,0.019372595,0.37791836,0.007322099,0.0040950747,0.023124164,0.25910115,0.006124865,0.0026361821,0.01966795,0.16726138,0.00461469,0.0028016556,0.028632132,0.122972205,0.004584656
4761,/home/jupyter/dent_outputs/isic2019_v2/melanoma/hairs/seed4761/lambda_t_star5/style.png,0.0016657804,0.0041932403,0.028598914,0.0033891082,0.00056183024,0.0017780741,0.50586665,0.0051006433,0.0007920624,0.0018340982,0.121703364,0.003861195,0.0011500875,0.0031152645,0.993519,0.0045629092,0.0003346019,0.00058896205,0.03898678,0.0021781796,0.00086533016,0.0005006016,0.044417616,0.0027626455,0.0008469816,0.0003283976,0.023038419,0.0020721673,0.00086244213,0.00020075327,0.012164977,0.0014137365,0.00093740434,0.00023055947,0.009855034,0.0014863852,0.0010857742,0.00022096126,0.007312145,0.0014566163
4212,/home/jupyter/dent_outputs/isic2019_v2/melanoma/hairs/seed4212/lambda_t_star5/style.png,0.00059521524,0.001213822,0.10109374,0.0023690218,0.0024724267,0.009105794,0.9566203,0.015145587,0.0011576044,0.004779922,0.9617151,0.021539107,9.636468e-05,0.0008758599,0.19200537,0.002806286,0.00016099651,0.0006706301,0.09082906,0.0022766914,0.00016547406,0.0011392393,0.062431715,0.0024082037,0.00024207351,0.0010619588,0.04148694,0.0018455401,0.00053512875,0.0015553026,0.023258,0.0021670442,0.00095605606,0.0011431887,0.019653419,0.0021243626,0.0009763402,0.0013947615,0.012415217,0.002677091
4422,/home/jupyter/dent_outputs/isic2019_v2/melanoma/hairs/seed4422/lambda_t_star5/style.png,0.00018799627,0.0055727228,0.022444747,0.001097065,0.0010950414,0.013157212,0.9814098,0.005940452,0.00295753,0.011173968,0.08247449,0.010170916,0.0047509656,0.0064412174,0.022019057,0.006994837,0.0064828494,0.0065501435,0.014998763,0.007557953,0.0060031232,0.0057950024,0.012157428,0.0077000507,0.0072690374,0.0057710786,0.0112450225,0.0075382995,0.0053109857,0.0036444422,0.00785211,0.00583724,0.0050127255,0.003067541,0.0060191494,0.0049482323,0.0069063823,0.0025749097,0.0050668567,0.0042130686
4674,/home/jupyter/dent_outputs/isic2019_v2/melanoma/hairs/seed4674/lambda_t_star5/style.png,0.73827624,0.0020281735,4.779724e-05,9.900006e-05,0.0019490293,0.0105185695,0.99631447,0.010971827,0.00031442658,0.00093794934,0.0884281,0.0025785447,0.0014986086,0.001046622,0.12361165,0.0021911864,0.0040585836,0.0020189064,0.015655909,0.0033158816,0.009038352,0.0035125113,0.007889148,0.006232857,0.012414259,0.0038008115,0.009089674,0.007560818,0.010834912,0.0034015954,0.008065335,0.006511497,0.011214165,0.0029856395,0.0076882155,0.006089228,0.008264165,0.0022614938,0.0073065427,0.0045876163
4299,/home/jupyter/dent_outputs/isic2019_v2/melanoma/hairs/seed4299/lambda_t_star5/style.png,0.00031173485,0.0034242284,0.25106993,0.0016672021,0.0058465702,0.014264544,0.9269865,0.011337423,0.0060982993,0.013191084,0.7004686,0.005827571,0.01852314,0.014711988,0.29360688,0.0061251842,0.020272994,0.01103152,0.2165158,0.0041664694,0.021444138,0.0061143204,0.13493465,0.0032935569,0.021504845,0.00530948,0.07679458,0.0029650256,0.018702291,0.0040476276,0.044862237,0.0024358914,0.021641588,0.0025456182,0.027076801,0.0020787003,0.024394095,0.0024127227,0.023378652,0.0020393285
4186,/home/jupyter/dent_outputs/isic2019_v2/melanoma/hairs/seed4186/lambda_t_star5/style.png,0.0015886765,0.0011455473,0.017128149,0.0021295524,0.0009799456,0.011226449,0.9933129,0.0034721023,0.0005939281,0.007194108,0.99619126,0.001679602,0.0013228656,0.006189297,0.9953004,0.0026904393,0.0063701686,0.0022917117,0.13025701,0.0024657217,0.014663441,0.0023382318,0.061566643,0.0027490375,0.013024363,0.0023313842,0.028899858,0.002356012,0.014325868,0.0017728573,0.024894452,0.002043251,0.012128353,0.0012528336,0.020451965,0.0016229037,0.007882633,0.0013464751,0.020565452,0.001574128
4629,/home/jupyter/dent_outputs/isic2019_v2/melanoma/hairs/seed4629/lambda_t_star5/style.png,0.005821748,0.0022366703,0.00038160553,0.0001851408,0.0013972903,0.005816272,0.9839849,0.0026051633,0.0011604402,0.0011616927,0.9661529,0.003354569,0.0019321302,0.0013605056,0.7371329,0.0029837778,0.00026588427,0.0006075073,0.33578292,0.0024935768,0.00014946611,0.0004643675,0.16566837,0.0010468215,0.00040419298,0.005870952,0.09675775,0.001903879,0.00028576466,0.00044770088,0.05538956,0.0009877788,0.00037259594,0.0005633955,0.038686465,0.0012883875,0.0004686603,0.0006320107,0.0236119,0.0015005742
4048,/home/jupyter/dent_outputs/isic2019_v2/melanoma/hairs/seed4048/lambda_t_star5/style.png,0.010024245,0.0070730755,0.96568006,0.0022256928,0.0022714767,0.0027804277,0.9982058,0.0026136404,0.0027320394,0.018509327,0.9972982,0.0043045366,0.002650421,0.0018289944,0.9994055,0.0028791118,0.0061348323,0.17247498,0.7429562,0.051705975,0.0023695696,0.082831316,0.53333753,0.01814933,0.0021388931,0.06843358,0.48749232,0.015134623,0.002012651,0.060815684,0.3868978,0.009176358,0.001606902,0.055633478,0.40467444,0.007969505,0.001560321,0.059275042,0.31102037,0.007126194
4842,/home/jupyter/dent_outputs/isic2019_v2/melanoma/hairs/seed4842/lambda_t_star5/style.png,0.23592144,0.7674353,0.005627412,0.0049861833,0.012336007,0.0062963874,0.14706711,0.0051690987,0.0023638154,0.0030638142,0.013702727,0.0018862205,0.0064256177,0.0013863022,0.011111807,0.0021167588,0.01801289,0.00060365704,0.010074829,0.0017717886,0.087951705,0.0005858157,0.008106511,0.0016443924,0.23413907,0.0007642472,0.005100796,0.001403638,0.43089655,0.0015846972,0.0026357034,0.0012049938,0.42461365,0.0022410718,0.0022794572,0.001296502,0.6103127,0.0021798,0.0015809159,0.0011931169
4414,/home/jupyter/dent_outputs/isic2019_v2/melanoma/hairs/seed4414/lambda_t_star5/style.png,0.08560102,0.058471497,0.044019543,0.034441113,0.0006152903,0.0038739664,0.9974753,0.0017818883,0.00038818896,0.0032774673,0.9961903,0.0011930941,0.0002414514,0.0024389045,0.99298096,0.0009094901,0.00033778648,0.0022700375,0.9573659,0.0010634013,0.0016740853,0.0018866884,0.94264454,0.0017345927,0.0048809364,0.0013164066,0.008581943,0.004164306,0.0014426082,0.0008521654,0.008440944,0.0024910553,0.0011682588,0.0006113313,0.0050977813,0.0023053214,0.00070354156,0.0007225409,0.0055834353,0.002312591
4287,/home/jupyter/dent_outputs/isic2019_v2/melanoma/hairs/seed4287/lambda_t_star5/style.png,0.0008287501,0.012363005,0.03760935,0.0025257322,0.0001257769,0.001538426,0.968649,0.003301156,0.00031352288,0.0021252553,0.9467162,0.005087859,0.0007108322,0.0025112843,0.7589396,0.0066264477,0.0010583104,0.002901648,0.64763135,0.008910827,0.0027880152,0.0030636834,0.54385406,0.011960804,0.005388021,0.001998828,0.054917052,0.0069597806,0.0039250283,0.0016867418,0.15766889,0.0063881394,0.0034432523,0.001367773,0.17660272,0.004709543,0.003571293,0.0011240966,0.1534111,0.0041852617
4831,/home/jupyter/dent_outputs/isic2019_v2/melanoma/hairs/seed4831/lambda_t_star5/style.png,0.0071842554,0.037462056,0.0651638,0.005087813,0.00040263968,0.00451676,0.9901664,0.002359873,0.0005851285,0.006789569,0.9887869,0.003203727,0.0011888559,0.009401126,0.9858436,0.0033549883,0.0024883815,0.011239037,0.4168333,0.003624441,0.006071019,0.011283285,0.12009408,0.0066197217,0.0069652665,0.007803352,0.046612732,0.006720461,0.0043476936,0.0055438145,0.025214553,0.0055449004,0.0033350014,0.0051553245,0.013420366,0.0046717036,0.0046738433,0.0074464274,0.010786567,0.005308304
4169,/home/jupyter/dent_outputs/isic2019_v2/melanoma/hairs/seed4169/lambda_t_star5/style.png,0.0038285642,0.1369923,0.00015992412,0.00015589136,0.000483398,0.0074704303,0.99787116,0.015110448,0.0010089928,0.011831308,0.9555474,0.015733669,0.0015807075,0.007934465,0.95823765,0.021016086,0.0016010604,0.008569026,0.886228,0.020332068,0.002064236,0.0053972537,0.05371881,0.017285274,0.0027236002,0.004257784,0.009130955,0.007294976,0.0074664154,0.0027755694,0.006592556,0.0061282213,0.020160474,0.0016718275,0.0060357447,0.0041289926,0.024153043,0.0015832057,0.004588795,0.0034488249
4210,/home/jupyter/dent_outputs/isic2019_v2/melanoma/hairs/seed4210/lambda_t_star5/style.png,0.23550063,0.0024767523,0.00074472977,0.0008853531,0.008295881,0.039905854,0.99363697,0.05106029,0.0003517703,0.005562055,0.985028,0.0022188607,0.00023354699,0.004779217,0.98585874,0.0014003796,0.0003797055,0.008790344,0.98471874,0.0019415702,0.0028768978,0.004538481,0.21902089,0.0056695617,0.0012711454,0.001960437,0.026369842,0.0024282767,0.001042477,0.0017826528,0.016882641,0.0020796559,0.00083097257,0.0019573355,0.009848866,0.0014813661,0.00067251944,0.0015504033,0.0069890404,0.0011120638
4700,/home/jupyter/dent_outputs/isic2019_v2/melanoma/hairs/seed4700/lambda_t_star5/style.png,0.020080892,0.042972386,0.06121894,0.008396474,0.0012400179,0.006399939,0.84329146,0.00866419,0.003938092,0.0055397362,0.054081075,0.0040970994,0.0074791047,0.0066746986,0.039764907,0.004041811,0.008537668,0.0050860317,0.03736671,0.0045231082,0.0043988116,0.004796403,0.012149333,0.0046937964,0.003733291,0.005172842,0.009562966,0.0047432366,0.0026894812,0.0052236454,0.0075619845,0.0043205754,0.0027687633,0.006361475,0.0061946013,0.003989401,0.002783322,0.007104358,0.0042403503,0.0035565759
4031,/home/jupyter/dent_outputs/isic2019_v2/melanoma/hairs/seed4031/lambda_t_star5/style.png,0.0016653895,0.07180318,0.002500727,0.0016438358,0.0016681707,0.016885797,0.9978701,0.0024471637,0.0005092623,0.008814041,0.99340993,0.0024456147,0.00043716392,0.005341951,0.9919099,0.0034941847,0.00077236706,0.007788329,0.9738473,0.007179743,0.00055055076,0.0010115708,0.20478705,0.0025006023,0.0010312083,0.0010553047,0.080601074,0.0026482164,0.0012570285,0.0007296511,0.08491488,0.0017317093,0.0014652978,0.00061976246,0.036889393,0.0014681205,0.001333619,0.0004307806,0.022091307,0.0012183655
4142,/home/jupyter/dent_outputs/isic2019_v2/melanoma/hairs/seed4142/lambda_t_star5/style.png,0.063680016,0.0075441953,0.005308412,0.004705397,0.938642,0.0090163415,0.82241696,0.0026761235,0.19250165,0.015636837,0.089623176,0.0036976528,0.3501701,0.013104461,0.04526871,0.0034701398,0.712389,0.008169722,0.029650941,0.0031076889,0.23714484,0.008391532,0.028704533,0.0030657435,0.17993583,0.0092664985,0.016960058,0.0025623732,0.095201224,0.009312894,0.008948195,0.001983488,0.12875661,0.008733375,0.007447463,0.0017608568,0.15949462,0.010372723,0.0066384897,0.0018793357
4756,/home/jupyter/dent_outputs/isic2019_v2/melanoma/hairs/seed4756/lambda_t_star5/style.png,0.0003528772,0.0046436484,0.80113995,0.0040125395,0.0020653522,0.010090987,0.99816823,0.0045473506,0.00075140514,0.004857039,0.9961086,0.0022883618,0.00058312644,0.0029617036,0.36641058,0.006142926,0.0006289512,0.0006458514,0.09918948,0.0023381517,0.0007845355,0.00023108194,0.04024427,0.0012784275,0.0007187082,0.0003688895,0.022227734,0.0015034489,0.00053539715,0.00027881775,0.015094964,0.0011717572,0.000543614,0.0002268402,0.009717499,0.001079972,0.00067298714,0.00020764873,0.007962481,0.0011218522
4313,/home/jupyter/dent_outputs/isic2019_v2/melanoma/hairs/seed4313/lambda_t_star5/style.png,0.037739795,0.0027045668,0.24400106,0.0014830735,0.0020576369,0.0041981633,0.99504834,0.0023809525,0.002043855,0.0057035456,0.99300635,0.0027871856,0.00079524826,0.005265291,0.6463441,0.008978298,0.0010709969,0.0064309477,0.6086735,0.006539057,0.0013288447,0.002812851,0.028442236,0.0018048211,0.0018613074,0.0019211567,0.015168315,0.0014244044,0.0027608895,0.0024858296,0.010105334,0.0018546766,0.002456942,0.0022539308,0.006925751,0.001542288,0.001764825,0.0025985714,0.008301842,0.001821328
4967,/home/jupyter/dent_outputs/isic2019_v2/melanoma/hairs/seed4967/lambda_t_star5/style.png,0.000756008,0.0028211663,0.01997285,0.0021333282,0.0056958604,0.4143368,0.93720186,0.056455962,0.0015487558,0.0099855885,0.94863963,0.024691418,0.00023163581,0.002003727,0.08551169,0.001749567,0.00019055152,0.001573856,0.06272079,0.0012781254,0.00025729917,0.0019071101,0.027941482,0.0018578714,0.0005190369,0.0026231743,0.0069639203,0.0029346363,0.0006436488,0.0028773218,0.0042351554,0.0024721501,0.0010761367,0.002808665,0.004720383,0.002991941,0.001117204,0.0030635684,0.0047996202,0.0032467518
4860,/home/jupyter/dent_outputs/isic2019_v2/melanoma/hairs/seed4860/lambda_t_star5/style.png,0.0054932903,0.010355795,0.017810095,0.0041670986,0.01928876,0.026946703,0.9996302,0.025726553,0.0016680968,0.005893395,0.99000645,0.01125854,0.031134602,0.028717922,0.603696,0.049088113,0.11975748,0.011376271,0.16882022,0.012436294,0.20782149,0.008483377,0.117259555,0.0090743555,0.16423488,0.009301247,0.06058799,0.010308772,0.06670668,0.0066331145,0.013970069,0.0076652872,0.11712426,0.007344224,0.008642021,0.0065969112,0.16092446,0.00823697,0.0076252106,0.006453341
4685,/home/jupyter/dent_outputs/isic2019_v2/melanoma/hairs/seed4685/lambda_t_star5/style.png,0.53701204,0.010851273,0.00090630236,0.002539794,0.0012999282,0.004056834,0.97912323,0.022972314,0.0013168361,0.005859183,0.99446684,0.025371812,0.00028396645,0.0008272152,0.9814709,0.007780165,0.0034157673,0.009658642,0.8368683,0.021493189,0.00347106,0.014695781,0.2673956,0.0117770275,0.009590366,0.0045327153,0.08296454,0.008633626,0.025583204,0.010351222,0.04673697,0.009024649,0.02650241,0.006979274,0.030538673,0.007943294,0.041376576,0.0034056196,0.01935337,0.0063592573
4590,/home/jupyter/dent_outputs/isic2019_v2/melanoma/hairs/seed4590/lambda_t_star5/style.png,0.931806,0.00034992714,0.0008483042,0.00065520563,0.0012217043,0.0046567144,0.99537873,0.001955976,0.0031875598,0.0058973324,0.98561513,0.0035338777,0.010125871,0.0047238697,0.56223506,0.0030643416,0.015410641,0.0046394407,0.037221886,0.0045133904,0.023063084,0.00784657,0.03388199,0.0038538107,0.018308572,0.004811307,0.015201444,0.0029951034,0.018238163,0.0044027083,0.012233736,0.0026174157,0.0259766,0.004482076,0.012176346,0.002831381,0.02221681,0.0046157003,0.011020086,0.0029733132
4950,/home/jupyter/dent_outputs/isic2019_v2/melanoma/hairs/seed4950/lambda_t_star5/style.png,0.0025283415,0.014800536,0.03283207,0.0046193777,0.043779984,0.0043690144,0.0041029113,0.016984608,0.043132383,0.0064064404,0.0048277234,0.019726124,0.04083048,0.0057807094,0.0048538414,0.018409647,0.045914244,0.0051638563,0.004087148,0.016587336,0.10479316,0.0041144225,0.003419178,0.015652575,0.22984946,0.008186946,0.005668185,0.024792297,0.2620773,0.006585335,0.0043106624,0.018288486,0.29515657,0.0062233037,0.0036533023,0.015474476,0.28176314,0.003781473,0.002790846,0.012377371
4392,/home/jupyter/dent_outputs/isic2019_v2/melanoma/hairs/seed4392/lambda_t_star5/style.png,0.9484967,0.049086366,0.0007798958,0.0014256298,0.015227049,0.009933619,0.99759114,0.0056330846,0.013949845,0.0064199464,0.9944455,0.0063218907,0.007708358,0.004066343,0.99306995,0.004111858,0.013138634,0.013975154,0.7383579,0.012525337,0.015858417,0.011211453,0.64637667,0.009376357,0.13571204,0.008610654,0.43269554,0.0049198256,0.19634998,0.008283164,0.15085793,0.0055676065,0.17982635,0.010764548,0.11889512,0.0062631504,0.17497051,0.01022713,0.085934564,0.0062178564
4333,/home/jupyter/dent_outputs/isic2019_v2/melanoma/hairs/seed4333/lambda_t_star5/style.png,0.044491842,0.020440882,0.019405175,0.004774678,0.00027190795,0.002144064,0.98825026,0.0010112079,0.00020726341,0.0017595851,0.9579525,0.0011227288,0.00034836156,0.003110006,0.98417145,0.00088340393,0.000833948,0.0037976617,0.3049857,0.0034448712,0.0007001061,0.0013084057,0.0092183715,0.0023269255,0.0011753018,0.00069849193,0.0070453407,0.0025272102,0.0030514726,0.00070480653,0.0056781755,0.0031551009,0.0048296414,0.0009256265,0.0069881696,0.0044758315,0.005508407,0.0009373901,0.006430619,0.0046944492
4937,/home/jupyter/dent_outputs/isic2019_v2/melanoma/hairs/seed4937/lambda_t_star5/style.png,0.090447396,0.04820176,0.001389305,0.0016203924,0.00035526094,0.0037342315,0.99298894,0.0025572497,0.00055565307,0.0044974424,0.99153143,0.0034369307,0.0018231033,0.0028969941,0.08903565,0.0054502874,0.011571487,0.0014805314,0.038161255,0.0056354413,0.0024757949,0.0013208915,0.016838336,0.004151508,0.0029654105,0.0009033151,0.012929117,0.003565552,0.004653177,0.00090999017,0.009123895,0.003639746,0.0067318664,0.00079716323,0.0072567635,0.0033146224,0.004486512,0.00073499896,0.0071305274,0.003437106
4005,/home/jupyter/dent_outputs/isic2019_v2/melanoma/hairs/seed4005/lambda_t_star5/style.png,0.005851228,0.0014320776,0.023655605,0.0014492093,0.01924485,0.027489327,0.9791126,0.065159105,0.0029274488,0.006940827,0.96781814,0.005517251,0.008312157,0.004307937,0.9750446,0.0034810517,0.020282838,0.0032508299,0.84234804,0.004425793,0.01944645,0.0009845983,0.025090393,0.0036944798,0.022399921,0.0010242119,0.0149572985,0.0036206099,0.0385044,0.0012305095,0.014484044,0.0039549056,0.08847501,0.0012155389,0.010372557,0.0035501365,0.14592163,0.001373584,0.008152516,0.0040452294
4273,/home/jupyter/dent_outputs/isic2019_v2/melanoma/hairs/seed4273/lambda_t_star5/style.png,0.0012016715,0.13520758,0.0024313997,0.0014399465,0.00034559486,0.002289881,0.99437064,0.0012903454,0.00071542326,0.003332338,0.995369,0.0016029585,0.0028092195,0.014110463,0.9995425,0.006915578,0.0020230273,0.011319014,0.9994062,0.0054386477,0.001979065,0.006891648,0.9952303,0.0049461946,0.0011959557,0.007611717,0.23361832,0.0052926936,0.0026421063,0.005952849,0.044651642,0.0051727174,0.0027383817,0.006430153,0.02697578,0.0047934377,0.0029045024,0.0063376124,0.024676641,0.0043012295
4768,/home/jupyter/dent_outputs/isic2019_v2/melanoma/hairs/seed4768/lambda_t_star5/style.png,0.0053896927,0.040612366,0.018495146,0.003946818,0.0037951896,0.005557412,0.9909807,0.0063315346,0.0022888398,0.00084846385,0.020269183,0.0026275383,0.008595435,0.00081189343,0.012439387,0.0039092884,0.057487454,0.00054976944,0.0074933157,0.0021399772,0.27649376,0.00072983984,0.0065127243,0.0023948264,0.3940205,0.00081053167,0.005421667,0.0024048565,0.25201598,0.0005483506,0.0042106346,0.0019661908,0.05664246,0.00072891224,0.0046677054,0.0031124211,0.0053350157,0.0014683148,0.009752981,0.0067459736
4285,/home/jupyter/dent_outputs/isic2019_v2/melanoma/hairs/seed4285/lambda_t_star5/style.png,0.0027176943,0.043757074,0.017649423,0.005539085,0.0012231073,0.0029897415,0.9993098,0.0017358258,0.00027717583,0.00093746686,0.95315504,0.0007829152,0.00029854535,0.0007594389,0.18363196,0.0007326374,0.00025207782,0.00079344586,0.15593754,0.0007983731,0.0003574605,0.0010680575,0.1494705,0.0010140708,0.00044193276,0.0012760011,0.11807022,0.0010160534,0.00043628385,0.0011022693,0.09874592,0.0010140558,0.00045934948,0.0009217071,0.083105646,0.0007386457,0.00044862725,0.0009093029,0.070132144,0.0007860089
4175,/home/jupyter/dent_outputs/isic2019_v2/melanoma/hairs/seed4175/lambda_t_star5/style.png,0.04933718,0.024744699,0.00041922284,0.0005157834,0.00122756,0.090962365,0.8588803,0.025124872,0.0016327385,0.26777247,0.8275021,0.025573,0.0006674258,0.0046863863,0.9967654,0.0079161655,0.0026103486,0.0069706743,0.91016555,0.0033352247,0.034899857,0.002755508,0.08635046,0.0021252797,0.00043029143,0.0043968703,0.02782334,0.0018204465,0.0008107527,0.0062459223,0.01259199,0.0027542543,0.0019349146,0.0040256847,0.0076565803,0.0033019686,0.0020506273,0.0031105916,0.00501041,0.0028717702
4428,/home/jupyter/dent_outputs/isic2019_v2/melanoma/hairs/seed4428/lambda_t_star5/style.png,0.008322088,0.05363941,0.009300373,0.0029782832,0.003817849,0.01288526,0.9190722,0.0024233898,0.0028966581,0.0048091686,0.0029965902,0.009323057,0.00360504,0.004019104,0.0034017425,0.010745883,0.0030649155,0.003184755,0.0035272138,0.010236083,0.0031626627,0.003962417,0.0040177926,0.0103377635,0.0039489595,0.006246316,0.004647518,0.012292939,0.003897915,0.00545754,0.004115288,0.011425451,0.003080737,0.0044443924,0.0034434833,0.009746408,0.0030446302,0.00465801,0.003717411,0.010227746
4620,/home/jupyter/dent_outputs/isic2019_v2/melanoma/hairs/seed4620/lambda_t_star5/style.png,0.00037142544,0.010325697,0.0019701696,0.0003847358,0.0026443603,0.015291478,0.6038985,0.009155964,0.0013253278,0.010193979,0.28294063,0.011373332,0.0013440287,0.0063806735,0.06224491,0.013758668,0.00081879256,0.0023349493,0.030304564,0.0056709703,0.00091233733,0.0021638833,0.015113493,0.0036934987,0.0005550015,0.0019175091,0.009651511,0.0027866487,0.00052892993,0.0019954722,0.008143344,0.0028170992,0.0004706732,0.001712538,0.0058842143,0.0027342194,0.00053102884,0.0020704346,0.006064304,0.0029986168
4167,/home/jupyter/dent_outputs/isic2019_v2/melanoma/hairs/seed4167/lambda_t_star5/style.png,0.015791941,0.02132686,0.0013919339,0.003830924,0.0024331142,0.062180847,0.9850028,0.007966053,0.0017419105,0.010639911,0.92370903,0.00916653,4.2894968e-05,0.00022977382,0.002811014,0.00044245017,0.00029547611,0.0004475684,0.0024215542,0.00090746535,0.0003501913,0.0010698293,0.002556446,0.0014448679,0.00047956617,0.0010299751,0.0018796265,0.00074500206,0.0013990446,0.0011155178,0.0024866657,0.0009956624,0.0004952651,0.00081826997,0.0014734644,0.0007655516,0.00016369601,0.00095243176,0.0011327782,0.0007313546
4577,/home/jupyter/dent_outputs/isic2019_v2/melanoma/hairs/seed4577/lambda_t_star5/style.png,0.0076784533,0.039892178,0.0029783044,0.0007234889,0.0009362413,0.010818295,0.99169004,0.0021705476,0.0007581598,0.012425704,0.98899543,0.002711271,0.0007584434,0.0065743197,0.51810735,0.0053403447,0.0006770826,0.0060750456,0.046047147,0.005029356,0.00042330023,0.0031032572,0.008786619,0.0038130067,0.00043018232,0.0027434821,0.0058737467,0.0032347639,0.00043033162,0.0051353215,0.005057663,0.0035321768,0.0005497725,0.005522025,0.004807238,0.0039443914,0.0005228225,0.0060315407,0.0037654547,0.0034565378
4231,/home/jupyter/dent_outputs/isic2019_v2/melanoma/hairs/seed4231/lambda_t_star5/style.png,0.0014461424,0.020066874,0.016292425,0.004814137,0.003367646,0.047486484,0.92191815,0.028036566,0.00014945441,0.010546985,0.060182936,0.0020877994,0.0005681658,0.0041050217,0.023033692,0.0020985522,0.0008114263,0.0026464022,0.03050682,0.0023349717,0.0008209844,0.003332297,0.023657234,0.0025278858,0.0008906132,0.0038397158,0.020833632,0.002587102,0.0009469778,0.002896413,0.01264633,0.0023169077,0.00062408595,0.0022170108,0.0109517705,0.0019505315,0.00049498904,0.0020055796,0.006074801,0.0013742684
4357,/home/jupyter/dent_outputs/isic2019_v2/melanoma/hairs/seed4357/lambda_t_star5/style.png,0.0034293416,0.014597413,0.0017163564,0.00103112,0.00047385474,0.0011360564,0.9391954,0.002711209,0.00052345404,0.0011825885,0.93569857,0.0024570208,0.000549221,0.0013186146,0.9089257,0.0033551205,0.0011877646,0.001244605,0.99736685,0.0040773847,0.0019464783,0.0035884327,0.9593003,0.006826463,0.0011955553,0.0024077378,0.86627966,0.0059008445,0.00085880974,0.0049243444,0.49282303,0.010287302,0.0004897476,0.0045963237,0.26258576,0.007904296,0.00037432287,0.0041234316,0.25216028,0.0062377057
4417,/home/jupyter/dent_outputs/isic2019_v2/melanoma/hairs/seed4417/lambda_t_star5/style.png,0.0057115178,0.35915166,0.003065465,0.0013389266,0.0017827944,0.007128057,0.8528689,0.009678687,0.001382837,0.0075936243,0.7490295,0.009778698,0.0016401205,0.004463146,0.71622753,0.0076696374,0.0015454458,0.003969884,0.5992168,0.0073485007,0.0013479885,0.0034553388,0.45914257,0.005745099,0.00087231473,0.0019701247,0.14987381,0.0027646916,0.0005470385,0.000718271,0.03115469,0.0015380556,0.0003849407,0.0006136953,0.017012727,0.0012891889,0.00038320463,0.00050668855,0.009435634,0.0009369552
4390,/home/jupyter/dent_outputs/isic2019_v2/melanoma/hairs/seed4390/lambda_t_star5/style.png,0.0003719068,0.004419146,0.045480296,0.00082632725,0.0021037783,0.059236214,0.9766623,0.08445512,0.0009753866,0.041841246,0.9791216,0.025441794,0.0015210689,0.013273412,0.10470826,0.006772387,0.00080009433,0.007980649,0.036858063,0.0056902217,0.0005191091,0.0031988686,0.021015713,0.0029453477,0.0006837548,0.004432862,0.020983515,0.0027492635,0.0010873781,0.0038721175,0.012806514,0.0020270061,0.0029894887,0.007715058,0.00627395,0.0023488945,0.0017188124,0.005858816,0.0040887883,0.0018194122
4872,/home/jupyter/dent_outputs/isic2019_v2/melanoma/hairs/seed4872/lambda_t_star5/style.png,0.010634782,0.015225904,0.00048474898,0.0010717824,0.001961373,0.012469878,0.9787375,0.07681317,0.0028338928,0.0038829139,0.77007174,0.009744609,0.003284013,0.0043316293,0.7510687,0.010508861,0.003151198,0.004173953,0.7908263,0.01315987,0.0019345242,0.0025081902,0.6280368,0.008380121,0.0014390519,0.0015619791,0.5632127,0.00611828,0.0010495001,0.0015061693,0.49808428,0.005117459,0.0008098956,0.0010747577,0.51059324,0.0035706584,0.0008872612,0.0010665983,0.44786695,0.003429638
4423,/home/jupyter/dent_outputs/isic2019_v2/melanoma/hairs/seed4423/lambda_t_star5/style.png,0.00013582312,0.0071425387,0.002706234,0.00023241922,0.0009013918,0.001705845,0.9879469,0.0016124564,0.0041935747,0.0013703189,0.7318846,0.0026252486,0.0012011834,0.002959965,0.120853975,0.0039378563,0.0055326615,0.0151482895,0.04427077,0.0109155765,0.0019226905,0.021066932,0.03770505,0.022259425,0.001631604,0.047229595,0.04113258,0.046181314,0.0014032184,0.041076515,0.031639885,0.037823226,0.0013655188,0.037276965,0.023397809,0.03472125,0.0017625307,0.037615556,0.02231756,0.03688507
4108,/home/jupyter/dent_outputs/isic2019_v2/melanoma/hairs/seed4108/lambda_t_star5/style.png,0.0010172534,0.0043089786,0.041318722,0.0028647846,0.0005928913,0.003883082,0.99588037,0.0024245244,0.0004919087,0.0045847255,0.99281305,0.0037195787,0.0007862699,0.006626615,0.98881406,0.005672866,0.0017427224,0.010730859,0.977857,0.009895761,0.0039963303,0.011733604,0.26571387,0.012239027,0.014096738,0.004029304,0.022376304,0.006615158,0.0017248489,0.004005746,0.01248893,0.0042151315,0.0022191964,0.0036737914,0.009397733,0.004260609,0.002072485,0.0033042498,0.008059631,0.0038626902
4806,/home/jupyter/dent_outputs/isic2019_v2/melanoma/hairs/seed4806/lambda_t_star5/style.png,0.00074759114,0.004366437,0.02108682,0.0026826067,0.0040192413,0.01554764,0.9930456,0.008367604,0.012164599,0.014759597,0.006259047,0.0036934828,0.00748017,0.01349029,0.013700846,0.0046877903,0.010671559,0.008274204,0.01107894,0.005497817,0.012724499,0.0079863435,0.011926474,0.007336403,0.017689075,0.008949294,0.010611607,0.008098597,0.020084586,0.010744854,0.0085549,0.007941979,0.020296946,0.008142736,0.0061686556,0.0061476203,0.021445516,0.0068599465,0.0052690404,0.0055595073
4068,/home/jupyter/dent_outputs/isic2019_v2/melanoma/hairs/seed4068/lambda_t_star5/style.png,0.0017168721,0.049881596,0.00651556,0.0053889975,0.00035898123,0.0028399092,0.9949189,0.00095544546,0.00031026395,0.0020723054,0.95246965,0.0012088957,0.002313479,0.010513647,0.43020785,0.006723999,0.007375926,0.006595408,0.006816345,0.0059392923,0.010136482,0.0040753195,0.0026119172,0.003314777,0.014498892,0.0043695434,0.0025751512,0.0034959253,0.009249961,0.0049132863,0.0028555791,0.0041679456,0.010229562,0.0056056706,0.003957901,0.0056597423,0.009060563,0.0045058834,0.0035297826,0.0049577807
4746,/home/jupyter/dent_outputs/isic2019_v2/melanoma/hairs/seed4746/lambda_t_star5/style.png,0.0023367128,0.00096162246,0.09656466,0.0017112022,0.0012670705,0.011353383,0.98909026,0.0063014645,0.0008477559,0.002172368,0.00054386683,0.00055208884,0.0008077006,0.0020525125,0.0005844338,0.00081871066,0.0029137211,0.0031213611,0.0006988655,0.0015863614,0.004221603,0.003180315,0.0011037177,0.0027431415,0.0061505605,0.0037043393,0.0012701796,0.0029752818,0.005381535,0.004252993,0.0011233537,0.0029569564,0.005162826,0.0042238366,0.0009868884,0.002735231,0.0047473395,0.0031292485,0.00084173586,0.0024302825
4026,/home/jupyter/dent_outputs/isic2019_v2/melanoma/hairs/seed4026/lambda_t_star5/style.png,0.0017797194,0.013815899,0.047255132,0.007471498,0.00030156996,0.0051331804,0.98532444,0.0023966965,0.0006549135,0.0068880324,0.9869053,0.0033691092,0.00015590325,0.0050803144,0.03703549,0.002534159,0.00021754006,0.0076220143,0.027017498,0.0027910077,0.0001688724,0.0072547616,0.026683357,0.0025959748,0.00019411744,0.005604211,0.022928506,0.0025624072,0.00020927719,0.0043272576,0.018571666,0.002260145,0.00019986382,0.003756247,0.013561307,0.0019333056,0.00015908276,0.003565557,0.012079075,0.0017524784
4584,/home/jupyter/dent_outputs/isic2019_v2/melanoma/hairs/seed4584/lambda_t_star5/style.png,0.015432253,0.010146911,0.000706029,0.00046724494,0.0016093618,0.024953194,0.97067213,0.014940292,0.008305569,0.07315583,0.60455114,0.026493518,0.02064506,0.08590815,0.35570082,0.021079164,0.041942783,0.070838325,0.25854087,0.013710308,0.041353926,0.0793592,0.18674886,0.012617312,0.023874601,0.08608311,0.06472383,0.012222061,0.011569889,0.049945656,0.01200127,0.0070446935,0.027079955,0.03849353,0.011656499,0.008102003,0.04288819,0.039804853,0.011453102,0.009393948
4166,/home/jupyter/dent_outputs/isic2019_v2/melanoma/hairs/seed4166/lambda_t_star5/style.png,0.015844975,0.04494686,0.011668986,0.0059025176,0.0005021663,0.0022755319,0.9944865,0.0017408064,0.00037668043,0.0029977856,0.9952661,0.0016622783,0.00048316416,0.002529962,0.93715096,0.0033254372,5.5958193e-05,0.00032618066,0.028919524,0.00073270337,0.0001145383,0.00036078002,0.008840132,0.0008540338,0.00016666579,0.00028631446,0.0054992484,0.0010101208,0.00017254885,0.00018074832,0.0037448762,0.0010202889,0.00022847619,0.00014742024,0.002952433,0.0009228865,0.00026664638,0.00015286756,0.002260557,0.0008242335
4274,/home/jupyter/dent_outputs/isic2019_v2/melanoma/hairs/seed4274/lambda_t_star5/style.png,0.001714706,0.10383226,0.0004129599,0.0004408035,0.0019559239,0.014184695,0.97407657,0.018219503,0.00024530373,0.0029511855,0.9970176,0.00085631135,0.0002945912,0.007145302,0.7070994,0.009772855,0.00026228084,0.0038776794,0.033944346,0.0037795191,0.0005329689,0.0026375002,0.7625847,0.004510345,0.00046801058,0.0017446398,0.011009733,0.00273085,0.00059985626,0.0018885713,0.0115741985,0.0031358192,0.0005390386,0.0014479987,0.008143598,0.0023992208,0.0007650061,0.0013423293,0.005841312,0.002101425
4314,/home/jupyter/dent_outputs/isic2019_v2/melanoma/hairs/seed4314/lambda_t_star5/style.png,0.08467287,0.0087186955,0.0015009879,0.0015539423,0.013814114,0.028973062,0.9092527,0.99159545,0.01346008,0.13856162,0.95906514,0.033984367,0.00042988922,0.0021087804,0.06859782,0.009740625,0.00044863837,0.002228362,0.039032415,0.0071313274,0.0008229393,0.0010608318,0.0068158354,0.0057193493,0.0010041011,0.0010284407,0.0042245733,0.0055575334,0.0014268679,0.0012032281,0.0038714868,0.006500394,0.0013002538,0.0011642522,0.003460217,0.0064226957,0.00088463665,0.0007853763,0.002656371,0.0049740076
4958,/home/jupyter/dent_outputs/isic2019_v2/melanoma/hairs/seed4958/lambda_t_star5/style.png,0.0025182518,0.0017768261,0.03874502,0.003367939,0.0006894158,0.004079895,0.9979582,0.0027673366,0.00042345162,0.0032037701,0.9808636,0.0020813786,0.00037407794,0.0010395794,0.65828526,0.0013627432,0.0023549297,0.0034076546,0.020094234,0.011916577,0.0013963798,0.0015690567,0.015127914,0.0072543733,0.0015387344,0.0018436754,0.014667163,0.007172219,0.0014982283,0.0018719782,0.012159943,0.0067387274,0.0012973512,0.001595309,0.009032563,0.00559247,0.0015696156,0.0015597682,0.0070160767,0.005218623
4467,/home/jupyter/dent_outputs/isic2019_v2/melanoma/hairs/seed4467/lambda_t_star5/style.png,0.0016743093,0.018361008,0.08056283,0.0054982943,0.00028163422,0.002020346,0.65986836,0.0026100036,0.0012458599,0.0023200833,0.9834179,0.0068058134,0.0010088547,0.002988926,0.50830895,0.006302065,0.0036226404,0.002314832,0.39490974,0.00389644,0.007051171,0.002814194,0.25696832,0.0022118916,0.0139472885,0.0032138024,0.003462762,0.0044302284,0.084596515,0.0031792785,0.002312634,0.0029493424,0.16596687,0.0018820256,0.0014695913,0.002034423,0.15705188,0.0020528662,0.0012978857,0.0020564476
4519,/home/jupyter/dent_outputs/isic2019_v2/melanoma/hairs/seed4519/lambda_t_star5/style.png,0.0014141977,0.06118042,0.11510903,0.0021939343,0.0026960636,0.009544079,0.99771947,0.0026629241,0.0019620033,0.015614693,0.99313277,0.0036732366,0.0055848034,0.022428228,0.98935866,0.0061979312,0.009635596,0.019112965,0.40964207,0.006037982,0.0043856897,0.00638299,0.012547278,0.0017720904,0.008619596,0.0071444972,0.012705553,0.002274774,0.005816068,0.006869169,0.013372935,0.0027964106,0.005825384,0.0060430155,0.012047108,0.002848414,0.0064122127,0.0059194695,0.012064043,0.0027070285
4791,/home/jupyter/dent_outputs/isic2019_v2/melanoma/hairs/seed4791/lambda_t_star5/style.png,0.12958406,0.0066170758,0.007072426,0.0029468294,0.0012674249,0.0056965468,0.9973671,0.0037591497,0.00066403835,0.0030212726,0.9928941,0.0026915977,0.00064075284,0.0022946934,0.9802855,0.0024493332,0.0015716905,0.0019944771,0.6984998,0.002079838,0.004080236,0.00041051104,0.0074079493,0.001707865,0.007777654,0.00037958843,0.0054840837,0.0020017542,0.010597403,0.00042278346,0.0049332757,0.0021343252,0.013508267,0.00041999866,0.005993329,0.0019895316,0.03975312,0.0003949292,0.004444367,0.0020446077
4472,/home/jupyter/dent_outputs/isic2019_v2/melanoma/hairs/seed4472/lambda_t_star5/style.png,0.0051212963,0.06644327,0.008150141,0.0066625597,0.0011807419,0.0026847417,0.31365848,0.005409837,0.0006656604,0.0036462506,0.09648758,0.0032978787,0.0008142689,0.0021245526,0.059625562,0.0063279266,0.00087948923,0.0019527689,0.067961745,0.007569758,0.00068439695,0.001617104,0.069885105,0.0068830308,0.0006167558,0.0012030584,0.04855255,0.0056654415,0.0005469152,0.0011505921,0.034765724,0.0051297606,0.0004099247,0.0010632606,0.02222405,0.0039408277,0.00042745966,0.0009550024,0.018636232,0.0037124273
4265,/home/jupyter/dent_outputs/isic2019_v2/melanoma/hairs/seed4265/lambda_t_star5/style.png,0.0055222344,0.03211889,0.0026040892,0.002524309,0.0034060488,0.0031791467,0.94903976,0.0068368907,0.0013817634,0.0038558852,0.9565389,0.0071196253,0.0015555308,0.0104136355,0.7638656,0.021118402,0.0017255108,0.013266283,0.659449,0.01956833,0.0016382314,0.008919751,0.6390516,0.013713706,0.0012625705,0.006254638,0.5614256,0.008374155,0.0010413874,0.0048804497,0.48719788,0.006512305,0.00095364574,0.004871292,0.3747962,0.0067930454,0.0008734651,0.0048557324,0.35376164,0.0072477655
4382,/home/jupyter/dent_outputs/isic2019_v2/melanoma/hairs/seed4382/lambda_t_star5/style.png,0.0005285761,0.0154016195,0.013138256,0.002087866,0.0011884482,0.012719635,0.9474538,0.0048250235,0.001270444,0.02273082,0.908857,0.0036891212,0.0013539095,0.035319496,0.7413073,0.004324105,0.0006261584,0.013609905,0.049232904,0.0019631837,0.00044520714,0.009968792,0.0067469385,0.0013816765,0.00029213305,0.007854264,0.003602466,0.0011681886,0.00029505612,0.005570778,0.002797767,0.0011525343,0.0003077457,0.006119903,0.0027205427,0.0012073732,0.0002938263,0.004917475,0.002438647,0.0011365798
4013,/home/jupyter/dent_outputs/isic2019_v2/melanoma/hairs/seed4013/lambda_t_star5/style.png,0.0018570193,0.0021076067,0.033852674,0.002852111,0.033508405,0.00093037373,0.15339424,0.002666574,0.0007155409,0.0005193239,0.121455856,0.0018869982,0.006246831,0.0004129264,0.02405548,0.0028668165,0.041724004,0.00030810738,0.014052392,0.0022802697,0.28752074,0.00019446886,0.005601531,0.0013760155,0.087202646,0.00018725563,0.005339233,0.0015033588,0.0816166,0.00016939282,0.0044144555,0.001388512,0.08907406,0.0002036418,0.00408434,0.0015731646,0.16896732,0.00018248489,0.002499248,0.0012322823
4468,/home/jupyter/dent_outputs/isic2019_v2/melanoma/hairs/seed4468/lambda_t_star5/style.png,0.0004011624,0.009503668,0.015851468,0.0011508404,0.00012406212,0.002873226,0.9921442,0.0010830066,7.4367774e-05,0.0023524896,0.95399123,0.0013368623,9.068748e-05,0.0020690085,0.9591696,0.0014589708,0.00014183336,0.003086319,0.95480835,0.0020049566,0.00051867263,0.0040761903,0.06522281,0.003631281,0.00084800186,0.0013473757,0.0095077,0.0020676383,0.0007854541,0.0009627554,0.009700475,0.0020267784,0.0007739084,0.0008733926,0.008232999,0.0019833662,0.00056461064,0.0008232586,0.0066815307,0.0016536635
