seed,path,neutral_hairs,neutral_gel_bubbles,neutral_ruler,neutral_ink,5_hairs,5_gel_bubbles,5_ruler,5_ink,10_hairs,10_gel_bubbles,10_ruler,10_ink,15_hairs,15_gel_bubbles,15_ruler,15_ink,20_hairs,20_gel_bubbles,20_ruler,20_ink,25_hairs,25_gel_bubbles,25_ruler,25_ink,30_hairs,30_gel_bubbles,30_ruler,30_ink,35_hairs,35_gel_bubbles,35_ruler,35_ink,40_hairs,40_gel_bubbles,40_ruler,40_ink,45_hairs,45_gel_bubbles,45_ruler,45_ink
4129,/home/jupyter/dent_outputs/isic2019_v2/melanoma/hairs/seed4129/lambda_t_star5/style.png,0.12819512,0.0018468299,0.00013508173,0.00014715311,0.038266104,0.00042675674,0.0008232221,0.0010665338,0.042289075,0.0006698891,0.0010712551,0.0013690542,0.052910592,0.0008534851,0.0011450301,0.0014088993,0.11155926,0.0011307207,0.0016921028,0.0020460084,0.94994843,0.0006180304,0.0012667074,0.0010530836,0.95293635,0.0015084479,0.0039717075,0.002407316,0.76794523,0.0016820214,0.005068222,0.0031700614,0.40102732,0.0019147643,0.005252604,0.003915047,0.10288956,0.002404487,0.007837225,0.005289446
4643,/home/jupyter/dent_outputs/isic2019_v2/melanoma/hairs/seed4643/lambda_t_star5/style.png,0.002192827,0.05363972,0.018661292,0.0020572443,0.54207236,0.0019208285,0.005919837,0.0021226944,0.07288733,0.001980758,0.008877491,0.0019204672,0.06605418,0.001756064,0.008905662,0.0021716396,0.047572833,0.0012249035,0.0084331855,0.0017877144,0.038387094,0.0011370481,0.010886275,0.0018779696,0.0053533744,0.00082980626,0.013002216,0.002048582,0.001535198,0.00070550066,0.01297419,0.0018198245,0.0008425415,0.00068840006,0.021159904,0.0016895527,0.00077088946,0.0009869984,0.024496298,0.0019243868
4165,/home/jupyter/dent_outputs/isic2019_v2/melanoma/hairs/seed4165/lambda_t_star5/style.png,0.015199475,0.018122157,0.001370469,0.0015621344,0.86038965,0.0020588504,0.0066457074,0.0014608615,0.52162445,0.001161889,0.0052711084,0.0012789987,0.3313971,0.0008842423,0.00828945,0.001988256,0.0032191912,0.0013314385,0.007623554,0.0045414204,0.00050714106,0.0010745309,0.013254995,0.0039896835,0.0005197134,0.0010284123,0.015823776,0.0038514154,0.00033449024,0.0006321185,0.018271979,0.0024448042,0.0002273356,0.00048553242,0.015172083,0.0018056828,0.00023087625,0.00045065998,0.017168378,0.0018158513
4735,/home/jupyter/dent_outputs/isic2019_v2/melanoma/hairs/seed4735/lambda_t_star5/style.png,0.0066657728,0.44473734,0.0028997806,0.0010772394,0.90658045,0.0056555704,0.0048827496,0.002732549,0.89704937,0.0044127754,0.0048325965,0.0025684505,0.87281585,0.0051580034,0.006516986,0.0028090738,0.8846991,0.0039413986,0.0043720813,0.002355519,0.90950376,0.0038478773,0.0032239277,0.0021284674,0.8075908,0.0066141775,0.0032721874,0.0023787685,0.23555782,0.004610395,0.0028984589,0.002220957,0.044812802,0.0035697494,0.0022685865,0.0019052875,0.0155798355,0.0036237976,0.0032177875,0.0024315035
4648,/home/jupyter/dent_outputs/isic2019_v2/melanoma/hairs/seed4648/lambda_t_star5/style.png,0.009987766,0.02343387,0.00068410387,0.0005872645,0.013250002,0.028107563,0.0036282504,0.0018889488,0.015707934,0.022754936,0.004014581,0.0024827537,0.010403728,0.013370865,0.006945397,0.0038778821,0.0027859202,0.010777662,0.018732155,0.004316899,0.0028251803,0.010763416,0.022044329,0.004701002,0.00232684,0.0084552,0.020623565,0.004200145,0.0018968344,0.008111827,0.019464359,0.004526878,0.0020549335,0.008400322,0.01981782,0.0057176626,0.0021394703,0.0076460806,0.020507852,0.0055440194
4106,/home/jupyter/dent_outputs/isic2019_v2/melanoma/hairs/seed4106/lambda_t_star5/style.png,0.79625803,0.028083773,0.0013965307,0.002375721,0.9626808,0.00076758204,0.00054147874,0.0019166077,0.95583254,0.00032628333,0.00039044657,0.0012862785,0.9543954,0.00031087743,0.00048333258,0.0013727654,0.9500726,0.00030993135,0.0005122769,0.0011359757,0.94093496,0.00018650653,0.000494786,0.00082894036,0.9218187,0.00019074185,0.00052884873,0.0008292774,0.9085589,0.00019184755,0.00057868904,0.000794361,0.87821496,0.0001979555,0.00063596235,0.0008537991,0.89781874,0.00021666836,0.0007047961,0.0009313697
4600,/home/jupyter/dent_outputs/isic2019_v2/melanoma/hairs/seed4600/lambda_t_star5/style.png,0.00083995477,0.0006911574,0.028766857,0.0012303238,0.0013175036,0.00070788444,0.0060323267,0.002730893,0.0013321223,0.0007596698,0.0065523563,0.0024843167,0.0010898737,0.00070618745,0.007239879,0.002148249,0.0010216137,0.0007290578,0.0084744785,0.002423557,0.000918758,0.0007576878,0.008680548,0.002199169,0.00086295477,0.0006636948,0.008409808,0.0021513158,0.0007318426,0.0006100275,0.008943701,0.0020784845,0.0006470889,0.0005456983,0.0099484585,0.0020862492,0.00061129924,0.00048249826,0.010497003,0.0020246096
4925,/home/jupyter/dent_outputs/isic2019_v2/melanoma/hairs/seed4925/lambda_t_star5/style.png,0.74731594,0.0064025377,0.002875582,0.00053418265,0.99658644,0.003372148,0.014405945,0.0021253566,0.99782324,0.0028335184,0.012722235,0.0017278129,0.99714166,0.0023658045,0.008287964,0.0014997985,0.99684983,0.0023319721,0.0077851424,0.001448229,0.9955551,0.0026060964,0.0072816936,0.0015228088,0.95863944,0.0019060831,0.0048208903,0.0022508767,0.7041578,0.0021502278,0.00433417,0.0024375382,0.10096017,0.0020173225,0.003986897,0.0028453385,0.0064723487,0.0020270138,0.0042576888,0.002800767
4086,/home/jupyter/dent_outputs/isic2019_v2/melanoma/hairs/seed4086/lambda_t_star5/style.png,0.0015485171,0.05353013,0.032996286,0.005983276,0.915805,0.007997579,0.004432128,0.006051665,0.841068,0.007234106,0.0035615053,0.006273728,0.72771347,0.005966581,0.0028867933,0.0062498953,0.1424358,0.0040499386,0.003214262,0.0060384977,0.14835308,0.003980056,0.0034430316,0.006730772,0.042468797,0.0044905175,0.0033403453,0.0056932904,0.034942925,0.0033737074,0.0033573138,0.0047565224,0.02159928,0.0026126674,0.0031256406,0.00407002,0.01851627,0.0022830293,0.0030070578,0.0035225565
4021,/home/jupyter/dent_outputs/isic2019_v2/melanoma/hairs/seed4021/lambda_t_star5/style.png,0.0007938407,0.0007994293,0.0030075498,0.0017802641,0.45917735,0.00062169996,0.0027166577,0.0014275692,0.42535448,0.00065670256,0.0028336423,0.0014420548,0.403182,0.00077826803,0.0030963349,0.001517593,0.31698227,0.0007319507,0.003655422,0.0015555129,0.24328853,0.0007060001,0.004197615,0.001682148,0.048632205,0.00044477533,0.0031982437,0.0013740597,0.000998216,0.0004395353,0.0061041284,0.0021172625,0.0006779358,0.00037689667,0.006641396,0.0021723206,0.00053007685,0.00030612515,0.0074031083,0.0018499618
4663,/home/jupyter/dent_outputs/isic2019_v2/melanoma/hairs/seed4663/lambda_t_star5/style.png,0.0015364902,0.007827179,0.27223238,0.00533514,0.99217856,0.009251272,0.31027305,0.0093052415,0.98900044,0.006816442,0.24106131,0.0072449427,0.9294087,0.009103187,0.27340177,0.018533107,0.950868,0.011811066,0.26790679,0.02004257,0.8305089,0.008816116,0.18601876,0.0098665105,0.5375083,0.007892026,0.19362456,0.009863432,0.12504502,0.0043509584,0.16919738,0.0073726512,0.0100307595,0.0049232254,0.22412586,0.0074900184,0.001334272,0.004487023,0.2584091,0.00567469
4720,/home/jupyter/dent_outputs/isic2019_v2/melanoma/hairs/seed4720/lambda_t_star5/style.png,0.0015858014,0.009566924,0.007901989,0.0034878913,0.7991654,0.003125085,0.022135708,0.0037532079,0.7211324,0.0026281457,0.01972162,0.003685909,0.6704593,0.002771796,0.021855116,0.0041762786,0.5567772,0.0028296786,0.024148596,0.004029713,0.31491274,0.0025107218,0.0137600005,0.0042176503,0.05987538,0.0034939575,0.011608425,0.004624783,0.0021945417,0.003384206,0.010678448,0.0044151177,0.0013041575,0.0036454136,0.010765126,0.0043393997,0.0009792597,0.0035945333,0.011091721,0.0043221633
4666,/home/jupyter/dent_outputs/isic2019_v2/melanoma/hairs/seed4666/lambda_t_star5/style.png,0.20436119,0.022200877,0.0056641367,0.0060186475,0.9925842,0.0030049016,0.019876033,0.0020634138,0.99330974,0.003050885,0.019872257,0.0020721753,0.985935,0.0037511417,0.023245547,0.0026363414,0.97705734,0.0026413966,0.042176876,0.0027664234,0.9832956,0.0025109977,0.020128887,0.0028555305,0.98155504,0.0028146063,0.014880485,0.0034509597,0.68938243,0.0017186153,0.009548904,0.0031234573,0.015497537,0.0019856167,0.013504207,0.0033571445,0.007264841,0.0022125484,0.016535688,0.0034600033
4241,/home/jupyter/dent_outputs/isic2019_v2/melanoma/hairs/seed4241/lambda_t_star5/style.png,0.00043382437,0.0043723616,0.05813287,0.0015582296,0.8723274,0.00435114,0.008213856,0.0011674189,0.8551211,0.0031814945,0.007701512,0.0010485861,0.8640649,0.002050314,0.0064408085,0.0008176628,0.8702569,0.0021420168,0.0065324777,0.00085906184,0.84771556,0.0024864092,0.0066327755,0.0009371673,0.67774093,0.001951068,0.0061658383,0.0009146977,0.20630722,0.001263888,0.007352147,0.0012524877,0.0030380604,0.0012392305,0.0113897715,0.0013331198,0.0010982367,0.0012440716,0.00934758,0.0017029664
4692,/home/jupyter/dent_outputs/isic2019_v2/melanoma/hairs/seed4692/lambda_t_star5/style.png,0.000345667,0.018512748,0.17402464,0.0044173864,0.1747827,0.0080363,0.0016183009,0.0014777586,0.17800626,0.0073525263,0.002062036,0.0016758564,0.2032151,0.0047232397,0.0016372764,0.0013484553,0.2445751,0.0027440223,0.001442383,0.0014307206,0.062224947,0.00024915603,0.0020448442,0.0017967452,0.0022303455,0.00013694308,0.0033811692,0.0022056387,0.007340238,0.0003226785,0.006061135,0.004134315,0.0006975261,0.00020736876,0.0056875222,0.0024343878,0.00029050105,0.00020971984,0.0057116556,0.0019969721
4801,/home/jupyter/dent_outputs/isic2019_v2/melanoma/hairs/seed4801/lambda_t_star5/style.png,0.31843737,0.0010182017,0.0063293236,0.00037047183,0.5285966,0.0056483457,0.0023018674,0.0054433104,0.4858843,0.00394179,0.0022894735,0.005152371,0.36947814,0.0030993964,0.002236817,0.0054669767,0.3429042,0.0022264111,0.0018582015,0.004625235,0.23397018,0.001632304,0.0016530172,0.004188329,0.14926255,0.0014243732,0.0014972492,0.0038651843,0.13455632,0.0015873702,0.0017239748,0.0044750944,0.11157271,0.0014016097,0.0018995861,0.00482897,0.0766363,0.0011793274,0.0018659738,0.0043765423
4857,/home/jupyter/dent_outputs/isic2019_v2/melanoma/hairs/seed4857/lambda_t_star5/style.png,0.24413328,0.033878937,0.02964685,0.045040876,0.9544781,0.005119312,0.6612396,0.0037706816,0.9464609,0.004257416,0.6867891,0.004063216,0.9354907,0.0033692387,0.663242,0.0030476493,0.91540587,0.0035016811,0.62809986,0.0029763891,0.75535196,0.0037016778,0.64576703,0.003415045,0.38165835,0.0023994835,0.59560484,0.0025539766,0.017649373,0.0009423992,0.59960103,0.0015003784,0.0015537085,0.00055854727,0.49007702,0.0009961772,0.0010513114,0.0006396168,0.51075363,0.0011915966
4636,/home/jupyter/dent_outputs/isic2019_v2/melanoma/hairs/seed4636/lambda_t_star5/style.png,0.5068634,0.030365394,0.0025462261,0.0019419582,0.4157,0.0042009368,0.00048143356,0.0012268177,0.4814171,0.001973688,0.00036337157,0.0005650346,0.7202689,0.00077603594,0.00056417624,0.00072140497,0.19032441,0.0007649839,0.00061758136,0.0005576097,0.040386114,0.00063568,0.0005035988,0.0004755788,0.021179205,0.0008570791,0.000575118,0.00062418374,0.018038848,0.0012276126,0.0005584371,0.0007954994,0.012904829,0.0012529213,0.0006798983,0.0009960942,0.010367652,0.0011988127,0.0007902782,0.0009852585
4353,/home/jupyter/dent_outputs/isic2019_v2/melanoma/hairs/seed4353/lambda_t_star5/style.png,0.43924224,0.0074697593,0.051175978,0.005510476,0.99285865,0.00070832914,0.0026936554,0.00081565086,0.9925323,0.0010147904,0.0028100049,0.0009117906,0.9941023,0.0008518784,0.0017646041,0.000696217,0.9931439,0.00080268004,0.0015903058,0.0006773452,0.9850332,0.0007001647,0.0020410528,0.0007651862,0.44591403,0.0005646766,0.001137799,0.000800922,0.3844579,0.00057260884,0.0011791566,0.000860041,0.115436845,0.0004544452,0.001448018,0.0009806182,0.0027678614,0.0005441396,0.002696429,0.0013329356
4381,/home/jupyter/dent_outputs/isic2019_v2/melanoma/hairs/seed4381/lambda_t_star5/style.png,0.0039330362,0.0049013644,0.6604499,0.0038875428,0.9729565,0.0058211405,0.07669354,0.005311268,0.95565844,0.0033843652,0.068869665,0.004557725,0.9523184,0.002912278,0.0519973,0.004290322,0.94665647,0.0028119832,0.047665443,0.0044110767,0.9355837,0.002262217,0.036739603,0.0037966499,0.81492394,0.00224258,0.02808982,0.004416732,0.5271977,0.0019641565,0.025312828,0.0062311585,0.046568166,0.0025756313,0.029687166,0.010966547,0.0044079325,0.0032641988,0.04539088,0.017575301
4912,/home/jupyter/dent_outputs/isic2019_v2/melanoma/hairs/seed4912/lambda_t_star5/style.png,0.14586012,0.16041426,0.00052728236,0.0013271348,0.36735135,0.03512568,0.00027782374,0.0018963513,0.44801626,0.022939073,0.00023991389,0.0015336338,0.31288636,0.014949002,0.00023858108,0.0015803635,0.20620242,0.013637259,0.00030140323,0.0019421754,0.07742178,0.015555334,0.00040127424,0.002154521,0.014437278,0.013706259,0.0004649236,0.0021001375,0.004819904,0.009733232,0.00031186745,0.0012623955,0.0018369377,0.00942416,0.0002889429,0.0012023499,0.00062922103,0.008451075,0.00026004604,0.0012658378
4083,/home/jupyter/dent_outputs/isic2019_v2/melanoma/hairs/seed4083/lambda_t_star5/style.png,0.05433172,0.066054665,0.004005175,0.003495178,0.9988356,0.012289297,0.004513425,0.004118467,0.96755904,0.0053681107,0.0041665807,0.010482032,0.97737134,0.00452115,0.00382587,0.008856253,0.96699107,0.003716394,0.0035893503,0.0084255645,0.9565296,0.0029053271,0.0038419524,0.009175998,0.9022956,0.0029589492,0.0035598218,0.007671144,0.5761399,0.0033142967,0.003525505,0.008803446,0.04763568,0.003920262,0.0053930804,0.013771802,0.004853685,0.0023184328,0.004915807,0.009245753
4306,/home/jupyter/dent_outputs/isic2019_v2/melanoma/hairs/seed4306/lambda_t_star5/style.png,0.023892773,0.0020768673,0.017081972,0.0009338706,0.99749494,0.007654269,0.0067321025,0.0022767282,0.99837,0.0046429695,0.018895695,0.003159198,0.9973109,0.0030065991,0.014193273,0.002862032,0.9888642,0.007297998,0.10811982,0.008675206,0.7810295,0.01544535,0.349087,0.015907302,0.24801277,0.0477492,0.53993386,0.035051353,0.11344847,0.041971125,0.52662987,0.038785942,0.08715343,0.032297563,0.53928924,0.032188505,0.056938004,0.022322036,0.47637936,0.0238589
4118,/home/jupyter/dent_outputs/isic2019_v2/melanoma/hairs/seed4118/lambda_t_star5/style.png,0.09114733,0.00643423,0.00037190964,0.0003390707,0.09271391,0.002367957,0.003487404,0.0034478747,0.11426036,0.0028777418,0.0034588957,0.0036105833,0.10781124,0.0025097786,0.003600355,0.003096092,0.08179155,0.0020845216,0.0032433665,0.0027589786,0.0690919,0.0023857243,0.0036946114,0.0030670043,0.03726167,0.0021747355,0.0047228653,0.00329965,0.013395004,0.0016954327,0.004983584,0.003220575,0.004852333,0.0014650841,0.0061333845,0.0033013192,0.002999394,0.0014231226,0.0069140582,0.0029239224
4094,/home/jupyter/dent_outputs/isic2019_v2/melanoma/hairs/seed4094/lambda_t_star5/style.png,0.06262408,0.097001545,0.00093828497,0.0011918697,0.054240335,0.0015900984,0.0037717007,0.00466304,0.034434225,0.0011304321,0.002620946,0.0040374445,0.02683802,0.0007725459,0.0022576237,0.0035009822,0.01619895,0.00057912327,0.0020343484,0.0033829226,0.015423037,0.0005791572,0.002162859,0.0033149552,0.0062837233,0.0005091444,0.002266207,0.0033969963,0.002556552,0.00046598932,0.002420056,0.0036985013,0.0022621956,0.00051869097,0.0030892515,0.0039765015,0.001962713,0.0006094284,0.0037862812,0.004358064
4033,/home/jupyter/dent_outputs/isic2019_v2/melanoma/hairs/seed4033/lambda_t_star5/style.png,0.001838778,0.0020768316,0.0010376128,0.0003683002,0.2790346,0.011420116,0.42471772,0.006530714,0.3103635,0.0060809306,0.2675211,0.0037612894,0.567459,0.009273015,0.21198751,0.0040051253,0.13124596,0.008909585,0.31921357,0.004732311,0.0031682507,0.0064142635,0.3104052,0.00391329,0.0029642885,0.005722501,0.30281678,0.0040460248,0.0025265575,0.005150761,0.2558491,0.003274238,0.0024078635,0.0059107803,0.27068424,0.0035894816,0.0023071733,0.004074021,0.2977014,0.0034721703
4364,/home/jupyter/dent_outputs/isic2019_v2/melanoma/hairs/seed4364/lambda_t_star5/style.png,0.001054672,0.0059549147,0.0045241024,0.002659549,0.96200097,0.0010328025,0.0012772949,0.0011875384,0.9837678,0.0014786568,0.0012728373,0.0013174195,0.95056224,0.0019535925,0.0018801518,0.0017289434,0.8158488,0.0016862834,0.002232353,0.0017295979,0.2612336,0.002184258,0.0030346496,0.0026367076,0.048128184,0.0021514446,0.002519958,0.0025324563,0.010261471,0.0018372978,0.00201488,0.0017162045,0.0074601034,0.0017711172,0.0019840044,0.001683873,0.0056434926,0.0016359744,0.0021311915,0.0016114387
4593,/home/jupyter/dent_outputs/isic2019_v2/melanoma/hairs/seed4593/lambda_t_star5/style.png,0.0024243318,0.038058084,0.038891483,0.009943528,0.7987144,0.00065455656,0.00079198193,0.0025694817,0.8292339,0.0005536294,0.00095609494,0.0026424455,0.7970416,0.00071892707,0.0007957746,0.0026950096,0.789578,0.0008551363,0.0008991846,0.003039313,0.7058884,0.0013480572,0.0017438934,0.0049204906,0.45854336,0.0013803318,0.0016873137,0.0050015887,0.26211926,0.0016070082,0.0023001211,0.0056634247,0.17035477,0.0017795746,0.0028228236,0.006712785,0.13730839,0.0018658735,0.0029574106,0.007030751
4652,/home/jupyter/dent_outputs/isic2019_v2/melanoma/hairs/seed4652/lambda_t_star5/style.png,0.0023425494,0.0016096369,0.032540865,0.0013759546,0.11333239,0.0019519681,0.00863456,0.0045387438,0.022824487,0.0024362274,0.01572349,0.0047360384,0.022846479,0.0025309932,0.017518042,0.005862039,0.032756336,0.0016519341,0.010570464,0.0038771746,0.020319924,0.001665541,0.008908137,0.0034557888,0.00724557,0.0016316934,0.012353262,0.003668533,0.0023765992,0.0017489059,0.012898811,0.003423057,0.0012082177,0.0015331601,0.013392326,0.003241138,0.00088884606,0.0012205278,0.013629749,0.0030843504
4366,/home/jupyter/dent_outputs/isic2019_v2/melanoma/hairs/seed4366/lambda_t_star5/style.png,0.72142094,0.0055299415,0.01629394,0.0020572639,0.998809,0.0013909797,0.0004908843,0.0007143986,0.9994899,0.0022337565,0.0051415134,0.0034507692,0.9966995,0.00888505,0.083875716,0.0059664845,0.997047,0.00765358,0.09283686,0.0045434693,0.99576855,0.008514973,0.103829175,0.0063951863,0.9892069,0.008191706,0.12574905,0.008930996,0.9470777,0.00915122,0.093864545,0.0109586455,0.8230161,0.0075685834,0.09043962,0.012870022,0.80339116,0.006598428,0.07734077,0.0130975945
4545,/home/jupyter/dent_outputs/isic2019_v2/melanoma/hairs/seed4545/lambda_t_star5/style.png,0.0006408704,0.0002537605,0.0068257744,0.00065041473,0.99959797,0.0041365465,0.021506928,0.0016581898,0.9995409,0.0042872187,0.026170611,0.001673541,0.99940205,0.0034343677,0.025646573,0.0016235876,0.99919814,0.0029000922,0.032829914,0.001591732,0.99906045,0.0026175913,0.026322462,0.0015560655,0.9968336,0.0017668733,0.026241807,0.002202434,0.9814385,0.0022995137,0.007395334,0.0028066733,0.896467,0.0027480626,0.0072006774,0.0038075063,0.40393925,0.0043137027,0.0049522063,0.003926964
4762,/home/jupyter/dent_outputs/isic2019_v2/melanoma/hairs/seed4762/lambda_t_star5/style.png,0.020466456,0.004392956,0.005055271,0.001231885,0.76501524,0.0037650168,0.021429446,0.0020054642,0.7655839,0.0037564093,0.021190152,0.0020843649,0.77776074,0.0036416985,0.019049188,0.0020475618,0.7854211,0.003179298,0.0143762,0.0017278296,0.8195203,0.002835362,0.009615726,0.0015866018,0.92705977,0.002886214,0.006655611,0.0014908349,0.9359487,0.0016710772,0.002740685,0.001107127,0.8274283,0.0018695509,0.002317532,0.0013704083,0.42566684,0.0018929701,0.0019485506,0.0018785059
4498,/home/jupyter/dent_outputs/isic2019_v2/melanoma/hairs/seed4498/lambda_t_star5/style.png,0.0003607948,0.009528451,0.08734059,0.0032885626,0.9987226,0.0020730272,0.004762664,0.001345078,0.9969188,0.0021231156,0.004586369,0.0016255311,0.9953425,0.0022199135,0.0047851535,0.0017082887,0.99298555,0.0027946252,0.0042954767,0.0021006335,0.9279944,0.002941323,0.006545854,0.003455531,0.6856089,0.0038457229,0.00882389,0.005263787,0.20640045,0.0032037897,0.011182074,0.005993588,0.008648883,0.0036881857,0.013382489,0.006069051,0.0070226467,0.004404692,0.015196433,0.0067950147
4578,/home/jupyter/dent_outputs/isic2019_v2/melanoma/hairs/seed4578/lambda_t_star5/style.png,0.0024396044,0.04739892,0.008232246,0.0038146765,0.010896129,0.040692803,0.008237332,0.00496546,0.011036093,0.042937614,0.007021327,0.0041192514,0.009619636,0.04417056,0.0065386454,0.004089377,0.009886011,0.03773165,0.0062031085,0.0038500528,0.008021891,0.041310553,0.0056647165,0.0037078077,0.0060735485,0.035506688,0.0050418605,0.0034153196,0.0043723616,0.028146636,0.004553558,0.0029862882,0.0033955197,0.024108768,0.004466026,0.002839134,0.0027800496,0.021040095,0.004947232,0.0027282268
4281,/home/jupyter/dent_outputs/isic2019_v2/melanoma/hairs/seed4281/lambda_t_star5/style.png,0.00054262544,0.010918794,0.015969107,0.003582792,0.9278013,0.027148273,0.0052899076,0.0070171454,0.95127475,0.040355705,0.0061017824,0.007990035,0.9396079,0.03514864,0.006218116,0.0077994685,0.92918277,0.045466736,0.007352965,0.007185506,0.8790352,0.043712266,0.0066275843,0.00726741,0.5461252,0.046584133,0.0069273976,0.007844272,0.12111454,0.03166617,0.007532458,0.00921572,0.03250924,0.025739208,0.008906398,0.009773483,0.021047091,0.01755997,0.009964162,0.009878419
4066,/home/jupyter/dent_outputs/isic2019_v2/melanoma/hairs/seed4066/lambda_t_star5/style.png,0.001775258,0.01005151,0.27504134,0.005449329,0.99043816,0.030397281,0.0058013904,0.0053521967,0.98844564,0.023448102,0.0055029658,0.004124015,0.98821044,0.028320003,0.00754893,0.00488108,0.9938869,0.026993178,0.007150398,0.004450272,0.9960336,0.011823322,0.006802046,0.0036733972,0.88088244,0.0016227894,0.023417808,0.009620273,0.0090587605,0.0013863279,0.03653641,0.018215973,0.0041509736,0.0015421237,0.03908605,0.016882537,0.0037774495,0.0017308332,0.039950807,0.0164927
4846,/home/jupyter/dent_outputs/isic2019_v2/melanoma/hairs/seed4846/lambda_t_star5/style.png,0.013280297,0.008228864,0.00080001913,0.00082253054,0.9956275,0.053933572,0.0032467349,0.0033793303,0.99563205,0.05942962,0.0036368456,0.0037367994,0.9951197,0.06302336,0.0031917654,0.0033557683,0.9935581,0.06179728,0.002833559,0.003029826,0.9888888,0.04676771,0.0030287434,0.003359347,0.9600511,0.0378177,0.0033829855,0.0032681078,0.72563607,0.038099226,0.0051591676,0.0051048044,0.006285808,0.03538319,0.0070986394,0.005784967,0.007563621,0.028025953,0.0071188775,0.0054576853
4336,/home/jupyter/dent_outputs/isic2019_v2/melanoma/hairs/seed4336/lambda_t_star5/style.png,0.010954539,0.012819518,0.06784705,0.0021359436,0.9968624,0.0026680594,0.36447772,0.0025155642,0.9965773,0.001570339,0.41482744,0.0024304537,0.9968401,0.0020139501,0.27074203,0.0023798947,0.9984824,0.0017406291,0.14472735,0.0019807648,0.99575824,0.0012609054,0.09730614,0.0020394519,0.975023,0.0013186642,0.1027803,0.0030738763,0.79912657,0.0009527285,0.0673473,0.0034665535,0.2419432,0.0006251616,0.038867917,0.002515161,0.0700565,0.00048816417,0.03404968,0.001973451
4227,/home/jupyter/dent_outputs/isic2019_v2/melanoma/hairs/seed4227/lambda_t_star5/style.png,0.18818308,0.005398833,0.0027984802,0.0010674299,0.10905214,0.005260578,0.007762658,0.0018105366,0.09747806,0.0066948673,0.0059289103,0.0018181223,0.07877859,0.009456641,0.007011504,0.0021036903,0.06486374,0.0077867927,0.0069275126,0.002030387,0.051641367,0.0060926257,0.0061493395,0.0020674584,0.038756575,0.005475337,0.0072619705,0.0021763956,0.026845278,0.0036448403,0.0074017034,0.0021129982,0.004217556,0.0044656508,0.009492611,0.002616272,0.004132357,0.004381403,0.010779131,0.0026454066
4924,/home/jupyter/dent_outputs/isic2019_v2/melanoma/hairs/seed4924/lambda_t_star5/style.png,0.033532552,0.7774915,0.0048943525,0.005371633,0.88274163,0.0048469915,0.00066585996,0.003249588,0.92037714,0.0056697926,0.0006420124,0.0028983345,0.9213684,0.005547302,0.0006267246,0.0028626267,0.90922046,0.0060089077,0.0006237428,0.0029247846,0.90645474,0.006334718,0.00057482533,0.0027929142,0.8872544,0.006596027,0.0005343067,0.0026283967,0.8887876,0.0067337444,0.0005209012,0.0024137867,0.8953146,0.0071769976,0.0005637447,0.0024572848,0.8980224,0.007139023,0.00056719274,0.0024556103
4817,/home/jupyter/dent_outputs/isic2019_v2/melanoma/hairs/seed4817/lambda_t_star5/style.png,0.0018104472,0.087872766,0.003675946,0.0046237055,0.6338548,0.0019865695,0.0034757971,0.0032908218,0.47190258,0.001938335,0.003673589,0.0033959034,0.46728164,0.0015961356,0.0034257288,0.0033809864,0.2900447,0.0020328397,0.004108538,0.004349996,0.08992292,0.0030046802,0.005096231,0.00459798,0.020163065,0.0034287958,0.0064651407,0.004655174,0.00879949,0.0035505632,0.0056337607,0.003965998,0.0045101116,0.002846953,0.0052320044,0.0031059964,0.00310876,0.0024088933,0.0048465845,0.0028899189
4127,/home/jupyter/dent_outputs/isic2019_v2/melanoma/hairs/seed4127/lambda_t_star5/style.png,0.013965859,0.035938226,0.006758868,0.0037514216,0.047704604,0.0019127723,0.9625308,0.0030496712,0.039896406,0.0017060774,0.9563281,0.0023961654,0.014834137,0.0028873342,0.9527493,0.003455326,0.011114417,0.002023787,0.9363261,0.0026136816,0.005728063,0.0014371572,0.91236585,0.001993531,0.0030596985,0.0016415946,0.93290865,0.0028507416,0.0018677553,0.0017843251,0.93611324,0.0036035106,0.0014922466,0.0020803518,0.93685544,0.0043055653,0.0013904579,0.0018716323,0.94469273,0.004743421
4850,/home/jupyter/dent_outputs/isic2019_v2/melanoma/hairs/seed4850/lambda_t_star5/style.png,0.0010899595,0.002601841,0.00018256303,0.00019211335,0.9965731,0.0014685645,0.0054621203,0.00069395546,0.9946032,0.0015638989,0.003866521,0.000993441,0.98043895,0.0033263082,0.017496405,0.0015741386,0.986453,0.003861969,0.013712978,0.0016199419,0.9926513,0.00270938,0.009312053,0.0014453944,0.9916026,0.0015109365,0.005123221,0.00093814195,0.96937615,0.000986346,0.0028841097,0.00071567873,0.40264502,0.0015203528,0.006747443,0.0011188303,0.08115673,0.0014073853,0.00961424,0.0010605752
4340,/home/jupyter/dent_outputs/isic2019_v2/melanoma/hairs/seed4340/lambda_t_star5/style.png,0.0016547327,0.0012884273,0.0021006814,0.0006045238,0.29568315,0.0009153478,0.0051662084,0.0010757647,0.2829151,0.00080770673,0.0048309867,0.0009829445,0.2951533,0.0007593178,0.003951618,0.0008843206,0.28341052,0.0006576421,0.004104392,0.0009049178,0.31991994,0.0005302267,0.002406399,0.0007220278,0.39300895,0.00048459845,0.0018053941,0.0009237191,0.09221079,0.00046278225,0.0015262186,0.0010503143,0.004358931,0.00046641062,0.0013735744,0.0011536448,0.0007391185,0.0004046072,0.0016851848,0.0011969593
4754,/home/jupyter/dent_outputs/isic2019_v2/melanoma/hairs/seed4754/lambda_t_star5/style.png,0.16489391,0.03090645,0.0026327944,0.0028886439,0.0025218595,0.014014678,0.8117726,0.014329762,0.001981883,0.010984285,0.6702036,0.011179232,0.0029451586,0.011746437,0.64613026,0.010593348,0.0017753198,0.010040688,0.7440176,0.007907034,0.0016232623,0.010000608,0.73601425,0.007517413,0.0011458931,0.008645644,0.587373,0.015281564,0.0014183464,0.0100213075,0.657653,0.017923934,0.0014644767,0.009772869,0.745424,0.026588246,0.0018040979,0.012318556,0.6961096,0.03488213
4359,/home/jupyter/dent_outputs/isic2019_v2/melanoma/hairs/seed4359/lambda_t_star5/style.png,0.10186188,0.048370816,0.0034853367,0.002396422,0.91020447,0.010478841,0.026251236,0.0040674424,0.91205484,0.008086279,0.022531878,0.0033286912,0.9827116,0.00771313,0.02419229,0.002156754,0.8662574,0.0071270005,0.036571197,0.0029119,0.70582694,0.007172266,0.032695383,0.0030696313,0.047106195,0.009075796,0.018856393,0.0049583334,0.014034481,0.0065109376,0.01631005,0.0030968206,0.006942089,0.0060254233,0.020218652,0.0031479911,0.005389166,0.0042730435,0.0133226095,0.002550039
4774,/home/jupyter/dent_outputs/isic2019_v2/melanoma/hairs/seed4774/lambda_t_star5/style.png,0.000999815,0.10981301,0.0099836225,0.00503345,0.9864254,0.004677869,0.004697137,0.003429765,0.98712975,0.0054022064,0.0047519375,0.0035520666,0.98450893,0.0065716943,0.0050989063,0.0038084448,0.982052,0.005626774,0.0047574663,0.003575422,0.9724878,0.0060216035,0.0053733555,0.003700955,0.68246496,0.0063589863,0.005516147,0.00370695,0.26342916,0.0048738285,0.0057104267,0.0038305018,0.025148232,0.0076203374,0.009811249,0.008033424,0.008908503,0.008189901,0.013204201,0.009705016
4376,/home/jupyter/dent_outputs/isic2019_v2/melanoma/hairs/seed4376/lambda_t_star5/style.png,0.0041621174,0.16194004,0.004516824,0.00482582,0.95598155,0.0009950304,0.0007916647,0.00078105606,0.990767,0.0015601389,0.0014790263,0.0009462797,0.97877526,0.0020151455,0.0018403567,0.0013513814,0.8813911,0.0021261757,0.007841808,0.0012322383,0.77323526,0.001828895,0.008577839,0.001085784,0.80780643,0.0017680875,0.007719042,0.00096717715,0.80400133,0.0015546763,0.006530238,0.000860815,0.8221432,0.0013024706,0.0073274975,0.00079881825,0.8486003,0.001064701,0.006824966,0.000736063
4741,/home/jupyter/dent_outputs/isic2019_v2/melanoma/hairs/seed4741/lambda_t_star5/style.png,0.123138815,0.0054460503,0.0054014353,0.0018625265,0.059988037,0.0010007352,0.005305452,0.0016011344,0.1166661,0.0011137261,0.0038392255,0.0015056654,0.15326634,0.0007789573,0.0040833103,0.0013567338,0.09382781,0.00056580687,0.0025059602,0.0014365598,0.031212773,0.000583835,0.0044664964,0.0021635126,0.028426642,0.0005550759,0.0034491164,0.0015702576,0.02832857,0.00035081062,0.003134857,0.0016569013,0.061574496,0.00022904652,0.002325571,0.0013006532,0.06274106,0.00017125363,0.0022672953,0.0011826887
4999,/home/jupyter/dent_outputs/isic2019_v2/melanoma/hairs/seed4999/lambda_t_star5/style.png,0.09317389,0.0021421472,0.0003173169,0.00044353015,0.19991219,0.4084717,0.015522902,0.009326149,0.16688783,0.37232062,0.010210957,0.008110664,0.10986481,0.28867352,0.006224006,0.006099016,0.05255195,0.13138235,0.0054628924,0.004403352,0.011756712,0.04699536,0.0044740727,0.0029679746,0.0009060843,0.021440526,0.0017221686,0.0010065981,0.00079416943,0.0067078616,0.0019452967,0.0009136151,0.0007534835,0.0048848283,0.002008536,0.00080307125,0.00067164126,0.005771435,0.0018938754,0.00070522237
4940,/home/jupyter/dent_outputs/isic2019_v2/melanoma/hairs/seed4940/lambda_t_star5/style.png,0.0055271545,0.021498911,0.025628656,0.006917396,0.3766677,0.0060136,0.0016018664,0.0038549078,0.46598107,0.00943268,0.0011503274,0.0030879946,0.48371965,0.007695523,0.0010457544,0.0027656145,0.34625608,0.009119491,0.0010703177,0.0025914279,0.040480454,0.004858102,0.00088712416,0.0019729985,0.0131521,0.005905879,0.0012549453,0.0022212297,0.0071305404,0.004130367,0.0014538772,0.0024428603,0.003289843,0.0038756798,0.0018347689,0.0026269073,0.0031159266,0.0036541042,0.0019561797,0.002779874
4839,/home/jupyter/dent_outputs/isic2019_v2/melanoma/hairs/seed4839/lambda_t_star5/style.png,0.00047184608,0.1923559,0.033228733,0.0036258814,0.012603805,0.02000503,0.08082968,0.006692103,0.007902658,0.018215748,0.08963362,0.0062201256,0.006224483,0.022008378,0.08093924,0.006246582,0.0046482747,0.03454209,0.12456474,0.0051324163,0.0041504847,0.041761193,0.15088515,0.004621176,0.003707512,0.051759906,0.13516104,0.004148654,0.004213703,0.04959936,0.16669641,0.0032438952,0.0027437299,0.0485122,0.19986282,0.0032034854,0.0010608652,0.046217557,0.21828438,0.00270297
4334,/home/jupyter/dent_outputs/isic2019_v2/melanoma/hairs/seed4334/lambda_t_star5/style.png,0.05824018,0.022232503,0.01754826,0.005941091,0.98453194,0.006971698,0.9585943,0.016465342,0.97304857,0.0056949584,0.915985,0.017218594,0.9954118,0.0021871356,0.24728625,0.0038852089,0.9936878,0.0013912288,0.14185855,0.0026344678,0.99536514,0.0017259801,0.09951736,0.0033151316,0.96601903,0.0014071782,0.021347694,0.002848728,0.5285158,0.0017956123,0.016886327,0.0034795662,0.21994455,0.0010349,0.014919931,0.0015161675,0.055391654,0.0008794285,0.00901299,0.0014823498
4107,/home/jupyter/dent_outputs/isic2019_v2/melanoma/hairs/seed4107/lambda_t_star5/style.png,0.00091987435,0.0022669586,0.27983952,0.0035894678,0.33626553,0.014615732,0.18826067,0.011241894,0.22231628,0.010193557,0.17663682,0.0069879545,0.13359183,0.013836341,0.23811209,0.00898457,0.13085665,0.013741403,0.18790501,0.0073970216,0.072880246,0.011847794,0.214425,0.008299785,0.035652902,0.010839697,0.20298833,0.008489913,0.002990488,0.006050547,0.19531797,0.007279116,0.0012412848,0.0046781045,0.17931457,0.0058802995,0.0008946275,0.0044118157,0.1362273,0.0052004475
4049,/home/jupyter/dent_outputs/isic2019_v2/melanoma/hairs/seed4049/lambda_t_star5/style.png,0.08544195,0.014618568,0.0016691014,0.0016384366,0.9981951,0.002198461,0.015866732,0.005010569,0.99729735,0.0026779135,0.020705774,0.006258732,0.997703,0.0019356407,0.012637544,0.0048714518,0.9973482,0.0015992335,0.010657925,0.004264294,0.9974686,0.0013391784,0.0066217887,0.0033003492,0.9937028,0.0010518879,0.0034927144,0.002780075,0.8872483,0.001369332,0.0028228515,0.0035799455,0.46056926,0.0012655227,0.003307582,0.004311053,0.19318025,0.0011659169,0.003112464,0.0041484
4553,/home/jupyter/dent_outputs/isic2019_v2/melanoma/hairs/seed4553/lambda_t_star5/style.png,0.14798118,0.0047280258,0.004245403,0.0020457415,0.7187854,0.00013549546,0.0011506923,0.0007445577,0.74552524,0.00015582553,0.001717315,0.00079184165,0.6239832,0.0001919169,0.0019183161,0.00085940195,0.6201203,0.00022730761,0.0019667353,0.000828334,0.4926109,0.0002128583,0.0020053124,0.0008848331,0.20087847,0.0001918869,0.0022074275,0.0009814127,0.026243376,0.00020081835,0.0031251917,0.0012647773,0.0004415984,0.0002541874,0.0053312164,0.0015916228,0.0004057358,0.00023034393,0.0055706804,0.0015253164
4280,/home/jupyter/dent_outputs/isic2019_v2/melanoma/hairs/seed4280/lambda_t_star5/style.png,0.00025658312,0.0043434747,0.06802728,0.0014437662,0.99799514,0.0020484796,0.0027052627,0.0014765544,0.9975188,0.0019280282,0.0027272848,0.0015320668,0.9973788,0.0016467206,0.002339586,0.0012082505,0.9972881,0.0015111847,0.001964842,0.001072439,0.9938379,0.0018799497,0.0017439531,0.0013295257,0.97077775,0.0023851162,0.0026560375,0.0021299731,0.75260097,0.0040666596,0.0045292485,0.0039691976,0.29967842,0.0042315354,0.0041825995,0.0035184398,0.028689127,0.0072526224,0.006069304,0.0057242485
4617,/home/jupyter/dent_outputs/isic2019_v2/melanoma/hairs/seed4617/lambda_t_star5/style.png,0.001809166,0.074320905,0.004195588,0.004195218,0.9999175,0.0015331542,0.004781465,0.0011497226,0.9996946,0.0014153436,0.0055221715,0.0014164607,0.9993186,0.0013625019,0.00483744,0.001496483,0.9993998,0.0010449751,0.0037831566,0.0011340323,0.99564606,0.0012004948,0.0056150793,0.0017118125,0.95371205,0.001367704,0.006106406,0.0023793085,0.008458926,0.001786017,0.010368759,0.0043500764,0.0015480622,0.0012818017,0.007841133,0.0031824654,0.0013644573,0.0012653671,0.007987515,0.0033126133
4391,/home/jupyter/dent_outputs/isic2019_v2/melanoma/hairs/seed4391/lambda_t_star5/style.png,0.0024141658,0.0048785578,0.01658207,0.0018001375,0.1321709,0.00021019271,0.002525271,0.00121317,0.09890717,0.00018918814,0.002148707,0.0011658358,0.073997855,0.00021846422,0.002646756,0.0013293655,0.0009278504,0.00011577364,0.00374541,0.0012049158,0.001043989,0.00012201008,0.0037787543,0.0012626005,0.0011103151,0.00012725,0.004199647,0.0013262276,0.00086672476,0.000113154834,0.00454467,0.0012422913,0.0007639129,0.00010477252,0.0046162084,0.0011625622,0.00074594794,0.00010412016,0.0053467997,0.0011803827
4335,/home/jupyter/dent_outputs/isic2019_v2/melanoma/hairs/seed4335/lambda_t_star5/style.png,0.16674596,0.08951877,0.002357751,0.0011494287,0.99551105,0.0076439166,0.25896588,0.008691197,0.994327,0.0042497213,0.1446024,0.008544868,0.9934448,0.004196758,0.1654059,0.0049146665,0.9890805,0.0046192417,0.19124758,0.0050649936,0.98064125,0.00382577,0.19239265,0.005936084,0.9530237,0.004887866,0.20184119,0.0053865802,0.75146604,0.0042366977,0.15605901,0.0062434785,0.0731965,0.0060614706,0.14440127,0.007784086,0.008828571,0.0070308377,0.16092016,0.00845074
4480,/home/jupyter/dent_outputs/isic2019_v2/melanoma/hairs/seed4480/lambda_t_star5/style.png,0.261013,0.0030872345,0.00084258773,0.00076091307,0.9987984,0.01019447,0.006845515,0.0037420306,0.99673444,0.010405752,0.008586813,0.0050274953,0.9967398,0.009597329,0.010131,0.0053812102,0.9957837,0.009811322,0.009430372,0.0059356987,0.97327673,0.012224888,0.009280373,0.00872747,0.55790514,0.008748204,0.0065860143,0.007016694,0.029624276,0.0073193233,0.006000765,0.006322745,0.021678276,0.0071795057,0.0058983616,0.0059593683,0.016336748,0.0075425394,0.006070863,0.0068063936
4847,/home/jupyter/dent_outputs/isic2019_v2/melanoma/hairs/seed4847/lambda_t_star5/style.png,0.009416587,0.0018171223,0.0021816138,0.0008297785,0.0003131387,0.0013656573,0.0032247151,0.0014054859,0.0002922595,0.001389802,0.0034145406,0.001365446,0.00035870634,0.0014999141,0.0043863975,0.0015484625,0.00040969928,0.0014317504,0.005136199,0.0017137963,0.00037213872,0.0014500921,0.0056869155,0.001656521,0.00039326356,0.0013358429,0.006770492,0.0017490875,0.00036962007,0.0012798688,0.0077177375,0.0016681086,0.00030083282,0.0011222353,0.007598516,0.0014591911,0.00029938764,0.0010281209,0.008123609,0.0013330518
4032,/home/jupyter/dent_outputs/isic2019_v2/melanoma/hairs/seed4032/lambda_t_star5/style.png,0.001135847,0.029987678,0.059595093,0.0043545566,0.9948738,0.017292064,0.012304442,0.0054344586,0.9861434,0.017372254,0.013709991,0.0067969845,0.9755043,0.012201493,0.01207631,0.006173885,0.9515877,0.010509873,0.012120107,0.0064535397,0.34233454,0.012300821,0.013057486,0.009912805,0.027789032,0.013921278,0.013271428,0.01064942,0.013328558,0.011942291,0.012965181,0.009772694,0.0071305786,0.009246636,0.010990399,0.007804892,0.004868505,0.007733328,0.011203252,0.0071037123
4970,/home/jupyter/dent_outputs/isic2019_v2/melanoma/hairs/seed4970/lambda_t_star5/style.png,0.014585512,0.0133667765,0.0017212811,0.0023807336,0.0050540147,0.0037478805,0.6248676,0.010998705,0.0046637943,0.0041128597,0.6916697,0.014652414,0.004693609,0.0041478584,0.6506367,0.012763826,0.0044362284,0.0039945217,0.672124,0.008687891,0.0031989934,0.0025023178,0.6842725,0.0065564024,0.0022465354,0.0017279809,0.57499516,0.0050187227,0.0011263931,0.0015743064,0.28164437,0.0035883354,0.00069142785,0.0013237892,0.1629118,0.0024876134,0.0006220956,0.0012672788,0.18247955,0.0023124502
4955,/home/jupyter/dent_outputs/isic2019_v2/melanoma/hairs/seed4955/lambda_t_star5/style.png,0.0193164,0.058006458,0.0036304542,0.003854087,0.9246773,0.00030046506,0.0017821039,0.00053360715,0.015952367,0.0052947043,0.7495727,0.009594353,0.036687285,0.0038658527,0.73088026,0.00805059,0.043912824,0.0037673959,0.6973342,0.0066057043,0.017307896,0.0034085908,0.62148404,0.006072285,0.008287526,0.004941222,0.6554471,0.009448724,0.0051436187,0.004955144,0.5906874,0.011680893,0.0031148812,0.004594531,0.50944537,0.012056244,0.0023393333,0.0045132404,0.45881227,0.012620599
4742,/home/jupyter/dent_outputs/isic2019_v2/melanoma/hairs/seed4742/lambda_t_star5/style.png,0.012471458,0.14391357,0.023931492,0.0031603572,0.72855014,0.047590498,0.023123834,0.0027835695,0.8287243,0.031273186,0.017650895,0.0023581032,0.6021305,0.0071050813,0.021217436,0.0032956772,0.18683709,0.0098907435,0.027048307,0.006162535,0.037420247,0.010632272,0.022385774,0.0067217946,0.0042336415,0.010762756,0.01704003,0.0055307387,0.0025872975,0.009548768,0.012554706,0.0049470514,0.0021824671,0.008289874,0.0128870495,0.0047248295,0.0019455318,0.0077894675,0.013003539,0.004695167
4931,/home/jupyter/dent_outputs/isic2019_v2/melanoma/hairs/seed4931/lambda_t_star5/style.png,0.0017645636,0.0037144984,0.14590907,0.0042806715,0.999516,0.009686752,0.054241523,0.008269095,0.99967766,0.0060480842,0.039071735,0.005813962,0.99961215,0.005819364,0.035728328,0.006527946,0.99958974,0.0043508424,0.03278107,0.005608193,0.9994324,0.0045908946,0.032351863,0.0062889485,0.9930322,0.013591449,0.046798542,0.017728202,0.8679817,0.006475562,0.028203148,0.01830216,0.013950495,0.004575104,0.021852635,0.013666107,0.0049946196,0.004331323,0.023697877,0.012267675
4693,/home/jupyter/dent_outputs/isic2019_v2/melanoma/hairs/seed4693/lambda_t_star5/style.png,0.0046277605,0.011759769,0.0043490953,0.0032007545,0.9772758,0.009121886,0.0056772516,0.0038083978,0.9007023,0.0020744314,0.008494933,0.003294271,0.8809088,0.0022111202,0.004835044,0.0031315563,0.83712894,0.002070424,0.0036453998,0.0028349159,0.8041291,0.002466658,0.0038957682,0.0029001543,0.052147593,0.0029039115,0.009358397,0.005892814,0.015049074,0.002459105,0.008163323,0.0049273293,0.0071076322,0.0020098628,0.008780021,0.0042011184,0.006560255,0.0018317595,0.008240036,0.0042882995
4497,/home/jupyter/dent_outputs/isic2019_v2/melanoma/hairs/seed4497/lambda_t_star5/style.png,0.0014466316,0.0057187933,0.05410266,0.0020130896,0.30619425,0.0007911674,0.0018217345,0.00288698,0.36453444,0.00080300664,0.0017550437,0.002940726,0.3211441,0.0008025863,0.0018467586,0.0030017276,0.23532633,0.0009538729,0.0021419951,0.0036114308,0.078075506,0.0005285149,0.0015566347,0.0021800045,0.023076205,0.00075704546,0.002345424,0.003397363,0.009244046,0.0008471111,0.003130775,0.003589386,0.0022738543,0.0012059818,0.004548572,0.0042949566,0.0016320677,0.0014308773,0.0053020683,0.0047405516
4025,/home/jupyter/dent_outputs/isic2019_v2/melanoma/hairs/seed4025/lambda_t_star5/style.png,0.0019919274,0.41591576,0.025510326,0.008253964,0.08983011,0.0029323923,0.68281245,0.004023076,0.0048559583,0.0029330617,0.6633361,0.003713357,0.0025848167,0.0026679973,0.45597565,0.0039692638,0.0031272692,0.0029106985,0.35237125,0.005237291,0.0016649868,0.0022887972,0.27011502,0.0045824586,0.0017568517,0.0025494047,0.31955048,0.004691082,0.0005802878,0.0023219846,0.26095188,0.0039821453,0.00022550812,0.0014020249,0.3084806,0.0022206984,0.00021118246,0.0014886616,0.3577812,0.002441335
4821,/home/jupyter/dent_outputs/isic2019_v2/melanoma/hairs/seed4821/lambda_t_star5/style.png,0.0041314834,0.0053571616,0.008811855,0.004294967,0.0017997562,0.00023823079,0.0006032435,0.0016156674,0.0016614136,0.00030406954,0.000798413,0.0019797084,0.0011971201,0.0002704322,0.00074440095,0.0017905682,0.0011226737,0.00029893697,0.0009004072,0.0020501805,0.0007539719,0.0002032145,0.00078952394,0.001629755,0.001347984,0.00020103312,0.0007415797,0.0014957857,0.0006800217,0.00026458976,0.0009808537,0.0018835382,0.00039114716,0.0002482315,0.0008927053,0.0017100386,0.0003428578,0.00024534398,0.00092804746,0.0017129455
4748,/home/jupyter/dent_outputs/isic2019_v2/melanoma/hairs/seed4748/lambda_t_star5/style.png,0.00068542955,0.0030970164,0.14604975,0.0019489077,0.059294257,0.0069444696,0.014640689,0.0025796022,0.025382057,0.0050901426,0.036991633,0.0022986836,0.024861911,0.003528411,0.034510534,0.0019905458,0.017375486,0.0025950896,0.033210915,0.0020151965,0.011119434,0.0024538962,0.027369417,0.0019529983,0.007902362,0.002390697,0.03794478,0.001609027,0.0026723135,0.0010212755,0.03556818,0.0011711463,0.0010793966,0.0011771758,0.05670886,0.0014155005,0.00065914175,0.00084529613,0.075960316,0.0011405124
4990,/home/jupyter/dent_outputs/isic2019_v2/melanoma/hairs/seed4990/lambda_t_star5/style.png,0.00022295417,0.014728412,0.03332754,0.0030773657,0.93596596,0.015443262,0.007493891,0.004075726,0.9710109,0.00896407,0.004364008,0.0022634894,0.9345897,0.009194837,0.008120433,0.0031782463,0.8910463,0.010304205,0.008437098,0.0033034943,0.8037517,0.01015546,0.010692058,0.003351457,0.33345053,0.011223877,0.01328744,0.0037747212,0.03201318,0.014560962,0.013589999,0.0055534923,0.013590125,0.017101211,0.013486294,0.0055630277,0.008985883,0.015115785,0.010425139,0.004633266
4148,/home/jupyter/dent_outputs/isic2019_v2/melanoma/hairs/seed4148/lambda_t_star5/style.png,0.00080611056,0.023448065,0.19486317,0.0051591992,0.79863584,0.03376838,0.049648102,0.009807182,0.98921317,0.012415756,0.037341792,0.006479282,0.9927008,0.020527808,0.09273683,0.01364904,0.98739505,0.01631096,0.08782103,0.014075202,0.9848347,0.021936676,0.083167,0.016230183,0.81136745,0.021396987,0.07564622,0.01858495,0.17341033,0.021709321,0.092554584,0.01736358,0.072356716,0.030450001,0.10146861,0.016138513,0.037495553,0.028545897,0.09645928,0.016532356
4743,/home/jupyter/dent_outputs/isic2019_v2/melanoma/hairs/seed4743/lambda_t_star5/style.png,0.0071012373,0.0008585733,0.0024194436,0.0003958451,0.9997694,0.0018747876,0.0016946765,0.0007034269,0.999665,0.0024486727,0.0014027742,0.0006463982,0.99935573,0.0038800233,0.0015872522,0.00068848365,0.9993765,0.0043006106,0.0015719547,0.00074198615,0.9990368,0.006085019,0.0016442178,0.00090702664,0.9954615,0.009118099,0.002092219,0.0016345847,0.03588293,0.014999213,0.0025362691,0.004328928,0.029574044,0.015165066,0.0029052636,0.0053044376,0.028835254,0.014978249,0.0025566053,0.0050042095
4669,/home/jupyter/dent_outputs/isic2019_v2/melanoma/hairs/seed4669/lambda_t_star5/style.png,0.00086614233,0.02883875,0.005804103,0.0047904016,0.0037109214,0.010010026,0.85290915,0.0069795283,0.0021263915,0.0057159364,0.8377724,0.0046243994,0.002029283,0.0036772962,0.82480913,0.003918062,0.0021199519,0.0032833638,0.8492424,0.0034485084,0.0010209715,0.002312161,0.8555801,0.0025992931,0.0008834431,0.002308602,0.86834323,0.0024587824,0.0006540699,0.0015346031,0.849128,0.0019384245,0.00050371786,0.001489214,0.87067455,0.0019464839,0.00045922975,0.0014284872,0.8796886,0.0020440805
4935,/home/jupyter/dent_outputs/isic2019_v2/melanoma/hairs/seed4935/lambda_t_star5/style.png,0.008225016,0.00036274717,0.0067265565,0.00073562685,0.9083337,0.0020400127,0.03630276,0.00198157,0.86067134,0.0009569237,0.008520402,0.0010708148,0.7827316,0.0016463897,0.012630228,0.001347248,0.79905355,0.0006639564,0.040848695,0.0013140598,0.21950324,0.00049276353,0.03195787,0.001647114,0.02710252,0.00044891212,0.040623914,0.0016925837,0.009385148,0.0016860281,0.024816837,0.0017919469,0.00076685054,0.0007683175,0.0094385315,0.0010050108,0.0006874674,0.00062212406,0.007899186,0.0010677248
4501,/home/jupyter/dent_outputs/isic2019_v2/melanoma/hairs/seed4501/lambda_t_star5/style.png,0.96039176,0.010748915,0.002829544,0.0013897741,0.9996469,0.0016963151,0.09639644,0.0024245786,0.9995328,0.0012738379,0.026514666,0.0016437303,0.9993399,0.001083518,0.024735635,0.0015068839,0.9987733,0.0009088057,0.015699273,0.0014411171,0.99512166,0.0009595422,0.01051092,0.0016979041,0.93529725,0.0010982984,0.0083583,0.0016508199,0.5986303,0.0005477139,0.0025827584,0.0010436713,0.0435209,0.00063348695,0.0039451313,0.001499273,0.011049221,0.00062843616,0.0046483255,0.0017028789
4404,/home/jupyter/dent_outputs/isic2019_v2/melanoma/hairs/seed4404/lambda_t_star5/style.png,0.00023190412,0.0029101656,0.026610067,0.0010252339,0.9052867,0.0030355214,0.061622176,0.0059640137,0.874608,0.0030458202,0.046965644,0.0057838755,0.87187153,0.0036258225,0.043736827,0.008342548,0.9145228,0.0025556546,0.039221153,0.006250085,0.9239153,0.002427988,0.029891165,0.005203971,0.9385857,0.0027827001,0.026901718,0.0056864647,0.8508408,0.008953495,0.04517747,0.016452737,0.2293519,0.01177154,0.039924446,0.01750407,0.0039541954,0.0052232165,0.03042984,0.0073200264
4744,/home/jupyter/dent_outputs/isic2019_v2/melanoma/hairs/seed4744/lambda_t_star5/style.png,0.00050438737,0.039150864,0.0047668675,0.0012727579,0.99776495,0.059901293,0.028536867,0.010811205,0.9962244,0.07964259,0.033549137,0.0111644035,0.9953087,0.0619078,0.023705678,0.0088405125,0.99100894,0.043156084,0.020541277,0.00847002,0.9498697,0.03132713,0.03058467,0.01273862,0.5758374,0.016901376,0.025996817,0.009631488,0.06904202,0.013661995,0.022341782,0.007850739,0.009207261,0.010955246,0.019426912,0.00721757,0.0044776183,0.0071281884,0.01809592,0.0063417726
4161,/home/jupyter/dent_outputs/isic2019_v2/melanoma/hairs/seed4161/lambda_t_star5/style.png,0.035318084,0.0011046212,0.001887722,0.0003863145,0.9534897,0.0015526215,0.122169904,0.0025081758,0.84189177,0.0017361854,0.17075975,0.0031431555,0.3409071,0.0031914362,0.40463144,0.0060863025,0.38152823,0.0028690242,0.2757407,0.004646155,0.006171103,0.0025689346,0.13627928,0.0038708432,0.0047993055,0.0023095456,0.12850589,0.0031463231,0.0038395466,0.0018411794,0.11966418,0.0025202287,0.0030615884,0.0017101273,0.1317106,0.0025879473,0.0027309146,0.0015740568,0.117011644,0.002402301
4158,/home/jupyter/dent_outputs/isic2019_v2/melanoma/hairs/seed4158/lambda_t_star5/style.png,0.25893292,0.06510228,0.0055295527,0.008929392,0.0021811828,0.23712549,0.0020206738,0.004708495,0.0015466852,0.22979172,0.0013198465,0.0032465947,0.0013121133,0.16991907,0.0013180169,0.0031930779,0.0011506496,0.16650619,0.0015220556,0.0035370323,0.0008302832,0.19826867,0.0019547932,0.004194425,0.0010796686,0.31819266,0.00390697,0.007474427,0.0008957185,0.32084095,0.0034468707,0.006905568,0.00067652046,0.34343684,0.0032010374,0.0067381216,0.00068314385,0.34059256,0.003510269,0.007583623
4675,/home/jupyter/dent_outputs/isic2019_v2/melanoma/hairs/seed4675/lambda_t_star5/style.png,0.049364448,0.032346375,0.0036471202,0.0030304156,0.99565434,0.07077608,0.005508106,0.0025680317,0.9967475,0.5338925,0.0057096956,0.0024936053,0.9958022,0.71139544,0.0074551236,0.0032554206,0.9984478,0.5010133,0.0030596182,0.0013122575,0.9898608,0.48551288,0.0035287947,0.0012999207,0.27191886,0.8721163,0.0023471296,0.0032711786,0.009823049,0.9348713,0.00376347,0.0051448653,0.008866538,0.94710773,0.0041016857,0.0053831865,0.010094617,0.9581593,0.0046622204,0.0064250035
4289,/home/jupyter/dent_outputs/isic2019_v2/melanoma/hairs/seed4289/lambda_t_star5/style.png,0.14313957,0.002560011,0.00020040423,0.00015430643,0.9176442,0.015874015,0.0026820924,0.003079394,0.975391,0.008108686,0.002327211,0.0024756875,0.9889515,0.007813662,0.0043028756,0.0025724473,0.9892069,0.008715498,0.0044682375,0.002461762,0.98948705,0.0053154766,0.0026223948,0.0016878415,0.9834605,0.004577908,0.0027694756,0.0018117479,0.9456142,0.0030497494,0.0018435717,0.0017780429,0.7472608,0.0035533803,0.0018658637,0.0021315808,0.39619005,0.0036756631,0.002194072,0.0023954746
4419,/home/jupyter/dent_outputs/isic2019_v2/melanoma/hairs/seed4419/lambda_t_star5/style.png,0.01995688,0.011055278,0.0021697485,0.0012234476,0.005446867,0.0106503805,0.0059689707,0.004284685,0.010532117,0.011488648,0.011806343,0.0052109794,0.006223873,0.0081724115,0.011723313,0.0053970567,0.0054786196,0.008872872,0.010357305,0.0057670176,0.0038815069,0.0074486127,0.009870019,0.005713376,0.0035008157,0.0064636613,0.010291681,0.006078228,0.0027867467,0.006764097,0.01353686,0.0071820887,0.002200535,0.006187197,0.012525165,0.006340874,0.0016109432,0.0075291083,0.014208039,0.006557579
4052,/home/jupyter/dent_outputs/isic2019_v2/melanoma/hairs/seed4052/lambda_t_star5/style.png,0.00033042952,0.005375762,0.061632402,0.0030053915,0.9666859,0.00905478,0.062031325,0.0050083664,0.9025915,0.0064432384,0.06677014,0.004461335,0.89903414,0.006015037,0.056690548,0.0048896195,0.896286,0.004843237,0.037708145,0.004385402,0.9287438,0.0054807663,0.031867377,0.004768845,0.8460085,0.009578285,0.036482275,0.009031539,0.7787441,0.009858989,0.03874377,0.011361238,0.34082502,0.009026479,0.036069427,0.01414331,0.07374041,0.007691519,0.028112551,0.011737136
4324,/home/jupyter/dent_outputs/isic2019_v2/melanoma/hairs/seed4324/lambda_t_star5/style.png,0.0044515124,0.014396328,0.076290175,0.006776163,0.06451407,0.00597493,0.06937233,0.00594521,0.07252522,0.0050790953,0.07661388,0.005933836,0.07760972,0.004970561,0.07017868,0.005559365,0.06257025,0.004711426,0.056325447,0.005467693,0.060564306,0.0041045425,0.05590217,0.005009134,0.0423566,0.0031631587,0.051081035,0.0045846147,0.016210565,0.0032400324,0.03999091,0.0040165107,0.0045578247,0.0040316465,0.05287185,0.004066679,0.0026655672,0.0031090481,0.04889372,0.0031799264
4190,/home/jupyter/dent_outputs/isic2019_v2/melanoma/hairs/seed4190/lambda_t_star5/style.png,0.00027733468,0.02645381,0.18301137,0.003075842,0.99861026,0.004530055,0.016952515,0.0019058762,0.99900514,0.0035500103,0.0100847725,0.0013829442,0.9991929,0.0033973048,0.007502869,0.0014705202,0.9991084,0.0027108379,0.008175257,0.0014175937,0.99914086,0.002166162,0.01059131,0.0014150376,0.99506444,0.0034586014,0.013259038,0.002347402,0.9343282,0.003427395,0.007866265,0.0023353214,0.16283178,0.0022907287,0.004478654,0.0021708512,0.006047929,0.0020354434,0.0055444743,0.0019836305
4526,/home/jupyter/dent_outputs/isic2019_v2/melanoma/hairs/seed4526/lambda_t_star5/style.png,0.00031477146,0.0013866507,0.009268538,0.0007090238,0.7844868,0.0034960748,0.01412029,0.00234054,0.8310809,0.0027005328,0.0068493937,0.0016258849,0.8856842,0.0022834623,0.0075995233,0.0015812673,0.8548016,0.0028923943,0.0059749326,0.001674502,0.33571842,0.0033023437,0.0051091826,0.0026846842,0.08765311,0.00458925,0.0042004804,0.0032959385,0.009228451,0.007331036,0.0052529853,0.0056502107,0.0053597586,0.0069311084,0.0050925915,0.0053069214,0.004987523,0.0064303023,0.0052312133,0.005450851
4986,/home/jupyter/dent_outputs/isic2019_v2/melanoma/hairs/seed4986/lambda_t_star5/style.png,0.015048155,0.026238305,0.0005364663,0.0009901997,0.7339874,0.01558599,0.24384049,0.0066835503,0.9456368,0.015496161,0.21849704,0.0072670425,0.94769996,0.017701002,0.19874561,0.008299405,0.9257995,0.018313201,0.14098322,0.0083597265,0.11222322,0.010866546,0.112715386,0.0033874095,0.0051498367,0.0068035796,0.12735191,0.0022233552,0.0016490684,0.0106819905,0.18825069,0.0031331717,0.00089068234,0.010556639,0.09319058,0.0024448552,0.0006148012,0.009387064,0.10671029,0.0022698971
4156,/home/jupyter/dent_outputs/isic2019_v2/melanoma/hairs/seed4156/lambda_t_star5/style.png,0.7888856,0.0020534308,0.0006911926,0.0008967244,0.045632392,0.01036826,0.004719836,0.0070412788,0.7329939,0.0016182871,0.006052695,0.0026081507,0.11306984,0.0021537542,0.0084709525,0.005278731,0.0029522844,0.0018329247,0.013645908,0.0042856145,0.0030690809,0.0021227077,0.010597313,0.004917615,0.0022937285,0.0018880877,0.010532773,0.00426773,0.002009403,0.0020430894,0.009482318,0.0045364113,0.0018146251,0.0019156192,0.011646511,0.0050364933,0.0014741584,0.0019177491,0.011747728,0.0052345768
4462,/home/jupyter/dent_outputs/isic2019_v2/melanoma/hairs/seed4462/lambda_t_star5/style.png,0.00021178879,0.017262043,0.003069793,0.0004217037,0.06320608,0.042288434,0.0014184436,0.004744713,0.06869454,0.035648778,0.0009538565,0.0028730552,0.109636374,0.047350034,0.0011200843,0.0033873997,0.18769969,0.048314262,0.0012035392,0.0039705047,0.032155637,0.017264785,0.0003401461,0.0013405739,0.0055142166,0.0047352766,0.00013709386,0.00047322144,0.00032834156,0.013011529,0.00027172032,0.00042250927,0.00029761606,0.014072239,0.00021293486,0.00042931136,0.0003523306,0.013661255,0.000272981,0.0005045624
4370,/home/jupyter/dent_outputs/isic2019_v2/melanoma/hairs/seed4370/lambda_t_star5/style.png,0.0014114381,0.0038639782,0.1180923,0.07593764,0.99544096,0.001335486,0.026786536,0.010700353,0.99447685,0.0011847042,0.018702522,0.008960436,0.9904171,0.001180299,0.019758021,0.009155821,0.9938035,0.001460986,0.018758675,0.007600929,0.9362595,0.002830245,0.029431118,0.020834275,0.046560112,0.0013086817,0.04452357,0.016212666,0.0007411399,0.0010562707,0.073522456,0.020302936,0.00029379156,0.00070598663,0.06249304,0.016582219,0.00024615304,0.0006306935,0.059300307,0.015561235
4385,/home/jupyter/dent_outputs/isic2019_v2/melanoma/hairs/seed4385/lambda_t_star5/style.png,0.020370899,0.65277,0.04929365,0.014985644,0.9939418,0.12064335,0.009450669,0.008323241,0.99818134,0.11645022,0.00808261,0.006139619,0.99846077,0.12004035,0.008354,0.006208099,0.9980171,0.10459817,0.008264657,0.005588282,0.99535817,0.0942598,0.008962068,0.0059367875,0.54433763,0.12874229,0.018373417,0.009636892,0.032137133,0.10120999,0.023562431,0.0072163614,0.016927438,0.081861615,0.023102168,0.006325016,0.012332974,0.08639831,0.023546426,0.006109066
4886,/home/jupyter/dent_outputs/isic2019_v2/melanoma/hairs/seed4886/lambda_t_star5/style.png,0.0013125283,0.004084664,0.013369035,0.005213674,0.009196377,0.0015204086,0.005028414,0.003688664,0.009099648,0.001441647,0.005580402,0.0041971407,0.0067034406,0.0013642359,0.0059703575,0.0038233376,0.005582498,0.0012455473,0.0064709107,0.003926494,0.0049388357,0.0011244435,0.0065197623,0.0040359893,0.0036937306,0.00089820416,0.0050142487,0.0034085617,0.002746585,0.00077060226,0.003277215,0.0026400075,0.00042528883,0.00074943714,0.004614189,0.0032213451,0.00048383683,0.0008241023,0.0050337007,0.0034409643
4747,/home/jupyter/dent_outputs/isic2019_v2/melanoma/hairs/seed4747/lambda_t_star5/style.png,0.00041339963,0.010739057,0.003986282,0.0007820723,0.89083856,0.12917648,0.0061991615,0.009414136,0.17368393,0.2148255,0.011305228,0.008971457,0.1296357,0.184944,0.010176956,0.0072271815,0.1650439,0.1294489,0.00800605,0.0058434224,0.09296836,0.07850775,0.0067531406,0.0047365623,0.037714522,0.074236885,0.0062817526,0.0043635275,0.006761474,0.064099334,0.009783954,0.004570928,0.0013089959,0.03484396,0.009771379,0.002954143,0.0013202017,0.034201976,0.009773073,0.0028601422
4716,/home/jupyter/dent_outputs/isic2019_v2/melanoma/hairs/seed4716/lambda_t_star5/style.png,0.309154,0.20121194,0.0028293033,0.0028612143,0.014286803,0.012669523,0.9090942,0.011608447,0.05216057,0.017059641,0.7142185,0.0162183,0.050238486,0.011376394,0.7448029,0.011450912,0.041062284,0.012571937,0.717807,0.01407916,0.017062351,0.010034661,0.6813441,0.012507485,0.006007837,0.0068945237,0.61242026,0.009048348,0.0029937937,0.0052818595,0.55927396,0.008016254,0.0022269215,0.0038347908,0.5664614,0.006804917,0.0018260056,0.003883215,0.56273276,0.0067108264
4837,/home/jupyter/dent_outputs/isic2019_v2/melanoma/hairs/seed4837/lambda_t_star5/style.png,0.0015507437,0.058700483,0.018335521,0.0027102884,0.91227394,0.0016443641,0.001140897,0.00089335156,0.9046555,0.0013542176,0.0013785602,0.0008625634,0.0048878933,0.0016681778,0.002200847,0.0016764044,0.0040451754,0.0017610673,0.0021220623,0.0014904147,0.0035457804,0.0016178595,0.0025955332,0.0015850866,0.0030247604,0.001212492,0.0024367836,0.0014719547,0.0022715665,0.0008634178,0.002399705,0.0012460996,0.0016377979,0.0007934175,0.0032204404,0.0012819367,0.001297009,0.0007709776,0.0034622187,0.0012917867
4580,/home/jupyter/dent_outputs/isic2019_v2/melanoma/hairs/seed4580/lambda_t_star5/style.png,0.0023201418,0.0021221915,0.067760855,0.0032561803,0.99412006,0.0042419396,0.30892414,0.0014692827,0.98960376,0.0056825923,0.43069166,0.0019474401,0.99027795,0.0057270285,0.51240546,0.0021492427,0.9906218,0.004086633,0.43607825,0.001630243,0.98470634,0.003519431,0.3862206,0.0019416293,0.87872976,0.003552322,0.38066968,0.003368757,0.0010047758,0.001410051,0.6839399,0.0032065408,0.0008490858,0.0012231686,0.7373032,0.0028998924,0.00065783015,0.0010986165,0.6956587,0.0026053109
4500,/home/jupyter/dent_outputs/isic2019_v2/melanoma/hairs/seed4500/lambda_t_star5/style.png,0.0003110814,0.009479962,0.031496406,0.0016778056,0.9979184,0.013172868,0.1132537,0.0034014808,0.9967644,0.019712064,0.12280389,0.004058834,0.9942755,0.018717581,0.11367367,0.004008867,0.99150413,0.020896144,0.10823446,0.0039885994,0.992849,0.016409189,0.114093244,0.0035807122,0.9891016,0.009592386,0.08466041,0.0031799313,0.9413891,0.009602089,0.060869485,0.0028798878,0.24726343,0.00749704,0.033037905,0.002772199,0.012492411,0.009297636,0.0371024,0.004071779
4061,/home/jupyter/dent_outputs/isic2019_v2/melanoma/hairs/seed4061/lambda_t_star5/style.png,0.0025839193,0.009319592,0.1720197,0.0028239805,0.10939308,0.11365606,0.012892449,0.011322237,0.37898585,0.06254146,0.0061394395,0.007368504,0.5855758,0.044154424,0.0035901638,0.005728633,0.6257556,0.03584252,0.003567082,0.0060895802,0.25117555,0.036919426,0.003970059,0.005573249,0.2260131,0.08258427,0.0040748413,0.0053958436,0.1849203,0.09026798,0.004538005,0.005964723,0.15008244,0.056904055,0.0035758961,0.0047770035,0.13979937,0.037443154,0.0031458982,0.004161074
4764,/home/jupyter/dent_outputs/isic2019_v2/melanoma/hairs/seed4764/lambda_t_star5/style.png,0.0012066966,0.0031280632,0.0042475606,0.00019745465,0.98716927,0.0013812383,0.0066444227,0.0019168797,0.9835797,0.00027110626,0.005516607,0.00096216897,0.9324662,0.00024021215,0.004971934,0.001111818,0.8039346,0.00026216134,0.0031070448,0.0009950802,0.447911,0.00015380638,0.001760793,0.0007862479,0.043566234,0.00014354633,0.0018095194,0.0010509284,0.0012658408,0.00026339898,0.003813804,0.0023842372,0.00061439467,0.00023506925,0.0041996143,0.0020173083,0.00063119683,0.0002564305,0.005312747,0.0022010575
4680,/home/jupyter/dent_outputs/isic2019_v2/melanoma/hairs/seed4680/lambda_t_star5/style.png,0.0011092235,0.0017870417,0.009741268,0.0021051583,0.0047433376,0.00023147465,0.0015623613,0.0013605814,0.0042129303,0.00023799443,0.0018087986,0.0015133779,0.0058101155,0.00027134546,0.0019466191,0.0015624394,0.004471945,0.00025297346,0.002155895,0.0015509105,0.004408723,0.00034708958,0.0025867636,0.002160184,0.0022525233,0.0005289007,0.0037407456,0.0026437289,0.0017240274,0.00056809484,0.0042795655,0.0029859757,0.0014134315,0.0005120075,0.004101832,0.0028663096,0.001384794,0.0005233181,0.0045335544,0.0030779205
4726,/home/jupyter/dent_outputs/isic2019_v2/melanoma/hairs/seed4726/lambda_t_star5/style.png,0.05879831,0.061016437,0.001567253,0.0009077469,0.20169853,0.14979398,0.006995698,0.004350777,0.041119408,0.16828488,0.015611535,0.00750598,0.0038835118,0.31585518,0.013943208,0.00725909,0.0025980773,0.21383306,0.015170138,0.0071507366,0.0018088847,0.18321988,0.015824718,0.006819797,0.001181255,0.14073317,0.015486939,0.005702426,0.0010599646,0.10315359,0.017261637,0.006146671,0.001387263,0.08722158,0.016347533,0.006459716,0.0011728007,0.073377594,0.015218521,0.005720152
4612,/home/jupyter/dent_outputs/isic2019_v2/melanoma/hairs/seed4612/lambda_t_star5/style.png,0.0008056509,0.03103922,0.030549332,0.007264844,0.24185403,0.0032819158,0.015628017,0.008287228,0.14572795,0.0023241164,0.017151516,0.006652762,0.13978414,0.0023256384,0.016085198,0.006284036,0.11516073,0.0020543684,0.014692489,0.005695774,0.08095159,0.0025760173,0.01885621,0.0074776327,0.04241666,0.0028999213,0.020298112,0.0078037833,0.015855543,0.0025633129,0.020268396,0.0077933054,0.010434585,0.0021586223,0.02081913,0.0072061713,0.0056949477,0.0021032498,0.018959435,0.007089389
4673,/home/jupyter/dent_outputs/isic2019_v2/melanoma/hairs/seed4673/lambda_t_star5/style.png,0.0019300852,0.0040362887,0.0060373554,0.0016971105,0.99792504,0.0019736195,0.0054203994,0.00073012366,0.9980301,0.002299968,0.006226371,0.0007726527,0.9982907,0.0022950494,0.005166096,0.00069073366,0.9982759,0.002171774,0.003872182,0.00057651807,0.99607974,0.0015512377,0.0038483175,0.00064775994,0.93032885,0.0010767197,0.0038119887,0.00078394136,0.080280684,0.00090249826,0.005531515,0.0012592695,0.007896757,0.00087706366,0.008234353,0.0016474859,0.005480033,0.00070866174,0.00871905,0.0015734297
4541,/home/jupyter/dent_outputs/isic2019_v2/melanoma/hairs/seed4541/lambda_t_star5/style.png,0.40007463,0.001590028,0.0007322967,0.000576027,0.88567513,0.0141678965,0.0007456285,0.0029383977,0.8833104,0.014909227,0.0006607557,0.0024968418,0.79450554,0.016940758,0.0007670161,0.0031607256,0.77438456,0.015856795,0.0007934467,0.0033477482,0.73823154,0.024432573,0.0009649685,0.003543497,0.5926221,0.031816363,0.0008049423,0.002371482,0.5090014,0.033613693,0.00077072927,0.002091158,0.5715976,0.029442191,0.00083670433,0.0022235159,0.56589365,0.024141744,0.00092295243,0.0024480333
4065,/home/jupyter/dent_outputs/isic2019_v2/melanoma/hairs/seed4065/lambda_t_star5/style.png,0.04199776,0.017072085,0.0015805885,0.00065052323,0.65801543,0.005761664,0.0010144188,0.0069226352,0.68576646,0.0070704874,0.0012192131,0.008335002,0.659138,0.007377029,0.0010384466,0.007198148,0.7314542,0.0044874474,0.0008700133,0.0057881027,0.63479066,0.0050098468,0.0013277692,0.007237199,0.5483309,0.0021232914,0.00064619066,0.003399897,0.60991573,0.0018636821,0.00054220774,0.0026036287,0.6305148,0.0017658694,0.0004940682,0.0023487816,0.60633165,0.0019738371,0.0005284756,0.0024437911
4495,/home/jupyter/dent_outputs/isic2019_v2/melanoma/hairs/seed4495/lambda_t_star5/style.png,0.044203814,0.012795024,0.033308852,0.005269925,0.9847899,0.00783397,0.006956057,0.0077676363,0.98534125,0.007898823,0.0064688995,0.0076995185,0.98866606,0.006559658,0.0057447637,0.006269739,0.9873029,0.0053010024,0.005430177,0.005152249,0.9844619,0.00463913,0.004732549,0.004842125,0.972982,0.004068947,0.00419473,0.0034226372,0.8349949,0.005986592,0.0050249174,0.0071900464,0.48084387,0.008500055,0.0078271525,0.010211117,0.30140078,0.009973606,0.007337914,0.009785044
4213,/home/jupyter/dent_outputs/isic2019_v2/melanoma/hairs/seed4213/lambda_t_star5/style.png,0.000113465685,0.004016446,0.0020876813,0.0007254307,0.96838355,0.0038525353,0.010773834,0.0093233045,0.9648393,0.0039350614,0.010531416,0.010032724,0.9684632,0.0031180794,0.008619944,0.00854278,0.9753362,0.0033772513,0.0087735,0.008577497,0.9651747,0.0029544649,0.0072325068,0.008257562,0.9432553,0.0024590795,0.0054191267,0.006478745,0.78011984,0.0019275473,0.0048480867,0.0048899655,0.212916,0.0021914272,0.0052559758,0.004392113,0.0357443,0.002269608,0.0050729415,0.0049450896
4699,/home/jupyter/dent_outputs/isic2019_v2/melanoma/hairs/seed4699/lambda_t_star5/style.png,0.0015076179,0.0010906777,0.007256709,0.0013990526,0.9764649,0.00042933467,0.00053622964,0.0007408218,0.972274,0.000446536,0.00054851273,0.00075693114,0.959499,0.000397783,0.0005493909,0.00073584873,0.9126122,0.00044721307,0.000573562,0.0010261686,0.7498492,0.0005021663,0.0006985412,0.0014126537,0.5520236,0.0008203604,0.0010618952,0.0019982876,0.019193405,0.0011217111,0.0025165407,0.0041258545,0.010520574,0.0010935117,0.0030946045,0.0040645725,0.009681726,0.0010587123,0.0032000598,0.0040271557
4780,/home/jupyter/dent_outputs/isic2019_v2/melanoma/hairs/seed4780/lambda_t_star5/style.png,0.0040788543,0.051385287,0.006818689,0.003160234,0.049647562,0.0009317149,0.026326858,0.0011521429,0.041093152,0.0007048804,0.021233665,0.0010061447,0.042684857,0.0006917818,0.018143063,0.0010220474,0.042221177,0.00066434,0.013368971,0.00090455747,0.06174384,0.00094724126,0.015068262,0.0010145922,0.041149627,0.00084125483,0.012481957,0.0009510049,0.023031872,0.00095860864,0.0116079375,0.0010407675,0.017536903,0.001014455,0.009815446,0.0012601485,0.00885583,0.00087946036,0.007949854,0.0014475562
4511,/home/jupyter/dent_outputs/isic2019_v2/melanoma/hairs/seed4511/lambda_t_star5/style.png,0.018122697,0.041397292,0.008724134,0.0025685495,0.99871457,0.009919419,0.005853872,0.0034123522,0.998589,0.010637581,0.005926831,0.0031911815,0.998026,0.011481924,0.005560356,0.002938438,0.9961163,0.013093022,0.0055845655,0.0032701152,0.9908054,0.009760606,0.0066640745,0.0033271317,0.94614303,0.007345399,0.006046814,0.0032914053,0.54807335,0.0075452165,0.008801893,0.0056750905,0.15210469,0.008182745,0.01584911,0.008845632,0.12941967,0.006882816,0.017178465,0.008799498
4184,/home/jupyter/dent_outputs/isic2019_v2/melanoma/hairs/seed4184/lambda_t_star5/style.png,0.028439183,0.0031170957,0.013820571,0.007909457,0.99562246,0.002678902,0.0036195198,0.0026674047,0.9970394,0.0025252178,0.002733967,0.0021296334,0.99660313,0.0027415336,0.0025273412,0.0022187014,0.9963086,0.0028155004,0.002521946,0.0021971297,0.99295044,0.0034290743,0.002862933,0.0026159363,0.9744201,0.0035100405,0.0036716524,0.0036681707,0.6875963,0.0038462582,0.0054319412,0.005347908,0.088958874,0.0036495707,0.006906075,0.006880417,0.013862598,0.0024217754,0.005610292,0.005372948
4884,/home/jupyter/dent_outputs/isic2019_v2/melanoma/hairs/seed4884/lambda_t_star5/style.png,0.007634814,0.015137474,0.0014455416,0.0005568954,0.14897557,0.00075790944,0.0031448547,0.001544202,0.10209102,0.0008747818,0.0035323598,0.0020792107,0.12630838,0.0008158716,0.003522901,0.0018698135,0.10575998,0.00089125626,0.0038068152,0.0021821524,0.1252635,0.0009676228,0.0042274185,0.0023538328,0.084496096,0.0013160614,0.0051980945,0.0033396042,0.018352758,0.0018462095,0.0074234,0.0041087684,0.0028164177,0.0025345266,0.0086065885,0.004197043,0.0023233218,0.002338728,0.007806033,0.003655787
4953,/home/jupyter/dent_outputs/isic2019_v2/melanoma/hairs/seed4953/lambda_t_star5/style.png,0.001856277,0.017289696,0.24872294,0.021618428,0.39663416,0.0073780557,0.21914749,0.00709744,0.37694994,0.0032419302,0.10541388,0.003765759,0.32852247,0.003909457,0.08611502,0.0036250595,0.2538417,0.002681229,0.04919783,0.0026797224,0.20719871,0.0024975487,0.04564354,0.0027187567,0.043605667,0.0018090251,0.02335569,0.002030556,0.0020979564,0.004147413,0.03466877,0.0041096755,0.0014780901,0.0029409607,0.022433512,0.0034631353,0.0009724077,0.0025444138,0.021617418,0.0034647847
4571,/home/jupyter/dent_outputs/isic2019_v2/melanoma/hairs/seed4571/lambda_t_star5/style.png,0.09917709,0.03375505,0.015756037,0.013570298,0.43003622,0.003412547,0.009574589,0.0050261575,0.3406689,0.0028910472,0.0091342,0.0049333414,0.39711902,0.0033691716,0.011187949,0.0059456383,0.20745787,0.0036415916,0.011127379,0.0064837006,0.13733217,0.004147037,0.0066271797,0.0048521645,0.05814126,0.0033654254,0.0049116546,0.004115564,0.017194701,0.003597723,0.0064206733,0.004071806,0.0024531002,0.0024775926,0.0054702866,0.0027652134,0.0019138714,0.002063746,0.005307128,0.0024965198
4533,/home/jupyter/dent_outputs/isic2019_v2/melanoma/hairs/seed4533/lambda_t_star5/style.png,0.0055902703,0.016608318,0.13661744,0.0026348701,0.993587,0.012678034,0.009434988,0.0056395256,0.99221873,0.011994189,0.0082558375,0.0051558674,0.99171233,0.011461446,0.009101717,0.0052114837,0.99135876,0.011026875,0.0089998,0.0049174004,0.98920935,0.01023829,0.0080472855,0.0048756283,0.9736492,0.012929744,0.0099708345,0.006317902,0.95081216,0.008158483,0.0067442292,0.0042170193,0.59379387,0.0049985857,0.0046499297,0.0033548768,0.0041264677,0.003944642,0.0076729003,0.003438171
4736,/home/jupyter/dent_outputs/isic2019_v2/melanoma/hairs/seed4736/lambda_t_star5/style.png,0.00418524,0.14690512,0.026053645,0.005380172,0.03301237,0.0031346616,0.0025744103,0.0028263505,0.026842045,0.003696899,0.0022658198,0.002628583,0.027115416,0.0020537144,0.0022688683,0.0025398785,0.025687767,0.0012890637,0.0020989866,0.0021380456,0.021116285,0.0009248441,0.002364353,0.0021573706,0.020283975,0.0008587418,0.0024777257,0.0023160877,0.010858856,0.00087728817,0.0028402738,0.0024770033,0.0019662227,0.0009782251,0.004162416,0.0030515683,0.0016319941,0.00071149645,0.004058468,0.0027932264
4538,/home/jupyter/dent_outputs/isic2019_v2/melanoma/hairs/seed4538/lambda_t_star5/style.png,0.032116808,0.031353828,0.0037034631,0.0015298073,0.9501609,0.017372873,0.09852339,0.008168034,0.9577665,0.01479196,0.083945766,0.0076129343,0.9478382,0.010891315,0.0724122,0.007035627,0.9406321,0.012172888,0.06650697,0.00713905,0.7805767,0.010422969,0.05707323,0.0064923996,0.013063326,0.0030607635,0.022678645,0.003954406,0.0032303713,0.0029168536,0.019017406,0.0030621137,0.0015276675,0.002527257,0.016813625,0.0026541902,0.0016240568,0.0028451316,0.01873963,0.0026982233
4092,/home/jupyter/dent_outputs/isic2019_v2/melanoma/hairs/seed4092/lambda_t_star5/style.png,0.0009232031,0.0013782019,0.03259821,0.002518901,0.9013974,0.0006979636,0.024362704,0.0017608275,0.9040475,0.0005295302,0.024076527,0.0015451141,0.86284876,0.0003979243,0.025255715,0.0012961236,0.70926505,0.0003463312,0.027867086,0.0014613159,0.09989986,0.00028700836,0.034925453,0.0018313907,0.00082421734,0.00023812974,0.049378805,0.0019669433,0.00068754936,0.00022313197,0.050047114,0.0018754463,0.0006739066,0.00019240279,0.05380021,0.0016470248,0.0007039546,0.0001768306,0.056414247,0.0017133915
4706,/home/jupyter/dent_outputs/isic2019_v2/melanoma/hairs/seed4706/lambda_t_star5/style.png,0.019650552,0.036877833,0.0010519379,0.0008884942,0.005361053,0.65236837,0.020151425,0.025272813,0.008294461,0.6670971,0.021087887,0.030697227,0.10245066,0.3662172,0.00964968,0.011559985,0.12181212,0.37306327,0.010227858,0.012976969,0.028673692,0.37553158,0.015431404,0.013233577,0.018061372,0.43608883,0.03651489,0.018241074,0.013242378,0.2992263,0.02555433,0.012138013,0.0024388279,0.24287531,0.040106516,0.017534135,0.0022000691,0.23279382,0.044114735,0.017287606
4435,/home/jupyter/dent_outputs/isic2019_v2/melanoma/hairs/seed4435/lambda_t_star5/style.png,0.0016231202,0.05926525,0.07056737,0.007441738,0.89118636,0.0049772584,0.006313494,0.0073297205,0.90922123,0.0031435215,0.005313054,0.0054313256,0.9141017,0.0028703013,0.005090527,0.0051861913,0.9112767,0.0031500913,0.0060973023,0.005835439,0.77375704,0.003376763,0.008143444,0.0067477664,0.41839924,0.0031658136,0.010226329,0.0066678543,0.051324945,0.003171231,0.013379308,0.0065245884,0.002244828,0.0016495647,0.009959154,0.0030509518,0.0017766258,0.0017380888,0.010022585,0.00298835
4135,/home/jupyter/dent_outputs/isic2019_v2/melanoma/hairs/seed4135/lambda_t_star5/style.png,0.0009660605,0.0024899004,0.022394259,0.0018913173,0.018045869,0.009110997,0.002273118,0.0030277271,0.014162263,0.0063902037,0.0019166451,0.0026466362,0.020074831,0.0056498162,0.0021238157,0.002546007,0.01652049,0.0044623725,0.0019900012,0.0026783645,0.016428525,0.004668097,0.002198166,0.0028952276,0.018911298,0.0041945665,0.0021254355,0.0030902885,0.0069079646,0.0062029995,0.002500675,0.0036466103,0.0041070012,0.005066241,0.0025012183,0.0039290385,0.0030976348,0.0045789555,0.002638544,0.0038418889
4331,/home/jupyter/dent_outputs/isic2019_v2/melanoma/hairs/seed4331/lambda_t_star5/style.png,0.041200154,0.23492415,0.00059649197,0.00045825547,0.99972993,0.0008106453,0.015693475,0.0008699152,0.9996082,0.0008571869,0.017184848,0.0010073655,0.9996437,0.0006935291,0.010755635,0.0007939428,0.99961984,0.0008579199,0.011053646,0.0008599762,0.9995291,0.00079855643,0.011662318,0.0008400633,0.99717784,0.0006551863,0.0068288655,0.00081518496,0.62210435,0.00070446165,0.0061634756,0.001014339,0.00044700532,0.00034928674,0.0046617077,0.0010965707,0.00035574916,0.0003275131,0.0047676275,0.0010106942
4972,/home/jupyter/dent_outputs/isic2019_v2/melanoma/hairs/seed4972/lambda_t_star5/style.png,0.056092836,0.021687336,0.0029906584,0.0010753957,0.9998381,0.0064606094,0.0040514814,0.0008629062,0.99985754,0.006997288,0.0039500566,0.00084528484,0.99980146,0.005212853,0.003737694,0.0008586629,0.9997248,0.0045518405,0.0025846998,0.00084115774,0.998958,0.003163309,0.0022143207,0.00094702694,0.98703825,0.001953401,0.0017564679,0.0011383871,0.0027559444,0.0035464144,0.0043509994,0.0037354114,0.0014746055,0.0025711616,0.0036536756,0.0028906544,0.0012718738,0.0022144376,0.0036952994,0.0025954095
4867,/home/jupyter/dent_outputs/isic2019_v2/melanoma/hairs/seed4867/lambda_t_star5/style.png,0.13666296,0.022372153,0.00016243318,0.0004518397,0.99337417,0.004908789,0.00430906,0.0026265662,0.9994791,0.0035863037,0.005215213,0.0020285733,0.99266833,0.0042113885,0.010507884,0.0030173152,0.95078397,0.0029450676,0.0037780919,0.0016210844,0.77113897,0.003092181,0.004012831,0.0017495254,0.44293422,0.0040596575,0.0042487467,0.0030733135,0.09665524,0.0042407415,0.0038884068,0.003061226,0.010830319,0.0039898786,0.004368788,0.0033041348,0.0006208935,0.0043318067,0.0049397964,0.0033004405
4902,/home/jupyter/dent_outputs/isic2019_v2/melanoma/hairs/seed4902/lambda_t_star5/style.png,0.009878283,0.034401637,0.00074779097,0.0005084467,0.9976133,0.001299641,0.005875593,0.001281444,0.995447,0.0011117476,0.0050843214,0.0013139371,0.9924672,0.0011627858,0.0047581005,0.001351615,0.9891205,0.0007665024,0.0038002026,0.0010312495,0.98364174,0.0008516808,0.0038478666,0.0011644107,0.97435033,0.0011961757,0.004713103,0.0014326356,0.91177243,0.0010807769,0.0044029923,0.0016015475,0.17102964,0.0016758315,0.006679879,0.004616822,0.03398336,0.0024283032,0.008690101,0.0064160815
4245,/home/jupyter/dent_outputs/isic2019_v2/melanoma/hairs/seed4245/lambda_t_star5/style.png,0.00038282128,0.009800701,0.08717873,0.0040266598,0.4723659,0.0010756069,0.00067730685,0.0032153626,0.46801296,0.0006732284,0.00042600924,0.0021639348,0.38345322,0.00076714327,0.000582549,0.0025878488,0.30847508,0.0009657247,0.00059176394,0.0028000176,0.23118564,0.0010783919,0.0006472585,0.0028858038,0.1798586,0.001113393,0.0007749711,0.0031627198,0.19246282,0.0010894804,0.0006974014,0.0029201435,0.17422628,0.00094349834,0.0005717725,0.002520459,0.15453209,0.0007387104,0.0004794688,0.0021863638
4996,/home/jupyter/dent_outputs/isic2019_v2/melanoma/hairs/seed4996/lambda_t_star5/style.png,0.5143816,0.023954248,0.0013589541,0.002316134,0.08343421,0.0007482058,0.0008210286,0.0005004692,0.02344319,0.0006218241,0.0013206381,0.0004325092,0.025970953,0.00055061164,0.0009411766,0.0003887732,0.024024507,0.0004456498,0.0007139185,0.00038519123,0.03158535,0.0008458867,0.0005762244,0.00053630065,0.02550792,0.0009921679,0.0004871109,0.00065826817,0.019886982,0.00088196323,0.00066586665,0.00068349973,0.0024243607,0.0017607253,0.0009446173,0.0017044839,0.001952376,0.0021488992,0.0011362302,0.0021239321
4930,/home/jupyter/dent_outputs/isic2019_v2/melanoma/hairs/seed4930/lambda_t_star5/style.png,0.88946515,0.0025595229,9.9616154e-05,0.0002657981,0.99820185,0.0014674608,0.006115126,0.0014779767,0.9973333,0.00166324,0.0065413774,0.0015199642,0.9976096,0.0015221019,0.0060900473,0.0013962621,0.9959507,0.0014615927,0.0057413853,0.0014637051,0.9830772,0.0013899336,0.0052853357,0.0015908412,0.5954336,0.0016426046,0.007071606,0.0019602245,0.122184865,0.0018189887,0.006173411,0.0020063194,0.007941404,0.0016176662,0.00546473,0.002068967,0.0017437356,0.0013532444,0.0045405347,0.0020877826
4275,/home/jupyter/dent_outputs/isic2019_v2/melanoma/hairs/seed4275/lambda_t_star5/style.png,0.0019791073,0.0035182943,0.027078915,0.0011564377,0.90615433,0.0034907546,0.36179018,0.0022235105,0.91161585,0.004321843,0.45957598,0.0024507022,0.9056035,0.0055674217,0.54117715,0.0032406454,0.8489463,0.004052842,0.55852836,0.0030766125,0.80256695,0.0032202732,0.49599507,0.0023582624,0.52379566,0.0017751288,0.26116982,0.001697627,0.0042468365,0.0026426655,0.2922555,0.0033408613,0.002673635,0.0019659381,0.23647694,0.0028386887,0.0022304526,0.0017896974,0.2580319,0.0029435807
4755,/home/jupyter/dent_outputs/isic2019_v2/melanoma/hairs/seed4755/lambda_t_star5/style.png,0.000389026,0.017904721,0.110564195,0.0021434685,0.028719451,0.010627764,0.005453703,0.0033748029,0.027986107,0.010453019,0.0048478427,0.0033488157,0.02101232,0.010780143,0.0057504727,0.0035511202,0.013218144,0.011206781,0.0061862734,0.003359162,0.006188704,0.011905617,0.008434584,0.0037107824,0.0039497865,0.011349884,0.009349921,0.0036221826,0.0025885517,0.010681894,0.009804224,0.0037134644,0.0020813835,0.011246809,0.009494548,0.00353464,0.0016113374,0.008865437,0.009151859,0.0030139475
4811,/home/jupyter/dent_outputs/isic2019_v2/melanoma/hairs/seed4811/lambda_t_star5/style.png,0.0024059904,0.00046917525,0.005198193,0.0016907485,0.0035658348,0.00026018766,0.0021832357,0.0020810547,0.0039820485,0.00033709576,0.0026749035,0.0024122635,0.0043680896,0.00037199276,0.0029875035,0.0027567176,0.003968457,0.00040437933,0.0029740608,0.0029535983,0.0031533316,0.00040072072,0.0029746902,0.0027537502,0.003001431,0.00037137693,0.0028318726,0.0025557617,0.0023621572,0.00034629751,0.0027216088,0.00242683,0.0020889472,0.0003193786,0.00290392,0.0023814691,0.0018467263,0.00030605774,0.0028656062,0.0022970669
4300,/home/jupyter/dent_outputs/isic2019_v2/melanoma/hairs/seed4300/lambda_t_star5/style.png,0.0023478353,0.03318635,0.024263142,0.00299918,0.9874111,0.0031669303,0.0028608427,0.0050359387,0.9896046,0.0023207832,0.002327986,0.003915625,0.9906309,0.002248106,0.002219921,0.0033608943,0.989441,0.0020947624,0.002204533,0.0034051228,0.97463745,0.001825923,0.002164191,0.003196908,0.28011492,0.0009559952,0.0020107927,0.002736886,0.08360707,0.00085221784,0.001981531,0.002266731,0.033054095,0.00080123683,0.002267773,0.0026673742,0.018252103,0.0006781685,0.0023678502,0.0023453962
4247,/home/jupyter/dent_outputs/isic2019_v2/melanoma/hairs/seed4247/lambda_t_star5/style.png,0.01065224,0.070727296,0.015257044,0.0035878103,0.96146375,0.0027242596,0.00050032896,0.0011976265,0.96696424,0.0015363767,0.00045580292,0.0009774645,0.97204566,0.0010502683,0.00038881577,0.0008877313,0.9710307,0.0011946515,0.00045335595,0.0010424635,0.9617793,0.0011744094,0.0005321722,0.0011162976,0.95502245,0.0010719269,0.0005846544,0.0011318318,0.9573688,0.0012637008,0.0006619661,0.0014237807,0.9563712,0.0010902922,0.00070315314,0.0014310074,0.9521127,0.0009812836,0.0007099122,0.001482959
4602,/home/jupyter/dent_outputs/isic2019_v2/melanoma/hairs/seed4602/lambda_t_star5/style.png,0.0004177952,0.012062885,0.03559847,0.0020611384,0.99697876,0.004265975,0.06509003,0.004386795,0.99563134,0.0038961638,0.0903966,0.004295195,0.9943351,0.0036854236,0.08065821,0.0044419602,0.99433076,0.0033109826,0.095572636,0.0040472257,0.9897531,0.0028448894,0.053674616,0.004187381,0.97199315,0.0029497184,0.04295772,0.0051169954,0.7825213,0.0042139348,0.022028366,0.0061051957,0.017405488,0.0051635653,0.014828305,0.004966749,0.0047381157,0.0053277332,0.013246322,0.004262157
4777,/home/jupyter/dent_outputs/isic2019_v2/melanoma/hairs/seed4777/lambda_t_star5/style.png,0.0010255162,0.3883721,0.00077202934,0.0012220966,0.979715,0.0010233124,0.015596234,0.0020865013,0.99818736,0.00037683433,0.0012185241,0.0005126773,0.9981444,0.00031771557,0.0013156139,0.0005108928,0.9663076,0.00034204437,0.0019185452,0.00093223224,0.9647928,0.00023511362,0.0013811918,0.00070018077,0.76286113,0.00020812248,0.002325,0.0008137938,0.6228612,0.0002459555,0.0019408524,0.00091299164,0.1141689,0.00044324127,0.0036457912,0.0019583139,0.0021690095,0.0005456759,0.005170892,0.0023601109
4141,/home/jupyter/dent_outputs/isic2019_v2/melanoma/hairs/seed4141/lambda_t_star5/style.png,0.0005850825,0.04543138,0.04034556,0.005268001,0.66115564,0.0006187733,0.010784013,0.0009653116,0.6668337,0.0006269983,0.010033041,0.0010686477,0.6025584,0.00067478896,0.009295967,0.0010352865,0.44225472,0.00067332946,0.0100229625,0.0010088908,0.06990669,0.0005633206,0.005613176,0.0010265631,0.038074147,0.00047901564,0.0054087923,0.0011960737,0.0026659095,0.00047454252,0.0054652374,0.0015756164,0.0007929093,0.00034638206,0.0046882103,0.0012256381,0.00051107985,0.00032394257,0.0050064987,0.001159142
4139,/home/jupyter/dent_outputs/isic2019_v2/melanoma/hairs/seed4139/lambda_t_star5/style.png,0.0040662466,0.0036026053,0.019168375,0.0036020812,0.8989202,0.3968206,0.001831769,0.0047861096,0.9211804,0.3388306,0.0019419775,0.0051570656,0.91213703,0.26021808,0.0015742141,0.00422278,0.91767734,0.27976504,0.0016070444,0.0043432396,0.7112186,0.37832385,0.0034892077,0.009267528,0.2832,0.5128254,0.0055682324,0.018459894,0.16684207,0.5256318,0.008953634,0.027966542,0.085983194,0.63275725,0.0160722,0.046598665,0.07058335,0.69938964,0.026204033,0.07402682
4714,/home/jupyter/dent_outputs/isic2019_v2/melanoma/hairs/seed4714/lambda_t_star5/style.png,0.9941042,0.0013412366,0.0019954436,0.0010814562,0.9955179,0.005780002,0.029919205,0.0046331054,0.99126244,0.0048447517,0.026857479,0.005280577,0.98907614,0.003499946,0.02257048,0.0040064156,0.989678,0.0023800826,0.016382195,0.0027375836,0.9872808,0.0017113163,0.010199316,0.002212321,0.9704869,0.0021142291,0.009306209,0.002604534,0.9573062,0.0023376946,0.011503463,0.0033976517,0.5158849,0.0032357061,0.01001863,0.0057050902,0.017750692,0.0036248513,0.008387363,0.004408504
4542,/home/jupyter/dent_outputs/isic2019_v2/melanoma/hairs/seed4542/lambda_t_star5/style.png,0.0011679634,0.0039608045,0.037673417,0.0024263922,0.6025887,0.0025122378,0.010669912,0.003960323,0.5709712,0.0029281501,0.006547783,0.0029825112,0.2365689,0.0014044718,0.04108996,0.002561598,0.23651409,0.0011973698,0.06439792,0.0019890848,0.25907272,0.0008972376,0.05371047,0.001658658,0.10973506,0.0007992945,0.03382578,0.0014077259,0.0025929112,0.0005227827,0.034157872,0.00102604,0.0010030742,0.00039628538,0.038423166,0.0007988346,0.00059102866,0.00037313678,0.04332983,0.0007411639
4973,/home/jupyter/dent_outputs/isic2019_v2/melanoma/hairs/seed4973/lambda_t_star5/style.png,0.023261119,0.0011210056,0.0012792196,0.00029114098,0.9331656,0.004318106,0.001955491,0.003718455,0.9928934,0.0021414552,0.0035623703,0.0019905411,0.97414196,0.008354783,0.010317372,0.004160756,0.98589236,0.004371641,0.005854491,0.0023286673,0.95828646,0.006130987,0.009948087,0.003174354,0.9621888,0.004895786,0.0077509256,0.0031913707,0.96572447,0.005149856,0.006649558,0.0033990713,0.9652996,0.0057254704,0.006406917,0.0034358597,0.9616519,0.006281732,0.00619329,0.0035739937
4368,/home/jupyter/dent_outputs/isic2019_v2/melanoma/hairs/seed4368/lambda_t_star5/style.png,0.02657965,0.0015405283,0.0028978554,0.0014034029,0.9802059,0.029806755,0.0023832177,0.0059408243,0.9917714,0.004826796,0.0005804839,0.0025398592,0.9969921,0.008283395,0.0012905501,0.0040797787,0.9930581,0.004777081,0.00076409715,0.0030289982,0.9854151,0.0050837426,0.0010334147,0.0029516385,0.9889684,0.00501599,0.0009994745,0.002774292,0.98887306,0.0059098587,0.0011393533,0.0030261385,0.9888038,0.0073878923,0.0011978386,0.0031913936,0.98902994,0.0073212776,0.0011904525,0.0031152796
4080,/home/jupyter/dent_outputs/isic2019_v2/melanoma/hairs/seed4080/lambda_t_star5/style.png,0.004077677,0.0025774427,0.002164263,0.002615191,0.0021254506,0.00074404984,0.0027733832,0.0012506483,0.0025155593,0.0009843385,0.0045620734,0.0016105599,0.24186623,0.0010760804,0.0034527471,0.0010146555,0.008486058,0.0007236745,0.0029896463,0.0009088763,0.0023456092,0.0009861562,0.0042351633,0.0011642522,0.0015664167,0.0009987807,0.0046924553,0.0009127233,0.00045873292,0.0014710026,0.0052648615,0.00090816943,0.00031993754,0.0015570112,0.0068970183,0.001012437,0.00025234427,0.0013810778,0.00673629,0.0009502812
4293,/home/jupyter/dent_outputs/isic2019_v2/melanoma/hairs/seed4293/lambda_t_star5/style.png,0.00074890815,0.00764586,0.020448707,0.0035403545,0.9997553,0.0044057523,0.15583019,0.0039017494,0.9997008,0.0036710647,0.14452499,0.0037317716,0.9995004,0.0039470484,0.20487559,0.0043025,0.9987587,0.0035594683,0.1636635,0.004495833,0.9959473,0.0032726512,0.11835115,0.004550712,0.8928039,0.0025910656,0.04535075,0.0035782617,0.40640277,0.004302508,0.05253569,0.0041306713,0.09661045,0.0044722906,0.07877159,0.0045369067,0.042754043,0.0040607583,0.08459478,0.0048466073
4701,/home/jupyter/dent_outputs/isic2019_v2/melanoma/hairs/seed4701/lambda_t_star5/style.png,0.01294024,0.007421443,0.0035368355,0.0054837614,0.9788881,0.008069389,0.014222826,0.007395072,0.9965341,0.0023840193,0.009666144,0.002737671,0.9971221,0.0049442705,0.008899667,0.0045564882,0.9978162,0.007440459,0.008193306,0.0049895677,0.9943752,0.010463575,0.009185705,0.0077784713,0.9303587,0.0048863958,0.005844611,0.006530699,0.08022032,0.0044887466,0.0055590803,0.0074462295,0.024151675,0.005469464,0.007310006,0.008611036,0.009375498,0.0041626254,0.00845632,0.00799717
4639,/home/jupyter/dent_outputs/isic2019_v2/melanoma/hairs/seed4639/lambda_t_star5/style.png,0.0002060019,0.0033837731,0.77593905,0.00294113,0.00057134836,0.00030347612,0.0061867153,0.0019235115,0.00050143566,0.00030234232,0.007446846,0.001959702,0.0005025053,0.0003402053,0.009522876,0.0021932567,0.00043761218,0.0002807252,0.009240296,0.0019465106,0.00039313646,0.00025789798,0.010026759,0.0019536493,0.00031873438,0.00021629396,0.011515148,0.0016524759,0.0002873865,0.00020152575,0.013176308,0.0016611045,0.00026581052,0.00019732212,0.0144593995,0.00165118,0.00024187118,0.00018866484,0.016369855,0.0016399221
4264,/home/jupyter/dent_outputs/isic2019_v2/melanoma/hairs/seed4264/lambda_t_star5/style.png,0.011937307,0.18847452,0.011091359,0.0052047977,0.9970674,0.007930506,0.0048497505,0.0005846257,0.9956169,0.010936425,0.0059304475,0.00066648657,0.9914812,0.009785447,0.0067361337,0.00067897135,0.98891,0.007050096,0.0043521402,0.00053659495,0.98931247,0.0038838289,0.0035325594,0.00046159836,0.9576933,0.002593624,0.004160805,0.00063571596,0.8760821,0.003636142,0.004307675,0.0008627422,0.06728944,0.0051014633,0.0051645697,0.0013531819,0.0022105323,0.0049879416,0.0053254953,0.0012401455
4819,/home/jupyter/dent_outputs/isic2019_v2/melanoma/hairs/seed4819/lambda_t_star5/style.png,0.001742034,0.022001497,0.11908756,0.005269308,0.99486536,0.027296834,0.017614584,0.0049788766,0.9955623,0.021705901,0.016895417,0.0047656437,0.9956809,0.023178099,0.016272835,0.005096316,0.9951633,0.023768513,0.015631303,0.0049827895,0.9953243,0.024211125,0.017046155,0.005447308,0.98913246,0.018324299,0.018200736,0.0056525627,0.9682685,0.01812531,0.013427465,0.0074494127,0.5306988,0.014912092,0.011298217,0.010488334,0.018556226,0.009056779,0.008904471,0.0070429393
4522,/home/jupyter/dent_outputs/isic2019_v2/melanoma/hairs/seed4522/lambda_t_star5/style.png,0.0005439026,0.01680148,0.046165366,0.0027786263,0.94811857,0.009529058,0.0019995463,0.0014089502,0.9935462,0.0056203427,0.00069447025,0.0009988182,0.037637893,0.0045744567,0.00071988004,0.0019016042,0.05454506,0.0059347306,0.00082397676,0.0021680952,0.06431137,0.009168565,0.0009916935,0.0022118378,0.041731443,0.013345269,0.00090791075,0.0019000329,0.03959451,0.01505673,0.00085043197,0.0017586028,0.03948432,0.01187086,0.0008468359,0.0017683938,0.035205718,0.009910694,0.0008732241,0.0017786887
4485,/home/jupyter/dent_outputs/isic2019_v2/melanoma/hairs/seed4485/lambda_t_star5/style.png,0.00061663444,0.000617942,0.005402017,0.0010949742,0.99373573,0.0063572363,0.00876304,0.002959526,0.992288,0.004112126,0.0065729646,0.0023604599,0.9925264,0.003340401,0.0058192783,0.002005765,0.9917889,0.0022473573,0.0047590584,0.001654955,0.9892078,0.0020361652,0.004944118,0.001539775,0.96675473,0.002399866,0.0039765774,0.0016274895,0.5619791,0.001894438,0.0039299363,0.0015395633,0.02850816,0.001754956,0.004543808,0.001997014,0.0031196454,0.001911328,0.0054529766,0.0025485975
4074,/home/jupyter/dent_outputs/isic2019_v2/melanoma/hairs/seed4074/lambda_t_star5/style.png,0.0009062773,0.0046132645,0.0034342047,0.00056662183,0.5552723,0.0032932942,0.0006424647,0.00059885543,0.8991849,0.0022965358,0.0007587268,0.000610886,0.8951137,0.014904852,0.0014578764,0.0011606645,0.6048082,0.04969349,0.0017287335,0.0019489792,0.09662206,0.06797609,0.0021537235,0.0019572675,0.012534381,0.04574931,0.0009227308,0.0010042948,0.0026944843,0.031999636,0.0009528193,0.000873235,0.0024028302,0.03785059,0.0015281332,0.0012555294,0.0013483719,0.019620227,0.0012384423,0.000891641
4217,/home/jupyter/dent_outputs/isic2019_v2/melanoma/hairs/seed4217/lambda_t_star5/style.png,0.26232797,0.005190311,0.0016257378,0.002631809,0.99994373,0.002187069,0.03714955,0.0013783008,0.99993694,0.0021181197,0.05455584,0.0014237245,0.99984276,0.0010406248,0.029038103,0.0010318019,0.9957172,0.00086600037,0.018203225,0.0015805406,0.99028766,0.0005993448,0.0088347355,0.001169415,0.9575884,0.00070790405,0.0061008837,0.0015817109,0.3438182,0.0008082045,0.0034928785,0.0022205156,0.036089394,0.001703577,0.0040194285,0.0038820934,0.017797304,0.0016924426,0.0053134295,0.0034560566
4779,/home/jupyter/dent_outputs/isic2019_v2/melanoma/hairs/seed4779/lambda_t_star5/style.png,0.0020636409,0.012224025,0.017347315,0.0024416684,0.70005405,0.00074278173,0.0049660914,0.004167809,0.5899948,0.0007483046,0.004351842,0.0038138467,0.41939986,0.0007470701,0.005120172,0.003736666,0.53307915,0.0007943527,0.004825216,0.0042300164,0.85650605,0.0007490819,0.0020660972,0.0027617363,0.47313532,0.0010471686,0.0039822473,0.004940521,0.004413886,0.0008030086,0.003766856,0.0037652154,0.0018017447,0.0008933575,0.0051317224,0.0038823849,0.0015699646,0.00085424504,0.005895256,0.003885783
4122,/home/jupyter/dent_outputs/isic2019_v2/melanoma/hairs/seed4122/lambda_t_star5/style.png,0.03913215,0.20663713,0.023616305,0.009166503,0.99955684,0.0290714,0.023673093,0.0037156013,0.99952805,0.028951101,0.01817709,0.0036386272,0.99949825,0.025854599,0.017203582,0.0034542736,0.99951243,0.025590504,0.01591712,0.0032536432,0.99930763,0.035527892,0.023221761,0.004235714,0.99823207,0.04528793,0.04470629,0.007840525,0.7680987,0.045707785,0.077048734,0.01585669,0.26165858,0.030185634,0.06303903,0.013154284,0.07385758,0.03246135,0.047087338,0.011575132
4540,/home/jupyter/dent_outputs/isic2019_v2/melanoma/hairs/seed4540/lambda_t_star5/style.png,0.0041182204,0.0074492753,0.08911245,0.005389084,0.9661282,0.0049519246,0.02818868,0.0017378655,0.86911106,0.0023189224,0.0492096,0.0013538135,0.8130199,0.0025101353,0.072078444,0.0017000037,0.7098787,0.0024379548,0.06305345,0.0016865868,0.45895708,0.0020432782,0.07229725,0.0018758542,0.003319186,0.00064877595,0.046917915,0.0009650721,0.0012113745,0.00057285413,0.08558728,0.0010347674,0.0008749699,0.0004865027,0.09091408,0.000952684,0.00091679185,0.0004364028,0.10347064,0.0009832513
4093,/home/jupyter/dent_outputs/isic2019_v2/melanoma/hairs/seed4093/lambda_t_star5/style.png,0.002016146,0.029585512,0.000653025,0.0003445786,0.99522334,0.0032349715,0.005293668,0.0025815303,0.99757355,0.002602496,0.015774874,0.0031218273,0.99280775,0.0024411818,0.013417166,0.0029366154,0.9986266,0.0022527012,0.012506766,0.002123468,0.998517,0.0018985646,0.009730695,0.0021262113,0.9823844,0.0015664651,0.008543579,0.0026988792,0.12551335,0.0020910925,0.0068758996,0.0045896005,0.0020197048,0.0013185787,0.0075949426,0.003838332,0.0005596341,0.0013612827,0.009583733,0.0037898405
4384,/home/jupyter/dent_outputs/isic2019_v2/melanoma/hairs/seed4384/lambda_t_star5/style.png,0.0013386613,0.017343398,0.34177536,0.009838112,0.9984578,0.007323181,0.4263296,0.008843571,0.9984193,0.002753004,0.3649244,0.0049999803,0.9965977,0.0027680905,0.34117672,0.005630295,0.99554235,0.002807438,0.34317863,0.006583915,0.9935922,0.0036954642,0.4188501,0.008267315,0.9839691,0.0046687615,0.4822079,0.013138132,0.8337938,0.0040060617,0.45414418,0.011729987,0.39945462,0.004166264,0.39764532,0.01177711,0.013694056,0.0049523567,0.43184188,0.018150914
4402,/home/jupyter/dent_outputs/isic2019_v2/melanoma/hairs/seed4402/lambda_t_star5/style.png,0.0075673223,0.088129744,0.26183343,0.010258711,0.9964837,0.006087987,0.103656575,0.0021052253,0.9951089,0.003321023,0.089215524,0.0016106748,0.99491286,0.003641792,0.09099644,0.0017061041,0.984021,0.0033009066,0.09729313,0.0017207544,0.9724538,0.0024948097,0.0922442,0.0016387656,0.87551284,0.0017121091,0.0685429,0.0015502255,0.027028913,0.0007424842,0.04529257,0.0008723168,0.00031509515,0.000552951,0.1179687,0.0007781271,0.00022120326,0.0005072723,0.118893795,0.00068612106
4647,/home/jupyter/dent_outputs/isic2019_v2/melanoma/hairs/seed4647/lambda_t_star5/style.png,0.061720006,0.008609921,0.0015197411,0.00027293595,0.038572337,0.004957442,0.21046615,0.009415258,0.041547842,0.004254999,0.0985652,0.0053883125,0.010184592,0.0056418683,0.09107435,0.006078501,0.005098892,0.0035943233,0.063809514,0.0047636,0.0062698727,0.004160588,0.05216677,0.006735454,0.0031186757,0.0024929128,0.03167736,0.004838239,0.0034215604,0.0024629112,0.05711643,0.0057525993,0.0008482165,0.0028617776,0.064379595,0.006204484,0.0004615137,0.0024941533,0.06316367,0.0053510237
4154,/home/jupyter/dent_outputs/isic2019_v2/melanoma/hairs/seed4154/lambda_t_star5/style.png,0.0051111514,0.0781516,0.0028666789,0.0037592282,0.9934735,0.014258109,0.21725558,0.0074399733,0.9942134,0.010600484,0.32595143,0.0071597206,0.9955135,0.007987254,0.6339813,0.0064520296,0.99721944,0.008190721,0.4567078,0.0069919825,0.99766773,0.008744425,0.40461427,0.009332694,0.9986821,0.007380693,0.12814069,0.010268869,0.9941123,0.003478287,0.03701049,0.007889073,0.119016975,0.0019181683,0.042605102,0.011022596,0.022928078,0.0018411068,0.036899526,0.0123482775
4799,/home/jupyter/dent_outputs/isic2019_v2/melanoma/hairs/seed4799/lambda_t_star5/style.png,0.00032110023,0.0017798786,0.019619208,0.00033292055,0.052787278,0.0031970034,0.023863541,0.006220638,0.04365751,0.0036365776,0.02384497,0.006219659,0.04285727,0.004058451,0.024109265,0.0064347913,0.056794267,0.005027109,0.03377447,0.009117449,0.08468268,0.004568865,0.016540498,0.00668513,0.017455297,0.0039225034,0.010347193,0.0064946786,0.0031710095,0.004148993,0.010047772,0.0073528118,0.0027772116,0.0045657456,0.010725758,0.0073050843,0.0020155215,0.0043959767,0.011437996,0.0065801675
4225,/home/jupyter/dent_outputs/isic2019_v2/melanoma/hairs/seed4225/lambda_t_star5/style.png,0.027910683,0.0043065017,0.0016221327,0.0014176969,0.9835534,0.038440004,0.08314346,0.010530193,0.8460636,0.049287006,0.25758165,0.018634621,0.7952315,0.003269099,0.077104665,0.0046940437,0.7355099,0.0027585116,0.07062619,0.0041337125,0.73976594,0.002874546,0.07814143,0.004401109,0.5540428,0.0019742919,0.058344975,0.0038104372,0.004257774,0.0013671812,0.04784564,0.0029036712,0.0008470135,0.0020771835,0.03276982,0.0030383116,0.00070643215,0.0021613776,0.028202888,0.0027736537
4298,/home/jupyter/dent_outputs/isic2019_v2/melanoma/hairs/seed4298/lambda_t_star5/style.png,0.06335566,0.042669475,0.00096470944,0.0014252777,0.92628783,0.09300488,0.0013988541,0.0038356252,0.92506605,0.19533463,0.002268127,0.0054500448,0.9775917,0.045866754,0.0013312135,0.002292908,0.99654096,0.03066558,0.0014720431,0.00163024,0.9877181,0.03700051,0.0018480944,0.0018588755,0.9565517,0.07237654,0.0016680618,0.0025222145,0.8857488,0.097210184,0.0015849251,0.0027530722,0.8590568,0.06794673,0.0014981613,0.0023718218,0.78411895,0.070534006,0.0014920159,0.0024053643
4833,/home/jupyter/dent_outputs/isic2019_v2/melanoma/hairs/seed4833/lambda_t_star5/style.png,0.007077675,0.016792212,0.002647229,0.0014730203,0.10729806,0.010786836,0.68421054,0.0049615745,0.18113096,0.011851467,0.7179871,0.006197341,0.19437516,0.013698693,0.7324782,0.006344531,0.18016864,0.013553527,0.6661784,0.005976533,0.09701384,0.0142296795,0.5514022,0.006404883,0.06614539,0.013202665,0.5190726,0.0064470484,0.002606937,0.016464107,0.59102756,0.008911341,0.0024588082,0.014515825,0.6698386,0.0088846,0.002457459,0.013997386,0.69694865,0.009104199
4326,/home/jupyter/dent_outputs/isic2019_v2/melanoma/hairs/seed4326/lambda_t_star5/style.png,0.031659357,0.016395234,0.006265246,0.0035670905,0.4843924,0.00034730442,0.010074463,0.0008494524,0.37195042,0.00038755574,0.016659906,0.00090414827,0.09844191,0.00026497728,0.01882954,0.0007186216,0.15305357,0.0002562257,0.009571936,0.0007696981,0.2026517,0.0003530954,0.018805329,0.0008621801,0.14431289,0.000288186,0.02270249,0.00091946695,0.020719063,0.00021654094,0.022807732,0.00085423404,0.00051537546,0.00019137036,0.034344863,0.0008057296,0.00044022236,0.00017677883,0.045687594,0.00085878436
4386,/home/jupyter/dent_outputs/isic2019_v2/melanoma/hairs/seed4386/lambda_t_star5/style.png,0.0046654064,0.005397256,0.0025503202,0.002640358,0.24563871,0.013377868,0.7735994,0.008566073,0.3275887,0.016205547,0.632056,0.010377119,0.2524021,0.023832602,0.68968916,0.01599846,0.2894684,0.022469064,0.63613576,0.018432563,0.1344185,0.023831073,0.6428101,0.023293117,0.19940798,0.02650067,0.56534994,0.0373359,0.009232668,0.061466098,0.6369226,0.046360876,0.007827609,0.0763717,0.5850062,0.052738097,0.0057558487,0.0571098,0.51127476,0.04122718
4951,/home/jupyter/dent_outputs/isic2019_v2/melanoma/hairs/seed4951/lambda_t_star5/style.png,0.0016760399,0.0059471997,0.021398928,0.0015557618,0.45516375,0.0016707296,0.010988238,0.0019306862,0.26533163,0.0025273135,0.010177874,0.0021424752,0.37067023,0.0017449005,0.011753736,0.0015798573,0.21399187,0.0017357061,0.017423773,0.0016628791,0.11254022,0.0018288026,0.016052486,0.0015869773,0.038522895,0.0013100116,0.02081029,0.0014875648,0.006279637,0.0014625695,0.027554212,0.0014042244,0.001997899,0.001387674,0.032543562,0.0013575823,0.0012870977,0.0011177995,0.026222285,0.0010276322
4243,/home/jupyter/dent_outputs/isic2019_v2/melanoma/hairs/seed4243/lambda_t_star5/style.png,0.029341578,0.008811171,0.0017806141,0.0010100103,0.9997631,0.0069221836,0.0011458598,0.0010763227,0.9996327,0.008272474,0.0013529912,0.0012480043,0.999385,0.0051539815,0.0010522662,0.0010985318,0.9988444,0.003882429,0.0009829969,0.0010629158,0.99798393,0.0029854549,0.0010045968,0.0011454026,0.9904944,0.0025331287,0.0012451416,0.0017039663,0.83235115,0.0030737782,0.001640971,0.0029748727,0.06677275,0.006217479,0.004064179,0.008753664,0.017779933,0.008704308,0.0056225313,0.0105764745
4789,/home/jupyter/dent_outputs/isic2019_v2/melanoma/hairs/seed4789/lambda_t_star5/style.png,0.0021365944,0.0669254,0.2618349,0.010175381,0.9829736,0.0044238036,0.033293992,0.0024993678,0.9789468,0.0046161646,0.025724132,0.0024316853,0.96184784,0.0034062348,0.030087505,0.002355725,0.9268331,0.0032765188,0.03668597,0.0021536138,0.8116217,0.0029104094,0.036365718,0.0020568243,0.2043423,0.0026224423,0.040011562,0.00125691,0.11354578,0.0031978197,0.040742587,0.0012720168,0.00023826599,0.006645439,0.021383975,0.0012859759,0.00017111539,0.0059917443,0.018686537,0.0010569023
4113,/home/jupyter/dent_outputs/isic2019_v2/melanoma/hairs/seed4113/lambda_t_star5/style.png,0.0013969742,0.021763546,0.06363305,0.0059038717,0.572969,0.0062127435,0.078736044,0.0021028956,0.28353375,0.019088795,0.018466465,0.0014744393,0.22739811,0.020860594,0.021034429,0.0016118807,0.32039684,0.008192321,0.037906874,0.0018643634,0.058277525,0.0037144225,0.016004948,0.0020922387,0.032340996,0.0020658888,0.0046353554,0.001831585,0.11306011,0.0015007429,0.0033019166,0.0021975248,0.0019130054,0.0021705416,0.0054294863,0.002954392,0.0015830677,0.00192617,0.004937219,0.0027275237
4895,/home/jupyter/dent_outputs/isic2019_v2/melanoma/hairs/seed4895/lambda_t_star5/style.png,0.022337653,0.021509772,0.004607365,0.0018013598,0.7711051,0.0013385925,0.0040889336,0.0020278802,0.67355245,0.00091942877,0.004637673,0.0019706134,0.58639556,0.00088953826,0.0049270038,0.002119837,0.49025905,0.0009754383,0.00519121,0.0021327294,0.3542011,0.0008619723,0.005102151,0.0023501574,0.1532293,0.000821679,0.006109891,0.0025007117,0.042878825,0.00085055555,0.006085258,0.0023270627,0.006311236,0.0013657535,0.0093594035,0.003324677,0.0018510602,0.0017153084,0.011416449,0.0036376147
4738,/home/jupyter/dent_outputs/isic2019_v2/melanoma/hairs/seed4738/lambda_t_star5/style.png,0.0005027746,0.003488297,0.044341337,0.0027978856,0.9989054,0.017492527,0.0018515289,0.0032063061,0.9988575,0.019721843,0.0019324061,0.003182464,0.998845,0.014023603,0.001727421,0.0025615506,0.99873465,0.01450024,0.0020372819,0.0026790278,0.998125,0.01328629,0.002172882,0.0028482068,0.99020714,0.0093574505,0.0023249271,0.0032978128,0.9529714,0.008496351,0.0027885695,0.0034322029,0.8801937,0.008192113,0.002854937,0.0036127332,0.83649635,0.007419384,0.002804236,0.0032891927
4157,/home/jupyter/dent_outputs/isic2019_v2/melanoma/hairs/seed4157/lambda_t_star5/style.png,0.005710998,0.027936079,0.0060741445,0.004589278,0.9999833,0.001321982,0.009787346,0.00062368694,0.9999137,0.0014467459,0.05263596,0.0016068905,0.99990726,0.0013603838,0.065224886,0.0017693781,0.99992466,0.0011007709,0.050787125,0.0013977734,0.99992347,0.0014863535,0.04839511,0.0015833594,0.9998252,0.0012748847,0.025363324,0.0014158613,0.9981482,0.0012504678,0.017866835,0.0019784642,0.14302008,0.0006354495,0.015310136,0.00288424,0.0013608354,0.0005253795,0.01226975,0.0022747004
4658,/home/jupyter/dent_outputs/isic2019_v2/melanoma/hairs/seed4658/lambda_t_star5/style.png,0.0007993536,0.0070946417,0.02756419,0.002829232,0.004471654,0.0018202075,0.06086905,0.002826919,0.0041620717,0.0016062802,0.0635416,0.0021818203,0.0028469707,0.0018093333,0.05790659,0.0019917465,0.0016737115,0.0015601285,0.07496694,0.0017889548,0.0013123844,0.0015384152,0.08041888,0.0018098708,0.0008136251,0.0016089819,0.0763,0.0018248404,0.0006617595,0.0020277086,0.071502,0.0020430982,0.00045444042,0.0021075087,0.08606917,0.0020695205,0.0004204409,0.0024137397,0.084075764,0.002190064
4433,/home/jupyter/dent_outputs/isic2019_v2/melanoma/hairs/seed4433/lambda_t_star5/style.png,0.00574945,0.014107078,0.016484024,0.0035299284,0.5119202,0.008349435,0.0068009575,0.004945028,0.44442764,0.008816437,0.0073420377,0.0047781123,0.43574288,0.0077823135,0.0069218683,0.004580521,0.34430256,0.0071881814,0.006384206,0.004442996,0.13374382,0.006121055,0.006623592,0.0044980594,0.006153179,0.009332341,0.009187983,0.006520816,0.0038934723,0.007238319,0.008686076,0.005548557,0.002515648,0.0063461727,0.009126953,0.0048381286,0.0021787777,0.0062017064,0.0092902025,0.004561017
4046,/home/jupyter/dent_outputs/isic2019_v2/melanoma/hairs/seed4046/lambda_t_star5/style.png,0.0007574102,0.007514968,0.016919853,0.0020634169,0.7435134,0.003626796,0.0054969927,0.003478525,0.76731765,0.003354666,0.0056887004,0.0033460765,0.672703,0.0028942642,0.005837653,0.0033550458,0.4149146,0.003305341,0.006861588,0.0032914649,0.21053083,0.002841319,0.00570802,0.0027156542,0.03838843,0.003410034,0.0071066595,0.0031035347,0.003516038,0.0036120845,0.00865325,0.0025141444,0.00069780624,0.0037340024,0.008419153,0.0019451428,0.00067167974,0.0041328175,0.008613983,0.0019727864
4891,/home/jupyter/dent_outputs/isic2019_v2/melanoma/hairs/seed4891/lambda_t_star5/style.png,0.11488946,0.050071113,0.040018186,0.0028362398,0.9100442,0.01180967,0.008311065,0.0059948293,0.9952769,0.0055364436,0.0072846413,0.0032202322,0.993852,0.004553947,0.006819406,0.0029797729,0.98999083,0.00512066,0.00777509,0.0036970607,0.9799974,0.0043982416,0.007320103,0.0037301413,0.9431478,0.005130537,0.0077503715,0.0048050075,0.7581414,0.0059001734,0.0076465905,0.0064616376,0.094956525,0.006405973,0.009624826,0.008337962,0.020054474,0.005194227,0.009125784,0.0071516815
4258,/home/jupyter/dent_outputs/isic2019_v2/melanoma/hairs/seed4258/lambda_t_star5/style.png,0.5589813,0.010130804,0.0006538181,0.0005158119,0.9758243,0.001444059,0.0022541261,0.0027074032,0.9857717,0.0011267466,0.0019786223,0.00203782,0.9882386,0.0019247442,0.0025024298,0.0025178948,0.99434125,0.002842214,0.0013405955,0.003243149,0.9682994,0.002594489,0.0012354025,0.0035785069,0.5266317,0.004313033,0.0014886567,0.0052480367,0.20906463,0.0036403858,0.0014049486,0.0050861016,0.02567432,0.0035259135,0.0019522615,0.0056987754,0.0083836755,0.0046897996,0.0046307333,0.008667255
4400,/home/jupyter/dent_outputs/isic2019_v2/melanoma/hairs/seed4400/lambda_t_star5/style.png,0.005574195,0.01675008,0.017419055,0.009458878,0.9983375,0.6396502,0.0008054863,0.0011221739,0.98357105,0.6485368,0.001502797,0.0021369166,0.97448075,0.3316138,0.0010748119,0.0017095788,0.99093854,0.5363135,0.0010428047,0.0012524698,0.8508032,0.5904011,0.0011938666,0.0021199086,0.54397845,0.6367353,0.001015211,0.0019977659,0.13026243,0.6547648,0.0010475183,0.0019411349,0.040431235,0.5833639,0.0010069554,0.001607361,0.022307254,0.4763639,0.00086922484,0.0012684532
4411,/home/jupyter/dent_outputs/isic2019_v2/melanoma/hairs/seed4411/lambda_t_star5/style.png,0.21673606,0.09614628,0.00790344,0.0057461313,0.9462693,0.0049198647,0.67701286,0.011723014,0.9712687,0.0046620457,0.5202465,0.010889686,0.9798895,0.0036141104,0.5485083,0.007774273,0.9884638,0.0031029698,0.35885692,0.0049820924,0.9369847,0.0024600574,0.2526744,0.0044963514,0.8883543,0.0031824913,0.16229881,0.004952033,0.5222724,0.0028418002,0.08706642,0.0044994834,0.006796292,0.0067512663,0.17485364,0.019232042,0.0044316016,0.005431606,0.15199016,0.015520755
4974,/home/jupyter/dent_outputs/isic2019_v2/melanoma/hairs/seed4974/lambda_t_star5/style.png,0.02994023,0.018128747,0.009884848,0.0013237945,0.72979826,0.015825372,0.0022715426,0.006961125,0.7171844,0.024452953,0.0028464089,0.008507437,0.6557163,0.026135148,0.0027610902,0.0079774065,0.5508158,0.024424823,0.0029421286,0.0078022857,0.4448925,0.025662271,0.0025371353,0.0065668337,0.3322513,0.013286822,0.0025094477,0.0058133393,0.111193106,0.013800861,0.0036319965,0.0068862,0.03106294,0.012402707,0.0033997823,0.006209326,0.016916301,0.0133187985,0.003953174,0.0064030387
4162,/home/jupyter/dent_outputs/isic2019_v2/melanoma/hairs/seed4162/lambda_t_star5/style.png,0.5582844,0.0025854658,0.00035374146,0.0004460757,0.9999025,0.0022385344,0.14970435,0.003614344,0.9970387,0.0010978883,0.0036261068,0.0011120071,0.9899644,0.0009709718,0.008122058,0.0011376576,0.95615447,0.0007969714,0.010659267,0.0013464547,0.7301884,0.0009471646,0.015408671,0.0019562878,0.28744534,0.00084660243,0.0056758607,0.001715574,0.21504804,0.00075839576,0.007974,0.0024148056,0.063130826,0.0005519697,0.0064335507,0.002460053,0.0077661555,0.00067824346,0.008134251,0.003208227
4272,/home/jupyter/dent_outputs/isic2019_v2/melanoma/hairs/seed4272/lambda_t_star5/style.png,0.042336635,0.11178827,0.0042381566,0.0026879008,0.9320665,0.0011120214,0.0048807994,0.002289844,0.86480683,0.001205971,0.008432013,0.0029731393,0.8752655,0.001072929,0.011236845,0.0028476855,0.8768685,0.0009052275,0.008543276,0.0024515872,0.83735466,0.0014250904,0.0109333005,0.0032532273,0.31287766,0.0016111035,0.015648657,0.004604235,0.021147354,0.0021790038,0.019834718,0.0048796902,0.0033803289,0.0018034368,0.030735752,0.0045892606,0.0011593528,0.0024097313,0.039001003,0.0052561676
4609,/home/jupyter/dent_outputs/isic2019_v2/melanoma/hairs/seed4609/lambda_t_star5/style.png,0.0006077451,0.013141688,0.022044381,0.0015137633,0.99906856,0.0007745159,0.0020901184,0.0010129117,0.99916077,0.00081426854,0.0017049327,0.00088524417,0.99864906,0.0006126945,0.001225561,0.00075186783,0.998075,0.0006875923,0.0011946002,0.0008280338,0.9898329,0.00078731513,0.0018126502,0.001229112,0.9241415,0.0012168504,0.0027509453,0.0022193315,0.059755724,0.0037225205,0.006386532,0.0062509966,0.016514208,0.0026417747,0.0053669424,0.0050624763,0.008327756,0.002051712,0.0046896813,0.0042030737
4932,/home/jupyter/dent_outputs/isic2019_v2/melanoma/hairs/seed4932/lambda_t_star5/style.png,0.0013365365,0.003908061,0.03851696,0.0020691562,0.9972059,0.005271838,0.0056477594,0.0024546073,0.9826812,0.006075449,0.009800405,0.002984748,0.71488327,0.002733863,0.00601855,0.0021555761,0.68856317,0.0023797182,0.0058532176,0.002010565,0.57343525,0.0023623833,0.0065999716,0.002044093,0.33875808,0.0022474858,0.00661544,0.0023309207,0.1846061,0.002294698,0.0070064524,0.0026824523,0.046476293,0.002014208,0.008006784,0.00323726,0.001323219,0.0015490133,0.0078415815,0.0031302988
4356,/home/jupyter/dent_outputs/isic2019_v2/melanoma/hairs/seed4356/lambda_t_star5/style.png,0.0043099727,0.006342815,0.03616312,0.0008807061,0.6252045,0.045758482,0.23639582,0.068179294,0.27658328,0.054979157,0.21901456,0.07870522,0.1472581,0.04975993,0.15116073,0.05203138,0.09389192,0.034686927,0.09583389,0.03678616,0.04398745,0.033899225,0.0716781,0.027692942,0.01870774,0.024392536,0.07928913,0.026060529,0.0044768895,0.02327408,0.09013347,0.02551571,0.0016672893,0.015213813,0.08575052,0.018353451,0.001181323,0.013592106,0.077443846,0.018695664
4998,/home/jupyter/dent_outputs/isic2019_v2/melanoma/hairs/seed4998/lambda_t_star5/style.png,0.0028869647,0.018062154,0.0045618527,0.002223133,0.8932995,0.002519022,0.052725952,0.001814007,0.97134745,0.0016489641,0.05461084,0.002178872,0.99489564,0.0019803566,0.047742635,0.0020649983,0.96230733,0.002896479,0.08065412,0.0032319068,0.95050406,0.0031173015,0.035125505,0.002342193,0.90666914,0.002635806,0.016787292,0.0018887077,0.7661114,0.0027508067,0.011685424,0.002272521,0.000508756,0.0012763196,0.014650784,0.0026749389,0.0004854014,0.0013391166,0.019299578,0.0038938923
4185,/home/jupyter/dent_outputs/isic2019_v2/melanoma/hairs/seed4185/lambda_t_star5/style.png,0.0077142953,0.03410462,0.05180518,0.003592312,0.9999583,0.0022957877,0.026501672,0.0010828546,0.9999608,0.002060437,0.022135867,0.0008520948,0.99992144,0.0019581637,0.01922117,0.0011674772,0.99958116,0.003110716,0.03197097,0.001879353,0.999092,0.0035815716,0.034025885,0.0025553044,0.9975684,0.00527952,0.031078337,0.003951239,0.95500016,0.0063032955,0.03347796,0.008662245,0.14576685,0.0045245388,0.015803825,0.0074182926,0.033870786,0.0052274005,0.018749274,0.0081950845
4036,/home/jupyter/dent_outputs/isic2019_v2/melanoma/hairs/seed4036/lambda_t_star5/style.png,0.0021835337,0.021479478,0.055829,0.018178686,0.45062026,0.047849115,0.0048586205,0.005954585,0.33597147,0.058293253,0.0049411138,0.005788152,0.3745685,0.0497083,0.005363128,0.005404713,0.25958222,0.03480852,0.0038380018,0.0038033829,0.16658491,0.04076764,0.003943968,0.0037911353,0.0656408,0.037817445,0.003448376,0.0029364496,0.038593948,0.033241697,0.0035140335,0.002732211,0.024267288,0.030973662,0.003645632,0.0026438546,0.019615998,0.03332187,0.0047186962,0.0030264044
4868,/home/jupyter/dent_outputs/isic2019_v2/melanoma/hairs/seed4868/lambda_t_star5/style.png,0.0016985192,0.040203344,0.00399401,0.0015314441,0.00026900426,0.002038364,0.82034117,0.003715102,0.0002613044,0.0017009823,0.8683281,0.003770775,0.0001971775,0.0012766217,0.8793862,0.002987272,0.00020991011,0.001567429,0.88757235,0.0030695756,0.00019599884,0.0013537013,0.89542323,0.0025917164,0.00017831975,0.0015145484,0.887843,0.002773387,0.000169909,0.0012624381,0.8873231,0.0023438681,0.0001733723,0.0014079685,0.9048152,0.0023795755,0.00013783983,0.0012935472,0.8989527,0.0019286355
4809,/home/jupyter/dent_outputs/isic2019_v2/melanoma/hairs/seed4809/lambda_t_star5/style.png,0.001321887,0.0018656255,0.02736245,0.0014860557,0.9750143,0.06540688,0.0025766569,0.0010156928,0.95877707,0.05591482,0.0019688837,0.0010185703,0.9410145,0.029144365,0.0019858757,0.00089734874,0.9055405,0.015102822,0.0022481114,0.0009570053,0.8477182,0.013856355,0.0021490403,0.001143467,0.6259197,0.0148966415,0.0024807293,0.0014985735,0.2940121,0.013420644,0.0027004378,0.0018910932,0.0020959966,0.018643199,0.003561957,0.0024512992,0.001691184,0.010782162,0.004299894,0.0025402436
4527,/home/jupyter/dent_outputs/isic2019_v2/melanoma/hairs/seed4527/lambda_t_star5/style.png,0.009546734,0.0011753333,0.10998476,0.0030411123,0.93289775,0.019243686,0.05527708,0.016614208,0.4490982,0.023102626,0.07317966,0.023866858,0.30492893,0.014860417,0.058756605,0.019261327,0.2027616,0.015455439,0.0728031,0.022565167,0.10037676,0.007682288,0.05319428,0.014757941,0.024485024,0.007422658,0.046502106,0.011599466,0.0030538335,0.005224783,0.038885526,0.008976618,0.0010672143,0.0044925176,0.031635474,0.0073496797,0.000774334,0.0046153083,0.022470748,0.0063773976
4130,/home/jupyter/dent_outputs/isic2019_v2/melanoma/hairs/seed4130/lambda_t_star5/style.png,0.24776186,0.027527278,0.0058768885,0.0077671413,0.9871338,0.001196929,0.001434624,0.0018113143,0.9754601,0.0012128062,0.0012455698,0.0017176339,0.9761292,0.0013791996,0.001482493,0.0021260695,0.7832897,0.0018393698,0.0020344744,0.0031254012,0.7406742,0.0026055907,0.0025602921,0.003649387,0.5047647,0.0019686194,0.002654291,0.0029134813,0.43583062,0.0016001542,0.0031277183,0.0028300015,0.35503837,0.0014852243,0.0031161755,0.0024998602,0.3805951,0.0018865525,0.003629561,0.0028540916
4017,/home/jupyter/dent_outputs/isic2019_v2/melanoma/hairs/seed4017/lambda_t_star5/style.png,0.18264887,0.033109386,0.024272274,0.0054551414,0.0026935758,0.0032516536,0.01349662,0.0055875587,0.0022053176,0.0016630192,0.0059261573,0.0033098701,0.002003464,0.001271195,0.005835765,0.0029000689,0.0018145363,0.0011178444,0.0052611837,0.0028255575,0.0016486642,0.0010550015,0.004336885,0.002733039,0.0018651019,0.0009850411,0.0045440556,0.0026826805,0.0016254731,0.0008892768,0.0044540255,0.0026469093,0.0015781628,0.0008676725,0.0047693835,0.0028370465,0.0015282489,0.00090915256,0.004786805,0.0028418729
4521,/home/jupyter/dent_outputs/isic2019_v2/melanoma/hairs/seed4521/lambda_t_star5/style.png,0.00016388843,0.01727103,0.17342462,0.003012684,0.005594388,0.018843703,0.60557574,0.019660715,0.0032038554,0.014766019,0.55332416,0.017418776,0.0031663775,0.012532611,0.5463649,0.017042568,0.0028507009,0.011182021,0.5237092,0.014566239,0.0026170935,0.00919088,0.5245419,0.015158972,0.002341304,0.009563436,0.4812751,0.013948021,0.0020966472,0.00823299,0.4480781,0.012760167,0.0018058367,0.007108907,0.45069543,0.013488241,0.0016413188,0.006743705,0.46165356,0.012096476
4923,/home/jupyter/dent_outputs/isic2019_v2/melanoma/hairs/seed4923/lambda_t_star5/style.png,0.0005564584,0.0073689152,0.30567598,0.004076463,0.12583226,0.0043504094,0.023851171,0.007289215,0.07206926,0.0045742444,0.0314202,0.007962067,0.024723373,0.0046074437,0.03300798,0.007844706,0.014042287,0.0052170116,0.024590287,0.0088545745,0.008441906,0.005637261,0.02318331,0.009620345,0.0028146275,0.0039446163,0.01829103,0.007099688,0.002097115,0.0035590965,0.015364007,0.006269861,0.0019117284,0.003434092,0.014063469,0.0059656114,0.0011998083,0.0032817426,0.01599696,0.0047163498
4100,/home/jupyter/dent_outputs/isic2019_v2/melanoma/hairs/seed4100/lambda_t_star5/style.png,6.718213e-05,0.0046309796,0.0020106973,0.00021965159,0.81868416,0.0014389456,0.02535422,0.0030692094,0.83825946,0.0010947875,0.018843774,0.0026589227,0.7377026,0.00086428947,0.015811801,0.0019871255,0.6502629,0.0009249432,0.019281086,0.0021059467,0.1307284,0.0006407312,0.016971352,0.0013113263,0.00044373336,0.00032191005,0.021073643,0.0012186419,0.00032127355,0.00033208463,0.019379305,0.0011973041,0.00032169992,0.0003428202,0.021911947,0.0013390757,0.0003267468,0.00027558612,0.016451525,0.0011732427
4151,/home/jupyter/dent_outputs/isic2019_v2/melanoma/hairs/seed4151/lambda_t_star5/style.png,0.0008443744,0.014750239,0.057272602,0.005474262,0.9864288,0.004802771,0.0065918732,0.0029870167,0.6795635,0.014918046,0.018224379,0.009433027,0.78067404,0.012456931,0.013301289,0.0071830917,0.76335955,0.011457909,0.013637034,0.006715259,0.64934444,0.013229816,0.015409396,0.0075082,0.39679825,0.013032512,0.022775961,0.009738385,0.11591217,0.0077758334,0.019211587,0.0073658675,0.056938004,0.009993387,0.020311657,0.008540623,0.048373155,0.009304486,0.017779917,0.00818937
4826,/home/jupyter/dent_outputs/isic2019_v2/melanoma/hairs/seed4826/lambda_t_star5/style.png,0.0005485009,0.015880877,0.06523468,0.004285068,0.99970704,0.00440325,0.007860908,0.0019451418,0.9878842,0.008030896,0.01071346,0.004641606,0.991222,0.008721021,0.011944879,0.00496208,0.9907569,0.009900466,0.011890968,0.0051509435,0.9848749,0.010106384,0.013350543,0.0055824397,0.9603823,0.00957213,0.018994842,0.007848202,0.6315125,0.01574322,0.016538613,0.009780744,0.23090564,0.025514528,0.010710261,0.008981009,0.031001385,0.024870183,0.008224036,0.006337744
4101,/home/jupyter/dent_outputs/isic2019_v2/melanoma/hairs/seed4101/lambda_t_star5/style.png,0.013130771,0.10147676,0.005130469,0.005113501,0.99070954,0.0041367114,0.005808705,0.006801902,0.98841363,0.004342887,0.0059893876,0.0067629186,0.9883836,0.004407723,0.0054405984,0.006276171,0.9861427,0.004370691,0.0059344885,0.0063384017,0.9761051,0.0036262895,0.0049240403,0.0054822112,0.93404317,0.004260459,0.0062753833,0.007273206,0.73517853,0.0052351803,0.008875192,0.0096229315,0.3307085,0.005561406,0.012460444,0.011103924,0.13487309,0.004377745,0.012866619,0.009567796
4296,/home/jupyter/dent_outputs/isic2019_v2/melanoma/hairs/seed4296/lambda_t_star5/style.png,0.208949,0.021712663,0.022476977,0.0008487574,0.9987208,0.012432746,0.03764283,0.0050834217,0.008751996,0.0086062215,0.009602063,0.003208584,0.010514912,0.0053689587,0.013146544,0.003209774,0.010597553,0.0046310215,0.013898516,0.002985408,0.0059680315,0.0038943617,0.012640122,0.0030045116,0.0019879295,0.0028267684,0.010178518,0.0022266535,0.0012684079,0.0022893865,0.008988367,0.0017913245,0.00095060136,0.00199671,0.008093909,0.0014613367,0.00070452114,0.0015841443,0.0074703,0.0012488896
4763,/home/jupyter/dent_outputs/isic2019_v2/melanoma/hairs/seed4763/lambda_t_star5/style.png,0.061824113,0.0014244587,0.009237271,0.0016197753,0.9992318,0.0034061763,0.007560764,0.0023054916,0.99873406,0.0028148617,0.0067688366,0.002206048,0.9982596,0.0022848547,0.0051013115,0.0022055537,0.99764866,0.002106588,0.0044494714,0.002043567,0.9955947,0.0023214875,0.0031395704,0.0020226229,0.9744177,0.0020623303,0.0019836796,0.0017976877,0.4996731,0.0013842197,0.0014132694,0.0021501807,0.0057104025,0.0034701957,0.0021999665,0.00430834,0.0027336695,0.0031021836,0.0022044794,0.003621142
4071,/home/jupyter/dent_outputs/isic2019_v2/melanoma/hairs/seed4071/lambda_t_star5/style.png,0.0011991926,0.016102316,0.015928037,0.0013984425,0.06446855,0.0010343288,0.0025447854,0.0025847724,0.6682437,0.0022093041,0.0025346123,0.0039765867,0.035049394,0.0016091879,0.0043211826,0.003362904,0.025503557,0.0017299888,0.0030800956,0.0032147786,0.015877621,0.0020438149,0.003876899,0.003759182,0.0049319346,0.0026111582,0.0045846733,0.004051876,0.003165505,0.003045199,0.0048912973,0.0041021183,0.002486293,0.0025180492,0.0047254884,0.0036765086,0.0019568214,0.0026020873,0.004798044,0.0035996002
4572,/home/jupyter/dent_outputs/isic2019_v2/melanoma/hairs/seed4572/lambda_t_star5/style.png,0.012184269,0.08117549,0.00035347295,0.00048499258,0.9047677,0.039516006,0.0102068195,0.014325505,0.9169058,0.02754329,0.007915326,0.011655197,0.9174338,0.017835988,0.0061855894,0.008813125,0.9007818,0.014568552,0.005300755,0.008027722,0.71634376,0.008746678,0.004908041,0.007690886,0.27513462,0.004226965,0.0049043186,0.0062370757,0.06629704,0.0025580197,0.005004442,0.004695287,0.015875177,0.002543942,0.0069946386,0.0052001886,0.0029450897,0.0028780017,0.008406942,0.006214351
4782,/home/jupyter/dent_outputs/isic2019_v2/melanoma/hairs/seed4782/lambda_t_star5/style.png,0.06622154,0.08884696,0.0006088527,0.0012024627,0.8806163,0.00029578447,0.006160453,0.00093679817,0.8630215,0.00030075968,0.0064239865,0.0009878098,0.85854375,0.00026975753,0.0064656152,0.00094210735,0.83316493,0.00026999117,0.0063797464,0.0010159594,0.8716461,0.0002243278,0.003280955,0.00087874633,0.92028797,0.00030272885,0.0020926052,0.00094748184,0.15927899,0.00022554684,0.0032745274,0.0014532031,0.0198919,0.00018790257,0.0040857857,0.0013963113,0.006494943,0.00017897539,0.004371286,0.0013575526
4268,/home/jupyter/dent_outputs/isic2019_v2/melanoma/hairs/seed4268/lambda_t_star5/style.png,0.00019620641,0.057402886,0.046044394,0.006307191,0.00093513593,0.0005854509,0.09062742,0.0011498897,0.0006939291,0.0005987253,0.14490566,0.0013325473,0.0008682163,0.0005676243,0.2695027,0.0013080693,0.005305522,0.00042671073,0.23015478,0.0009485748,0.012653489,0.0003587168,0.2495323,0.0009008431,0.008960885,0.0003423171,0.27363896,0.00084252824,0.006279333,0.00043734358,0.2475749,0.0010861058,0.0005970795,0.00061281625,0.3431503,0.0013642268,0.00037400078,0.0009942462,0.57298845,0.002059644
4316,/home/jupyter/dent_outputs/isic2019_v2/melanoma/hairs/seed4316/lambda_t_star5/style.png,0.0035994619,0.019582083,0.0059625325,0.005725497,0.99069256,0.0034558862,0.020535335,0.004210293,0.99014646,0.0032471982,0.02421545,0.003754128,0.9847882,0.0030236174,0.021352729,0.0033445978,0.9744033,0.004189708,0.02558195,0.0047402773,0.9884722,0.003259655,0.024325114,0.0049347905,0.9674039,0.002637642,0.019152533,0.004614504,0.16945575,0.0021771537,0.023407595,0.0063989926,0.012539883,0.002146937,0.042599693,0.007909436,0.0070766225,0.0017399868,0.049880728,0.0063058226
4858,/home/jupyter/dent_outputs/isic2019_v2/melanoma/hairs/seed4858/lambda_t_star5/style.png,0.0009407489,0.009899523,0.7243338,0.0037734662,0.82662344,0.0011867422,0.033198055,0.0011340777,0.75557506,0.0010533831,0.028053185,0.0011051776,0.71468747,0.00091120746,0.021194948,0.0009467758,0.7144785,0.0010561931,0.025574049,0.0012266098,0.7430189,0.0013200244,0.03042726,0.0017180404,0.495678,0.0011697258,0.021768406,0.0020780682,0.011889097,0.0003787379,0.01379325,0.0012188817,0.0016820176,0.0003471518,0.011473003,0.0011716735,0.00043644442,0.0005025767,0.024810618,0.0018575062
4904,/home/jupyter/dent_outputs/isic2019_v2/melanoma/hairs/seed4904/lambda_t_star5/style.png,0.012664378,0.006008153,0.99690515,0.0024463676,0.9999385,0.002556475,0.14343739,0.0016384146,0.99994814,0.0021567773,0.19628453,0.0011720872,0.999918,0.0021796352,0.14473563,0.0014961774,0.9998708,0.0023315572,0.08670365,0.0015749683,0.9985459,0.0024901647,0.052751534,0.0020645848,0.84748447,0.0034246286,0.062102124,0.00467937,0.044474512,0.0038752805,0.1014997,0.007583468,0.011091088,0.0032762866,0.12676772,0.007990784,0.012178961,0.0029351446,0.13146602,0.007461537
4921,/home/jupyter/dent_outputs/isic2019_v2/melanoma/hairs/seed4921/lambda_t_star5/style.png,0.00038618437,0.010577862,0.13389131,0.0009767779,0.99926275,0.005096282,0.14559989,0.0024700651,0.99869007,0.0063021425,0.14022878,0.0026025875,0.997502,0.0059599048,0.08612053,0.0029385234,0.9805691,0.0051306146,0.0617888,0.0031267458,0.7968619,0.0026400753,0.068421856,0.0024752368,0.5206404,0.0019021889,0.043195497,0.0020020725,0.069380134,0.0011547628,0.016377464,0.0018964842,0.001819621,0.0016359355,0.018671192,0.002510201,0.0009190062,0.001569576,0.022668153,0.0025999323
4775,/home/jupyter/dent_outputs/isic2019_v2/melanoma/hairs/seed4775/lambda_t_star5/style.png,0.0067617656,0.007315922,0.0024928784,0.0007145286,0.41039485,0.0007643943,0.0028261393,0.0016216525,0.4817668,0.0006515197,0.0033186655,0.0017673688,0.60925925,0.00057839573,0.0036310407,0.0019207196,0.3476751,0.0007631846,0.004039042,0.0022121358,0.08559963,0.00066246756,0.004201003,0.0023802074,0.03152861,0.0007089772,0.0053945617,0.0029846418,0.0067484304,0.0007172344,0.0070229424,0.0039602327,0.00785796,0.0010340642,0.008738951,0.005370843,0.0053859847,0.0009399335,0.008169664,0.0050076367
4803,/home/jupyter/dent_outputs/isic2019_v2/melanoma/hairs/seed4803/lambda_t_star5/style.png,0.0023133138,0.003793733,0.0944076,0.0017468493,0.999936,0.00087933143,0.0018512107,0.0008225172,0.99915254,0.0011776306,0.0023262037,0.0012977546,0.9988977,0.0011784772,0.002787921,0.0014445741,0.99755967,0.0015266569,0.0033105107,0.0020204468,0.98644024,0.002381717,0.0051482986,0.003808912,0.95113367,0.0030279215,0.0055336505,0.0045083133,0.04555593,0.0026564102,0.005584751,0.004444861,0.001179046,0.0016515763,0.005354154,0.0025496716,0.0005239137,0.0016647722,0.006081303,0.0023528107
4078,/home/jupyter/dent_outputs/isic2019_v2/melanoma/hairs/seed4078/lambda_t_star5/style.png,0.028872624,0.002562435,0.0010169162,0.00051041186,0.99984396,0.002540519,0.040410314,0.0023546494,0.9980605,0.0015480719,0.037851825,0.003038319,0.9955239,0.0008540452,0.031228893,0.0021996358,0.9933826,0.0008200747,0.029463641,0.0020285307,0.98714286,0.0008812652,0.028478738,0.0022624193,0.96440804,0.0010720146,0.03432405,0.0024757595,0.40360543,0.001175241,0.024996877,0.00333059,0.039856847,0.0008365078,0.039758015,0.003356714,0.009651939,0.00046401532,0.0346358,0.0025346833
4893,/home/jupyter/dent_outputs/isic2019_v2/melanoma/hairs/seed4893/lambda_t_star5/style.png,0.0008747707,0.0020264073,0.019253802,0.00066777255,0.48119357,0.011776195,0.20882528,0.0050044493,0.51906985,0.012880398,0.27044126,0.005491558,0.37271893,0.007383023,0.22159827,0.004154985,0.22159564,0.006289014,0.19764227,0.0037538782,0.055355255,0.003779959,0.13131836,0.0032023417,0.0067439703,0.0040432913,0.14356151,0.0033290887,0.0014283457,0.0031802184,0.17873439,0.0027742996,0.0010088927,0.003076196,0.1584066,0.0026780574,0.00072906894,0.0023262126,0.14915438,0.0027316264
4628,/home/jupyter/dent_outputs/isic2019_v2/melanoma/hairs/seed4628/lambda_t_star5/style.png,0.008436188,0.061303113,0.004231314,0.001394433,0.9935999,0.011064405,0.014855775,0.007528616,0.99552995,0.010532957,0.009801793,0.008022555,0.9949452,0.008212885,0.0077748685,0.0062347506,0.9912742,0.009681818,0.007859644,0.0065769674,0.972853,0.012375185,0.0066894917,0.006051614,0.42406714,0.03608221,0.0051840614,0.008279542,0.057554286,0.060222793,0.004345828,0.0070721474,0.0049482016,0.05227001,0.0037929509,0.0059428965,0.0022470185,0.056592137,0.0034808514,0.004973939
4320,/home/jupyter/dent_outputs/isic2019_v2/melanoma/hairs/seed4320/lambda_t_star5/style.png,0.0012778565,0.012269871,0.0049929633,0.001389377,0.058139924,0.00043411495,0.045077916,0.0017572431,0.0493179,0.00047786275,0.049338102,0.001872249,0.041906353,0.00050395704,0.046934567,0.0019122972,0.050100993,0.00043478754,0.03758417,0.0015564701,0.041114524,0.0004924285,0.042502336,0.0016578072,0.027811548,0.00055346853,0.047092382,0.0016637238,0.006020579,0.00045706425,0.038293857,0.0016135267,0.00062307355,0.00040138923,0.050525904,0.001835623,0.0006461676,0.0004001216,0.05556554,0.0019446469
4407,/home/jupyter/dent_outputs/isic2019_v2/melanoma/hairs/seed4407/lambda_t_star5/style.png,0.31407446,0.009110843,0.00057028746,0.0007954616,0.4146217,0.0014943784,0.001243246,0.00088972814,0.42363358,0.001286839,0.001520622,0.0010186508,0.38870886,0.0012873687,0.0013505252,0.00095413247,0.4193309,0.001355268,0.0013331058,0.0008904766,0.671676,0.0015285756,0.00056244986,0.00060129294,0.16431986,0.0011871335,0.00079619454,0.0007616618,0.0046620015,0.0008514564,0.0009562976,0.0008262305,0.0004245447,0.00056750147,0.0013433524,0.0008905529,0.00035854173,0.0004231074,0.0012862791,0.0008241118
4073,/home/jupyter/dent_outputs/isic2019_v2/melanoma/hairs/seed4073/lambda_t_star5/style.png,8.0714475e-05,0.00084698695,0.009178694,0.0009248895,0.9993444,0.0032707073,0.0017015128,0.0009810101,0.998464,0.001688986,0.0025725558,0.0015009086,0.9967263,0.00073441747,0.0025317422,0.0013411905,0.9919864,0.0005853466,0.0030451787,0.0014687687,0.9746796,0.00057979213,0.0032418808,0.0017231454,0.7335647,0.0006462486,0.0041713254,0.0029638472,0.24677613,0.00054182904,0.0057321214,0.0028773588,0.033903856,0.0007578723,0.008374848,0.003103138,0.009937849,0.00072628155,0.008305993,0.002969317
4450,/home/jupyter/dent_outputs/isic2019_v2/melanoma/hairs/seed4450/lambda_t_star5/style.png,0.58205485,0.026665047,0.0041413717,0.0016399145,0.99883693,0.010586969,0.8892106,0.004739555,0.9982521,0.01491804,0.92749447,0.005793673,0.99792755,0.013688789,0.9272797,0.0045157373,0.9974802,0.013713191,0.88548094,0.004629703,0.98320043,0.007276129,0.88069,0.0040633283,0.8310339,0.0067618005,0.8643017,0.0026974664,0.15372555,0.006070478,0.7535905,0.0018173524,0.0014546694,0.0037336566,0.7241528,0.0013002905,0.00015792597,0.0007493761,0.76974094,0.00076984405
4054,/home/jupyter/dent_outputs/isic2019_v2/melanoma/hairs/seed4054/lambda_t_star5/style.png,0.91602623,0.0013553519,0.0063517326,0.0021590455,0.9751566,0.015171334,0.028526418,0.005447422,0.98632437,0.009588586,0.028491955,0.004865609,0.97384757,0.01311408,0.022050451,0.007287363,0.9749909,0.00834769,0.01625445,0.005219672,0.9538667,0.0094325505,0.015380514,0.005304194,0.93530715,0.008190718,0.0134591805,0.005235793,0.47502655,0.007291748,0.0069276,0.004588465,0.06398924,0.005186917,0.0051354775,0.004448392,0.037170902,0.006447879,0.005541024,0.004960223
4072,/home/jupyter/dent_outputs/isic2019_v2/melanoma/hairs/seed4072/lambda_t_star5/style.png,0.0018929681,0.0067399982,0.024012947,0.0015621613,0.7371278,0.0274869,0.0007180089,0.0028754687,0.7848848,0.018584158,0.00093800254,0.003530071,0.78777885,0.019051354,0.0010320806,0.0034593276,0.75242865,0.017399129,0.00096296106,0.0031379994,0.64954585,0.01910174,0.0011314102,0.0041346024,0.37080035,0.029403264,0.001321213,0.0048301388,0.13526504,0.04419669,0.0011795424,0.003415063,0.10110249,0.040336393,0.0010153692,0.0032019445,0.05776122,0.038484998,0.0012323287,0.003273345
4203,/home/jupyter/dent_outputs/isic2019_v2/melanoma/hairs/seed4203/lambda_t_star5/style.png,0.008410563,0.968585,0.015834108,0.012749539,0.19159217,0.00041564295,0.0005240144,0.0029974866,0.14086583,0.00041371954,0.0005233034,0.0030387235,0.06544409,0.00034863365,0.00045520847,0.0028297822,0.047399934,0.0003645442,0.00049791735,0.0032571927,0.052406885,0.00050551345,0.00066561,0.004156552,0.05639434,0.000511074,0.0007149946,0.0043328386,0.06687437,0.00057120353,0.00080878776,0.004687443,0.058290046,0.00058594893,0.0008553466,0.0044319914,0.06612683,0.0007080875,0.001071494,0.00508043
4723,/home/jupyter/dent_outputs/isic2019_v2/melanoma/hairs/seed4723/lambda_t_star5/style.png,0.0051829177,0.0043120137,0.06994178,0.003536491,0.99880004,0.003569537,0.011676814,0.0024206927,0.99803704,0.003945223,0.0127539765,0.0028444566,0.9976471,0.0039441832,0.010033083,0.0026782867,0.994568,0.0069111455,0.010635158,0.0039875447,0.98122185,0.008823086,0.008019391,0.0043171733,0.6719356,0.011053484,0.008660161,0.0056421193,0.04230634,0.01080579,0.010952405,0.006233569,0.030011524,0.007922973,0.0125714345,0.00683146,0.022344148,0.006629572,0.012979283,0.0063197734
4396,/home/jupyter/dent_outputs/isic2019_v2/melanoma/hairs/seed4396/lambda_t_star5/style.png,0.00042621963,0.010788694,0.15553243,0.002838771,0.99991155,0.01189688,0.031378306,0.0021175717,0.9999144,0.008862002,0.021527743,0.0015641104,0.9999186,0.009487089,0.01959872,0.0013395438,0.9999125,0.010373506,0.016257126,0.0013476644,0.99991107,0.01306514,0.016945658,0.0014181323,0.9998591,0.011630017,0.009303273,0.0013001827,0.94092035,0.010413664,0.0054794014,0.0024414442,0.023311056,0.0066089844,0.0081579,0.0027664104,0.004739211,0.005649173,0.008694517,0.0026396222
4477,/home/jupyter/dent_outputs/isic2019_v2/melanoma/hairs/seed4477/lambda_t_star5/style.png,0.0004510085,0.0013367458,0.4815092,0.0010352712,0.9929859,0.0059634675,0.035192456,0.002741506,0.99209315,0.0035782414,0.03129797,0.002266384,0.978879,0.005553313,0.06522102,0.0024682705,0.9547766,0.006142926,0.08510673,0.0020821958,0.9224035,0.004779133,0.08070051,0.002109778,0.3371341,0.0052345367,0.029023908,0.003983269,0.13824451,0.004877766,0.02645901,0.0037150292,0.12463693,0.0030671456,0.019559179,0.0029657937,0.10596213,0.0030021528,0.02048389,0.00306686
4824,/home/jupyter/dent_outputs/isic2019_v2/melanoma/hairs/seed4824/lambda_t_star5/style.png,0.0011340561,0.014078425,0.039124258,0.0018988866,0.9989511,0.013771135,0.0033429973,0.0028284907,0.9982748,0.011526525,0.0035942376,0.0030625882,0.9980355,0.00967398,0.0032471023,0.0028480077,0.99680185,0.009032687,0.003374256,0.00318654,0.9803908,0.0076794163,0.0043897727,0.0037895688,0.64482695,0.0054779053,0.0055621257,0.004358968,0.005521611,0.002227319,0.005886803,0.0033283748,0.0016736782,0.0014546771,0.005638413,0.0024368672,0.0006962917,0.001321388,0.0071619065,0.0021417823
4292,/home/jupyter/dent_outputs/isic2019_v2/melanoma/hairs/seed4292/lambda_t_star5/style.png,0.00017587534,0.008576885,0.14209755,0.0007232101,0.9961933,0.008019679,0.009420377,0.0021275685,0.9971359,0.00995661,0.009468578,0.0022642552,0.99760616,0.008850366,0.009199946,0.0020639247,0.99714404,0.006862419,0.006407354,0.0017789495,0.99455655,0.009379444,0.0124933515,0.0031599156,0.91653395,0.009779908,0.015869167,0.004459825,0.18206322,0.009543133,0.018298702,0.006552704,0.008740306,0.0075691133,0.018381946,0.0055397735,0.0015238095,0.007633146,0.022422431,0.0054404563
4605,/home/jupyter/dent_outputs/isic2019_v2/melanoma/hairs/seed4605/lambda_t_star5/style.png,0.0024889093,0.047877677,0.0145969,0.0032496667,0.28537855,0.0012025292,0.03791466,0.006005426,0.28356194,0.00091347715,0.025722872,0.0030406758,0.24604803,0.0010241742,0.021716774,0.0031721836,0.28814876,0.0008779604,0.021662042,0.0022290323,0.2066601,0.00096094,0.021609426,0.0022295753,0.08341547,0.0007804634,0.017666593,0.001908968,0.028346201,0.00069842034,0.017749313,0.0018705291,0.0034181594,0.00050312426,0.016863434,0.0014493963,0.0012724445,0.00046461454,0.020961372,0.0013764335
4772,/home/jupyter/dent_outputs/isic2019_v2/melanoma/hairs/seed4772/lambda_t_star5/style.png,0.0004872044,0.03435986,0.064646885,0.0028577675,0.08583892,0.0017926814,0.016397525,0.00203403,0.05119659,0.0015144215,0.015646977,0.0022763102,0.07481667,0.0012074548,0.01094942,0.0016871386,0.04866611,0.0013508043,0.021011632,0.0021001648,0.025492823,0.0011928999,0.01712903,0.00219457,0.026529195,0.0014831588,0.0077254795,0.0016244155,0.04733487,0.0016221915,0.007498985,0.001978485,0.012776943,0.0007354256,0.0056436714,0.0015664772,0.002368153,0.0005568359,0.0053426605,0.0015299801
4914,/home/jupyter/dent_outputs/isic2019_v2/melanoma/hairs/seed4914/lambda_t_star5/style.png,0.0017916398,0.0115880575,0.03578703,0.0036044796,0.8474706,0.007251173,0.00686607,0.0025482422,0.09390092,0.008973454,0.009874992,0.0035215921,0.05536195,0.009116781,0.009704012,0.0034013547,0.14377327,0.0100060385,0.010849221,0.003992485,0.33318657,0.009322124,0.009431223,0.0038204072,0.28888732,0.0076903147,0.007132658,0.0038235406,0.018412853,0.006171989,0.006641751,0.0028020127,0.0016733101,0.005493337,0.006691602,0.002527113,0.0012103065,0.005643674,0.007014232,0.0026689274
4686,/home/jupyter/dent_outputs/isic2019_v2/melanoma/hairs/seed4686/lambda_t_star5/style.png,0.0072550913,0.12601376,0.0033035714,0.0018292215,0.95965576,0.008240597,0.041756216,0.00202267,0.8562899,0.0064504705,0.17857243,0.0022490742,0.81781816,0.0043564234,0.40138072,0.0018155435,0.77009135,0.0031772507,0.45677784,0.0017631717,0.62400275,0.0020885218,0.43583885,0.0015262754,0.25287554,0.002489197,0.60230976,0.0015738523,0.0034885346,0.0012202576,0.65097004,0.0013661869,0.0029525328,0.0010170272,0.6616612,0.0014091199,0.0025189908,0.001139535,0.742447,0.0015282707
4587,/home/jupyter/dent_outputs/isic2019_v2/melanoma/hairs/seed4587/lambda_t_star5/style.png,0.3759315,0.003194807,0.0039582844,0.0027685578,0.13871968,0.0019062554,0.18739942,0.0020620427,0.23926844,0.0024304758,0.20945907,0.0024510883,0.5468126,0.0018514672,0.35674465,0.0037860188,0.6121452,0.0019906,0.30924663,0.0042866855,0.77337605,0.0015400802,0.12926264,0.0024708183,0.7349772,0.0017607051,0.099638656,0.0028769935,0.4183776,0.0016398972,0.08398257,0.0027069137,0.0704595,0.0016307621,0.06928767,0.0027132893,0.0312209,0.0015509895,0.06934897,0.0024662942
4254,/home/jupyter/dent_outputs/isic2019_v2/melanoma/hairs/seed4254/lambda_t_star5/style.png,0.18352488,0.064765595,0.00017844817,0.0006961371,0.27839527,0.30106077,0.004684352,0.008931436,0.3320873,0.4691547,0.0065231794,0.013276179,0.21538718,0.5395992,0.0077973367,0.015020334,0.08316667,0.37160796,0.006516026,0.013410938,0.035481337,0.3574567,0.011020232,0.021948874,0.012685961,0.20409627,0.011665654,0.022351785,0.011815062,0.12883875,0.01133373,0.026176378,0.0114528695,0.13619785,0.013444019,0.028843446,0.012451764,0.1231479,0.017851764,0.035339437
4338,/home/jupyter/dent_outputs/isic2019_v2/melanoma/hairs/seed4338/lambda_t_star5/style.png,0.5963135,0.0006999466,0.00032071504,0.00033800438,0.7823712,0.015148852,0.38949013,0.0044651995,0.7642753,0.016810682,0.37858972,0.0042854296,0.69472176,0.019806657,0.34141675,0.003879898,0.6893002,0.021815177,0.3993895,0.0045834915,0.26867184,0.017500026,0.48242363,0.005297679,0.07683318,0.013862077,0.47413698,0.004386743,0.005430581,0.011799613,0.46102378,0.004352349,0.0027892576,0.011054084,0.37382486,0.003701301,0.0019126731,0.008125569,0.39462274,0.00361444
4309,/home/jupyter/dent_outputs/isic2019_v2/melanoma/hairs/seed4309/lambda_t_star5/style.png,0.037061673,0.0036424135,0.000849185,0.0005029852,0.9978067,0.0047619655,0.019199073,0.0019660213,0.99778265,0.0050125546,0.018671459,0.0019597178,0.9981495,0.0046893544,0.015297187,0.0017859752,0.9982237,0.0050756307,0.013840791,0.0018146251,0.99830556,0.006120922,0.014741946,0.002116219,0.98756707,0.0056743594,0.01123863,0.00279329,0.97684926,0.006466418,0.01015475,0.0035754626,0.69517726,0.007587043,0.008934927,0.004958402,0.1040174,0.009726694,0.010643063,0.006419179
4029,/home/jupyter/dent_outputs/isic2019_v2/melanoma/hairs/seed4029/lambda_t_star5/style.png,0.0076110936,0.05982281,0.15357597,0.013085617,0.9926529,0.0030815247,0.00053707743,0.0015549479,0.99116033,0.0017055089,0.00038908888,0.0012165462,0.99230886,0.0012984587,0.00034078682,0.0010837188,0.98331684,0.0013685263,0.00041192875,0.0013454714,0.9836165,0.0014033166,0.00045002913,0.0014441614,0.8906247,0.0012286362,0.0005415608,0.0019513975,0.7647724,0.0012543632,0.0007327889,0.002708325,0.13150999,0.0016915165,0.0014500604,0.0056035547,0.10401738,0.002582837,0.002028196,0.007289263
4233,/home/jupyter/dent_outputs/isic2019_v2/melanoma/hairs/seed4233/lambda_t_star5/style.png,0.0010069909,0.0048910026,0.022796948,0.0022390778,0.998939,0.0009205876,0.019057633,0.0009368623,0.99899715,0.00081584085,0.02077379,0.00084686617,0.9990115,0.0009362837,0.02244249,0.0009410478,0.99877566,0.00073348306,0.020337254,0.0008346782,0.998703,0.001009849,0.013546369,0.0010126912,0.9969716,0.0005999277,0.007631979,0.0007862475,0.2188398,0.00047924492,0.010563803,0.0011259152,0.00047526747,0.00048122252,0.010298075,0.001590692,0.0004765059,0.00045145283,0.011004013,0.0017525926
4395,/home/jupyter/dent_outputs/isic2019_v2/melanoma/hairs/seed4395/lambda_t_star5/style.png,0.019132352,0.008353518,0.00079797796,0.00043844918,0.9938372,0.0052772323,0.023161998,0.004023949,0.99136263,0.0055538607,0.02343172,0.00421757,0.98584574,0.005305736,0.01968607,0.0047439523,0.98036385,0.0049338844,0.019213432,0.0051470893,0.9743823,0.004003359,0.015538038,0.0045333114,0.9282016,0.00469938,0.015928375,0.006590546,0.4413664,0.0040729623,0.012205937,0.009392483,0.038653195,0.0032741665,0.0068212664,0.0061643017,0.007022418,0.0030644322,0.0070130974,0.00598014
4710,/home/jupyter/dent_outputs/isic2019_v2/melanoma/hairs/seed4710/lambda_t_star5/style.png,0.09545759,0.005921467,0.00065394765,0.00041503715,0.91054696,0.051813398,0.0011524672,0.004296866,0.8012132,0.023935117,0.001869874,0.0063884538,0.77669233,0.028373625,0.0020027412,0.006692302,0.86648816,0.04184432,0.0019394072,0.007385721,0.854836,0.03689476,0.0017325405,0.0070708124,0.29248866,0.03466743,0.0011154764,0.005546068,0.051253356,0.051607024,0.0013117053,0.0062222625,0.020320991,0.048358228,0.0013090326,0.0058254446,0.013027141,0.045156382,0.0010213996,0.0048244004
4355,/home/jupyter/dent_outputs/isic2019_v2/melanoma/hairs/seed4355/lambda_t_star5/style.png,0.044298053,0.008102221,0.0115995,0.0017041789,0.9811189,0.0028422298,0.00060589635,0.0015766023,0.9882951,0.0020927845,0.000663592,0.0016892407,0.98964757,0.0022599697,0.00068467617,0.0017416377,0.98826957,0.00469988,0.000767484,0.0017811405,0.9871529,0.0061082495,0.000962235,0.0021864115,0.98260975,0.00603466,0.0010116425,0.002297786,0.983101,0.003955683,0.00096435513,0.0020950194,0.9845952,0.0031201346,0.0007673378,0.0016502049,0.98846996,0.0030688664,0.000827609,0.0016085132
4430,/home/jupyter/dent_outputs/isic2019_v2/melanoma/hairs/seed4430/lambda_t_star5/style.png,0.10265634,0.011280982,0.0011346386,0.000765796,0.018987246,0.41735455,0.00093570136,0.0025427407,0.013936583,0.59435046,0.0009603016,0.0026773785,0.020165918,0.5785113,0.0013065209,0.0033601455,0.01706723,0.58201694,0.0012393461,0.0030874675,0.017825583,0.3758743,0.00092063064,0.0024732945,0.01834679,0.32008097,0.0010836826,0.0027248943,0.008206083,0.34084702,0.0012165392,0.003380522,0.0074296626,0.31966752,0.0011734281,0.0031857996,0.006288999,0.26363602,0.0009822246,0.0029112438
4908,/home/jupyter/dent_outputs/isic2019_v2/melanoma/hairs/seed4908/lambda_t_star5/style.png,0.3017768,0.042549603,0.0015163415,0.001621106,0.9989579,0.0016068271,0.013440427,0.0013682455,0.9989526,0.0012794709,0.015689151,0.0012458871,0.9988274,0.0009950727,0.01598587,0.0010997222,0.99879813,0.00084783795,0.019570172,0.0010085602,0.9972058,0.00061514875,0.0138208,0.0009925327,0.98755974,0.0011113532,0.022950325,0.0022098066,0.79244506,0.0008968013,0.015407,0.002692244,0.010350719,0.001022396,0.013047769,0.003503392,0.0038513439,0.00102023,0.01990404,0.003860524
4380,/home/jupyter/dent_outputs/isic2019_v2/melanoma/hairs/seed4380/lambda_t_star5/style.png,0.0066173077,0.087963566,0.010637977,0.018247597,0.9946155,0.012621965,0.23581666,0.0036472757,0.9997099,0.0065297363,0.04285713,0.0010436833,0.99095565,0.013908139,0.09258982,0.0017784459,0.99640995,0.01915217,0.068725556,0.0019073326,0.9984041,0.018090095,0.03951921,0.0016922436,0.9972608,0.018856114,0.047979496,0.0024025755,0.87822735,0.02004517,0.031520035,0.0058349296,0.17646678,0.022451155,0.049186155,0.00940817,0.1069464,0.021350214,0.0536577,0.0109279435
4081,/home/jupyter/dent_outputs/isic2019_v2/melanoma/hairs/seed4081/lambda_t_star5/style.png,0.002151732,0.22266068,0.0057511297,0.0022164204,0.9925188,0.003403216,0.0103880055,0.0030871069,0.9977537,0.0032338647,0.00707667,0.0033675085,0.99568933,0.0043698754,0.0100635635,0.004777047,0.98812675,0.0047591687,0.012888348,0.006796218,0.97802657,0.0034585146,0.010628386,0.005153725,0.9237141,0.0030393042,0.009136665,0.005451645,0.21204622,0.001689006,0.00715829,0.0048827864,0.005376264,0.0018338505,0.009851838,0.006082654,0.0038130737,0.0018014301,0.011413958,0.006115291
4120,/home/jupyter/dent_outputs/isic2019_v2/melanoma/hairs/seed4120/lambda_t_star5/style.png,0.0011251608,0.05054008,0.008519536,0.0018536954,0.9977895,0.001452557,0.52918667,0.0017131714,0.9957237,0.0014023421,0.37651843,0.0016992334,0.9956791,0.0011992673,0.26011416,0.0014735998,0.99645376,0.0011925306,0.21596532,0.0011626823,0.99397165,0.00112634,0.32513693,0.0011882535,0.04032258,0.0010011452,0.081024416,0.0012538509,0.0016404554,0.0007625965,0.0998203,0.0010052014,0.0002691007,0.000783693,0.17654839,0.0009805197,0.00013140905,0.00066351454,0.22275156,0.00089409365
4088,/home/jupyter/dent_outputs/isic2019_v2/melanoma/hairs/seed4088/lambda_t_star5/style.png,0.012657725,0.0071885036,0.035887927,0.0002597071,0.88122505,0.028457599,0.0029573177,0.0037823068,0.90346533,0.0069289487,0.0016295834,0.0020514932,0.9118556,0.007761652,0.0019379864,0.0021841263,0.89715576,0.007338921,0.0019429623,0.0020105315,0.76118666,0.027831241,0.0019522979,0.0030496973,0.6013885,0.008699032,0.0011569909,0.001983489,0.25919208,0.009965569,0.0011085988,0.0018049421,0.19342391,0.0075655356,0.00088957424,0.0015108335,0.19825397,0.005984107,0.0008950641,0.0014783314
4091,/home/jupyter/dent_outputs/isic2019_v2/melanoma/hairs/seed4091/lambda_t_star5/style.png,0.0009404666,0.01061137,0.08831163,0.005795478,0.96477646,0.0066504595,0.004471166,0.005025929,0.8837199,0.00509709,0.0022625818,0.0031493115,0.7217582,0.005044715,0.0022795452,0.0030074553,0.6551355,0.0052930177,0.0024446005,0.0030997263,0.58025134,0.0045725224,0.0025447623,0.0031501213,0.46161693,0.005073943,0.0024307647,0.0033187524,0.2012423,0.005375221,0.0024263288,0.0030915579,0.04797941,0.0065748394,0.0024652493,0.0030388373,0.026053753,0.006991837,0.0020741492,0.002686779
4855,/home/jupyter/dent_outputs/isic2019_v2/melanoma/hairs/seed4855/lambda_t_star5/style.png,0.0012243219,0.01267126,0.012878882,0.009453112,0.17962633,0.004827659,0.0042097447,0.005639122,0.2498389,0.00398781,0.0039457013,0.005235845,0.18508232,0.0033667788,0.0038067808,0.0053970716,0.12318265,0.0032292707,0.0038231343,0.005283433,0.06757083,0.0031710772,0.0050112284,0.0059890784,0.04354926,0.002634553,0.0045553613,0.005776737,0.018661331,0.0026517084,0.0055404087,0.006191306,0.0124579985,0.0023193958,0.0062214583,0.006122918,0.008569355,0.0026380245,0.0073321643,0.0066531617
4494,/home/jupyter/dent_outputs/isic2019_v2/melanoma/hairs/seed4494/lambda_t_star5/style.png,0.0011596843,0.08125152,0.0023318776,0.0037927402,0.9909628,0.0031223807,0.005172271,0.0012225326,0.99264354,0.0022957942,0.005327559,0.0010735282,0.983136,0.0008553165,0.0032343254,0.00087916845,0.9816458,0.0008021039,0.0034587309,0.00088027865,0.9661411,0.00079226657,0.0042896518,0.0009667377,0.9144722,0.0006382807,0.0040304824,0.0010299698,0.3921729,0.00034255232,0.004372974,0.0012326569,0.012144041,0.0003237885,0.0074744336,0.0019241221,0.0030670438,0.00032430133,0.008871443,0.0021461698
4554,/home/jupyter/dent_outputs/isic2019_v2/melanoma/hairs/seed4554/lambda_t_star5/style.png,0.0016408704,0.04868254,0.58705765,0.014313809,0.9996897,0.0097193895,0.033518694,0.00374159,0.9983259,0.0037790018,0.03901558,0.0023599153,0.9878649,0.004527084,0.045238014,0.003031989,0.9526815,0.0040820367,0.04130952,0.0032446554,0.3194539,0.0038492116,0.026069503,0.0025890516,0.030093355,0.0018809474,0.016355833,0.0015284191,0.0014497035,0.001231427,0.016572757,0.0014570589,0.0009312411,0.0011468896,0.0151446825,0.0013176284,0.0007312552,0.0007531551,0.015919339,0.0010820172
4152,/home/jupyter/dent_outputs/isic2019_v2/melanoma/hairs/seed4152/lambda_t_star5/style.png,0.0015306729,0.0057074283,0.0006180813,0.00045643965,0.77649087,0.005872324,0.001749453,0.00489185,0.8221455,0.006187833,0.0016996671,0.004810727,0.72465795,0.006626172,0.0019684087,0.0055471673,0.5392828,0.0068830075,0.0023701706,0.0066097076,0.4398792,0.006833848,0.0029802222,0.0075198566,0.37561017,0.0064296196,0.0034016503,0.007359608,0.30865183,0.005678121,0.0036072843,0.0067794956,0.29662716,0.0050301654,0.003250161,0.0062540276,0.28506544,0.0039902576,0.0029030512,0.0055253278
4783,/home/jupyter/dent_outputs/isic2019_v2/melanoma/hairs/seed4783/lambda_t_star5/style.png,0.20800433,0.20106149,0.22563952,0.01266167,0.050621003,0.0023449801,0.0029887282,0.0014066081,0.19796745,0.0015697642,0.002123337,0.0011883819,0.85925126,0.0016189328,0.0022599364,0.0009933213,0.80201405,0.0016350828,0.003273485,0.001392394,0.8045828,0.0013221155,0.0027243192,0.0011438564,0.77108854,0.0012398709,0.003540111,0.0011736277,0.48937142,0.0016550251,0.0037954308,0.0015813546,0.014794211,0.0025248805,0.0055687735,0.0030000997,0.0056362804,0.0023706327,0.0052614585,0.0025904533
4015,/home/jupyter/dent_outputs/isic2019_v2/melanoma/hairs/seed4015/lambda_t_star5/style.png,0.53071856,0.0009712785,0.0007707341,0.0003358827,0.0042782594,0.0076262495,0.013297166,0.0018822658,0.0036678377,0.0064491164,0.009186769,0.0016373714,0.005457478,0.007934525,0.00890677,0.0022234765,0.0121318335,0.006997017,0.0064403843,0.0024515279,0.0136320265,0.006836985,0.0056273635,0.002640609,0.014178377,0.0071807555,0.0067605325,0.0030551157,0.013013556,0.0065378086,0.006327003,0.0030710103,0.008109364,0.0061466913,0.007973061,0.0028807726,0.00441936,0.0060225567,0.0059010745,0.0023319344
4633,/home/jupyter/dent_outputs/isic2019_v2/melanoma/hairs/seed4633/lambda_t_star5/style.png,0.0025234073,0.009726822,0.0013096599,0.0014032825,0.012418241,0.0017129129,0.003918336,0.0063467924,0.010187616,0.0020851614,0.004978527,0.0070026717,0.010336989,0.002623101,0.0063065668,0.008528099,0.0069151027,0.0021823146,0.005838145,0.0070567788,0.0051001543,0.0023706327,0.007880956,0.007826894,0.0036140024,0.0020847248,0.007953078,0.006572557,0.0026553164,0.0020853668,0.0067258235,0.0057220426,0.0012143222,0.0015329899,0.006844225,0.004084656,0.00095096603,0.0014245734,0.007411817,0.0038717974
4840,/home/jupyter/dent_outputs/isic2019_v2/melanoma/hairs/seed4840/lambda_t_star5/style.png,0.0015887197,0.013326012,0.050048508,0.0022705854,0.0042907353,0.0014156691,0.0046161623,0.002369776,0.004038145,0.0011529404,0.0038119976,0.0020584438,0.0037498607,0.0012869237,0.0039846823,0.0018982369,0.0029692394,0.0011844272,0.0034519203,0.0019098469,0.0029429204,0.0009432979,0.0030934394,0.0020515118,0.0027532082,0.0008482856,0.0033224926,0.0021934144,0.002991007,0.0008828137,0.0036363169,0.0023149445,0.0018876557,0.0007590085,0.004451675,0.0022836134,0.0017963526,0.00065794267,0.004855309,0.0022037756
4397,/home/jupyter/dent_outputs/isic2019_v2/melanoma/hairs/seed4397/lambda_t_star5/style.png,0.031791307,0.98070425,0.004825891,0.0072422614,0.9625295,0.0021483216,0.0007738406,0.0023258452,0.13978516,0.005740253,0.0013854569,0.005371205,0.14769806,0.0052817794,0.001736893,0.006232777,0.11073932,0.004965736,0.0014599679,0.005510092,0.11041178,0.005386966,0.0013110202,0.0046667173,0.06687316,0.004157122,0.0010092196,0.003677728,0.058505394,0.0033577064,0.0009161893,0.003260644,0.043970026,0.0025533778,0.0008526909,0.0028942958,0.032812282,0.0025325913,0.000904081,0.0030163142
4980,/home/jupyter/dent_outputs/isic2019_v2/melanoma/hairs/seed4980/lambda_t_star5/style.png,0.0042048506,0.044755638,0.068587296,0.010178686,0.33832574,0.00089591526,0.00070655777,0.0027843004,0.37126565,0.0010033045,0.0007896692,0.0027688108,0.29388604,0.0011916964,0.0008729092,0.0028253868,0.29448283,0.0011993884,0.00092837337,0.0028034893,0.14913763,0.0008851797,0.00083645165,0.002393724,0.11535841,0.0007607192,0.00075988413,0.0024789774,0.02799575,0.00066337007,0.000693497,0.0023241804,0.010840919,0.0006821725,0.0007395313,0.0024441471,0.002682586,0.0007462451,0.0008017669,0.0024312644
4043,/home/jupyter/dent_outputs/isic2019_v2/melanoma/hairs/seed4043/lambda_t_star5/style.png,0.03884846,0.013446447,0.002407529,0.0012495767,0.43675026,0.007667355,0.0748977,0.06458802,0.4592689,0.0036549254,0.050537344,0.026165586,0.77669966,0.0040224516,0.045753125,0.02865351,0.82243294,0.0038093205,0.04115631,0.022860147,0.8606204,0.0028339024,0.032659948,0.016798047,0.8475588,0.002682164,0.018326374,0.01446419,0.0033417824,0.0035016725,0.026558658,0.025297469,0.0011206692,0.0037512253,0.02346509,0.020948969,0.00088882237,0.0036559864,0.024185644,0.020554487
4601,/home/jupyter/dent_outputs/isic2019_v2/melanoma/hairs/seed4601/lambda_t_star5/style.png,0.050307788,0.008267417,0.0058874227,0.00434137,0.81145793,0.0014368581,0.032348316,0.0028545978,0.9688747,0.005227686,0.0063384017,0.0029341131,0.97225606,0.001994403,0.0015802763,0.00091528014,0.9532025,0.0032937275,0.0058113798,0.0018553416,0.919461,0.002264114,0.010661214,0.002483205,0.8845027,0.0024901042,0.012703072,0.0028669199,0.85231626,0.0029558782,0.014446494,0.003320619,0.82708746,0.0032603058,0.015094312,0.0035147397,0.8328994,0.0031560818,0.015965989,0.0034696797
4297,/home/jupyter/dent_outputs/isic2019_v2/melanoma/hairs/seed4297/lambda_t_star5/style.png,0.016578097,0.005296252,0.0102291815,0.0042269104,0.99032706,0.012529672,0.00034524166,0.0022174718,0.07509168,0.0053230277,0.0012855099,0.006445723,0.033984836,0.004430062,0.0011225465,0.006395289,0.020289404,0.003306521,0.0009184044,0.0053543216,0.004367204,0.0012314094,0.00071197835,0.0030192996,0.0034881367,0.00092805404,0.0007266495,0.003004049,0.0041368823,0.0012083178,0.0008800182,0.0036234686,0.004186323,0.0012971819,0.0009334858,0.003846624,0.004035277,0.0013875028,0.0010710756,0.004491609
4434,/home/jupyter/dent_outputs/isic2019_v2/melanoma/hairs/seed4434/lambda_t_star5/style.png,0.022198526,0.039571673,0.0014260425,0.0007685398,0.967952,0.004773525,0.000847298,0.0020502615,0.9623094,0.003627015,0.0008959417,0.0018406914,0.5611533,0.0051217456,0.0013735319,0.0030638203,0.067186445,0.00512672,0.0011354878,0.0031210126,0.01079606,0.012954372,0.0028352959,0.0044079027,0.0028011191,0.019450666,0.0035339394,0.0040460285,0.001973144,0.021111026,0.003975363,0.0040807943,0.0018060894,0.019544233,0.004421255,0.0043046186,0.0012797548,0.020135546,0.00449136,0.0038121266
4944,/home/jupyter/dent_outputs/isic2019_v2/melanoma/hairs/seed4944/lambda_t_star5/style.png,0.1595112,0.04299445,0.0038096176,0.005428902,0.52669936,0.0055160937,0.03289729,0.0014242479,0.5796339,0.008007826,0.039152443,0.0018373695,0.56685644,0.006291756,0.047235075,0.0021051741,0.31482467,0.004945212,0.058666952,0.0021473311,0.09330265,0.009128156,0.085879825,0.0024160452,0.09194213,0.008875104,0.0836828,0.0025286626,0.012936502,0.0069081746,0.0822705,0.0021215826,0.003668254,0.0047135795,0.05626404,0.0019003836,0.0012391435,0.004316616,0.046715118,0.0019220392
4632,/home/jupyter/dent_outputs/isic2019_v2/melanoma/hairs/seed4632/lambda_t_star5/style.png,0.00021340353,0.00091245153,0.004755448,0.0011043419,0.99985325,0.0077113244,0.0078092613,0.0019452788,0.99982387,0.0034853779,0.011560095,0.001915014,0.9985612,0.008639528,0.027900586,0.008118332,0.9974796,0.008130963,0.029872984,0.0070819687,0.9965743,0.004386839,0.007975486,0.0029552965,0.91868323,0.0062854807,0.0071530086,0.004023978,0.3754528,0.006775913,0.007446934,0.0052437615,0.052674226,0.0057782982,0.00573902,0.00450466,0.021803945,0.005045503,0.004311133,0.0036285836
4650,/home/jupyter/dent_outputs/isic2019_v2/melanoma/hairs/seed4650/lambda_t_star5/style.png,0.00031196856,0.033999667,0.020819275,0.0012960316,0.39406452,0.04634278,0.008514857,0.0062673124,0.29126495,0.041472062,0.0066260397,0.005110477,0.16947909,0.050350673,0.010464626,0.0060642497,0.07256523,0.05535179,0.01435994,0.006508896,0.013268793,0.06256005,0.013930248,0.0060315668,0.003270406,0.026360044,0.013006722,0.0039493027,0.002474422,0.026285073,0.021235585,0.005179224,0.0018967186,0.018903341,0.024895644,0.0043393443,0.0015508072,0.015028951,0.03003283,0.004429619
4640,/home/jupyter/dent_outputs/isic2019_v2/melanoma/hairs/seed4640/lambda_t_star5/style.png,0.004523615,0.03032181,0.0019129042,0.00041983376,0.62128097,0.0020714102,0.00070944557,0.0027586194,0.5848144,0.0018801248,0.0007112693,0.0024326674,0.48654252,0.0011301102,0.0006909914,0.002162075,0.38903084,0.0007401789,0.0007481424,0.0021306025,0.29140478,0.00057281845,0.00066818413,0.0019104796,0.018717231,0.00092188583,0.0016244296,0.004005635,0.004777892,0.0012223695,0.002186219,0.0044310656,0.004700754,0.0013524526,0.0024924208,0.0052014687,0.0036367713,0.0011395985,0.0022292507,0.004648319
4969,/home/jupyter/dent_outputs/isic2019_v2/melanoma/hairs/seed4969/lambda_t_star5/style.png,0.0024236676,0.041719202,0.0010816272,0.0011136719,0.041571632,0.0058429767,0.0030711126,0.0044735437,0.035489146,0.0059898305,0.0027219714,0.0046449117,0.027120084,0.0059010293,0.0028493635,0.004533802,0.020862099,0.004820039,0.0028227845,0.0043466142,0.017783055,0.0045404052,0.0025111374,0.004305406,0.024702445,0.005698767,0.0037166255,0.006603574,0.014490234,0.0068889335,0.0035773811,0.0055802115,0.013450148,0.006983648,0.0036924179,0.0054437728,0.011418968,0.005887727,0.003306609,0.004913426
4351,/home/jupyter/dent_outputs/isic2019_v2/melanoma/hairs/seed4351/lambda_t_star5/style.png,0.62235576,0.018070813,0.0004967024,0.0010519394,0.9986368,0.002493941,0.049448375,0.0022244533,0.9986848,0.0021405271,0.041606415,0.0018415739,0.9986786,0.0019357052,0.02962787,0.0016519929,0.9988319,0.0024556653,0.041033287,0.0018155082,0.9975662,0.0012348054,0.022664426,0.001107069,0.9777247,0.001469014,0.026343215,0.0014917395,0.75545156,0.0020113336,0.0062620663,0.0028061355,0.21027586,0.005350851,0.0058545996,0.006505022,0.029427867,0.0047976477,0.004046378,0.0045690103
4201,/home/jupyter/dent_outputs/isic2019_v2/melanoma/hairs/seed4201/lambda_t_star5/style.png,0.022511674,0.01671528,0.00013914362,0.00015405488,0.44706982,0.0029250165,0.0076530813,0.0063653197,0.25201422,0.0035029142,0.0019920298,0.006392454,0.7416638,0.0030370108,0.0028606115,0.005295544,0.63592273,0.0010584283,0.0008253141,0.0019977896,0.55828947,0.0008777752,0.0010449552,0.0018511122,0.50111127,0.00072252296,0.00092285435,0.0016230599,0.5042311,0.0007012863,0.0009522512,0.0016419423,0.3845266,0.0009680003,0.0012063334,0.0018145597,0.3273395,0.0010045992,0.0011931208,0.0019956203
4136,/home/jupyter/dent_outputs/isic2019_v2/melanoma/hairs/seed4136/lambda_t_star5/style.png,0.008544375,0.021188663,0.006246428,0.003349728,0.19975086,0.0009756776,0.08199303,0.0012561369,0.20690343,0.0009192479,0.07874082,0.0012577255,0.12599027,0.0007656829,0.068205774,0.0009926505,0.070871726,0.00069439015,0.09150185,0.00086869043,0.04588819,0.0007050463,0.07161564,0.0009148006,0.020944597,0.0004916366,0.039650995,0.00068512035,0.0069114203,0.0006063201,0.017282188,0.0007804582,0.00062932365,0.00064581976,0.021427695,0.0009927645,0.00034004592,0.0008755745,0.022970168,0.0010469431
4371,/home/jupyter/dent_outputs/isic2019_v2/melanoma/hairs/seed4371/lambda_t_star5/style.png,0.003173532,0.057567418,0.005198149,0.0017490151,0.41945904,0.0005670808,0.0008481854,0.0010708862,0.6672407,0.0003825721,0.0011049997,0.0014029572,0.79519325,0.00030869542,0.0009475649,0.0011145327,0.56107885,0.000335043,0.001103702,0.001301933,0.37773982,0.0003365881,0.0011385097,0.0013581268,0.0059262244,0.0008411254,0.0027007202,0.0030649274,0.0046316083,0.0007741628,0.0026790318,0.00266069,0.0022652184,0.0008949247,0.0034132053,0.0027742037,0.0014878262,0.0010512512,0.0039090393,0.0030245548
4776,/home/jupyter/dent_outputs/isic2019_v2/melanoma/hairs/seed4776/lambda_t_star5/style.png,0.0007451838,0.003957805,0.04319888,0.0031861481,0.00078247,0.007496192,0.006638833,0.0032913503,0.00068461354,0.008206696,0.0067867846,0.003156832,0.00055450446,0.007887024,0.0074510523,0.0029486374,0.00058536197,0.0070487508,0.0064522796,0.0027556955,0.0005165844,0.005836556,0.006276365,0.0026961186,0.0005118572,0.005556137,0.0077995053,0.0029260528,0.00043941336,0.005140611,0.00753902,0.0027048332,0.00047785934,0.007006376,0.0090064285,0.0032753758,0.0003596264,0.006462311,0.008721025,0.0028242036
4442,/home/jupyter/dent_outputs/isic2019_v2/melanoma/hairs/seed4442/lambda_t_star5/style.png,0.006337693,0.0071817045,0.018757895,0.003960481,0.7594281,0.0010391418,0.0028647766,0.0019569257,0.71264094,0.0010124447,0.0028160252,0.0019285206,0.54898316,0.0007643616,0.002714727,0.0017374461,0.46898535,0.0007354141,0.0023376422,0.0016574574,0.364838,0.000597032,0.0021600462,0.0015012474,0.21846949,0.0006020172,0.0025103935,0.0016276274,0.11808408,0.00055733614,0.002781422,0.001809514,0.0124973,0.00039255674,0.003981461,0.0018139518,0.006441782,0.0004118616,0.004145411,0.0020763986
4133,/home/jupyter/dent_outputs/isic2019_v2/melanoma/hairs/seed4133/lambda_t_star5/style.png,0.00042419598,0.0005333239,0.002847118,0.00090117456,0.023836112,0.001320806,0.0015507526,0.002020824,0.003767412,0.011704989,0.00073460117,0.000921665,0.07339039,0.014179311,0.00040317146,0.00067628035,0.03693582,0.019658996,0.00037611797,0.0005918051,0.19149196,0.010412161,0.00038563157,0.0005086586,0.054704558,0.010546707,0.00049495674,0.000659675,0.0013205413,0.00613578,0.0006256746,0.0005897496,0.00051064667,0.002468321,0.0008030958,0.00056092377,0.00035426,0.001408873,0.0008753247,0.000580181
4503,/home/jupyter/dent_outputs/isic2019_v2/melanoma/hairs/seed4503/lambda_t_star5/style.png,0.0032567082,0.30316398,0.0022575154,0.001019852,0.97426456,0.03268868,0.02189516,0.0021693697,0.95258474,0.03741631,0.02364777,0.0026855425,0.94681096,0.04424954,0.016775222,0.0022392524,0.95565647,0.039472103,0.014273685,0.0018354291,0.026234176,0.021334259,0.0046427934,0.0005843953,0.014886443,0.011128387,0.0053789956,0.0005895054,0.00058032037,0.0048712827,0.009268662,0.0008674758,0.0005764782,0.0037257578,0.008413495,0.0008662021,0.0005289297,0.0029050866,0.009835028,0.0009255581
4105,/home/jupyter/dent_outputs/isic2019_v2/melanoma/hairs/seed4105/lambda_t_star5/style.png,0.009856891,0.059684843,0.001343456,0.00059318694,0.1365903,0.22479522,0.0122247385,0.013342939,0.14573033,0.1342426,0.007462346,0.009129096,0.3109172,0.109575905,0.007316587,0.008678201,0.23241895,0.09780517,0.0074140034,0.008498098,0.1787497,0.11668376,0.008764689,0.009114898,0.043331657,0.080907784,0.009011554,0.008985968,0.013638394,0.054219697,0.008686754,0.0073984223,0.008854361,0.034318235,0.008270069,0.0066800276,0.00734031,0.02844849,0.0076743597,0.005963782
4566,/home/jupyter/dent_outputs/isic2019_v2/melanoma/hairs/seed4566/lambda_t_star5/style.png,0.0029546826,0.016081033,0.00044844788,0.00013695967,0.999169,0.053316716,0.9770471,0.009746946,0.99866045,0.09513746,0.9736004,0.016282456,0.9982338,0.064399146,0.98435944,0.013264704,0.9969649,0.09762545,0.984153,0.019958291,0.9922156,0.11162357,0.96446246,0.0325641,0.2941112,0.12210826,0.9412304,0.047898464,0.018407255,0.096132316,0.96251863,0.07478322,0.013993681,0.087449096,0.9623891,0.07605949,0.01297811,0.09227621,0.9660998,0.06819886
4698,/home/jupyter/dent_outputs/isic2019_v2/melanoma/hairs/seed4698/lambda_t_star5/style.png,0.004977679,0.098384954,0.013638823,0.00626681,0.94207335,0.06665552,0.1517621,0.0065820133,0.9290247,0.06084956,0.22335315,0.0076113422,0.9258786,0.04952001,0.3052354,0.007650611,0.9209646,0.040581115,0.31762987,0.0077364645,0.90273666,0.012965772,0.21125776,0.004940202,0.86828506,0.0043914877,0.09704493,0.0031093159,0.54749393,0.0018512637,0.08052492,0.001121411,0.0032657993,0.0023673736,0.15848504,0.0015275198,0.0021094298,0.0021007352,0.16399759,0.0013269793
4053,/home/jupyter/dent_outputs/isic2019_v2/melanoma/hairs/seed4053/lambda_t_star5/style.png,0.009249747,0.054040544,0.25933316,0.029631991,0.8707374,0.009752899,0.09153283,0.011233221,0.911846,0.008461682,0.0897744,0.009599111,0.9155466,0.005786945,0.07142408,0.007191626,0.8516726,0.005828505,0.069605574,0.006822333,0.63875496,0.0046173474,0.06919585,0.006944226,0.09800146,0.0023566599,0.060555186,0.0040509393,0.003956572,0.002017989,0.05282355,0.0031381843,0.00031040297,0.0036941587,0.11615877,0.0055171982,0.00031116296,0.003484974,0.124330685,0.0058373814
4688,/home/jupyter/dent_outputs/isic2019_v2/melanoma/hairs/seed4688/lambda_t_star5/style.png,0.086789735,0.017618794,0.0014197167,0.001941233,0.3369875,0.0021897324,0.009423337,0.004308248,0.32977983,0.0022846633,0.010447803,0.00409873,0.269165,0.0024302087,0.011394546,0.004626994,0.08940331,0.0022445035,0.01191739,0.004573929,0.03326474,0.0023577418,0.013943898,0.0052232267,0.0058757737,0.001991624,0.012928478,0.004093375,0.0018572756,0.001637306,0.011688117,0.0033379428,0.0007821047,0.0013862777,0.011291331,0.0026451387,0.0006150857,0.0014081789,0.010785122,0.0026124287
4585,/home/jupyter/dent_outputs/isic2019_v2/melanoma/hairs/seed4585/lambda_t_star5/style.png,0.0012952801,0.06262345,0.005808769,0.0026363991,0.9826727,0.0014999628,0.005001862,0.0015100648,0.98763543,0.0010446651,0.005637713,0.0014863542,0.987827,0.0009493184,0.0050652316,0.0014468348,0.99421257,0.00073021586,0.003773407,0.0011344888,0.9928048,0.00089479215,0.0041412064,0.0013443718,0.9427723,0.0008410087,0.004225435,0.0016098276,0.703337,0.0014547914,0.0050369976,0.0029229603,0.4030103,0.0014129638,0.005136435,0.003053755,0.29714474,0.0017989838,0.0064824414,0.0037368934
4341,/home/jupyter/dent_outputs/isic2019_v2/melanoma/hairs/seed4341/lambda_t_star5/style.png,0.0021775195,0.010041005,0.031316973,0.0041398713,0.99753284,0.015698455,0.007394452,0.0037526195,0.95146453,0.02818623,0.007981634,0.00652901,0.9266121,0.04045129,0.010601694,0.0086984765,0.87314594,0.034030855,0.012314971,0.008618941,0.81110555,0.029754741,0.012595922,0.007640142,0.65346193,0.02251881,0.008222586,0.0061110174,0.11954144,0.015361432,0.0069043804,0.0053359796,0.025225043,0.015519807,0.009049806,0.005662324,0.008753428,0.014596187,0.010349825,0.0053648856
4103,/home/jupyter/dent_outputs/isic2019_v2/melanoma/hairs/seed4103/lambda_t_star5/style.png,0.5862458,0.014528913,0.0019428134,0.0021011853,0.8421776,0.0030235643,0.00033244703,0.00081700506,0.82328457,0.0030545276,0.00028305527,0.0006860452,0.76611173,0.0026950545,0.00024537908,0.000649614,0.6466207,0.0031741732,0.0002912059,0.0008295722,0.51288027,0.0017549653,0.0002132642,0.0007972334,0.032672606,0.0019728595,0.0001993794,0.00078213634,0.0027220182,0.0018690644,0.00044689988,0.0011533035,0.001348377,0.0028098684,0.00044185546,0.0013447861,0.00065565977,0.0035682484,0.0005452101,0.0014490099
4671,/home/jupyter/dent_outputs/isic2019_v2/melanoma/hairs/seed4671/lambda_t_star5/style.png,0.0023247048,0.0024634101,0.0052708103,0.0013006539,0.57348704,0.00058915914,0.0012340995,0.000561448,0.5147701,0.0005445928,0.0011610205,0.00055391126,0.47931758,0.00041063008,0.0010345194,0.0005066678,0.5031734,0.00042818396,0.000923353,0.0004967983,0.6362767,0.0004696247,0.00078396796,0.00057897926,0.75295967,0.0004710464,0.00055972213,0.0004613085,0.3133774,0.00036486355,0.00070147315,0.00057770533,0.0021561463,0.00040323546,0.0013051461,0.0010514396,0.0017271938,0.0004037809,0.0017365912,0.0012773046
4004,/home/jupyter/dent_outputs/isic2019_v2/melanoma/hairs/seed4004/lambda_t_star5/style.png,0.0042855395,0.002837523,0.052314874,0.004691164,0.99720937,0.0014564873,0.0073146443,0.00086138764,0.99904567,0.0009357575,0.0050240285,0.00076664746,0.9894365,0.0009959514,0.0044212798,0.00070496334,0.98764193,0.000684337,0.0025640593,0.0005817727,0.91908014,0.0006682061,0.002619711,0.00076998497,0.9114582,0.0006127391,0.0023726288,0.0008721544,0.7598816,0.00048559578,0.00213392,0.0010301523,0.19388446,0.000375609,0.0020839989,0.0010665358,0.19568864,0.00039559006,0.002164468,0.0010758517
4424,/home/jupyter/dent_outputs/isic2019_v2/melanoma/hairs/seed4424/lambda_t_star5/style.png,0.000722047,0.06673669,0.0021508571,0.0014883454,0.8830013,0.0025214697,0.0058328114,0.0042514163,0.5803181,0.0025275745,0.0059791342,0.0043002474,0.105124824,0.0031223304,0.008256598,0.0058988007,0.029674968,0.002763281,0.00833689,0.0057631694,0.0099714035,0.00279363,0.007839991,0.005505281,0.004039869,0.0023995382,0.0059612524,0.0044077775,0.00285664,0.0023456237,0.0052192095,0.0044406597,0.0014061052,0.0018556374,0.0045552356,0.0032705287,0.0013144523,0.0018644158,0.005379603,0.0034965982
4805,/home/jupyter/dent_outputs/isic2019_v2/melanoma/hairs/seed4805/lambda_t_star5/style.png,0.00041240855,0.012628755,0.18311094,0.00689047,0.82882375,0.00047455428,0.16656916,0.0019545374,0.8148664,0.00042899165,0.16581804,0.0016833865,0.9001291,0.00048678432,0.12606214,0.0017656274,0.91861296,0.0005910438,0.119423516,0.00183086,0.94911236,0.0005984814,0.062222924,0.0011931623,0.85127217,0.0012519128,0.04252792,0.00155367,0.04866795,0.00087932666,0.020335834,0.0012110383,0.0004942927,0.00087141094,0.06554786,0.0014556589,0.00041527796,0.0010235074,0.085504346,0.001832253
4002,/home/jupyter/dent_outputs/isic2019_v2/melanoma/hairs/seed4002/lambda_t_star5/style.png,0.0002430738,0.014292632,0.038733657,0.0016928253,0.881783,0.006903082,0.0036434487,0.002965288,0.8350913,0.0048307027,0.0032660752,0.0025961404,0.8586772,0.005435438,0.0034835883,0.0027126546,0.8726954,0.00482763,0.004247898,0.0025855764,0.81013566,0.00483004,0.0039007694,0.0025621513,0.3922974,0.0046228254,0.0038217125,0.0029535126,0.016342932,0.0030845557,0.004278838,0.004073804,0.0060805073,0.0029563548,0.0039998395,0.0035991163,0.0049652574,0.0030385787,0.004219952,0.003674345
4607,/home/jupyter/dent_outputs/isic2019_v2/melanoma/hairs/seed4607/lambda_t_star5/style.png,0.0055687763,0.002054991,0.025452482,0.0025406359,0.98956674,0.003003822,0.015948927,0.0019997042,0.99164224,0.0034527504,0.015830498,0.0017750037,0.99022394,0.0033615634,0.015037022,0.0017720525,0.9950422,0.0040631774,0.01822897,0.0016717416,0.99401987,0.004743232,0.015558446,0.0017683222,0.9850826,0.0035920064,0.01731109,0.0016853323,0.8904816,0.003229252,0.014371673,0.0022849143,0.027877588,0.0042075566,0.01004659,0.0046354593,0.002108016,0.004999098,0.010035779,0.0041068117
4611,/home/jupyter/dent_outputs/isic2019_v2/melanoma/hairs/seed4611/lambda_t_star5/style.png,0.0060182507,0.008049448,0.0051301355,0.004279515,0.38644165,0.5956637,0.0006110467,0.00314593,0.31758937,0.6220633,0.0005524305,0.0028383161,0.30336604,0.36521628,0.00036630503,0.0021285578,0.35664833,0.23685628,0.00026034698,0.0013473096,0.51872057,0.21053895,0.00028745527,0.0012115263,0.45542678,0.11128253,0.00027033556,0.0011093825,0.06370292,0.091391616,0.00023438506,0.0009885484,0.0017110655,0.15354362,0.0004780147,0.0017399978,0.0013843147,0.15716808,0.00045065975,0.0015476561
4322,/home/jupyter/dent_outputs/isic2019_v2/melanoma/hairs/seed4322/lambda_t_star5/style.png,0.0041219047,0.012219673,0.30000976,0.0046560843,0.64280325,0.0058104927,0.005588128,0.0052674036,0.9928555,0.033703208,0.0040493216,0.004357474,0.9948079,0.028875124,0.0034658697,0.003542074,0.98237926,0.02694606,0.0034401175,0.003666839,0.9708562,0.011339406,0.00280812,0.0026253136,0.9708176,0.005178367,0.002193118,0.0018321736,0.87834835,0.0023877409,0.0021644814,0.0015705955,0.25263497,0.002061663,0.0032681809,0.0020910655,0.087760665,0.001682968,0.003046815,0.001846576
4557,/home/jupyter/dent_outputs/isic2019_v2/melanoma/hairs/seed4557/lambda_t_star5/style.png,0.012570363,0.43740806,0.0011206976,0.001306506,0.99058795,0.00963131,0.4156681,0.00812836,0.9853609,0.00852533,0.49489123,0.008551794,0.99533737,0.011516217,0.42806962,0.010062434,0.987909,0.004771057,0.42137796,0.006203411,0.9890855,0.0050217193,0.34712642,0.006588576,0.97978026,0.003441059,0.2763561,0.0051415474,0.6230153,0.0015825274,0.34093684,0.0044200486,0.005618523,0.0009398856,0.52969927,0.0030898154,0.0022176744,0.00087544805,0.5873597,0.0030061647
4829,/home/jupyter/dent_outputs/isic2019_v2/melanoma/hairs/seed4829/lambda_t_star5/style.png,0.001976473,0.0030533415,0.019262861,0.0027530943,0.9978531,0.0021620009,0.023164963,0.004731876,0.9966768,0.0022296368,0.020876812,0.0043053115,0.9964849,0.0019893707,0.019307386,0.0036029408,0.98869264,0.002601867,0.018434526,0.004789645,0.95250934,0.0023267926,0.015258964,0.0042162505,0.83905125,0.0021040477,0.0140181845,0.0044096126,0.5076467,0.001976423,0.012508946,0.0045692553,0.0128,0.0028706219,0.008627032,0.0054575377,0.0013048012,0.0029359427,0.009735626,0.004253611
4943,/home/jupyter/dent_outputs/isic2019_v2/melanoma/hairs/seed4943/lambda_t_star5/style.png,0.003320614,0.0021617727,0.007422949,0.0035385282,0.73834956,0.0011954295,0.0025593853,0.0015108573,0.6559751,0.001390119,0.0018977743,0.0014914789,0.22956257,0.0011275085,0.0016414312,0.0014354022,0.07124012,0.0022712974,0.0022962082,0.0018758427,0.039415106,0.0017720938,0.0020667708,0.0013531921,0.021502206,0.0017972421,0.002526864,0.0013793167,0.0009966675,0.0024376428,0.0038390153,0.0020638637,0.0007558517,0.0024379187,0.0045783604,0.0020385745,0.0007188206,0.0018780759,0.004387347,0.0020878462
4987,/home/jupyter/dent_outputs/isic2019_v2/melanoma/hairs/seed4987/lambda_t_star5/style.png,0.0009486344,0.041680593,0.05722802,0.003987728,0.8688303,0.0010294302,0.0010447935,0.0006025336,0.9034174,0.0012912011,0.0017083138,0.00087634864,0.87792736,0.000950629,0.0018263741,0.0008267813,0.8532837,0.0009167625,0.0019304132,0.00087725336,0.807127,0.0010262682,0.0017687003,0.00093875313,0.6880721,0.0011248077,0.0018146398,0.0009231024,0.48361903,0.0014995122,0.0023369319,0.0011413096,0.004862246,0.0019326544,0.0036684389,0.0025231615,0.0021911655,0.0018283972,0.0038801576,0.0022529433
4586,/home/jupyter/dent_outputs/isic2019_v2/melanoma/hairs/seed4586/lambda_t_star5/style.png,0.08304005,0.0018498104,0.0014925828,0.00037338215,0.47227728,0.002964535,0.0011834032,0.0022544735,0.35352916,0.0031616136,0.0013171736,0.002703614,0.2638903,0.0030338375,0.0017367101,0.0032202168,0.1307502,0.0023371018,0.0014221023,0.0027686025,0.05920369,0.0017523434,0.0014749434,0.0028500408,0.004323495,0.0008138682,0.0006796647,0.0019152975,0.0019226238,0.0007624705,0.00070953346,0.0018701053,0.0006019102,0.00085504475,0.0009098463,0.0019789548,0.0004948216,0.00071516086,0.00085737766,0.0016659279
4920,/home/jupyter/dent_outputs/isic2019_v2/melanoma/hairs/seed4920/lambda_t_star5/style.png,0.004371326,0.01441874,0.22255778,0.0042448407,0.9572864,0.0023920783,0.64256406,0.0015196652,0.95493835,0.0023656322,0.6534466,0.0016348789,0.94786084,0.002832896,0.7125716,0.0018916558,0.9224113,0.0025995814,0.7418565,0.0018530514,0.87704504,0.0018919251,0.687587,0.0013430057,0.57989013,0.001810435,0.64127326,0.001709268,0.08434701,0.0017698413,0.51723105,0.0018517474,0.0030029821,0.002300317,0.73300046,0.0025189922,0.0024030118,0.0023725359,0.73312986,0.0025919147
4124,/home/jupyter/dent_outputs/isic2019_v2/melanoma/hairs/seed4124/lambda_t_star5/style.png,0.0014362343,0.07179336,0.28655532,0.010078068,0.65448934,0.052617256,0.013232599,0.0034815264,0.06507071,0.87794137,0.0024143585,0.0023206319,0.0020092968,0.5709745,0.004261141,0.00088365434,0.0007374675,0.46786124,0.0037119547,0.000801836,0.00088837615,0.286296,0.0038532878,0.0007615312,0.0002401833,0.24546272,0.0036841386,0.0006773875,0.00020727646,0.22465517,0.0041421526,0.00070443115,0.00019516918,0.2362329,0.004086554,0.00072806946,0.00016757299,0.19908358,0.0037179622,0.00061930605
4352,/home/jupyter/dent_outputs/isic2019_v2/melanoma/hairs/seed4352/lambda_t_star5/style.png,0.7353835,0.009495476,0.010399002,0.00089902396,0.99269897,0.0015806134,0.0013714221,0.0015803629,0.8899632,0.0025623476,0.0019444274,0.003064691,0.7942867,0.0012473756,0.0018823069,0.0025537554,0.70330894,0.0012814007,0.0023511974,0.0028890576,0.032149307,0.0014104882,0.003664814,0.003917441,0.0035149222,0.002575722,0.0059852814,0.005308304,0.0030438749,0.0019634715,0.0058679804,0.00521411,0.0027941759,0.0018882235,0.005986178,0.004868995,0.0026600398,0.0020790286,0.0063333013,0.0054514506
4001,/home/jupyter/dent_outputs/isic2019_v2/melanoma/hairs/seed4001/lambda_t_star5/style.png,0.0043937424,0.005089797,0.0015384554,0.0004985556,0.99955386,0.002941709,0.0028412044,0.0021308884,0.99951375,0.0018897977,0.0026571052,0.0017616634,0.99947006,0.0015771405,0.0032155963,0.0018625463,0.99948704,0.0013938216,0.0027507322,0.0017551315,0.9992884,0.0016737633,0.0031447322,0.0021641036,0.9983016,0.002693357,0.0038080362,0.0031001875,0.98842454,0.004686242,0.005440113,0.00531984,0.9354098,0.00474636,0.006676305,0.006030569,0.9232104,0.003585297,0.005837888,0.005060533
4739,/home/jupyter/dent_outputs/isic2019_v2/melanoma/hairs/seed4739/lambda_t_star5/style.png,0.18999462,0.009157625,0.0016535555,0.0018062845,0.9999292,0.008040224,0.0018156015,0.0016380209,0.9999231,0.0047484166,0.00266298,0.00165801,0.9999722,0.0030158137,0.0025171058,0.0010419288,0.9999523,0.0020720826,0.0019485543,0.001029594,0.99975747,0.0029123307,0.0027685356,0.0015865912,0.98955554,0.0048734816,0.005482183,0.004061127,0.7613088,0.0040331422,0.00592682,0.0048660296,0.06776432,0.0037715721,0.00962924,0.0060312124,0.056256026,0.0035941624,0.013085482,0.005937443
4412,/home/jupyter/dent_outputs/isic2019_v2/melanoma/hairs/seed4412/lambda_t_star5/style.png,0.00015814627,0.009324802,0.023342028,0.0016207951,0.009008769,0.012524139,0.008012714,0.0042976877,0.011036182,0.012556463,0.0076607475,0.0046467506,0.012622411,0.015219313,0.008162705,0.0052084937,0.015419832,0.016908547,0.008255978,0.005876315,0.01470901,0.016797628,0.008354621,0.006189402,0.013373785,0.015426733,0.008626735,0.00612306,0.0111546805,0.01535704,0.008460631,0.005494749,0.0078164395,0.013691003,0.00892957,0.0061191525,0.0051616305,0.011391534,0.0091496585,0.005582246
4916,/home/jupyter/dent_outputs/isic2019_v2/melanoma/hairs/seed4916/lambda_t_star5/style.png,0.07616755,0.0031794836,0.0037697593,0.002308435,0.99200046,0.0010498881,0.00062207103,0.001540174,0.9928041,0.0010624961,0.0008319237,0.0017575317,0.9928076,0.0008930962,0.00073841517,0.0014280309,0.99098957,0.0009386914,0.00076275785,0.0015729759,0.9847877,0.0013907036,0.00096631085,0.0022375698,0.9536706,0.0013647889,0.0010265841,0.002425941,0.8055226,0.0017679182,0.0015600392,0.0042883954,0.08798598,0.004035978,0.0035115883,0.012501821,0.025858458,0.0042179925,0.0038442512,0.01357835
4304,/home/jupyter/dent_outputs/isic2019_v2/melanoma/hairs/seed4304/lambda_t_star5/style.png,0.81214905,0.011822269,0.012823882,0.010738946,0.9907521,0.030842386,0.024754679,0.007954677,0.9857736,0.029157322,0.048751734,0.0097863935,0.9813106,0.025949268,0.04330587,0.009160473,0.9761791,0.021136593,0.031771198,0.008132678,0.9597739,0.027049413,0.024645127,0.008588245,0.3497484,0.038280822,0.012762462,0.006561473,0.047361936,0.034959316,0.012855757,0.0070965393,0.0017200755,0.030258406,0.013916218,0.009272919,0.0005014032,0.018616753,0.010542214,0.005785741
4626,/home/jupyter/dent_outputs/isic2019_v2/melanoma/hairs/seed4626/lambda_t_star5/style.png,0.001520465,0.002253233,0.004766793,0.00073793647,0.0043653552,0.0010729281,0.0045287884,0.0022027097,0.005137108,0.0010746814,0.004234562,0.0022665865,0.0047203065,0.0011685309,0.0045636003,0.0023408742,0.005476544,0.0012395468,0.0049897376,0.0028334965,0.0038589872,0.0021426538,0.004870127,0.003808586,0.003298711,0.0021988282,0.0045875576,0.0036892775,0.0030725612,0.0021427537,0.004770357,0.0036429209,0.0025590407,0.0019183399,0.0047506257,0.0035883475,0.0026691826,0.0020705725,0.004806907,0.0039081853
4160,/home/jupyter/dent_outputs/isic2019_v2/melanoma/hairs/seed4160/lambda_t_star5/style.png,0.0015828273,0.019242618,0.0009113147,0.00029691547,0.9979317,0.00043479833,0.0010861569,0.0010206364,0.9982613,0.0003664793,0.00071979983,0.000751702,0.9976682,0.00046699872,0.0009772796,0.0009264356,0.99643874,0.00044774037,0.0010645493,0.000945035,0.9884567,0.00056649954,0.0011756931,0.0012320686,0.90602624,0.0006489343,0.0016239379,0.0018240268,0.0073322365,0.0017475904,0.0066163456,0.008322765,0.0032473893,0.0013928674,0.0063162856,0.0061045163,0.0027714649,0.0016892311,0.0065962956,0.006485283
4750,/home/jupyter/dent_outputs/isic2019_v2/melanoma/hairs/seed4750/lambda_t_star5/style.png,0.004126505,0.001980215,0.04821842,0.0017643394,0.14350432,0.0016347062,0.0016475156,0.0069532087,0.12883048,0.0015053794,0.0014267946,0.0057922336,0.11367954,0.0013281906,0.001489082,0.0058622365,0.11193627,0.0011707598,0.0012805559,0.005049763,0.06985411,0.0012020366,0.0015513167,0.0054189162,0.061125875,0.0011920411,0.001356706,0.0050560534,0.04749316,0.0015307728,0.0015616883,0.006050564,0.039658584,0.0014423933,0.0015602368,0.0059293183,0.03978751,0.0014680582,0.0015394094,0.005980248
4866,/home/jupyter/dent_outputs/isic2019_v2/melanoma/hairs/seed4866/lambda_t_star5/style.png,0.00724103,0.0021937317,0.007544063,0.0014215208,0.9987835,0.00070303556,0.0048054657,0.0010404553,0.9980703,0.00068558677,0.0051056114,0.0009850407,0.9980414,0.00057974015,0.0047393595,0.00095852104,0.9975567,0.00060315663,0.0050414684,0.00097478007,0.99536186,0.00061096926,0.0054400074,0.0011926254,0.9827083,0.00069354364,0.0057745744,0.0016764355,0.6194673,0.0010802627,0.008983412,0.0033565399,0.018128159,0.00080658,0.00884452,0.0026290244,0.004964075,0.0007921371,0.008562167,0.0027176128
4810,/home/jupyter/dent_outputs/isic2019_v2/melanoma/hairs/seed4810/lambda_t_star5/style.png,0.012673802,0.012798198,0.0038186873,0.0023212081,0.99701226,0.008693482,0.057211254,0.006967463,0.9968953,0.0087789595,0.037788123,0.0059184595,0.9891446,0.009035436,0.017294446,0.0057047736,0.06891793,0.0027035936,0.05752568,0.004352409,0.033409607,0.0028185449,0.038651265,0.0035323042,0.022652593,0.0026420928,0.031724826,0.0032203605,0.029849278,0.0020751748,0.011239833,0.0027351843,0.008213413,0.0018709608,0.010185703,0.0025831268,0.006494522,0.0016359262,0.010253087,0.002413789
4608,/home/jupyter/dent_outputs/isic2019_v2/melanoma/hairs/seed4608/lambda_t_star5/style.png,0.0010004033,0.020552607,0.093379594,0.0042449962,0.99434,0.0052136076,0.0030738702,0.003194306,0.9950256,0.0043378077,0.0024192308,0.0030583255,0.9943598,0.0042411564,0.0020109238,0.0026968275,0.9933227,0.0036473414,0.0019759058,0.0025931722,0.9844639,0.0051134457,0.002770332,0.0033232602,0.9831786,0.0072000744,0.0028392812,0.0036349364,0.36242372,0.008304198,0.0026355668,0.005045084,0.065716065,0.004869945,0.00257365,0.0039727073,0.051359605,0.005890859,0.0030123147,0.0044566016
4041,/home/jupyter/dent_outputs/isic2019_v2/melanoma/hairs/seed4041/lambda_t_star5/style.png,0.0005964308,0.07381199,0.18444258,0.008177871,0.99594146,0.0037220994,0.019409994,0.0038798612,0.9974279,0.005749325,0.02453956,0.0049130716,0.997638,0.0036701593,0.016336687,0.0032401478,0.9963889,0.004095016,0.016246187,0.0039069736,0.97601783,0.0045626233,0.02078604,0.0055473177,0.80407906,0.0029228954,0.019003443,0.0036609592,0.056022402,0.002457189,0.021481574,0.0037258337,0.0002840561,0.002347955,0.01690819,0.0028332812,0.0002578178,0.0023098972,0.01781853,0.0029623893
4221,/home/jupyter/dent_outputs/isic2019_v2/melanoma/hairs/seed4221/lambda_t_star5/style.png,0.005063634,0.0064058667,0.0006204167,0.00034970188,0.96907747,0.0066110073,0.1776819,0.00628998,0.9680357,0.0060719308,0.12447801,0.0063630124,0.9405467,0.0063666464,0.10129903,0.006855715,0.84876865,0.006333932,0.08985146,0.008841791,0.5684199,0.007377951,0.043728493,0.00827159,0.007935126,0.0042919926,0.041400794,0.0044623706,0.0022372014,0.0028885067,0.037782826,0.003231569,0.0015584033,0.0031134244,0.04089995,0.0036746433,0.0011811025,0.002788775,0.0394594,0.0038431627
4551,/home/jupyter/dent_outputs/isic2019_v2/melanoma/hairs/seed4551/lambda_t_star5/style.png,0.0028838287,0.00011694567,0.015433116,0.00025125383,0.0003768087,0.00014261898,0.0035220608,0.0003866262,0.00033691427,0.00013299107,0.0038231213,0.0004394517,0.0003284427,0.00013116405,0.0045619393,0.0004970341,0.0003154865,0.00011549764,0.0038405366,0.00044635744,0.00028279444,0.00011856957,0.0043789963,0.00046920252,0.0002853386,0.00011505673,0.0043475595,0.0004651973,0.00025200934,9.843393e-05,0.0044836574,0.0004375162,0.00027553644,0.00010264704,0.0046614246,0.00043490343,0.00024310744,0.000101215024,0.005371381,0.00045263334
4145,/home/jupyter/dent_outputs/isic2019_v2/melanoma/hairs/seed4145/lambda_t_star5/style.png,0.0019586391,0.009776086,0.020031644,0.0028241298,0.9957711,0.08754466,0.003128634,0.002656304,0.9994166,0.04316792,0.00644971,0.0021783859,0.9986975,0.034748163,0.0071559115,0.002033074,0.9981329,0.039148595,0.0073064948,0.0023018036,0.9941419,0.042417422,0.004370838,0.0029646633,0.25030836,0.036726367,0.0027742498,0.0033378792,0.007212867,0.031135969,0.0035734402,0.002374817,0.0028785218,0.016466074,0.0021355096,0.0014942168,0.0019938422,0.015401605,0.002181996,0.0014542962
4759,/home/jupyter/dent_outputs/isic2019_v2/melanoma/hairs/seed4759/lambda_t_star5/style.png,0.0065991837,0.10701882,0.0405169,0.0047669103,0.9867895,0.019061502,0.0290593,0.0021862835,0.98322785,0.022187926,0.03718622,0.002270243,0.977477,0.018981766,0.04237377,0.0021067213,0.9701323,0.0132476445,0.024501726,0.0019723715,0.94190574,0.010742841,0.030136732,0.0020244478,0.7313865,0.011502867,0.010027999,0.0018242769,0.0052583246,0.009392284,0.004214625,0.003703755,0.0033322114,0.008117215,0.004293568,0.0030568242,0.003550501,0.010052668,0.004086249,0.003339066
4240,/home/jupyter/dent_outputs/isic2019_v2/melanoma/hairs/seed4240/lambda_t_star5/style.png,0.0044069868,0.0047923643,0.06426781,0.0024298632,0.9488519,0.0031651757,0.017532902,0.007517437,0.9313163,0.0032191395,0.01728266,0.006644467,0.92923903,0.0030260824,0.016185103,0.0065562967,0.9223151,0.0029015006,0.014106064,0.0063235774,0.9250407,0.002270055,0.010683684,0.0044661025,0.114526324,0.0012118194,0.005664104,0.002264489,0.0015135155,0.0007158018,0.012444981,0.002550597,0.0011721363,0.0005909773,0.011783849,0.0023859174,0.001036534,0.0005610759,0.0135254925,0.0021617285
4547,/home/jupyter/dent_outputs/isic2019_v2/melanoma/hairs/seed4547/lambda_t_star5/style.png,0.034617636,0.010862227,0.006384297,0.0014230169,0.99814546,0.0039531705,0.39357862,0.0033566148,0.9944201,0.0033561573,0.55407697,0.0032482895,0.9927227,0.0038506144,0.74497217,0.0029871229,0.9942257,0.0042080944,0.7011717,0.002957755,0.9879842,0.004489629,0.6972349,0.0034225464,0.72632736,0.004189069,0.70986116,0.0038402432,0.005367971,0.0027393664,0.8374176,0.002771054,0.0005395218,0.0024788515,0.87757146,0.0030876086,0.0002503118,0.0017921199,0.9149272,0.0026780802
4733,/home/jupyter/dent_outputs/isic2019_v2/melanoma/hairs/seed4733/lambda_t_star5/style.png,0.99915195,0.0007320504,0.00069116266,0.0011374581,0.5685932,0.026986636,0.00028262087,0.001657766,0.21522368,0.28356084,0.00094739516,0.0020584173,0.18737227,0.30472642,0.0010099082,0.0022622752,0.17834139,0.21816471,0.0008119178,0.0018933337,0.14014071,0.23659863,0.00095338415,0.0021738021,0.12100047,0.28351444,0.0011035858,0.0024116612,0.06892901,0.28816688,0.0013105328,0.002742398,0.02537473,0.26657718,0.001766162,0.0033182052,0.018243078,0.23924287,0.0020978325,0.003768558
4123,/home/jupyter/dent_outputs/isic2019_v2/melanoma/hairs/seed4123/lambda_t_star5/style.png,0.0009695852,0.004588555,0.10025896,0.0020686332,0.08159749,0.0030960375,0.057443056,0.0016594644,0.09328402,0.0022435968,0.048738148,0.0011637454,0.043918967,0.0018455021,0.06315607,0.0011482675,0.02579524,0.0015161806,0.071294956,0.0010601211,0.011392999,0.0011324503,0.083797224,0.0009946759,0.0013660046,0.001839826,0.16071033,0.0016698644,0.00066881324,0.0021165865,0.1472927,0.0016798625,0.00043871126,0.001598929,0.13166434,0.0013305582,0.00037349944,0.0016484924,0.15776111,0.0014813322
4332,/home/jupyter/dent_outputs/isic2019_v2/melanoma/hairs/seed4332/lambda_t_star5/style.png,0.010583354,0.043672428,0.0016625585,0.0020196605,0.9950427,0.007193008,0.0016860708,0.0027253584,0.9902136,0.0034665305,0.0015689648,0.0025619392,0.9846668,0.0032559573,0.0018097544,0.0029013169,0.9774302,0.0033175682,0.0019039378,0.0032838318,0.9491014,0.0036957997,0.0021172764,0.0039993566,0.76618886,0.010630252,0.0051443186,0.0103278505,0.21642956,0.0061768056,0.006304672,0.010486636,0.019186107,0.0037860945,0.0045932876,0.007902755,0.005797968,0.003255012,0.0035860415,0.0053471625
4844,/home/jupyter/dent_outputs/isic2019_v2/melanoma/hairs/seed4844/lambda_t_star5/style.png,0.37510288,0.006530807,0.000251846,0.00027715572,0.033053454,0.0031075294,0.00062920846,0.0021661434,0.009468865,0.00085396756,0.00047218826,0.0011225455,0.0077277278,0.00053769286,0.00047075909,0.0012947922,0.009983494,0.0006183521,0.00054453267,0.0016933073,0.0016985903,0.0005718142,0.0006272347,0.001643861,0.0009882174,0.0009459993,0.0009878164,0.0023649097,0.00076359604,0.00094416155,0.0011353332,0.002475689,0.0007407985,0.00096414844,0.0010702009,0.0022420369,0.00073323736,0.0010305822,0.0012772086,0.0022838102
4177,/home/jupyter/dent_outputs/isic2019_v2/melanoma/hairs/seed4177/lambda_t_star5/style.png,0.0003247735,0.018832786,0.03453783,0.0032428268,0.9875136,0.01604379,0.021794949,0.011152456,0.98419905,0.0195465,0.024806255,0.010624505,0.9806889,0.018213462,0.026309958,0.010268936,0.9808075,0.017572602,0.025184197,0.009891192,0.97843826,0.015915098,0.023315659,0.008965667,0.9308106,0.011524161,0.011809993,0.005902851,0.09416367,0.004945962,0.0035218666,0.0025500425,0.0047109337,0.0053331456,0.0045409873,0.0026138083,0.0044589336,0.0053367037,0.0047139083,0.0026006768
4528,/home/jupyter/dent_outputs/isic2019_v2/melanoma/hairs/seed4528/lambda_t_star5/style.png,0.10159417,0.012043704,0.0018412574,0.0018200714,0.6958407,0.028731067,0.002458421,0.0077263676,0.7723085,0.01605793,0.0015804057,0.005358592,0.84219617,0.02022185,0.002220558,0.0071828477,0.8500901,0.035152745,0.0030731135,0.009744052,0.70996064,0.045558337,0.00782909,0.024400678,0.41933468,0.028120585,0.0033712573,0.010317431,0.028673712,0.027797595,0.002456018,0.009876526,0.01901387,0.031803153,0.0020810557,0.007523021,0.020864023,0.044609223,0.0028190436,0.009736348
4174,/home/jupyter/dent_outputs/isic2019_v2/melanoma/hairs/seed4174/lambda_t_star5/style.png,0.0018093763,0.019208321,0.0007240177,0.0011387786,0.9786727,0.0053157564,0.005836598,0.007746977,0.83267313,0.0053879134,0.009467205,0.009604507,0.7382207,0.0044867955,0.009693204,0.008557525,0.69394016,0.0034749976,0.0075936057,0.006948571,0.64070475,0.003496447,0.007341971,0.0066557466,0.60181224,0.0035376626,0.006316725,0.006681733,0.39083505,0.004809755,0.007366537,0.009402703,0.22945948,0.005083576,0.0083159115,0.009048215,0.1795358,0.00385087,0.007107514,0.008047491
4687,/home/jupyter/dent_outputs/isic2019_v2/melanoma/hairs/seed4687/lambda_t_star5/style.png,0.002883168,0.011764773,0.01758222,0.005183181,0.14385833,0.045323417,0.0028636886,0.00441408,0.04480207,0.022509024,0.0021590733,0.002772133,0.023555363,0.017837357,0.0020606716,0.0023374108,0.019350274,0.01839933,0.0021178063,0.002222654,0.016410058,0.016119398,0.002517016,0.002392458,0.00874662,0.010268108,0.0023321207,0.0021405353,0.0041993377,0.006224312,0.0024825637,0.0020789455,0.0032111213,0.005097172,0.002561079,0.0019218123,0.0021833573,0.0058802376,0.0028974859,0.0020679878
4461,/home/jupyter/dent_outputs/isic2019_v2/melanoma/hairs/seed4461/lambda_t_star5/style.png,0.0012366034,0.0017295254,0.020123169,0.0026373335,0.9255769,0.00034830926,0.002502338,0.0016737833,0.9409726,0.00029845542,0.0028224383,0.0012557625,0.91692877,0.0003283322,0.003059153,0.0012030728,0.90452135,0.00032752933,0.003345453,0.0010685449,0.88844585,0.00040104805,0.0038388153,0.0010780088,0.75368214,0.0005807564,0.005071893,0.001572591,0.37732437,0.0005578157,0.005412757,0.001997798,0.018789476,0.0008954552,0.0068020723,0.003448268,0.007063491,0.0012643798,0.010000244,0.0050342595
4261,/home/jupyter/dent_outputs/isic2019_v2/melanoma/hairs/seed4261/lambda_t_star5/style.png,0.6679586,0.0028114042,0.00050193444,0.0007581305,0.95340073,0.00036512082,0.0021286053,0.0007081587,0.95280504,0.0005185854,0.002836252,0.0009256804,0.916201,0.00040646075,0.0031060525,0.0009190894,0.8778785,0.00044273346,0.0032120186,0.0009580814,0.80502564,0.0003888119,0.002475736,0.0008976446,0.052823804,0.00034972088,0.002483002,0.0009858842,0.00034977324,0.0005308487,0.003787155,0.0015656011,0.00041125153,0.0005692917,0.004033531,0.0017144603,0.0003676318,0.00061415025,0.0042338646,0.0017726918
4311,/home/jupyter/dent_outputs/isic2019_v2/melanoma/hairs/seed4311/lambda_t_star5/style.png,0.0009737456,0.13987137,0.37124792,0.009322674,0.008421721,0.017081033,0.015699156,0.0037339795,0.98922896,0.008241587,0.007983968,0.0026660515,0.96071833,0.013671783,0.0064744395,0.002816222,0.13060643,0.024478562,0.005140477,0.0028798636,0.026616754,0.035069462,0.010154549,0.004489339,0.0040808385,0.04040589,0.020029027,0.0061558913,0.003538276,0.036221627,0.02062655,0.0059706974,0.0034777196,0.026802322,0.02237244,0.007035294,0.0035030576,0.013135338,0.029283501,0.0083058
4922,/home/jupyter/dent_outputs/isic2019_v2/melanoma/hairs/seed4922/lambda_t_star5/style.png,0.0025229969,0.0056670783,0.035154656,0.0075520715,0.9977278,0.009941514,0.0028001468,0.0030935837,0.9972222,0.008680527,0.0019852775,0.002459028,0.99623567,0.007728778,0.0016840107,0.002184389,0.9957527,0.0067676255,0.001848734,0.0022879145,0.9928676,0.005778548,0.002048816,0.0026056091,0.9916345,0.0055686887,0.0020033894,0.0026614948,0.97087896,0.0033227499,0.0019301148,0.0026428627,0.72191006,0.0032833805,0.0019857092,0.0033096373,0.56878924,0.0027868713,0.0020787914,0.0030350941
4582,/home/jupyter/dent_outputs/isic2019_v2/melanoma/hairs/seed4582/lambda_t_star5/style.png,0.005095419,0.06444542,0.0033869476,0.0032905918,0.41914764,0.0038694902,0.026092008,0.0024601968,0.4209853,0.0058592027,0.029353853,0.0028381774,0.41802776,0.0041245203,0.027991753,0.0026053453,0.26028308,0.0038011002,0.03387262,0.0025056347,0.25537044,0.0031556995,0.035145454,0.0026776192,0.14164753,0.002899556,0.030882504,0.002420763,0.051188376,0.0026978524,0.01996741,0.0025576267,0.0024888336,0.0033588568,0.018791705,0.0027770677,0.0016381658,0.0034153908,0.018900994,0.0028208375
4581,/home/jupyter/dent_outputs/isic2019_v2/melanoma/hairs/seed4581/lambda_t_star5/style.png,0.0013936404,0.025553012,0.09554619,0.002408646,0.9949685,0.0059978133,0.007109254,0.0018181673,0.98286563,0.013419306,0.010896617,0.001810848,0.96894294,0.0155602135,0.0075177397,0.002336974,0.9714044,0.0154975,0.0068800524,0.0019004154,0.9383371,0.014148456,0.0077514173,0.002360004,0.8643808,0.008681306,0.005775398,0.0023159566,0.22356091,0.008835103,0.0068199392,0.0028138314,0.08298014,0.0067429957,0.0075952234,0.003118395,0.07030667,0.004876975,0.0069612865,0.0027055703
4034,/home/jupyter/dent_outputs/isic2019_v2/melanoma/hairs/seed4034/lambda_t_star5/style.png,0.004173646,0.0062845307,0.024687259,0.0023091468,0.99925,0.0002120982,0.00043235443,0.00015645873,0.9993463,0.0002527601,0.00051964377,0.00017001873,0.99922466,0.00027481784,0.000521078,0.00018204103,0.9992144,0.00021457796,0.000530549,0.000168637,0.99798226,0.00017560403,0.0005808868,0.00016527317,0.93063575,0.00028938288,0.0011604407,0.0004159719,0.11664322,0.00045158304,0.003913483,0.0011007615,0.0015153873,0.00023944977,0.006321115,0.0010257341,0.00085052307,0.00023578666,0.00850572,0.0010773522
4195,/home/jupyter/dent_outputs/isic2019_v2/melanoma/hairs/seed4195/lambda_t_star5/style.png,0.014121357,0.005036778,0.007319972,0.0038945726,0.0047313455,0.0016815754,0.0017943631,0.0024152556,0.0035312974,0.0015514276,0.0014958134,0.0019419029,0.0028685317,0.0019764672,0.0013743018,0.0017079609,0.002387457,0.0020384912,0.001439008,0.001688141,0.002313029,0.0016891292,0.0013940404,0.001712713,0.0014960776,0.001419416,0.0014876613,0.0015041099,0.0010525796,0.00095503737,0.0016238558,0.0013506872,0.000718024,0.00087707833,0.0025359832,0.0016192533,0.0005931524,0.00069438585,0.0027088453,0.0015406257
4090,/home/jupyter/dent_outputs/isic2019_v2/melanoma/hairs/seed4090/lambda_t_star5/style.png,0.052670192,0.012746172,0.00027595708,0.00060001743,0.66762155,0.028899264,0.9700226,0.006658512,0.6437145,0.021580208,0.9577872,0.005230159,0.47296983,0.010232543,0.9748352,0.0040026195,0.003379401,0.011116917,0.9692969,0.005283313,0.0041124206,0.011096622,0.96604455,0.0056292186,0.003533654,0.010981209,0.9599307,0.0056495615,0.0026376157,0.008338234,0.9448678,0.0046356022,0.0028543223,0.0072267605,0.95275885,0.0039964914,0.0027851174,0.005682732,0.9425884,0.0032345515
4563,/home/jupyter/dent_outputs/isic2019_v2/melanoma/hairs/seed4563/lambda_t_star5/style.png,0.0012536108,0.0037187394,0.7081203,0.0012325688,0.87796926,0.003995154,0.00559369,0.0038801043,0.97515965,0.008234275,0.01648267,0.004394402,0.9337582,0.008847526,0.042754866,0.0068609766,0.6323282,0.026656948,0.1441258,0.01636062,0.61143875,0.020465193,0.14065284,0.012649689,0.031806428,0.016229512,0.17593637,0.014190485,0.031119078,0.013757438,0.19379498,0.012609533,0.030022472,0.00915519,0.16260767,0.009591122,0.033138104,0.010591495,0.18815564,0.00943354
4440,/home/jupyter/dent_outputs/isic2019_v2/melanoma/hairs/seed4440/lambda_t_star5/style.png,0.009357763,0.058781136,0.01347427,0.0073646647,0.9962114,0.0073731923,0.0016377028,0.0024252683,0.99634004,0.004389554,0.0014688399,0.002131077,0.98874307,0.0033864211,0.0013231547,0.0025068256,0.9850055,0.0025657583,0.0014520191,0.0028124375,0.9611974,0.0027599405,0.0017256464,0.0037368878,0.87050253,0.004144856,0.0026882754,0.006096591,0.10581956,0.003337981,0.0030955195,0.0056752437,0.04327674,0.0026384587,0.0031383457,0.004639454,0.04381706,0.002158573,0.0031174289,0.0042017153
4360,/home/jupyter/dent_outputs/isic2019_v2/melanoma/hairs/seed4360/lambda_t_star5/style.png,0.03177798,0.04530373,0.0004958166,0.0005588953,0.9806229,0.001072005,0.013960731,0.0008401918,0.9882061,0.0015532108,0.014001651,0.0007721176,0.9891284,0.0016822352,0.01667768,0.0007766681,0.95376235,0.0016699432,0.019130947,0.0008919184,0.39937127,0.0009811466,0.016065227,0.0008747335,0.000765977,0.0007504899,0.053568605,0.0014867568,0.000587263,0.000712245,0.070470385,0.0014369937,0.0004957835,0.0005826809,0.06048827,0.0011866196,0.00046946135,0.0005605462,0.05452192,0.0011714498
4406,/home/jupyter/dent_outputs/isic2019_v2/melanoma/hairs/seed4406/lambda_t_star5/style.png,0.005520731,0.040911213,0.0015933804,0.0015504844,0.9303304,0.0016518892,0.020491976,0.0032421055,0.9338667,0.0016191531,0.020430343,0.0031015347,0.9365276,0.001860867,0.02480418,0.0029309567,0.9133617,0.0021144724,0.024729215,0.0030816598,0.8664034,0.001945953,0.025382264,0.0030360394,0.41741014,0.0018519044,0.02197456,0.0031992171,0.073331,0.0015594852,0.014931732,0.0029101244,0.0092522865,0.0022835287,0.011943416,0.0035037363,0.004898976,0.0019135855,0.009676831,0.0027632574
4199,/home/jupyter/dent_outputs/isic2019_v2/melanoma/hairs/seed4199/lambda_t_star5/style.png,0.0021839577,0.0024652327,0.017621996,0.00093161996,0.2114743,0.00078834704,0.0012973524,0.0038906366,0.20143332,0.00077195495,0.001256475,0.0039371965,0.22110787,0.0007782525,0.0013411205,0.0040932563,0.16613069,0.00084179366,0.0014692666,0.004508491,0.123421185,0.00076580007,0.0014552792,0.0044980184,0.15036851,0.0010631785,0.001679789,0.00553748,0.0024118149,0.0012488443,0.0028803798,0.0075618527,0.002421105,0.0012552207,0.00297334,0.008031599,0.00249647,0.0014360566,0.003437055,0.008781727
4134,/home/jupyter/dent_outputs/isic2019_v2/melanoma/hairs/seed4134/lambda_t_star5/style.png,0.00024717065,0.087993845,0.018919932,0.002012764,0.63564634,0.00066505076,0.0006984699,0.0012010552,0.5219995,0.0009952361,0.00090648327,0.0012548914,0.35925522,0.0015221932,0.0016930003,0.002221973,0.015154972,0.0011945764,0.001717136,0.0022715956,0.018936591,0.003952461,0.004444333,0.0033608894,0.005329813,0.0018691284,0.0025905666,0.0024294495,0.00049875095,0.0016732264,0.0022789142,0.0019012748,0.00031934938,0.0015382664,0.0029100913,0.0019911653,0.0002523789,0.001387214,0.0030525404,0.0018778961
4890,/home/jupyter/dent_outputs/isic2019_v2/melanoma/hairs/seed4890/lambda_t_star5/style.png,0.0029179037,0.08386175,0.0010927218,0.0006802664,0.7353281,0.0013356858,0.0052348347,0.0028275938,0.6208281,0.0013906744,0.0071974294,0.0032464883,0.68938214,0.0009689779,0.006544527,0.0023218575,0.66163456,0.0009728604,0.006351383,0.002224449,0.35956812,0.0010031846,0.00687534,0.002977251,0.063544065,0.0011976031,0.0068959836,0.0038884087,0.0076361843,0.0008421972,0.005597174,0.0029073835,0.00087215065,0.00097526354,0.004714971,0.0026945304,0.0007600127,0.0009693455,0.0051320363,0.0026162919
4323,/home/jupyter/dent_outputs/isic2019_v2/melanoma/hairs/seed4323/lambda_t_star5/style.png,0.0047317115,0.40038222,0.0036538788,0.002094804,0.008419269,0.00044567676,0.012479669,0.002280169,0.007273474,0.0004111624,0.012558005,0.0021000758,0.0007337868,0.00028528285,0.012176546,0.001779034,0.0006087834,0.0003399072,0.014325303,0.0018066198,0.0006577577,0.00032234399,0.012882411,0.0016890535,0.0005853706,0.00028613515,0.014741461,0.0015883083,0.00055437896,0.000274219,0.017549345,0.0016320733,0.00051983504,0.0002339254,0.015767302,0.0013912044,0.0005588266,0.00024261327,0.020487133,0.0016048211
4361,/home/jupyter/dent_outputs/isic2019_v2/melanoma/hairs/seed4361/lambda_t_star5/style.png,0.009463901,0.040948294,0.45188957,0.012791748,0.44891554,0.06016338,0.17847925,0.015411514,0.42760995,0.05912987,0.13478418,0.012625032,0.38036555,0.053948224,0.0822423,0.009816875,0.40502512,0.033350293,0.05975857,0.008820246,0.36425072,0.04263387,0.056873374,0.008011664,0.21114239,0.04667209,0.0641841,0.008101681,0.078552596,0.040302176,0.09348421,0.00845233,0.077561215,0.03669178,0.096854284,0.009059916,0.059263133,0.033052534,0.09969344,0.009247537
4363,/home/jupyter/dent_outputs/isic2019_v2/melanoma/hairs/seed4363/lambda_t_star5/style.png,0.11628964,0.021254944,0.0014358158,0.0027143257,0.6482189,0.001422737,0.06273943,0.0018360672,0.86180806,0.0004895899,0.013691326,0.00082581403,0.8567149,0.00053618517,0.0042835744,0.0011265659,0.9087272,0.00048626677,0.0035399576,0.0010319322,0.7841663,0.0005972696,0.005221572,0.0013675621,0.007674621,0.00054261636,0.009109198,0.0015926621,0.0007937771,0.00039624097,0.011179223,0.0014917295,0.00060532585,0.0003476123,0.012388784,0.0013501819,0.00056484836,0.00030461533,0.013691518,0.0012198967
4827,/home/jupyter/dent_outputs/isic2019_v2/melanoma/hairs/seed4827/lambda_t_star5/style.png,0.003257897,0.01733264,0.10546548,0.005052926,0.95554173,0.041958008,0.6472322,0.02408292,0.5264235,0.0015010259,0.18009244,0.0017727636,0.3912221,0.0018214979,0.29252392,0.0024116773,0.25118098,0.001382415,0.2816666,0.002005701,0.051612765,0.0014858284,0.38750252,0.0021195132,0.032900006,0.0010656179,0.3665158,0.0018578997,0.000318288,0.0006243783,0.28776693,0.0011810648,0.00032564628,0.0006202334,0.31709272,0.001260595,0.00027391067,0.00056970783,0.32812864,0.0012614537
4682,/home/jupyter/dent_outputs/isic2019_v2/melanoma/hairs/seed4682/lambda_t_star5/style.png,0.001795132,0.006221761,0.036798753,0.0020219204,0.93619335,0.0026429484,0.0021491793,0.0012945198,0.96719146,0.003251627,0.0019684068,0.0012544416,0.95412946,0.0033385549,0.0020301456,0.001456314,0.17908877,0.0036027196,0.0029700594,0.0023181029,0.12012366,0.0033056727,0.0028436657,0.0016437671,0.10594808,0.0028197584,0.003291438,0.001644253,0.105865724,0.0020453832,0.0029830558,0.0013525402,0.13515471,0.0020027957,0.0036304735,0.0015296844,0.12779982,0.0022210313,0.003955529,0.0016570613
4546,/home/jupyter/dent_outputs/isic2019_v2/melanoma/hairs/seed4546/lambda_t_star5/style.png,0.7895755,0.0038432996,0.04530539,0.0013298652,0.99517244,0.025702229,0.07270941,0.004295621,0.99517196,0.034081552,0.07508738,0.0052927085,0.9964205,0.008212337,0.28158405,0.0049159233,0.9838563,0.0096298,0.3268563,0.0063631153,0.9682332,0.0099356305,0.31097713,0.0061045913,0.8704537,0.011239641,0.30332923,0.007522672,0.5556715,0.015590936,0.20855215,0.009649101,0.17049634,0.009799272,0.13948663,0.0066411407,0.106097564,0.009765954,0.15636604,0.007602361
4694,/home/jupyter/dent_outputs/isic2019_v2/melanoma/hairs/seed4694/lambda_t_star5/style.png,0.0056994804,0.0035968344,0.024462722,0.0033679232,0.8728548,0.0037409908,0.0010975196,0.001960746,0.7605553,0.006351299,0.0017217664,0.0025890109,0.77044386,0.0059506767,0.0016301933,0.0027789408,0.8515182,0.0058253757,0.0017902871,0.0028369576,0.9331059,0.0054968027,0.0015655027,0.002653795,0.90045905,0.0028350372,0.0013805631,0.001827067,0.40002894,0.0023371766,0.0017935861,0.001959524,0.21736452,0.0017886262,0.0017979204,0.0018746369,0.19074114,0.0014686525,0.0017924912,0.0018686969
4270,/home/jupyter/dent_outputs/isic2019_v2/melanoma/hairs/seed4270/lambda_t_star5/style.png,0.014301972,0.009196544,0.03724683,0.0067064418,0.8900062,0.00055054424,0.1341329,0.00068552955,0.8334782,0.00088573777,0.30567902,0.0008498596,0.68564385,0.0008450098,0.22262235,0.0010558391,0.59603536,0.0006311075,0.2220246,0.0007624584,0.081327856,0.00039934195,0.14090495,0.000747585,0.0027020664,0.00049985776,0.22785789,0.0011122376,0.0010449497,0.00045961273,0.25893125,0.0013183082,0.00076376344,0.00044993282,0.28191584,0.0012389997,0.0007847516,0.00044160953,0.31520253,0.0012835804
4697,/home/jupyter/dent_outputs/isic2019_v2/melanoma/hairs/seed4697/lambda_t_star5/style.png,0.0019935851,0.0066718254,0.037296843,0.0020666006,0.05224154,0.020866549,0.008631369,0.0054858397,0.059758067,0.016852949,0.006117123,0.0037532968,0.057199962,0.022504529,0.00658617,0.0043002926,0.0767951,0.014630717,0.005807791,0.0036930616,0.03925134,0.010443047,0.0057532354,0.0032328612,0.005243433,0.006790266,0.005190397,0.0026032533,0.0020941163,0.005923944,0.007256637,0.0024013151,0.0016971445,0.0037177412,0.007514901,0.002193839,0.001391741,0.0033824341,0.006969532,0.0018781886
4252,/home/jupyter/dent_outputs/isic2019_v2/melanoma/hairs/seed4252/lambda_t_star5/style.png,0.0015800325,0.052538086,0.010893338,0.0034538615,0.12151866,0.015128369,0.026013315,0.010533295,0.89323294,0.013801646,0.03208622,0.011598963,0.8773786,0.014173392,0.053214684,0.012507455,0.87408966,0.01126285,0.045466874,0.010620225,0.7068569,0.01353309,0.031654026,0.011743792,0.35931084,0.010829559,0.027701488,0.010239513,0.20386907,0.008995642,0.023263806,0.010030015,0.13560724,0.0073985266,0.02089515,0.008545312,0.11954379,0.0063846624,0.018763818,0.0073939166
4919,/home/jupyter/dent_outputs/isic2019_v2/melanoma/hairs/seed4919/lambda_t_star5/style.png,0.008702111,0.011755503,0.0032838099,0.0015371823,0.9878928,0.011799017,0.0038288408,0.005418595,0.5055743,0.025256138,0.009270277,0.010620016,0.28053576,0.017196836,0.007292363,0.008004217,0.09638417,0.0139838355,0.006723069,0.00703554,0.1400118,0.010284325,0.005507174,0.0053095175,0.13008337,0.00948311,0.0062719057,0.0055436413,0.03978045,0.0060916785,0.006518811,0.0053354003,0.017910592,0.0033034019,0.0054627056,0.004058946,0.010447324,0.0034101768,0.0060945693,0.004250216
4189,/home/jupyter/dent_outputs/isic2019_v2/melanoma/hairs/seed4189/lambda_t_star5/style.png,0.0005195398,0.0042539868,0.14736779,0.00070933945,0.38444823,0.09532503,0.040621758,0.009202215,0.2839047,0.09017,0.07196692,0.0098041035,0.15863286,0.091897056,0.09257862,0.008565122,0.09552932,0.14138713,0.04618839,0.0058518574,0.054790296,0.17254698,0.0398634,0.0076331673,0.021915272,0.17361894,0.032054566,0.008001968,0.009206595,0.13792722,0.024702515,0.007385152,0.0046230755,0.08989596,0.023957815,0.0065209884,0.0036483263,0.07011744,0.015881406,0.0058618695
4104,/home/jupyter/dent_outputs/isic2019_v2/melanoma/hairs/seed4104/lambda_t_star5/style.png,0.046961382,0.0038078858,0.005651625,0.0034665319,0.9991228,0.003797546,0.22162914,0.0067634154,0.9993789,0.005396271,0.055791117,0.0049140574,0.9994717,0.0013085521,0.024535075,0.0037946,0.9970318,0.0020802796,0.08363768,0.012211485,0.9580503,0.0027836808,0.16363561,0.027386801,0.9347857,0.0012742481,0.056417532,0.010329049,0.31702682,0.0010121005,0.03217774,0.009981704,0.10300445,0.0008683504,0.023840128,0.009935607,0.08893249,0.00071766204,0.015847674,0.007724558
4549,/home/jupyter/dent_outputs/isic2019_v2/melanoma/hairs/seed4549/lambda_t_star5/style.png,0.00047036013,0.009716586,0.42028052,0.0052941577,0.9984463,0.0021407043,0.09546488,0.0021811363,0.99807954,0.0019996292,0.061369646,0.0018031253,0.99864537,0.0017162338,0.02943013,0.0013248905,0.9993249,0.00224462,0.026194556,0.0016497046,0.9958995,0.0011539217,0.026214255,0.0015288201,0.94752645,0.002368517,0.0208332,0.0025676396,0.018372046,0.0048317662,0.028206795,0.0026565315,0.0015872349,0.0068985503,0.02067448,0.0038589304,0.0011272314,0.006454478,0.019565655,0.0035218466
4170,/home/jupyter/dent_outputs/isic2019_v2/melanoma/hairs/seed4170/lambda_t_star5/style.png,0.010170014,0.0061467118,0.00079021946,0.00032493204,0.9996433,0.0006195194,0.002037212,0.0003367922,0.9982595,0.0024414049,0.010219713,0.0011478388,0.9976549,0.0015395742,0.007644362,0.0011029416,0.996899,0.0010864923,0.0033231701,0.00069057173,0.3209392,0.0027257318,0.0033675483,0.0016094437,0.0017447576,0.001842846,0.005083851,0.0022713426,0.0011782179,0.0015429615,0.006025683,0.0022460415,0.0008496726,0.0010308523,0.007441547,0.0021160094,0.0007296257,0.0009577643,0.010599623,0.0023247856
4006,/home/jupyter/dent_outputs/isic2019_v2/melanoma/hairs/seed4006/lambda_t_star5/style.png,0.0177515,0.01788115,0.00092783355,0.00076574425,0.60578346,0.001502088,0.0071917586,0.0016476506,0.48113987,0.0017194158,0.0066574304,0.0022507857,0.35052598,0.0016986568,0.010145073,0.0020402768,0.39271003,0.0015579404,0.008329785,0.0017433862,0.5527204,0.0012247991,0.0063277916,0.0012517626,0.30474415,0.0014086618,0.0046839095,0.0016226108,0.4100767,0.0011995547,0.0034632685,0.0014946304,0.01350048,0.0020573922,0.0046299533,0.0029492164,0.0024047147,0.0027387151,0.0054678693,0.0039063888
4476,/home/jupyter/dent_outputs/isic2019_v2/melanoma/hairs/seed4476/lambda_t_star5/style.png,0.004471956,0.07437074,0.004790054,0.0017241505,0.9994772,0.0065219277,0.015380274,0.0030173683,0.9995708,0.0076631075,0.017039726,0.002956875,0.99945885,0.011511219,0.031752698,0.004297027,0.9989365,0.011021302,0.047121074,0.005990506,0.9988199,0.010810251,0.037780207,0.0056396676,0.9948775,0.009503951,0.02474573,0.0057521826,0.92426836,0.014959797,0.024487518,0.0070584696,0.2517827,0.012765303,0.022950854,0.0062297797,0.03830128,0.011663757,0.024273822,0.005344637
4058,/home/jupyter/dent_outputs/isic2019_v2/melanoma/hairs/seed4058/lambda_t_star5/style.png,0.27726912,0.0007209861,0.00024891124,0.00022858492,0.8187521,0.0047034747,0.0036347776,0.005349486,0.2675032,0.0040308577,0.0007478455,0.0020218675,0.22507185,0.0025884593,0.0011711289,0.0031815777,0.13989271,0.0025156697,0.0012481814,0.0031227756,0.75691426,0.0020190657,0.0008585124,0.0015762969,0.62270206,0.0022335323,0.0012689776,0.002294628,0.23300812,0.0026093542,0.0023033055,0.0042497595,0.011724455,0.0034266373,0.0050639077,0.008788051,0.0044313557,0.0033121265,0.0069123437,0.008862534
4295,/home/jupyter/dent_outputs/isic2019_v2/melanoma/hairs/seed4295/lambda_t_star5/style.png,0.0018525806,0.003157051,0.060776584,0.0016142174,0.9941077,0.0013409703,0.00060699484,0.0008343462,0.99597967,0.0010148382,0.00048271354,0.0007686804,0.9977818,0.0013222477,0.00050392153,0.00072727894,0.9997162,0.0020634376,0.0007525912,0.0006236852,0.9754005,0.0040006544,0.0015586303,0.0019677558,0.9084818,0.0019752674,0.0013088201,0.0013918517,0.09696932,0.0014040953,0.001844782,0.0016288676,0.077427976,0.0012108923,0.0018921142,0.0015999578,0.07278342,0.0014026279,0.002518392,0.0018378594
4725,/home/jupyter/dent_outputs/isic2019_v2/melanoma/hairs/seed4725/lambda_t_star5/style.png,0.0025918186,0.050941337,0.31970686,0.046722177,0.9982022,0.03874987,0.010373936,0.008663457,0.9980708,0.026593687,0.010022911,0.007168702,0.9971505,0.022121135,0.010513534,0.006960532,0.9932861,0.0149868615,0.010926408,0.007651357,0.9870924,0.014385378,0.012859886,0.008072107,0.96382403,0.009866309,0.008077236,0.0054639336,0.6595133,0.0052958024,0.004628863,0.003973087,0.019818757,0.0032565717,0.0036860981,0.0038065747,0.0012270814,0.0024447783,0.0041853907,0.0035355133
4420,/home/jupyter/dent_outputs/isic2019_v2/melanoma/hairs/seed4420/lambda_t_star5/style.png,0.0007492589,0.04322334,0.034374442,0.0032466687,0.9733663,0.0058338926,0.0065277014,0.0058720154,0.9894276,0.0046382234,0.0061195497,0.00404467,0.88857025,0.003227607,0.005368493,0.003664525,0.79146063,0.00260594,0.004849315,0.0037218994,0.5716469,0.0018336568,0.0045583267,0.0035710095,0.358938,0.0014739402,0.0048824577,0.0037009884,0.052658297,0.0014077935,0.007658341,0.0047939112,0.0035667496,0.0026756488,0.010793412,0.0074055544,0.0028319426,0.003134134,0.011714437,0.007699639
4439,/home/jupyter/dent_outputs/isic2019_v2/melanoma/hairs/seed4439/lambda_t_star5/style.png,0.0027263123,0.0017369543,0.009895302,0.002404892,0.9715066,0.27409148,0.0067448583,0.0071863984,0.92142045,0.3226349,0.008113625,0.010223819,0.07782106,0.0018526907,0.002418507,0.0031870839,0.049763966,0.0029429162,0.003393674,0.0048616556,0.04932273,0.0055594044,0.0053388984,0.009366423,0.03777512,0.010858078,0.008926237,0.016524334,0.02403317,0.011124751,0.008581817,0.015480346,0.019980058,0.009893369,0.008145478,0.014787526,0.021385526,0.009964581,0.008818241,0.016820995
4237,/home/jupyter/dent_outputs/isic2019_v2/melanoma/hairs/seed4237/lambda_t_star5/style.png,0.0057497313,0.016502015,0.0032642067,0.0012020452,0.04580768,0.035907965,0.0040071253,0.005218135,0.06583117,0.031209782,0.0050011477,0.0061054393,0.09245858,0.029161217,0.0056980397,0.0067036278,0.06789107,0.025548978,0.004719594,0.006165696,0.037259042,0.021061556,0.0045328643,0.0058070202,0.025941767,0.020781903,0.0054062405,0.0062300754,0.023080166,0.022749102,0.004675838,0.0056113796,0.014668168,0.01958472,0.004183414,0.004616866,0.011522228,0.019959783,0.004085411,0.0042207874
4056,/home/jupyter/dent_outputs/isic2019_v2/melanoma/hairs/seed4056/lambda_t_star5/style.png,0.06326752,0.044001587,0.002592942,0.0015249148,0.92286396,0.0011421209,0.022884322,0.0024371548,0.9240819,0.0011491041,0.019573756,0.002268004,0.9026694,0.0007536965,0.010187467,0.001621946,0.83074856,0.0006424561,0.008065077,0.0016088316,0.53113425,0.00051315106,0.0067110336,0.0016372169,0.04162983,0.00040040872,0.007766266,0.0020239102,0.0045102146,0.00029839482,0.009819701,0.0016977545,0.0034442244,0.00028887263,0.0097980825,0.0016030518,0.0033039998,0.00028024623,0.009694302,0.001566184
4634,/home/jupyter/dent_outputs/isic2019_v2/melanoma/hairs/seed4634/lambda_t_star5/style.png,0.35224524,0.0046294676,0.00060908374,0.0009056277,0.3765782,0.0048291325,0.013224097,0.0057913167,0.6042465,0.002356456,0.19428347,0.0024093497,0.50161207,0.002277138,0.10406283,0.002310481,0.28691244,0.0016849755,0.10422423,0.0021269126,0.058878053,0.0020069755,0.07278172,0.0021724135,0.0011363616,0.0018936872,0.10885259,0.00171904,0.0005650968,0.0023214037,0.26628312,0.0021217763,0.0006290427,0.0024574378,0.2738128,0.0024885542,0.00053144305,0.0018374107,0.18848123,0.0020138582
4798,/home/jupyter/dent_outputs/isic2019_v2/melanoma/hairs/seed4798/lambda_t_star5/style.png,0.001702541,0.036059804,0.063101046,0.00615625,0.9993068,0.0012968398,0.0026129333,0.0010056841,0.99954116,0.0014142852,0.002527519,0.00090150646,0.9994611,0.0015669999,0.0026286456,0.0009764234,0.99941134,0.001871247,0.0032356572,0.0011334071,0.99938965,0.0018840356,0.0026923106,0.0012924955,0.9983063,0.0027970406,0.0038223008,0.002321946,0.98876697,0.0034594445,0.0050499616,0.0037463263,0.7402524,0.0054432517,0.0054704444,0.0067353267,0.48626527,0.0067972704,0.006340051,0.008494114
4483,/home/jupyter/dent_outputs/isic2019_v2/melanoma/hairs/seed4483/lambda_t_star5/style.png,0.0023435103,0.18583505,0.022315443,0.0033631234,0.7534621,0.007203442,0.0006261754,0.0027707336,0.7295619,0.014737023,0.00087859394,0.0038324802,0.7176142,0.009563139,0.00075139874,0.0034021467,0.46997404,0.013614488,0.0009748984,0.0040484467,0.48554367,0.0114231035,0.0008201071,0.0042566378,0.50318116,0.010856152,0.0008612641,0.0036784809,0.45233384,0.011625649,0.00086057425,0.003595372,0.45961067,0.010241683,0.0007446536,0.0032509614,0.4797079,0.01049719,0.0007159028,0.003360372
4348,/home/jupyter/dent_outputs/isic2019_v2/melanoma/hairs/seed4348/lambda_t_star5/style.png,0.0007230919,0.0009092058,0.02349721,0.00075170095,0.16472274,0.004478573,0.012151703,0.004705283,0.12543279,0.0047883014,0.012266555,0.0055071507,0.07885842,0.0035881908,0.0096031055,0.0049037207,0.037620407,0.003936482,0.0079577435,0.004945596,0.016780682,0.0052793347,0.009296423,0.006390819,0.005005178,0.0046800408,0.0070522763,0.0045998944,0.0030518873,0.0048176795,0.006241159,0.0038763795,0.0025241566,0.004347345,0.006388733,0.0038331628,0.002292439,0.0038471662,0.0066548577,0.0038998576
4350,/home/jupyter/dent_outputs/isic2019_v2/melanoma/hairs/seed4350/lambda_t_star5/style.png,0.0022055444,0.03842305,0.059768498,0.005128989,0.99419713,0.008021189,0.030521475,0.0041239783,0.98106754,0.008597975,0.028882205,0.0045295064,0.97650325,0.008701746,0.029141089,0.004007759,0.9633243,0.0072107576,0.029832684,0.0040516336,0.95106345,0.007046756,0.024601672,0.0039466624,0.85653657,0.006049861,0.02062504,0.004111323,0.52464753,0.0064600674,0.019962503,0.0046938076,0.0015389088,0.0044137407,0.015485602,0.005160419,0.0009374821,0.0037468302,0.012908656,0.0038989666
4567,/home/jupyter/dent_outputs/isic2019_v2/melanoma/hairs/seed4567/lambda_t_star5/style.png,0.01941159,0.07942874,0.11106979,0.0054296125,0.9962565,0.0014667733,0.07047392,0.0018521743,0.9979037,0.0015826736,0.05409893,0.0020258625,0.9980646,0.0018803745,0.055909872,0.0021624207,0.99822766,0.0021641736,0.04872562,0.0022006878,0.9954613,0.002572765,0.039935064,0.0029466376,0.9388987,0.0018558884,0.033869606,0.0027693307,0.6926464,0.0010962856,0.016108904,0.0024851712,0.053289637,0.00088466913,0.012868453,0.0029259722,0.005771946,0.0011869441,0.01703381,0.0040012244
4180,/home/jupyter/dent_outputs/isic2019_v2/melanoma/hairs/seed4180/lambda_t_star5/style.png,0.7009603,0.015747802,0.0018897903,0.0017748104,0.0051518674,0.0012229215,0.00076532224,0.000248592,0.0044945674,0.0019887064,0.00095238903,0.00027465963,0.0035937405,0.003716924,0.0009776745,0.00027747644,0.002289808,0.006385404,0.0013707869,0.00035297257,0.0017905801,0.009652359,0.0020489693,0.00046131358,0.0007761273,0.01308595,0.0013989174,0.000291,0.0004110432,0.019554757,0.0009591194,0.00022915444,0.00042403207,0.010726668,0.00090748444,0.0001942065,0.0003004499,0.006569584,0.000890315,0.0001661604
4691,/home/jupyter/dent_outputs/isic2019_v2/melanoma/hairs/seed4691/lambda_t_star5/style.png,0.003011775,0.04556114,0.0027385082,0.0014415797,0.9706754,0.051583983,0.0025244781,0.006641701,0.96221185,0.029380362,0.0022940035,0.0064035906,0.9652187,0.021010637,0.0017774123,0.0053797765,0.9719854,0.016425844,0.0017295321,0.004998569,0.9594271,0.017563524,0.0016517476,0.0050173444,0.92093396,0.009840001,0.0014079511,0.0042309584,0.78251606,0.0068074088,0.0016546682,0.0048529706,0.43219942,0.0068785213,0.0024777632,0.0075900275,0.24278657,0.008446561,0.0032219084,0.009820406
4067,/home/jupyter/dent_outputs/isic2019_v2/melanoma/hairs/seed4067/lambda_t_star5/style.png,0.00045827945,0.0010933033,0.016578153,0.0024621307,0.89524513,0.0024664502,0.0056529376,0.005438205,0.78273845,0.0030432034,0.007503057,0.0070434366,0.32293734,0.002265115,0.0054495637,0.006028,0.068174616,0.0020058432,0.0053096907,0.005708989,0.052241188,0.0021619946,0.00525294,0.0059904493,0.023666626,0.0019233652,0.006015208,0.005505197,0.014180363,0.002306986,0.00708268,0.005860472,0.009978332,0.0025343809,0.008428099,0.0062330486,0.008848396,0.0027940897,0.009667637,0.0069170156
4339,/home/jupyter/dent_outputs/isic2019_v2/melanoma/hairs/seed4339/lambda_t_star5/style.png,0.0028117287,0.0026995442,0.08863147,0.0030811601,0.0010061124,0.003236586,0.05680562,0.0028955895,0.0007283377,0.003247979,0.066578716,0.0031529781,0.0017973181,0.0036628973,0.022382759,0.0034264843,0.0010129473,0.0026796905,0.017874118,0.002665633,0.0007740884,0.0020621489,0.018734282,0.002542273,0.00076438783,0.0022098825,0.01677549,0.00235916,0.000758037,0.0023812708,0.013072839,0.0028474145,0.00086371566,0.0024775888,0.016121183,0.0031144975,0.0007093952,0.002057208,0.013187312,0.0024098367
4301,/home/jupyter/dent_outputs/isic2019_v2/melanoma/hairs/seed4301/lambda_t_star5/style.png,0.00077657076,0.007837327,0.0005799198,0.0011348212,0.18455084,0.0010571063,0.0043534585,0.0009546971,0.11551787,0.0010245709,0.0031082712,0.0006060625,0.10291516,0.0009663495,0.0034617747,0.0005502711,0.13983087,0.0013201544,0.004121163,0.0006204989,0.16390635,0.001083564,0.0047638686,0.0005515027,0.002520084,0.0009965398,0.0063786544,0.000784565,0.005347951,0.00068487524,0.005231615,0.0005534487,0.0015028785,0.0004356594,0.0072646243,0.00068189274,0.0010059247,0.00036826948,0.0074413754,0.0007265814
4534,/home/jupyter/dent_outputs/isic2019_v2/melanoma/hairs/seed4534/lambda_t_star5/style.png,0.3622501,0.00056923064,0.00010276712,0.00011164713,0.9579424,0.0019307818,0.020834839,0.0034953405,0.99050725,0.0026666236,0.05117233,0.0026322547,0.99272835,0.005333475,0.04821044,0.0032865829,0.9942316,0.004977452,0.039926346,0.0030421217,0.9855552,0.0046948884,0.031976078,0.0030760276,0.8558797,0.0065742787,0.024929037,0.0042320015,0.15111458,0.0073654144,0.014829881,0.0031670295,0.0053052153,0.009950267,0.015275015,0.004701593,0.0035011284,0.008680063,0.01527759,0.004246766
4939,/home/jupyter/dent_outputs/isic2019_v2/melanoma/hairs/seed4939/lambda_t_star5/style.png,0.0065185516,0.01663879,0.004586297,0.0012301813,0.0033329146,0.09401628,0.0016080369,0.0020006497,0.0027601295,0.07765455,0.0028569063,0.0043424955,0.006010691,0.1090792,0.007398534,0.012867241,0.009816192,0.15143396,0.009853531,0.018554036,0.009205159,0.16568929,0.0085003525,0.01618082,0.008908755,0.17654264,0.01148775,0.021074962,0.0054659396,0.123545416,0.008526753,0.014188758,0.0064026956,0.07964284,0.011589143,0.018083267,0.006229963,0.06399929,0.011821138,0.01827355
4864,/home/jupyter/dent_outputs/isic2019_v2/melanoma/hairs/seed4864/lambda_t_star5/style.png,0.003272099,0.14451288,0.0967209,0.0092226025,0.1929606,0.0019650953,0.32009733,0.004596579,0.17376322,0.0015930466,0.27091578,0.0041957456,0.1215286,0.0012739082,0.15174691,0.0031753713,0.0010066845,0.00086368434,0.1341819,0.0033413598,0.0006198806,0.0008297659,0.13756369,0.003169879,0.00042316975,0.00066026335,0.12147285,0.0024833006,0.0002730958,0.0005254804,0.111641355,0.0018230322,0.00028175671,0.0005129253,0.12827949,0.0021230055,0.00020971784,0.00043336948,0.1257568,0.0017574773
4898,/home/jupyter/dent_outputs/isic2019_v2/melanoma/hairs/seed4898/lambda_t_star5/style.png,0.118292935,0.0016100691,0.0034393931,0.0012986276,0.9940614,0.007769776,0.0062036263,0.0039312597,0.9934695,0.0097261565,0.007235647,0.0047824522,0.9927099,0.010261535,0.0074966997,0.0050454815,0.9915433,0.010235875,0.0072565265,0.004811371,0.98749906,0.00844292,0.0057513234,0.004076442,0.9690401,0.0068285386,0.005298546,0.0038440265,0.8810137,0.004866791,0.0036367972,0.0029944456,0.78124595,0.0032669494,0.0030652436,0.0026046303,0.77518594,0.0027466763,0.0026039777,0.0023260855
4028,/home/jupyter/dent_outputs/isic2019_v2/melanoma/hairs/seed4028/lambda_t_star5/style.png,0.00043813264,0.0026702601,0.017226133,0.0006787963,0.010240358,0.000674088,0.014472111,0.001715502,0.004988351,0.0005521278,0.019284746,0.0015950259,0.0023442674,0.00050863286,0.029695896,0.0015217786,0.0017213458,0.0004829963,0.035683457,0.0016420963,0.0014413492,0.00046990055,0.039543606,0.0016157205,0.0021278195,0.00047767392,0.03128796,0.0015447323,0.0021528269,0.00045529142,0.023924775,0.0013779118,0.00048839475,0.0004024229,0.025598055,0.0015341876,0.00023182982,0.00037094348,0.023869826,0.0014515358
4102,/home/jupyter/dent_outputs/isic2019_v2/melanoma/hairs/seed4102/lambda_t_star5/style.png,0.016738683,0.00062312756,0.0011597605,0.00023640278,0.9302084,0.057216574,0.0066603413,0.011135363,0.99775475,0.054424707,0.0052665295,0.0061132247,0.99561334,0.065403916,0.006448033,0.008096112,0.9900406,0.07633215,0.0072239046,0.010087948,0.98168874,0.052005786,0.005962312,0.010192199,0.92662024,0.033130903,0.0046175234,0.009562524,0.4913257,0.032239683,0.006307487,0.012347621,0.062988,0.022069832,0.007912445,0.016264256,0.026675265,0.017391173,0.007154106,0.013347798
4712,/home/jupyter/dent_outputs/isic2019_v2/melanoma/hairs/seed4712/lambda_t_star5/style.png,0.6205463,0.0013892495,0.0011874976,0.0006801653,0.898316,0.034113515,0.28166598,0.008155778,0.93074536,0.031759195,0.24995412,0.0076770945,0.90617424,0.030188575,0.2490383,0.0078049507,0.9272619,0.029335786,0.24834508,0.006789996,0.902605,0.03571033,0.22302997,0.0070513985,0.8414701,0.033144772,0.19633655,0.0063785943,0.41065234,0.011548277,0.18009639,0.004197964,0.06465954,0.0047078026,0.14018743,0.0030728313,0.005822537,0.0033805477,0.120732635,0.0024525917
4377,/home/jupyter/dent_outputs/isic2019_v2/melanoma/hairs/seed4377/lambda_t_star5/style.png,0.0014696508,0.0047984924,0.45574537,0.0028542245,0.978922,0.04173117,0.047417697,0.0057266834,0.89764273,0.079587534,0.063539095,0.0075714523,0.7731764,0.0643629,0.09313224,0.0073666554,0.5932846,0.06444231,0.107594326,0.0064340136,0.41738296,0.070113204,0.11881618,0.0071340892,0.27305508,0.0854073,0.12621334,0.008031375,0.055311322,0.0564843,0.12579049,0.0076378323,0.021144437,0.036047358,0.11323103,0.007675755,0.013416529,0.02857334,0.12238313,0.008259964
4800,/home/jupyter/dent_outputs/isic2019_v2/melanoma/hairs/seed4800/lambda_t_star5/style.png,0.018151747,0.24377526,0.00093814015,0.0017825908,0.98933524,0.005603255,0.016500574,0.005700851,0.9927665,0.0057121976,0.010870617,0.0070357774,0.91622573,0.007829004,0.018919801,0.018945528,0.08791925,0.009258757,0.021491444,0.017282933,0.021709433,0.008405319,0.016874727,0.0114357695,0.010683765,0.006628426,0.018226778,0.008822235,0.005124329,0.005646,0.018243203,0.008552486,0.002519934,0.0061743236,0.021527994,0.008784248,0.0013933483,0.004706263,0.022363333,0.007574882
4144,/home/jupyter/dent_outputs/isic2019_v2/melanoma/hairs/seed4144/lambda_t_star5/style.png,0.008201679,0.038836274,0.11678078,0.010378564,0.9965371,0.002509898,0.005331052,0.0021839256,0.9974679,0.002557852,0.0049617975,0.002068292,0.9983431,0.0023487012,0.0047040926,0.0018221576,0.9981041,0.0021633839,0.0045832805,0.0018721448,0.9828128,0.0023530605,0.004167823,0.0023737452,0.90779406,0.0030729203,0.0042480105,0.0029895073,0.014455547,0.0016967714,0.0034025412,0.0026179438,0.003746182,0.0018029106,0.0031097592,0.0019591108,0.0017145976,0.002154035,0.003933163,0.0022039919
4569,/home/jupyter/dent_outputs/isic2019_v2/melanoma/hairs/seed4569/lambda_t_star5/style.png,0.00020132949,0.030431213,0.014820554,0.00037798783,0.9983517,0.0012725967,0.0032711802,0.001177099,0.9980033,0.0012163823,0.0034619656,0.0012235321,0.9981723,0.0011583142,0.0033785691,0.0012062478,0.9981242,0.001131641,0.003239035,0.0012209587,0.99752396,0.00088903453,0.002670861,0.0011294441,0.9919022,0.00091676385,0.0030601928,0.0013757776,0.9538523,0.0009962636,0.0038022085,0.0016971566,0.08051233,0.0018070516,0.0077104154,0.0049115377,0.0018096219,0.0025791703,0.0097840335,0.006030026
4164,/home/jupyter/dent_outputs/isic2019_v2/melanoma/hairs/seed4164/lambda_t_star5/style.png,0.001280132,0.005963341,0.014327626,0.0041128932,0.99770135,0.003858887,0.01316851,0.0026845846,0.9941391,0.0016200322,0.017612513,0.0025633299,0.991593,0.0023423345,0.03180413,0.005690316,0.95746136,0.0019164545,0.029369738,0.0065163467,0.7980772,0.0015328047,0.026857577,0.0049196384,0.305402,0.0021986356,0.042320076,0.006022497,0.005607292,0.0035274117,0.059067916,0.0050277174,0.0008373719,0.002131087,0.055992432,0.0034690716,0.0005804092,0.0016555127,0.049754363,0.0029344007
4087,/home/jupyter/dent_outputs/isic2019_v2/melanoma/hairs/seed4087/lambda_t_star5/style.png,0.001727355,0.09648619,0.0013210054,0.00075398374,0.0076067154,0.011743228,0.002114566,0.0020186314,0.008778988,0.0067774854,0.0008303797,0.0014024436,0.007878417,0.006475943,0.0010503008,0.0015259964,0.012020662,0.008479973,0.00097654667,0.0016041099,0.0075479844,0.007978021,0.0012064208,0.0016242377,0.005697889,0.0059519354,0.001318639,0.0015521782,0.0050961883,0.0060285656,0.0016232793,0.0017307139,0.0045014923,0.004932623,0.0017149991,0.0017793196,0.0045924075,0.0042265253,0.0015200481,0.0015610952
4606,/home/jupyter/dent_outputs/isic2019_v2/melanoma/hairs/seed4606/lambda_t_star5/style.png,0.30931956,0.00047226483,0.0013106563,0.00020592492,0.9939857,0.015721409,0.0016467072,0.0045589325,0.9925088,0.021135844,0.0020025535,0.005217484,0.99167496,0.021612944,0.0021169148,0.0055748103,0.99226487,0.020649182,0.0020832482,0.0044855326,0.9907719,0.017713103,0.0017998624,0.00345929,0.9913517,0.014650695,0.0012247179,0.002496933,0.98889285,0.01758241,0.0015427734,0.003286208,0.98671836,0.014481323,0.0015179422,0.003143574,0.9859073,0.014112565,0.001466705,0.0031457997
4784,/home/jupyter/dent_outputs/isic2019_v2/melanoma/hairs/seed4784/lambda_t_star5/style.png,0.0011098551,0.07412469,0.0022399186,0.0013286371,0.9984275,0.0011833885,0.20946836,0.0028383983,0.99880683,0.0008521045,0.15508763,0.001977821,0.9980009,0.0010193824,0.17837709,0.0024049215,0.9906549,0.0010392348,0.205359,0.003204542,0.8982867,0.00077151746,0.2561267,0.0031416945,0.20286992,0.0009435829,0.16796288,0.003514563,0.03085329,0.0008350075,0.094150715,0.0022481435,0.0026981758,0.0012956983,0.037357356,0.0021639194,0.0012160271,0.0013533655,0.038795773,0.0022120378
4178,/home/jupyter/dent_outputs/isic2019_v2/melanoma/hairs/seed4178/lambda_t_star5/style.png,0.0028073592,0.026313838,0.006181716,0.0032261424,0.9982681,0.001198557,0.0021190282,0.0015876581,0.99717605,0.0013342401,0.0037902475,0.0021376293,0.9934097,0.0015004341,0.005547478,0.0025581694,0.994547,0.0010677828,0.0026235648,0.0017322476,0.9935608,0.001158019,0.0023917845,0.0017607127,0.9730748,0.0013224599,0.0027225371,0.002317674,0.22685535,0.0014508276,0.0050665657,0.0040796297,0.0007728773,0.0013232827,0.0054021548,0.0030484898,0.0006210758,0.0013591256,0.0049707144,0.0028210294
4207,/home/jupyter/dent_outputs/isic2019_v2/melanoma/hairs/seed4207/lambda_t_star5/style.png,0.013506457,0.11967939,0.0013694441,0.0021653643,0.04494256,0.012884709,0.014818917,0.0038637468,0.027634924,0.011532476,0.015870223,0.0042539747,0.022874616,0.0043590507,0.01027616,0.0025395583,0.020513538,0.0067083193,0.010149782,0.0027397848,0.028447207,0.011508561,0.015438904,0.0048139654,0.029065836,0.008402141,0.012126395,0.0037601695,0.010277184,0.006119263,0.013699654,0.0033753128,0.005135446,0.004534136,0.013693675,0.002964934,0.0063026915,0.0053283577,0.011481492,0.0030607705
4431,/home/jupyter/dent_outputs/isic2019_v2/melanoma/hairs/seed4431/lambda_t_star5/style.png,0.05127301,0.0030146872,0.001778598,0.0018759872,0.018590052,0.23824033,0.2989002,0.004390771,0.011797989,0.3091786,0.41449797,0.0057498864,0.0032724552,0.10812274,0.45625582,0.003524872,0.0020450475,0.103008896,0.46155956,0.0030713943,0.0012542857,0.088253,0.4017211,0.0021716054,0.00097496255,0.09087401,0.51429576,0.0023583926,0.0004771315,0.046190187,0.61122817,0.0016561536,0.00050214643,0.037014164,0.6281719,0.001505059,0.00033023834,0.022487305,0.6435225,0.0013232656
4531,/home/jupyter/dent_outputs/isic2019_v2/melanoma/hairs/seed4531/lambda_t_star5/style.png,0.0007314479,0.032635726,0.025190009,0.0043836124,0.9775171,0.0017767163,0.0026161738,0.0029209838,0.8878247,0.0014588931,0.0037104597,0.0025536169,0.8788302,0.0012626143,0.0036893897,0.0021105614,0.90944225,0.0015632074,0.004909653,0.0026388478,0.980981,0.0015534947,0.00477406,0.003231004,0.9753959,0.0016634793,0.004606812,0.0034521222,0.53178835,0.0029113782,0.007382415,0.0051213084,0.06619204,0.0031912406,0.007479349,0.0053639957,0.019802945,0.0028795034,0.0072967685,0.0056615854
4641,/home/jupyter/dent_outputs/isic2019_v2/melanoma/hairs/seed4641/lambda_t_star5/style.png,0.00051485724,0.015483393,0.03253788,0.0024101818,0.99872535,0.0074560796,0.0054389574,0.0011996769,0.9987324,0.0063891415,0.005719561,0.0010607808,0.9985474,0.007414572,0.0063986746,0.0011836371,0.9976955,0.0070940135,0.0060566035,0.0012770923,0.9840789,0.008207441,0.004697772,0.0020673717,0.28405187,0.006647889,0.0050770873,0.0050691264,0.042699095,0.0063746944,0.0041441238,0.0047417535,0.016704094,0.0049735075,0.0037320165,0.003742587,0.011818121,0.004077625,0.0039183283,0.0034454968
4278,/home/jupyter/dent_outputs/isic2019_v2/melanoma/hairs/seed4278/lambda_t_star5/style.png,0.119429424,0.00786212,0.0020883759,0.0011720425,0.16315855,0.03146774,0.9597493,0.027481452,0.33128402,0.044633787,0.9586481,0.034315456,0.03735222,0.15311563,0.9378759,0.040702738,0.031066231,0.19560584,0.8888478,0.032218046,0.050342713,0.18154748,0.88127625,0.029215168,0.051754292,0.24252792,0.8610882,0.02680289,0.006265296,0.18104783,0.80444026,0.015182924,0.0050305496,0.108068086,0.80580914,0.013691596,0.004874696,0.11597242,0.82987535,0.0156087
4452,/home/jupyter/dent_outputs/isic2019_v2/melanoma/hairs/seed4452/lambda_t_star5/style.png,0.00922846,0.05345444,0.75020313,0.004557083,0.9952123,0.02263087,0.01040853,0.0024735113,0.91052496,0.012935862,0.0065606683,0.0025676847,0.48508355,0.0075404365,0.007334778,0.0028157977,0.5056938,0.007343633,0.008602548,0.003078276,0.1901376,0.004015721,0.0072053894,0.0031169355,0.026767138,0.0031442347,0.008705494,0.0033694808,0.010929521,0.0018778355,0.009394453,0.0027258587,0.005826058,0.0014644364,0.007488519,0.0024870562,0.0035511674,0.0012016057,0.006796134,0.0022085148
4575,/home/jupyter/dent_outputs/isic2019_v2/melanoma/hairs/seed4575/lambda_t_star5/style.png,0.74719054,0.0022120336,0.0003095448,0.0002683101,0.9803483,0.0037696357,0.078016676,0.004086785,0.8951139,0.0028671518,0.091579854,0.0036649862,0.9106478,0.0026500535,0.0643991,0.002669586,0.83766854,0.0018266011,0.04913889,0.0020206557,0.3684015,0.0020116284,0.07177643,0.0018625285,0.2414238,0.0022153112,0.11722211,0.0016070734,0.009463583,0.0010043144,0.09982535,0.0011793873,0.0042346907,0.0007416221,0.10874805,0.0008806428,0.0026597145,0.0006298084,0.11274974,0.0008188854
4329,/home/jupyter/dent_outputs/isic2019_v2/melanoma/hairs/seed4329/lambda_t_star5/style.png,0.0016923718,0.022602407,0.0030303262,0.0011050013,0.0018086988,0.07583107,0.0004860024,0.00069150754,0.00079362176,0.01886165,0.00035343808,0.00061797467,0.00068888336,0.020463847,0.0004978478,0.0007266007,0.0011757514,0.013727833,0.00065666914,0.0009157983,0.0034239858,0.016900567,0.0010005254,0.0013885755,0.001975584,0.03161594,0.0007276935,0.0011977605,0.00080039934,0.016024515,0.0005394495,0.0007528885,0.000533663,0.010620241,0.0005495622,0.00064949016,0.0004774921,0.009378248,0.00074783014,0.00073935377
4828,/home/jupyter/dent_outputs/isic2019_v2/melanoma/hairs/seed4828/lambda_t_star5/style.png,0.06099521,0.013686516,0.0014456043,0.00096589525,0.123251215,0.014257237,0.008239716,0.003228399,0.13357684,0.014816239,0.012578704,0.0045038047,0.062003475,0.007979339,0.012522058,0.0038089915,0.05504217,0.006168007,0.012316699,0.0037905753,0.05512036,0.0030603965,0.008799036,0.0025526637,0.04729396,0.0025261706,0.005659833,0.0019444015,0.021069227,0.0010297877,0.0039298073,0.0011190472,0.0055717505,0.0010840084,0.0043290327,0.0012316767,0.0039093327,0.00081010937,0.0034598047,0.00095825485
4307,/home/jupyter/dent_outputs/isic2019_v2/melanoma/hairs/seed4307/lambda_t_star5/style.png,0.0014840892,0.0012889383,0.00088648713,0.000158198,0.0011365598,0.006749936,0.8392646,0.0036739104,0.6139556,0.005344827,0.7543564,0.0028439253,0.8184518,0.0019438767,0.3879204,0.0014964431,0.012728105,0.002737809,0.36233827,0.0037990562,0.0006252907,0.0036664123,0.44619468,0.0038105603,0.000498664,0.0029253964,0.4536097,0.0032622449,0.00051412825,0.003916427,0.4449847,0.0032825882,0.0004704209,0.003730081,0.53239644,0.0033061458,0.0004391602,0.003974701,0.5440789,0.0035843686
4399,/home/jupyter/dent_outputs/isic2019_v2/melanoma/hairs/seed4399/lambda_t_star5/style.png,0.0080854455,0.97728765,0.0013453843,0.0020232939,0.44895273,0.0063902643,0.022876961,0.0050150524,0.022460507,0.0016636811,0.0059201038,0.0026038727,0.0043573664,0.0011073379,0.0049415478,0.002198443,0.0022891925,0.0008824991,0.003892178,0.001784597,0.0015136388,0.0006683863,0.0026722383,0.001420876,0.0008120713,0.00048609878,0.0023423713,0.0011000879,0.0006686374,0.00059900014,0.002657028,0.0012888844,0.00053595164,0.00065089494,0.0028079571,0.0012684797,0.00054007233,0.0006524931,0.0030605202,0.0014039095
4218,/home/jupyter/dent_outputs/isic2019_v2/melanoma/hairs/seed4218/lambda_t_star5/style.png,0.031958107,0.020795958,0.013485545,0.0020810885,0.0006547977,0.013821188,0.0010662184,0.0007632792,0.00080775993,0.012661861,0.0011075627,0.0009266646,0.0011041715,0.026223028,0.0011247242,0.0008386456,0.0012343263,0.06300873,0.001292074,0.0009585462,0.0013211017,0.036787573,0.0011516919,0.0008410973,0.0011017303,0.03994837,0.0010300267,0.0007979513,0.0011056515,0.031889807,0.000980663,0.00083401875,0.0009767244,0.0282164,0.0009911055,0.00086145994,0.00094961555,0.019425485,0.00091616396,0.0008693226
4556,/home/jupyter/dent_outputs/isic2019_v2/melanoma/hairs/seed4556/lambda_t_star5/style.png,0.010030011,0.040876355,0.071937665,0.015504914,0.0072513414,0.00015769423,0.0019327977,0.0009209368,0.006939457,0.00019017328,0.0020830065,0.0009992137,0.006207558,0.00022807874,0.002403381,0.0010674802,0.006044935,0.00020725532,0.001990202,0.0011170773,0.0043340917,0.00022545546,0.0019414906,0.0011310627,0.003810964,0.0002792751,0.0024137706,0.001357371,0.0033158327,0.0003501921,0.0034746132,0.0017900994,0.0028346248,0.00036506343,0.0036081807,0.0018815814,0.002413516,0.00033540736,0.004200187,0.0018570839
4570,/home/jupyter/dent_outputs/isic2019_v2/melanoma/hairs/seed4570/lambda_t_star5/style.png,0.0018233742,0.1991689,0.0018080084,0.0013081384,0.36315617,0.035211064,0.033944074,0.031386934,0.3533163,0.025017116,0.06892857,0.104366355,0.1891763,0.034077764,0.07383492,0.05433522,0.3246855,0.03456083,0.08464089,0.06152287,0.38746923,0.060010076,0.17298509,0.077327944,0.18308008,0.06771753,0.17336074,0.08746908,0.13790883,0.076787665,0.18118645,0.08018711,0.1361257,0.08028603,0.19268416,0.074541956,0.14264438,0.086432286,0.20065425,0.078624435
4302,/home/jupyter/dent_outputs/isic2019_v2/melanoma/hairs/seed4302/lambda_t_star5/style.png,0.00037343657,0.0178308,0.049686965,0.0023444379,0.98379827,0.002497911,0.009740058,0.0047415555,0.9499249,0.0033022529,0.018651396,0.00915013,0.9376445,0.0030930026,0.020643117,0.009673646,0.8646122,0.0020553197,0.015513128,0.0065529128,0.84941477,0.002553368,0.016745802,0.007723462,0.7494741,0.0023083275,0.016987523,0.008302478,0.16401637,0.0022065162,0.020338552,0.0124791525,0.010421194,0.001843297,0.0224856,0.009464978,0.004331393,0.0018431137,0.023803996,0.00979306
4132,/home/jupyter/dent_outputs/isic2019_v2/melanoma/hairs/seed4132/lambda_t_star5/style.png,0.000652997,0.0054346314,0.010611285,0.0029585438,0.8519308,0.001559117,0.004569665,0.0021099348,0.8497198,0.0013421968,0.0053996374,0.0021725658,0.7874104,0.0010774406,0.0058938754,0.0020113296,0.75077,0.0013573004,0.0067923665,0.0023442216,0.8439743,0.0015882553,0.005797316,0.002501561,0.089281715,0.0017715313,0.0041788556,0.0023120774,0.057992924,0.0015188697,0.0032669648,0.0022429822,0.0070345546,0.0014596872,0.0035429343,0.0025700366,0.0012305998,0.0011862546,0.0039665876,0.0019668916
4882,/home/jupyter/dent_outputs/isic2019_v2/melanoma/hairs/seed4882/lambda_t_star5/style.png,0.0017061335,0.0026088592,0.01940136,0.0040046843,0.81745523,0.00388211,0.017184712,0.009508845,0.8258917,0.0037335076,0.017001193,0.008329903,0.765349,0.0028583533,0.014597125,0.0074582007,0.7222149,0.0028950637,0.015392692,0.007563449,0.69915825,0.002783551,0.0134353945,0.0073640333,0.49725237,0.0027110155,0.016696911,0.008823057,0.37427735,0.002528113,0.017997058,0.008714111,0.03702885,0.0024674712,0.019176092,0.009412434,0.0037772448,0.0023364804,0.019789891,0.008764577
4911,/home/jupyter/dent_outputs/isic2019_v2/melanoma/hairs/seed4911/lambda_t_star5/style.png,0.007138337,0.10014164,0.008002888,0.0024907603,0.7595816,0.008270804,0.0022825447,0.0016631943,0.72575414,0.0068790093,0.0023784314,0.0012068305,0.7191035,0.006103594,0.0024557037,0.0013003696,0.6286024,0.005930099,0.0028760717,0.0017042536,0.60928774,0.0061816927,0.0024758715,0.0018252046,0.14793912,0.004225965,0.002999803,0.0018951533,0.0039079348,0.0031274136,0.0044880053,0.0026116103,0.0030593886,0.0020389734,0.0054405443,0.002904457,0.0031777555,0.001777783,0.005841838,0.0030133286
4598,/home/jupyter/dent_outputs/isic2019_v2/melanoma/hairs/seed4598/lambda_t_star5/style.png,0.033543587,0.015642496,0.003150181,0.0021092591,0.89598113,0.0013093051,0.0006704745,0.0013177614,0.91850734,0.00059590925,0.00025458858,0.00090792036,0.79246193,0.0004270308,0.0006818758,0.0009896538,0.89054793,0.0002663623,0.00057184335,0.00058766874,0.94038284,0.00028824757,0.0005855969,0.0005559243,0.664302,0.0004387027,0.00070018007,0.0006909071,0.4145009,0.00041328932,0.00032179404,0.0006133033,0.005579354,0.00043850808,0.00040073984,0.0009303507,0.0049423543,0.00038719457,0.00038779707,0.0008757221
4362,/home/jupyter/dent_outputs/isic2019_v2/melanoma/hairs/seed4362/lambda_t_star5/style.png,0.88571906,0.0020422614,0.00057877874,0.0003935476,0.9980679,0.00053292024,0.0041506225,0.0012348184,0.9978131,0.0005185367,0.0048821867,0.0012561405,0.99435884,0.00035126443,0.00406333,0.001038539,0.98410296,0.00032163516,0.003930642,0.0012585327,0.956762,0.0004297798,0.006453754,0.0017925064,0.84638023,0.00053750945,0.0058479616,0.0023354192,0.26281655,0.00059215544,0.0074189175,0.003789884,0.0032453497,0.00065303524,0.013599064,0.006054827,0.0027715652,0.0006271474,0.015201708,0.0060952855
4050,/home/jupyter/dent_outputs/isic2019_v2/melanoma/hairs/seed4050/lambda_t_star5/style.png,0.4762289,0.00015802824,7.735355e-05,0.00018373237,0.195383,0.0048430166,0.061403915,0.0026434788,0.1319209,0.0030395282,0.050563425,0.0028008723,0.12471571,0.0045529357,0.056387417,0.002592482,0.13291706,0.007484934,0.0734089,0.0032948675,0.046721082,0.014128722,0.057001717,0.0040534693,0.01815815,0.02246426,0.057335366,0.005011917,0.010055188,0.0158306,0.05914855,0.0049335193,0.0056376704,0.013228571,0.052356437,0.004515467,0.0053336746,0.013446207,0.05105458,0.0041753706
4308,/home/jupyter/dent_outputs/isic2019_v2/melanoma/hairs/seed4308/lambda_t_star5/style.png,0.029868,0.010836383,0.005281096,0.001096306,0.99871457,0.0029852819,0.008178072,0.0022337812,0.99791294,0.0019326968,0.008415762,0.0016813506,0.99507785,0.0014793454,0.0057180156,0.0015930732,0.96858215,0.0016722723,0.008096785,0.0024260276,0.67745,0.001984099,0.007606118,0.0024624704,0.67558134,0.0048664287,0.009004156,0.0029481482,0.22289981,0.0071849218,0.01152558,0.004452535,0.020280479,0.0086212065,0.013850011,0.004553262,0.009131011,0.007567083,0.011260833,0.0039272415
4114,/home/jupyter/dent_outputs/isic2019_v2/melanoma/hairs/seed4114/lambda_t_star5/style.png,0.0016021744,0.023918947,0.0039053264,0.0018394592,0.9956,0.002067254,0.06786044,0.0031962593,0.99775094,0.0013883581,0.04926827,0.001956799,0.9960161,0.0011449427,0.031691674,0.00196642,0.9980849,0.00090106844,0.007444809,0.0010002366,0.995905,0.0010868235,0.0083406,0.0012614881,0.99026346,0.0011148587,0.006619938,0.001545339,0.48571175,0.0019471769,0.0071710167,0.0035162868,0.0029561496,0.0019391405,0.011313408,0.003281144,0.0019435486,0.0017718221,0.011402359,0.0029999684
4045,/home/jupyter/dent_outputs/isic2019_v2/melanoma/hairs/seed4045/lambda_t_star5/style.png,0.00688956,0.002981285,0.04054278,0.0013962893,0.479972,0.0018363546,0.032112464,0.0035839549,0.29907608,0.0016732655,0.038927797,0.00369452,0.17696723,0.0016063887,0.05566925,0.0036360906,0.14480868,0.0011762226,0.03250269,0.0024771295,0.10261735,0.00086708367,0.016977008,0.0016375561,0.06292912,0.0005610155,0.0071333535,0.001053071,0.0028313461,0.00048639072,0.007302193,0.0010760634,0.0011284476,0.0003908689,0.0069709844,0.0010827519,0.0006858939,0.00036754803,0.00734793,0.0011418626
4343,/home/jupyter/dent_outputs/isic2019_v2/melanoma/hairs/seed4343/lambda_t_star5/style.png,0.4709348,0.006791797,0.0014808683,0.00020189909,0.20831002,0.0017221638,0.0009343312,0.0014088631,0.030750433,0.02112812,0.0011260186,0.001765587,0.07651836,0.004253575,0.0003166705,0.0007029076,0.01092378,0.0075085554,0.0006124017,0.0015449573,0.015836276,0.010427718,0.00068666757,0.0016676657,0.015814643,0.010184414,0.00091002404,0.0020195069,0.015718745,0.008955902,0.0010799865,0.002161285,0.01395043,0.007874561,0.0015303291,0.0024590094,0.01073417,0.006591124,0.0014895706,0.002437186
4182,/home/jupyter/dent_outputs/isic2019_v2/melanoma/hairs/seed4182/lambda_t_star5/style.png,0.6957057,0.0014027448,0.00060633884,0.0007727278,0.026724018,0.15001343,0.00061105983,0.0022501196,0.05577806,0.3131729,0.0008840577,0.0030869746,0.045034017,0.208078,0.00069286313,0.002982758,0.030682437,0.16579272,0.0006283892,0.0025611108,0.020777559,0.15136267,0.00079623965,0.0032340414,0.0124201,0.12876405,0.00079649454,0.0028427085,0.0065070647,0.10693396,0.00089276995,0.0030138432,0.0030585567,0.11852321,0.0010087874,0.0028799318,0.0018891682,0.08454324,0.00095547555,0.002370336
4030,/home/jupyter/dent_outputs/isic2019_v2/melanoma/hairs/seed4030/lambda_t_star5/style.png,0.015026748,0.0056633875,0.0003158567,0.00019302646,0.9671031,0.0031951596,0.027074978,0.0062894076,0.95963913,0.0033162723,0.030105006,0.006558064,0.95057267,0.0031096796,0.028644508,0.0062768464,0.9572234,0.0023313886,0.023450987,0.0054927533,0.99214023,0.0037514318,0.021389378,0.005282649,0.9754876,0.0032614155,0.015896728,0.0053062118,0.71929866,0.0024441679,0.021184199,0.007286404,0.22922194,0.0018733621,0.022207964,0.0072061643,0.16818945,0.0016819502,0.021178257,0.00723326
4062,/home/jupyter/dent_outputs/isic2019_v2/melanoma/hairs/seed4062/lambda_t_star5/style.png,0.013138268,0.13878776,0.0020676346,0.00065871316,0.41658843,0.0056899493,0.016536193,0.0065713585,0.30290785,0.006514344,0.021620488,0.006884094,0.30063006,0.010100255,0.027019147,0.009524392,0.20614408,0.012081505,0.030870121,0.010079961,0.124390416,0.011686999,0.022430606,0.008738934,0.046212535,0.010014327,0.016740825,0.0067616506,0.020429933,0.010206472,0.015025499,0.0077572726,0.012588173,0.01088892,0.019365245,0.011741258,0.005850302,0.010719723,0.020919727,0.009866473
4760,/home/jupyter/dent_outputs/isic2019_v2/melanoma/hairs/seed4760/lambda_t_star5/style.png,0.5707245,0.008939628,0.00041137447,0.0009250168,0.9990651,0.0039437898,0.017717103,0.0045396406,0.9986345,0.009531241,0.01166837,0.00690221,0.9957048,0.008806488,0.007153036,0.007326869,0.9001233,0.016754348,0.0037203121,0.0077672913,0.64559585,0.015245994,0.0030693437,0.0062535657,0.41030294,0.014767699,0.0031474708,0.0055018123,0.24126163,0.008293798,0.003058282,0.0059194327,0.122195095,0.008627937,0.0024496196,0.0050160377,0.022056943,0.0073435395,0.0037684864,0.0066203675
4451,/home/jupyter/dent_outputs/isic2019_v2/melanoma/hairs/seed4451/lambda_t_star5/style.png,0.0017910617,0.0022579257,0.0022102601,0.0019157642,0.06023925,0.00066084537,0.0027838966,0.001387045,0.072942875,0.00059922284,0.002686871,0.0011434861,0.08990913,0.00062893506,0.003996738,0.0011944933,0.07333928,0.00060901087,0.0049471622,0.0012453877,0.051396254,0.00058718893,0.004099896,0.001038962,0.021302423,0.0007018573,0.006901677,0.001562423,0.002222622,0.0007264141,0.007052687,0.0016967591,0.00079505274,0.00066537596,0.0061634257,0.0020298257,0.0006661189,0.0006134985,0.007233127,0.0018966626
4084,/home/jupyter/dent_outputs/isic2019_v2/melanoma/hairs/seed4084/lambda_t_star5/style.png,0.0012005869,0.0046635442,0.011605553,0.0015111631,0.93001026,0.0004069201,0.0019107222,0.00096135127,0.92347634,0.00036000353,0.0013535208,0.0008007594,0.8895803,0.0005146664,0.0021298432,0.0009869345,0.7765662,0.00040832485,0.0017819961,0.0006715658,0.56940967,0.00042595115,0.0024720537,0.00067914836,0.14782627,0.00032764018,0.0028810618,0.00067403534,0.010790781,0.00026221108,0.0045809364,0.0006455222,0.0014204023,0.00019978378,0.006098401,0.0005676478,0.00036917074,0.00020117118,0.00621161,0.00059568573
4957,/home/jupyter/dent_outputs/isic2019_v2/melanoma/hairs/seed4957/lambda_t_star5/style.png,0.13947386,0.0018873295,0.0025103288,0.000508383,0.96916014,0.0028729814,0.008010186,0.0055093914,0.98386484,0.003200236,0.0073391157,0.0048960415,0.98784107,0.0029967516,0.009009403,0.0049935817,0.93397725,0.0031753774,0.0066710385,0.0053641815,0.887835,0.0028760661,0.006774379,0.0055392007,0.76850647,0.0023622506,0.006949674,0.005460326,0.36489147,0.002266882,0.0070005897,0.0059789103,0.030378813,0.0019089526,0.00654626,0.00560647,0.005937482,0.0016300746,0.0065725315,0.005438844
4656,/home/jupyter/dent_outputs/isic2019_v2/melanoma/hairs/seed4656/lambda_t_star5/style.png,0.024735415,0.062581435,0.0017233216,0.0012218906,0.97981745,0.0017258411,0.006748047,0.0032014623,0.9579465,0.0016126683,0.006047571,0.0034713235,0.9228972,0.0014848306,0.006471156,0.0032824604,0.8992272,0.0014376459,0.0063025905,0.0036709409,0.8694781,0.001597596,0.0085629355,0.0038707715,0.52516985,0.0019488836,0.009629308,0.0050557125,0.02471127,0.0016950131,0.0089743445,0.005343502,0.005590344,0.0014940874,0.009995945,0.0052877706,0.0036243089,0.0013392958,0.009746325,0.0042500906
4367,/home/jupyter/dent_outputs/isic2019_v2/melanoma/hairs/seed4367/lambda_t_star5/style.png,0.001601639,0.029953036,0.003614105,0.007510446,0.0063754856,0.002108372,0.004406585,0.0034113668,0.0073359758,0.0022914927,0.014113699,0.003933064,0.0027838675,0.0020119357,0.03380321,0.0045327586,0.0018876116,0.0014261011,0.021705432,0.0031789185,0.0016107851,0.0013005951,0.010426148,0.0025394303,0.0003376453,0.0007036847,0.0066719423,0.0018262586,0.00029059412,0.00060924835,0.0051141367,0.0017531492,0.00020450243,0.0004124472,0.004878176,0.0015018885,0.00018111993,0.00045672696,0.0052830325,0.0015342437
4964,/home/jupyter/dent_outputs/isic2019_v2/melanoma/hairs/seed4964/lambda_t_star5/style.png,0.0034433163,0.017380493,0.0013091891,0.00051229086,0.97671,0.0038309873,0.0067540105,0.0027018466,0.96835977,0.0019188885,0.007674984,0.002141605,0.9486374,0.0037573301,0.01190708,0.003940345,0.95441836,0.0044029467,0.012458773,0.0044748182,0.9408798,0.0041924817,0.0112630995,0.0045357244,0.8946604,0.0030697552,0.008301163,0.0036587424,0.6573722,0.0030468223,0.0065625547,0.0035770836,0.46681657,0.0033345164,0.008688539,0.0046080826,0.08588757,0.0033346652,0.011854853,0.0061084344
4506,/home/jupyter/dent_outputs/isic2019_v2/melanoma/hairs/seed4506/lambda_t_star5/style.png,0.028856847,0.018025141,0.066800095,0.004818251,0.8360555,0.016843341,0.007328999,0.0058889883,0.1511007,0.013056996,0.0056090285,0.0042659044,0.049746,0.013850603,0.006468017,0.004297994,0.022830427,0.014727984,0.0048785023,0.00347564,0.018034153,0.013144638,0.005655852,0.00459495,0.003908293,0.008685107,0.005568398,0.004499189,0.0026286268,0.008278974,0.0067781564,0.004825344,0.002133712,0.0065170233,0.007125907,0.0043381904,0.0002497992,0.006884638,0.009551547,0.00404549
4055,/home/jupyter/dent_outputs/isic2019_v2/melanoma/hairs/seed4055/lambda_t_star5/style.png,0.0032310993,0.029678062,0.23933616,0.008430426,0.13228542,0.0027239136,0.0007751184,0.0050443583,0.12164119,0.0014450495,0.00049913384,0.003758714,0.09409865,0.0015702859,0.00054571364,0.0039373552,0.078353174,0.00236866,0.0007324611,0.004767173,0.072687715,0.008255802,0.0011520309,0.005895416,0.041066516,0.007871324,0.0012605337,0.0059898277,0.04004152,0.007175451,0.0010241835,0.005236685,0.041240074,0.00672691,0.0011640155,0.005509412,0.043195397,0.007192447,0.0012245897,0.00577551
4063,/home/jupyter/dent_outputs/isic2019_v2/melanoma/hairs/seed4063/lambda_t_star5/style.png,0.0017725949,0.08688113,0.21615945,0.009099704,0.010130464,0.0017670499,0.0043707695,0.0011636346,0.007914405,0.0023012224,0.0027657342,0.0009901352,0.012362912,0.0027342257,0.003282702,0.0010777956,0.016625859,0.0028888583,0.0035187937,0.0011306556,0.022366513,0.0035925885,0.0041004275,0.0013650572,0.017203577,0.0035083513,0.005368528,0.0014077706,0.013771141,0.0034175355,0.0057917754,0.001312782,0.010373731,0.002520628,0.006718603,0.0012170062,0.0045871483,0.0023655612,0.007827212,0.0012237675
4499,/home/jupyter/dent_outputs/isic2019_v2/melanoma/hairs/seed4499/lambda_t_star5/style.png,0.0010110582,0.0011122312,0.002432552,0.0013385504,0.034894686,0.00030525113,0.00066558656,0.0006800376,0.024657056,0.0004047602,0.00092469825,0.00091635826,0.024077686,0.00048885704,0.0012179067,0.0012525461,0.022985438,0.00043865878,0.0012465104,0.0012356156,0.015550276,0.00044946576,0.0014387517,0.001329001,0.0009993884,0.00083466544,0.0032484652,0.0029652328,0.00095144095,0.0009037554,0.003921918,0.0032032947,0.0008460939,0.000978207,0.0043694293,0.0034736486,0.0007701567,0.0009338256,0.0045655416,0.0034641477
4781,/home/jupyter/dent_outputs/isic2019_v2/melanoma/hairs/seed4781/lambda_t_star5/style.png,0.0043478897,0.101280935,0.0100384755,0.004716325,0.9754723,0.0030185676,0.08605047,0.0062474813,0.96975595,0.0032015657,0.077681206,0.0063717347,0.92181695,0.004065032,0.0963267,0.008512164,0.83926064,0.0043879845,0.09363338,0.00923491,0.37409055,0.0069223144,0.07666529,0.009569378,0.0826272,0.0070841955,0.06710803,0.007134854,0.008619434,0.0069138883,0.042909805,0.005710603,0.001171804,0.005455998,0.025665412,0.0028696368,0.0004940251,0.0046751658,0.018907608,0.001788673
4838,/home/jupyter/dent_outputs/isic2019_v2/melanoma/hairs/seed4838/lambda_t_star5/style.png,0.00089598313,0.009733273,0.017819013,0.0022943616,0.9983536,0.004310515,0.0015902127,0.0013907102,0.99845445,0.0039937063,0.001322035,0.0011906793,0.998287,0.0034927255,0.0012855938,0.0010865274,0.997092,0.0034113696,0.0012199188,0.0011500337,0.99304974,0.0033264128,0.0010932711,0.0012863826,0.9801702,0.002941147,0.001330021,0.0016554041,0.8410115,0.0036388193,0.0016340852,0.0021329394,0.06900215,0.0026438988,0.0019272584,0.0019188948,0.01897672,0.0033577124,0.0023788977,0.0023225492
4579,/home/jupyter/dent_outputs/isic2019_v2/melanoma/hairs/seed4579/lambda_t_star5/style.png,0.0023720507,0.97395873,0.009568609,0.0031074954,0.9987451,0.006680062,0.37285691,0.017828654,0.9991435,0.0072061336,0.22510462,0.014575216,0.99834406,0.0057878033,0.23176658,0.015231152,0.9973852,0.005008473,0.3647987,0.012333034,0.9867965,0.009522408,0.2803831,0.021481639,0.9239609,0.0098794075,0.15620919,0.021002674,0.03675602,0.0047660014,0.13639496,0.017145937,0.004629775,0.0033613818,0.14588468,0.015287564,0.0012513543,0.0024271102,0.11738946,0.012796186
4785,/home/jupyter/dent_outputs/isic2019_v2/melanoma/hairs/seed4785/lambda_t_star5/style.png,0.0018259586,0.004484717,0.039442673,0.002529501,0.34217104,0.0049248165,0.0018891268,0.0022504611,0.44204313,0.0033832027,0.0021089392,0.0022292042,0.46990213,0.003742381,0.0020713105,0.0021552162,0.5042887,0.0024756768,0.0027010234,0.0020218273,0.4973482,0.0026496083,0.0034173892,0.0023172847,0.3536242,0.0044542733,0.0028502997,0.0020761448,0.09695087,0.0035241987,0.0027811353,0.002008492,0.018228749,0.003053372,0.0021406717,0.0018927015,0.005296546,0.0036273561,0.002423473,0.0020703862
4595,/home/jupyter/dent_outputs/isic2019_v2/melanoma/hairs/seed4595/lambda_t_star5/style.png,0.03834605,0.086447515,0.0043577347,0.0018178879,0.02245298,0.0036542553,0.013420114,0.0027726039,0.084134124,0.0012573669,0.0086382385,0.0013585316,0.035734456,0.0013713595,0.0071593984,0.0017490092,0.020558687,0.0009172811,0.014657256,0.0015145161,0.011043695,0.0011612119,0.021315718,0.0014775293,0.0044553624,0.0010205727,0.015088104,0.0017497061,0.002023814,0.0014368268,0.014677972,0.0024803174,0.0010253257,0.0013418703,0.013591851,0.002194076,0.00076146115,0.0011935317,0.01472635,0.0020269116
4449,/home/jupyter/dent_outputs/isic2019_v2/melanoma/hairs/seed4449/lambda_t_star5/style.png,0.0005864615,0.023096709,0.3502706,0.03952182,0.037285138,0.10799581,0.093459494,0.014029816,0.02398767,0.04019939,0.07734092,0.014821291,0.09279187,0.021071948,0.02289609,0.007171876,0.15956615,0.01864029,0.019251453,0.005213382,0.06341086,0.013631788,0.024521977,0.0047347103,0.034699716,0.007778196,0.023383943,0.004328513,0.0070091663,0.0056193196,0.030634223,0.0051171654,0.0014537631,0.00381738,0.024930777,0.0046021394,0.0010563935,0.0030806651,0.025704307,0.0042340416
4179,/home/jupyter/dent_outputs/isic2019_v2/melanoma/hairs/seed4179/lambda_t_star5/style.png,0.001603354,0.13460428,0.006765543,0.0044260616,0.9313235,0.0034561616,0.10699442,0.0020284255,0.9450057,0.003595965,0.10779122,0.0020988958,0.9308819,0.002884812,0.08128248,0.0017248375,0.9260173,0.0031423788,0.06859883,0.001614654,0.9094156,0.0049569597,0.04476932,0.0020633326,0.05564682,0.0038387496,0.01433447,0.0019057473,0.0009767044,0.0034619872,0.009778621,0.0016656728,0.00044553148,0.0031090807,0.012752714,0.0016516958,0.000106277446,0.0020261314,0.010650943,0.0009577031
4346,/home/jupyter/dent_outputs/isic2019_v2/melanoma/hairs/seed4346/lambda_t_star5/style.png,0.00016347172,0.0022112213,0.03811242,0.0013478383,0.77209866,0.0040191957,0.0067080082,0.0066967704,0.17197326,0.0059486805,0.010781632,0.011670806,0.1653044,0.0047551976,0.008520692,0.009618946,0.44806296,0.0032047536,0.0069642668,0.0061140475,0.051839687,0.0053258613,0.007991418,0.009234945,0.022752395,0.0042632176,0.0063882424,0.007065227,0.0130768875,0.004171461,0.006875499,0.0068760165,0.0056720623,0.0037187184,0.008709647,0.006336183,0.0024194815,0.0028687664,0.008954099,0.004957654
4119,/home/jupyter/dent_outputs/isic2019_v2/melanoma/hairs/seed4119/lambda_t_star5/style.png,0.0072079347,0.028048491,0.10971544,0.010125975,0.19204433,0.0049380343,0.12530185,0.0036190415,0.20253456,0.004763261,0.13352393,0.0034476663,0.19626653,0.004630116,0.1380201,0.003487351,0.16944411,0.0049992804,0.11802618,0.0035543106,0.17734563,0.0053832447,0.100868136,0.0037066925,0.18728253,0.005421878,0.08610941,0.0040814006,0.052841615,0.004860357,0.047200974,0.0042430456,0.009336619,0.004613915,0.042348467,0.0043774894,0.0016377097,0.004468804,0.033707242,0.00383866
4211,/home/jupyter/dent_outputs/isic2019_v2/melanoma/hairs/seed4211/lambda_t_star5/style.png,0.00577786,0.05874798,0.0009815505,0.0010307388,0.77268505,0.0037138087,0.00080842717,0.0022597944,0.5807325,0.00052100944,0.0004413629,0.002603947,0.3902739,0.0005971026,0.00046077388,0.0028989909,0.22747472,0.00059214106,0.00048412173,0.0029019227,0.047512166,0.00076387485,0.00040380747,0.0027825942,0.020892097,0.0011105736,0.00048398445,0.003177938,0.022494113,0.0015086067,0.0005571141,0.003510037,0.03170198,0.0016136034,0.00062549335,0.003922811,0.030310556,0.0013552093,0.0005661891,0.0035078314
4232,/home/jupyter/dent_outputs/isic2019_v2/melanoma/hairs/seed4232/lambda_t_star5/style.png,0.58014977,0.00056201447,0.0004335848,0.0003218177,0.9982023,0.0061712493,0.0026910983,0.001887432,0.9991812,0.0058137085,0.0030005504,0.0013954744,0.999464,0.0067157554,0.0032647531,0.0011564808,0.9996649,0.008865676,0.0029323616,0.0010207123,0.9996948,0.010618802,0.003569756,0.0010251778,0.99908817,0.013045306,0.0035939133,0.0015329499,0.991691,0.01962073,0.003930597,0.0026017025,0.33974433,0.023557786,0.0049328213,0.004226666,0.24663956,0.021424364,0.004708455,0.0044018114
4596,/home/jupyter/dent_outputs/isic2019_v2/melanoma/hairs/seed4596/lambda_t_star5/style.png,0.00047160257,0.004399559,0.025690285,0.0022174856,0.9994252,0.0019371103,0.0064066346,0.0021262458,0.9996977,0.0015673985,0.0044910377,0.0014636319,0.99961394,0.0012933243,0.005242483,0.0013673914,0.99964714,0.0014007784,0.0049776575,0.001348831,0.99939144,0.0015395515,0.0048586554,0.0014566601,0.99832505,0.0015946575,0.0033918296,0.0017010471,0.9362339,0.0015040353,0.0035300073,0.003213031,0.13442707,0.0021261284,0.008854825,0.0076075546,0.07575976,0.0024249016,0.009880639,0.008174688
4993,/home/jupyter/dent_outputs/isic2019_v2/melanoma/hairs/seed4993/lambda_t_star5/style.png,0.00037889087,0.020333698,0.008929591,0.0025849985,0.9986563,0.015853781,0.0030293383,0.0016591515,0.9975756,0.0075858086,0.0036004707,0.0014982419,0.9946622,0.009405553,0.0047231033,0.0018312695,0.9924604,0.019437449,0.008620004,0.0026305038,0.9058743,0.017776044,0.009573162,0.0034050276,0.3302316,0.015640521,0.004745004,0.0025847675,0.004038028,0.009618905,0.0043651727,0.0027121748,0.0012383927,0.007589679,0.0053586857,0.0026387612,0.0009924099,0.0075418926,0.0060096597,0.0027688078
4853,/home/jupyter/dent_outputs/isic2019_v2/melanoma/hairs/seed4853/lambda_t_star5/style.png,0.00040837977,0.0024956213,0.0031813614,0.0008076252,0.9913995,0.0054398784,0.07166543,0.0020074225,0.9880409,0.0031823413,0.047246795,0.0018099473,0.9821561,0.0035240464,0.0575829,0.0017832791,0.97137916,0.003476717,0.05032768,0.0017357277,0.95759195,0.0036083814,0.041181948,0.0017370832,0.86822647,0.0034317968,0.04547755,0.0021103807,0.6160553,0.0020816855,0.03334671,0.001983857,0.061541956,0.0010672834,0.030067148,0.0018294923,0.017733648,0.00085867714,0.037386723,0.0019188484
4965,/home/jupyter/dent_outputs/isic2019_v2/melanoma/hairs/seed4965/lambda_t_star5/style.png,0.082919255,0.020519042,0.001055732,0.0008744198,0.9832398,0.00088279723,0.0062141065,0.0024397215,0.94188875,0.0004928455,0.004488764,0.0015777533,0.9062477,0.00047107533,0.0040879105,0.0017691347,0.8584609,0.0005308487,0.004157764,0.0019198522,0.80505186,0.00075647794,0.0045209103,0.0024073857,0.70990634,0.0012281318,0.0055948496,0.0035468235,0.40893307,0.0013155832,0.0058311056,0.0036277939,0.087637775,0.0011543812,0.0047296686,0.0034096746,0.014866779,0.00086103845,0.004086354,0.0028255507
4971,/home/jupyter/dent_outputs/isic2019_v2/melanoma/hairs/seed4971/lambda_t_star5/style.png,0.0010662453,0.0031821947,0.018848568,0.0023259027,0.8471038,0.0002229176,0.001546714,0.0012144928,0.72866625,0.00039333725,0.0012587119,0.0013785339,0.7931336,0.00033933058,0.0010105723,0.0010569844,0.6402126,0.0004695108,0.0012223276,0.001185399,0.70470893,0.00069530035,0.0013494714,0.0013354117,0.007667021,0.0006006732,0.002545202,0.0017122917,0.005278662,0.00058839924,0.0025148056,0.0016339825,0.0030272983,0.00058272755,0.0028017447,0.0014782597,0.0028219058,0.00056948274,0.0029687844,0.0014568674
4660,/home/jupyter/dent_outputs/isic2019_v2/melanoma/hairs/seed4660/lambda_t_star5/style.png,0.013252515,0.010292128,0.008846359,0.0021884597,0.41184634,0.003765296,0.0005021919,0.0020156673,0.5859785,0.0065412163,0.00053989195,0.0025645066,0.8994879,0.012969257,0.0014211539,0.0045555294,0.41042882,0.016565166,0.0016893301,0.004323339,0.5189888,0.012720738,0.0013620224,0.0040408536,0.20178886,0.009901565,0.00086892594,0.0034156893,0.010749102,0.0065944805,0.0008299596,0.0030012564,0.0027274196,0.0039623664,0.00094096275,0.0026527843,0.0017138893,0.0021823072,0.00095299265,0.002234439
4559,/home/jupyter/dent_outputs/isic2019_v2/melanoma/hairs/seed4559/lambda_t_star5/style.png,0.12541854,0.014687208,0.0055227606,0.003990669,0.41268235,0.10659247,0.018044395,0.0446991,0.36932358,0.11422879,0.017479928,0.04416325,0.306461,0.1137199,0.019634686,0.05040574,0.29289913,0.15907103,0.03379849,0.08767805,0.2605444,0.14821136,0.04057153,0.10333728,0.21745633,0.21102816,0.06170014,0.15213151,0.16626722,0.3198068,0.10295123,0.22229208,0.17372534,0.36623684,0.14160505,0.28159606,0.20147952,0.42208898,0.18506373,0.3489573
4929,/home/jupyter/dent_outputs/isic2019_v2/melanoma/hairs/seed4929/lambda_t_star5/style.png,0.0087582115,0.01378646,0.003624753,0.0013853401,0.925303,0.10665676,0.024506645,0.0058289063,0.6601804,0.0050780633,0.0047412063,0.003071895,0.0003699751,0.0014851494,0.0030488812,0.0019262756,0.00041899152,0.0012926857,0.0031410751,0.001892081,0.00031249126,0.0014828375,0.003750529,0.002060688,0.00025684724,0.0012727184,0.0040363558,0.001883816,0.0002124129,0.0010826808,0.00435967,0.0018384106,0.00019964822,0.0010510755,0.0043123164,0.0019626636,0.00019763113,0.0010907764,0.004354062,0.0019551932
4226,/home/jupyter/dent_outputs/isic2019_v2/melanoma/hairs/seed4226/lambda_t_star5/style.png,0.0010334448,0.02974681,0.04194963,0.0015182559,0.993107,0.018267417,0.030034998,0.0035980698,0.9919869,0.018461837,0.033678684,0.003395915,0.98889893,0.017321818,0.04055994,0.0037317805,0.9875102,0.012635498,0.034726337,0.003075386,0.9719892,0.011390079,0.039103754,0.0034632669,0.7017308,0.006449221,0.030962028,0.0029330743,0.55284345,0.0036386221,0.025402097,0.002705273,0.0038413925,0.0040463516,0.012383884,0.0019769564,0.00078658655,0.0022242893,0.0142865805,0.0019880496
4562,/home/jupyter/dent_outputs/isic2019_v2/melanoma/hairs/seed4562/lambda_t_star5/style.png,0.0013582703,0.011347241,0.008284661,0.000930258,0.7946757,0.0038307125,0.011158011,0.006524338,0.35393757,0.0074360133,0.014875363,0.008170901,0.22261138,0.0058466806,0.016205397,0.008167335,0.12124789,0.0017585518,0.06140557,0.0031167031,0.023611048,0.0017553121,0.099037595,0.0039771874,0.0029146355,0.0022901325,0.06538085,0.0027662353,0.0024189593,0.0021245335,0.06946511,0.0027385694,0.0018152326,0.0016684105,0.08184309,0.0022978834,0.0016533588,0.0014043241,0.08616381,0.002080132
4894,/home/jupyter/dent_outputs/isic2019_v2/melanoma/hairs/seed4894/lambda_t_star5/style.png,0.00033882383,0.010528739,0.018075723,0.0031181122,0.3540272,0.0022372473,0.017665569,0.002032476,0.32375523,0.0016519882,0.011540877,0.0018806558,0.2440654,0.0013199036,0.00915888,0.0019605546,0.2528633,0.0012951536,0.007226262,0.0020476591,0.08440444,0.0013307241,0.006777209,0.002759922,0.045080505,0.0013962148,0.0074504707,0.0031778552,0.006103009,0.0009178935,0.005805669,0.0019438687,0.0013301844,0.00077159464,0.0056567723,0.0016012517,0.0006813276,0.0006504395,0.005746622,0.0013698492
4749,/home/jupyter/dent_outputs/isic2019_v2/melanoma/hairs/seed4749/lambda_t_star5/style.png,0.0022816772,0.007959434,0.028482592,0.008503524,0.1695676,0.015262697,0.003710897,0.0036469745,0.17346154,0.0139127625,0.00384238,0.0037503096,0.1385099,0.015395324,0.0041851797,0.003992595,0.07299946,0.012616209,0.004659989,0.004228595,0.026660949,0.0065934905,0.004364748,0.003565779,0.005656037,0.0051920796,0.004249423,0.0032844765,0.0033488013,0.0037897918,0.0040745046,0.0029811051,0.0021583347,0.0031120072,0.0041892123,0.0028066786,0.0017567078,0.003157725,0.004148944,0.0027548098
4899,/home/jupyter/dent_outputs/isic2019_v2/melanoma/hairs/seed4899/lambda_t_star5/style.png,0.3599407,0.00044431534,0.00031185555,0.0001034843,0.9923084,0.00031161215,0.001595034,0.00064946606,0.97727513,0.00035628083,0.002072545,0.0007415801,0.96200746,0.00035019947,0.0026485575,0.0007993586,0.9156727,0.00036145255,0.0028527742,0.0008754982,0.90161586,0.00034907984,0.002126942,0.00077032694,0.47619525,0.00035740616,0.002556238,0.0009960487,0.02274081,0.00022357363,0.0029871913,0.001208346,0.00074866944,0.0002149814,0.004130742,0.0014153091,0.0006873348,0.00023198505,0.0041178865,0.0014786342
4918,/home/jupyter/dent_outputs/isic2019_v2/melanoma/hairs/seed4918/lambda_t_star5/style.png,0.3921206,0.017881442,0.014411289,0.0048863515,0.9997738,0.002133989,0.048238467,0.0024578704,0.99981815,0.0012219603,0.020362321,0.0013898866,0.9997236,0.0012399856,0.020502953,0.0015776099,0.99941146,0.0012658879,0.044311665,0.0024400232,0.99790597,0.0012242765,0.022722017,0.0027177613,0.77876586,0.0006642852,0.009878191,0.0015678104,0.06549153,0.0013445312,0.0026899586,0.0013744936,0.012909361,0.0017907881,0.0028935059,0.0014225913,0.0060133096,0.001300805,0.002492493,0.0011018006
4655,/home/jupyter/dent_outputs/isic2019_v2/melanoma/hairs/seed4655/lambda_t_star5/style.png,0.00042618508,0.0020543966,0.37468418,0.0018615307,0.97511464,0.07657576,0.8411499,0.017040852,0.850784,0.0634499,0.9007532,0.021130864,0.328727,0.033318568,0.89864296,0.010969318,0.027161272,0.017466683,0.92167395,0.007924914,0.017122723,0.014927025,0.9104574,0.0065744747,0.01158098,0.010739679,0.9404757,0.0063909884,0.004173523,0.01110647,0.92335904,0.0053339377,0.0023499094,0.008333445,0.9034128,0.004923307,0.0018907135,0.0077802204,0.89157575,0.0044710725
4878,/home/jupyter/dent_outputs/isic2019_v2/melanoma/hairs/seed4878/lambda_t_star5/style.png,0.0010199371,0.0010544469,0.020509193,0.0019325265,0.23755692,0.00046323042,0.004565381,0.0013393697,0.12402901,0.0003755635,0.0045232093,0.0011001748,0.0882475,0.00029677225,0.0035425758,0.0009519219,0.074127,0.00030036338,0.0036247668,0.0011009276,0.05321637,0.00056755746,0.0034096162,0.0014288891,0.011743798,0.001333528,0.006029789,0.0024907794,0.00044878872,0.00093620835,0.0061364546,0.0021024304,0.00011163775,0.001363754,0.0046189195,0.0015347536,0.000120297314,0.0014404415,0.0054242,0.001727369
4349,/home/jupyter/dent_outputs/isic2019_v2/melanoma/hairs/seed4349/lambda_t_star5/style.png,0.0018175098,0.00872733,0.25241956,0.0052052527,0.9888747,0.0074824793,0.3135226,0.004469538,0.991959,0.00862382,0.26110852,0.0046158466,0.989781,0.009390549,0.2925181,0.0049368464,0.9940422,0.010279245,0.20123045,0.0042941063,0.99668366,0.011069696,0.15568137,0.0037603606,0.99442357,0.0044630505,0.05590324,0.002186377,0.68131113,0.0021363613,0.018089592,0.0018720397,0.036885474,0.001491694,0.008284198,0.0013405521,0.0013721713,0.0018751374,0.007919252,0.0015797641
4942,/home/jupyter/dent_outputs/isic2019_v2/melanoma/hairs/seed4942/lambda_t_star5/style.png,0.0015931338,0.010630547,0.1884969,0.023113528,0.8704179,0.12618794,0.0032223542,0.009351706,0.82943016,0.11760061,0.0025799798,0.007462995,0.72088754,0.09066679,0.0028165998,0.009076395,0.71241117,0.073930725,0.0028894641,0.009548223,0.17824778,0.06440287,0.0018970466,0.006437368,0.060532946,0.03474167,0.0013426917,0.004390608,0.0136728445,0.024372406,0.0015134232,0.00444149,0.0021141355,0.013580667,0.0017599594,0.00422013,0.0013726372,0.010761548,0.0016762369,0.0036906553
4885,/home/jupyter/dent_outputs/isic2019_v2/melanoma/hairs/seed4885/lambda_t_star5/style.png,0.00015125913,0.0009132057,0.027475232,0.0015829825,0.78670627,0.01219673,0.01702072,0.001845316,0.9132268,0.0065606213,0.0075933365,0.0054822452,0.68323743,0.004450071,0.0058063376,0.0038597004,0.6283974,0.0036693036,0.006004,0.0030796078,0.67279637,0.0038532342,0.0071518,0.0038611253,0.07714058,0.0021430198,0.009379125,0.0034426504,0.048289284,0.0014089771,0.0086976085,0.0022580535,0.031471234,0.0010703197,0.008706815,0.0019253782,0.013659944,0.000848843,0.009705286,0.0019002
4852,/home/jupyter/dent_outputs/isic2019_v2/melanoma/hairs/seed4852/lambda_t_star5/style.png,0.00014786469,0.010005151,0.035286605,0.0027462493,0.004702191,0.003323276,0.0046732402,0.0047876886,0.0023162353,0.00285486,0.004234518,0.004717955,0.0027596096,0.002893158,0.0044410266,0.004051903,0.0022089048,0.0029982121,0.0042993575,0.003785713,0.0031685126,0.0033027488,0.004189049,0.0043674214,0.002673236,0.0032692435,0.0044345213,0.0042612,0.0021936074,0.0027272087,0.00431965,0.003832793,0.0023360515,0.0029071844,0.004754516,0.004429192,0.002129749,0.0029177924,0.0054186466,0.0043681804
4484,/home/jupyter/dent_outputs/isic2019_v2/melanoma/hairs/seed4484/lambda_t_star5/style.png,0.9503228,0.018854981,0.08964468,0.025079714,0.69571495,0.0041614417,0.017746836,0.006481345,0.5274862,0.0028954246,0.010692053,0.004287231,0.562995,0.0022208611,0.008423797,0.003459637,0.3103219,0.002409079,0.007786679,0.00343372,0.21001898,0.0025659145,0.008076108,0.0039887773,0.15160818,0.0018614101,0.0052006226,0.002479144,0.043317605,0.0012682267,0.002292475,0.0014306703,0.013832762,0.0007579164,0.0021195807,0.001055089,0.0066497372,0.0008058544,0.0021737856,0.0011853093
4365,/home/jupyter/dent_outputs/isic2019_v2/melanoma/hairs/seed4365/lambda_t_star5/style.png,0.118416674,0.009346968,0.0021780834,0.0016409422,0.99146163,0.0011647264,0.0006900086,0.00069447816,0.9906268,0.0020893388,0.00092934293,0.0007757269,0.9824316,0.0016352704,0.0011075548,0.0006724711,0.98206466,0.001841814,0.0011131888,0.0007289102,0.97959054,0.002008535,0.0010597162,0.0007469705,0.96718776,0.0020472326,0.0008698497,0.0006676392,0.7042614,0.0016384084,0.00081054494,0.0007412748,0.013867325,0.0026925846,0.0017331237,0.0014462685,0.006806158,0.0018958325,0.0016512288,0.0010798717
4321,/home/jupyter/dent_outputs/isic2019_v2/melanoma/hairs/seed4321/lambda_t_star5/style.png,0.024830982,0.008446413,0.0006998429,0.00035769588,0.99608886,0.001271485,0.028638065,0.0016803441,0.9978794,0.0011665873,0.015214784,0.0017153713,0.9975001,0.0006493123,0.010286903,0.0013051704,0.99709713,0.00045131342,0.007049422,0.0010804121,0.99401134,0.0005734177,0.008493584,0.0012972894,0.89822155,0.00058658083,0.007286728,0.0015386825,0.18041402,0.0011804838,0.0078079095,0.0024252972,0.013898412,0.0019185187,0.009202602,0.0028898132,0.007379149,0.001735602,0.010830416,0.0027536035
4262,/home/jupyter/dent_outputs/isic2019_v2/melanoma/hairs/seed4262/lambda_t_star5/style.png,0.0008191988,0.004575156,0.0044978927,0.0003256537,0.972874,0.0110248625,0.017084805,0.0070780176,0.94510424,0.01150662,0.019285291,0.0075149364,0.92926097,0.014244967,0.02385691,0.009161438,0.83522314,0.015649429,0.025569372,0.009237563,0.6939299,0.013196691,0.029524265,0.008859702,0.2112741,0.010957221,0.03034339,0.008596699,0.0069390098,0.0066686813,0.033616126,0.0075755958,0.0009809199,0.00420133,0.04363884,0.004631092,0.00065328454,0.0036434953,0.0419877,0.003503412
4988,/home/jupyter/dent_outputs/isic2019_v2/melanoma/hairs/seed4988/lambda_t_star5/style.png,0.010318915,0.00131584,0.0056261923,0.0010601998,0.9989095,0.0016950897,0.005567712,0.001328047,0.99829215,0.0024702742,0.0056758197,0.001647227,0.99843913,0.0030436243,0.0074448725,0.002189118,0.998566,0.002892088,0.0053428607,0.0017275648,0.99838865,0.0042595407,0.005771361,0.0020687573,0.9944142,0.0051684664,0.009213413,0.0036299075,0.9884637,0.004890035,0.009686427,0.0050310604,0.90865487,0.005557562,0.010200843,0.0075908685,0.5621562,0.005846817,0.010117816,0.008125612
4568,/home/jupyter/dent_outputs/isic2019_v2/melanoma/hairs/seed4568/lambda_t_star5/style.png,0.0006777046,0.49806884,0.0018467586,0.0015439675,0.99949384,0.00059929217,0.0042864983,0.0007756892,0.9926846,0.0009800909,0.0034196672,0.0013209581,0.9832645,0.0007747252,0.002065187,0.0010566904,0.9719509,0.0008136794,0.0024441076,0.0014179603,0.88507366,0.0009766825,0.004099534,0.00209372,0.7412376,0.0013581933,0.003414221,0.0024524983,0.008069205,0.004611743,0.0074250507,0.0053435653,0.003551142,0.0043767183,0.0071713696,0.005363568,0.0020897544,0.004497355,0.0078094467,0.0053847693
4064,/home/jupyter/dent_outputs/isic2019_v2/melanoma/hairs/seed4064/lambda_t_star5/style.png,0.002118533,0.026552226,0.37337083,0.0062800087,0.9986156,0.005089587,0.010166984,0.0030956871,0.9986971,0.00495423,0.011993607,0.0029863704,0.99899787,0.004089345,0.009226851,0.0026585006,0.9991086,0.003802162,0.010522029,0.0025667788,0.99850285,0.0037206302,0.009850601,0.0027187709,0.9720277,0.0037142974,0.010691513,0.004168005,0.006161302,0.0030923486,0.006051158,0.0050410377,0.001446177,0.0025122184,0.0060003693,0.0038645323,0.0010662682,0.0026156425,0.00648704,0.0037123887
4588,/home/jupyter/dent_outputs/isic2019_v2/melanoma/hairs/seed4588/lambda_t_star5/style.png,0.002541454,0.028361263,0.11399222,0.009615086,0.99950755,0.005650344,0.008873728,0.0012263388,0.99944156,0.0040792054,0.0067818915,0.0013091349,0.999526,0.003952718,0.007902654,0.0012401941,0.99943095,0.0043136207,0.008330309,0.0012831907,0.99935514,0.0036238043,0.0075231246,0.0012395285,0.99919206,0.0029093951,0.007618153,0.001421357,0.99122053,0.003549076,0.010290763,0.0027351321,0.41227657,0.0054867864,0.0150071895,0.0049547143,0.10658432,0.0042735534,0.016540755,0.0045914217
4984,/home/jupyter/dent_outputs/isic2019_v2/melanoma/hairs/seed4984/lambda_t_star5/style.png,0.005832289,0.028143622,0.0048051807,0.007094359,0.99117845,0.027072355,0.004605183,0.0055816136,0.996442,0.03404054,0.0030413999,0.0036122785,0.9946068,0.034218244,0.0029451698,0.003922961,0.99350995,0.032384086,0.0028062956,0.0037427368,0.9879973,0.03463768,0.0030578198,0.004218077,0.9751995,0.025817363,0.003401075,0.0045952313,0.4849929,0.011011618,0.0030752835,0.0036179535,0.007240568,0.0040877904,0.002809695,0.0019300239,0.0049981354,0.0035560976,0.002512614,0.0017658401
4508,/home/jupyter/dent_outputs/isic2019_v2/melanoma/hairs/seed4508/lambda_t_star5/style.png,0.001192501,0.0063113556,0.12878962,0.004179824,0.9566597,0.0018080024,0.002499558,0.0018292407,0.9436092,0.0022648403,0.0034348152,0.002033125,0.9230569,0.0026520616,0.0051211677,0.0024504808,0.8878125,0.002338657,0.0060582655,0.002245594,0.90282536,0.0021533186,0.0039436175,0.00195737,0.17344068,0.0020992125,0.0029152231,0.0030374783,0.04390747,0.0010637332,0.0020092297,0.0022452595,0.014318176,0.001129713,0.0024891223,0.003002026,0.006236804,0.0009954158,0.002625858,0.0029401234
4832,/home/jupyter/dent_outputs/isic2019_v2/melanoma/hairs/seed4832/lambda_t_star5/style.png,0.06064799,0.0005283983,0.011658795,0.00018117383,0.9976223,0.029346311,0.0045525725,0.0012268276,0.9975866,0.02274823,0.005481434,0.0012549793,0.99725527,0.017635861,0.0047731176,0.0014515062,0.9977537,0.021656327,0.0031013547,0.0014315989,0.99474514,0.016378371,0.0023240512,0.0017995936,0.9629657,0.012419159,0.0015585457,0.0021088507,0.03926634,0.006302707,0.00084826944,0.0015387242,0.03836348,0.0049766423,0.0007307829,0.0012676379,0.03712467,0.0031956092,0.00058737054,0.0010642527
4137,/home/jupyter/dent_outputs/isic2019_v2/melanoma/hairs/seed4137/lambda_t_star5/style.png,0.013751534,0.093364015,0.004484845,0.001993774,0.13062045,0.0018012774,0.16770494,0.002078455,0.1559769,0.0014700105,0.4089552,0.0015094661,0.16629387,0.0025761276,0.30614617,0.0025594607,0.19392064,0.0023126164,0.26628163,0.0023283563,0.11562763,0.0018195724,0.31045723,0.002196997,0.07863179,0.0014875833,0.29497057,0.0019479452,0.027499443,0.0011533898,0.21374996,0.0019453976,0.025676116,0.0009527004,0.20663051,0.001759858,0.013940096,0.001010105,0.23045717,0.0020275232
4057,/home/jupyter/dent_outputs/isic2019_v2/melanoma/hairs/seed4057/lambda_t_star5/style.png,0.0056639267,0.11502263,0.46847337,0.12583847,0.9844785,0.003730143,0.0039423476,0.0029494744,0.99782556,0.0018411997,0.001946418,0.0014657945,0.9982487,0.0012671018,0.001283624,0.001025227,0.9812571,0.0016766941,0.0012522747,0.0021818005,0.97555566,0.0024061745,0.0018240496,0.0026699011,0.76364595,0.0019501806,0.0038668518,0.006327903,0.19759865,0.0020574313,0.005217774,0.009215267,0.08523372,0.0019876268,0.006787697,0.009928161,0.036752827,0.0021626553,0.0077121817,0.010440262
4983,/home/jupyter/dent_outputs/isic2019_v2/melanoma/hairs/seed4983/lambda_t_star5/style.png,0.27243382,0.0013597186,0.0067410963,0.0018295585,0.98573434,0.014220594,0.0019185141,0.0038472137,0.9828408,0.026043233,0.001761469,0.003941504,0.96243817,0.030574897,0.0020439627,0.004314653,0.9542886,0.021867255,0.0026965057,0.0051745037,0.956718,0.0136697,0.0019407416,0.004132994,0.832537,0.0115179,0.005566511,0.00601199,0.5276271,0.010134228,0.006304535,0.0066125263,0.21792726,0.011766238,0.005785044,0.0057849996,0.20657776,0.013012318,0.0071473964,0.006701358
4020,/home/jupyter/dent_outputs/isic2019_v2/melanoma/hairs/seed4020/lambda_t_star5/style.png,0.0025526795,0.9954585,0.010790561,0.013278817,0.91110235,0.10292845,0.009293719,0.015756657,0.90623343,0.112511,0.007255325,0.011874368,0.8794274,0.11119906,0.00809672,0.013163028,0.839102,0.11119569,0.0070000724,0.011672368,0.68829376,0.13496615,0.0074407407,0.01260317,0.19201912,0.15817039,0.008379835,0.01114813,0.03546246,0.17466927,0.009000387,0.010826069,0.013265665,0.12695076,0.006888271,0.00830637,0.011455343,0.13260147,0.006695283,0.008168869
4614,/home/jupyter/dent_outputs/isic2019_v2/melanoma/hairs/seed4614/lambda_t_star5/style.png,0.021265361,0.00012630742,0.010425371,0.00027836434,0.04452452,0.05561884,0.0020449483,0.0065176375,0.063411795,0.07066867,0.0028139947,0.008416494,0.077187024,0.03530732,0.0029841268,0.009376259,0.051644515,0.012231247,0.002084335,0.0066940114,0.062835984,0.010881954,0.0017636804,0.00660425,0.038882863,0.009836946,0.002349183,0.008304402,0.019639827,0.008482579,0.0024039894,0.008855211,0.017040404,0.008697251,0.0028918665,0.010213793,0.009026044,0.005762792,0.0019317146,0.006930613
4319,/home/jupyter/dent_outputs/isic2019_v2/melanoma/hairs/seed4319/lambda_t_star5/style.png,0.00063233543,0.08468053,0.0542443,0.0050280965,0.9996867,0.0058286265,0.016333677,0.0030043703,0.9996476,0.005221445,0.0128096985,0.0024974109,0.9996675,0.005279373,0.012145196,0.0026391137,0.9996106,0.006188179,0.012026797,0.002903057,0.99944,0.005692748,0.011856701,0.003038251,0.9983987,0.006352545,0.012679679,0.0035411855,0.99206686,0.006223345,0.015065558,0.004111126,0.73329574,0.0033871923,0.011667627,0.0032207556,0.09126033,0.0019218252,0.010836446,0.0023089293
4505,/home/jupyter/dent_outputs/isic2019_v2/melanoma/hairs/seed4505/lambda_t_star5/style.png,0.012864444,0.0115484465,0.0009174257,0.00030433896,0.99957806,0.0011203336,0.08554525,0.0016512594,0.99945647,0.0010141642,0.05742408,0.0018872836,0.9993388,0.001615882,0.05764813,0.0028887815,0.9982608,0.0019766807,0.038592312,0.004006794,0.99350935,0.0022176735,0.031659514,0.0037967993,0.98183733,0.00205864,0.018871056,0.0033703581,0.42808044,0.002407442,0.015048854,0.005232047,0.055120807,0.0031810044,0.02039408,0.005621814,0.0034784388,0.0043821805,0.033134338,0.0051124995
4236,/home/jupyter/dent_outputs/isic2019_v2/melanoma/hairs/seed4236/lambda_t_star5/style.png,0.0018250551,0.039183218,0.00043391783,0.0009459903,0.19093335,0.0018854666,0.0015553159,0.0015502077,0.168059,0.00028839326,0.00066400575,0.00062174594,0.17290217,0.0003085686,0.00083482015,0.0007203467,0.19088718,0.00030157942,0.0009389892,0.00078039203,0.06257415,0.0003199848,0.0014160419,0.0012506251,0.038452033,0.00034365038,0.0016892013,0.0013666064,0.058915276,0.00036826864,0.0017868434,0.001242211,0.042037252,0.00034860792,0.0019373499,0.0013405164,0.029076532,0.00028563285,0.0018792428,0.0012792295
4517,/home/jupyter/dent_outputs/isic2019_v2/melanoma/hairs/seed4517/lambda_t_star5/style.png,0.00012660585,0.0006846814,0.06316319,0.00074179075,0.8793317,0.0022926528,0.0025890071,0.0013863603,0.86268383,0.0020106933,0.0035518915,0.0019749694,0.85475487,0.002395167,0.0044130767,0.0021200054,0.7624306,0.0015405742,0.0026272957,0.001487225,0.6718618,0.0014708547,0.0029409118,0.0013866586,0.41336924,0.0014781428,0.0023562866,0.0016768425,0.051125076,0.0016662255,0.0022954447,0.0023796458,0.0033330526,0.0012752472,0.0010522447,0.0016179996,0.0007846709,0.0011803168,0.00072591624,0.0016305759
4457,/home/jupyter/dent_outputs/isic2019_v2/melanoma/hairs/seed4457/lambda_t_star5/style.png,0.00021052263,0.0061591594,0.015293408,0.0008734983,0.893896,0.0001461204,0.00041763892,0.00067997444,0.87590885,0.0003004158,0.0006498242,0.0011513409,0.9131738,0.00031348554,0.00077878515,0.0011197248,0.75886095,0.00014683887,0.0006232431,0.0008045197,0.014399893,0.00026834337,0.0022853708,0.002428919,0.0077149663,0.0002565315,0.002408929,0.002555685,0.0059868507,0.00024614576,0.0025685264,0.0025984552,0.0029114806,0.00018825925,0.002525045,0.0021601962,0.0020355599,0.00019990823,0.0031513914,0.0024251644
4172,/home/jupyter/dent_outputs/isic2019_v2/melanoma/hairs/seed4172/lambda_t_star5/style.png,0.0017097482,0.011970755,0.063339025,0.0037148886,0.99666995,0.0016366933,0.0031401406,0.001979878,0.9966965,0.0013572534,0.0029227412,0.0017799117,0.9957942,0.0012952491,0.0032722917,0.0018116607,0.9948572,0.0012000662,0.0031728682,0.0019332423,0.99413294,0.0010662874,0.0029019432,0.001787689,0.9917014,0.0012499612,0.0041021416,0.0022604268,0.9681981,0.0014755523,0.004593384,0.0032067008,0.21446456,0.0014614293,0.006443925,0.0045087035,0.02961185,0.00092883524,0.005137032,0.0026648524
4672,/home/jupyter/dent_outputs/isic2019_v2/melanoma/hairs/seed4672/lambda_t_star5/style.png,0.02745859,0.10683279,0.0034277728,0.0024734489,0.8113781,0.0017400159,0.01628454,0.0022303073,0.77685946,0.0015023678,0.012467494,0.0019287704,0.59246886,0.0021827891,0.010040978,0.0021242495,0.50654596,0.002505624,0.009539468,0.0022807764,0.7542424,0.0026974126,0.008236931,0.0021965967,0.7410717,0.003525894,0.0068113813,0.0024383466,0.02223896,0.0033145943,0.005320887,0.0021123376,0.0076137492,0.0030569201,0.006304876,0.0024339813,0.0048436946,0.002447578,0.004676679,0.0021407593
4713,/home/jupyter/dent_outputs/isic2019_v2/melanoma/hairs/seed4713/lambda_t_star5/style.png,0.002818813,0.005656928,0.10898847,0.0035901347,0.56682897,0.005697754,0.053053007,0.007246263,0.30374506,0.004880957,0.04380808,0.00790648,0.12733693,0.004028835,0.04626368,0.0056812773,0.091292314,0.0037987789,0.04279535,0.0065542045,0.060393035,0.003576105,0.03900479,0.0064552943,0.056500588,0.0032387115,0.026491402,0.0062327655,0.017303979,0.0031534203,0.030092966,0.0062615415,0.0028944265,0.0026460357,0.030765014,0.004594886,0.001798202,0.0028736496,0.040252943,0.004679321
4960,/home/jupyter/dent_outputs/isic2019_v2/melanoma/hairs/seed4960/lambda_t_star5/style.png,0.011838346,0.014007617,0.0005405598,0.0005925905,0.9831092,0.0013691214,0.0019686637,0.00087164633,0.9589954,0.000996132,0.001601475,0.00071036804,0.9558688,0.0008744502,0.0031329782,0.0006384058,0.7912496,0.0007657629,0.0018751035,0.0006287055,0.6802113,0.0006344295,0.0017306568,0.0005391956,0.08950258,0.00035726803,0.0013784124,0.00036635148,0.0056830794,0.00023382818,0.0012956428,0.00035219223,0.0002854515,0.00016159618,0.0018205185,0.00037760063,0.00029183712,0.00014330524,0.0018473767,0.00037636815
4387,/home/jupyter/dent_outputs/isic2019_v2/melanoma/hairs/seed4387/lambda_t_star5/style.png,0.0108570475,0.03827474,0.004506343,0.0029421062,0.42601132,0.0063411505,0.9328525,0.012535526,0.32665855,0.0057294914,0.9502605,0.011149391,0.27069688,0.0048686443,0.74084604,0.014008144,0.18593036,0.0033711335,0.6147328,0.01237947,0.14982639,0.0042565186,0.4271971,0.011642225,0.0076184375,0.0023635973,0.20917006,0.008735861,0.002638125,0.002368632,0.1874859,0.006933511,0.00045196587,0.0022664939,0.17296256,0.0064083985,0.00036356098,0.0016950624,0.17636675,0.005486862
4730,/home/jupyter/dent_outputs/isic2019_v2/melanoma/hairs/seed4730/lambda_t_star5/style.png,0.0005989553,0.004842619,0.028745174,0.0023810193,0.2604243,0.0045280186,0.0042744074,0.0044472204,0.18556133,0.0033420743,0.003364386,0.0033124178,0.17755303,0.0033237243,0.0035482023,0.0035002918,0.14320792,0.0030663467,0.0040875613,0.0036828332,0.06100137,0.0021991755,0.0042511155,0.0032251382,0.017760523,0.0014003122,0.004078826,0.0027537774,0.008769442,0.0011662162,0.0039054316,0.00257906,0.002536901,0.0011877182,0.004377346,0.002361316,0.0014327808,0.0011661773,0.0041565914,0.0019726285
4696,/home/jupyter/dent_outputs/isic2019_v2/melanoma/hairs/seed4696/lambda_t_star5/style.png,0.007783972,0.0010451901,0.018851422,0.0044187075,0.89922947,0.025374012,0.0017184893,0.005195886,0.60730284,0.1711228,0.0042117825,0.01018702,0.31440613,0.2934939,0.0031953673,0.00890889,0.16021357,0.35873255,0.0025369532,0.007685578,0.20914307,0.27218467,0.0010542314,0.0030529336,0.023133403,0.35211006,0.00071351306,0.0019957132,0.013473883,0.4526986,0.00092841533,0.0022002042,0.010216116,0.45762488,0.0015612416,0.0036279955,0.0118643455,0.32819378,0.0019394275,0.004684912
4444,/home/jupyter/dent_outputs/isic2019_v2/melanoma/hairs/seed4444/lambda_t_star5/style.png,0.00025174016,0.053247284,0.07554792,0.007548413,0.60038775,0.0027666588,0.0014265791,0.0051456075,0.6560733,0.0026826435,0.0014275326,0.0054087415,0.6859283,0.0021345974,0.0010558355,0.0044980613,0.52598614,0.0022329935,0.0011427893,0.0046472335,0.2749696,0.0031127585,0.0015548363,0.0052012983,0.05161307,0.003425226,0.0019452948,0.005287999,0.022519495,0.0072610523,0.0030281502,0.0066727386,0.019618139,0.005849911,0.0032464447,0.007059984,0.01716105,0.004548773,0.0033643844,0.007263311
4209,/home/jupyter/dent_outputs/isic2019_v2/melanoma/hairs/seed4209/lambda_t_star5/style.png,0.003593654,0.003929559,0.019314134,0.0026893676,0.9978023,0.0020541288,0.020560902,0.001558076,0.99903643,0.002201844,0.0255329,0.001784129,0.9985359,0.0020083017,0.031155055,0.0017219369,0.9977792,0.0017902794,0.029860845,0.0017313986,0.98823124,0.0014142799,0.044694528,0.0021730785,0.9446671,0.0011959068,0.03172671,0.0020893428,0.90214694,0.0011148487,0.034636714,0.0021027895,0.48501667,0.001231902,0.020586638,0.0027570887,0.16116503,0.0013643411,0.013747531,0.0028897761
4745,/home/jupyter/dent_outputs/isic2019_v2/melanoma/hairs/seed4745/lambda_t_star5/style.png,0.0006406295,0.36632085,0.00063497096,0.0019081405,0.078879,0.0060668685,0.02239595,0.002146224,0.10292136,0.008208555,0.01964642,0.0016941546,0.04774533,0.013130413,0.0224932,0.0020988798,0.020734748,0.016582442,0.027229734,0.0021639736,0.0022732855,0.014854792,0.031463724,0.0021541815,0.00057974213,0.017678829,0.040821537,0.0017467828,0.00041741226,0.02074631,0.045246985,0.002027664,0.00027579794,0.01706735,0.04768773,0.0018335859,0.0002220644,0.0148029,0.04051879,0.0014795039
4220,/home/jupyter/dent_outputs/isic2019_v2/melanoma/hairs/seed4220/lambda_t_star5/style.png,0.001451977,0.0071833334,0.05032138,0.0026047,0.16543882,0.0020710968,0.0033228998,0.00428732,0.0981852,0.002160917,0.00420419,0.0052879485,0.05312161,0.0020473308,0.0048837066,0.005522279,0.023867108,0.0022358587,0.006628284,0.006560553,0.0034152383,0.0026834118,0.0085115805,0.007885144,0.002127939,0.0020299917,0.008556178,0.005935628,0.0012244332,0.001780887,0.009353203,0.005690322,0.0008509187,0.0018001992,0.00968677,0.005185072,0.0006594927,0.001707001,0.009841442,0.004786073
4255,/home/jupyter/dent_outputs/isic2019_v2/melanoma/hairs/seed4255/lambda_t_star5/style.png,0.007093086,0.76235235,0.0050571663,0.007860409,0.049546354,0.52993906,0.00043676424,0.0020033962,0.039182123,0.4821163,0.00043546277,0.002030873,0.04143711,0.49339867,0.00047209015,0.002251364,0.028607937,0.51144016,0.0004943742,0.0024406072,0.015742369,0.47198945,0.00054034934,0.0027781853,0.0086169485,0.2920929,0.0007649857,0.0039325557,0.004392741,0.17254725,0.00095752376,0.004162695,0.0044090017,0.13850167,0.0010236494,0.0044709276,0.0051129237,0.16241528,0.0012990742,0.005092616
4110,/home/jupyter/dent_outputs/isic2019_v2/melanoma/hairs/seed4110/lambda_t_star5/style.png,0.50458926,0.009954026,0.019203147,0.010205186,0.9993298,0.0021252837,0.0885073,0.0016894088,0.0007241722,0.003288672,0.06251265,0.011581576,0.0009470216,0.0038195746,0.080175854,0.016308215,0.0007751321,0.0021755176,0.12239011,0.010616514,0.00063082576,0.0018667609,0.104402915,0.013640491,0.00053006323,0.001639187,0.08477861,0.012642734,0.00052100525,0.001868841,0.10660299,0.013041692,0.00052034936,0.0019521669,0.10863733,0.015121523,0.000523142,0.001887891,0.11903283,0.014789785
4429,/home/jupyter/dent_outputs/isic2019_v2/melanoma/hairs/seed4429/lambda_t_star5/style.png,0.017312964,0.011564262,0.002341216,0.0030289795,0.8816987,0.0008460645,0.0012842366,0.0025106035,0.3190822,0.0026350291,0.0009872101,0.0048148907,0.16996509,0.0072632832,0.0017736794,0.007930314,0.13630348,0.0044109887,0.0012780683,0.007596963,0.08452229,0.0047528036,0.0013658551,0.008341823,0.026053075,0.0035472014,0.001300002,0.00892568,0.009560411,0.0030408201,0.0014548344,0.007818726,0.006657002,0.0021453756,0.0013603293,0.0073564285,0.004513755,0.002235597,0.00133268,0.0068824473
4536,/home/jupyter/dent_outputs/isic2019_v2/melanoma/hairs/seed4536/lambda_t_star5/style.png,0.001233939,0.31333095,0.0014971922,0.0007049812,0.9970112,0.0015491901,0.031997528,0.0024996211,0.9997495,0.0027839916,0.014470574,0.0013632553,0.99970645,0.0036330633,0.012796421,0.0015561797,0.9996424,0.0038726842,0.009873142,0.0013518113,0.9980253,0.0036201647,0.012910442,0.001927329,0.99326116,0.0040587685,0.01026134,0.0019754714,0.86302817,0.0034663295,0.008657578,0.0025862125,0.09065925,0.0034988902,0.005749745,0.002728411,0.04907741,0.0037427885,0.0065258,0.0027080893
4116,/home/jupyter/dent_outputs/isic2019_v2/melanoma/hairs/seed4116/lambda_t_star5/style.png,0.00086854066,0.003672931,0.48595917,0.0051207663,0.9822954,0.016232925,0.108675964,0.005340459,0.99447906,0.019419044,0.07569725,0.0059443,0.9937645,0.029029405,0.09690818,0.006676166,0.99447155,0.027659515,0.07090049,0.006405162,0.99308807,0.021640884,0.05783298,0.006552881,0.98359513,0.016948208,0.04651367,0.006377364,0.8852705,0.013900739,0.038666803,0.00705284,0.09822145,0.009244893,0.04779948,0.0061822287,0.009345796,0.006732507,0.04487325,0.0049236785
4892,/home/jupyter/dent_outputs/isic2019_v2/melanoma/hairs/seed4892/lambda_t_star5/style.png,0.023417044,0.010825835,0.0013185367,0.002358903,0.13158119,0.0006530873,0.0038452535,0.0011040996,0.08434749,0.0005763713,0.0036443868,0.0010446352,0.10739837,0.0006241924,0.004605944,0.0011863139,0.15638217,0.0006297364,0.0044981535,0.0010679663,0.19075091,0.0005680835,0.0038358113,0.000854907,0.024979413,0.000592488,0.0032869063,0.0009158572,0.00094190316,0.0006633552,0.0031776028,0.0011536737,0.00035505983,0.0006004142,0.004901034,0.0011662362,0.00034363347,0.00057671097,0.005157056,0.0011649533
4992,/home/jupyter/dent_outputs/isic2019_v2/melanoma/hairs/seed4992/lambda_t_star5/style.png,0.9239235,0.00057574187,0.0011056367,0.00024332262,0.2573302,0.026410919,0.005351169,0.0042070854,0.72620463,0.09043616,0.0040488276,0.0061095697,0.628044,0.03338939,0.014664427,0.0055096867,0.4175014,0.02549217,0.017911287,0.0059235394,0.024438838,0.022566218,0.0122267725,0.0062593524,0.009029747,0.022237644,0.008199915,0.0053110537,0.005509775,0.019446608,0.006741118,0.0052642743,0.0041357744,0.017356422,0.0077585164,0.0056983754,0.004015961,0.019738868,0.008038456,0.006263705
4089,/home/jupyter/dent_outputs/isic2019_v2/melanoma/hairs/seed4089/lambda_t_star5/style.png,0.6297665,0.025885727,0.006150368,0.0015638884,0.9512123,0.00055584643,0.0014363547,0.0013634955,0.9601299,0.0006607856,0.0016301654,0.0014485876,0.95291835,0.0006057549,0.0016274366,0.0014211959,0.9360008,0.0006655694,0.0018649475,0.001487273,0.93102086,0.00072008517,0.0021220644,0.0015543996,0.8037195,0.0004814159,0.0020800857,0.0012450153,0.20341957,0.00039567042,0.003365656,0.0014704115,0.0024891046,0.00029251876,0.0063768933,0.0016372451,0.00066620915,0.00027352705,0.008081194,0.0014976913
4814,/home/jupyter/dent_outputs/isic2019_v2/melanoma/hairs/seed4814/lambda_t_star5/style.png,0.0005710607,0.0005027039,0.0057908003,0.00086218084,0.9981432,0.00076370017,0.0068262466,0.0018285704,0.9968189,0.0008444753,0.0052837543,0.0018861784,0.9935389,0.0013207827,0.006453836,0.0024390484,0.99007016,0.0015907321,0.0052611493,0.0026903986,0.98438716,0.0015689991,0.0051754587,0.0028619652,0.96115667,0.0018531635,0.006024621,0.0037598873,0.53560174,0.0032552318,0.009951741,0.0069828713,0.048621498,0.005436124,0.012424394,0.010386893,0.004828773,0.0044266665,0.01242306,0.006888963
4410,/home/jupyter/dent_outputs/isic2019_v2/melanoma/hairs/seed4410/lambda_t_star5/style.png,0.0016766789,0.014837622,0.225374,0.0033452143,0.16901399,0.0063141347,0.0086735375,0.0055641336,0.16848975,0.005092041,0.009886412,0.0053404258,0.19043101,0.00481879,0.010296014,0.004701314,0.4609519,0.005812311,0.008432317,0.0040850462,0.24341679,0.0076563987,0.009365635,0.005795728,0.13583986,0.00920035,0.0100643,0.006631384,0.013841722,0.011830801,0.0108830985,0.00953488,0.013786888,0.011727521,0.010804649,0.010404848,0.012287503,0.010837448,0.011207542,0.009398129
4845,/home/jupyter/dent_outputs/isic2019_v2/melanoma/hairs/seed4845/lambda_t_star5/style.png,0.24452095,0.0075139194,0.006739012,0.0020594676,0.7592355,0.0035445224,0.012602061,0.0030312557,0.8903987,0.0029353981,0.013537344,0.0028107958,0.5286405,0.0042286227,0.017384175,0.003930995,0.3076853,0.0055738245,0.00577943,0.0028328192,0.015910788,0.0026637295,0.0019521037,0.0014776445,0.00747042,0.00216559,0.0019056548,0.0013914561,0.007100848,0.0019407691,0.0018694451,0.0016616856,0.0054136044,0.0011960053,0.0021866176,0.0015333695,0.003906502,0.0009479599,0.0019548442,0.0013163785
4862,/home/jupyter/dent_outputs/isic2019_v2/melanoma/hairs/seed4862/lambda_t_star5/style.png,0.00037135728,0.0297185,0.0009728395,0.00013006345,0.98832685,0.0007635109,0.0024410912,0.0018782092,0.9847652,0.00086727744,0.0043117963,0.0021015313,0.98227835,0.0010027756,0.0046365527,0.002385964,0.9799573,0.0010054964,0.0039970973,0.0026919201,0.9581755,0.0009539629,0.0035709587,0.002835137,0.7710829,0.00067514984,0.0027798435,0.0027011863,0.25123116,0.0008195813,0.0023637456,0.003116365,0.004936261,0.001284444,0.003259739,0.004407359,0.0012088515,0.0016237769,0.0046226215,0.0052900985
4369,/home/jupyter/dent_outputs/isic2019_v2/melanoma/hairs/seed4369/lambda_t_star5/style.png,0.090875104,0.0338145,0.0013146957,0.0022902186,0.9987676,0.0054958067,0.0020295987,0.001979874,0.9993788,0.004878639,0.0023280592,0.001861994,0.99888915,0.005115617,0.0031049852,0.002141982,0.99822587,0.003571578,0.0034102858,0.0022521548,0.9957879,0.0013210544,0.0019278022,0.0016246988,0.9896428,0.0013082941,0.0016304067,0.0018642579,0.529693,0.000592597,0.0015770656,0.0018235096,0.002268319,0.00059987506,0.0018704926,0.0019279777,0.0006801348,0.00056672964,0.0017015387,0.0014777973
4047,/home/jupyter/dent_outputs/isic2019_v2/melanoma/hairs/seed4047/lambda_t_star5/style.png,0.0031388393,0.0042653233,0.011669916,0.0029269154,0.9839978,0.015822787,0.0033713211,0.0036483072,0.97702754,0.015394665,0.003504256,0.0039907405,0.9766907,0.012253568,0.0035407853,0.0035294252,0.970873,0.0126407705,0.0036529705,0.0036962198,0.96568054,0.012873009,0.0030250868,0.0035147085,0.9413828,0.013478213,0.0027259144,0.0036310237,0.4041368,0.011652144,0.0025682284,0.004010528,0.023860993,0.006757325,0.0027087193,0.003765466,0.00494386,0.005343502,0.0024076686,0.0026901313
4615,/home/jupyter/dent_outputs/isic2019_v2/melanoma/hairs/seed4615/lambda_t_star5/style.png,0.0019801783,0.0005257986,0.013996326,0.0015942347,0.83488464,0.006551351,0.025903393,0.0043329257,0.76869106,0.0047109313,0.026071616,0.0034674776,0.68011105,0.0037393617,0.020144543,0.002684983,0.64782315,0.0032446815,0.0141964955,0.0026660743,0.5301498,0.002883253,0.011617943,0.00265698,0.38770214,0.0030204596,0.009837819,0.0027615735,0.21829182,0.0027201625,0.008128226,0.0028974405,0.008253761,0.0040518125,0.014090456,0.0050758985,0.0031928262,0.0036852085,0.013142301,0.0036532136
4448,/home/jupyter/dent_outputs/isic2019_v2/melanoma/hairs/seed4448/lambda_t_star5/style.png,0.0009193653,0.0011095654,0.0115892915,0.0014734925,0.9983582,0.0023257744,0.0017930475,0.0014460572,0.99773955,0.0015737728,0.0017962876,0.001278733,0.9976465,0.0015274638,0.0018697021,0.0013627976,0.9974923,0.0016002512,0.0017241964,0.0012761124,0.99628085,0.0014609458,0.001606229,0.0013707508,0.96860796,0.0019974683,0.0026872326,0.0024464026,0.53321445,0.0027377582,0.0029878889,0.0039050626,0.042293467,0.0025468487,0.0047395574,0.004975304,0.0055313366,0.0019354508,0.0049839816,0.00442606
4251,/home/jupyter/dent_outputs/isic2019_v2/melanoma/hairs/seed4251/lambda_t_star5/style.png,0.8620616,0.032361463,0.0021906975,0.0011852782,0.9362173,0.0021636537,0.008367438,0.0025321457,0.8824291,0.0016825107,0.008209367,0.0025270719,0.514693,0.0016099443,0.0076437616,0.0027165776,0.5581963,0.0015655481,0.00836459,0.0028171798,0.39520356,0.001637242,0.009584679,0.0028176648,0.17013939,0.0013163477,0.0068662716,0.0024564702,0.01820165,0.0017669592,0.009107472,0.0033135123,0.003183246,0.0022038177,0.011125429,0.0036665536,0.002007951,0.001970858,0.012393049,0.0034314313
4684,/home/jupyter/dent_outputs/isic2019_v2/melanoma/hairs/seed4684/lambda_t_star5/style.png,0.0013986742,0.029074209,0.048697565,0.005748415,0.94308317,0.004595137,0.006142466,0.004842532,0.9277929,0.0042904685,0.0052256975,0.0030953707,0.90122956,0.0030989014,0.00595257,0.0032893582,0.90249264,0.0037262677,0.005793272,0.0032692282,0.91759545,0.0025942246,0.00328108,0.0036238283,0.9052732,0.0029504392,0.001630122,0.0031710695,0.38775018,0.007054577,0.0017361682,0.0059925,0.089384496,0.0037807925,0.0017427349,0.006793425,0.0088826865,0.002597321,0.0014347757,0.003905632
4070,/home/jupyter/dent_outputs/isic2019_v2/melanoma/hairs/seed4070/lambda_t_star5/style.png,0.16767627,0.0358466,8.8745765e-05,0.00017942306,0.93909156,0.047146752,0.5220556,0.010617861,0.93505967,0.02313141,0.5134385,0.008766293,0.95770556,0.023118688,0.45758033,0.0070736245,0.88276523,0.013362941,0.5107785,0.00944797,0.59905964,0.013603037,0.38495287,0.005172688,0.042881504,0.009513175,0.37234572,0.0046268473,0.0011791628,0.0072385315,0.23363723,0.0036210227,0.00039298492,0.006095748,0.20146805,0.002941421,0.0003431876,0.0067523187,0.18733427,0.002839948
4871,/home/jupyter/dent_outputs/isic2019_v2/melanoma/hairs/seed4871/lambda_t_star5/style.png,0.00023709258,0.011207013,0.04244052,0.0019100587,0.6337881,0.061832745,0.0026647141,0.0024107837,0.77341884,0.0040134885,0.0018221801,0.005496649,0.57110006,0.0054071713,0.002628477,0.006687654,0.045072533,0.00556125,0.0034537513,0.012923788,0.04616822,0.0065876646,0.0038996853,0.01369682,0.04898706,0.0070331655,0.004572781,0.015725592,0.032562964,0.0059717135,0.004236199,0.014770579,0.027394913,0.006297951,0.004676113,0.015685014,0.021578344,0.0057743574,0.004149121,0.01455787
4642,/home/jupyter/dent_outputs/isic2019_v2/melanoma/hairs/seed4642/lambda_t_star5/style.png,0.0012198846,0.008572815,0.026683237,0.003691383,0.9869796,0.0035995713,0.03063515,0.0038102309,0.98613644,0.003846609,0.029855726,0.0042055915,0.9833182,0.0042554494,0.0132867275,0.0030270275,0.98781615,0.004987137,0.009563703,0.0026255234,0.982427,0.005092203,0.008441823,0.003735223,0.74831337,0.0097304145,0.01054916,0.0060045146,0.071143515,0.016958954,0.008760746,0.008216024,0.03746246,0.01771907,0.008079017,0.008030969,0.01902386,0.016990198,0.008778126,0.009407766
4168,/home/jupyter/dent_outputs/isic2019_v2/melanoma/hairs/seed4168/lambda_t_star5/style.png,9.180827e-05,0.0026240728,0.060097072,0.003688324,0.70276505,0.0012966965,0.007440322,0.006710852,0.55662495,0.0009107227,0.010564216,0.005693347,0.3197565,0.0010949471,0.012638312,0.0065117087,0.3021921,0.0011321045,0.012404569,0.0061404896,0.2249627,0.0010622623,0.010999131,0.005589069,0.16836546,0.0009985599,0.01463362,0.0059153126,0.09778089,0.0006784254,0.016938511,0.0048066084,0.021967748,0.0007197672,0.025689928,0.004757785,0.0037118525,0.00058681774,0.01993045,0.0034943942
4481,/home/jupyter/dent_outputs/isic2019_v2/melanoma/hairs/seed4481/lambda_t_star5/style.png,0.0735357,0.007835292,0.0028207465,0.001922914,0.95561975,0.01909493,0.25939986,0.006518135,0.72131133,0.02745432,0.65177375,0.010849344,0.43727478,0.027903019,0.6300434,0.011414496,0.04936033,0.051265664,0.40103766,0.01207578,0.03829781,0.049460776,0.42674673,0.013149767,0.027099,0.036079865,0.24354807,0.011246162,0.021083193,0.029208396,0.18463911,0.011726589,0.015046869,0.028656464,0.15686822,0.01249373,0.009646704,0.023488598,0.13937043,0.012845251
4277,/home/jupyter/dent_outputs/isic2019_v2/melanoma/hairs/seed4277/lambda_t_star5/style.png,0.0009343797,0.39178774,0.0042318106,0.0018800329,0.9779022,0.003702988,0.0015995846,0.002313729,0.04339084,0.0016896655,0.0023189026,0.0030618794,0.046822414,0.0016943079,0.0025565347,0.0033543168,0.03858492,0.0016346088,0.0021867352,0.0031057706,0.027883327,0.0014584138,0.0022373355,0.0029031509,0.009214802,0.0014164702,0.0024890902,0.0026391214,0.0074716466,0.0007400026,0.00219718,0.0019777939,0.0052021495,0.00085821864,0.002773751,0.0023183003,0.0026743524,0.0009896986,0.0036271634,0.0028544837
4875,/home/jupyter/dent_outputs/isic2019_v2/melanoma/hairs/seed4875/lambda_t_star5/style.png,0.021221709,0.0047269263,0.00093384477,0.00045463737,0.4908943,0.08935641,0.007254768,0.0036288456,0.8497828,0.105077066,0.012921422,0.004941004,0.6609608,0.05743796,0.010461555,0.0034425557,0.40138564,0.056374084,0.008282017,0.0034029342,0.2380228,0.06839685,0.005758002,0.0030941013,0.048341587,0.03657424,0.0030718236,0.0019157148,0.02062329,0.012532983,0.0026506884,0.0012365816,0.009793901,0.0071632466,0.0020477918,0.001002513,0.0054731583,0.005499877,0.0018561039,0.0008029003
4378,/home/jupyter/dent_outputs/isic2019_v2/melanoma/hairs/seed4378/lambda_t_star5/style.png,0.00044949082,0.0027433606,0.074968174,0.0028855815,0.015371655,0.012637449,0.016641326,0.003087767,0.2061805,0.016214924,0.014465325,0.0029793635,0.07768203,0.013158859,0.012486812,0.002397073,0.050791796,0.012468375,0.012703537,0.0024738808,0.0121274805,0.011077707,0.014533879,0.0023310327,0.00041673495,0.009388363,0.018411817,0.0017700696,0.0002961671,0.007168956,0.023332888,0.001635494,0.00019499191,0.0056395256,0.0248228,0.0014520398,0.00017064108,0.0044639064,0.023232352,0.0012986629
4558,/home/jupyter/dent_outputs/isic2019_v2/melanoma/hairs/seed4558/lambda_t_star5/style.png,0.0021472147,0.06940782,0.1151451,0.017801914,0.34912372,0.0030965938,0.0027303305,0.0053956416,0.18402173,0.0029205296,0.0028813083,0.004717158,0.14282176,0.002475126,0.0027685869,0.004354912,0.12928747,0.0027950653,0.0030920664,0.0047781304,0.08595931,0.0026136755,0.0028725255,0.0043879678,0.05736578,0.0024139946,0.0029036105,0.0045782975,0.04158809,0.00300431,0.0036087176,0.0055126846,0.030924942,0.002397424,0.0030738672,0.004862848,0.03224327,0.0021012342,0.0029577764,0.0049031577
4851,/home/jupyter/dent_outputs/isic2019_v2/melanoma/hairs/seed4851/lambda_t_star5/style.png,0.0011506524,0.003508678,0.009514389,0.002937815,0.9965252,0.00080669683,0.0024449911,0.0016851855,0.9945563,0.00071863557,0.002516761,0.0017866615,0.9952442,0.0007936988,0.002234405,0.0016371033,0.9947491,0.00086202816,0.0019376774,0.0015596147,0.9949421,0.0007543485,0.0017367549,0.0014360662,0.9874724,0.0009582877,0.0010312767,0.0015294594,0.939544,0.0008198611,0.0015174717,0.0019505398,0.9111239,0.00096533174,0.0015822289,0.0023206915,0.8449977,0.0011565759,0.0017712672,0.002835129
4661,/home/jupyter/dent_outputs/isic2019_v2/melanoma/hairs/seed4661/lambda_t_star5/style.png,0.0008316827,0.012282626,0.3308711,0.006332536,0.92334586,0.0009519854,0.0021585142,0.0020406204,0.9584179,0.0050710244,0.004633471,0.0027540645,0.95606774,0.006524205,0.00557682,0.0025379015,0.9531401,0.006994625,0.0050870185,0.0024606932,0.9106555,0.007405366,0.00557888,0.0026495655,0.89358747,0.008510176,0.005067801,0.0024611743,0.87987494,0.0062209154,0.003224899,0.0019977116,0.8359301,0.0067399377,0.0032486646,0.0020959007,0.6709569,0.005038695,0.0033383202,0.002405957
4767,/home/jupyter/dent_outputs/isic2019_v2/melanoma/hairs/seed4767/lambda_t_star5/style.png,0.0018093393,0.047486678,0.08424668,0.004593406,0.99932134,0.0016363732,0.0031876066,0.0016925982,0.9988871,0.0014015138,0.0028079157,0.0018022826,0.9984041,0.0013445063,0.0035218582,0.0022267224,0.99825066,0.0015427317,0.003900819,0.0023584564,0.99555874,0.0014674126,0.0043222103,0.0028766557,0.9778335,0.0019182604,0.00471173,0.004230597,0.55493855,0.0019492704,0.005961015,0.00689377,0.047742777,0.0017788623,0.0054929643,0.0061748354,0.0071717394,0.0013345686,0.0051613636,0.004764221
4491,/home/jupyter/dent_outputs/isic2019_v2/melanoma/hairs/seed4491/lambda_t_star5/style.png,0.20181386,0.0031202293,0.001508634,0.00040600475,0.70792484,0.0038764146,0.0062137293,0.0032411646,0.15140574,0.008540365,0.0046065366,0.0042819763,0.09878108,0.009744953,0.0065076016,0.004499612,0.10011355,0.013353709,0.00651116,0.004605767,0.06568637,0.011426333,0.0049553723,0.0046486496,0.03550752,0.010503374,0.004808673,0.004893786,0.017652424,0.012315991,0.004426764,0.0038684483,0.01246639,0.011538217,0.0038241784,0.0034674166,0.009259379,0.009650044,0.003918961,0.0035919144
4111,/home/jupyter/dent_outputs/isic2019_v2/melanoma/hairs/seed4111/lambda_t_star5/style.png,0.058036204,0.0037292927,0.0039092493,0.0017507109,0.97651994,0.002412711,0.017759375,0.0013937678,0.9708081,0.002163496,0.0029596735,0.0011603617,0.6470329,0.0019033906,0.0031303419,0.0013800813,0.31516907,0.0019747738,0.003953287,0.0013131147,0.064084776,0.0033495813,0.0060136174,0.0018867735,0.028610434,0.0038290774,0.009693781,0.0020767208,0.035763584,0.004598722,0.008166608,0.002520863,0.011138287,0.003439264,0.0058581084,0.001940359,0.009643188,0.0031119655,0.005959422,0.0018013614
4447,/home/jupyter/dent_outputs/isic2019_v2/melanoma/hairs/seed4447/lambda_t_star5/style.png,0.0049578655,0.016888117,0.0489409,0.0015565901,0.07752638,0.00045648427,0.0052880263,0.0017443965,0.059841745,0.000355072,0.0055726147,0.0015334944,0.052119534,0.00041109693,0.0070758127,0.0017999181,0.05987713,0.00034982592,0.0060023293,0.0015252387,0.036054663,0.0003470163,0.006760472,0.0015471544,0.01307487,0.00034445428,0.00872511,0.0016326879,0.0060176775,0.0003794703,0.011547401,0.0016204108,0.0036576767,0.000390156,0.0130743785,0.0017432326,0.0032832809,0.00042029202,0.013987084,0.0017855162
4096,/home/jupyter/dent_outputs/isic2019_v2/melanoma/hairs/seed4096/lambda_t_star5/style.png,0.688121,0.005401269,0.0005320475,0.0009406974,0.029525615,0.03866357,0.0035216962,0.005920359,0.050279796,0.03978251,0.0039057434,0.007663579,0.064741924,0.0350967,0.0031171683,0.0063541406,0.07099043,0.026948215,0.0037441752,0.0076931133,0.04171061,0.022451973,0.0041392716,0.008334753,0.028853524,0.01787348,0.00398931,0.00741414,0.017556705,0.016292632,0.003725478,0.0065919473,0.012259728,0.01584641,0.0030687617,0.005787452,0.009017837,0.016119609,0.002791504,0.005264509
4109,/home/jupyter/dent_outputs/isic2019_v2/melanoma/hairs/seed4109/lambda_t_star5/style.png,0.010016502,0.0060674925,0.0043410873,0.0018239894,0.999458,0.004401592,0.012805846,0.0024804047,0.9993254,0.004844887,0.013299731,0.0026067584,0.9993649,0.006767311,0.01957387,0.0033201596,0.99730384,0.0063610207,0.015323669,0.0037005695,0.9729758,0.004793586,0.010008566,0.0048533,0.8413371,0.003476251,0.008994274,0.005613027,0.15624326,0.004487481,0.0081392275,0.006948653,0.0034237208,0.003909082,0.009064995,0.003298369,0.002336135,0.0036503978,0.008970762,0.0026574817
4515,/home/jupyter/dent_outputs/isic2019_v2/melanoma/hairs/seed4515/lambda_t_star5/style.png,0.0049245125,0.0012034527,0.0025712897,0.0016555594,0.99781644,0.0018446707,0.013445151,0.0021716903,0.996007,0.0013970515,0.01446982,0.002068658,0.9951845,0.0013469472,0.016436601,0.0021072116,0.99601704,0.001699125,0.017298952,0.0022381565,0.989297,0.0012497111,0.014694187,0.0021457013,0.97453386,0.0013348516,0.008798633,0.0025704855,0.6242717,0.0010200625,0.0033575178,0.0025351173,0.006637396,0.0009854941,0.00281947,0.0032258881,0.0030159843,0.0008643915,0.0030795068,0.0033881646
4389,/home/jupyter/dent_outputs/isic2019_v2/melanoma/hairs/seed4389/lambda_t_star5/style.png,0.035757292,0.025868477,0.0016243763,0.002344573,0.4577818,0.617905,0.00071391434,0.0023991056,0.6740309,0.38729653,0.0009238006,0.0036638528,0.7168649,0.30154777,0.0010164324,0.004305236,0.7492448,0.34939498,0.0013506525,0.0061969706,0.5586809,0.38809627,0.0014290728,0.0061562355,0.014027645,0.32094148,0.0012409692,0.0056265453,0.002998715,0.3090338,0.0013835002,0.005973919,0.0030542722,0.29295707,0.0014346096,0.0059640445,0.00325398,0.3336623,0.0014198025,0.0063796556
4646,/home/jupyter/dent_outputs/isic2019_v2/melanoma/hairs/seed4646/lambda_t_star5/style.png,0.00030501492,0.003949411,0.093817584,0.00080966525,0.07462901,0.0013206331,0.0050628004,0.0028235859,0.062342342,0.0013192237,0.009132875,0.0034197061,0.05596713,0.0015649848,0.013284608,0.003666113,0.103364706,0.0014886447,0.010948677,0.003134073,0.12950295,0.00097606983,0.010601439,0.0020130742,0.14070122,0.0009964615,0.009070719,0.0022791787,0.002266785,0.00092415884,0.014038637,0.002418744,0.002202913,0.0010268849,0.017474564,0.0024522732,0.0015180109,0.00088914164,0.017111722,0.0023176079
4909,/home/jupyter/dent_outputs/isic2019_v2/melanoma/hairs/seed4909/lambda_t_star5/style.png,0.061669216,0.010363304,0.001278939,0.0016602371,0.99988484,0.0013912095,0.003403932,0.0012027622,0.9998826,0.0011009705,0.0028460866,0.0011256273,0.9998178,0.0010527496,0.002722418,0.0012019497,0.9997347,0.001032294,0.0025734408,0.001413715,0.9993363,0.0012133273,0.002870476,0.001901416,0.9974106,0.0013996416,0.002662828,0.0026240891,0.9160596,0.0011654367,0.0028511495,0.0028164978,0.15506022,0.0010929737,0.0030717286,0.002931715,0.0690058,0.0011357286,0.002795897,0.0028598432
4159,/home/jupyter/dent_outputs/isic2019_v2/melanoma/hairs/seed4159/lambda_t_star5/style.png,0.674657,0.0046627605,0.030454824,0.0017384174,0.8880574,0.012425342,0.13399705,0.0052611693,0.8729335,0.010189371,0.1052964,0.004280407,0.8753373,0.0077674673,0.12185115,0.0039087404,0.8462743,0.009158612,0.14632992,0.0050037964,0.79071516,0.008111132,0.07494989,0.0045187087,0.20067489,0.0068448605,0.032508362,0.005217123,0.0010736111,0.0038684574,0.016430443,0.004791798,0.0011207392,0.004247351,0.015812231,0.005189863,0.0011300106,0.004642685,0.0152841685,0.0059479526
4954,/home/jupyter/dent_outputs/isic2019_v2/melanoma/hairs/seed4954/lambda_t_star5/style.png,0.33580032,0.00093032233,0.00027685464,0.00027547602,0.9989003,0.0059623686,0.008756643,0.0016455175,0.99895275,0.0048229564,0.009604802,0.0020798014,0.9970161,0.003929994,0.016382044,0.0029009238,0.9977946,0.0055439356,0.006806712,0.002295864,0.031239517,0.026614698,0.0050504166,0.00469142,0.009205377,0.029797792,0.004467279,0.003730474,0.00313876,0.027817743,0.0035219605,0.0028371152,0.002457556,0.02247173,0.003958386,0.0030087552,0.0023918664,0.021524902,0.004317663,0.0032507742
4445,/home/jupyter/dent_outputs/isic2019_v2/melanoma/hairs/seed4445/lambda_t_star5/style.png,0.07857116,0.008671484,0.00034623742,0.0004945613,0.99981016,0.001960551,0.002361072,0.00067690836,0.99981326,0.0016887382,0.0022355458,0.00067413884,0.9997451,0.0015251284,0.0019836144,0.000701431,0.9996575,0.0014461295,0.0020648087,0.00081043673,0.99885476,0.0016728968,0.0021598036,0.0012880757,0.99236286,0.0022672594,0.002286504,0.0020927826,0.81969637,0.0026183769,0.0020315952,0.0029158609,0.1195547,0.002060592,0.0013911626,0.002220805,0.009120788,0.0020841376,0.001280754,0.0018785791
4441,/home/jupyter/dent_outputs/isic2019_v2/melanoma/hairs/seed4441/lambda_t_star5/style.png,0.27502975,0.03635034,0.00084993086,0.0014359854,0.9906205,0.006818841,0.115629025,0.0022757116,0.95754504,0.007675646,0.023678208,0.0020745648,0.9549798,0.0064912643,0.019221494,0.0018494072,0.9470171,0.0051451535,0.015254644,0.0016909351,0.9090633,0.0038436283,0.012107667,0.0015835048,0.51417124,0.0033201438,0.013194189,0.0019039396,0.032907452,0.0058637625,0.017822944,0.0028194739,0.005102003,0.007450844,0.024035767,0.0031770503,0.0027478796,0.0060200766,0.021632817,0.002460575
4200,/home/jupyter/dent_outputs/isic2019_v2/melanoma/hairs/seed4200/lambda_t_star5/style.png,0.0011683227,0.0015771782,0.0031647286,0.00021291069,0.9778291,0.007860097,0.0018338145,0.0041393465,0.9649878,0.010064671,0.0036109763,0.0057248455,0.94356614,0.011825567,0.003972968,0.0061807404,0.9061142,0.010020891,0.0030984017,0.0057368902,0.7197013,0.013845173,0.0037339174,0.007825138,0.14698628,0.018180514,0.004662442,0.008597203,0.04227121,0.01684073,0.004351568,0.006614547,0.04267735,0.019106973,0.0043900954,0.006162166,0.04322245,0.021976944,0.0046273633,0.0063007963
4667,/home/jupyter/dent_outputs/isic2019_v2/melanoma/hairs/seed4667/lambda_t_star5/style.png,0.0015525396,0.0025407472,0.15226594,0.0012432802,0.9721451,0.00047959638,0.0012479424,0.00055179425,0.9754597,0.00046220465,0.0014433757,0.0006011271,0.974066,0.00041625378,0.0011081694,0.0005391157,0.89075595,0.00031949006,0.001045612,0.00055079744,0.8448448,0.0004162228,0.0012620576,0.000726743,0.70580757,0.0002943234,0.0014234289,0.0009928388,0.5964488,0.00030264922,0.001424952,0.0009869576,0.00943301,0.00029173863,0.0013463245,0.0008413149,0.0007671133,0.00031698283,0.0018994588,0.0011012723
4539,/home/jupyter/dent_outputs/isic2019_v2/melanoma/hairs/seed4539/lambda_t_star5/style.png,0.56076175,0.005434886,0.008788171,0.0021318295,0.4444388,0.0021989462,0.0068526804,0.002338983,0.12548971,0.00084130565,0.008674297,0.0018617759,0.41514972,0.00030306814,0.008455455,0.001269431,0.6674101,0.00038799472,0.009562312,0.0012675462,0.75524837,0.00040192716,0.007884335,0.0011290384,0.66211766,0.0005341524,0.0067696837,0.001141095,0.048243888,0.001295209,0.008631361,0.0018941334,0.0040885513,0.00022884003,0.008640734,0.0011564157,0.0029587355,0.00023153867,0.009987818,0.0013150715
4664,/home/jupyter/dent_outputs/isic2019_v2/melanoma/hairs/seed4664/lambda_t_star5/style.png,0.15040906,0.037157096,0.0018002617,0.00061151397,0.026259871,0.00081609085,0.05502813,0.0031386437,0.0252018,0.0008494091,0.031901773,0.0031666216,0.02416561,0.0007985389,0.04061285,0.0034277122,0.010454129,0.0008661836,0.06275086,0.0035529095,0.008217858,0.0008738475,0.07483203,0.0040849685,0.005718232,0.0008137558,0.07816855,0.003299073,0.0027038057,0.0006001193,0.07819283,0.0025358975,0.001835244,0.00065216824,0.11036858,0.002811515,0.0016570124,0.00062573334,0.15168259,0.0027230214
4458,/home/jupyter/dent_outputs/isic2019_v2/melanoma/hairs/seed4458/lambda_t_star5/style.png,0.7391909,0.023902453,0.0015702719,0.0008931072,0.7052426,0.0008205144,0.00053755275,0.0034302007,0.6654119,0.00042071496,0.0004510958,0.0020067138,0.562516,0.00027512564,0.00039866866,0.0017764593,0.3901097,0.00027080195,0.000533266,0.002036357,0.52861434,0.00025876221,0.0005336715,0.0022836635,0.008910167,0.00024564617,0.00071388687,0.0033835322,0.0029272132,0.00034995883,0.0009688663,0.0040048514,0.0028903766,0.0005197944,0.001547049,0.005069309,0.002596065,0.0005339597,0.001516927,0.0051122736
4421,/home/jupyter/dent_outputs/isic2019_v2/melanoma/hairs/seed4421/lambda_t_star5/style.png,0.0042759744,0.013407507,0.0031714872,0.0010007422,0.97092885,0.0043491907,0.0018170167,0.0016972471,0.6679427,0.005370675,0.003528634,0.0030054545,0.37829736,0.006131568,0.0047724927,0.0033889827,0.21124333,0.006410648,0.00371795,0.0030770588,0.01890736,0.010262178,0.003071609,0.0029987225,0.0062983213,0.0070962235,0.0032286549,0.0025985555,0.005134474,0.007167711,0.003910555,0.003003836,0.003399435,0.0060840324,0.0049710255,0.00320933,0.0023130863,0.0051966696,0.005525333,0.0035190496
4676,/home/jupyter/dent_outputs/isic2019_v2/melanoma/hairs/seed4676/lambda_t_star5/style.png,0.00023133193,0.008397438,0.011776072,0.0015971786,0.83710366,0.0029512306,0.04278297,0.0041892203,0.9946102,0.0034167073,0.03873975,0.0018220191,0.9822749,0.0023949586,0.016283358,0.0015795715,0.9820972,0.0032965417,0.014083264,0.00217614,0.98264486,0.003516882,0.013064333,0.0023494812,0.9067047,0.004715289,0.014481881,0.0034539665,0.47820422,0.004647688,0.007823199,0.003596928,0.019944897,0.0051754564,0.0064348034,0.004136024,0.0018226261,0.0053961966,0.009171143,0.004372299
4014,/home/jupyter/dent_outputs/isic2019_v2/melanoma/hairs/seed4014/lambda_t_star5/style.png,0.006835903,0.009925378,0.07778375,0.0022973684,0.99945503,0.0007141195,0.0018322025,0.00038812976,0.9994318,0.00056021503,0.0015212087,0.00033469472,0.9991973,0.0005769246,0.0015591045,0.00035812668,0.9992424,0.0005357119,0.001658092,0.0003609073,0.99889094,0.000560081,0.0016936645,0.00040125454,0.5382759,0.00037574852,0.0013447265,0.0005685808,0.14384744,0.00028270064,0.0017461244,0.00074350374,0.0061383424,0.00016449949,0.0019671717,0.00073778775,0.0015301848,0.0001931242,0.0023748397,0.00077663927
4509,/home/jupyter/dent_outputs/isic2019_v2/melanoma/hairs/seed4509/lambda_t_star5/style.png,0.004158589,0.09445086,0.0011367368,0.0016694408,0.004883582,0.00078501715,0.0023498645,0.0022658373,0.005050894,0.0010219354,0.0022424092,0.0027468186,0.0046289624,0.000999485,0.0025164771,0.003069678,0.004836139,0.0011967466,0.0029189943,0.0035290448,0.0034794738,0.0010534051,0.0033116434,0.003267305,0.002940224,0.0010284573,0.0031980479,0.003316638,0.0025522716,0.00096651015,0.0033480297,0.0033978021,0.0026045116,0.0009444643,0.00359879,0.0035681482,0.0020222045,0.00089489145,0.0035155783,0.0034080045
4991,/home/jupyter/dent_outputs/isic2019_v2/melanoma/hairs/seed4991/lambda_t_star5/style.png,0.069994174,0.0013946746,0.008477055,0.001851158,0.9764765,0.0013024601,0.0031533213,0.0026980336,0.97505754,0.0015363715,0.0039804094,0.003173986,0.96634746,0.0014292384,0.0039029652,0.002988579,0.8974093,0.0015311511,0.0046550743,0.0033575338,0.56195426,0.0013357494,0.0048902184,0.003395013,0.08544987,0.0012477582,0.0066407197,0.0038890343,0.00068269676,0.0013607603,0.007230073,0.0037799233,0.00053007685,0.001659786,0.008827286,0.004432629,0.00056781014,0.0016162435,0.008990126,0.004435605
4705,/home/jupyter/dent_outputs/isic2019_v2/melanoma/hairs/seed4705/lambda_t_star5/style.png,0.3701605,0.003853465,0.002816999,0.0013739014,0.96574813,0.0018526113,0.0012326034,0.0025052319,0.9733762,0.0015743349,0.0012026746,0.0022553126,0.9445657,0.0015280204,0.001037901,0.0022293748,0.94865465,0.0014188801,0.0011998649,0.0025397323,0.79231364,0.0009341434,0.000955843,0.0022133274,0.45387438,0.0006889396,0.0010982774,0.0021440592,0.10320949,0.0005932488,0.0013490319,0.0023570366,0.012887008,0.0005325376,0.0014144691,0.0020320215,0.004199523,0.00050952134,0.0019172729,0.0021901743
4876,/home/jupyter/dent_outputs/isic2019_v2/melanoma/hairs/seed4876/lambda_t_star5/style.png,0.0028243433,0.0019331789,0.15857124,0.0029921604,0.9989102,0.0023960297,0.2137896,0.0020615757,0.99882036,0.0024216694,0.27635676,0.0018776737,0.98469824,0.0009319831,0.21764342,0.0013297708,0.98444784,0.00066048553,0.0594773,0.0022301364,0.9843291,0.00045234498,0.025078006,0.0019378775,0.9306643,0.00033247206,0.044086993,0.0014118905,0.49675485,0.00021276598,0.04268293,0.0011312497,0.10271763,0.00017859558,0.03954174,0.0008491092,0.018641863,0.00017217611,0.04382322,0.0009210623
4327,/home/jupyter/dent_outputs/isic2019_v2/melanoma/hairs/seed4327/lambda_t_star5/style.png,0.001327748,0.0066013006,0.27305773,0.0031495404,0.9954898,0.0050449977,0.120510906,0.0021414172,0.99647826,0.004435563,0.119170554,0.002010256,0.9960646,0.0046384563,0.10153671,0.0019831697,0.9946878,0.0055448506,0.09269716,0.0022369344,0.92911255,0.0095515195,0.12840493,0.0042446596,0.48675376,0.007116565,0.0708594,0.0031520713,0.00066350884,0.0075599705,0.11973169,0.0025827398,0.0005260457,0.006509868,0.12745064,0.0023448418,0.00034393062,0.006262396,0.13678013,0.002187934
4901,/home/jupyter/dent_outputs/isic2019_v2/melanoma/hairs/seed4901/lambda_t_star5/style.png,0.005560873,0.08009367,0.00094703736,0.0004983385,0.0112249935,0.0094203325,0.012854656,0.006482705,0.035916638,0.0043630386,0.009668765,0.004967421,0.08228685,0.0039125965,0.00806257,0.004221591,0.035735868,0.0035092747,0.0073403004,0.0038447566,0.011494747,0.00750071,0.014870674,0.006091874,0.012926434,0.0072887978,0.017744193,0.0066311327,0.006653742,0.007137789,0.01943508,0.006065399,0.0060986145,0.006917681,0.02428535,0.0058700168,0.005602413,0.006820091,0.027254239,0.00555728
4474,/home/jupyter/dent_outputs/isic2019_v2/melanoma/hairs/seed4474/lambda_t_star5/style.png,0.002655762,0.08292707,0.00025564423,0.00051305763,0.013484277,0.015988376,0.0014657325,0.0009005655,0.0013225204,0.0448016,0.003033875,0.0009668837,0.023699371,0.023370614,0.00204269,0.003084915,0.04077322,0.011284105,0.00169758,0.0023045102,0.057806987,0.004801634,0.00095078297,0.0012589367,0.046575353,0.0024213295,0.000750349,0.0010719387,0.012212355,0.000963339,0.00051609124,0.00048089414,0.011026532,0.000768021,0.00076957233,0.00060697115,0.017148042,0.00067470025,0.00095431384,0.00072590343
4259,/home/jupyter/dent_outputs/isic2019_v2/melanoma/hairs/seed4259/lambda_t_star5/style.png,0.004055447,0.030144176,0.21885507,0.0016562971,0.0006169781,0.00053175946,0.009106573,0.0009775935,0.00049509946,0.00038818916,0.0078414595,0.0008410383,0.0006810734,0.00048818908,0.00859091,0.0009698435,0.0008226967,0.0005689719,0.008697761,0.0010656558,0.00072187814,0.0005289204,0.008649218,0.0010285876,0.00064296456,0.000454458,0.008292826,0.0009441336,0.0007114503,0.0005315135,0.010491259,0.0011799937,0.0006067843,0.0005132594,0.010099417,0.0011675846,0.00056884554,0.0005413303,0.011064948,0.0013965846
4206,/home/jupyter/dent_outputs/isic2019_v2/melanoma/hairs/seed4206/lambda_t_star5/style.png,0.0012712071,0.029808717,0.0762811,0.004436639,0.9994879,0.17499296,0.004942479,0.0023734549,0.9970489,0.1268934,0.007078915,0.0023736367,0.99471384,0.10504612,0.012016371,0.003516053,0.9913727,0.086773284,0.013814463,0.003960641,0.9673094,0.0881976,0.007252433,0.0026670166,0.949552,0.08704827,0.0030271772,0.0018974565,0.8906216,0.089799285,0.002989622,0.0020533164,0.6065015,0.053848345,0.0028147334,0.0020772556,0.1398897,0.037725605,0.0029900868,0.0020045321
4752,/home/jupyter/dent_outputs/isic2019_v2/melanoma/hairs/seed4752/lambda_t_star5/style.png,0.0009440037,0.016860219,0.000754863,0.00025356485,0.09123005,0.024570692,0.005666347,0.004334096,0.93084735,0.0026041707,0.0016894755,0.0011672988,0.0061676535,0.0010219358,0.0051569315,0.0010267729,0.0014856735,0.0019541513,0.005845744,0.001073812,0.0009083066,0.0012794976,0.0045949626,0.00090638647,0.00061011704,0.0007539001,0.0034411591,0.0007003053,0.0004372406,0.0006935886,0.0029573657,0.00087788346,0.00020566728,0.00046041975,0.0034826235,0.00092324044,0.00013680069,0.00041357568,0.0032876076,0.0008021032
4797,/home/jupyter/dent_outputs/isic2019_v2/melanoma/hairs/seed4797/lambda_t_star5/style.png,0.0006263751,0.24543417,0.0022527152,0.002840313,0.09111596,0.054060876,0.008604725,0.007316808,0.23454235,0.045103267,0.00732987,0.007292567,0.19166173,0.0450108,0.0074877506,0.0069055837,0.10396981,0.036163628,0.009263448,0.0053564906,0.032281578,0.03910756,0.010759862,0.0061285817,0.00628276,0.027381962,0.0070732664,0.0044888426,0.0032527805,0.013091961,0.008173026,0.0043855854,0.0010225854,0.007992953,0.0102061825,0.0038175646,0.00045171735,0.005163225,0.010058549,0.003213083
4171,/home/jupyter/dent_outputs/isic2019_v2/melanoma/hairs/seed4171/lambda_t_star5/style.png,0.0047324235,0.14655915,0.0056413095,0.009148367,0.01968452,0.051004205,0.0014952758,0.005657687,0.017589098,0.041765884,0.0017240561,0.0057976735,0.014056984,0.038275134,0.0020052951,0.0073091686,0.008155843,0.027954709,0.0016038448,0.0057245037,0.005040512,0.029645775,0.0012742061,0.004645818,0.005383373,0.03641337,0.0012905115,0.0045956215,0.0020524452,0.02607054,0.00093624933,0.0033761743,0.001303492,0.021159202,0.000629425,0.0026294822,0.0010747536,0.018253453,0.000642203,0.0027272305
4403,/home/jupyter/dent_outputs/isic2019_v2/melanoma/hairs/seed4403/lambda_t_star5/style.png,0.0017008891,0.03150465,0.088736475,0.0014167178,0.9972573,0.0010195023,0.015969863,0.0019124327,0.9983783,0.0010944079,0.017504998,0.0018154063,0.9988895,0.0011439028,0.016960202,0.0017665908,0.999089,0.0010633072,0.011564803,0.0014889132,0.99775785,0.0011286659,0.012724942,0.0021828858,0.9925795,0.001358046,0.009122813,0.0024430102,0.8241886,0.0008286822,0.006782842,0.002049413,0.37697673,0.00085977674,0.0044188458,0.00209667,0.11300067,0.0016656575,0.0050312895,0.003645883
4630,/home/jupyter/dent_outputs/isic2019_v2/melanoma/hairs/seed4630/lambda_t_star5/style.png,0.054364692,0.009460504,0.063247226,0.0042982185,0.9839283,0.0026858463,0.0035289845,0.002004101,0.8710644,0.0025973406,0.0062691863,0.0020770135,0.80407673,0.0061415136,0.009617969,0.0027479697,0.39564005,0.007727804,0.013989537,0.0035981196,0.27130935,0.011814501,0.017445665,0.0035582022,0.18422255,0.016108437,0.02336447,0.003912138,0.015023078,0.014877333,0.022118632,0.0029927378,0.0010234402,0.010261868,0.012770407,0.0018851659,0.00087726465,0.01035778,0.014689692,0.002080419
4985,/home/jupyter/dent_outputs/isic2019_v2/melanoma/hairs/seed4985/lambda_t_star5/style.png,0.013160197,0.009005407,0.0010172025,0.0013086692,0.9513482,0.0022887832,0.017481197,0.0011369193,0.9257396,0.0020393585,0.011784005,0.00078525196,0.75516915,0.0032229607,0.009942476,0.0011518883,0.7465592,0.0034240056,0.007283741,0.0012884843,0.36287573,0.005526271,0.0054817954,0.0014344443,0.2126521,0.0031824743,0.00594815,0.0017540916,0.17085171,0.0019596992,0.0065603354,0.0021728168,0.008254139,0.0013909474,0.010223326,0.0023606296,0.0032278618,0.0010173672,0.010903916,0.0025093823
4415,/home/jupyter/dent_outputs/isic2019_v2/melanoma/hairs/seed4415/lambda_t_star5/style.png,0.00035909828,0.0047952104,0.011587232,0.0011986512,0.9999112,0.0140323425,0.16598053,0.0029434408,0.99961036,0.016067812,0.623257,0.004825408,0.9994344,0.01921411,0.6235297,0.005262297,0.99957496,0.015931005,0.43462664,0.004559199,0.99039906,0.017960407,0.9322636,0.007243979,0.3704503,0.008146857,0.89683914,0.010318131,0.058817327,0.0057167495,0.82641923,0.0052945516,0.0021007934,0.006013116,0.74413335,0.004517133,0.0017165198,0.006807087,0.7330911,0.004583703
4284,/home/jupyter/dent_outputs/isic2019_v2/melanoma/hairs/seed4284/lambda_t_star5/style.png,0.013307567,0.04602441,0.005205169,0.004169223,0.99173975,0.0035458445,0.036183666,0.00391633,0.9993293,0.0032676435,0.021515355,0.002427571,0.9991549,0.010033993,0.037512045,0.003966695,0.99827886,0.02433423,0.06521053,0.0056993235,0.99378395,0.018739559,0.09413697,0.006549579,0.91291946,0.019103475,0.15547718,0.008243681,0.30951938,0.012869597,0.060383394,0.006480869,0.09928292,0.011130187,0.07478481,0.006213426,0.059702188,0.010390559,0.07389102,0.0059723365
4979,/home/jupyter/dent_outputs/isic2019_v2/melanoma/hairs/seed4979/lambda_t_star5/style.png,0.43201065,0.0005150641,0.00021936966,0.00017233887,0.99995947,0.0014267599,0.0015264308,0.00042866994,0.99992156,0.0030264591,0.0035670886,0.00076744525,0.9999417,0.0069965734,0.0036672207,0.0009941814,0.99981266,0.0058247345,0.001530423,0.00084767555,0.99977285,0.0057379915,0.0017818443,0.00072419574,0.9992718,0.009077794,0.0028735623,0.0012757325,0.9952585,0.014258161,0.0020705163,0.0019326112,0.12986197,0.022138456,0.0016670934,0.0025755148,0.04382052,0.018034045,0.0013815594,0.0020409857
4956,/home/jupyter/dent_outputs/isic2019_v2/melanoma/hairs/seed4956/lambda_t_star5/style.png,0.0046138274,0.009213095,0.010422469,0.008636074,0.04261573,0.00086520193,0.0017549093,0.0029553443,0.039684415,0.0007269428,0.0016821816,0.002537846,0.028410217,0.00083712384,0.0017846861,0.0026771533,0.02419979,0.00093197863,0.001996402,0.002971462,0.021926206,0.0009447848,0.001804614,0.0026969393,0.011165373,0.0009664476,0.0021101166,0.0029605897,0.004819783,0.0010855835,0.0028394838,0.0035594348,0.0016816604,0.0015618125,0.003603545,0.0044167424,0.0013462213,0.0014644293,0.003608983,0.0042547323
4649,/home/jupyter/dent_outputs/isic2019_v2/melanoma/hairs/seed4649/lambda_t_star5/style.png,0.00042663387,0.00239116,0.04419474,0.002000724,0.00045257897,0.0038299155,0.059895985,0.0020562098,0.0005097453,0.0038648392,0.06199472,0.0022323795,0.0004577261,0.0034171017,0.06540533,0.0020806647,0.00049433036,0.0032074417,0.06342815,0.0021540024,0.00033993865,0.0026944163,0.067718714,0.0019310749,0.00028874763,0.0026311772,0.062136587,0.002000403,0.0002595831,0.0029423102,0.06721012,0.00199085,0.00020944889,0.0026511787,0.06520804,0.0017566886,0.00016532693,0.0025530148,0.05765965,0.0015185465
4128,/home/jupyter/dent_outputs/isic2019_v2/melanoma/hairs/seed4128/lambda_t_star5/style.png,0.010274923,0.020483369,0.00052114704,0.0003660212,0.9932092,0.0067300075,0.01027392,0.003356843,0.9930084,0.006125817,0.0095858015,0.0029739537,0.99057174,0.0061537507,0.009323594,0.0030178677,0.98473597,0.0047630393,0.0076841274,0.002640422,0.96618783,0.003917532,0.0063778115,0.0024133977,0.08528511,0.0028739432,0.0063058464,0.0030813462,0.007438741,0.002205501,0.0049867295,0.0025318158,0.0045539364,0.0020860257,0.0046951557,0.0024414593,0.0028395378,0.0016542501,0.0045485743,0.0023067037
4455,/home/jupyter/dent_outputs/isic2019_v2/melanoma/hairs/seed4455/lambda_t_star5/style.png,0.00040918504,0.008850717,0.18242125,0.0025705292,0.002737055,0.0008869547,0.0018166025,0.000958537,0.0035541432,0.00192111,0.0032152997,0.0011703466,0.0030438316,0.0022301334,0.003280403,0.0013366096,0.0016221027,0.0021020132,0.0033924666,0.0012205499,0.0011378028,0.0020879644,0.0033000764,0.0011108577,0.0006207231,0.0017599092,0.0040284866,0.0009791189,0.00035971435,0.0018270706,0.005036094,0.0009560015,0.00026337363,0.0022328044,0.0061445734,0.0009463185,0.00021254843,0.0023423957,0.005180172,0.0009003835
4282,/home/jupyter/dent_outputs/isic2019_v2/melanoma/hairs/seed4282/lambda_t_star5/style.png,0.7654163,0.0026678347,0.0011712506,0.0012256545,0.38515845,0.0029736282,0.0034979524,0.0025617469,0.43001643,0.0032176066,0.002009073,0.0020298362,0.4518829,0.0054283,0.0029481594,0.002460959,0.22887999,0.0070963884,0.0034753955,0.0023520521,0.23583311,0.011705088,0.006096586,0.0039604697,0.38098663,0.011117745,0.007866663,0.0068390896,0.27582905,0.008812913,0.0068211374,0.0061270334,0.0785125,0.007922845,0.0073539875,0.006613275,0.02181084,0.004938292,0.0056640753,0.0043933205
4176,/home/jupyter/dent_outputs/isic2019_v2/melanoma/hairs/seed4176/lambda_t_star5/style.png,0.020523448,0.001702699,0.0012489692,0.0022072163,0.97747266,0.03264978,0.009341873,0.005659291,0.9769081,0.008642062,0.00423497,0.0019424582,0.85978925,0.00705604,0.004289336,0.0025644007,0.6444373,0.006164234,0.005177013,0.0033203298,0.27992448,0.005640381,0.0050695757,0.0032377602,0.001454475,0.0028332786,0.002942716,0.0017015468,9.8186436e-05,0.0037658736,0.0036051546,0.0020317507,0.00011250015,0.003857796,0.0034826596,0.0019882075,0.00010702964,0.0027935705,0.003763148,0.0019680161
4907,/home/jupyter/dent_outputs/isic2019_v2/melanoma/hairs/seed4907/lambda_t_star5/style.png,0.0009274375,0.17873919,0.044780657,0.006018781,0.65818846,0.0043748324,0.0017860322,0.0042171855,0.7214147,0.014768483,0.0028084046,0.0056292107,0.70171946,0.009691771,0.0026278396,0.0050404067,0.41537297,0.0073966677,0.0022829238,0.005186243,0.33623534,0.007343793,0.002730398,0.0058404678,0.40650138,0.0066938843,0.002605048,0.0052898424,0.19970068,0.011011883,0.0033048133,0.0062456024,0.013783452,0.008258762,0.0030205601,0.005729769,0.005091316,0.008066747,0.002795569,0.005333599
4008,/home/jupyter/dent_outputs/isic2019_v2/melanoma/hairs/seed4008/lambda_t_star5/style.png,0.0025180276,0.0046922085,0.008658336,0.001651522,0.9996026,0.0021988899,0.04066014,0.0023182451,0.99986506,0.0014143371,0.02829981,0.001301915,0.9997446,0.0017262067,0.024077581,0.0012232857,0.99951386,0.0021338002,0.028291957,0.001299258,0.9988456,0.0022613108,0.025143174,0.0014333165,0.94747263,0.0036202767,0.038527552,0.002885665,0.069660656,0.0030979202,0.034182332,0.002569296,0.0023916515,0.002711584,0.034942515,0.0019182577,0.00073845417,0.0023310683,0.035234526,0.001813936
4023,/home/jupyter/dent_outputs/isic2019_v2/melanoma/hairs/seed4023/lambda_t_star5/style.png,0.70008546,0.49421182,0.0028443323,0.0039640227,0.003813157,0.51202464,0.014146721,0.016401311,0.020362137,0.5184349,0.007441118,0.0144654745,0.033064704,0.6681493,0.004501169,0.009377712,0.026013134,0.55547243,0.00539535,0.009126534,0.010643343,0.37667,0.0045108097,0.008039436,0.0052433438,0.2833586,0.0061960286,0.008679308,0.0033899993,0.22511084,0.006918867,0.008985844,0.0024962588,0.17337123,0.0068212436,0.008793332,0.002004762,0.1698968,0.007986887,0.008990343
4191,/home/jupyter/dent_outputs/isic2019_v2/melanoma/hairs/seed4191/lambda_t_star5/style.png,0.001369962,0.018615197,0.035503455,0.0041566347,0.089645974,0.0012802613,0.007898528,0.0019272446,0.25886095,0.000331698,0.0058007906,0.00047514454,0.034840073,0.0015047137,0.008530507,0.0023502794,0.04768086,0.001481278,0.00764157,0.0023533113,0.07600904,0.0014838143,0.0067021456,0.0022413544,0.0050530867,0.0064423745,0.014863294,0.009421267,0.0059300126,0.0069619785,0.016514454,0.010572708,0.0056247814,0.0068147215,0.015051831,0.010290064,0.004308471,0.0060785823,0.0134387445,0.008402451
4651,/home/jupyter/dent_outputs/isic2019_v2/melanoma/hairs/seed4651/lambda_t_star5/style.png,0.0008877047,0.00086031354,0.026369935,0.0015923483,0.008417418,0.0014460965,0.009417378,0.0022916114,0.009711182,0.0017662167,0.011607193,0.002846811,0.012448898,0.0018441228,0.012469884,0.0030047272,0.015210391,0.001883937,0.0128005,0.0030211448,0.014517742,0.0017821541,0.012133467,0.002952818,0.012215374,0.0020035985,0.010016118,0.0032159614,0.0050569503,0.0020525057,0.010079418,0.0033904323,0.0021614765,0.0016366435,0.009875304,0.0032230495,0.0011143289,0.0012751415,0.00872345,0.0027526962
4995,/home/jupyter/dent_outputs/isic2019_v2/melanoma/hairs/seed4995/lambda_t_star5/style.png,0.009605025,0.0013701877,0.004085184,0.002560061,0.4430155,0.0005181447,0.0017091768,0.0021759516,0.55311346,0.00043400264,0.0015604916,0.0018285495,0.8868491,0.00047304356,0.0016490181,0.0017461011,0.77139705,0.00057959236,0.0021044111,0.0023248363,0.3707867,0.00095860404,0.00473115,0.0035029924,0.014723784,0.0011904688,0.0047509233,0.0062750503,0.0027121543,0.001034251,0.003879526,0.00482596,0.001969502,0.0010233393,0.003925562,0.0047325357,0.0017812101,0.0012013459,0.0050554536,0.0054293345
4229,/home/jupyter/dent_outputs/isic2019_v2/melanoma/hairs/seed4229/lambda_t_star5/style.png,0.1661527,0.019535102,0.0038726123,0.0031644774,0.2997092,0.007676401,0.0019309545,0.005735884,0.119962186,0.011609705,0.0052703926,0.017339626,0.124876454,0.01285951,0.0070490777,0.020293461,0.13974786,0.010997771,0.006771797,0.019524956,0.07836359,0.015724102,0.009714076,0.026126416,0.04124558,0.013055632,0.009405962,0.022645256,0.018810736,0.00814131,0.004277349,0.014084899,0.010417793,0.008802635,0.0041860943,0.012551762,0.008826748,0.0077894093,0.0038955589,0.011895872
4613,/home/jupyter/dent_outputs/isic2019_v2/melanoma/hairs/seed4613/lambda_t_star5/style.png,0.97244203,0.00030917051,0.00030889062,0.00036146026,0.99807835,0.0014917303,0.0031619815,0.0013510288,0.99924076,0.0033958391,0.0047203447,0.0020992702,0.9992066,0.004166911,0.005125501,0.002123832,0.998904,0.0037986722,0.004238966,0.0017615552,0.99783283,0.0031242874,0.003130275,0.0013699372,0.99596137,0.0024717152,0.002416327,0.0012625903,0.7280797,0.0019579858,0.0033821643,0.0031159576,0.29245225,0.0018591896,0.003574158,0.0030589579,0.21184015,0.0020118256,0.0041682804,0.0034819646
4689,/home/jupyter/dent_outputs/isic2019_v2/melanoma/hairs/seed4689/lambda_t_star5/style.png,0.00037212134,0.019523265,0.07180725,0.0015719391,0.61505914,0.002254997,0.0034602254,0.0024199178,0.5154381,0.0016796419,0.003316318,0.0024539698,0.3617962,0.0018923501,0.0034838945,0.002332298,0.14725253,0.0014001263,0.004698395,0.0026953444,0.02845321,0.0009834128,0.0057071415,0.0026028806,0.0017755041,0.00071255973,0.006016394,0.0025345795,0.0017713913,0.00066000456,0.00649478,0.0026445612,0.0014952936,0.0006486044,0.006629484,0.002578779,0.001244352,0.000642623,0.0071717803,0.002653014
4076,/home/jupyter/dent_outputs/isic2019_v2/melanoma/hairs/seed4076/lambda_t_star5/style.png,0.005261698,0.0019480889,0.04237972,0.0015659619,0.97877455,0.001398577,0.0081923995,0.0012928187,0.9817841,0.00095092796,0.013634847,0.00109103,0.9721424,0.0010116661,0.01204956,0.0012329321,0.97696054,0.0013053158,0.01087987,0.0014330728,0.98128754,0.0014025993,0.006596389,0.0010438184,0.030778266,0.0018619532,0.0068276403,0.0022580265,0.009246836,0.0018181136,0.0057127797,0.002252772,0.0077099563,0.0014191294,0.005771454,0.0020242347,0.005241506,0.0012614315,0.0054713474,0.001910445
4155,/home/jupyter/dent_outputs/isic2019_v2/melanoma/hairs/seed4155/lambda_t_star5/style.png,0.0043003536,0.0009200694,0.0045985016,0.0013578397,0.014371369,0.00016355404,0.0034510284,0.00075238856,0.008955619,0.00020095588,0.004921492,0.0009756837,0.009444463,0.0001966542,0.004605734,0.0009673716,0.008023838,0.00022693104,0.005346668,0.0010421094,0.0072704656,0.00023396222,0.005474784,0.001057353,0.0069981795,0.0002704946,0.0054225517,0.001128138,0.00090733095,0.00027604392,0.005764169,0.0010726517,0.0009162381,0.0003103651,0.006585927,0.0011521237,0.00088018476,0.00035249992,0.006978303,0.0012729367
4496,/home/jupyter/dent_outputs/isic2019_v2/melanoma/hairs/seed4496/lambda_t_star5/style.png,0.018241135,0.016468802,0.00025248167,0.00056799635,0.85341555,0.0047788788,0.024692431,0.0043687094,0.9734466,0.0057218936,0.030417146,0.004836033,0.9548127,0.0054578637,0.030484172,0.0047718557,0.9558763,0.004358153,0.025200702,0.004384594,0.96388996,0.0047013834,0.022809064,0.004307943,0.8719334,0.005147729,0.023550423,0.0046060006,0.5145337,0.0035993492,0.020470083,0.003227934,0.15392731,0.0040856595,0.019697653,0.0043364074,0.08086276,0.0034758844,0.016993623,0.0041138344
4834,/home/jupyter/dent_outputs/isic2019_v2/melanoma/hairs/seed4834/lambda_t_star5/style.png,0.1706959,0.010653265,0.012781118,0.0029162627,0.99720347,0.0020077568,0.0051991795,0.0014826568,0.99624556,0.0019005836,0.0066990103,0.0017659192,0.9934291,0.0018181328,0.005311396,0.0019282381,0.9852174,0.0018055324,0.005538333,0.0019790302,0.88581294,0.0017533746,0.0036564835,0.0019875935,0.7626716,0.0017044026,0.0036358573,0.0020857449,0.11635118,0.0016214033,0.004972125,0.0032892283,0.0023700679,0.0013167352,0.0056301956,0.0034834724,0.0020912893,0.001079863,0.006545107,0.0035190012
4249,/home/jupyter/dent_outputs/isic2019_v2/melanoma/hairs/seed4249/lambda_t_star5/style.png,0.0011749839,0.05126366,0.016225036,0.0020663724,0.9993986,0.041196994,0.056515887,0.0073227715,0.9956838,0.029344212,0.010591385,0.004144069,0.993061,0.029039528,0.010543348,0.0042914264,0.9885501,0.025123116,0.011744036,0.004355464,0.9828895,0.01918124,0.009083651,0.0042329137,0.59510833,0.023020037,0.014513145,0.0062812287,0.087894425,0.022288945,0.014829761,0.005044241,0.002615181,0.01265722,0.012200142,0.0033297674,0.0020810477,0.0112070395,0.011435074,0.0028865696
4678,/home/jupyter/dent_outputs/isic2019_v2/melanoma/hairs/seed4678/lambda_t_star5/style.png,0.0030285246,0.00839653,0.02624563,0.0033489987,0.7804247,0.0029280847,0.0020372411,0.0026499145,0.63355935,0.0031028516,0.002202786,0.0030339644,0.48308533,0.0038076234,0.0021830788,0.0032098237,0.1897594,0.0033390946,0.0019213689,0.0031402882,0.066850394,0.0035636143,0.0020866373,0.0031856496,0.0416129,0.0028983594,0.0023516808,0.0032336477,0.0356733,0.0027939861,0.002521934,0.003436348,0.032554872,0.0033372622,0.0025247002,0.0035000658,0.033311848,0.0029338275,0.0024513658,0.0033172746
4934,/home/jupyter/dent_outputs/isic2019_v2/melanoma/hairs/seed4934/lambda_t_star5/style.png,0.0023582277,0.0032602097,0.029992394,0.0012882836,0.5268154,0.00021834113,0.008405415,0.00048121082,0.41924676,0.00024723215,0.0063089156,0.00041119923,0.39063364,0.00027176648,0.006075671,0.0004077649,0.30425802,0.0002847087,0.0064311824,0.00041546783,0.06566196,0.00029343355,0.0064264033,0.0004930715,0.0067623295,0.000263459,0.006763575,0.0006161401,0.0009204284,0.00020832616,0.008217563,0.0005942825,0.00055350276,0.00023536215,0.010644885,0.00067748886,0.000500835,0.00023121484,0.010966547,0.0006733949
4653,/home/jupyter/dent_outputs/isic2019_v2/melanoma/hairs/seed4653/lambda_t_star5/style.png,0.0034051132,0.0066178567,0.003480231,0.0016929591,0.9925121,0.0035734044,0.0020477625,0.0025110182,0.97479725,0.0067677605,0.004451878,0.0062016156,0.9716917,0.0060777585,0.0048420466,0.0060944445,0.9508988,0.006610572,0.0053909044,0.0053244065,0.9059999,0.0070409854,0.0055622607,0.0062314337,0.6665634,0.0067343665,0.0045658667,0.006317327,0.33621493,0.005175611,0.0039691995,0.0051436573,0.025785452,0.0024407103,0.0024399653,0.0029757938,0.014915427,0.0034389766,0.002773556,0.003381208
4388,/home/jupyter/dent_outputs/isic2019_v2/melanoma/hairs/seed4388/lambda_t_star5/style.png,0.005912456,0.0013075805,0.004572996,0.0008379371,0.6655414,0.008668065,0.009166959,0.006954813,0.6716879,0.005943204,0.0050020446,0.0049328427,0.7435221,0.014572374,0.0055093654,0.005993198,0.10213057,0.007536434,0.0050865044,0.008448722,0.08692872,0.009379515,0.0057020914,0.010896868,0.046010476,0.008136587,0.004625532,0.009421378,0.024886917,0.008185951,0.0048624077,0.009727801,0.010504836,0.006141267,0.004686137,0.0080214925,0.0057238415,0.0052516623,0.0044449726,0.0068004327
4027,/home/jupyter/dent_outputs/isic2019_v2/melanoma/hairs/seed4027/lambda_t_star5/style.png,0.00298666,0.012929549,0.02614733,0.0039942334,0.19351207,0.02050253,0.0295408,0.008707427,0.21784206,0.015275768,0.028104221,0.007852648,0.25124162,0.01569418,0.032532763,0.009255268,0.24837926,0.010633212,0.026728367,0.0079333205,0.23160891,0.008808711,0.022061044,0.007310265,0.19606195,0.0056236507,0.017906869,0.006074893,0.033120733,0.0020622527,0.016667267,0.0051750513,0.013982127,0.0012622704,0.013868251,0.0041933893,0.0068958886,0.00094411935,0.013760965,0.0035618944
4679,/home/jupyter/dent_outputs/isic2019_v2/melanoma/hairs/seed4679/lambda_t_star5/style.png,0.058888014,0.0033694215,0.010618216,0.0016854857,0.87561744,0.0066670417,0.000719759,0.0028242923,0.8152027,0.008364942,0.0016510835,0.00729422,0.80837494,0.008408539,0.0014702324,0.006832039,0.71254194,0.008485825,0.0016817509,0.0075627253,0.65212,0.00727019,0.0015870203,0.006935511,0.64581466,0.008010614,0.0015036637,0.0060023577,0.70679474,0.008415631,0.001612536,0.005858669,0.69715005,0.007853228,0.0015198839,0.005356592,0.7228557,0.0083665,0.0015155511,0.005466653
4790,/home/jupyter/dent_outputs/isic2019_v2/melanoma/hairs/seed4790/lambda_t_star5/style.png,0.010114673,0.007880785,0.0010750839,0.00059191906,0.20063752,0.019817181,0.01693355,0.006934992,0.17467512,0.014148017,0.014025647,0.0063061723,0.1669303,0.011314207,0.012648127,0.005657679,0.2655596,0.01047984,0.012465744,0.0053230305,0.28098777,0.01151573,0.012861181,0.00598069,0.12533036,0.009305695,0.011977445,0.0050334646,0.026354855,0.0054853945,0.008949819,0.003442433,0.010739153,0.0052646114,0.007376614,0.0025762024,0.0094871605,0.00492844,0.0064496635,0.0023181438
4266,/home/jupyter/dent_outputs/isic2019_v2/melanoma/hairs/seed4266/lambda_t_star5/style.png,0.15108998,0.008624422,0.0013587277,0.0002847364,0.023048336,0.0016039221,0.0044162204,0.0053749587,0.0295781,0.0017709654,0.005525965,0.006463955,0.0065208464,0.0037346072,0.00572243,0.0076333666,0.010274395,0.0019476523,0.007468211,0.0062888083,0.011037618,0.0019418518,0.008096985,0.0062077814,0.008937498,0.0018534104,0.008667943,0.006102399,0.0065607643,0.0017730767,0.012828471,0.007356571,0.004270101,0.0013678493,0.014269171,0.0076452587,0.0037846987,0.0014196249,0.01833359,0.00911576
4740,/home/jupyter/dent_outputs/isic2019_v2/melanoma/hairs/seed4740/lambda_t_star5/style.png,0.011553471,0.017254887,0.0015631783,0.001498889,0.9956126,0.0018341909,0.12111655,0.0013264618,0.99433005,0.0016260103,0.1175041,0.0012570908,0.9941421,0.001950602,0.15133715,0.0013800762,0.9916011,0.0016435753,0.13369912,0.0012162593,0.9174946,0.0014206445,0.17835948,0.0017246068,0.0035440826,0.00053567457,0.35056973,0.0017793898,0.00079176424,0.00071513874,0.50559074,0.002832515,0.0006802781,0.00063604873,0.5053332,0.002725725,0.00059790787,0.00062425376,0.5713749,0.0027970448
4959,/home/jupyter/dent_outputs/isic2019_v2/melanoma/hairs/seed4959/lambda_t_star5/style.png,0.0007716814,0.025584593,0.0059650117,0.0014328415,0.48120382,0.016328866,0.94519997,0.01707853,0.50391847,0.016706653,0.94008946,0.020104058,0.5101488,0.01482036,0.94477904,0.019087488,0.30963612,0.01540348,0.94738626,0.02387384,0.32155326,0.010909807,0.9385679,0.021113737,0.27044854,0.008509355,0.9320837,0.015443386,0.10164229,0.0070277927,0.8844746,0.012965881,0.0032701183,0.005624019,0.83001894,0.012865631,0.002814238,0.0045878408,0.832488,0.010493843
4291,/home/jupyter/dent_outputs/isic2019_v2/melanoma/hairs/seed4291/lambda_t_star5/style.png,0.10683763,5.261483e-05,0.000693272,0.00015059469,0.75047535,0.010528296,0.00062375504,0.0013967787,0.75959426,0.011124736,0.0007347664,0.0011913679,0.58283633,0.008918027,0.00078276487,0.0011743746,0.07199093,0.016796384,0.0016085858,0.0022118557,0.0010277183,0.016039785,0.0028020793,0.0021090072,0.000546898,0.01596818,0.0026229797,0.0016714225,0.0003875925,0.009060006,0.0024036933,0.0017108708,0.0003054191,0.007075393,0.0025571987,0.0016623021,0.00028379704,0.0054856935,0.003031358,0.0017784644
4906,/home/jupyter/dent_outputs/isic2019_v2/melanoma/hairs/seed4906/lambda_t_star5/style.png,0.00015873168,0.0044705607,0.0019930152,0.00036125322,0.7358711,0.0006743123,0.06642699,0.0018822487,0.29523918,0.00031457827,0.021942262,0.001304603,0.42089808,0.00029887573,0.027045835,0.0010461092,0.54651755,0.00022789136,0.01854923,0.00080406375,0.6009703,0.000498895,0.014403868,0.0013254641,0.5505303,0.0008264537,0.008940366,0.0019156557,0.09487327,0.00067756214,0.009301625,0.0018144093,0.0045074513,0.0006275119,0.007781192,0.0017745518,0.0028162436,0.000563228,0.0076547908,0.0015628702
4117,/home/jupyter/dent_outputs/isic2019_v2/melanoma/hairs/seed4117/lambda_t_star5/style.png,0.0016795555,0.0003453245,0.0044636438,0.0009472106,0.98884434,0.00044661004,0.0008464116,0.00051764876,0.5554741,0.00032153187,0.001114958,0.00070343097,0.20131773,0.0003294123,0.0014398517,0.00085338834,0.0187032,0.0003203963,0.0014008778,0.001033299,0.0012854615,0.00036041683,0.0020251877,0.0011560919,0.0009824352,0.00037912407,0.0019286594,0.0011351499,0.00075061683,0.00041048604,0.0021842136,0.0011551057,0.00065836357,0.00037826484,0.002318403,0.0011054297,0.0005696977,0.00037440815,0.0024371997,0.0011304241
4638,/home/jupyter/dent_outputs/isic2019_v2/melanoma/hairs/seed4638/lambda_t_star5/style.png,0.0029841976,0.015703665,0.04349241,0.0036914232,0.98018104,0.0016392517,0.0049678334,0.0013486228,0.9767339,0.0013578119,0.006063902,0.001296018,0.9695218,0.0011933146,0.006788694,0.0012547713,0.9506469,0.0011425338,0.0049420027,0.0011716506,0.89804596,0.001339056,0.0054693003,0.0015204065,0.6573322,0.0014915968,0.0045040864,0.0018062029,0.09112751,0.0017927209,0.004361481,0.0024991955,0.01730367,0.0018432732,0.0044407584,0.0024716894,0.009864517,0.0019786526,0.004888318,0.0026457023
4263,/home/jupyter/dent_outputs/isic2019_v2/melanoma/hairs/seed4263/lambda_t_star5/style.png,0.013142177,0.0031574038,0.014963621,0.0026383623,0.029153045,0.00028934426,0.0014572415,0.002637114,0.0109065045,0.00033594226,0.0016177316,0.003065704,0.008538015,0.0003404141,0.0018724238,0.0031866264,0.004627078,0.00035970233,0.001993148,0.0030902282,0.0049369307,0.00032388946,0.0020773653,0.0030392031,0.004914272,0.00030360054,0.0021770846,0.0029171116,0.0051466203,0.0002775275,0.0023468705,0.0026692143,0.005232494,0.00025454658,0.0025767034,0.002480616,0.0026999637,0.0003276655,0.003089968,0.0029476157
4150,/home/jupyter/dent_outputs/isic2019_v2/melanoma/hairs/seed4150/lambda_t_star5/style.png,0.00021390182,0.00032828772,0.0024228457,0.00011900566,0.0020597705,0.0008598701,0.001989773,0.00094124017,0.0013047098,0.0011423745,0.0025634726,0.00096771494,0.0012818883,0.0010127447,0.0032401124,0.0010409763,0.0011675011,0.0010005073,0.002947523,0.00094450166,0.0012763287,0.0010051708,0.0032123409,0.0010953925,0.0010527379,0.00093125703,0.0037800418,0.0010187357,0.0008664519,0.00095052127,0.0039764694,0.00093903934,0.0006697339,0.0009121386,0.0044597783,0.0009132357,0.00063556124,0.0009489454,0.0049091307,0.0010159343
4242,/home/jupyter/dent_outputs/isic2019_v2/melanoma/hairs/seed4242/lambda_t_star5/style.png,0.061617583,0.055954594,0.0012875121,0.0010906673,0.9994985,0.03944325,0.0138431415,0.004172253,0.99868006,0.03437286,0.010199619,0.003790795,0.99869066,0.032719668,0.009706867,0.003419433,0.99888796,0.015581524,0.006248643,0.002036369,0.9959739,0.014198298,0.009754557,0.0025375963,0.9879964,0.014736263,0.0071695526,0.0028728107,0.22031604,0.011282679,0.0059042335,0.004270061,0.03923622,0.0068194834,0.0061261943,0.0036641,0.029029427,0.0060907085,0.0055884626,0.0037120075
4019,/home/jupyter/dent_outputs/isic2019_v2/melanoma/hairs/seed4019/lambda_t_star5/style.png,0.00095049955,0.04069008,0.03716933,0.0051313182,0.99885833,0.008338049,0.0052309227,0.0029017185,0.9982414,0.005885274,0.004228663,0.0024697762,0.9980204,0.006547836,0.0038941274,0.0024084237,0.9978935,0.006965049,0.0038369861,0.0024504086,0.99681157,0.008290124,0.0042327004,0.0030695843,0.9871371,0.012085352,0.004944665,0.00449327,0.8495122,0.008400262,0.0073527414,0.0064125834,0.349722,0.008536134,0.008288752,0.008276591,0.20441768,0.0069200527,0.007999913,0.0075307684
4820,/home/jupyter/dent_outputs/isic2019_v2/melanoma/hairs/seed4820/lambda_t_star5/style.png,0.0011458953,0.0069328644,0.79184,0.0062365294,0.95456606,0.09234819,0.113491364,0.02059205,0.93959254,0.0626568,0.13381675,0.02178059,0.92359203,0.044415545,0.15543082,0.02474501,0.88165677,0.04111612,0.10920829,0.023927031,0.44582692,0.06321173,0.111087404,0.029101666,0.19158834,0.055513296,0.09234009,0.027874961,0.041764602,0.033606417,0.07724425,0.017088898,0.011142847,0.022887181,0.045072503,0.014232951,0.0064384104,0.017878152,0.04294342,0.012929999
4981,/home/jupyter/dent_outputs/isic2019_v2/melanoma/hairs/seed4981/lambda_t_star5/style.png,0.0034663163,0.0023773375,0.0012479258,0.0007376348,0.39975002,0.00066304987,0.0044842702,0.003391715,0.480538,0.0006669371,0.004336893,0.0031258513,0.48540375,0.0008431869,0.004837385,0.0034060795,0.52829343,0.0008173968,0.004752053,0.003090284,0.68082386,0.00078563043,0.004524547,0.00275596,0.32434246,0.00086586137,0.004458481,0.0027962776,0.0015323843,0.0033017271,0.01535924,0.010577428,0.0012462124,0.0032303068,0.0147041995,0.010408506,0.0013381783,0.0031507171,0.014732323,0.010456212
4548,/home/jupyter/dent_outputs/isic2019_v2/melanoma/hairs/seed4548/lambda_t_star5/style.png,0.0005521472,0.009335618,0.003576409,0.0027253067,0.9988973,0.000922671,0.000851409,0.000984799,0.9952951,0.0033652897,0.0016274499,0.0017355756,0.9946561,0.0036889939,0.0015707718,0.0017110785,0.99041474,0.0040970235,0.001868401,0.001975887,0.98355067,0.0036583669,0.0021059827,0.0023914343,0.7217407,0.0027367168,0.0023056518,0.002652344,0.2771358,0.0019231555,0.0023925127,0.0028190115,0.012886988,0.0017450774,0.0024628243,0.003140478,0.0014049072,0.0014399635,0.0024820855,0.0027503425
4835,/home/jupyter/dent_outputs/isic2019_v2/melanoma/hairs/seed4835/lambda_t_star5/style.png,0.8763899,0.014248347,0.01677398,0.006093368,0.9983833,0.010621063,0.47476536,0.0073404564,0.9974377,0.009489092,0.51785827,0.007160249,0.99675685,0.009761344,0.45848858,0.007162849,0.9958199,0.011258444,0.5136484,0.008512111,0.99215114,0.011651886,0.54983497,0.009333923,0.9775587,0.009271591,0.5011228,0.007817272,0.64030504,0.0053320406,0.3187949,0.0043652905,0.00014647261,0.0006548142,0.08939166,0.0011706421,0.00021311926,0.0008188464,0.0842483,0.0016667107
4946,/home/jupyter/dent_outputs/isic2019_v2/melanoma/hairs/seed4946/lambda_t_star5/style.png,0.051667,0.0032161404,0.003944069,0.003239715,0.023121858,0.002302153,0.00045051094,0.00061884435,0.02592724,0.004982669,0.00040821178,0.00045273255,0.04107108,0.001404932,0.00057587854,0.00036180607,0.033761866,0.0011910854,0.00058191357,0.0002828915,0.017523974,0.0010284916,0.0014143506,0.0004238494,0.016123844,0.00055312365,0.001305138,0.00035008448,0.0047116876,0.00025211964,0.0007581471,0.00032349632,0.0033577734,0.00015018698,0.0006293569,0.00023095793,0.0022613218,0.00017112646,0.0004991457,0.00020517781
4426,/home/jupyter/dent_outputs/isic2019_v2/melanoma/hairs/seed4426/lambda_t_star5/style.png,0.09985094,0.020109532,0.015806304,0.017649151,0.982646,0.003668167,0.0025824266,0.006235835,0.87475234,0.0046898173,0.0040708957,0.007889225,0.9690026,0.0027681142,0.0019940035,0.00463928,0.54113805,0.005265603,0.0021523363,0.006630288,0.4218224,0.005402678,0.0021546602,0.0067201173,0.26753038,0.004472331,0.002405751,0.007831975,0.27960193,0.0038818482,0.0023006827,0.007530598,0.3087112,0.0037491038,0.0024932579,0.008253702,0.32616213,0.0034277628,0.0025180099,0.0078691235
4773,/home/jupyter/dent_outputs/isic2019_v2/melanoma/hairs/seed4773/lambda_t_star5/style.png,0.0021129388,0.005618694,0.011660311,0.004915177,0.995926,0.009902958,0.004223464,0.0033073244,0.9969104,0.008463547,0.0049004015,0.0035053436,0.99642545,0.008663216,0.0061757397,0.0039014474,0.9955747,0.009620531,0.0074277404,0.0043542916,0.99292094,0.010785996,0.007862987,0.0048589827,0.98244196,0.010122506,0.0075545306,0.005334897,0.93700063,0.009078991,0.0058273445,0.0061502256,0.24229674,0.00703584,0.006735483,0.0091516385,0.032996513,0.0058272234,0.007733811,0.009557535
4848,/home/jupyter/dent_outputs/isic2019_v2/melanoma/hairs/seed4848/lambda_t_star5/style.png,0.008693408,0.009305199,0.907025,0.0036491598,0.007165027,0.0071536996,0.8771764,0.003917478,0.004227111,0.009107623,0.8475994,0.004641106,0.0033143768,0.009009833,0.86090237,0.0050014392,0.002709022,0.007963679,0.9082396,0.0037296645,0.0029901948,0.004699677,0.9251938,0.002771668,0.0031752852,0.0039247484,0.9211933,0.0028953198,0.0029225035,0.003408832,0.9083537,0.002754414,0.0025395413,0.003243738,0.91380996,0.0026485515,0.0022112033,0.0027909041,0.90485543,0.00242672
4812,/home/jupyter/dent_outputs/isic2019_v2/melanoma/hairs/seed4812/lambda_t_star5/style.png,0.001082128,0.048432086,0.014229721,0.0033586686,0.9989039,0.00259636,0.0017182848,0.0015084014,0.99925905,0.0024822683,0.0017280605,0.0014471124,0.9994191,0.0020133033,0.0019082823,0.0013594182,0.9994425,0.0014888892,0.0017400301,0.0012153769,0.9978115,0.0013468284,0.0015666606,0.0014756065,0.9161655,0.002174873,0.002418904,0.0032638311,0.38417047,0.004921294,0.006323113,0.006870188,0.022230377,0.0048140953,0.008304402,0.007622274,0.0071497583,0.0038398162,0.0072007556,0.0059490097
4283,/home/jupyter/dent_outputs/isic2019_v2/melanoma/hairs/seed4283/lambda_t_star5/style.png,0.818954,0.009726579,0.004189439,0.0011047918,0.994381,0.0012092527,0.003974487,0.0023561947,0.9776848,0.0010123223,0.0059592016,0.0016766821,0.9408112,0.0014222926,0.0062441435,0.0017489484,0.86709934,0.0028644144,0.011784416,0.002706655,0.56412685,0.005359962,0.01751695,0.0046048337,0.45311135,0.004252904,0.0075962297,0.004027842,0.23590872,0.004025995,0.004072102,0.0033545624,0.077706546,0.0038361026,0.004330484,0.004160659,0.04731079,0.003016509,0.004114292,0.0036722906
4215,/home/jupyter/dent_outputs/isic2019_v2/melanoma/hairs/seed4215/lambda_t_star5/style.png,0.041565705,0.005556558,0.0009403532,0.0019706122,0.047552466,0.00092314364,0.11187295,0.0020345857,0.029720625,0.0006957445,0.0968945,0.0015600586,0.01323298,0.0004495427,0.071608424,0.0011497966,0.011739194,0.00034231268,0.09512972,0.0008134518,0.02735806,0.00029763195,0.104173936,0.00096951635,0.0005561859,0.0010519625,0.007436125,0.0016650741,0.0005944142,0.0013848467,0.006894439,0.0022105596,0.0005613599,0.001351005,0.006185062,0.0021710827,0.0005318449,0.0012021306,0.0058784764,0.0020875798
4524,/home/jupyter/dent_outputs/isic2019_v2/melanoma/hairs/seed4524/lambda_t_star5/style.png,0.0010852334,0.0608403,0.010080189,0.0022224328,0.93264246,0.023512479,0.0024337764,0.00477062,0.575242,0.022591254,0.0026671977,0.0067203688,0.23033072,0.017271219,0.0020046206,0.005033536,0.17075281,0.014907805,0.0018634904,0.0043832855,0.04315624,0.020610427,0.002054331,0.004247845,0.0044084955,0.015711302,0.0017308374,0.0034995372,0.00044155485,0.0108483,0.0010196271,0.0018890046,0.00028651627,0.008298318,0.0007797903,0.0013388093,0.00018450551,0.0060937866,0.00060951844,0.0009331937
4099,/home/jupyter/dent_outputs/isic2019_v2/melanoma/hairs/seed4099/lambda_t_star5/style.png,0.0029464427,0.03871588,0.0042011607,0.0059782355,0.0123056825,0.030751664,0.0020924918,0.0013503014,0.002259442,0.02296057,0.0035891826,0.0019836314,0.0018362699,0.016100012,0.0046957997,0.0020484135,0.001466626,0.011243654,0.0060696295,0.00220098,0.0012022057,0.0056030103,0.0067136404,0.002179717,0.0009082793,0.0032086314,0.0069127227,0.0020850583,0.000738834,0.0018237795,0.007229241,0.0019585153,0.0007763555,0.0008885281,0.008662777,0.0020863118,0.00073683815,0.00063767814,0.009435109,0.0020547993
4807,/home/jupyter/dent_outputs/isic2019_v2/melanoma/hairs/seed4807/lambda_t_star5/style.png,0.0009200931,0.0006405816,0.009595603,0.0009066193,0.9996871,0.0018730182,0.014279861,0.002075247,0.9995239,0.0017310121,0.01141328,0.0018246322,0.99909425,0.001729947,0.010806046,0.0018681723,0.9985942,0.0020170922,0.010048706,0.002058633,0.99598867,0.0022782625,0.0119039845,0.0024734512,0.88291126,0.0034528344,0.016850775,0.003094038,0.43213093,0.0024244608,0.011712742,0.0020422942,0.022287931,0.0035490256,0.011076682,0.0026091137,0.0016737123,0.0036065215,0.01046011,0.0020207614
4913,/home/jupyter/dent_outputs/isic2019_v2/melanoma/hairs/seed4913/lambda_t_star5/style.png,0.0011329553,0.032342087,0.08708341,0.00503924,0.01809859,0.009426907,0.007550699,0.0024784966,0.23773837,0.009317056,0.011195464,0.005436317,0.75911343,0.006522116,0.012351483,0.0069407187,0.7336403,0.0067228237,0.013504182,0.0070741805,0.6122805,0.0050028944,0.011232495,0.006327399,0.3336277,0.0060303346,0.011990855,0.0069611054,0.07770851,0.0067180996,0.012602145,0.0077880532,0.011996273,0.0056340946,0.014534014,0.0074099763,0.010383213,0.005963912,0.015288648,0.008029894
4625,/home/jupyter/dent_outputs/isic2019_v2/melanoma/hairs/seed4625/lambda_t_star5/style.png,0.021521693,0.025440244,0.1797102,0.004755446,0.99973637,0.019188756,0.042729773,0.0044930787,0.9996381,0.022033483,0.05136544,0.00489416,0.999624,0.018546252,0.043980703,0.004298151,0.9994517,0.019116422,0.047476005,0.0045551863,0.972949,0.015642835,0.05741216,0.005074504,0.05986428,0.010336885,0.037328377,0.0042694607,0.0062448536,0.0076645147,0.022955231,0.0031970434,0.005460854,0.007231542,0.020541983,0.0031367212,0.0051512397,0.0066043716,0.020279892,0.0032297417
4187,/home/jupyter/dent_outputs/isic2019_v2/melanoma/hairs/seed4187/lambda_t_star5/style.png,0.0033897301,0.008237048,0.8891444,0.0072686765,0.98135895,0.008139285,0.7235183,0.014479886,0.97399604,0.00705257,0.75197315,0.012664073,0.9802525,0.0065777237,0.7204619,0.0125335725,0.97928303,0.0057223057,0.7228822,0.01049627,0.98222405,0.005188497,0.7041727,0.009535397,0.97835904,0.005459469,0.5092566,0.006545606,0.8223378,0.0038141913,0.38793555,0.004657368,0.031425238,0.002869013,0.4764943,0.0050689722,0.0056636184,0.0020849789,0.48980945,0.004510414
4703,/home/jupyter/dent_outputs/isic2019_v2/melanoma/hairs/seed4703/lambda_t_star5/style.png,0.32129735,0.003920702,0.001168458,0.00088375714,0.9078476,0.00095501053,0.035357818,0.0024325738,0.8087162,0.0010946149,0.035717133,0.0028809053,0.74276775,0.0010961519,0.039928146,0.0029214933,0.56121904,0.001361525,0.03715284,0.003410864,0.22943124,0.0020349205,0.03044819,0.0047377157,0.046732754,0.002644978,0.029907266,0.004831244,0.014433838,0.0038624147,0.027525593,0.005359688,0.0020543574,0.0032208825,0.019468572,0.0030530526,0.00045099756,0.002735728,0.019386427,0.0021326158
4917,/home/jupyter/dent_outputs/isic2019_v2/melanoma/hairs/seed4917/lambda_t_star5/style.png,0.003506083,0.0065214336,0.02864452,0.003532301,0.9872736,0.0048845294,0.0020628495,0.0019138604,0.98913366,0.005392605,0.001927385,0.0020081305,0.99070776,0.004968177,0.0014886091,0.001894961,0.99180627,0.003964689,0.0013281596,0.0016271903,0.9797534,0.0036594553,0.0013765483,0.0019770616,0.40118477,0.0048443703,0.0015079475,0.002479716,0.18674225,0.0040091276,0.0018285329,0.0027743236,0.07588434,0.0037885103,0.0020175166,0.002940115,0.05162627,0.0040498595,0.0026271383,0.0032275843
4859,/home/jupyter/dent_outputs/isic2019_v2/melanoma/hairs/seed4859/lambda_t_star5/style.png,0.004788354,0.010771837,0.37990737,0.005976771,0.99935013,0.0024309845,0.006082885,0.002072336,0.9994899,0.0027004145,0.008289603,0.0023365372,0.99940336,0.0026455803,0.007931238,0.002369689,0.9990734,0.0030950678,0.007369079,0.0025166257,0.998307,0.0036635099,0.00907111,0.003093298,0.9954104,0.0039699087,0.01047422,0.00434854,0.88854843,0.0017159685,0.005635954,0.0034496854,0.018953435,0.0012046461,0.0068076733,0.0029495514,0.005987296,0.00087436434,0.006811895,0.0020628877
4487,/home/jupyter/dent_outputs/isic2019_v2/melanoma/hairs/seed4487/lambda_t_star5/style.png,0.0018907324,0.13594098,0.0024456566,0.0023747943,0.95863837,0.06454272,0.02026876,0.0021522155,0.82029796,0.03282111,0.012889598,0.0016793589,0.75485253,0.02871779,0.008450707,0.00167865,0.6802345,0.018714191,0.0060626026,0.0011334626,0.6924136,0.017385716,0.0051559014,0.0011083791,0.5860007,0.012607847,0.0050118435,0.0010163892,0.3881965,0.008163415,0.0046186387,0.0009910832,0.08649509,0.006516165,0.004999212,0.0012241319,0.039919857,0.0072792987,0.0051246937,0.0015673991
4267,/home/jupyter/dent_outputs/isic2019_v2/melanoma/hairs/seed4267/lambda_t_star5/style.png,0.0012298011,0.0017457353,0.07351573,0.00081374805,0.999877,0.011375782,0.015044078,0.0015492234,0.99982965,0.02134834,0.0030892293,0.0015740494,0.9997391,0.017471537,0.0030525066,0.0018419245,0.99965274,0.01631529,0.003695819,0.0019577297,0.9991861,0.014877516,0.0036657702,0.0021554735,0.9982198,0.024629595,0.0043856646,0.00277575,0.9881037,0.019463563,0.0037789987,0.00231788,0.89286524,0.01677498,0.0038264662,0.002572091,0.856562,0.012210732,0.0036227922,0.0021913312
4560,/home/jupyter/dent_outputs/isic2019_v2/melanoma/hairs/seed4560/lambda_t_star5/style.png,0.01878934,0.027484534,0.0019602252,0.001665533,0.9922043,0.0014946609,0.014064137,0.0032699644,0.99056,0.0025141933,0.017550439,0.003949224,0.98249996,0.0019791177,0.01685757,0.0036031662,0.97654563,0.0018762293,0.019622143,0.003557431,0.9696363,0.0017716233,0.015972225,0.003038338,0.8524938,0.0016835394,0.015431208,0.0033163417,0.08210927,0.00091878604,0.008620855,0.0019724858,0.0009042261,0.00082892587,0.011312618,0.0017490042,0.00033539248,0.0005451374,0.007957367,0.0012811627
4325,/home/jupyter/dent_outputs/isic2019_v2/melanoma/hairs/seed4325/lambda_t_star5/style.png,0.04744799,0.004141179,0.0024134654,0.0030742981,0.99954623,0.010466774,0.5483662,0.0057509034,0.9985241,0.010782043,0.56329435,0.0065296963,0.9954333,0.012926551,0.6669758,0.0070666554,0.9875479,0.016930826,0.6639593,0.009351357,0.9585554,0.023950964,0.64003956,0.008925925,0.91855794,0.02787591,0.6534896,0.00848534,0.0044435738,0.018566208,0.5876195,0.0075017284,0.0020907728,0.01816296,0.6730892,0.007611198,0.0020910287,0.020375183,0.6926126,0.0084272465
4315,/home/jupyter/dent_outputs/isic2019_v2/melanoma/hairs/seed4315/lambda_t_star5/style.png,0.002119816,0.063355505,0.003189744,0.0014292927,0.99574405,0.003227661,0.0011474191,0.0012562518,0.99323785,0.0015517982,0.00083781686,0.0009984087,0.9938751,0.0015746707,0.0008156244,0.0009466751,0.99307126,0.0012317793,0.0009017959,0.00091009034,0.99007076,0.0018260796,0.0010218215,0.0011948512,0.9351247,0.002288758,0.0016429158,0.0019312946,0.007495093,0.0030025297,0.0035386865,0.004949038,0.0035390262,0.0023824582,0.0037716364,0.0041757175,0.0023611113,0.002740534,0.004651594,0.0053168405
4018,/home/jupyter/dent_outputs/isic2019_v2/melanoma/hairs/seed4018/lambda_t_star5/style.png,0.0006887006,0.007253872,0.0012024203,0.0006092989,0.99631196,0.003156751,0.007835923,0.0025270502,0.9924704,0.0027218952,0.014456932,0.0029186863,0.96306807,0.0025742182,0.022718852,0.004568167,0.9480932,0.0025750091,0.01939717,0.004451863,0.940382,0.0025206471,0.020798156,0.0043544923,0.8922194,0.0026499233,0.017451035,0.0038842882,0.7805592,0.0031193607,0.008446884,0.0035621163,0.6744787,0.0031923873,0.005723014,0.0032089928,0.5413514,0.00270459,0.0062387493,0.0029836756
4654,/home/jupyter/dent_outputs/isic2019_v2/melanoma/hairs/seed4654/lambda_t_star5/style.png,0.59992504,0.008614745,0.010736246,0.0031354513,0.98977834,0.004037949,0.012133765,0.0014548919,0.9918241,0.006270886,0.0066668023,0.0013269798,0.9926045,0.001639628,0.005646113,0.0012390097,0.9894035,0.0025218118,0.0038104027,0.0011848317,0.98731726,0.0026691977,0.0030078916,0.0011406661,0.9873799,0.003615654,0.0029927692,0.0012019875,0.95125467,0.0020574664,0.0035135797,0.0012866234,0.61729044,0.0014360682,0.0048569865,0.0018263994,0.41712043,0.001176148,0.0043684626,0.0016335953
4887,/home/jupyter/dent_outputs/isic2019_v2/melanoma/hairs/seed4887/lambda_t_star5/style.png,8.4659456e-05,0.006830887,0.020278152,0.0009765122,0.9288256,0.007113621,0.00046197276,0.0020387636,0.9982653,0.0040132864,0.0006898239,0.0009906457,0.9981244,0.0063601737,0.00059683574,0.0009391051,0.9948015,0.0080661755,0.00042433065,0.001151041,0.9614305,0.0050503807,0.0005800292,0.0012638194,0.6488735,0.013886979,0.00077548675,0.0026118027,0.24167559,0.013713578,0.0011756608,0.00322413,0.10841854,0.029336696,0.0023447068,0.005626203,0.06236542,0.027126776,0.0019538195,0.004740012
4228,/home/jupyter/dent_outputs/isic2019_v2/melanoma/hairs/seed4228/lambda_t_star5/style.png,0.011645616,0.010727244,0.0012488437,0.0017017137,0.4898326,0.00071619585,0.0018410077,0.00048089764,0.46774286,0.0012308934,0.0026287832,0.000576717,0.29194334,0.0011146644,0.0024968928,0.00056804315,0.07430318,0.0021342176,0.0030273038,0.0009818499,0.0041419514,0.010678669,0.0030590293,0.0017602157,0.0029103928,0.013203108,0.003249004,0.0015906026,0.0023265711,0.010188731,0.0028100584,0.0013139459,0.0016444582,0.008489087,0.002807124,0.0011835486,0.0011867338,0.007853526,0.0029619415,0.0013811877
4294,/home/jupyter/dent_outputs/isic2019_v2/melanoma/hairs/seed4294/lambda_t_star5/style.png,0.881859,0.005032077,0.0015256017,0.0010393517,0.73728395,0.0016203129,0.0022612195,0.0025496122,0.9068296,0.0011547684,0.0023018639,0.0025027927,0.8961568,0.0016619143,0.002567951,0.0027529383,0.7857763,0.0016353336,0.0025342552,0.002596019,0.2764915,0.0016296122,0.0038637158,0.0038258375,0.025856487,0.0015460801,0.0040450008,0.0051215854,0.010746436,0.0017681706,0.004881684,0.007235089,0.00599907,0.0017059539,0.0063315346,0.009593455,0.004953849,0.0016651588,0.0067234,0.009711237
4880,/home/jupyter/dent_outputs/isic2019_v2/melanoma/hairs/seed4880/lambda_t_star5/style.png,0.0026631558,0.01251561,0.061980005,0.004595434,0.9679117,0.0012307614,0.00087570335,0.0010038151,0.97556597,0.0012282085,0.0009278145,0.0010106445,0.97256655,0.0009868061,0.0008147757,0.00091681804,0.96242124,0.0008505932,0.0010035489,0.001001065,0.91211194,0.000931021,0.0012756275,0.0011791689,0.6648737,0.0009863629,0.001680265,0.001519018,0.016469937,0.001754094,0.0032390272,0.0028156904,0.0146186715,0.0016622356,0.003448889,0.0030656003,0.01221603,0.001419992,0.0035910916,0.0030662157
4961,/home/jupyter/dent_outputs/isic2019_v2/melanoma/hairs/seed4961/lambda_t_star5/style.png,0.0020835665,0.010239223,0.050444126,0.0023008324,0.97823447,0.04940219,0.0018501088,0.0043798094,0.9761948,0.015829442,0.00096242165,0.0025707642,0.9748657,0.016435731,0.0010370935,0.0031816214,0.97754544,0.016640194,0.0010481662,0.0031843886,0.97846985,0.032230742,0.0021370791,0.005034348,0.9657993,0.052417424,0.002414918,0.005401474,0.96472764,0.073448904,0.0027950373,0.006130978,0.96698654,0.07653998,0.0029864486,0.0062786047,0.963126,0.07159007,0.0031982926,0.0066927522
4271,/home/jupyter/dent_outputs/isic2019_v2/melanoma/hairs/seed4271/lambda_t_star5/style.png,0.015404714,0.03410853,0.0044237785,0.0016783744,0.10962167,0.0024971932,0.015913432,0.0015044078,0.1130899,0.0027635992,0.0116282245,0.0021137553,0.0728291,0.0023464798,0.011979674,0.0019009508,0.0710264,0.0031354036,0.012695348,0.0019273142,0.05106933,0.0019792004,0.011396292,0.0016336412,0.011644847,0.0016346198,0.0062694447,0.0020602127,0.010010924,0.0017853862,0.0074352943,0.002545369,0.0020225663,0.0021550376,0.012093314,0.00349002,0.0012577411,0.0019616857,0.012398741,0.0030139233
4303,/home/jupyter/dent_outputs/isic2019_v2/melanoma/hairs/seed4303/lambda_t_star5/style.png,0.0065677455,0.06849132,0.0004114994,0.00061066856,0.08682168,0.9937802,0.0031399822,0.0025974198,0.047530457,0.9892994,0.0057638655,0.005929987,0.042448275,0.96665335,0.0069134566,0.0063550198,0.052996993,0.92209005,0.00862263,0.0070676757,0.04796681,0.85429674,0.010158873,0.0072322297,0.02987956,0.8222998,0.0093744965,0.0058151996,0.015209297,0.8286325,0.009469258,0.0054858914,0.010522814,0.8423517,0.0097704,0.006041414,0.0081973905,0.8140151,0.009510152,0.00560028
4393,/home/jupyter/dent_outputs/isic2019_v2/melanoma/hairs/seed4393/lambda_t_star5/style.png,0.0030678078,0.0006416078,0.00074880966,0.0010524467,0.09641691,0.00032634617,0.001579282,0.0021580707,0.105504885,0.0004394452,0.0018910591,0.0028697744,0.10023339,0.0004655083,0.001888529,0.0029111167,0.08450972,0.00043904592,0.001886832,0.0028697934,0.021961918,0.00056722027,0.0024249235,0.004118792,0.027139032,0.00067442056,0.0023049146,0.0045371153,0.011663109,0.0006610051,0.002775535,0.004648491,0.006854556,0.0008111715,0.0032337075,0.0054389066,0.0042607123,0.00080988096,0.003343501,0.0054728524
4469,/home/jupyter/dent_outputs/isic2019_v2/melanoma/hairs/seed4469/lambda_t_star5/style.png,0.43087116,0.00039215543,0.0026599627,0.00026690683,0.29554167,0.00038005953,0.07101856,0.0009852345,0.26539555,0.00042355797,0.05233069,0.0010107937,0.1996319,0.00043024117,0.07119703,0.0011286454,0.14606129,0.00039144428,0.0593644,0.001074964,0.19031757,0.00026376164,0.05707459,0.000896001,0.06721308,0.00019527882,0.033250112,0.00073096715,0.00206315,0.000429064,0.0327975,0.0014461707,0.00042757133,0.0004927236,0.03657356,0.0016840701,0.00034809596,0.00047943482,0.038652327,0.0014886772
4328,/home/jupyter/dent_outputs/isic2019_v2/melanoma/hairs/seed4328/lambda_t_star5/style.png,0.0008521577,0.51528925,0.0019610932,0.0021763719,0.95696926,0.004905743,0.0013727025,0.0012591088,0.9514978,0.0018409947,0.003125918,0.00095044926,0.8697323,0.0026852463,0.007218131,0.0011009187,0.8501385,0.0026941972,0.0038368937,0.0009261708,0.28064895,0.111298926,0.002646859,0.0030120183,0.00079482736,0.03043627,0.0006619506,0.0006957537,0.00064458896,0.02382957,0.00050540717,0.0005987359,0.00071846205,0.02590242,0.0008831413,0.0008461113,0.00060837594,0.02690866,0.00092744856,0.0008257307
4486,/home/jupyter/dent_outputs/isic2019_v2/melanoma/hairs/seed4486/lambda_t_star5/style.png,0.021389771,0.0013247405,0.0036652703,0.0012852253,0.9990728,0.0015549568,0.007083227,0.0018991162,0.9979175,0.0019097287,0.004286327,0.0022059933,0.9971734,0.0015209061,0.0038767129,0.001989401,0.97801936,0.0021226257,0.003349169,0.003359245,0.6046873,0.004374764,0.006632031,0.008864854,0.030222077,0.005094237,0.010553078,0.010988933,0.0049178367,0.0037108562,0.007023847,0.006410803,0.0030540614,0.0027438358,0.005999721,0.0046259398,0.002202322,0.002555284,0.0064166985,0.004290919
4095,/home/jupyter/dent_outputs/isic2019_v2/melanoma/hairs/seed4095/lambda_t_star5/style.png,0.6285842,0.005294858,0.00058862194,0.00045370116,0.69246763,0.5014988,0.001096986,0.004752177,0.97282356,0.46840772,0.0018098578,0.0031525255,0.9837504,0.33912346,0.0016861653,0.0032426605,0.8910293,0.5400848,0.0029761079,0.004235131,0.6630553,0.7297715,0.0024460452,0.0026404157,0.502557,0.801925,0.0026421328,0.0027591635,0.42086792,0.69432306,0.0017227869,0.0021505123,0.069598556,0.8816746,0.0017231412,0.0020463704,0.054083645,0.86631244,0.0017133475,0.0018432015
4794,/home/jupyter/dent_outputs/isic2019_v2/melanoma/hairs/seed4794/lambda_t_star5/style.png,0.0005958212,0.0014929012,0.114254855,0.0016963553,0.7839349,0.0026724634,0.11613228,0.0028027804,0.67604816,0.0022734476,0.1552832,0.0021916316,0.5275179,0.0022716345,0.17543453,0.0018250246,0.093818724,0.0019381534,0.04706511,0.0020971799,0.048775047,0.0013889492,0.042317413,0.0017385001,0.021714203,0.0010242523,0.040812194,0.0017872627,0.014208513,0.0014328818,0.057751432,0.00199409,0.0070967106,0.0011585557,0.046180043,0.0018594771,0.0078625595,0.0009738425,0.046798013,0.001550658
4409,/home/jupyter/dent_outputs/isic2019_v2/melanoma/hairs/seed4409/lambda_t_star5/style.png,0.0021953585,0.0012423972,0.050068233,0.0009780672,0.8916006,0.0023588224,0.0050070714,0.00079702603,0.87160116,0.0025060663,0.004902541,0.00084073585,0.8539474,0.0024536185,0.005102582,0.0008856922,0.7836232,0.0023647917,0.006367998,0.0008779031,0.81307244,0.0023307377,0.00811493,0.0009767942,0.7118898,0.0018025939,0.0072112936,0.000830967,0.008610528,0.0011411927,0.015022126,0.0009670495,0.0046926937,0.0009923181,0.0144968955,0.00091045024,0.00355735,0.0010236168,0.018309867,0.0009975533
4976,/home/jupyter/dent_outputs/isic2019_v2/melanoma/hairs/seed4976/lambda_t_star5/style.png,0.004924688,0.0026861774,0.021108756,0.00419425,0.9061103,0.0032807614,0.030443748,0.0037061279,0.7116874,0.0026444255,0.017639728,0.0028006302,0.77514595,0.0023090448,0.015539585,0.0025922032,0.6840937,0.0020363987,0.01588289,0.0023231017,0.09953792,0.0028814645,0.012123705,0.0024409718,0.0072611216,0.002068724,0.0077920486,0.0022113696,0.0007211613,0.002745569,0.010945986,0.0018247137,0.00040752065,0.0024449783,0.012827063,0.0014437098,0.00039771968,0.0025874204,0.012066823,0.001590854
4997,/home/jupyter/dent_outputs/isic2019_v2/melanoma/hairs/seed4997/lambda_t_star5/style.png,0.006855806,0.004146017,0.057340782,0.0041860924,0.0070194923,0.0028046067,0.3189416,0.0026109335,0.010305723,0.0032510913,0.4107525,0.0029120315,0.0071436106,0.0039832406,0.3428431,0.003181307,0.0046162107,0.0036342407,0.32513428,0.0028512403,0.0028362507,0.0030387626,0.27026924,0.0022030293,0.0015808422,0.0026607027,0.19509652,0.0017825171,0.0008702858,0.0019638585,0.19501093,0.0016736988,0.0004664244,0.0014329249,0.2104355,0.0018033433,0.0002668188,0.0013686304,0.2481768,0.0018471024
4514,/home/jupyter/dent_outputs/isic2019_v2/melanoma/hairs/seed4514/lambda_t_star5/style.png,0.0008084141,0.008672164,0.22952864,0.0074032694,0.30282953,0.015444494,0.006314314,0.0049917884,0.5254253,0.010262575,0.0072211865,0.0044767344,0.46104163,0.010702403,0.0077247736,0.0046230867,0.49465612,0.012154662,0.0071582254,0.004851541,0.38233885,0.010693486,0.0064115715,0.004937362,0.28095925,0.012704764,0.0056215767,0.005897215,0.09157854,0.009180759,0.006557971,0.0067043365,0.0040591774,0.008521868,0.0072672353,0.0064696204,0.0036623843,0.0086032925,0.0072151585,0.0062598684
4344,/home/jupyter/dent_outputs/isic2019_v2/melanoma/hairs/seed4344/lambda_t_star5/style.png,0.0007483213,0.35472122,0.0010727992,0.0015625154,0.99971074,0.003649238,0.1838804,0.0028405346,0.9995485,0.0039992696,0.21061641,0.0031275665,0.99873716,0.0036645911,0.28110248,0.0033413437,0.9974687,0.0039939736,0.26928535,0.0033328037,0.997811,0.0032035809,0.2856917,0.0027732316,0.9967175,0.0030815485,0.19003512,0.0017964587,0.6788006,0.00959429,0.4835465,0.0046028276,0.012938748,0.011815631,0.48529094,0.004896752,0.0061444426,0.011191822,0.5014414,0.0045395344
4513,/home/jupyter/dent_outputs/isic2019_v2/melanoma/hairs/seed4513/lambda_t_star5/style.png,0.017110232,0.013762932,0.0020468954,0.0026834921,0.9966149,0.0048869452,0.0016319156,0.00072078756,0.99333316,0.0046170717,0.0013677666,0.000707929,0.9897732,0.0029824118,0.0014371093,0.000756669,0.9776244,0.006252763,0.0014669326,0.00097498903,0.96747166,0.0036737567,0.0019242136,0.00096408604,0.7606578,0.0014268155,0.0013503997,0.00076830655,0.069683194,0.001274336,0.0017216317,0.0008517425,0.0049715047,0.0012043908,0.002612164,0.0012029851,0.004166337,0.0010604237,0.0025582241,0.0011213078
4573,/home/jupyter/dent_outputs/isic2019_v2/melanoma/hairs/seed4573/lambda_t_star5/style.png,0.001515738,0.17706871,0.0012346838,0.0010605418,0.054351017,0.00063582504,0.007177402,0.002691018,0.023880197,0.0005465593,0.0077210143,0.0025345385,0.01877785,0.0005654837,0.008617556,0.0026684806,0.017657336,0.00054011296,0.006399172,0.0024075166,0.060158957,0.0009450652,0.0052323225,0.0032030055,0.04141795,0.0010584419,0.0028429788,0.0022491524,0.0059023416,0.0016088285,0.0033284097,0.0027559823,0.0025904053,0.0013102338,0.0037603765,0.0027098297,0.0020198375,0.001011047,0.003759905,0.0025763775
4843,/home/jupyter/dent_outputs/isic2019_v2/melanoma/hairs/seed4843/lambda_t_star5/style.png,0.0002985217,0.050912786,0.034438457,0.008329233,0.9993851,0.0067351824,0.0047150855,0.0024473765,0.99905246,0.0069188727,0.0041793673,0.0024764414,0.9984407,0.0058564176,0.0035859155,0.002420399,0.99762446,0.005659538,0.003828435,0.0025718452,0.99022406,0.0052943584,0.0041029225,0.0032991827,0.9397904,0.0031492542,0.0027946772,0.002874054,0.090968676,0.0039404253,0.003978149,0.005096805,0.02236302,0.004486293,0.003989672,0.0051712357,0.013078526,0.0049369894,0.004512442,0.0056975805
4978,/home/jupyter/dent_outputs/isic2019_v2/melanoma/hairs/seed4978/lambda_t_star5/style.png,0.00047141002,0.0046075336,0.096250154,0.0016390099,0.94028354,0.0005275795,0.0044286996,0.0015976646,0.8998312,0.0004914937,0.004984095,0.0017024672,0.6421068,0.00045693244,0.0069310395,0.0018578344,0.5359524,0.0004347403,0.0071776807,0.0021333576,0.3416487,0.0002984583,0.0049430793,0.0015609978,0.29857087,0.00040387985,0.005523751,0.0016315924,0.09922394,0.00033583242,0.0048156083,0.0015118748,0.0072461325,0.00028591292,0.006860908,0.0013632508,0.0004684234,0.00033212706,0.012798898,0.0020794948
4138,/home/jupyter/dent_outputs/isic2019_v2/melanoma/hairs/seed4138/lambda_t_star5/style.png,0.0048150825,0.47266036,0.0016295749,0.0017811743,0.29803428,0.025756294,0.30213237,0.011774064,0.23277041,0.02317578,0.2896355,0.011403074,0.11426713,0.02226011,0.2882877,0.010913301,0.09027418,0.015598417,0.20209028,0.00855509,0.011493318,0.011329232,0.17401476,0.007575409,0.0021688568,0.01164668,0.17893818,0.0093520675,0.0016045476,0.00858991,0.17115499,0.009634229,0.0014262926,0.007631448,0.16634327,0.009371521,0.0014255708,0.007948188,0.16866729,0.010142871
4644,/home/jupyter/dent_outputs/isic2019_v2/melanoma/hairs/seed4644/lambda_t_star5/style.png,0.00024907218,0.0015323166,0.024272082,0.0012674031,0.99864227,0.0017321026,0.007729911,0.0010385321,0.99801874,0.0011562973,0.0062149754,0.0010421805,0.9982994,0.0012142002,0.0048643094,0.0009095884,0.9979457,0.0011435394,0.0031401196,0.0007630265,0.9976833,0.0009494423,0.0026853993,0.00074570486,0.98637295,0.0015279382,0.0027005172,0.0013318665,0.8179637,0.0028746538,0.0038471734,0.003254576,0.06610422,0.0045022313,0.0069825863,0.005860772,0.022552988,0.0032403602,0.0070254006,0.004556224
4470,/home/jupyter/dent_outputs/isic2019_v2/melanoma/hairs/seed4470/lambda_t_star5/style.png,0.0011159115,0.069624014,0.14494984,0.0036054286,0.99949133,0.00084195007,0.0016762224,0.00079855334,0.9993436,0.00082139956,0.0014861559,0.00076157396,0.99938226,0.0007563275,0.001625771,0.00070164265,0.9977163,0.0008596035,0.0017568626,0.0009173759,0.9975847,0.00097372325,0.0025199363,0.0011523438,0.94856113,0.0020509486,0.005335079,0.003291368,0.021545961,0.002812356,0.009133635,0.006130583,0.0057293396,0.0023970762,0.0153578045,0.005851264,0.0045449706,0.0021130545,0.017798753,0.0058672014
4038,/home/jupyter/dent_outputs/isic2019_v2/melanoma/hairs/seed4038/lambda_t_star5/style.png,0.011421492,0.011775672,0.005374867,0.0021429465,0.988138,0.0058060074,0.026020782,0.0031587533,0.96342885,0.005043653,0.018198045,0.0033344228,0.945831,0.0060113403,0.018878799,0.00411781,0.9091467,0.004804038,0.0177638,0.0043461914,0.94188166,0.0027189855,0.013653207,0.0033026203,0.8596638,0.003100574,0.01564262,0.0047575,0.6813523,0.003317256,0.01569332,0.005710663,0.16362408,0.0034196116,0.012097308,0.005944912,0.061784558,0.0036104547,0.013313831,0.006333521
4516,/home/jupyter/dent_outputs/isic2019_v2/melanoma/hairs/seed4516/lambda_t_star5/style.png,0.00051886676,0.012510436,0.011461814,0.004726978,0.9229746,0.0024575642,0.001109678,0.0021347203,0.8372344,0.0027455636,0.0012926924,0.0025175738,0.8512356,0.0023139578,0.0011741817,0.0022260062,0.78920496,0.0029195673,0.001418543,0.0027202878,0.6688547,0.003007744,0.0014075227,0.0028838573,0.37717238,0.0035275158,0.0020515234,0.0038821471,0.1528262,0.0029565445,0.002664756,0.004076862,0.037544623,0.0042807073,0.003860146,0.006351498,0.008596171,0.0031698777,0.0034461827,0.005139055
4012,/home/jupyter/dent_outputs/isic2019_v2/melanoma/hairs/seed4012/lambda_t_star5/style.png,0.012820224,0.038966168,0.0015387873,0.0019982576,0.9442794,0.09087971,0.0028417355,0.0042366213,0.95913476,0.08534188,0.0025362475,0.00335477,0.95355976,0.08296228,0.0029216127,0.0037311953,0.90528315,0.05684175,0.0027471818,0.0038809557,0.69546396,0.04480746,0.0033663483,0.004635745,0.26599297,0.024681253,0.002698969,0.0042142128,0.10008328,0.017027248,0.0027245458,0.0046768966,0.015737059,0.012547324,0.003083512,0.0050917007,0.008392234,0.011115533,0.0036476448,0.005222486
4437,/home/jupyter/dent_outputs/isic2019_v2/melanoma/hairs/seed4437/lambda_t_star5/style.png,0.008541564,0.10148322,0.0035460535,0.0024644919,0.09380601,0.024223993,0.013941721,0.01211473,0.12522168,0.02905377,0.017730368,0.014640868,0.1493524,0.03411787,0.019349039,0.016289871,0.12190187,0.029668285,0.019816807,0.014634128,0.09695139,0.019697912,0.01816364,0.013410452,0.05481765,0.011204964,0.016377535,0.011574144,0.06920329,0.0070088343,0.0140855545,0.009625126,0.036976255,0.005163421,0.015002179,0.008691362,0.027288474,0.0045220843,0.016453039,0.007871986
4592,/home/jupyter/dent_outputs/isic2019_v2/melanoma/hairs/seed4592/lambda_t_star5/style.png,0.008444732,0.059419546,0.053518485,0.006591373,0.9978461,0.013082557,0.005294268,0.0029612288,0.9981579,0.012106332,0.004928136,0.0027540843,0.9981729,0.01125155,0.0049577197,0.0027673827,0.998052,0.008845561,0.004262343,0.0024170014,0.9967374,0.0069403504,0.003442446,0.0022482001,0.99451786,0.0070439205,0.0028581861,0.002036422,0.98310053,0.006758721,0.002605048,0.002005865,0.6949353,0.009131633,0.0033124997,0.0027375903,0.49730888,0.007023462,0.0033775833,0.0027012879
4039,/home/jupyter/dent_outputs/isic2019_v2/melanoma/hairs/seed4039/lambda_t_star5/style.png,0.0007958342,0.0032509568,0.5956714,0.00090206624,0.04423987,0.0009264797,0.14266694,0.0027444789,0.031248517,0.000980663,0.16611998,0.0029903853,0.03918986,0.001037187,0.18187338,0.003434105,0.0064044343,0.0009730987,0.19485132,0.0032257668,0.0005171285,0.0010520673,0.21327177,0.003217252,0.00049424457,0.0011256551,0.22101939,0.0031634504,0.00030258315,0.00089708285,0.18751192,0.0022491114,0.0002915996,0.00075425615,0.17458881,0.0022872277,0.0002713483,0.00067190954,0.17297743,0.002268469
4383,/home/jupyter/dent_outputs/isic2019_v2/melanoma/hairs/seed4383/lambda_t_star5/style.png,0.012548506,0.053419854,0.15622567,0.0025347385,0.9977089,0.0036019392,0.0057793227,0.0018872335,0.99849486,0.0021136608,0.0032589824,0.0014976427,0.99764097,0.0014987576,0.0026429384,0.0014338318,0.99744993,0.0015662273,0.0027734756,0.0015572708,0.99521625,0.001894064,0.0034274096,0.0019749159,0.90332925,0.0013902991,0.0045071775,0.002705139,0.11786616,0.0009617442,0.0041900002,0.0025023678,0.010226537,0.0006881869,0.0044003283,0.0025653315,0.003890487,0.0006630872,0.005038001,0.0028793924
4408,/home/jupyter/dent_outputs/isic2019_v2/melanoma/hairs/seed4408/lambda_t_star5/style.png,0.41572818,0.0041948534,0.0005727622,0.0010418395,0.97359294,0.010767133,0.05986925,0.00532116,0.9645358,0.0105324695,0.042537387,0.003671396,0.8951421,0.016107326,0.052608863,0.0050584334,0.6061382,0.0180002,0.0589518,0.0063515035,0.24889494,0.024999216,0.06712427,0.008250568,0.100469135,0.02927271,0.055721175,0.009838818,0.03289962,0.023527753,0.03757247,0.0077426597,0.008611207,0.019947354,0.025466327,0.0053563183,0.0058609643,0.012568411,0.018790781,0.0037396671
4253,/home/jupyter/dent_outputs/isic2019_v2/melanoma/hairs/seed4253/lambda_t_star5/style.png,0.002537832,0.03147558,0.004558223,0.0022028743,0.99777323,0.0016000463,0.0014704703,0.0013627477,0.997013,0.0016406531,0.0015923127,0.0014319345,0.99612206,0.0014936435,0.0014427161,0.001406221,0.9939044,0.0014679234,0.0015354033,0.0015935274,0.98555213,0.001025506,0.0012307627,0.001453725,0.866227,0.000844972,0.0011607895,0.0015423415,0.025991954,0.0008189147,0.0015839323,0.0017511243,0.0025587063,0.0011288535,0.003433312,0.0020453902,0.0020472207,0.001265651,0.0036027043,0.0021041748
4479,/home/jupyter/dent_outputs/isic2019_v2/melanoma/hairs/seed4479/lambda_t_star5/style.png,0.008403472,0.005255652,0.023530671,0.0021292008,0.99814296,0.005198132,0.0068790093,0.0031614483,0.99757427,0.0045241714,0.0063583357,0.0028371827,0.99750406,0.0042235865,0.0061984365,0.0026288393,0.99770665,0.004286987,0.0062333737,0.002578573,0.99719787,0.00416947,0.005144262,0.0023540447,0.9945345,0.004718394,0.0041104234,0.0023730914,0.9077468,0.0052106627,0.005037502,0.0025147446,0.72356206,0.0074247066,0.0066363267,0.004073307,0.48078936,0.008526486,0.006612238,0.004805967
4869,/home/jupyter/dent_outputs/isic2019_v2/melanoma/hairs/seed4869/lambda_t_star5/style.png,0.30273253,0.0008441451,0.00076856575,0.0007182139,0.003164425,0.0010424927,0.0066706724,0.001381793,0.0041262074,0.0013334939,0.007508225,0.0017094429,0.0045632385,0.0014389169,0.011478434,0.0017443931,0.0033589639,0.0014397866,0.010592555,0.0015860421,0.0029066936,0.0012086355,0.008926317,0.0013604673,0.0030092099,0.0018237542,0.008915175,0.0016225183,0.003219629,0.0018022303,0.0074256975,0.0014933883,0.0028208846,0.0018160865,0.008601125,0.0015067841,0.0026671842,0.001797272,0.00899228,0.0015082102
4766,/home/jupyter/dent_outputs/isic2019_v2/melanoma/hairs/seed4766/lambda_t_star5/style.png,0.0034840186,0.10534175,0.9654209,0.018161215,0.99846834,0.02227985,0.6542913,0.011310394,0.9953655,0.025884897,0.7475815,0.015364748,0.99486583,0.022229828,0.72690696,0.013768844,0.993451,0.029443974,0.68028456,0.015955012,0.98529065,0.02593719,0.74532837,0.01599347,0.9484807,0.024956405,0.7201121,0.016914904,0.68783087,0.021320459,0.6485853,0.013197952,0.028776295,0.01577497,0.66602725,0.0114416415,0.004069494,0.019870969,0.6671978,0.010890677
4574,/home/jupyter/dent_outputs/isic2019_v2/melanoma/hairs/seed4574/lambda_t_star5/style.png,0.0005146641,0.00178135,0.010163924,0.0014157608,0.9999852,0.000493925,0.0043336456,0.00035347466,0.9999738,0.0007797869,0.007880586,0.00065694895,0.9998988,0.00065166876,0.005816956,0.00073875865,0.9997682,0.0004464739,0.0030720078,0.0005299932,0.99876165,0.000461464,0.0024441178,0.0007070484,0.992134,0.00061430066,0.0038070453,0.0012595449,0.4577726,0.0012622139,0.006463227,0.002600192,0.142387,0.0009615793,0.006152505,0.0027296203,0.046908673,0.0007184767,0.0055959024,0.0018514134
4711,/home/jupyter/dent_outputs/isic2019_v2/melanoma/hairs/seed4711/lambda_t_star5/style.png,0.40278885,0.0022673598,0.0041095098,0.0012353419,0.954957,0.0066435225,0.07204966,0.027252374,0.92485493,0.003154849,0.034373302,0.008080732,0.90557593,0.002904584,0.032356605,0.007478493,0.88184536,0.0030875397,0.033163223,0.009111243,0.8495533,0.0031900564,0.023894738,0.008369706,0.0423832,0.002020342,0.02575475,0.0101160575,0.02261095,0.0010001961,0.010911391,0.004843262,0.00056365813,0.001463749,0.013885949,0.0070815133,0.00042889966,0.001682124,0.015251056,0.0074886894
4454,/home/jupyter/dent_outputs/isic2019_v2/melanoma/hairs/seed4454/lambda_t_star5/style.png,0.0039158985,0.24135862,0.00425999,0.0018069475,0.93287116,0.8600331,0.0014406437,0.0014024136,0.7459244,0.9589822,0.00051820045,0.00071107416,0.798706,0.9046306,0.00029412002,0.0004926623,0.77523434,0.89268523,0.00033870712,0.00056618644,0.69488966,0.91409135,0.00056978327,0.00092140597,0.5360066,0.90047085,0.0007499855,0.0014081756,0.12841943,0.92150545,0.0009916882,0.0021192692,0.0073451214,0.91770446,0.001192714,0.0023131147,0.0064193504,0.8840848,0.0012670459,0.0025648542
4244,/home/jupyter/dent_outputs/isic2019_v2/melanoma/hairs/seed4244/lambda_t_star5/style.png,0.0002127751,0.28329834,0.0013838059,0.0009011904,0.81512326,0.001631715,0.0046908013,0.00086228276,0.6239846,0.0015276204,0.0045808274,0.0009440307,0.013320083,0.002202086,0.007911691,0.0015151434,0.0077429167,0.0022129864,0.00973787,0.0013851534,0.0054512285,0.0023927176,0.013853678,0.0015288361,0.0036362563,0.002849357,0.01745712,0.0017450765,0.0010477299,0.00272193,0.019282907,0.0017396219,0.00042480923,0.001978129,0.018557148,0.001430955,0.00034109352,0.0017228248,0.01687362,0.0012925891
4372,/home/jupyter/dent_outputs/isic2019_v2/melanoma/hairs/seed4372/lambda_t_star5/style.png,0.99740005,0.0018157397,0.00017763942,0.0003111986,0.9992162,0.0036074521,0.06389395,0.0015786678,0.9990262,0.003170922,0.07388565,0.0016658091,0.99895155,0.0022165258,0.067039445,0.0014683931,0.99870884,0.00244917,0.057287946,0.0015937171,0.9983688,0.0019323849,0.048758943,0.0015078771,0.99769634,0.0022767533,0.03690998,0.0017390671,0.98734295,0.0026123691,0.024697702,0.0023823723,0.63349515,0.0038508868,0.021769704,0.0035403932,0.34946284,0.0038658932,0.020634629,0.0036031804
4734,/home/jupyter/dent_outputs/isic2019_v2/melanoma/hairs/seed4734/lambda_t_star5/style.png,0.0017447119,0.0141818095,0.075369604,0.01521985,0.9939318,0.0008725649,0.005354868,0.0021994906,0.993958,0.00086939184,0.006189117,0.0021066463,0.99059373,0.0011298227,0.007589069,0.0029352463,0.88060474,0.0012392817,0.0069470047,0.004031118,0.8130338,0.0011088733,0.004853277,0.0034125957,0.76585597,0.0016687257,0.0044857324,0.004146415,0.3497534,0.0022021953,0.0040577664,0.005582204,0.033639755,0.003601725,0.005972939,0.009542578,0.007641407,0.0029340743,0.005715649,0.008189865
4436,/home/jupyter/dent_outputs/isic2019_v2/melanoma/hairs/seed4436/lambda_t_star5/style.png,0.008633148,0.0084272865,0.062176857,0.010691769,0.99993896,0.0036902817,0.031141222,0.0013278471,0.999466,0.0046713487,0.027351797,0.002613708,0.9994603,0.004544122,0.029538566,0.0024471716,0.99937326,0.00423676,0.019421997,0.002179348,0.99930954,0.0037593462,0.0164361,0.0018232508,0.9977679,0.004340125,0.014671035,0.00161216,0.99066925,0.0028881992,0.008128729,0.0012679036,0.91335315,0.0035078563,0.007971507,0.0014787376,0.76980376,0.0038170188,0.012117892,0.0018009354
4438,/home/jupyter/dent_outputs/isic2019_v2/melanoma/hairs/seed4438/lambda_t_star5/style.png,0.00012154734,0.0041029463,0.021880971,0.0010383788,0.993842,0.00084527564,0.003742888,0.0008697556,0.99210125,0.00086266693,0.003906955,0.00095536414,0.9881088,0.00077352097,0.0037544256,0.000952635,0.98334527,0.00078190764,0.0037035246,0.0010218113,0.95035267,0.00063601776,0.0036437998,0.0011208839,0.64404464,0.00052685983,0.0043328037,0.001404629,0.01548574,0.00025884464,0.0036866898,0.0011582716,0.00926726,0.00029228124,0.0050765746,0.0014145687,0.0028104577,0.0002829174,0.006207605,0.0017515519
4804,/home/jupyter/dent_outputs/isic2019_v2/melanoma/hairs/seed4804/lambda_t_star5/style.png,0.88069993,0.004809349,0.00017185611,0.00014994574,0.9978503,0.0063989535,0.00037826592,0.0011985542,0.99576855,0.0054424303,0.00042320866,0.0017003727,0.99535394,0.0047845407,0.00041795438,0.0016871803,0.9742357,0.008638214,0.000858049,0.0026046205,0.9475169,0.00457966,0.0006632904,0.002202173,0.93939304,0.0042756116,0.0005709181,0.0016936363,0.94835645,0.0049381424,0.000577886,0.0017353954,0.9473848,0.0046686865,0.00053745846,0.0017008178,0.93524677,0.00550301,0.0006367775,0.0019723452
4205,/home/jupyter/dent_outputs/isic2019_v2/melanoma/hairs/seed4205/lambda_t_star5/style.png,0.02101731,0.2906358,0.091627814,0.045469463,0.9968516,0.0014064106,0.023618728,0.0012742917,0.99475443,0.001954425,0.016422024,0.0012289071,0.9916797,0.0013550583,0.025795,0.0011498514,0.98992914,0.0012793099,0.020068545,0.0011539508,0.99210465,0.0010877739,0.01330025,0.0010854893,0.98897296,0.0008528226,0.008313324,0.0008057707,0.4961273,0.0032306798,0.02385352,0.0043298015,0.0775344,0.004066903,0.0254423,0.005447156,0.025974525,0.0030511545,0.01782291,0.0043366957
4464,/home/jupyter/dent_outputs/isic2019_v2/melanoma/hairs/seed4464/lambda_t_star5/style.png,0.00025939825,0.002823778,0.016391188,0.0014383032,0.99675614,0.005107222,0.0035484063,0.0021186692,0.99095273,0.0091624465,0.0039922385,0.0034707368,0.98957646,0.009033639,0.0059771133,0.003917305,0.97762877,0.0065596453,0.0049775653,0.0038163827,0.9916161,0.0070480434,0.0058456697,0.004404127,0.9470331,0.007033468,0.0061547477,0.004947868,0.021112476,0.005071833,0.005533915,0.0042687533,0.0016476475,0.0038004213,0.005461196,0.0034387414,0.0012127489,0.0038827148,0.006594815,0.0034570093
4724,/home/jupyter/dent_outputs/isic2019_v2/melanoma/hairs/seed4724/lambda_t_star5/style.png,0.85751915,0.0007765471,0.0012226333,0.0004977,0.0077855256,0.0004099032,0.10335822,0.0009909134,0.0053380607,0.00042837378,0.14067097,0.0009105318,0.0011384251,0.0004139602,0.16931608,0.0010356929,0.0005352915,0.0003695093,0.17308645,0.0010139555,0.00027217745,0.0003388179,0.16577597,0.0010171464,0.00024869418,0.0003572653,0.18669651,0.0009732595,0.00026127076,0.00037020724,0.1757006,0.00097062497,0.00020728279,0.00031731752,0.18050566,0.0008002673,0.00017295819,0.00029744246,0.16243105,0.00082061056
4881,/home/jupyter/dent_outputs/isic2019_v2/melanoma/hairs/seed4881/lambda_t_star5/style.png,0.0067636813,0.0020359969,0.025863959,0.0014783166,0.92648673,0.007043,0.02400539,0.004616982,0.89392555,0.006568735,0.02371458,0.0047819144,0.88878155,0.0062164683,0.024244387,0.004490198,0.892245,0.006293656,0.024029214,0.0043950295,0.90252054,0.0062260204,0.01940769,0.003887666,0.9504824,0.005542908,0.01159358,0.0030621514,0.36302584,0.0038108516,0.008800878,0.0034315358,0.12553677,0.0027590296,0.009355603,0.0033327227,0.03048927,0.002622012,0.009657576,0.0033291378
4042,/home/jupyter/dent_outputs/isic2019_v2/melanoma/hairs/seed4042/lambda_t_star5/style.png,0.0017305013,0.39324552,0.07162417,0.023242958,0.0004930431,0.0024853947,0.015183922,0.00095296826,0.00035939846,0.0020888925,0.01862152,0.00086433644,0.00032027476,0.0018109989,0.017318305,0.0007702392,0.00029248948,0.001908207,0.023157483,0.0007667734,0.00025306878,0.001883462,0.02637405,0.0007570227,0.00020905942,0.0019297898,0.027499199,0.00075742754,0.00018312562,0.0016776224,0.025220513,0.0007352004,0.0001599136,0.0014990852,0.023170494,0.0006948526,0.0001642675,0.0015361792,0.023330476,0.0008374366
4631,/home/jupyter/dent_outputs/isic2019_v2/melanoma/hairs/seed4631/lambda_t_star5/style.png,0.02454367,0.018219791,0.0009497273,0.0025603191,0.5719785,0.00026090659,0.0010838974,0.0007712109,0.9272773,0.0005952479,0.0017983691,0.0012577872,0.9936493,0.0017369724,0.0038268114,0.0025210045,0.99096113,0.0015532558,0.0036940111,0.0024884383,0.9517884,0.0010051391,0.0036806923,0.0025779428,0.4900663,0.0014576266,0.004968415,0.00378247,0.01885889,0.0013685771,0.005641871,0.004227824,0.0024326525,0.0015165666,0.007464599,0.0045042625,0.0011785907,0.0015903611,0.00790464,0.00409924
4194,/home/jupyter/dent_outputs/isic2019_v2/melanoma/hairs/seed4194/lambda_t_star5/style.png,0.0019052087,0.023881566,0.032372236,0.0032864283,0.98618615,0.0060497615,0.008041095,0.0035516028,0.98232883,0.0063698483,0.00784621,0.003511123,0.97251105,0.0063812546,0.008943545,0.0040952647,0.9436724,0.0060808905,0.009009484,0.005076758,0.7142189,0.004940901,0.0066027767,0.0053610834,0.030301608,0.00646364,0.008118843,0.0065767774,0.0035559472,0.0063356548,0.008002351,0.004929637,0.0039681382,0.0056358366,0.0074203922,0.0048897495,0.0033929714,0.004984615,0.0072443117,0.004462112
4475,/home/jupyter/dent_outputs/isic2019_v2/melanoma/hairs/seed4475/lambda_t_star5/style.png,0.0041246205,0.11791086,0.00068605965,0.00070135645,0.99860626,0.006177467,0.0038554259,0.0025553762,0.9981388,0.0057844925,0.004184147,0.0028336127,0.998442,0.0056088287,0.004090517,0.0025134962,0.99823356,0.00530362,0.004318832,0.0025089455,0.99734145,0.0054887095,0.004019474,0.0026404257,0.994001,0.005127101,0.0037705745,0.0026952557,0.9424145,0.0061120717,0.005498776,0.0038086006,0.043118097,0.0035137234,0.0054834723,0.0020346553,0.00068047416,0.004113311,0.008244425,0.0018084008
4552,/home/jupyter/dent_outputs/isic2019_v2/melanoma/hairs/seed4552/lambda_t_star5/style.png,0.010210491,0.01737963,0.0056209476,0.0013769397,0.54888535,0.009818445,0.59493554,0.0037742408,0.0043864185,0.005863462,0.38155594,0.0031693985,0.0051977173,0.006474777,0.44762886,0.0033041744,0.004441912,0.005123508,0.39214858,0.0027813867,0.003700779,0.0046928413,0.42419016,0.0026437943,0.0026620608,0.004907729,0.39309716,0.0022858332,0.0021711004,0.004497199,0.39598545,0.0024407962,0.0016758163,0.004611631,0.4328875,0.002734707,0.0010639329,0.0038312697,0.47793397,0.0028795893
4952,/home/jupyter/dent_outputs/isic2019_v2/melanoma/hairs/seed4952/lambda_t_star5/style.png,0.000614183,0.01336569,0.0077840774,0.0014484208,0.549645,0.004376324,0.014610288,0.0027104393,0.04419799,0.0024924562,0.018473135,0.0021907203,0.006695686,0.0033608512,0.017858388,0.0026114439,0.002072772,0.0037301301,0.013095461,0.0023534815,0.0016381207,0.004328273,0.0131611265,0.0024778554,0.0015150179,0.0037824484,0.013452741,0.0021259997,0.0013808998,0.0032346991,0.012744103,0.0020797104,0.0014326975,0.0035797257,0.0134939775,0.0023125855,0.0011719062,0.0034232798,0.014680584,0.0023473788
4222,/home/jupyter/dent_outputs/isic2019_v2/melanoma/hairs/seed4222/lambda_t_star5/style.png,0.28808352,0.003782161,0.07590845,0.002670103,0.29927307,0.00074040465,0.0054871817,0.001815783,0.23870958,0.0006633656,0.0050087487,0.0018165421,0.15598312,0.0005618875,0.0034900415,0.0016371345,0.07974797,0.00055966555,0.0039967876,0.0019862887,0.20197853,0.0004736238,0.0032003182,0.0013719641,0.30564767,0.00045999838,0.0025698533,0.0011615006,0.0011812797,0.00023768675,0.0024249326,0.0011451882,0.0011965318,0.00023570101,0.0023387158,0.0011725192,0.0010014843,0.00022645315,0.0026285306,0.0012528403
4121,/home/jupyter/dent_outputs/isic2019_v2/melanoma/hairs/seed4121/lambda_t_star5/style.png,0.017533273,0.3863486,0.006476489,0.008307965,0.9997124,0.0054473546,0.004577869,0.0017509642,0.9997743,0.006224256,0.0061905957,0.0019536687,0.9982515,0.0041333754,0.008764221,0.00278851,0.99808514,0.0049045514,0.005693641,0.0025028668,0.9968928,0.006470337,0.0060796137,0.004559285,0.99366176,0.0057785586,0.0048945057,0.004251227,0.77243924,0.00871774,0.00804571,0.006334331,0.20113981,0.0067450786,0.010203563,0.007457858,0.10503189,0.0056315036,0.010612207,0.0066041993
4260,/home/jupyter/dent_outputs/isic2019_v2/melanoma/hairs/seed4260/lambda_t_star5/style.png,0.035988964,0.02300651,0.0019404986,0.0017147427,0.7354684,0.025619242,0.8903272,0.027779153,0.89735687,0.031231597,0.9116257,0.019766828,0.91278607,0.021183206,0.82540685,0.016437002,0.9294448,0.026367046,0.89464295,0.02223714,0.90466595,0.0315235,0.9098457,0.02223189,0.5770597,0.038891472,0.9283564,0.034184426,0.03558937,0.02487588,0.7934557,0.03953713,0.0033025935,0.020951629,0.8529069,0.058424223,0.0036252455,0.025830772,0.90784603,0.06350646
4719,/home/jupyter/dent_outputs/isic2019_v2/melanoma/hairs/seed4719/lambda_t_star5/style.png,0.0015817321,0.091865666,0.0020734644,0.0022781845,0.028855113,0.028947169,0.020238068,0.0030021886,0.024664627,0.021674737,0.02622319,0.002901812,0.024863912,0.017335184,0.029189404,0.004503668,0.015994295,0.009310145,0.026157996,0.0038028911,0.01082871,0.0053923284,0.015208455,0.0031593961,0.0050035515,0.003327306,0.008959505,0.0029416531,0.0050611096,0.0030079717,0.01635097,0.0030913316,0.0034954555,0.002333347,0.020135678,0.0030357607,0.0027385224,0.0019777354,0.024216292,0.0027808626
4373,/home/jupyter/dent_outputs/isic2019_v2/melanoma/hairs/seed4373/lambda_t_star5/style.png,0.0023173313,0.011521995,0.02925341,0.0047819642,0.9822447,0.0035889256,0.010993691,0.004145149,0.9925466,0.0031750784,0.012725948,0.00401419,0.9937325,0.003459282,0.011896438,0.003987247,0.9943282,0.0036622712,0.008742677,0.0037329118,0.99350786,0.0040514627,0.0059903753,0.0040669786,0.987056,0.0042945878,0.0046218554,0.0043367697,0.86595356,0.0051822346,0.0050924155,0.006844776,0.13153762,0.004453854,0.005145954,0.0077929846,0.0460261,0.004740178,0.0054788045,0.008035965
4888,/home/jupyter/dent_outputs/isic2019_v2/melanoma/hairs/seed4888/lambda_t_star5/style.png,0.0008906683,0.0031628266,0.012055211,0.002326734,0.0031009377,0.0018364569,0.008527611,0.004140943,0.0029553236,0.001806926,0.0094088465,0.0046384167,0.0020508147,0.0019988318,0.008280172,0.003874524,0.0014094375,0.0018563725,0.007846729,0.0033488427,0.0010966611,0.0016743945,0.0073538767,0.0032881906,0.0008971611,0.0016362071,0.0062233917,0.0029714832,0.0010419706,0.0016688036,0.0044326494,0.0024484373,0.0009989181,0.0016615853,0.0042626164,0.002502938,0.0009572233,0.0017175619,0.0055010295,0.0032693227
4662,/home/jupyter/dent_outputs/isic2019_v2/melanoma/hairs/seed4662/lambda_t_star5/style.png,0.08879041,0.052757956,0.0018273741,0.003537997,0.93633634,0.0022786963,0.00076827686,0.0007692548,0.7513527,0.0074430583,0.0035022118,0.0014832095,0.9155477,0.00291793,0.004668773,0.0013898516,0.78723156,0.0042066663,0.006219769,0.0017773693,0.4343009,0.0024811032,0.0051875003,0.0015979216,0.048314855,0.0025130252,0.0019658494,0.0016296766,0.017086815,0.0008848474,0.00038380112,0.00084012526,0.0014278698,0.0002254991,0.00013407234,0.0004494191,0.0004364696,0.00020996254,0.00013252939,0.00042267886
4398,/home/jupyter/dent_outputs/isic2019_v2/melanoma/hairs/seed4398/lambda_t_star5/style.png,0.07017442,0.11098181,0.0036797954,0.0031636925,0.99990785,0.001589984,0.016371626,0.0010562395,0.9998814,0.0015863888,0.011364971,0.0010365794,0.99985373,0.0014869431,0.01034382,0.0009959874,0.9998276,0.0012352332,0.007191132,0.0007520843,0.99854255,0.00057027384,0.0044812122,0.0006187001,0.9731952,0.0004271517,0.0016681429,0.00064957683,0.14553495,0.001916283,0.00429357,0.0052142036,0.032064952,0.0015765656,0.003043222,0.0037552014,0.020194102,0.0013593807,0.0024787572,0.0035313815
4622,/home/jupyter/dent_outputs/isic2019_v2/melanoma/hairs/seed4622/lambda_t_star5/style.png,0.23045434,0.053232986,0.0021651408,0.0019562284,0.015490639,0.0032504702,0.10795561,0.0023936317,0.012847906,0.003341001,0.10620125,0.0022337884,0.011467326,0.0036512217,0.10674631,0.0018926763,0.008792634,0.0030299646,0.09314948,0.0015370732,0.01125458,0.003042638,0.106709026,0.0015186657,0.011329702,0.0020988008,0.05451656,0.0013466734,0.015110236,0.0017078869,0.022590054,0.0012963025,0.011079111,0.0014200028,0.015105481,0.0013603753,0.006835036,0.0012640632,0.016235095,0.0011729377
4347,/home/jupyter/dent_outputs/isic2019_v2/melanoma/hairs/seed4347/lambda_t_star5/style.png,0.0012376887,0.0647368,0.0015667762,0.0011934981,0.8173724,0.0018328364,0.017905377,0.0031500298,0.87662953,0.0036201647,0.02648365,0.0055768597,0.9044243,0.0030578414,0.019276433,0.0045277844,0.9414279,0.004328009,0.017415822,0.0047188555,0.9566023,0.0042249584,0.009505338,0.0035976751,0.9231849,0.009819757,0.010444983,0.005624323,0.7842015,0.008496946,0.0072291694,0.0059227957,0.2989908,0.002801697,0.003247763,0.0050447416,0.12099611,0.0023910427,0.0041966625,0.005141113
4075,/home/jupyter/dent_outputs/isic2019_v2/melanoma/hairs/seed4075/lambda_t_star5/style.png,0.0107237585,0.11856971,0.0032192802,0.0011942812,0.11440904,0.034159113,0.009131835,0.011144466,0.114786305,0.03361922,0.013658472,0.014296361,0.14720757,0.031607293,0.0116779925,0.013529564,0.117752194,0.03354964,0.011158163,0.011606165,0.057954412,0.03883132,0.008639946,0.009497423,0.042065017,0.02863074,0.005349334,0.006298575,0.018241586,0.05048421,0.007968265,0.008945215,0.011789998,0.058554947,0.010602703,0.010840868,0.0078029535,0.05543716,0.010062828,0.01061712
4787,/home/jupyter/dent_outputs/isic2019_v2/melanoma/hairs/seed4787/lambda_t_star5/style.png,0.0006202524,0.005736795,0.008667361,0.00091755914,0.62184566,0.001698339,0.004266476,0.0020363193,0.37570345,0.0018533779,0.0061318995,0.0022752264,0.31682664,0.001831578,0.006120121,0.0025426087,0.36272526,0.0019683833,0.0058403513,0.002215347,0.3453964,0.0021904432,0.005976125,0.0023025966,0.4449155,0.0021508436,0.0046490803,0.002287491,0.39356282,0.002804604,0.004920808,0.00270764,0.18606539,0.0027484088,0.005309273,0.003094594,0.08717822,0.0019701733,0.0057423133,0.0026498288
4216,/home/jupyter/dent_outputs/isic2019_v2/melanoma/hairs/seed4216/lambda_t_star5/style.png,0.0008383012,0.008368245,0.106799625,0.0036163826,0.99797887,0.008559662,0.08861639,0.0024471288,0.99831486,0.0064011365,0.05244434,0.0016991007,0.9977239,0.0053169015,0.05246215,0.0015262854,0.9960252,0.005158091,0.055357277,0.001553619,0.9873275,0.0071495017,0.06314562,0.002293195,0.7485977,0.00801897,0.04845449,0.0030372373,0.009227968,0.005961388,0.029220201,0.0028847489,0.00065636315,0.0041766055,0.03157724,0.0030421244,0.00054292474,0.004096082,0.030849276,0.0027801648
4208,/home/jupyter/dent_outputs/isic2019_v2/melanoma/hairs/seed4208/lambda_t_star5/style.png,0.0037934408,0.027380265,0.19141395,0.022069333,0.99543566,0.023978423,0.0028062447,0.0051389406,0.99411845,0.026651362,0.0045448146,0.008151605,0.99322,0.042506132,0.015619371,0.01696735,0.98723686,0.047977526,0.018888442,0.020858645,0.9876095,0.067994684,0.023829,0.021141294,0.9688205,0.03664862,0.019544028,0.01511027,0.6346957,0.022822492,0.013918424,0.0077913324,0.18240654,0.016223978,0.015718015,0.007236014,0.02035182,0.012561055,0.014417812,0.0063594566
4709,/home/jupyter/dent_outputs/isic2019_v2/melanoma/hairs/seed4709/lambda_t_star5/style.png,0.0005123832,0.0028281289,0.004274077,0.00068849383,0.9904997,0.014019028,0.022669991,0.0041857306,0.98523813,0.016265683,0.027237443,0.0046426766,0.9861714,0.017227078,0.02899875,0.005119076,0.98577464,0.018535076,0.023953311,0.005376856,0.9904055,0.02013571,0.019654067,0.0043927184,0.9844409,0.034828383,0.02783144,0.007161222,0.5582106,0.028076805,0.03331988,0.0078095747,0.0026988548,0.022842914,0.056265317,0.008457003,0.0019298538,0.0215522,0.058319137,0.0078521175
4591,/home/jupyter/dent_outputs/isic2019_v2/melanoma/hairs/seed4591/lambda_t_star5/style.png,0.0016160244,0.00050754123,0.020631652,0.0012721769,0.9961312,0.00035404728,0.001587547,0.0004735597,0.9283238,0.00041675087,0.0022099107,0.00082773477,0.98995346,0.00021865549,0.0010515688,0.00037915408,0.98782593,0.0002924914,0.0012153359,0.00045047828,0.9915888,0.00032989503,0.0012626082,0.0005174988,0.43214676,0.00044291813,0.002769456,0.0015003362,0.24087901,0.00047256923,0.002986487,0.0011771921,0.011030988,0.00053728535,0.0043068286,0.0021327548,0.0032724894,0.0004583524,0.0041140495,0.002024074
4849,/home/jupyter/dent_outputs/isic2019_v2/melanoma/hairs/seed4849/lambda_t_star5/style.png,0.5767899,0.031603053,0.0014279534,0.00094267627,0.99963665,0.017380517,0.021020414,0.005248027,0.9997054,0.01309209,0.031022338,0.0049357205,0.9997222,0.009942579,0.034434963,0.0049176477,0.9997069,0.008647104,0.028719008,0.0046272557,0.9995117,0.007974653,0.02479864,0.004736985,0.9984143,0.006092389,0.01846978,0.004942624,0.9725776,0.0054281293,0.01748064,0.0056830747,0.8822178,0.0042150053,0.018992119,0.005755453,0.78062916,0.0038867076,0.017391052,0.005116614
4149,/home/jupyter/dent_outputs/isic2019_v2/melanoma/hairs/seed4149/lambda_t_star5/style.png,0.9606372,0.004430096,0.014108166,0.002476108,0.6007876,0.0020206997,0.01581719,0.0028777062,0.40069517,0.008095955,0.05915213,0.0040516527,0.3188402,0.0076063764,0.0654943,0.0039349603,0.26230648,0.008144707,0.07302425,0.0036759109,0.17619732,0.008225152,0.07395663,0.0034636802,0.14987971,0.008746314,0.06723628,0.0032983455,0.021525418,0.0072578327,0.036994748,0.003180004,0.0007675919,0.013078611,0.03724378,0.004202094,0.00063476455,0.011116246,0.034626793,0.003975724
4330,/home/jupyter/dent_outputs/isic2019_v2/melanoma/hairs/seed4330/lambda_t_star5/style.png,0.028246526,0.06376777,0.00087759027,0.0012568329,0.037001587,0.001367566,0.011572705,0.0028931524,0.07384269,0.0064752437,0.011235901,0.00463834,0.03470169,0.010329191,0.013609175,0.004308749,0.015812691,0.008226864,0.0152876,0.004540188,0.0070719467,0.006567814,0.016207637,0.00418135,0.0031760246,0.0045648525,0.02330233,0.0038384502,0.0019142166,0.0027182538,0.021503765,0.003353831,0.0015696656,0.0015145534,0.017436406,0.0026559872,0.0012083834,0.0012564181,0.018253665,0.002724239
4565,/home/jupyter/dent_outputs/isic2019_v2/melanoma/hairs/seed4565/lambda_t_star5/style.png,0.01099783,0.022605924,0.017141132,0.0026510162,0.4867717,0.068655714,0.00069409603,0.001991975,0.43192887,0.03716805,0.0005184729,0.001581586,0.3084584,0.037848227,0.000604957,0.0018427812,0.20917481,0.028531125,0.00071305427,0.0024536394,0.014528764,0.07971675,0.00063122297,0.0019167482,0.005600928,0.1607231,0.00087025424,0.0025075495,0.002408221,0.22440499,0.00080923404,0.0022516889,0.0013976265,0.237296,0.00076050137,0.0019007851,0.0010301302,0.28720912,0.00096206594,0.0022362384
4637,/home/jupyter/dent_outputs/isic2019_v2/melanoma/hairs/seed4637/lambda_t_star5/style.png,0.008490802,0.04191053,0.049515598,0.013976684,0.1573062,0.0055078943,0.0019229752,0.0068998635,0.15813132,0.005683942,0.0018875703,0.006881287,0.12689932,0.005708196,0.001990976,0.006786418,0.13557154,0.007172463,0.002473523,0.0074289846,0.113843955,0.009095599,0.0022358042,0.0067286817,0.094786905,0.013437008,0.0029379197,0.00840823,0.10118948,0.011905504,0.0027393939,0.007773544,0.10383307,0.009058062,0.00227522,0.0068021915,0.06977187,0.006685238,0.0020346805,0.006114885
4889,/home/jupyter/dent_outputs/isic2019_v2/melanoma/hairs/seed4889/lambda_t_star5/style.png,0.10289605,0.05277291,0.0024846592,0.0022953835,0.99668014,0.0044584638,0.0033155002,0.00095899095,0.99769825,0.0052607297,0.0041843974,0.001011539,0.9961932,0.004163088,0.0034252913,0.0010397868,0.99477553,0.003974406,0.0037462425,0.0012294211,0.99124205,0.003740101,0.003999936,0.0016416282,0.91508293,0.0015895958,0.002534729,0.0015950311,0.6531076,0.0013815982,0.0016842289,0.0014476327,0.16170439,0.0021111218,0.0017970897,0.0021008172,0.083984226,0.0021079988,0.001470189,0.0019159738
4659,/home/jupyter/dent_outputs/isic2019_v2/melanoma/hairs/seed4659/lambda_t_star5/style.png,0.00067359227,0.019877844,0.028066248,0.0053142537,0.05482324,0.0056653777,0.00913433,0.0060760854,0.46663326,0.004685601,0.006665211,0.004879361,0.5572332,0.005035294,0.00886196,0.0051568924,0.25192428,0.0032606237,0.006973309,0.003919998,0.01906796,0.003535251,0.007535606,0.0034731636,0.003315828,0.0038000634,0.00781621,0.0032806636,0.0019299356,0.0030831043,0.0063761952,0.002568999,0.0015208747,0.0024867638,0.006053628,0.0023388548,0.0014940895,0.002476307,0.0059530297,0.0025315676
4897,/home/jupyter/dent_outputs/isic2019_v2/melanoma/hairs/seed4897/lambda_t_star5/style.png,0.001017311,0.0032304896,0.30612212,0.0025124587,0.03795743,0.0076035922,0.5406203,0.01270285,0.515027,0.0059102112,0.36152774,0.0076522985,0.010577138,0.0072898883,0.27603456,0.018078849,0.006123988,0.00798535,0.2552437,0.017871832,0.0041214097,0.0062991963,0.24877691,0.016991226,0.0031658586,0.0074460534,0.25741947,0.016843706,0.0019441452,0.006522119,0.2177325,0.015577839,0.001554006,0.006442591,0.23107445,0.01577147,0.0020256543,0.009551181,0.2435358,0.020978788
4196,/home/jupyter/dent_outputs/isic2019_v2/melanoma/hairs/seed4196/lambda_t_star5/style.png,0.008631084,0.00478378,0.0008944114,0.0015779547,0.9902018,0.004965858,0.012283274,0.0027539728,0.99428236,0.0086926855,0.016396094,0.0030893337,0.99573696,0.0073637725,0.024525648,0.0028407048,0.99863297,0.0045481967,0.031187154,0.0019548442,0.63640094,0.025981832,0.8684969,0.007902213,0.52611417,0.026555602,0.85871303,0.0070354035,0.25645596,0.02385158,0.88130265,0.0073482334,0.021950426,0.01679626,0.9277824,0.0072967825,0.010573088,0.011171977,0.92757,0.0048619276
4358,/home/jupyter/dent_outputs/isic2019_v2/melanoma/hairs/seed4358/lambda_t_star5/style.png,0.00061127037,0.0006643808,0.17199223,0.0015489329,0.96795404,0.00010879602,0.007588236,0.00034202123,0.97130674,0.00013187085,0.04797936,0.00069338403,0.9323211,0.00015100362,0.05488417,0.0007260753,0.92208904,0.00014597346,0.051948145,0.0007926248,0.8764828,0.00012858403,0.047059085,0.00082646473,0.5688256,0.00011389017,0.03365637,0.0006849235,0.061909754,0.00013196557,0.026652858,0.0007156957,0.003707445,0.00017825175,0.021485578,0.00065032794,0.00094023906,0.00023441146,0.025746124,0.0007903904
4856,/home/jupyter/dent_outputs/isic2019_v2/melanoma/hairs/seed4856/lambda_t_star5/style.png,0.0038375114,0.008967091,0.00052481395,0.00033152127,0.33708748,0.0004711991,0.014392383,0.001184852,0.24924679,0.0004829213,0.013852715,0.0011972706,0.2111968,0.0006453598,0.02683443,0.001546706,0.20720688,0.0006047869,0.025403455,0.0017490167,0.2281489,0.00043379047,0.016038807,0.0013447304,0.048597816,0.00037215117,0.02423034,0.0014810263,0.0035967797,0.00038267314,0.036618255,0.0019476403,0.0017409895,0.00049426366,0.02634419,0.0021920018,0.0017643538,0.0004030483,0.026299907,0.0017362382
4425,/home/jupyter/dent_outputs/isic2019_v2/melanoma/hairs/seed4425/lambda_t_star5/style.png,0.0064369957,0.032121122,0.0027634492,0.00042162894,0.026150536,0.0066039586,0.5882335,0.0078782495,0.021577166,0.009127155,0.7192495,0.008801298,0.0029198313,0.011146573,0.91624284,0.0078060995,0.0036348896,0.020612925,0.9328084,0.011246374,0.0037947746,0.020810965,0.92969227,0.009452353,0.0029339753,0.02562506,0.93541247,0.008971092,0.0024146205,0.021154428,0.9290222,0.008931136,0.0025348375,0.022731116,0.9156095,0.008941985,0.0025643653,0.020258604,0.93265224,0.00947089
4624,/home/jupyter/dent_outputs/isic2019_v2/melanoma/hairs/seed4624/lambda_t_star5/style.png,0.00021971231,0.09010859,0.0015211174,0.0012509086,0.99076605,0.8319269,0.0010573787,0.0020597156,0.99274945,0.7634847,0.0009884541,0.0021172555,0.98869264,0.70083207,0.00084767025,0.0020103985,0.96870136,0.7160911,0.00083470764,0.0022485799,0.27453732,0.72049296,0.0013641742,0.0038633891,0.0680214,0.7023961,0.0013643937,0.003583817,0.061039034,0.70420873,0.0014716239,0.0037389675,0.052548967,0.6883655,0.001223912,0.003294188,0.04542858,0.576356,0.0012145726,0.003299095
4721,/home/jupyter/dent_outputs/isic2019_v2/melanoma/hairs/seed4721/lambda_t_star5/style.png,0.00057138107,0.18464917,0.00069364574,0.00023618423,0.99826247,0.0022730334,0.0048171463,0.0010233169,0.97306573,0.0075031207,0.007253807,0.001801569,0.9876847,0.0055067064,0.004886217,0.0013762166,0.9856675,0.004839883,0.0059879064,0.0014697711,0.9475563,0.0020671948,0.0055441246,0.0017828691,0.32563657,0.0037212472,0.0063559953,0.0027180277,0.030121913,0.0025646372,0.004831757,0.002239865,0.008858112,0.0020581433,0.005594725,0.0019421672,0.0057070004,0.0021280695,0.0062120752,0.0022414653
4418,/home/jupyter/dent_outputs/isic2019_v2/melanoma/hairs/seed4418/lambda_t_star5/style.png,0.011676517,0.056827635,0.0012126352,0.0036593822,0.6748953,0.26949543,0.22732429,0.016811203,0.7324541,0.20132205,0.50150365,0.016065212,0.649142,0.20153914,0.50922406,0.016411044,0.63962466,0.16526829,0.17255183,0.010907651,0.25821576,0.16109297,0.15111032,0.00992901,0.014414059,0.26080656,0.21574588,0.006976994,0.0010519,0.17605555,0.15657127,0.008229592,0.0008538747,0.16554202,0.17813754,0.009883154,0.0008235492,0.17615739,0.16441914,0.008544092
4502,/home/jupyter/dent_outputs/isic2019_v2/melanoma/hairs/seed4502/lambda_t_star5/style.png,0.002652513,0.10398243,0.0004322953,0.00033771724,0.024561504,0.012875087,0.0036926633,0.0074473964,0.019236866,0.009545729,0.0028578546,0.00569264,0.01616306,0.008519697,0.0026503517,0.005141752,0.017590715,0.008675091,0.002245193,0.0045270817,0.017714929,0.006440955,0.0020759078,0.003881127,0.018334996,0.0060296915,0.0019966036,0.003909576,0.015344002,0.0030225813,0.0024389217,0.004329267,0.009579575,0.0021414093,0.0029590335,0.004447602,0.0074259676,0.00272385,0.0038880925,0.0063970494
4037,/home/jupyter/dent_outputs/isic2019_v2/melanoma/hairs/seed4037/lambda_t_star5/style.png,0.19939648,0.00850284,0.0020503416,0.0013256086,0.9058188,0.095744565,0.0005596901,0.0013997402,0.9219322,0.11509735,0.00078800786,0.0014992538,0.8870404,0.10950474,0.0010491487,0.0014934401,0.20139292,0.15971647,0.0011844063,0.0020664886,0.029316666,0.1532594,0.0010117654,0.001963378,0.003056738,0.15522467,0.0008786488,0.0018504012,0.0014293711,0.08569719,0.001045618,0.0020881104,0.000121976,0.090060145,0.00090182386,0.0016051297,0.00013520288,0.13330257,0.0011067205,0.0019746076
4948,/home/jupyter/dent_outputs/isic2019_v2/melanoma/hairs/seed4948/lambda_t_star5/style.png,0.013633674,0.054976158,0.08092548,0.0051725404,0.007943114,0.004429091,0.008729467,0.0059340666,0.008002929,0.0046439855,0.009661813,0.0050768806,0.007115791,0.0051468574,0.010048441,0.004886444,0.0069049234,0.0051387115,0.009863585,0.004596612,0.005309598,0.005615612,0.0109306965,0.004662743,0.0032863552,0.004667836,0.011394267,0.004466895,0.0012995951,0.0033069234,0.011128844,0.003453415,0.0007399177,0.0028857559,0.012554334,0.0028896332,0.00063292996,0.0030402278,0.012931545,0.0026810928
4905,/home/jupyter/dent_outputs/isic2019_v2/melanoma/hairs/seed4905/lambda_t_star5/style.png,0.16543171,0.006984812,0.005890108,0.0020222322,0.99996567,0.00082659983,0.001998942,0.00061451615,0.9999714,0.00040770738,0.0015875637,0.00035715444,0.99997187,0.00028776375,0.0013799815,0.0003034773,0.9999577,0.00029732735,0.001419879,0.0003137597,0.9993886,0.00033145046,0.0010708214,0.0005550708,0.95397884,0.0010206336,0.0024781146,0.0013563056,0.2852322,0.0008168276,0.0044934712,0.0021124533,0.0029000218,0.0015178027,0.013940339,0.0051495926,0.0022201343,0.0014485705,0.015155385,0.0049011474
4550,/home/jupyter/dent_outputs/isic2019_v2/melanoma/hairs/seed4550/lambda_t_star5/style.png,0.036431283,0.14642647,0.006111994,0.014338312,0.43623033,0.26934516,0.0047666184,0.022539804,0.35877898,0.17362127,0.003686208,0.018183338,0.05112268,0.20556891,0.0024383618,0.014856446,0.023402985,0.16189456,0.0016734782,0.010339496,0.02308622,0.14243187,0.002093143,0.011685149,0.027928509,0.123717256,0.0021311722,0.011213446,0.034055356,0.115482576,0.002957332,0.0147106685,0.035236035,0.12291819,0.0036777263,0.017161518,0.02824269,0.109548636,0.0031366453,0.014524744
4379,/home/jupyter/dent_outputs/isic2019_v2/melanoma/hairs/seed4379/lambda_t_star5/style.png,0.00047996014,0.010359911,0.017636135,0.0012703816,0.0019348125,0.0008163802,0.010341052,0.0008506719,0.001895193,0.0014464064,0.015931228,0.0013080616,0.0014229442,0.0018272289,0.009566526,0.001138495,0.0013574769,0.0018070166,0.007632258,0.0010397101,0.0012810901,0.0026287506,0.0064829937,0.0010687521,0.0009827605,0.001511666,0.009646708,0.0015080558,0.0007437553,0.0015707456,0.0122389,0.0018392797,0.0005059791,0.001489355,0.014502953,0.0018534344,0.00042084715,0.0016146164,0.017710997,0.0019044572
4024,/home/jupyter/dent_outputs/isic2019_v2/melanoma/hairs/seed4024/lambda_t_star5/style.png,0.01481346,0.03872042,0.00038726398,0.0011723578,0.0037682122,0.020968784,0.0040911967,0.0073197773,0.0021564674,0.032643285,0.0087309815,0.014504922,0.0023481133,0.033527527,0.010901402,0.016520893,0.01045481,0.08028737,0.03847538,0.06018367,0.019285252,0.108863786,0.064009145,0.105393216,0.013095609,0.07837964,0.03215676,0.053604804,0.016111277,0.11235043,0.03178719,0.045071032,0.01191537,0.110080235,0.019444833,0.02839887,0.010813551,0.11931538,0.02281775,0.032036707
4035,/home/jupyter/dent_outputs/isic2019_v2/melanoma/hairs/seed4035/lambda_t_star5/style.png,0.001134991,0.028798738,0.048865225,0.002903188,0.9906001,0.0012572729,0.004300137,0.0011687207,0.9840403,0.0010571304,0.003547867,0.0011076165,0.9850664,0.0011930594,0.0027249774,0.001219877,0.94326454,0.00085791666,0.002345453,0.001289814,0.8217652,0.0007328301,0.0023274822,0.0013040372,0.6903539,0.0006965047,0.0021426436,0.0012866657,0.17269275,0.00061720714,0.0028155458,0.001718968,0.0015321459,0.0007604449,0.003745675,0.0026832994,0.0011861072,0.0011386507,0.0049058055,0.003301454
4525,/home/jupyter/dent_outputs/isic2019_v2/melanoma/hairs/seed4525/lambda_t_star5/style.png,0.58282065,0.0019765114,0.0005097154,0.00021978901,0.9840868,0.0081961425,0.005276789,0.0021856439,0.96140856,0.0049271937,0.00689047,0.0018060205,0.8445542,0.0036277303,0.01186609,0.0022948114,0.83015174,0.003386423,0.0114804255,0.0020601726,0.80780625,0.0036461689,0.008801261,0.0018906377,0.8411183,0.004172405,0.006857313,0.0022916987,0.14745986,0.0070726634,0.00261672,0.002000777,0.0050064395,0.009933815,0.001591204,0.0020430223,0.0017746505,0.012119051,0.0016743968,0.0021019313
4490,/home/jupyter/dent_outputs/isic2019_v2/melanoma/hairs/seed4490/lambda_t_star5/style.png,0.009888358,0.054383412,0.0015048699,0.0038081664,0.881774,0.0025416743,0.0009066319,0.0017794964,0.6286557,0.0026893816,0.0009617645,0.0035388963,0.4860817,0.002436131,0.0010813217,0.0044898996,0.41940922,0.0027955861,0.0013643242,0.005232948,0.25552663,0.002641453,0.0016389132,0.0059856107,0.1002421,0.00232688,0.0020494792,0.006351549,0.0145203285,0.0059162383,0.005853081,0.014439287,0.013124839,0.0070659295,0.006177174,0.014424176,0.012453858,0.008450081,0.0067323,0.014897517
4248,/home/jupyter/dent_outputs/isic2019_v2/melanoma/hairs/seed4248/lambda_t_star5/style.png,0.10084954,0.01996464,0.08652043,0.0041654985,0.99438536,0.00028214755,0.0021701884,0.0007876967,0.993572,0.00027428937,0.0019278869,0.0007693421,0.99658716,0.00027110163,0.0017178442,0.0007252576,0.98756313,0.00024151447,0.0020224045,0.0007714145,0.9749699,0.00027405043,0.0016918024,0.00085231935,0.95735776,0.00030096766,0.0016404546,0.00080390583,0.01912065,0.00037387246,0.0030915197,0.0018455243,0.011932404,0.00030107124,0.0035350597,0.001881208,0.0088923555,0.00031925013,0.0037407938,0.0020835805
4818,/home/jupyter/dent_outputs/isic2019_v2/melanoma/hairs/seed4818/lambda_t_star5/style.png,0.0024410645,0.51266575,0.017863967,0.0010542872,0.90966326,0.003258058,0.020800857,0.001842228,0.9252836,0.0026278622,0.021879962,0.0017894879,0.9307556,0.0023013994,0.025898216,0.0016138363,0.91592586,0.0028148966,0.026378041,0.0017275227,0.54993397,0.0036834562,0.026672294,0.0018241092,0.42634156,0.003039534,0.016032998,0.0016893937,0.3027464,0.0014131172,0.012138236,0.0013271708,0.1870529,0.00090385316,0.013440452,0.0011328884,0.18125297,0.0006088237,0.012750553,0.0010367967
4537,/home/jupyter/dent_outputs/isic2019_v2/melanoma/hairs/seed4537/lambda_t_star5/style.png,0.011189632,0.04452599,0.021032041,0.014509061,0.7149426,0.0059571764,0.0030181317,0.004276052,0.7324427,0.004159223,0.0031471564,0.0035124063,0.6723884,0.005598408,0.005146789,0.0052890023,0.49074295,0.0043010274,0.006242877,0.0047858823,0.4236776,0.004628141,0.0066456255,0.0061512487,0.11219204,0.003441852,0.009618479,0.0067871255,0.010506621,0.0034433652,0.012145791,0.008169177,0.0027634245,0.0020411995,0.014913444,0.006668669,0.0017645109,0.0016254615,0.016363857,0.006370844
4112,/home/jupyter/dent_outputs/isic2019_v2/melanoma/hairs/seed4112/lambda_t_star5/style.png,0.0020342486,0.007636687,0.0015334972,0.0018606846,0.97655404,0.004681634,0.008124078,0.002147035,0.97939694,0.005314849,0.0066407607,0.0020561784,0.9790831,0.003249863,0.0053952653,0.0016668807,0.95689386,0.0036116815,0.0057609947,0.0020805092,0.90834475,0.003375701,0.0049287886,0.0020892373,0.23933278,0.0039509386,0.0049535297,0.0029568356,0.0020900338,0.0053564934,0.005131304,0.0029169116,0.0016641802,0.005528528,0.004347281,0.0024903517,0.0019058108,0.0048297103,0.0048115375,0.002547107
4900,/home/jupyter/dent_outputs/isic2019_v2/melanoma/hairs/seed4900/lambda_t_star5/style.png,0.0021494124,0.0018623981,0.023427783,0.0043712324,0.13989134,0.0003804307,0.0019839865,0.0015339867,0.15488218,0.00039851782,0.0021300896,0.0016675823,0.1215521,0.00038863922,0.0023474367,0.0017899309,0.12392288,0.0003929248,0.0026996622,0.0018962432,0.09584292,0.00034414724,0.003050483,0.0019499311,0.060683995,0.0003107829,0.0030106797,0.0019192785,0.029856978,0.00030084228,0.0035900667,0.0021727516,0.002630001,0.00037451254,0.005086951,0.002760523,0.0022602365,0.00034481045,0.0054557906,0.0027456563
4604,/home/jupyter/dent_outputs/isic2019_v2/melanoma/hairs/seed4604/lambda_t_star5/style.png,0.001010594,0.032708667,0.030555513,0.0041450267,0.0012987043,0.0023433487,0.0055259517,0.0027853756,0.0018497674,0.0014316058,0.017438553,0.002173583,0.002164186,0.0023996353,0.013544179,0.0026426907,0.0025794953,0.0026521045,0.012391205,0.0028469746,0.0018338742,0.0025034202,0.010900595,0.0025091937,0.0008515672,0.0030091545,0.012705482,0.0019976373,0.00068464945,0.002885723,0.012538378,0.0019326647,0.0005138779,0.0022813517,0.014455643,0.001801551,0.0004460801,0.0019169472,0.015567855,0.0017830831
4077,/home/jupyter/dent_outputs/isic2019_v2/melanoma/hairs/seed4077/lambda_t_star5/style.png,0.26962727,0.017678574,0.0007071735,0.0021074763,0.10632789,0.0013028254,0.0006146553,0.0018465882,0.05742787,0.0013944648,0.00059679674,0.0017584931,0.032245807,0.0010754347,0.0005926707,0.001410617,0.00984947,0.0012902785,0.0007598436,0.0017587945,0.0025778166,0.0013206399,0.00054741977,0.0012449619,0.0005229309,0.0012138035,0.0005196275,0.0010130266,0.00090732455,0.00111137,0.00048763282,0.0011426378,0.0006889642,0.00095121603,0.00042242368,0.0010758231,0.00038512843,0.00073142385,0.0003158525,0.0008012242
4192,/home/jupyter/dent_outputs/isic2019_v2/melanoma/hairs/seed4192/lambda_t_star5/style.png,0.0022144767,0.011698338,0.009305427,0.0023760623,0.9874626,0.00149657,0.0026284868,0.001905468,0.97572255,0.0015501798,0.00390989,0.0025681548,0.96314615,0.0019163167,0.004610185,0.0027443145,0.9397956,0.004820794,0.006400794,0.0034211848,0.96245176,0.00288462,0.00499397,0.0032092032,0.9525235,0.0020158696,0.0045769457,0.0035883833,0.86028004,0.0016168178,0.005104386,0.0040237447,0.25576612,0.0011629299,0.006472796,0.004403185,0.13810614,0.00093600585,0.0062530823,0.003637134
4198,/home/jupyter/dent_outputs/isic2019_v2/melanoma/hairs/seed4198/lambda_t_star5/style.png,0.0050797598,0.10908662,0.003040933,0.0018782243,0.8544662,0.0005786201,0.0029875848,0.0010596123,0.85819614,0.00058258954,0.0030856894,0.0012856453,0.7774274,0.00046757265,0.0026490074,0.001072266,0.6993147,0.00038847438,0.0023491448,0.00092334644,0.5598083,0.00037685718,0.0027886862,0.0009983411,0.12832032,0.0003253192,0.000981731,0.00074460416,0.020047085,0.00041940936,0.0010731188,0.0008722695,0.00040237838,0.0005591348,0.0024541577,0.0015084867,0.00025148128,0.0005071365,0.0031392376,0.0014072063
4488,/home/jupyter/dent_outputs/isic2019_v2/melanoma/hairs/seed4488/lambda_t_star5/style.png,0.0005708832,0.02681373,0.10208032,0.004223171,0.036376055,0.00053988444,0.0010431266,0.0023535632,0.01515692,0.0009600162,0.002111349,0.0037794865,0.21041223,0.00065845484,0.000900877,0.001812973,0.04896867,0.0006199743,0.001130927,0.0016317982,0.002719178,0.0009811261,0.0027418686,0.003202532,0.0006778076,0.0010050391,0.004856655,0.00320529,0.00036948835,0.0009282301,0.0046384544,0.0026185277,0.00030251042,0.00096148916,0.0052721305,0.002567068,0.0004072764,0.0010771435,0.0054915813,0.0028001799
4394,/home/jupyter/dent_outputs/isic2019_v2/melanoma/hairs/seed4394/lambda_t_star5/style.png,0.18153077,0.0063720606,0.0030516058,0.0011914314,0.044522937,0.046946,0.004651978,0.0032484902,0.02358787,0.039123304,0.003862569,0.0027965354,0.024516126,0.04491284,0.005482643,0.0036597438,0.011217375,0.07626175,0.0070377365,0.0047010933,0.016170988,0.09279721,0.0073415963,0.006183026,0.002471854,0.06393667,0.008934644,0.007885636,0.0020909351,0.0638802,0.008477683,0.0072236173,0.002197303,0.057690606,0.008426047,0.007367238,0.0022511028,0.057393987,0.008792801,0.007963664
4040,/home/jupyter/dent_outputs/isic2019_v2/melanoma/hairs/seed4040/lambda_t_star5/style.png,0.017206937,0.02256656,0.010361123,0.0035054334,0.71033144,0.017660622,0.0031317885,0.0060762577,0.86204064,0.006785377,0.0012542974,0.0029375637,0.8498718,0.008287807,0.0014327884,0.003260912,0.75415707,0.018506065,0.0029225964,0.005088969,0.7252817,0.025772242,0.0030094692,0.0055546532,0.55249524,0.038986206,0.00450364,0.007818311,0.3646185,0.032493796,0.0042839283,0.006640956,0.106698684,0.022865819,0.004418653,0.005699929,0.07992139,0.022307292,0.0045387116,0.0053717783
4544,/home/jupyter/dent_outputs/isic2019_v2/melanoma/hairs/seed4544/lambda_t_star5/style.png,0.031490486,0.002974805,0.0023783774,0.00053058617,0.022568148,0.00062682235,0.00441755,0.005640464,0.022463674,0.0008391288,0.0052139414,0.0064795185,0.021069227,0.00096483715,0.0056746844,0.0070175882,0.011991867,0.0009342226,0.005762557,0.007140432,0.009339261,0.00083249976,0.005055141,0.005855307,0.0071337526,0.0009135568,0.0055928444,0.006376769,0.004944217,0.00111276,0.006965682,0.0071656513,0.0045278794,0.0012551364,0.008006463,0.007890454,0.005016928,0.0013883058,0.009125525,0.00865746
4235,/home/jupyter/dent_outputs/isic2019_v2/melanoma/hairs/seed4235/lambda_t_star5/style.png,0.023211008,0.02950543,0.0009117772,0.0015494596,0.16726835,0.00090222957,0.13624856,0.0021493717,0.107429616,0.00076045754,0.2404971,0.0029918533,0.105288535,0.00073367107,0.23515151,0.0029600016,0.13366559,0.00075876043,0.21866435,0.002661434,0.009434855,0.00030234607,0.035242844,0.0017046347,0.0005376396,0.00066976977,0.046403468,0.0038652613,0.0004135717,0.00070698775,0.052149337,0.0041591143,0.000399294,0.0006794235,0.065229885,0.0043804063,0.00038002385,0.0006771716,0.06441665,0.0040180255
4286,/home/jupyter/dent_outputs/isic2019_v2/melanoma/hairs/seed4286/lambda_t_star5/style.png,0.00028131407,0.0068387976,0.043607876,0.004139761,0.97825634,0.004002034,0.025760518,0.0048181135,0.9767889,0.0037825995,0.019738793,0.0048579033,0.98287094,0.0029471782,0.016511746,0.004011501,0.9852974,0.0030035407,0.014411294,0.0036806117,0.9737188,0.0027371556,0.014188904,0.0039543062,0.9174939,0.0031802726,0.018335873,0.004995328,0.74042904,0.0035983555,0.0184851,0.006491929,0.34202233,0.002819766,0.0063328184,0.0036359194,0.011191452,0.003107869,0.0073709176,0.0038991375
4518,/home/jupyter/dent_outputs/isic2019_v2/melanoma/hairs/seed4518/lambda_t_star5/style.png,0.01477661,0.013018027,0.25555578,0.009061553,0.9773901,0.006965856,0.022171753,0.0025830532,0.9797324,0.009076979,0.022460414,0.0027394448,0.9990711,0.00087959075,0.0067086783,0.000844059,0.9986199,0.000963216,0.0066815433,0.0009021965,0.9964923,0.0008923405,0.0045319647,0.0010834798,0.99265105,0.0012712604,0.003086395,0.0014822686,0.9330605,0.002575068,0.003659177,0.003474362,0.11964641,0.00572252,0.003659311,0.007211205,0.020063639,0.005810187,0.0035951617,0.0073668575
4223,/home/jupyter/dent_outputs/isic2019_v2/melanoma/hairs/seed4223/lambda_t_star5/style.png,0.0017250716,0.0014428515,0.0024237079,0.0020003326,0.056945723,0.00037326736,0.0030971004,0.0016110744,0.052233405,0.00039671833,0.0031239754,0.0015884248,0.04528495,0.00041677727,0.0032319974,0.0015242565,0.043324232,0.00043618988,0.0030799739,0.0014539091,0.03828709,0.0004260598,0.0034853134,0.0015146738,0.016749438,0.00049077085,0.0039386274,0.0016679618,0.0013742323,0.00070480414,0.00505989,0.0022747351,0.0012451089,0.00068775873,0.0049297167,0.0022755233,0.001084779,0.00057224056,0.005325533,0.00220739
4793,/home/jupyter/dent_outputs/isic2019_v2/melanoma/hairs/seed4793/lambda_t_star5/style.png,0.00037967437,0.0022506262,0.014335183,0.0011216647,0.10230748,0.0019970548,0.06381286,0.0017384794,0.011316693,0.0018424043,0.06867081,0.0016072302,0.014290208,0.0015008437,0.058509648,0.0012803534,0.003599202,0.0013330932,0.059232894,0.0014384792,0.002396552,0.0010257635,0.048471946,0.0011730621,0.0019904114,0.0007420407,0.03193597,0.0011720944,0.0013534436,0.0005972992,0.032428186,0.0010888334,0.0007055491,0.0004866637,0.030565353,0.0009791465,0.0005824754,0.00043312044,0.02993978,0.0010425941
4865,/home/jupyter/dent_outputs/isic2019_v2/melanoma/hairs/seed4865/lambda_t_star5/style.png,0.077762745,0.0044702003,6.504832e-05,0.00010870974,0.9839813,0.023204295,0.9623018,0.00937069,0.97790635,0.019965548,0.9712223,0.00855431,0.9816347,0.021571737,0.9649774,0.0077064214,0.97276276,0.025068915,0.97397727,0.007751285,0.9627268,0.020349728,0.9710995,0.0068466724,0.9195529,0.013164508,0.9585364,0.004977327,0.27497482,0.010517453,0.9672191,0.0050518047,0.014109732,0.0036683534,0.9670078,0.0024568534,0.013019227,0.0030804616,0.9671701,0.0023150172
4771,/home/jupyter/dent_outputs/isic2019_v2/melanoma/hairs/seed4771/lambda_t_star5/style.png,0.0019404597,0.10749476,0.037680227,0.0022536016,0.98776615,0.0014503227,0.0018316017,0.001411084,0.9846474,0.0017138704,0.001676236,0.0017262594,0.93286544,0.0037524428,0.0020551132,0.0026606822,0.93093866,0.0038541004,0.0023973077,0.0027693796,0.92653203,0.0027413382,0.0019767522,0.0022850349,0.9119569,0.0015428154,0.0014206432,0.0015868776,0.80397516,0.0022093137,0.002378376,0.0023772179,0.46381858,0.0022010773,0.003303389,0.0032166755,0.081097156,0.0026954955,0.0041524423,0.004302343
4823,/home/jupyter/dent_outputs/isic2019_v2/melanoma/hairs/seed4823/lambda_t_star5/style.png,0.0021994244,0.010515949,0.030399475,0.0034092953,0.5862627,0.023923352,0.0039340467,0.0027619149,0.4885132,0.021209896,0.0031865295,0.0022748942,0.36952087,0.018889012,0.0029956575,0.0020528056,0.21703786,0.015991429,0.003392073,0.002090915,0.0739402,0.013028342,0.004135743,0.0021120773,0.003036924,0.010246531,0.005853648,0.0020184317,0.002183965,0.0066913296,0.0067257476,0.0020871926,0.0016585096,0.004514749,0.007573073,0.0017752784,0.0013467715,0.0040649395,0.007173509,0.0016784094
4825,/home/jupyter/dent_outputs/isic2019_v2/melanoma/hairs/seed4825/lambda_t_star5/style.png,0.0053584604,0.014719191,0.0029101742,0.0034848931,0.9804032,0.0006695648,0.0029397614,0.0020079166,0.9687001,0.0005981914,0.0028544012,0.002063803,0.96320224,0.0007442133,0.0027658278,0.0023393878,0.9129841,0.00039364706,0.002147927,0.0016578031,0.88153994,0.00037992402,0.0017314925,0.0014403167,0.489692,0.00049343775,0.0026639565,0.0021073872,0.020848121,0.0006649781,0.004453696,0.0034525555,0.003528183,0.000891229,0.006684838,0.0036730848,0.0019690054,0.0007870871,0.00785182,0.0033671919
4695,/home/jupyter/dent_outputs/isic2019_v2/melanoma/hairs/seed4695/lambda_t_star5/style.png,0.011920463,0.3191014,0.013320309,0.022481976,0.013805781,0.0029080622,0.017848548,0.001772892,0.000805862,0.0029540774,0.0077468925,0.0023100234,0.00072802574,0.0031573197,0.007936789,0.0020796144,0.00055767887,0.0031690204,0.0072758505,0.0018937232,0.00066645554,0.0043843407,0.007857502,0.0023655398,0.000638011,0.0034692364,0.0085376,0.0024557167,0.00064281566,0.0036587652,0.010479346,0.0023400923,0.0006223394,0.003753741,0.009223473,0.002541037,0.00052153907,0.0040818662,0.0073953024,0.0024655985
4603,/home/jupyter/dent_outputs/isic2019_v2/melanoma/hairs/seed4603/lambda_t_star5/style.png,0.0013346723,0.18713093,0.31599948,0.005668505,0.0017689066,0.099056095,0.27438614,0.012487594,0.0006063192,0.008176638,0.2323999,0.006889908,0.00083604414,0.02593877,0.20687203,0.007340266,0.0008664878,0.056649763,0.15024124,0.0068077412,0.00086715387,0.038920645,0.15845609,0.006376676,0.0006193497,0.02700951,0.13589858,0.00528505,0.00024597568,0.007103444,0.08903552,0.0025974878,0.00024318694,0.0051461128,0.08276052,0.0024303787,0.00025022423,0.004301201,0.06583028,0.0022342338
4009,/home/jupyter/dent_outputs/isic2019_v2/melanoma/hairs/seed4009/lambda_t_star5/style.png,0.0020282664,0.060745403,0.05966137,0.01850598,0.99556977,0.003810597,0.045228664,0.0028432908,0.99612516,0.0037973626,0.048443303,0.0027986625,0.9956143,0.0034555246,0.03710735,0.0026309907,0.9968401,0.0034124106,0.027420098,0.002307032,0.9978689,0.003386389,0.01804748,0.0021976451,0.99810314,0.0027915055,0.009965484,0.0019375004,0.82282937,0.0022088408,0.005351838,0.0019226319,0.0060208472,0.0022549606,0.009097275,0.0024659212,0.0028497684,0.00247407,0.01158252,0.0027557872
4520,/home/jupyter/dent_outputs/isic2019_v2/melanoma/hairs/seed4520/lambda_t_star5/style.png,0.00082138774,0.015556481,0.043403346,0.0052188705,0.98814106,0.005912358,0.020453854,0.0045766984,0.96534157,0.0059125656,0.034240298,0.0042882063,0.9445146,0.004474287,0.02539314,0.0031601263,0.92043793,0.004099125,0.027178554,0.0031574143,0.884028,0.0043987157,0.026475063,0.0031928353,0.7662501,0.0045359978,0.029715883,0.003577966,0.45466512,0.00356563,0.020767469,0.0029907138,0.016845932,0.0021023643,0.02039896,0.0026616543,0.0031614935,0.00230811,0.03110363,0.0031402644
4318,/home/jupyter/dent_outputs/isic2019_v2/melanoma/hairs/seed4318/lambda_t_star5/style.png,0.008821209,0.07930832,0.003295832,0.0047751614,0.4284528,0.0006915636,0.0015412287,0.0040964223,0.514904,0.0011997134,0.0017990909,0.0046383506,0.53249866,0.0013983006,0.0018107557,0.004664775,0.44154966,0.0014497193,0.0017784534,0.004486942,0.23935774,0.001435215,0.0018351951,0.0046278834,0.12457614,0.0016724182,0.0018766507,0.004710395,0.14626972,0.0015432326,0.0017399241,0.00417585,0.09921384,0.0015096168,0.0017434476,0.004162505,0.10805147,0.0015959288,0.00187763,0.0042744074
4599,/home/jupyter/dent_outputs/isic2019_v2/melanoma/hairs/seed4599/lambda_t_star5/style.png,0.050093208,0.009350478,0.0008302381,0.0014598783,0.94986355,0.0036878034,0.014982738,0.0019838156,0.95598733,0.0067458744,0.03488803,0.0021999227,0.96055263,0.0023001102,0.018124886,0.0016053644,0.097466186,0.005025397,0.07670688,0.005267222,0.009210214,0.00579645,0.083817065,0.005397561,0.0026135386,0.0047144764,0.066834785,0.0034394965,0.0005353571,0.0041401326,0.05824881,0.0019985894,0.00038403337,0.0043516154,0.0692367,0.0021823489,0.00024901258,0.003832498,0.07161409,0.0019959658
4173,/home/jupyter/dent_outputs/isic2019_v2/melanoma/hairs/seed4173/lambda_t_star5/style.png,0.00070548855,0.0060891067,0.056085728,0.002545387,0.0085005695,0.018957537,0.048110202,0.010983104,0.01120452,0.011420056,0.029774021,0.0085873855,0.013033064,0.009679208,0.020111773,0.0067590117,0.014348659,0.012373957,0.01843149,0.008023856,0.007052146,0.010195033,0.02047382,0.0067822183,0.0064043794,0.012857986,0.019652313,0.0069743944,0.004748137,0.011989912,0.017022748,0.0057201358,0.0029108825,0.01036597,0.019715616,0.005848083,0.0025109628,0.008205699,0.019780697,0.005216264
4010,/home/jupyter/dent_outputs/isic2019_v2/melanoma/hairs/seed4010/lambda_t_star5/style.png,0.07326667,0.00022608424,0.0006425823,0.00014785214,0.7848214,0.0012808894,0.005739178,0.0031223868,0.9209344,0.0014510198,0.0073807137,0.0022058422,0.9867568,0.001729402,0.0076358193,0.0025193647,0.99833137,0.0010412917,0.0049885144,0.0015005077,0.9995258,0.0010639355,0.0052933763,0.0014049775,0.99853635,0.0010629506,0.004130502,0.0016974732,0.0038950467,0.0015143724,0.0055555124,0.0037293597,0.0025340915,0.0012200024,0.0050836722,0.0029902433,0.0026965316,0.0013968638,0.005157418,0.003350965
4069,/home/jupyter/dent_outputs/isic2019_v2/melanoma/hairs/seed4069/lambda_t_star5/style.png,0.07584611,0.029002933,0.00031856698,0.00021399015,0.22472003,0.0133605525,0.0015672896,0.003149277,0.1314176,0.011746947,0.0015251567,0.0031531637,0.07454946,0.0112394355,0.0014333252,0.0029734757,0.0611099,0.011537674,0.0011102251,0.002440671,0.045295786,0.008308848,0.0010160824,0.0019929514,0.031656962,0.008014348,0.00096574804,0.0018997787,0.026818637,0.0077070557,0.0009073396,0.0017287533,0.026242344,0.008685592,0.0010608354,0.0018549549,0.02212151,0.007317855,0.0009735859,0.0016861204
4375,/home/jupyter/dent_outputs/isic2019_v2/melanoma/hairs/seed4375/lambda_t_star5/style.png,0.006166894,0.0033346827,0.0016380199,0.0012085849,0.9839109,0.0014331077,0.0014530559,0.0008957304,0.97096866,0.0016991282,0.0016503141,0.0011196315,0.9815518,0.0013906698,0.0013460072,0.0009824324,0.98265797,0.0012498909,0.001190837,0.00085499993,0.93808854,0.0014422025,0.0014684714,0.00120708,0.1899565,0.002294247,0.002849396,0.0027187748,0.004237901,0.003138641,0.003811319,0.0025866565,0.0023447347,0.003141638,0.0036699348,0.0022001674,0.0013046011,0.0030673675,0.0036701297,0.0016844413
4183,/home/jupyter/dent_outputs/isic2019_v2/melanoma/hairs/seed4183/lambda_t_star5/style.png,0.09232397,0.0039683436,0.008269912,0.001177897,0.9943778,0.011079922,0.21574299,0.011958749,0.9291906,0.09047847,0.23746248,0.017583357,0.9292612,0.050253723,0.15556987,0.013869778,0.9731215,0.03887931,0.09679751,0.012012251,0.99247617,0.017883789,0.059140343,0.008583752,0.9652406,0.0109568685,0.032923847,0.007991154,0.33242878,0.009049986,0.03408393,0.010563404,0.01455151,0.004446051,0.042229004,0.00824216,0.0034153697,0.0035696307,0.040305253,0.0066921692
4051,/home/jupyter/dent_outputs/isic2019_v2/melanoma/hairs/seed4051/lambda_t_star5/style.png,0.0013209607,0.027920412,0.07688707,0.005571888,0.0038666222,0.0016479965,0.0009546117,0.0013681072,0.0026647372,0.0010713413,0.0009066495,0.001317087,0.016389782,0.0009171561,0.00059594674,0.0010003295,0.013313629,0.0010333684,0.0007202464,0.0011683261,0.002326758,0.00094299106,0.001146705,0.0017054552,0.0012255074,0.00081711996,0.0014764026,0.0019212042,0.0009803907,0.0007869866,0.0021357343,0.002383474,0.00088732835,0.00064672733,0.0022831422,0.0023413708,0.000808255,0.00068038475,0.0029537654,0.002689375
4197,/home/jupyter/dent_outputs/isic2019_v2/melanoma/hairs/seed4197/lambda_t_star5/style.png,0.0032242,0.016360465,0.0039863195,0.0013220091,0.0033850828,0.0071683316,0.0039401595,0.0068009803,0.0032339045,0.0054268194,0.0045492803,0.008685411,0.0036387744,0.006555974,0.0047539477,0.010111757,0.003414216,0.0065994463,0.0057713636,0.011710926,0.002786397,0.006694049,0.0047712103,0.00903969,0.0025199796,0.00687158,0.0042075305,0.008871862,0.0022575916,0.008588465,0.004887474,0.010284578,0.002072687,0.0070908265,0.004380968,0.008855659,0.001891313,0.0064049712,0.0042244024,0.007845871
4535,/home/jupyter/dent_outputs/isic2019_v2/melanoma/hairs/seed4535/lambda_t_star5/style.png,0.004955142,0.024198737,0.010033965,0.0019155346,0.91976094,0.012310123,0.01671441,0.0030400152,0.92020386,0.010293075,0.01438999,0.0026346256,0.9192014,0.014051102,0.012726651,0.002376302,0.9285994,0.009569034,0.010745254,0.0021832346,0.9328471,0.008395779,0.009328378,0.001969848,0.94430435,0.009977106,0.013398527,0.0026749643,0.48690784,0.007850635,0.012305126,0.004861206,0.0987617,0.00823512,0.012753117,0.006897097,0.008256458,0.012103932,0.011614035,0.009585851
4181,/home/jupyter/dent_outputs/isic2019_v2/melanoma/hairs/seed4181/lambda_t_star5/style.png,0.00030758555,0.058523007,0.0043434226,0.0006752332,0.82379645,0.00063445675,0.0033623835,0.0009900588,0.87122345,0.0026022112,0.0059232144,0.0015442234,0.8826324,0.0033798954,0.005910268,0.0017045974,0.87375146,0.0023990304,0.004621582,0.0015162382,0.81277114,0.0007597712,0.001801737,0.0006293716,0.7452036,0.0007114754,0.0018656293,0.0006257957,0.23788773,0.0013986296,0.003165895,0.0011241324,0.01542682,0.0015150547,0.0046749306,0.001342647,0.0027049037,0.0015603045,0.0058613895,0.0013454785
4224,/home/jupyter/dent_outputs/isic2019_v2/melanoma/hairs/seed4224/lambda_t_star5/style.png,0.005021424,0.004881487,0.0014856247,0.0018003329,0.9994678,0.008647889,0.14152516,0.0021834164,0.9992568,0.0038905793,0.21206687,0.0015553619,0.99700636,0.014368661,0.10429955,0.0031824172,0.9790171,0.0065972116,0.1537677,0.0021489463,0.90271497,0.0083452985,0.097689025,0.0019173714,0.8273004,0.009282639,0.102009185,0.002618407,0.4621068,0.010789727,0.11790324,0.0027266014,0.23171069,0.00895096,0.091552675,0.0023237427,0.10336862,0.006625092,0.06457408,0.0019810193
4146,/home/jupyter/dent_outputs/isic2019_v2/melanoma/hairs/seed4146/lambda_t_star5/style.png,0.85978794,0.0011667707,0.0058466196,0.0012464955,0.99756527,0.0023378392,0.013897072,0.002225424,0.99740905,0.0026853227,0.013417072,0.0022790225,0.9972427,0.003182529,0.010981477,0.0022842893,0.9960569,0.0039323634,0.010528291,0.002655354,0.9775618,0.016008923,0.0110354535,0.0028574157,0.77076447,0.0024336234,0.0103239035,0.0040922416,0.13553736,0.0016376738,0.0075848615,0.003910477,0.0062759006,0.0025244001,0.013050219,0.0055561024,0.0046450677,0.002228743,0.010748667,0.004912461
4257,/home/jupyter/dent_outputs/isic2019_v2/melanoma/hairs/seed4257/lambda_t_star5/style.png,8.6523076e-05,0.0012083034,0.5121058,0.00080588047,0.98585945,0.002158802,0.16396815,0.0024136524,0.9575796,0.0018648925,0.27303416,0.0022880298,0.9486918,0.002262764,0.25841329,0.0025134317,0.921834,0.0018026024,0.192645,0.0020532773,0.79045755,0.0016073855,0.1653045,0.0020436477,0.34126884,0.0011618386,0.06434313,0.001584262,0.04512755,0.0010555987,0.06661968,0.0015074379,0.007150046,0.0010026175,0.058123857,0.0012815222,0.0038295463,0.00074287126,0.052313782,0.001096059
4982,/home/jupyter/dent_outputs/isic2019_v2/melanoma/hairs/seed4982/lambda_t_star5/style.png,0.00017602666,0.018471587,0.01072206,0.0016901828,0.98641706,0.0075931316,0.003990591,0.0016780397,0.98594,0.009436498,0.00545877,0.0015340998,0.9868269,0.011002913,0.0065389737,0.00152013,0.988478,0.008662585,0.0053410134,0.0017526511,0.9821914,0.0069760894,0.0036699225,0.0028982675,0.91955096,0.008838983,0.005573764,0.0038523888,0.09779404,0.009156843,0.005949385,0.0032004656,0.0012136763,0.004646011,0.006743705,0.0017696484,0.00083313865,0.004073208,0.0067349854,0.0014900083
4288,/home/jupyter/dent_outputs/isic2019_v2/melanoma/hairs/seed4288/lambda_t_star5/style.png,0.089085594,0.06217514,0.0075136423,0.006140839,0.1944836,0.021451795,0.0074629528,0.0049985074,0.23396525,0.024347136,0.008633021,0.005139199,0.11917557,0.019136151,0.007685516,0.0045110583,0.11939382,0.019832915,0.009842033,0.0043616653,0.11568919,0.014331835,0.010403561,0.0043293987,0.07616776,0.01265291,0.009431812,0.0046731713,0.032231204,0.01312378,0.008436344,0.006122511,0.027549433,0.013550289,0.009607628,0.005882543,0.019180644,0.016091984,0.010020034,0.006642104
4317,/home/jupyter/dent_outputs/isic2019_v2/melanoma/hairs/seed4317/lambda_t_star5/style.png,0.0352731,0.0027186028,0.010520301,0.0042079985,0.99809533,0.0050470107,0.010824971,0.0019149473,0.99836403,0.0029285594,0.01301342,0.0016120372,0.98662937,0.0046553994,0.0110409865,0.0025182506,0.99944085,0.0026649854,0.00878096,0.0013649552,0.998963,0.0031462933,0.006920083,0.0014233252,0.9975992,0.0055918046,0.006922754,0.0019741266,0.9894716,0.009436967,0.00748351,0.0030932792,0.80884355,0.0074671325,0.004362593,0.0032995653,0.059626304,0.0069485316,0.006757232,0.006059707
4751,/home/jupyter/dent_outputs/isic2019_v2/melanoma/hairs/seed4751/lambda_t_star5/style.png,0.16961949,0.008809885,0.01214776,0.0022684378,0.9990865,0.0057209954,0.0051775286,0.00092639856,0.9983845,0.007184211,0.0057927966,0.0009604686,0.9989015,0.0068810494,0.0043993318,0.00071060605,0.9992756,0.0067452677,0.003080347,0.0005386773,0.9992693,0.0057187583,0.002823002,0.000469603,0.99808586,0.008011653,0.003437957,0.0006078282,0.92491794,0.0034941896,0.003315426,0.0009327089,0.23672861,0.002496519,0.0024184785,0.00094411796,0.001904605,0.0025924016,0.002494405,0.00091613125
4401,/home/jupyter/dent_outputs/isic2019_v2/melanoma/hairs/seed4401/lambda_t_star5/style.png,0.03771551,0.0028754317,0.0003005404,0.00026317558,0.81668955,0.0049523334,0.014369073,0.0035452042,0.99914646,0.008319589,0.011959576,0.0031488128,0.99864775,0.00819762,0.012814023,0.0036176096,0.9921795,0.0076688244,0.010760105,0.0037160497,0.7886923,0.004047314,0.011566116,0.0030051416,0.0013844102,0.0029415314,0.0154906465,0.0032029673,0.0012798662,0.002146037,0.014212168,0.003006562,0.0011916227,0.0020874199,0.013698693,0.0029622132,0.0012304801,0.0019550044,0.014606499,0.0029977702
4432,/home/jupyter/dent_outputs/isic2019_v2/melanoma/hairs/seed4432/lambda_t_star5/style.png,0.0011754457,0.004589036,0.4816881,0.0019764823,0.8006248,0.007794991,0.014093623,0.004584116,0.3465841,0.023704674,0.014762781,0.0051125893,0.3749195,0.016271362,0.013398551,0.0043588975,0.28060636,0.008466393,0.016197583,0.0038083005,0.2399731,0.0052880365,0.0153159015,0.0034739657,0.079054564,0.0031523367,0.015206627,0.0032991513,0.007173611,0.0023948436,0.014158942,0.0033634156,0.0032062682,0.002298907,0.0141202565,0.0030804102,0.0024471716,0.0021133793,0.014563767,0.0032392766
4717,/home/jupyter/dent_outputs/isic2019_v2/melanoma/hairs/seed4717/lambda_t_star5/style.png,0.015038348,0.032572575,0.009182893,0.002839843,0.9997466,0.0018744576,0.11930271,0.002151894,0.9999014,0.0016073565,0.026868498,0.0016394797,0.9999473,0.0011844869,0.014098772,0.000985766,0.9999105,0.0012707368,0.010802524,0.0009013802,0.9999441,0.00209987,0.008178397,0.000955375,0.9981108,0.003345604,0.00792129,0.0025753973,0.8452533,0.005057857,0.005558229,0.0035917847,0.4312047,0.005429762,0.0063182735,0.005366726,0.053513583,0.007017429,0.0084641995,0.0089089405
4926,/home/jupyter/dent_outputs/isic2019_v2/melanoma/hairs/seed4926/lambda_t_star5/style.png,0.7585229,0.009584162,0.002896073,0.00055729307,0.99960715,0.0021154408,0.02927594,0.0011510799,0.9993476,0.0022029327,0.03072029,0.0013538282,0.9991911,0.0011935129,0.018194765,0.00093683734,0.9992211,0.0010445651,0.017844107,0.0007041046,0.9977367,0.0007768606,0.01568201,0.00077097904,0.9586317,0.0014371147,0.029682111,0.0021506557,0.07170811,0.001472055,0.054277774,0.0038950888,0.008761785,0.0011469596,0.053225305,0.002371482,0.0045925835,0.001104715,0.06268517,0.0025008735
4374,/home/jupyter/dent_outputs/isic2019_v2/melanoma/hairs/seed4374/lambda_t_star5/style.png,0.2180615,0.004492878,0.0014767218,0.0033332442,0.6100823,0.004301434,0.0020443723,0.0014444964,0.12173492,0.0059331893,0.0023853672,0.0018577575,0.050095297,0.0062702647,0.0018351199,0.0012353678,0.015911639,0.0065426547,0.0020687091,0.0013042438,0.0021468247,0.0054809866,0.0022633483,0.0012520398,0.0012692314,0.005372461,0.002353309,0.0012176445,0.0010400742,0.0044551846,0.0023868924,0.0011721139,0.00095291284,0.002737002,0.002494241,0.0012448558,0.0009110472,0.0021984107,0.0025180674,0.0012433686
4896,/home/jupyter/dent_outputs/isic2019_v2/melanoma/hairs/seed4896/lambda_t_star5/style.png,0.0006468586,0.002951079,0.021532085,0.0025766578,0.84840065,0.0068823136,0.008306298,0.0041630664,0.7533701,0.006791717,0.009333069,0.0043832604,0.49162298,0.0048512025,0.008584178,0.0040822127,0.11277945,0.0038770053,0.009159923,0.0040677204,0.0176104,0.0032915461,0.009455157,0.0039674863,0.006534877,0.0024064414,0.008051565,0.0031554864,0.0035593992,0.002649839,0.008667869,0.0035609046,0.0024401124,0.002400115,0.008374571,0.0033547904,0.0021525503,0.0026854107,0.008918099,0.003553831
4482,/home/jupyter/dent_outputs/isic2019_v2/melanoma/hairs/seed4482/lambda_t_star5/style.png,0.019754522,0.06253736,0.005926435,0.004883929,0.8062979,0.004827921,0.035041817,0.0029637248,0.84766996,0.0052844784,0.025126852,0.0029958582,0.87117946,0.004671479,0.021944216,0.0030805464,0.9282428,0.006846556,0.024669927,0.0036279196,0.74123955,0.0035667496,0.021020183,0.00311618,0.2883434,0.002743597,0.012583141,0.0023003367,0.035358664,0.0024428335,0.006191068,0.001977109,0.005770797,0.0026181876,0.0059981747,0.0017790891,0.0027262412,0.0022227839,0.0044314396,0.0016504569
4507,/home/jupyter/dent_outputs/isic2019_v2/melanoma/hairs/seed4507/lambda_t_star5/style.png,0.0021758864,0.006016454,0.8011785,0.0028100184,0.38748828,0.002107326,0.093488626,0.0033346259,0.24704789,0.0022118904,0.08715032,0.0030730811,0.13819845,0.0028555403,0.09848937,0.0036500648,0.012308366,0.0022446217,0.111247994,0.0031300948,0.00900722,0.0014607365,0.09036429,0.0021051152,0.007222674,0.0013936934,0.08112918,0.0018915018,0.0044888146,0.0012913886,0.067832276,0.0016350121,0.0032579466,0.0013472827,0.06804194,0.0016829538,0.0026142672,0.0012496553,0.07058119,0.0019834964
4354,/home/jupyter/dent_outputs/isic2019_v2/melanoma/hairs/seed4354/lambda_t_star5/style.png,0.0017647378,0.018103458,0.0027888624,0.0028542124,0.9719877,0.0043816706,0.14118378,0.0034004916,0.96223813,0.003965629,0.12959985,0.0030921192,0.9628302,0.0038309984,0.13586746,0.002991105,0.95303065,0.0044237785,0.13940367,0.0033287054,0.93781793,0.0036432927,0.12221588,0.0031513837,0.87119484,0.003696764,0.119099766,0.0031245158,0.65685713,0.00422202,0.13267843,0.0036878844,0.06150031,0.0032864767,0.1267791,0.0033228355,0.0017707421,0.0028225712,0.20195375,0.0040211184
4788,/home/jupyter/dent_outputs/isic2019_v2/melanoma/hairs/seed4788/lambda_t_star5/style.png,0.005982258,0.007775958,0.021866512,0.0056808516,0.63568294,0.00051223446,0.0014810164,0.0009840337,0.6524021,0.0005679398,0.001346915,0.0010754183,0.60131997,0.0005384458,0.0012888642,0.001052743,0.64155465,0.0005378492,0.0015113048,0.0011072609,0.65256965,0.00055734353,0.0019005311,0.0011685977,0.60175896,0.00062947714,0.0018828284,0.0013018716,0.019370887,0.00045436097,0.0032447327,0.0020232853,0.0025930246,0.00036303228,0.003056625,0.0019658988,0.0020801816,0.00040893,0.0035160014,0.0022789445
4722,/home/jupyter/dent_outputs/isic2019_v2/melanoma/hairs/seed4722/lambda_t_star5/style.png,0.007420603,0.011085995,0.0013285796,0.0014301975,0.85718834,0.007298185,0.00025192238,0.00049813284,0.9075471,0.013340904,0.0005446759,0.0007393432,0.77712196,0.012516587,0.00043372283,0.0006392085,0.7164201,0.014092257,0.00035658697,0.0005717036,0.8647514,0.02346204,0.00024514497,0.0005099859,0.37761393,0.053621296,0.00040271415,0.0012180889,0.014418922,0.12679139,0.0007303975,0.0019308295,0.0050655873,0.070685364,0.0005642647,0.0012279511,0.0040051276,0.055729154,0.0005696597,0.0011956266
4256,/home/jupyter/dent_outputs/isic2019_v2/melanoma/hairs/seed4256/lambda_t_star5/style.png,0.00076990237,0.0006806766,0.0009214986,0.00025515357,0.9724115,0.3436089,0.004055189,0.0028955925,0.9839792,0.33191016,0.004442382,0.0032388344,0.9895676,0.27577126,0.003843641,0.0026016554,0.99314284,0.22889994,0.0030664618,0.0023458537,0.9937789,0.16300713,0.002412025,0.001977645,0.9897546,0.09044321,0.0015064491,0.0014902309,0.88702184,0.07990259,0.0010164619,0.0014111168,0.013115443,0.03737776,0.0006545581,0.000962053,0.0023507793,0.0344108,0.00078969327,0.0011020341
4003,/home/jupyter/dent_outputs/isic2019_v2/melanoma/hairs/seed4003/lambda_t_star5/style.png,0.013977656,0.1976542,0.030840943,0.006891968,0.99980944,0.0006936986,0.006593359,0.00073029974,0.9998161,0.00047505734,0.0057103676,0.0006313701,0.9997434,0.00048381128,0.0075944504,0.0007227802,0.999711,0.00073738466,0.007809469,0.0007889219,0.9996232,0.0011417299,0.0072977184,0.0010000408,0.9989285,0.002514424,0.0117175225,0.0020792393,0.9951578,0.0053329314,0.013180543,0.003943919,0.91131765,0.006503558,0.014447187,0.00522068,0.7689405,0.0071691293,0.01613478,0.006030898
4427,/home/jupyter/dent_outputs/isic2019_v2/melanoma/hairs/seed4427/lambda_t_star5/style.png,0.008756241,0.5185532,0.49668503,0.0383698,0.15586717,0.0020098428,0.0037932787,0.001417769,0.10335406,0.0028531298,0.004937798,0.0015355672,0.053961944,0.0024981152,0.005652129,0.0015093976,0.022965245,0.0017272909,0.00459086,0.0013141056,0.0076699927,0.0009619175,0.0047541843,0.00088752544,0.00051824,0.0005843705,0.004309367,0.0006795148,0.00024688305,0.00042063073,0.0056577055,0.0005966435,0.00025416003,0.0003015478,0.0057078903,0.0006605856,0.00023629593,0.00023936623,0.006111649,0.0005752213
4465,/home/jupyter/dent_outputs/isic2019_v2/melanoma/hairs/seed4465/lambda_t_star5/style.png,0.0011084815,0.1473797,0.038918626,0.009120658,0.98341745,0.0015866313,0.0056710616,0.0014434376,0.9843443,0.0014319078,0.0055086524,0.0012803576,0.9851451,0.0013059636,0.0053104414,0.0012062634,0.97901344,0.0012078546,0.0047653047,0.0011482927,0.95628506,0.0014703437,0.00431452,0.0013984565,0.9171158,0.0015071909,0.0041847387,0.0018960246,0.7788423,0.0016235497,0.0032298139,0.0025336503,0.12450073,0.0018943712,0.00354694,0.0037176835,0.016241698,0.002301855,0.0049184505,0.004339744
4310,/home/jupyter/dent_outputs/isic2019_v2/melanoma/hairs/seed4310/lambda_t_star5/style.png,0.011483099,0.22049999,0.0004064311,0.0010065631,0.0018165358,0.04412035,0.006067538,0.0037338268,0.0022043893,0.045335233,0.008671995,0.0061295344,0.0030769475,0.05849728,0.016179265,0.0136219375,0.0028177747,0.05151362,0.016392643,0.01693964,0.0035885982,0.060100075,0.019855374,0.022709284,0.0047920505,0.055407878,0.021221625,0.028185612,0.0072561386,0.06978499,0.030855462,0.058292054,0.008573232,0.07248596,0.0356234,0.073787495,0.007292332,0.0626531,0.029460642,0.063127294
4619,/home/jupyter/dent_outputs/isic2019_v2/melanoma/hairs/seed4619/lambda_t_star5/style.png,0.014416986,0.022945005,0.0020692586,0.0003761499,0.9997776,0.008522867,0.02053041,0.0039630136,0.9991099,0.005726314,0.01639072,0.003899226,0.9982218,0.0050716423,0.015864892,0.0034517546,0.99742573,0.0054414347,0.01813064,0.0035703853,0.9953798,0.005358239,0.01851826,0.0036029918,0.96462363,0.004081292,0.016833397,0.004102081,0.66322356,0.0043015378,0.0164603,0.005540761,0.10966426,0.0029506187,0.009871283,0.0038626387,0.07258918,0.0024420528,0.008943725,0.003344359
4512,/home/jupyter/dent_outputs/isic2019_v2/melanoma/hairs/seed4512/lambda_t_star5/style.png,0.0026924452,0.024163624,0.017058264,0.0033072298,0.9979803,0.01600443,0.008320274,0.0022427493,0.9976369,0.014115929,0.008802114,0.0021736482,0.99725753,0.013234143,0.009218838,0.0022655881,0.9970162,0.0114762,0.008909109,0.002193714,0.9961344,0.010122889,0.010101324,0.0023574703,0.97878987,0.02172061,0.010276863,0.0040880325,0.3835164,0.016460855,0.019561423,0.010378074,0.053149525,0.0116524175,0.0148595935,0.007223067,0.009756266,0.009474569,0.013543795,0.0060124146
4994,/home/jupyter/dent_outputs/isic2019_v2/melanoma/hairs/seed4994/lambda_t_star5/style.png,0.00022449384,0.0057959887,0.03772567,0.0024236562,0.9839892,0.0026880517,0.01039099,0.0051882365,0.99575067,0.0015508087,0.010275559,0.0027540424,0.99417216,0.001331344,0.00880551,0.0025407982,0.9805069,0.0015347186,0.0059510097,0.0024526909,0.8574736,0.002927774,0.009659911,0.004772857,0.5920164,0.0029971134,0.010433899,0.005510361,0.24449685,0.0024078991,0.009438509,0.0051087122,0.059296094,0.0021891596,0.009017194,0.0055611366,0.018342087,0.0017868518,0.0084623145,0.005327046
4163,/home/jupyter/dent_outputs/isic2019_v2/melanoma/hairs/seed4163/lambda_t_star5/style.png,0.006835531,0.0061669606,0.00074874394,0.0005269696,0.90232354,0.004459922,0.0042900755,0.00850243,0.85936695,0.0026982697,0.008219847,0.0021078808,0.13832481,0.004641099,0.016926318,0.0070443368,0.004455015,0.021142503,0.017481228,0.013888775,0.0036152524,0.015245751,0.013871798,0.0110492725,0.0026805126,0.013622495,0.011604492,0.009495875,0.0021496487,0.009621204,0.009460697,0.0073757437,0.0023831506,0.010129867,0.007383778,0.0057840976,0.002026547,0.009904263,0.0069567,0.0049498174
4702,/home/jupyter/dent_outputs/isic2019_v2/melanoma/hairs/seed4702/lambda_t_star5/style.png,0.0020634062,0.018337976,0.00056212244,0.00017995952,0.9872171,0.0037482188,0.0086218305,0.0038323018,0.9908262,0.0030742222,0.007040586,0.0025062868,0.9953595,0.0030974434,0.0061685713,0.0022193866,0.98556465,0.002730093,0.0063652955,0.002544788,0.9712613,0.003392784,0.008286511,0.0036373017,0.6661961,0.002699933,0.0050007585,0.0026951558,0.16758564,0.005583075,0.006126546,0.003573445,0.05461534,0.0041987672,0.0064877165,0.004451664,0.029521676,0.0042381487,0.0064510116,0.004456322
4312,/home/jupyter/dent_outputs/isic2019_v2/melanoma/hairs/seed4312/lambda_t_star5/style.png,0.0021101646,0.0995283,0.0016769998,0.0017884722,0.0006383531,0.03297318,0.11575858,0.019210612,0.00048259363,0.014034447,0.12007147,0.011226745,0.0005379961,0.014220273,0.13524094,0.010981171,0.0005718444,0.013430573,0.14288627,0.011418376,0.0005463517,0.010829762,0.15856478,0.0099821,0.0004852842,0.009507471,0.15824734,0.008575685,0.00039456305,0.007137938,0.1519343,0.00626916,0.0003771409,0.0074710883,0.17597039,0.0068278923,0.00037944337,0.0077327164,0.2025989,0.0061884806
4677,/home/jupyter/dent_outputs/isic2019_v2/melanoma/hairs/seed4677/lambda_t_star5/style.png,0.0030451715,0.04731283,0.1727011,0.011466585,0.01671441,0.00029288518,0.014788727,0.0016100951,0.015778873,0.00031362483,0.017566726,0.0014517322,0.011380734,0.00032738448,0.021924896,0.001417601,0.004901462,0.00030408637,0.026161948,0.0013784104,0.0014024944,0.00031062088,0.021807613,0.001390705,0.0010804891,0.00029257036,0.023226835,0.0012935412,0.00093239424,0.00029203726,0.025524963,0.0012306923,0.00064591237,0.00027800896,0.028140433,0.0010315306,0.00046542732,0.00024354638,0.025706695,0.00085985824
4968,/home/jupyter/dent_outputs/isic2019_v2/melanoma/hairs/seed4968/lambda_t_star5/style.png,0.0011522236,0.0061531146,0.091240324,0.0022686352,0.99407095,0.010971264,0.011179865,0.0016622087,0.920218,0.0027918771,0.0049604727,0.0027429666,0.7213801,0.003212901,0.0029765293,0.0017304954,0.7044518,0.0028748931,0.0025479938,0.0015646876,0.57198715,0.0023257944,0.0024716023,0.0015541591,0.23989783,0.001525031,0.0029782322,0.0014888183,0.009880747,0.0015606974,0.0056153913,0.0018997604,0.0012441138,0.0006821495,0.0052617933,0.0014555154,0.00074295944,0.0004876054,0.0048288163,0.0013184192
4202,/home/jupyter/dent_outputs/isic2019_v2/melanoma/hairs/seed4202/lambda_t_star5/style.png,0.0019008088,0.6527581,0.0024762787,0.0010383377,0.98020077,0.0312999,0.0040987497,0.0044965395,0.1013572,0.14380212,0.0043566055,0.0077146566,0.055330925,0.11856923,0.004078787,0.007102533,0.054286197,0.09928906,0.0035587398,0.00580579,0.041080125,0.077881634,0.0037996536,0.0060751494,0.026247969,0.06676042,0.003797992,0.0057532974,0.01637383,0.049304947,0.0044471356,0.0060134004,0.009018651,0.029510688,0.0045619435,0.005739205,0.0063798674,0.023216158,0.0046141953,0.0049453382
4670,/home/jupyter/dent_outputs/isic2019_v2/melanoma/hairs/seed4670/lambda_t_star5/style.png,0.004971728,0.44370136,0.008616188,0.0043020365,0.0019759922,0.00054590666,0.007359023,0.002036615,0.0019070657,0.00043850203,0.007044834,0.0018051689,0.0019212334,0.00037829118,0.006136658,0.0015310512,0.0020784826,0.00032191988,0.005507735,0.0014654017,0.0020220878,0.00039370428,0.006203541,0.0017198175,0.0017432667,0.00040557768,0.006471444,0.0018952318,0.0015296668,0.00038058503,0.0069789607,0.001910155,0.0013613708,0.00034167396,0.0069312435,0.0018019145,0.001321235,0.00036486596,0.007233726,0.002005969
4576,/home/jupyter/dent_outputs/isic2019_v2/melanoma/hairs/seed4576/lambda_t_star5/style.png,0.01394197,0.005702186,0.03626331,0.0016916702,0.99802065,0.014907512,0.019488085,0.006465563,0.9985886,0.013695543,0.008329502,0.0043042423,0.9977399,0.015762271,0.0050937925,0.0037898568,0.99342513,0.018718716,0.005514789,0.004901878,0.9903999,0.017794376,0.0069561563,0.00556663,0.95343596,0.017412005,0.0067149694,0.0060156533,0.29776666,0.02091046,0.0066886963,0.006173051,0.060607012,0.019047255,0.0053440486,0.0043217754,0.030125348,0.018004613,0.005355777,0.0040017357
4463,/home/jupyter/dent_outputs/isic2019_v2/melanoma/hairs/seed4463/lambda_t_star5/style.png,0.0044875173,0.027583817,0.12803037,0.015594039,0.99972624,0.0064858296,0.009769331,0.0028180573,0.99956995,0.0076513756,0.010343766,0.002734262,0.99943405,0.008196309,0.010177912,0.002627261,0.99927443,0.0085326405,0.009580873,0.0026399486,0.99905175,0.008187972,0.010316096,0.0031945019,0.99717987,0.010311721,0.009309877,0.004568351,0.9798932,0.013627891,0.010595689,0.0070766057,0.9030807,0.017102567,0.01074895,0.009259886,0.8424738,0.017711742,0.01134248,0.009788635
4879,/home/jupyter/dent_outputs/isic2019_v2/melanoma/hairs/seed4879/lambda_t_star5/style.png,0.0011202412,0.0026710834,0.044660825,0.004219449,0.97248477,0.0015788438,0.033027,0.0023833956,0.9588892,0.0012854676,0.029491989,0.0022006219,0.945565,0.0012331348,0.025959907,0.0019313708,0.92242706,0.0012859617,0.023272527,0.002182164,0.16386472,0.0009838368,0.014128398,0.0029094643,0.07078023,0.0011892664,0.016292302,0.00448802,0.005513521,0.0011631575,0.011874251,0.0046427078,0.0014928607,0.0016162114,0.012387519,0.0059002824,0.0010445546,0.0015519483,0.011272684,0.005376432
4769,/home/jupyter/dent_outputs/isic2019_v2/melanoma/hairs/seed4769/lambda_t_star5/style.png,0.005011185,0.020796055,0.5092754,0.0028991906,0.9989297,0.00020145891,0.00058490294,0.00031175598,0.9989717,0.00022629624,0.00065287005,0.00034811723,0.9980568,0.00021515467,0.00071660517,0.00040926167,0.9973463,0.00021411158,0.00083325093,0.0004253265,0.98746055,0.00012892965,0.0006865796,0.0003497,0.58393383,0.00012789424,0.0011710682,0.0004695336,0.001173635,0.00015011756,0.0030572831,0.00097041193,0.0009842681,0.0001580171,0.00339602,0.0010442676,0.0009667829,0.00016065499,0.0037806612,0.0010497292
4131,/home/jupyter/dent_outputs/isic2019_v2/melanoma/hairs/seed4131/lambda_t_star5/style.png,0.003955443,0.021888398,0.00038564112,0.00044869183,0.9173097,0.014839978,0.060325395,0.0031247286,0.8540427,0.014082814,0.06650503,0.0035998074,0.5945546,0.019522903,0.10073746,0.00431811,0.26293728,0.0163041,0.13617687,0.0037481277,0.2380406,0.015840327,0.16190566,0.0038874948,0.04745922,0.012351825,0.11464331,0.004126233,0.011881291,0.008223456,0.09272786,0.002903424,0.0056283833,0.0070349933,0.08601479,0.0028070228,0.002720183,0.0054412796,0.074050285,0.0023373165
4949,/home/jupyter/dent_outputs/isic2019_v2/melanoma/hairs/seed4949/lambda_t_star5/style.png,0.02597273,0.534552,0.020246994,0.011628838,0.99192667,0.0069340887,0.005710286,0.003975646,0.96240234,0.00479898,0.007552236,0.0047911387,0.9526065,0.004689835,0.008093148,0.004601537,0.91934556,0.0035988516,0.0064167595,0.004342992,0.8694451,0.004489203,0.006698223,0.0053550703,0.61290133,0.0044575473,0.00785519,0.0055260304,0.014167916,0.0017478532,0.0051135593,0.0040530423,0.007814103,0.001697837,0.005705079,0.003943359,0.0026890095,0.0017907269,0.005975771,0.0046748263
4928,/home/jupyter/dent_outputs/isic2019_v2/melanoma/hairs/seed4928/lambda_t_star5/style.png,0.0005463405,0.031840235,0.003775946,0.0017667522,0.0027222652,0.00035210414,0.0018337598,0.0015108156,0.002770092,0.00039874186,0.0018917478,0.0016170017,0.0026672743,0.0004225022,0.0016048355,0.0014581638,0.0026331348,0.00048418582,0.0017198545,0.0016138124,0.0026841008,0.00046501379,0.0017845979,0.0016689872,0.0026310633,0.0004295351,0.0018854083,0.0017609942,0.0022777717,0.00035390505,0.002062875,0.0017110816,0.0024207884,0.00037582676,0.002879606,0.0019443044,0.002398566,0.00040446976,0.0038708579,0.0020881114
4727,/home/jupyter/dent_outputs/isic2019_v2/melanoma/hairs/seed4727/lambda_t_star5/style.png,0.014658779,0.009851211,0.007297473,0.0018867503,0.06099607,0.0025783228,0.0039839763,0.0016959566,0.05788373,0.0028202394,0.003937191,0.0017266916,0.0253687,0.0022853687,0.004259802,0.0014381107,0.010029215,0.0025971544,0.0060507106,0.0016954407,0.00067053834,0.0027758295,0.008586911,0.0013643398,0.0004447588,0.0033326296,0.008454645,0.0014198796,0.0002902524,0.0025724482,0.009867768,0.0013307154,0.00020317247,0.0019938813,0.0103199,0.0011841474,0.00019788757,0.0017658082,0.010400517,0.0012076366
4796,/home/jupyter/dent_outputs/isic2019_v2/melanoma/hairs/seed4796/lambda_t_star5/style.png,0.5463133,0.0006800522,0.0002628155,0.0003637891,0.99897647,0.0029667092,0.041896496,0.0017766131,0.99975115,0.002502831,0.021108238,0.0017801734,0.99942327,0.0023002285,0.010622992,0.0014405916,0.9990013,0.0027573442,0.013182013,0.0018284676,0.99865973,0.0017828437,0.012002984,0.0013774866,0.9974898,0.0012421481,0.007137924,0.001241753,0.9669055,0.00085057295,0.0059578433,0.0013662421,0.02671836,0.0015036954,0.013001207,0.002139167,0.015427419,0.0016354714,0.016563334,0.002668397
4936,/home/jupyter/dent_outputs/isic2019_v2/melanoma/hairs/seed4936/lambda_t_star5/style.png,0.0024673622,0.0014963184,0.0061712875,0.0032096943,0.0023585598,0.0029982792,0.010871016,0.003744458,0.0022748595,0.0030178789,0.0111002335,0.0036828893,0.002383848,0.003019162,0.010682207,0.0036995185,0.0020068714,0.0028049427,0.00986562,0.0036070428,0.0020598343,0.0025638458,0.008408381,0.0033874048,0.001256846,0.0020513642,0.0072599077,0.0026387786,0.000993946,0.0019441738,0.007924862,0.002575934,0.0009040991,0.0017592525,0.007849202,0.0023459408,0.0010049213,0.0020757606,0.008782837,0.002549839
4861,/home/jupyter/dent_outputs/isic2019_v2/melanoma/hairs/seed4861/lambda_t_star5/style.png,0.0030994127,0.044853367,0.0023416602,0.002620156,0.69841254,0.019878214,0.03200114,0.0037110362,0.54821986,0.026638351,0.04108481,0.0042749373,0.47017044,0.025818294,0.0371279,0.0049396255,0.5625766,0.012853489,0.027083617,0.0060288087,0.80776954,0.013154198,0.023608388,0.004664133,0.8561708,0.013231129,0.0257159,0.005717026,0.8277487,0.011388123,0.020113671,0.0055762567,0.019426981,0.009205259,0.01138806,0.006387047,0.0038249453,0.014302308,0.015815645,0.008140325
4683,/home/jupyter/dent_outputs/isic2019_v2/melanoma/hairs/seed4683/lambda_t_star5/style.png,0.0035667822,0.014843951,0.05624298,0.0067637768,0.9996507,0.0046930523,0.006752475,0.0028732778,0.9996093,0.005234435,0.0072325817,0.0027896345,0.9997526,0.005046733,0.010036542,0.0027089072,0.99857366,0.00404347,0.0071669575,0.0034156393,0.99789655,0.004287787,0.006896757,0.003707061,0.9921584,0.0042275987,0.0057507725,0.004426917,0.965085,0.0043218164,0.006179127,0.007331838,0.7340072,0.0049629984,0.007941619,0.010917465,0.40874928,0.005065787,0.010235019,0.014289642
4863,/home/jupyter/dent_outputs/isic2019_v2/melanoma/hairs/seed4863/lambda_t_star5/style.png,0.003240034,0.0016039885,0.06295183,0.0018103824,0.9378687,0.0049760942,0.01921411,0.0028367038,0.93518007,0.0039160806,0.019163975,0.0034482959,0.87937945,0.00358875,0.015594404,0.003978731,0.5719518,0.0020346688,0.014728738,0.0036998647,0.08145548,0.0015822548,0.013462422,0.0045087226,0.004304733,0.0011071619,0.011924249,0.0032439046,0.002910707,0.0011338984,0.013991635,0.0029810893,0.0019256007,0.0010542711,0.013330183,0.0025928568,0.0014615691,0.0011767923,0.015002468,0.0027121967
4681,/home/jupyter/dent_outputs/isic2019_v2/melanoma/hairs/seed4681/lambda_t_star5/style.png,0.018369531,0.008392627,0.0026541713,0.0017683106,0.99978715,0.0028763711,0.01462704,0.002411011,0.9998306,0.0029906512,0.014394555,0.0013923204,0.9995977,0.0022334133,0.008253593,0.0014081146,0.99774593,0.002490669,0.003996993,0.001409869,0.847047,0.0032237803,0.0030397782,0.0021946481,0.010070116,0.010002615,0.004829222,0.0042459234,0.0022010335,0.009857658,0.005912806,0.003726988,0.0011848254,0.0072687934,0.0055412548,0.0028682481,0.00093196443,0.0069410433,0.0061271177,0.0026321772
4147,/home/jupyter/dent_outputs/isic2019_v2/melanoma/hairs/seed4147/lambda_t_star5/style.png,0.00033301386,0.0023389226,0.026862936,0.0027877765,0.84405136,0.0030202642,0.009142896,0.0015710315,0.8375831,0.002738004,0.0076060067,0.0014166469,0.8257164,0.0022625993,0.008947379,0.001317109,0.58395094,0.0024770456,0.011172408,0.0013132072,0.06803007,0.0022562107,0.015740996,0.0014777657,0.9928544,0.0028498336,0.010972418,0.0016259552,0.03019574,0.0012165612,0.012416907,0.0011541112,0.0043690307,0.0015488924,0.010616299,0.0010908538,0.001998151,0.001366026,0.008472756,0.0009916518
4877,/home/jupyter/dent_outputs/isic2019_v2/melanoma/hairs/seed4877/lambda_t_star5/style.png,0.12108521,0.0067018564,0.011818917,0.0046468033,0.9921176,0.0041157478,0.004518975,0.002000325,0.9886541,0.0049646734,0.005701426,0.0024141658,0.9781838,0.005386567,0.0077101276,0.002724489,0.9755367,0.004418334,0.0062660826,0.0026371654,0.96550906,0.004123839,0.0062017357,0.002795226,0.034845654,0.0064739184,0.00940862,0.0059016137,0.01798328,0.005358262,0.011170055,0.0052461177,0.012630366,0.004858653,0.010146338,0.0048090727,0.010972045,0.0046108584,0.009102942,0.0045098397
4443,/home/jupyter/dent_outputs/isic2019_v2/melanoma/hairs/seed4443/lambda_t_star5/style.png,0.010555857,0.009813101,0.0014398709,0.0022693314,0.18771406,0.047413778,0.0010188726,0.0043282746,0.9195049,0.0477082,0.00085087406,0.004906181,0.9662693,0.031100715,0.0011390754,0.0057667657,0.9728704,0.02925887,0.0017554732,0.0074627735,0.96902597,0.03560693,0.0020431557,0.007587909,0.62547135,0.073722236,0.001884293,0.0056573064,0.5235953,0.07500758,0.0022418418,0.006684066,0.50244004,0.07543779,0.0018177277,0.0068027778,0.35219717,0.05607288,0.0014230114,0.005324265
4471,/home/jupyter/dent_outputs/isic2019_v2/melanoma/hairs/seed4471/lambda_t_star5/style.png,0.15450186,0.0036164103,0.0014128926,0.0016865853,0.99185914,0.0111872535,0.029227706,0.0014801042,0.9951213,0.016274063,0.032016788,0.0016333162,0.99140245,0.010971393,0.026387364,0.0016663951,0.9928999,0.00586862,0.015015206,0.0010695037,0.5370476,0.0031134733,0.01008823,0.0005150113,0.007281563,0.002782384,0.0060604047,0.00052099203,0.0015504069,0.0017107397,0.004029989,0.0003953332,0.00029467998,0.0013620316,0.0041544447,0.0004491161,0.00024531825,0.0013426207,0.004486727,0.00041296735
4854,/home/jupyter/dent_outputs/isic2019_v2/melanoma/hairs/seed4854/lambda_t_star5/style.png,0.000919459,0.007928739,0.17004995,0.004332777,0.9991103,0.0053022066,0.006483181,0.0028245137,0.9990102,0.0051168427,0.0054276455,0.002089474,0.9986518,0.0055797403,0.005301786,0.0019870424,0.9984566,0.00560638,0.0043730503,0.0024714977,0.99588263,0.005587662,0.006121255,0.0032549284,0.96742845,0.006203908,0.006972714,0.0057132896,0.727775,0.0074225003,0.0078024324,0.006878349,0.33502358,0.0054470086,0.005596645,0.005198706,0.16644551,0.003971485,0.005255921,0.004246131
4813,/home/jupyter/dent_outputs/isic2019_v2/melanoma/hairs/seed4813/lambda_t_star5/style.png,0.028902372,0.62865937,0.0143491095,0.01101194,0.9980539,0.0041497736,0.0018415923,0.0018504884,0.99801,0.004043714,0.0018732866,0.0020041496,0.9978745,0.004646508,0.0022358894,0.0024098642,0.9973984,0.005007178,0.0025267643,0.0026635511,0.9954586,0.004506367,0.0025908896,0.002918087,0.89464897,0.012900281,0.006577067,0.009443785,0.019103603,0.009832999,0.004632791,0.0054346984,0.00706946,0.009037827,0.0049131345,0.0050073466,0.005582588,0.009354923,0.005398429,0.004920544
4770,/home/jupyter/dent_outputs/isic2019_v2/melanoma/hairs/seed4770/lambda_t_star5/style.png,0.0011758489,0.0022007916,0.007813224,0.0018069836,0.15659846,0.002741501,0.0062580947,0.0088304775,0.01938735,0.003516728,0.011738387,0.012602447,0.01191491,0.0028388223,0.009772726,0.01100814,0.010155977,0.0026291383,0.009202985,0.009833542,0.011872516,0.0026350804,0.008898695,0.00950362,0.0065635964,0.002552955,0.009665021,0.010308457,0.0016366957,0.002843986,0.012581401,0.011089058,0.0014306348,0.0032491279,0.013384037,0.012406953,0.0010804305,0.0029563084,0.013677861,0.0112342965
4808,/home/jupyter/dent_outputs/isic2019_v2/melanoma/hairs/seed4808/lambda_t_star5/style.png,0.02518388,0.035511844,0.002422219,0.0013468785,0.33841068,0.0005267062,0.009393716,0.0020340986,0.19234699,0.0004748115,0.014634972,0.001758849,0.096749224,0.00047676597,0.017180098,0.001757448,0.06599757,0.00045699673,0.015428629,0.0019493456,0.06199662,0.0003408736,0.010868268,0.0019115219,0.12016771,0.00036354153,0.0073704077,0.0021855284,0.0038029926,0.00066387,0.008155604,0.0029479307,0.0024275654,0.000605252,0.008552647,0.0027305877,0.0022950363,0.00077774725,0.00878377,0.003193849
4044,/home/jupyter/dent_outputs/isic2019_v2/melanoma/hairs/seed4044/lambda_t_star5/style.png,0.022174738,0.011325906,0.0065105925,0.0057275984,0.96447474,0.022117559,0.0031156924,0.005605843,0.9621808,0.03038548,0.0036464545,0.0037873678,0.9441265,0.030233258,0.0033254311,0.0029180297,0.6055326,0.03178818,0.0033635434,0.0033132855,0.5475504,0.033924077,0.0034921982,0.003340185,0.4653296,0.037005115,0.0035319482,0.0034220791,0.4011418,0.03326688,0.0036033923,0.0034225413,0.0748855,0.033639144,0.003912814,0.0030568545,0.052013896,0.025224423,0.0038097568,0.00280378
4085,/home/jupyter/dent_outputs/isic2019_v2/melanoma/hairs/seed4085/lambda_t_star5/style.png,0.001741544,0.001979386,0.096696176,0.00219989,0.82160133,0.005282318,0.02464077,0.0042896457,0.87992305,0.010857355,0.01634955,0.006158409,0.95130354,0.011001917,0.014820525,0.0058920234,0.94240344,0.0077823508,0.03390852,0.006324884,0.9049714,0.0061086314,0.028137056,0.0059528043,0.6736346,0.008065493,0.024198905,0.007686938,0.11002843,0.007415572,0.019859908,0.0059258845,0.005743598,0.003842009,0.013850876,0.0027500626,0.0030771757,0.0032370812,0.011269283,0.0025219135
4597,/home/jupyter/dent_outputs/isic2019_v2/melanoma/hairs/seed4597/lambda_t_star5/style.png,0.00057592324,0.018759293,0.0006033363,0.00060762116,0.01944508,0.013871172,0.061786603,0.007696033,0.0127622625,0.011840427,0.074888505,0.0058871266,0.010344801,0.013731809,0.050706424,0.005781611,0.0102136135,0.013559196,0.036336757,0.0068190154,0.015671194,0.011095482,0.012268439,0.007027443,0.015606099,0.0113975275,0.010817713,0.0067520086,0.0033285744,0.009365255,0.010130808,0.0078050992,0.0016183725,0.010108449,0.011545006,0.00869202,0.0010821559,0.012278536,0.016129535,0.009912987
4564,/home/jupyter/dent_outputs/isic2019_v2/melanoma/hairs/seed4564/lambda_t_star5/style.png,0.08013632,0.00096436567,0.012335355,0.0009509338,0.9835967,0.012235395,0.8897088,0.015861714,0.97361934,0.0108487755,0.886939,0.014854512,0.97614515,0.0061923917,0.85679,0.007053104,0.96911544,0.0053317547,0.77216846,0.00599533,0.95974004,0.0054641026,0.7565075,0.0063334424,0.9015186,0.0063352347,0.7226548,0.0059199776,0.61597466,0.004285739,0.6420196,0.0044588596,0.04823964,0.0032036419,0.71107316,0.0042124386,0.0252072,0.0032721208,0.744677,0.0042111743
4737,/home/jupyter/dent_outputs/isic2019_v2/melanoma/hairs/seed4737/lambda_t_star5/style.png,0.015471017,0.19827141,0.0016108007,0.0018916676,0.003504484,0.019251479,0.002871661,0.0017891617,0.0040486753,0.030340059,0.003844244,0.00241589,0.0038176246,0.022951175,0.003232417,0.002085588,0.0037170951,0.022232195,0.002919898,0.002331709,0.0025107146,0.017348869,0.003376336,0.0021924973,0.019150477,0.020149913,0.0027440966,0.0021545968,0.0010234914,0.0192755,0.0034417706,0.0020841784,0.00094410084,0.011419658,0.003274724,0.0019149128,0.0010551071,0.009549052,0.0031420563,0.0018534352
4874,/home/jupyter/dent_outputs/isic2019_v2/melanoma/hairs/seed4874/lambda_t_star5/style.png,0.0037934948,0.0006364635,0.009198838,0.0005660057,0.90560186,0.0012749988,0.0021574076,0.0020850443,0.7351452,0.002007589,0.0026702504,0.0020860785,0.41154474,0.0019401477,0.0030431398,0.0020530245,0.41692483,0.0020413296,0.003316121,0.0020294741,0.23132138,0.0019994855,0.0031989887,0.0018181604,0.02765072,0.0021096987,0.0037247653,0.0021634807,0.0037322803,0.00175492,0.0027512976,0.0017748703,0.0028849205,0.0021450939,0.0027827413,0.0019659465,0.002559933,0.002408434,0.0034917102,0.0021614959
4115,/home/jupyter/dent_outputs/isic2019_v2/melanoma/hairs/seed4115/lambda_t_star5/style.png,0.36238205,0.02193999,0.00033136044,0.0007053178,0.0015842996,0.013935987,0.0007423398,0.0027847043,0.003729204,0.015108673,0.0007503197,0.00243444,0.0071197837,0.019656096,0.000713149,0.0023406001,0.007032533,0.021169428,0.000748086,0.0025008852,0.004952486,0.021306245,0.0008759733,0.0025064107,0.005322856,0.015181391,0.00066197215,0.0017990649,0.003905411,0.0140915895,0.000648951,0.0015276733,0.0010273888,0.011041486,0.0006539234,0.0014281812,0.00087888696,0.011047294,0.00046910928,0.0010262028
4715,/home/jupyter/dent_outputs/isic2019_v2/melanoma/hairs/seed4715/lambda_t_star5/style.png,0.2966886,0.005184644,0.0034259097,0.0042463774,0.0031006164,0.003731096,0.0015249867,0.0019191196,0.004092127,0.0052216044,0.0014860881,0.0025834772,0.006517699,0.0049240757,0.0018131912,0.0030543476,0.0058448273,0.0059929,0.0023125173,0.0037300827,0.0034280773,0.0047695786,0.0019284998,0.002837938,0.0044983886,0.0060376246,0.0022473445,0.003585779,0.0045401617,0.0054914667,0.0018952532,0.004201348,0.0025280039,0.005595417,0.0016545698,0.0036544167,0.0016390317,0.007093395,0.0019319638,0.0043573645
4230,/home/jupyter/dent_outputs/isic2019_v2/melanoma/hairs/seed4230/lambda_t_star5/style.png,0.0044548013,0.0043409183,0.0004994187,0.0003714228,0.10081152,0.0035596443,0.015610758,0.0023713976,0.12761568,0.0058253063,0.017773638,0.0026513769,0.09060698,0.005901368,0.0215107,0.0030128818,0.013364777,0.0048978115,0.01905806,0.0036176906,0.004217061,0.00575996,0.01781429,0.0037380883,0.0018993339,0.0048975097,0.0164703,0.0028722342,0.0014413525,0.0055587664,0.014963334,0.0026336822,0.0010900322,0.0049120835,0.013426896,0.0024094675,0.000856422,0.004489904,0.012797722,0.0022405463
4140,/home/jupyter/dent_outputs/isic2019_v2/melanoma/hairs/seed4140/lambda_t_star5/style.png,0.041673955,0.0014482229,0.038096726,0.003398007,0.24072155,0.004084059,0.5679484,0.0041024494,0.30060193,0.005167469,0.72056586,0.00391844,0.22637427,0.0057621747,0.71860534,0.0049101515,0.26179838,0.0054873694,0.8087581,0.002547692,0.27591184,0.0045592226,0.70410764,0.0019555972,0.022871813,0.0054918546,0.7937519,0.0038172381,0.016965505,0.0045378692,0.760385,0.003634847,0.012648217,0.003856488,0.7572977,0.0034854193,0.013189546,0.003738584,0.71477354,0.002981142
4927,/home/jupyter/dent_outputs/isic2019_v2/melanoma/hairs/seed4927/lambda_t_star5/style.png,0.004282985,0.17544512,0.0022684054,0.0019817536,0.96569985,0.0035326,0.0086900145,0.004351014,0.9632908,0.003391064,0.009195335,0.0044627306,0.96870875,0.0034773594,0.009587754,0.0042017032,0.9456561,0.0029161796,0.007372707,0.003761022,0.9463975,0.0027289041,0.0061654933,0.0039594634,0.84764075,0.004304261,0.00798507,0.006822097,0.11592476,0.0052960464,0.0059614503,0.005415859,0.009937056,0.0036288593,0.004668795,0.0027606282,0.007090951,0.004377176,0.003843818,0.0025210609
4342,/home/jupyter/dent_outputs/isic2019_v2/melanoma/hairs/seed4342/lambda_t_star5/style.png,0.003312196,0.13996501,0.0023552321,0.0019044027,0.4191975,0.0008756054,0.0019452521,0.0018661193,0.60605603,0.0011008831,0.002335886,0.0020821502,0.91445494,0.0017646503,0.0036608009,0.00264607,0.7301087,0.0018161442,0.0064657717,0.0029523768,0.5234606,0.005139721,0.0069910325,0.0047751814,0.0452071,0.004246028,0.0056882827,0.00361324,0.0044780183,0.0034028324,0.0050927224,0.0026837548,0.00046045028,0.0039152587,0.00593387,0.0021704559,0.0002908749,0.0038212568,0.0052393735,0.0017922029
4594,/home/jupyter/dent_outputs/isic2019_v2/melanoma/hairs/seed4594/lambda_t_star5/style.png,0.0055879825,0.016259847,0.070847034,0.0036674752,0.9857956,0.0001855241,0.0015563664,0.00068810454,0.9858224,0.00011738126,0.00158077,0.0005760484,0.990442,0.00013014048,0.0016795452,0.00069827394,0.99396837,0.00012710846,0.0015869244,0.00064218347,0.98828983,0.00010341188,0.0015346499,0.00059074,0.930673,9.351625e-05,0.0017575828,0.0006121248,0.38841435,7.12338e-05,0.0016289179,0.00063910556,0.0029338426,0.00014881237,0.0048567443,0.0015042102,0.00049389986,0.00014946696,0.0056042513,0.0013659019
4011,/home/jupyter/dent_outputs/isic2019_v2/melanoma/hairs/seed4011/lambda_t_star5/style.png,0.2652267,0.010302119,0.0006426396,0.0003746484,0.0026486532,0.0061760093,0.021828268,0.0043913876,0.0029746012,0.005264459,0.016900774,0.007596467,0.0024272858,0.005319222,0.01864354,0.0070515648,0.0024852573,0.0054498767,0.020664215,0.007904138,0.002174156,0.0047990326,0.021393657,0.0069941184,0.0022778055,0.0051148552,0.023929464,0.0077048973,0.002285145,0.0050875377,0.024312641,0.007712612,0.0019869525,0.0042716,0.027160386,0.006730027,0.0019247406,0.0035669312,0.022744918,0.0058891117
4627,/home/jupyter/dent_outputs/isic2019_v2/melanoma/hairs/seed4627/lambda_t_star5/style.png,0.3050161,0.0024716859,0.0037597052,0.0037428127,0.8832624,0.05812232,0.08503192,0.0024232524,0.98891747,0.003034875,0.029021936,0.0013266494,0.9760828,0.0033504171,0.029676411,0.0019244188,0.8815543,0.003057539,0.026142407,0.0018923638,0.47718832,0.0039375927,0.019013904,0.0018366011,0.15771699,0.003806848,0.0165631,0.001714187,0.017110111,0.0028160303,0.014687174,0.0011624824,0.00016805303,0.0008628116,0.0048332913,0.00028644688,4.545219e-05,0.000641916,0.0029086,0.00021243234
4405,/home/jupyter/dent_outputs/isic2019_v2/melanoma/hairs/seed4405/lambda_t_star5/style.png,0.00096076477,0.0011878704,0.0064503453,0.0006865852,0.99084294,0.017974952,0.0075250007,0.004453829,0.9951401,0.012587841,0.00815876,0.0050510494,0.9940455,0.007771202,0.0057115615,0.0039878157,0.99434066,0.004980237,0.0033653327,0.002721565,0.99232095,0.0021459146,0.0015164576,0.0012951703,0.98546624,0.002634692,0.0014439112,0.001688784,0.8404706,0.0035276213,0.0016238899,0.0021007673,0.062269416,0.004432313,0.0029110014,0.00341656,0.033149175,0.003890535,0.0030258663,0.0033438457
4153,/home/jupyter/dent_outputs/isic2019_v2/melanoma/hairs/seed4153/lambda_t_star5/style.png,0.0021711322,0.0036230984,0.008131967,0.0015868956,0.057349782,0.006106875,0.004056433,0.0038130467,0.01535066,0.011731243,0.004931202,0.005820249,0.006679718,0.0090817325,0.003546325,0.004965229,0.007355057,0.010588937,0.00468674,0.0068917037,0.0070792837,0.010833768,0.0044209654,0.007041373,0.0068696314,0.011846588,0.0046552555,0.006215508,0.005870891,0.009788987,0.0048830276,0.005232265,0.0058529037,0.0104527185,0.0062838844,0.0065936,0.0048624263,0.010234469,0.006586601,0.006393438
4915,/home/jupyter/dent_outputs/isic2019_v2/melanoma/hairs/seed4915/lambda_t_star5/style.png,0.00038318237,0.0016383185,0.016931836,0.0015925333,0.9199457,0.0026208812,0.09907429,0.0062151845,0.9208089,0.0027566627,0.091673955,0.0060435394,0.93413323,0.002360067,0.05816598,0.0067088404,0.92161584,0.0022340638,0.045472566,0.0049043186,0.86403584,0.0016458215,0.023591325,0.003475564,0.84329027,0.0020291535,0.020567868,0.003956946,0.34742236,0.001949816,0.014979466,0.004145836,0.0013889432,0.0022374985,0.010546079,0.0044123246,0.0011581591,0.0026240628,0.016094951,0.005362268
4765,/home/jupyter/dent_outputs/isic2019_v2/melanoma/hairs/seed4765/lambda_t_star5/style.png,0.0030412206,0.014256561,0.00039961174,0.00048414015,0.01703349,0.001961825,0.010066347,0.0013526155,0.09543027,0.0024483767,0.013145535,0.0022643986,0.15052298,0.0024194208,0.014715389,0.0021184,0.047796242,0.002127861,0.016096529,0.0020035203,0.0017018839,0.0018740427,0.018498108,0.0017720768,0.0001846426,0.0028489055,0.019673545,0.0015809346,0.00016049025,0.0024060968,0.02071918,0.0015059264,0.00014821392,0.0023060036,0.020993343,0.0014542013,0.0001545631,0.0025928284,0.021309825,0.0014624477
4665,/home/jupyter/dent_outputs/isic2019_v2/melanoma/hairs/seed4665/lambda_t_star5/style.png,0.17151174,0.0084941415,0.0018483794,0.0010592283,0.9988477,0.0048342044,0.22330506,0.0020224361,0.9990262,0.0038984332,0.22873442,0.0018409018,0.9990395,0.0036159013,0.32999676,0.0017945733,0.9982761,0.0036588742,0.30464506,0.0021366563,0.9684446,0.004049973,0.3279962,0.0030212698,0.058466703,0.0019260271,0.5730707,0.0028574334,0.0061039664,0.0019652965,0.5826066,0.0024479472,0.0018742284,0.0020557872,0.52811813,0.0027127191,0.0011382608,0.002301483,0.57933414,0.0029066477
4910,/home/jupyter/dent_outputs/isic2019_v2/melanoma/hairs/seed4910/lambda_t_star5/style.png,0.07773345,0.71349573,0.010427161,0.002342193,0.9955146,0.06069646,0.039212365,0.0029742506,0.99503434,0.05050733,0.03283496,0.0024995808,0.99271446,0.04488129,0.030176718,0.0026745663,0.98883224,0.046101876,0.032476522,0.0029459707,0.9699953,0.03597473,0.026412927,0.0031581048,0.9102232,0.058503453,0.023446795,0.004330811,0.52481264,0.057866655,0.013767276,0.0043388973,0.073256075,0.04727174,0.009686418,0.0039622644,0.0015781334,0.049469627,0.009063325,0.002660786
4945,/home/jupyter/dent_outputs/isic2019_v2/melanoma/hairs/seed4945/lambda_t_star5/style.png,0.039644357,0.017609157,0.027295396,0.001957835,0.906559,0.007918585,0.014430542,0.0052762786,0.53919965,0.008814695,0.020853003,0.0034071915,0.43045822,0.009123064,0.01696397,0.002890022,0.31754068,0.007601159,0.017992077,0.0033262733,0.16867264,0.0076442575,0.020443406,0.0033751908,0.12226967,0.007598455,0.0176514,0.0030885863,0.013908413,0.0055118925,0.015712593,0.002468785,0.0032438184,0.0053599696,0.015162468,0.0021193165,0.0026700012,0.0057038735,0.01580571,0.0023072492
4478,/home/jupyter/dent_outputs/isic2019_v2/melanoma/hairs/seed4478/lambda_t_star5/style.png,0.0009326311,0.011063049,0.015700009,0.0024473649,0.66655356,0.0017259964,0.0061890734,0.0023598683,0.55950296,0.0012019451,0.006465888,0.0028772398,0.4403725,0.0009691289,0.004896987,0.0026479214,0.27866557,0.0013190623,0.003231142,0.0020262133,0.008259036,0.0030289234,0.006916325,0.0037278081,0.003023708,0.0027733475,0.008056151,0.0035630777,0.0014747974,0.0028232422,0.0109752705,0.0048456416,0.0008299078,0.0025058468,0.011785182,0.004179931,0.00040043355,0.0024187118,0.011229456,0.0038669088
4466,/home/jupyter/dent_outputs/isic2019_v2/melanoma/hairs/seed4466/lambda_t_star5/style.png,0.0062963995,0.007813331,0.095630385,0.0041258526,0.99844766,0.017569112,0.0019557406,0.0022807873,0.99848986,0.019951036,0.0022339022,0.002664101,0.99696416,0.013427402,0.0025908374,0.0028725786,0.99649674,0.01970305,0.0030799154,0.0036106624,0.45051572,0.025375793,0.0049049403,0.008147574,0.255319,0.021593465,0.0033697113,0.0057945848,0.12186758,0.020098606,0.003253071,0.0063166358,0.11081994,0.025819005,0.0029775216,0.006148215,0.11451054,0.022611573,0.0024908257,0.005038587
4305,/home/jupyter/dent_outputs/isic2019_v2/melanoma/hairs/seed4305/lambda_t_star5/style.png,0.0017653367,0.007982692,0.0026394702,0.0008691077,0.9981108,0.007788654,0.0096942885,0.0035811584,0.99846375,0.0064416965,0.008415579,0.0037837967,0.9979943,0.005536682,0.009452933,0.0038206524,0.9974111,0.0060771937,0.010599708,0.004391682,0.99654716,0.0052279686,0.008829914,0.0036836362,0.98926187,0.007926887,0.011702154,0.0055466993,0.60063416,0.012225488,0.014561447,0.008435933,0.08396549,0.008823244,0.011836388,0.006841568,0.018395528,0.00753007,0.012191571,0.006909745
4125,/home/jupyter/dent_outputs/isic2019_v2/melanoma/hairs/seed4125/lambda_t_star5/style.png,0.010150739,0.22559933,0.016810989,0.004271545,0.9799162,0.0037417002,0.0022485543,0.0016048615,0.9760978,0.0025804474,0.0020052963,0.0016471384,0.97448915,0.0031602222,0.0017255979,0.001332918,0.9684595,0.0039393976,0.0017668094,0.0013312757,0.9492673,0.0056587625,0.001967369,0.0014615294,0.50720006,0.0049340315,0.0031741683,0.0022972615,0.27318496,0.00342993,0.003317188,0.0020052742,0.12711959,0.0038343193,0.0038096681,0.0022632054,0.087019384,0.004153038,0.0040909713,0.0022258773
4690,/home/jupyter/dent_outputs/isic2019_v2/melanoma/hairs/seed4690/lambda_t_star5/style.png,0.0010691003,0.09089484,0.00802383,0.0022102273,0.9975205,0.00085794687,0.062342852,0.00211096,0.99894506,0.00082220417,0.05831302,0.0018171783,0.99867415,0.0006013199,0.031119876,0.0014611294,0.99858487,0.0008651686,0.034371182,0.001584676,0.78928244,0.0006144289,0.030630603,0.0015734469,0.003263825,0.0006884047,0.017703133,0.0027112477,0.0031873628,0.0006802142,0.013767587,0.0025533207,0.0031924087,0.00081611297,0.012206103,0.002814201,0.0028148028,0.00078569737,0.0120714,0.003172241
4079,/home/jupyter/dent_outputs/isic2019_v2/melanoma/hairs/seed4079/lambda_t_star5/style.png,0.0014441691,0.083225004,0.025004908,0.0036443053,0.9690571,0.0042224773,0.0014820801,0.0021091336,0.9236503,0.002758952,0.0014571886,0.0018832512,0.86912376,0.0025644787,0.0016463944,0.0018115185,0.7992573,0.0023271823,0.0018411612,0.0018874578,0.41959324,0.0018674709,0.002237141,0.0020181541,0.00765063,0.0020351617,0.0037618703,0.0027804147,0.0029078186,0.0020624215,0.0038811474,0.0026165843,0.0023197555,0.0026798944,0.004322547,0.0029708222,0.0020917053,0.0037752609,0.004915492,0.0031415934
4795,/home/jupyter/dent_outputs/isic2019_v2/melanoma/hairs/seed4795/lambda_t_star5/style.png,0.0012004994,0.0014114946,0.01778318,0.002298184,0.5051756,0.00030999488,0.0064940723,0.0012263522,0.40888557,0.00034690386,0.0069146906,0.0012122882,0.38117263,0.00034422879,0.00824962,0.0011346617,0.47667822,0.00040538245,0.008656527,0.0011789802,0.4878871,0.0005722795,0.010624716,0.0012941166,0.28624716,0.0006805595,0.011606866,0.0013154817,0.053467337,0.0007344416,0.0118190935,0.0013313657,0.0017470588,0.0005977497,0.0144320885,0.0016568096,0.0018059408,0.00059681956,0.015360978,0.0017680705
4731,/home/jupyter/dent_outputs/isic2019_v2/melanoma/hairs/seed4731/lambda_t_star5/style.png,0.26767087,0.03239865,0.0021342775,0.002328552,0.05768404,0.00037440937,0.0006584156,0.0011085037,0.22933628,0.00043283548,0.00090035575,0.0013083852,0.19941403,0.00042525554,0.0010997799,0.0015898645,0.014082715,0.00027697135,0.0008683118,0.0011080169,0.0026826654,0.00028911978,0.0012491684,0.001051927,0.0011557422,0.0003580698,0.00102283,0.0011445562,0.0005050621,0.00034002226,0.0007563648,0.0010371632,0.00021568191,0.0004748812,0.0009231287,0.0013742626,0.00018874202,0.0004930445,0.00087228493,0.0012359275
4977,/home/jupyter/dent_outputs/isic2019_v2/melanoma/hairs/seed4977/lambda_t_star5/style.png,0.9232659,0.0052313795,0.0015233728,0.0009483958,0.08228667,0.0007457891,0.0016022469,0.0046905316,0.028683733,0.0008309911,0.0019556503,0.005071108,0.019389257,0.00060051435,0.0018140087,0.0038765583,0.020160291,0.00071874144,0.0022638903,0.004637552,0.019557934,0.00082394487,0.0024255512,0.005271958,0.005419217,0.0008986164,0.0033652543,0.005846623,0.004335893,0.0008496325,0.0036860823,0.0056134476,0.0036762012,0.0008203521,0.0036670016,0.005354314,0.0033852935,0.0007421739,0.0038169245,0.005240064
4204,/home/jupyter/dent_outputs/isic2019_v2/melanoma/hairs/seed4204/lambda_t_star5/style.png,0.0009879986,0.006050908,0.020799914,0.0013605749,0.0095249815,0.0003682349,0.001370734,0.0013233904,0.005682729,0.00033702716,0.0016146887,0.001487926,0.0047417106,0.00034143886,0.0015639003,0.0013763647,0.0054680738,0.00041628393,0.0018082871,0.0018163553,0.0031082162,0.00041166577,0.0018983408,0.0018961846,0.0023316382,0.00039084302,0.0020262008,0.0019279959,0.0012138018,0.0003998208,0.0020701597,0.0022944075,0.0008226333,0.00042259888,0.0018786095,0.0025212695,0.0008081013,0.0005156113,0.0025584504,0.0032132873
4555,/home/jupyter/dent_outputs/isic2019_v2/melanoma/hairs/seed4555/lambda_t_star5/style.png,0.0005589877,0.0028471313,0.0038910026,0.0006539617,0.99737847,0.0036496732,0.010951516,0.0010136212,0.99713326,0.003928598,0.017738067,0.0012182124,0.9980611,0.003214438,0.010248133,0.0009692494,0.9966433,0.002625281,0.009430007,0.0009643758,0.993214,0.0025100496,0.0088254,0.0010695579,0.9746071,0.002031271,0.0051318025,0.0010764449,0.41681817,0.0020377124,0.004929146,0.00174387,0.02064962,0.0024316125,0.006990883,0.0031059757,0.0058033657,0.002154117,0.0065233335,0.003107958
4830,/home/jupyter/dent_outputs/isic2019_v2/melanoma/hairs/seed4830/lambda_t_star5/style.png,0.012903591,0.026874602,0.003543266,0.0018398636,0.050270975,0.0012445232,0.23862472,0.0047685127,0.032031782,0.00096149364,0.24899903,0.0046985056,0.040856186,0.0013178807,0.25542414,0.0058158915,0.038440816,0.0013015487,0.26719692,0.0059512216,0.21230347,0.0018818233,0.15277418,0.0045137717,0.10001025,0.0019954322,0.20321517,0.0056091878,0.024668342,0.0011546634,0.15391134,0.0032899494,0.00047459366,0.000545253,0.1475971,0.0014693625,0.0002629411,0.00040932666,0.1741138,0.0013550983
4279,/home/jupyter/dent_outputs/isic2019_v2/melanoma/hairs/seed4279/lambda_t_star5/style.png,0.0064317007,0.03367712,0.0031739315,0.0010400187,0.684494,0.00037713695,0.009389418,0.0012648242,0.79025114,0.00036096302,0.0058040586,0.001016783,0.8255647,0.0003700033,0.005062498,0.00089695427,0.8828148,0.0004622003,0.007388043,0.0011367816,0.7922495,0.0009156473,0.01293233,0.0019704453,0.27276105,0.0007116012,0.019630427,0.0020233307,0.2540973,0.0007285265,0.016508114,0.0020007675,0.017449344,0.00040277792,0.010900827,0.0014223711,0.00085317943,0.000774534,0.01640928,0.0024070102
4873,/home/jupyter/dent_outputs/isic2019_v2/melanoma/hairs/seed4873/lambda_t_star5/style.png,0.0018001513,0.0033341313,0.08019227,0.0040578996,0.88879234,0.0003870298,0.0040788623,0.0009649318,0.8008329,0.00033164452,0.005127347,0.0008690861,0.72067654,0.00036965427,0.005736093,0.0010376722,0.5429609,0.00032842893,0.0048853224,0.00092259014,0.18359467,0.00042351458,0.005464893,0.0013550196,0.0007225705,0.0003228887,0.0071160435,0.0012021082,0.0007843404,0.0003624233,0.0077176066,0.001371635,0.000851848,0.00042897038,0.008199365,0.0015017742,0.00074068696,0.00039137897,0.008454961,0.0015131264
4802,/home/jupyter/dent_outputs/isic2019_v2/melanoma/hairs/seed4802/lambda_t_star5/style.png,0.051671945,0.0249315,0.0045760744,0.0017747325,0.2840147,0.003669736,0.00094886223,0.0016484672,0.093343005,0.00280751,0.000707527,0.0013365753,0.0006942876,0.003288161,0.0016509214,0.0016268736,0.0005179286,0.0030323276,0.0017274569,0.0015268155,0.00043508608,0.0028170792,0.0018890837,0.0014607864,0.0003199836,0.0016807064,0.0021965224,0.0015083072,0.00030423512,0.0013283873,0.0029500676,0.0017965742,0.00030086006,0.0014001463,0.003428522,0.0024831141,0.00028605742,0.0017226377,0.004362233,0.002932236
4645,/home/jupyter/dent_outputs/isic2019_v2/melanoma/hairs/seed4645/lambda_t_star5/style.png,0.0019466255,0.015700335,0.008850601,0.0024967883,0.7998651,0.00143498,0.015730781,0.0015659052,0.7458836,0.0017187439,0.019171968,0.00185044,0.7090009,0.0015483865,0.020257888,0.0016843564,0.59850204,0.0019052523,0.014853368,0.0018218153,0.45118585,0.002357513,0.010480246,0.0023606138,0.22245944,0.0032968787,0.007891637,0.004043518,0.033540864,0.0050765458,0.009701823,0.0052939914,0.0029676657,0.0058205,0.009905647,0.0036058293,0.0018777543,0.004489857,0.008610923,0.0026683018
4269,/home/jupyter/dent_outputs/isic2019_v2/melanoma/hairs/seed4269/lambda_t_star5/style.png,0.0025856723,0.010223259,0.069864444,0.007042903,0.95336497,0.0057694837,0.59811825,0.0066591995,0.9312618,0.006074936,0.6749339,0.007583056,0.912738,0.003601595,0.561191,0.005063478,0.8808556,0.0032705895,0.57175964,0.005547799,0.7748262,0.0021407194,0.289431,0.0040382463,0.36944723,0.0014383591,0.21486813,0.003762208,0.012408227,0.0028320611,0.32559937,0.0074559273,0.001279397,0.008746595,0.29471546,0.007859142,0.00024613686,0.005484016,0.31479916,0.0053973254
4962,/home/jupyter/dent_outputs/isic2019_v2/melanoma/hairs/seed4962/lambda_t_star5/style.png,0.03593433,0.032870144,0.0003156219,0.0006079664,0.9995832,0.014392243,0.1543638,0.005146232,0.03568628,0.008327418,0.07440705,0.0043947706,0.0033494793,0.03810543,0.018304272,0.004891896,0.003804785,0.07342739,0.020876596,0.0056080604,0.0033769477,0.07137653,0.024552086,0.005632353,0.0028493975,0.057699542,0.024426142,0.005062354,0.0022316691,0.036471616,0.02954692,0.0048805214,0.0018461971,0.031423237,0.027780306,0.0046936963,0.0017124433,0.032336276,0.032796834,0.005104165
4933,/home/jupyter/dent_outputs/isic2019_v2/melanoma/hairs/seed4933/lambda_t_star5/style.png,0.00024362764,0.0076868944,0.029815057,0.0010299869,0.00073365954,0.0034418278,0.044782054,0.004073208,0.0008777036,0.004717147,0.03700672,0.0041598612,0.000773953,0.0038076346,0.033841047,0.003415047,0.00066491193,0.002887915,0.048110243,0.0033527983,0.0005836636,0.0024813358,0.11852256,0.0028433937,0.00034077239,0.0019368716,0.13694213,0.0022748725,0.00027088745,0.0019901444,0.19840014,0.0027411843,0.0002617168,0.0021435348,0.22463727,0.0030691642,0.0002982998,0.002135901,0.27696785,0.003369303
4416,/home/jupyter/dent_outputs/isic2019_v2/melanoma/hairs/seed4416/lambda_t_star5/style.png,0.006121548,0.016254464,0.29065922,0.008931123,0.99899274,0.0034197355,0.004639258,0.0019692115,0.99914145,0.0034313921,0.0042608436,0.0016361729,0.99502534,0.0073530483,0.06277014,0.003301909,0.9980903,0.0063285115,0.014858008,0.0033810057,0.992986,0.0050819893,0.0068306895,0.0028384523,0.9925051,0.004596566,0.006375274,0.0027142237,0.982702,0.0038580454,0.0041323192,0.0024617491,0.23656303,0.0040187067,0.0059416355,0.0035150426,0.074091725,0.0034973077,0.0056918813,0.0034723699
4510,/home/jupyter/dent_outputs/isic2019_v2/melanoma/hairs/seed4510/lambda_t_star5/style.png,0.028851928,0.022646228,0.004922076,0.0069390098,0.0021376936,0.0040985392,0.0011628866,0.0014510811,0.0014464924,0.002885377,0.00081071554,0.0013337116,0.0011647657,0.002421841,0.0008787593,0.0015931589,0.0010358912,0.0023100863,0.0008658457,0.0014720416,0.00080711977,0.0020479837,0.00084048795,0.0013507457,0.00075727276,0.0018217101,0.000901655,0.0013176849,0.0008577973,0.0016899485,0.0011448016,0.0014161059,0.0006215288,0.0013806584,0.0010135532,0.0011221472,0.0006923305,0.0013906817,0.0011503734,0.0011964343
4815,/home/jupyter/dent_outputs/isic2019_v2/melanoma/hairs/seed4815/lambda_t_star5/style.png,0.0020414654,0.18772414,0.007762133,0.010699505,0.99561393,0.0057078283,0.001564584,0.0020421797,0.99706,0.007117202,0.0003916449,0.0005834495,0.9851022,0.020872222,0.00082295504,0.0014611572,0.9948833,0.024948051,0.0008595752,0.0016904024,0.9989235,0.010433274,0.0006969878,0.000940696,0.99916685,0.0056863115,0.0006168728,0.000607277,0.9993968,0.005855853,0.00057094666,0.0005044537,0.9883109,0.005065703,0.00038991502,0.0004584896,0.9652235,0.0051463493,0.00047776208,0.0005425479
4250,/home/jupyter/dent_outputs/isic2019_v2/melanoma/hairs/seed4250/lambda_t_star5/style.png,0.0051200064,0.0014772599,0.0021425427,0.00024805148,0.9959357,0.031648923,0.0700836,0.0054436075,0.99636036,0.021236986,0.05783226,0.0044731023,0.9957932,0.012565351,0.029739952,0.0037461126,0.99369687,0.014748854,0.030685786,0.0046251016,0.9915279,0.016354611,0.028513627,0.0051085013,0.9708646,0.024351604,0.03068075,0.0046324106,0.43835256,0.0058311587,0.02129447,0.0045471624,0.0083841905,0.006576104,0.040069327,0.005302066,0.004151273,0.005060795,0.033368617,0.00514133
4963,/home/jupyter/dent_outputs/isic2019_v2/melanoma/hairs/seed4963/lambda_t_star5/style.png,0.07451326,0.021571757,0.0034280152,0.003084201,0.010822557,0.021047032,0.0023693733,0.006091716,0.0097071845,0.009373691,0.00349712,0.0076286322,0.0053551015,0.004299349,0.0022175952,0.004901164,0.0034615542,0.0035819479,0.0019486832,0.0042875134,0.0028651827,0.003154369,0.0020392507,0.0035658826,0.0021588402,0.0028179593,0.0018765285,0.0031707033,0.0016857891,0.0026976485,0.0018657367,0.003092991,0.0013848974,0.0023340788,0.0017527554,0.002981207,0.0010199697,0.0017222941,0.0016375101,0.002520134
4098,/home/jupyter/dent_outputs/isic2019_v2/melanoma/hairs/seed4098/lambda_t_star5/style.png,0.0005949416,0.0048796623,0.102228425,0.0008485181,0.0041602165,0.0035730903,0.014256345,0.0037093544,0.0029218323,0.0022274335,0.014707648,0.0046861726,0.0023630091,0.0023117804,0.036183335,0.0063708383,0.0029904111,0.0023586855,0.030850125,0.00622302,0.0036508143,0.002213044,0.026777405,0.0060303602,0.004050373,0.00235347,0.027944678,0.0055656508,0.0039802846,0.002347305,0.023007497,0.0061141285,0.0036182236,0.0030022482,0.02446356,0.008639329,0.0028974984,0.0032627503,0.026185965,0.009060058
4708,/home/jupyter/dent_outputs/isic2019_v2/melanoma/hairs/seed4708/lambda_t_star5/style.png,0.0030188246,0.019504635,0.000976869,0.001178543,0.9999137,0.021749945,0.052968126,0.002987636,0.99990225,0.018703965,0.05263179,0.0029680764,0.99986565,0.0062321182,0.050350554,0.0021588483,0.9997973,0.0038645985,0.05350856,0.0018880239,0.9994382,0.0055712587,0.035232726,0.0026866256,0.99567837,0.0065576355,0.022311307,0.0037486977,0.9456852,0.00835203,0.012763687,0.0064331386,0.14971787,0.013700414,0.011824336,0.011095449,0.018173056,0.0110114105,0.007404454,0.005970649
4460,/home/jupyter/dent_outputs/isic2019_v2/melanoma/hairs/seed4460/lambda_t_star5/style.png,0.0013582328,0.0019724804,0.015709665,0.000899752,0.9373265,0.0153246205,0.08217695,0.0016971711,0.9957754,0.00067575305,0.0017066199,0.0006303927,0.99492884,0.0015234947,0.0057216003,0.0011689055,0.99613345,0.0019400239,0.006814967,0.0013503688,0.9884515,0.0018439104,0.01644523,0.0015781771,0.91306764,0.0021212425,0.015996741,0.0020154314,0.45428944,0.0016003379,0.011648272,0.0018988575,0.107713595,0.0013763175,0.009841684,0.0020044758,0.05859314,0.0011405684,0.009571339,0.002149708
4143,/home/jupyter/dent_outputs/isic2019_v2/melanoma/hairs/seed4143/lambda_t_star5/style.png,0.0023321873,0.0022721835,0.056536455,0.00070155435,0.02249404,0.00620574,0.06108733,0.0061474894,0.03261025,0.007952159,0.05906673,0.004547271,0.02730972,0.010884402,0.07980786,0.0059072734,0.02874909,0.011068381,0.080629304,0.005995892,0.018877797,0.013829562,0.10060337,0.007609801,0.013187342,0.02005139,0.12411102,0.011966368,0.010390437,0.015098261,0.11396297,0.009898785,0.009022074,0.0128483465,0.10506347,0.009878592,0.010105339,0.011566001,0.11023598,0.0098405
4016,/home/jupyter/dent_outputs/isic2019_v2/melanoma/hairs/seed4016/lambda_t_star5/style.png,0.0048294924,0.014700616,0.058785643,0.009477155,0.0024152445,0.00065315416,0.024495607,0.0012460919,0.0025348738,0.0006205663,0.022595072,0.0011162375,0.0022496295,0.00058469427,0.02003436,0.0011198128,0.0020636723,0.0005869169,0.023147603,0.0010472838,0.0020664737,0.0006959199,0.024547502,0.00120003,0.0015665168,0.00057884137,0.021910401,0.0011655887,0.0014022326,0.00070100004,0.027788911,0.0013381947,0.001374726,0.0007673571,0.033965636,0.0015365955,0.0012313748,0.00068362,0.03713234,0.001430848
4870,/home/jupyter/dent_outputs/isic2019_v2/melanoma/hairs/seed4870/lambda_t_star5/style.png,0.6022475,0.00307145,0.0032041215,0.0029890523,0.9960186,0.009756261,0.0077130506,0.007046078,0.99445844,0.012398683,0.0075572846,0.0094877705,0.99075437,0.014378315,0.007252952,0.009698318,0.9829422,0.014755528,0.0067372373,0.010727356,0.92540324,0.014219116,0.0058287373,0.012307323,0.36794534,0.03374186,0.007931159,0.017496519,0.07778112,0.04023704,0.008917981,0.018948209,0.036330912,0.03155242,0.008127807,0.015748821,0.020135647,0.038069006,0.009762574,0.017768934
4728,/home/jupyter/dent_outputs/isic2019_v2/melanoma/hairs/seed4728/lambda_t_star5/style.png,0.00071426004,0.022217512,0.0044405474,0.0009958583,0.0030919765,0.0009959614,0.0080346465,0.0020118686,0.0021654116,0.00097569294,0.011430961,0.0021085276,0.00018115898,0.00092492736,0.01880172,0.0017334792,0.00010789049,0.0005676854,0.017866895,0.0011690826,8.68563e-05,0.0006496453,0.026624143,0.0008947159,7.629016e-05,0.0005276944,0.03143701,0.0008106307,7.5740274e-05,0.0004996034,0.026479026,0.00075615785,8.2660095e-05,0.00051610277,0.025063751,0.000806746,7.1928895e-05,0.000581342,0.027816406,0.0008270828
4529,/home/jupyter/dent_outputs/isic2019_v2/melanoma/hairs/seed4529/lambda_t_star5/style.png,0.0088144075,0.00085397117,0.029061362,0.0031309922,0.97959125,0.00046646126,0.0064122616,0.0010209067,0.91619056,0.00038421352,0.011442974,0.0012396654,0.65845793,0.0003475197,0.013106342,0.0014084245,0.43851557,0.00032713113,0.010137443,0.0018443009,0.015355029,0.00043306182,0.016480274,0.0028778594,0.0050869077,0.000519217,0.01271581,0.0038222647,0.0027758584,0.00048593568,0.01388922,0.00398182,0.0018180946,0.00045750846,0.010107018,0.004574891,0.0018833454,0.0005302841,0.01147851,0.0053518107
4082,/home/jupyter/dent_outputs/isic2019_v2/melanoma/hairs/seed4082/lambda_t_star5/style.png,0.0014229586,0.0053925305,0.0251388,0.0052120495,0.017127497,0.0060211956,0.019210592,0.0052078483,0.06639967,0.003573379,0.0048250393,0.0028213086,0.07375888,0.0030976997,0.003902906,0.0027222058,0.08398867,0.0022819932,0.0030860018,0.0022865268,0.082021646,0.0021268185,0.0032511884,0.0022641895,0.08232139,0.001745669,0.0032973583,0.0027274755,0.061072588,0.0018054381,0.0036410156,0.0031633014,0.028807303,0.0020106626,0.0039968924,0.0034915395,0.021086335,0.0019602187,0.0040690126,0.0035680227
4938,/home/jupyter/dent_outputs/isic2019_v2/melanoma/hairs/seed4938/lambda_t_star5/style.png,0.0038149436,0.003744892,0.13666475,0.0049229334,0.98220587,0.0029921331,0.0061782687,0.0011551887,0.9746425,0.00180654,0.0062634083,0.0010905447,0.97271335,0.0014264426,0.0049102656,0.0009214389,0.9456719,0.0010934903,0.0031886643,0.0007488892,0.9062002,0.00076132943,0.002574071,0.0006578013,0.1274908,0.00069814385,0.0067007965,0.0008509304,0.004646995,0.0018728843,0.0020862927,0.0008377582,0.0036128447,0.0013420704,0.002378228,0.00082385546,0.0034164395,0.001509208,0.0028179153,0.00094172277
4246,/home/jupyter/dent_outputs/isic2019_v2/melanoma/hairs/seed4246/lambda_t_star5/style.png,0.0008012215,0.0395135,0.030727077,0.0047230246,0.020028045,0.010215108,0.0061049997,0.006842355,0.010793219,0.008413006,0.0048414194,0.0052561653,0.0104034385,0.006893622,0.0040675444,0.004350849,0.008547514,0.0071829115,0.0038626974,0.0042697643,0.0062850583,0.0066073104,0.0045235744,0.00465306,0.0053010248,0.0055879983,0.005196307,0.005122628,0.003223376,0.0049990057,0.004972776,0.0044633,0.0021633673,0.0059267497,0.006039353,0.00486796,0.0017484814,0.005570863,0.006204702,0.00439233
4413,/home/jupyter/dent_outputs/isic2019_v2/melanoma/hairs/seed4413/lambda_t_star5/style.png,0.0016471038,0.036028624,0.024974927,0.0019327592,0.99922645,0.016367935,0.024687171,0.0014463037,0.9993075,0.014813731,0.013662348,0.0014323456,0.99917525,0.008835712,0.010608098,0.0013572895,0.99937856,0.0066959257,0.007881537,0.001374847,0.997617,0.005285388,0.008911926,0.0016528448,0.99439853,0.0041532787,0.0092795575,0.00126931,0.92021227,0.0063812756,0.0076785767,0.0015048339,0.20514037,0.0044314526,0.004857696,0.0015104754,0.07036713,0.0041129147,0.0047717765,0.001542208
4941,/home/jupyter/dent_outputs/isic2019_v2/melanoma/hairs/seed4941/lambda_t_star5/style.png,0.0013248747,0.008471598,0.025425153,0.0014960406,0.0024129578,0.032312818,0.0023922669,0.000870983,0.002420011,0.0020321335,0.004225367,0.0012278939,0.0038021817,0.0013028863,0.0034171036,0.0010471656,0.0034975952,0.0011120596,0.0033236346,0.0010225012,0.0024140084,0.0012311286,0.0022863038,0.0011497637,0.0019538435,0.001050606,0.00258776,0.0010876392,0.001358399,0.00078565325,0.0028440494,0.0011726315,0.0010341667,0.0006926912,0.0031337214,0.0012017934,0.0008868508,0.0005985213,0.0036137511,0.0011973731
4618,/home/jupyter/dent_outputs/isic2019_v2/melanoma/hairs/seed4618/lambda_t_star5/style.png,0.21019605,0.01238767,0.0003581241,0.0007931617,0.4558477,0.90904135,0.13981187,0.46050546,0.09150025,0.9424074,0.14420652,0.7302691,0.07441623,0.928376,0.17862202,0.8379101,0.06714588,0.8785601,0.17018004,0.8223136,0.054904833,0.08528517,0.25853136,0.8185714,0.04935401,0.051808245,0.26393732,0.81440526,0.036952924,0.06047655,0.24543089,0.8276226,0.025607033,0.051471703,0.23225068,0.78865355,0.018204175,0.044500794,0.178072,0.726989
4583,/home/jupyter/dent_outputs/isic2019_v2/melanoma/hairs/seed4583/lambda_t_star5/style.png,0.020515127,0.002643098,0.0012214425,0.0010204318,0.991264,0.008718766,0.000883032,0.0024493693,0.99626094,0.00481551,0.0008119011,0.0019270411,0.993891,0.00508279,0.000649753,0.001807899,0.9874441,0.005672551,0.000644997,0.0019223429,0.955619,0.0041466416,0.0006410225,0.001876507,0.95987165,0.0033069751,0.0005328867,0.0013516833,0.37627748,0.015793936,0.0018962972,0.004290424,0.02099041,0.009336922,0.0026058448,0.004753291,0.001520701,0.005619354,0.0024088682,0.004550142
4753,/home/jupyter/dent_outputs/isic2019_v2/melanoma/hairs/seed4753/lambda_t_star5/style.png,0.0023818973,0.09051131,0.0004901521,0.0016021256,0.8780426,0.0007277605,0.0003303054,0.0008076829,0.12904073,0.0006586318,0.00065926294,0.00082652847,0.094966136,0.0007638529,0.00040653045,0.0007603075,0.08226534,0.0008397007,0.0005227742,0.0009523647,0.024817487,0.0005461895,0.0005970266,0.0008599918,0.0059017036,0.001425129,0.0006939373,0.0013773693,0.00065450853,0.0029577764,0.0010209515,0.0016147639,0.00051523204,0.0017011362,0.0009583671,0.0013081452,0.00052953983,0.0015999167,0.0008497713,0.001433969
4975,/home/jupyter/dent_outputs/isic2019_v2/melanoma/hairs/seed4975/lambda_t_star5/style.png,0.0006665685,0.07005211,0.0016438484,0.001241555,0.99970776,0.0030662024,0.13131852,0.0021460697,0.99986684,0.0013237358,0.01614207,0.0013085495,0.9994905,0.003785749,0.17938784,0.0038246217,0.9996574,0.0031483413,0.038130246,0.003312769,0.7977092,0.001525636,0.0061649824,0.0029902658,0.011740594,0.0020965154,0.004434809,0.0038292394,0.0028401348,0.0013793515,0.0034203415,0.0026099477,0.001979861,0.0009779754,0.0026965674,0.0019059904,0.0018750037,0.0009485481,0.0025763297,0.0018777855
4610,/home/jupyter/dent_outputs/isic2019_v2/melanoma/hairs/seed4610/lambda_t_star5/style.png,0.0062605264,0.0018768107,0.022464998,0.00228328,0.9950052,0.005530172,0.008940932,0.002707121,0.9937901,0.0033849268,0.006011349,0.0020255463,0.99278295,0.0032404896,0.005795849,0.0019583204,0.98993474,0.0024156142,0.005528093,0.0018438945,0.9905145,0.0028021995,0.006167256,0.0020582078,0.9812645,0.0020768978,0.005178897,0.0022179657,0.7667813,0.0021956237,0.0054725073,0.0037134278,0.011602267,0.0023774563,0.011966057,0.006721543,0.009380778,0.0023387827,0.011089079,0.0064637377
4704,/home/jupyter/dent_outputs/isic2019_v2/melanoma/hairs/seed4704/lambda_t_star5/style.png,0.0026954045,0.0056646224,0.0017552985,0.0010444323,0.0451921,0.0019805017,0.0039295163,0.0027214251,0.0559624,0.0031677913,0.0038997184,0.002760795,0.045603093,0.00394338,0.0030669987,0.002516774,0.05397359,0.0040290835,0.0029461612,0.0023357647,0.05390409,0.002654867,0.002569961,0.002283644,0.042639066,0.0021777535,0.002468563,0.002184679,0.037460636,0.0016310177,0.002620298,0.0023414744,0.027782412,0.0013343387,0.0029108785,0.0025925436,0.027955526,0.0013626821,0.002645486,0.002465805
4947,/home/jupyter/dent_outputs/isic2019_v2/melanoma/hairs/seed4947/lambda_t_star5/style.png,0.036531635,0.0070525534,0.00034231952,0.00023743372,0.09593136,0.008733697,0.12846948,0.013048948,0.037493866,0.007166459,0.10842719,0.00954353,0.032240912,0.008293222,0.09899887,0.009310545,0.018346423,0.0066626673,0.083428934,0.0075138696,0.011693247,0.0049839434,0.09372989,0.0058547547,0.0068534557,0.0042535285,0.07039756,0.004726285,0.00065631716,0.0034873844,0.052174516,0.0025772622,0.00046625079,0.0027610941,0.04132452,0.0020065391,0.00038194712,0.0025356803,0.04237117,0.001838842
4903,/home/jupyter/dent_outputs/isic2019_v2/melanoma/hairs/seed4903/lambda_t_star5/style.png,0.00081899704,0.0021194818,0.07701954,0.001679462,0.06558001,0.026161669,0.0026342697,0.0023096038,0.07133269,0.026355347,0.0023762635,0.0023309982,0.031329848,0.02307227,0.0032295855,0.00209452,0.019847533,0.009678545,0.002431661,0.0017024558,0.0108162435,0.008754035,0.002743593,0.0015908472,0.008374103,0.0064899633,0.0025808648,0.0013609779,0.0050355922,0.0076550804,0.0024870727,0.0011964798,0.0021933278,0.0069286637,0.0022402157,0.0011856033,0.0014188266,0.0049157464,0.0027389275,0.0012392811
4883,/home/jupyter/dent_outputs/isic2019_v2/melanoma/hairs/seed4883/lambda_t_star5/style.png,0.0013819832,0.0012643449,0.01967764,0.0009835234,0.9247288,0.0057266834,0.007606215,0.0031897987,0.9290355,0.0035610045,0.0065563465,0.002803476,0.90909475,0.0033850055,0.007174412,0.0028332798,0.8609625,0.0030275716,0.00700431,0.002806573,0.80744755,0.0030988834,0.00574212,0.002797263,0.61394024,0.0027000138,0.004577111,0.0028113655,0.11018286,0.0029620146,0.0062036263,0.004764337,0.009390253,0.002912541,0.006960357,0.004903346,0.0025906,0.002062245,0.0054924022,0.0032563303
4589,/home/jupyter/dent_outputs/isic2019_v2/melanoma/hairs/seed4589/lambda_t_star5/style.png,0.13889854,0.011147504,0.53377575,0.0013337008,0.99637586,0.027094474,0.008456492,0.0020019372,0.9955004,0.017461283,0.0066276877,0.0018365172,0.9983329,0.010264736,0.005859808,0.0013829903,0.9982724,0.0065759113,0.009533991,0.0013721641,0.99820983,0.0058933785,0.004538442,0.0012429021,0.95308983,0.004763966,0.0050333114,0.0018727204,0.24852908,0.00564524,0.008022043,0.0025426392,0.04812487,0.004196812,0.005444718,0.0016332275,0.057698406,0.0030020284,0.0050804056,0.0014794356
4489,/home/jupyter/dent_outputs/isic2019_v2/melanoma/hairs/seed4489/lambda_t_star5/style.png,0.005762396,0.004441003,0.00683557,0.0010915758,0.9730406,0.01975088,0.005198447,0.0032872937,0.95834154,0.02399968,0.0054883375,0.004213757,0.95773745,0.02845257,0.004749345,0.00417752,0.9542692,0.024699412,0.0036276476,0.0038948301,0.9532446,0.022418568,0.0030713286,0.0034846128,0.8632918,0.020858584,0.003329766,0.0047316193,0.2254273,0.013743483,0.0028741497,0.0042512286,0.010723789,0.004542304,0.0023706951,0.0020269463,0.00202889,0.004602974,0.0027834415,0.0020865619
4453,/home/jupyter/dent_outputs/isic2019_v2/melanoma/hairs/seed4453/lambda_t_star5/style.png,0.5150926,0.00307399,0.004198309,0.0025909091,0.2191894,0.00018613771,0.00054332364,0.0009776913,0.19269626,0.00015564034,0.0005361719,0.0013011433,0.11831624,0.00033355944,0.00047949582,0.0017808997,0.068105474,0.0005392573,0.0005590927,0.0024296285,0.0008591339,0.0007721845,0.0005660472,0.0016137218,0.0008020129,0.0007483987,0.0006316978,0.0015957488,0.0006463915,0.00064026634,0.0006664911,0.0015727939,0.00043844408,0.00046389742,0.00043461184,0.0012121547,0.0005479799,0.00062643026,0.0006182272,0.0016240923
4290,/home/jupyter/dent_outputs/isic2019_v2/melanoma/hairs/seed4290/lambda_t_star5/style.png,0.003894869,0.0052848496,0.00094729906,0.00022056913,0.9906915,0.002488772,0.0057721897,0.004631887,0.9715257,0.0014995742,0.0024694437,0.0036269978,0.91725594,0.0011875797,0.0026535364,0.003936239,0.8651082,0.0010638883,0.0026604484,0.0038907365,0.7527018,0.0012858933,0.0030315842,0.0044121174,0.18381487,0.0006871995,0.0025137078,0.0030588214,0.014809119,0.0004532097,0.0029875503,0.0022808567,0.004922518,0.0005531091,0.0031088665,0.002501179,0.0034602452,0.0006349818,0.0032069709,0.0027745254
4657,/home/jupyter/dent_outputs/isic2019_v2/melanoma/hairs/seed4657/lambda_t_star5/style.png,0.121879905,0.16352466,0.00068736554,0.0016412797,0.9980981,0.003244324,0.00082159915,0.00058319315,0.9977884,0.0029391772,0.0008900889,0.0005669135,0.99702865,0.0023582084,0.0008611008,0.00053370075,0.9968148,0.0020178603,0.00084945484,0.0005410606,0.99653935,0.0016941217,0.00079616107,0.0005128251,0.9943414,0.0018603747,0.0007247653,0.0005867371,0.98364246,0.0020031808,0.00061859726,0.00053264166,0.8969139,0.0012028093,0.00043819216,0.00047084817,0.7703911,0.0013389138,0.0004220399,0.00048008485
4234,/home/jupyter/dent_outputs/isic2019_v2/melanoma/hairs/seed4234/lambda_t_star5/style.png,0.0005421746,0.015597062,0.010168626,0.0037344496,0.40802303,0.0064591556,0.0054366905,0.0051695206,0.67156005,0.0068129427,0.004726543,0.0038013763,0.79850525,0.007044927,0.0034680692,0.0035202038,0.8577843,0.0065199938,0.0032262253,0.0031614767,0.81752104,0.0063171717,0.0032890784,0.0035735844,0.7043527,0.0073876376,0.0037646699,0.0043527167,0.4080639,0.007992088,0.0040350696,0.005618709,0.076046765,0.009776114,0.0050819097,0.0076009836,0.01408555,0.009371323,0.004894566,0.0071484083
4239,/home/jupyter/dent_outputs/isic2019_v2/melanoma/hairs/seed4239/lambda_t_star5/style.png,0.0010159197,0.04820807,0.0017131534,0.00045082386,0.014989974,0.0011284944,0.0066238907,0.0026104467,0.01901471,0.0012585362,0.0066339127,0.002744266,0.017958943,0.0014218782,0.0054107425,0.0025398326,0.021247376,0.0015458682,0.00517402,0.0027841083,0.02091315,0.0014114146,0.0053837965,0.0029054296,0.031953458,0.0011727627,0.0044313013,0.0028756505,0.004564569,0.00077728933,0.0018287627,0.0012902496,0.0024855803,0.0008107855,0.0025332852,0.00161487,0.0020866056,0.0007867837,0.002745749,0.0017649528
4966,/home/jupyter/dent_outputs/isic2019_v2/melanoma/hairs/seed4966/lambda_t_star5/style.png,0.00051859824,0.006579454,0.050207566,0.0018158157,0.44495746,0.021042228,0.027340172,0.0024098414,0.54530156,0.03120141,0.039664533,0.004045095,0.4425481,0.018910304,0.053812806,0.004325912,0.3508047,0.017278852,0.07624158,0.003807671,0.4748003,0.021055508,0.05498862,0.0034335537,0.15739948,0.022177836,0.047880948,0.0026636424,0.062350083,0.01810665,0.051446743,0.0025209927,0.0044589974,0.018528048,0.05440306,0.0020225316,0.004411468,0.015871452,0.05591846,0.0023826044
4214,/home/jupyter/dent_outputs/isic2019_v2/melanoma/hairs/seed4214/lambda_t_star5/style.png,0.07100838,0.0073497286,0.00032716108,0.0005182484,0.9978739,0.0008075024,0.0011252526,0.0011290481,0.4925445,0.0010404518,0.0017283765,0.0026507792,0.40624136,0.0013894856,0.0022777303,0.0031218051,0.23599449,0.0009228279,0.0016972478,0.0019147471,0.06923308,0.00066774775,0.0012688832,0.0012507555,0.02038029,0.00074527925,0.0016039099,0.0016622735,0.007993762,0.0007083481,0.0018780634,0.001809794,0.006697373,0.0007035972,0.0019464848,0.0018669963,0.0042483797,0.0007037521,0.0022510074,0.0017367325
4060,/home/jupyter/dent_outputs/isic2019_v2/melanoma/hairs/seed4060/lambda_t_star5/style.png,0.0047981353,0.028420761,0.009441247,0.0030575146,0.93815976,0.002555629,0.04999691,0.0050956076,0.9289078,0.0023985282,0.0444365,0.0051941606,0.91794485,0.0023788954,0.054397523,0.006075817,0.8666749,0.0018122558,0.04813036,0.005304853,0.8849226,0.0017828709,0.042696763,0.004730658,0.7633446,0.0014256286,0.022722093,0.0031241311,0.6597777,0.0014512878,0.010909019,0.0032930092,0.25388214,0.0012491072,0.008160296,0.0038256664,0.1620464,0.0014625716,0.009142338,0.0043336805
4276,/home/jupyter/dent_outputs/isic2019_v2/melanoma/hairs/seed4276/lambda_t_star5/style.png,0.025145292,0.013031458,0.3859637,0.004640892,0.9995541,0.0069860853,0.0884909,0.0061581293,0.99880624,0.014668775,0.085107565,0.009234417,0.99811137,0.017409395,0.07608684,0.00937827,0.99591464,0.023987772,0.15510283,0.011854595,0.9916299,0.023714075,0.15006803,0.012297312,0.8826448,0.025413545,0.07131815,0.009857705,0.06393767,0.02308836,0.055030677,0.010443016,0.0045925556,0.017746769,0.04877486,0.007642301,0.0029319017,0.016496629,0.05779712,0.0072330823
4473,/home/jupyter/dent_outputs/isic2019_v2/melanoma/hairs/seed4473/lambda_t_star5/style.png,0.018035365,0.020620892,0.006262738,0.0066563333,0.74854124,0.0017413874,0.019282222,0.019267695,0.992965,0.0031514962,0.11044863,0.0063334666,0.42577988,0.0015382473,0.0049989913,0.013900797,0.06508858,0.0010468494,0.0030279458,0.010774032,0.0004224283,0.00087941514,0.0039229244,0.011152372,0.00036991233,0.00032674652,0.0022159868,0.004881309,0.000382987,0.0002925595,0.0018505562,0.005715541,0.00044798027,0.00033720152,0.0023334657,0.006493082,0.00049565546,0.0004231104,0.002604254,0.009652939
4816,/home/jupyter/dent_outputs/isic2019_v2/melanoma/hairs/seed4816/lambda_t_star5/style.png,0.009912468,0.0045773694,0.86306316,0.0023564738,0.98604286,0.0044812635,0.5621244,0.002865079,0.9881909,0.00357298,0.4605095,0.0025790487,0.9829056,0.0028017291,0.31697485,0.0031697538,0.978429,0.0032800476,0.4567192,0.0024815,0.9838397,0.00247871,0.075729564,0.002896865,0.8512196,0.0022691565,0.039287142,0.0034785215,0.29078987,0.0015980387,0.023520002,0.0016375803,0.015914328,0.0012678371,0.032308385,0.0013804539,0.009656184,0.0016837309,0.041539293,0.001623583
4836,/home/jupyter/dent_outputs/isic2019_v2/melanoma/hairs/seed4836/lambda_t_star5/style.png,0.039929014,0.025760949,0.0050697275,0.0064328555,0.99240994,0.00963766,0.19441462,0.00408023,0.99066895,0.009972835,0.18339694,0.004024343,0.98740804,0.009668879,0.16769296,0.003854025,0.97706157,0.010464779,0.17006439,0.004478335,0.88345754,0.0106029045,0.15321566,0.0046945433,0.01119445,0.007520835,0.34384957,0.006167832,0.00091459235,0.0046311556,0.36361846,0.0039331666,0.00074893737,0.0040184245,0.36192095,0.0036375574,0.0007466723,0.0040365453,0.4127153,0.0034370504
4193,/home/jupyter/dent_outputs/isic2019_v2/melanoma/hairs/seed4193/lambda_t_star5/style.png,0.0066032046,0.5647932,0.0031792496,0.005448618,0.98811764,0.0033331553,0.0011818621,0.0034018478,0.9601386,0.002116814,0.001075173,0.0030888636,0.93371564,0.0022847306,0.0010405763,0.0032246553,0.9045436,0.0030069936,0.0010672743,0.0034957926,0.845429,0.0033523203,0.0013218252,0.0040666815,0.74312085,0.0052613313,0.0015217505,0.0048895595,0.7232392,0.0062301103,0.0017877835,0.0055591594,0.7007645,0.00799019,0.002159103,0.006542744,0.7367674,0.011313269,0.0027995864,0.008161689
4446,/home/jupyter/dent_outputs/isic2019_v2/melanoma/hairs/seed4446/lambda_t_star5/style.png,0.004699746,0.026150146,0.0008977806,0.0013376978,0.0004993582,0.058613844,0.006063588,0.0011885936,0.00039859442,0.04431664,0.006248379,0.0010590139,0.0004293556,0.057246644,0.0076930257,0.0011201798,0.00038595006,0.041199557,0.007553205,0.001089769,0.00029330543,0.04043346,0.008136029,0.0009802016,0.00023489002,0.030679092,0.008245042,0.0008346583,0.00017315471,0.020050729,0.008177113,0.0007385457,0.0001468579,0.013463024,0.008992327,0.00069697056,0.00015790397,0.014766325,0.009583348,0.0007525872
4493,/home/jupyter/dent_outputs/isic2019_v2/melanoma/hairs/seed4493/lambda_t_star5/style.png,0.0029497617,0.22162399,0.029694544,0.0038676911,0.99798954,0.0047846176,0.014183963,0.004642141,0.99814963,0.0056658587,0.013228279,0.003959693,0.99853826,0.006647146,0.011779325,0.0032531004,0.9977108,0.006904626,0.0102578495,0.0034132376,0.9974347,0.00642255,0.009981459,0.003134718,0.98412144,0.0076558664,0.008246492,0.0038668828,0.8504168,0.011487165,0.005552842,0.006034303,0.0928422,0.015438005,0.0027762186,0.0047213263,0.012148698,0.009253755,0.0017738449,0.0028642414
4707,/home/jupyter/dent_outputs/isic2019_v2/melanoma/hairs/seed4707/lambda_t_star5/style.png,0.0059790886,0.020338167,0.0045606014,0.0016974742,0.9992473,0.0020596578,0.0026776383,0.0014722918,0.9992317,0.0036355825,0.006201848,0.0018877554,0.99983,0.0022230705,0.0030153277,0.0012800869,0.9995421,0.004938255,0.007034914,0.002829334,0.998178,0.0072242087,0.004395559,0.0036342733,0.9938273,0.008608114,0.0043900623,0.0047449116,0.9792448,0.009297346,0.005378003,0.007140115,0.9336375,0.009432096,0.005856289,0.0080353,0.8922916,0.010189197,0.0056180623,0.00828914
4126,/home/jupyter/dent_outputs/isic2019_v2/melanoma/hairs/seed4126/lambda_t_star5/style.png,0.00021860047,0.005416838,0.035348184,0.0012131579,0.79409236,0.006297137,0.0009852435,0.0020024478,0.68165594,0.007885565,0.0013358466,0.0026577257,0.6002247,0.00858872,0.0014178427,0.0028275358,0.23103914,0.007841107,0.0016211678,0.002916486,0.17723952,0.007392583,0.001665763,0.0028449746,0.17281932,0.010997425,0.0021066372,0.0035469667,0.023902811,0.016841052,0.004039827,0.0045460705,0.020027842,0.01761056,0.0037924303,0.004453666,0.021390216,0.015951442,0.0036288712,0.00444812
4668,/home/jupyter/dent_outputs/isic2019_v2/melanoma/hairs/seed4668/lambda_t_star5/style.png,0.014622133,0.06377923,0.0006459484,0.00067657785,0.99988127,0.0058737663,0.00393182,0.0019020595,0.99986196,0.0059354734,0.0045475923,0.0019608121,0.99975556,0.004053822,0.0037598338,0.0018601739,0.9994978,0.0038852482,0.0038124016,0.0021607187,0.998591,0.0033805172,0.003687972,0.0026455226,0.9907256,0.0027473986,0.0032348223,0.0029080869,0.33279884,0.0029592477,0.004356934,0.004816431,0.015077768,0.00272262,0.0064871847,0.0050971257,0.004144529,0.002318393,0.0072605642,0.004740412
4532,/home/jupyter/dent_outputs/isic2019_v2/melanoma/hairs/seed4532/lambda_t_star5/style.png,0.0011988116,0.0030626683,0.022163803,0.00829074,0.9672204,0.004093418,0.0054587875,0.0034014033,0.9799628,0.0025928628,0.002153914,0.0021506157,0.9605941,0.002415335,0.0025541198,0.0024468435,0.9452108,0.0032281657,0.004133283,0.0035145013,0.97332656,0.0035013482,0.0042937943,0.0037632787,0.85027677,0.0051478925,0.0044179736,0.0060817986,0.11122395,0.0046032644,0.005820216,0.0064149206,0.011482672,0.0063894074,0.010142024,0.010042001,0.0060714018,0.0060524656,0.009742625,0.009486359
4621,/home/jupyter/dent_outputs/isic2019_v2/melanoma/hairs/seed4621/lambda_t_star5/style.png,0.0041370946,0.0007163645,0.0102497,0.0012655648,0.17051256,0.0067419778,0.0018634222,0.003842986,0.1829063,0.0059951306,0.0019395576,0.003994941,0.13970172,0.0037456823,0.0022758534,0.0042125606,0.13046893,0.0030748376,0.0022620275,0.00434009,0.12129123,0.0021496876,0.0023734425,0.0043398035,0.031473823,0.0016883598,0.0039725886,0.005681781,0.0179192,0.0011955816,0.0045358664,0.0052048475,0.018002324,0.0012788658,0.0057735005,0.0063181715,0.012492223,0.0011191745,0.0055032866,0.0052785287
4732,/home/jupyter/dent_outputs/isic2019_v2/melanoma/hairs/seed4732/lambda_t_star5/style.png,0.000566068,0.031186413,0.042919084,0.0068708938,0.8893876,0.0018934302,0.0039172918,0.0033771563,0.73580426,0.0027118176,0.0033519682,0.003974976,0.47901696,0.003457645,0.004538447,0.0050706603,0.16153786,0.004026815,0.004726904,0.005907623,0.03070152,0.003510856,0.0047854986,0.005414197,0.009937498,0.003290273,0.007053352,0.0059624617,0.0054421155,0.003079097,0.006624543,0.0050172377,0.0038786281,0.0025617795,0.0061364863,0.004403166,0.0029912728,0.0027366532,0.0075234985,0.0048052124
4456,/home/jupyter/dent_outputs/isic2019_v2/melanoma/hairs/seed4456/lambda_t_star5/style.png,0.18233594,0.023325862,0.0075687836,0.0060895598,0.997996,0.008899822,0.013235563,0.00514123,0.99743587,0.009223117,0.014679703,0.0052601285,0.99734193,0.0069434335,0.01156161,0.004462724,0.9958556,0.0064757224,0.010634023,0.004351142,0.9942169,0.0049867346,0.011567774,0.004046949,0.97984535,0.004068002,0.009099799,0.005112106,0.40299544,0.005850978,0.009731517,0.0072353524,0.013924178,0.002229416,0.006355574,0.0036780615,0.004329249,0.0024058828,0.006579282,0.003379913
4786,/home/jupyter/dent_outputs/isic2019_v2/melanoma/hairs/seed4786/lambda_t_star5/style.png,0.001263507,0.028196407,0.019194396,0.0048513478,0.99981505,0.005434714,0.1301929,0.004523658,0.9998542,0.0039117215,0.0970663,0.0033037816,0.9998548,0.0035697035,0.11317333,0.002892403,0.99993443,0.0024014579,0.14492044,0.0019304418,0.99963963,0.0021286428,0.16295876,0.00175047,0.99265784,0.0046167565,0.18920027,0.003414164,0.8907388,0.004249814,0.21276551,0.003217983,0.837089,0.0032420056,0.20478731,0.0024758524,0.7523481,0.00275026,0.17694037,0.0023063715
4757,/home/jupyter/dent_outputs/isic2019_v2/melanoma/hairs/seed4757/lambda_t_star5/style.png,0.0034379011,0.0629017,0.0118321115,0.0029090967,0.041489106,0.0021780883,0.0018692546,0.001099453,0.019945318,0.0025308898,0.0021742296,0.001104312,0.013243649,0.0040274346,0.0020819372,0.0010576447,0.0106664505,0.004828239,0.0020930793,0.0009709663,0.008180346,0.0040722257,0.002051669,0.0008445155,0.007840309,0.004457425,0.001994056,0.0008713781,0.006374631,0.0022741593,0.0021930658,0.0008834823,0.002192443,0.001775166,0.0024969024,0.00090152153,0.0005822398,0.0012358362,0.0028875084,0.0010377745
4492,/home/jupyter/dent_outputs/isic2019_v2/melanoma/hairs/seed4492/lambda_t_star5/style.png,0.012493587,0.0011536337,0.0014446939,0.0003850387,0.99940205,0.019571293,0.006084431,0.003135004,0.9993704,0.014687753,0.005619714,0.0027330534,0.9993079,0.011297386,0.004039558,0.0022613776,0.9989874,0.0135974465,0.0041434765,0.0024792405,0.99692875,0.010772106,0.0052157445,0.003080164,0.94871736,0.011261581,0.007636799,0.004830123,0.50302726,0.006785139,0.0074944897,0.0042148517,0.016977303,0.004122202,0.005085255,0.0037735163,0.012867532,0.0037081973,0.005062661,0.0031931826
4000,/home/jupyter/dent_outputs/isic2019_v2/melanoma/hairs/seed4000/lambda_t_star5/style.png,0.004133503,0.07266784,0.0026901208,0.0024432484,0.04866775,0.008927688,0.00577729,0.0017833038,0.04174149,0.0072948006,0.004362084,0.0017368541,0.04421171,0.008914189,0.0039046768,0.0019553422,0.030748814,0.009744558,0.0035932835,0.001987238,0.009921096,0.0076982253,0.003542384,0.001910086,0.0033671116,0.0124557875,0.0031755327,0.0018225828,0.0014651339,0.009783926,0.0026352233,0.0013893844,0.0012484882,0.006848648,0.0028601112,0.0012096191,0.0011185133,0.005938226,0.0032880672,0.0012264083
4022,/home/jupyter/dent_outputs/isic2019_v2/melanoma/hairs/seed4022/lambda_t_star5/style.png,0.0070121475,0.09091273,0.08369532,0.011206586,0.99806887,0.02218005,0.0085127875,0.0051917275,0.9975138,0.018172545,0.01148605,0.005929017,0.9978955,0.014881661,0.00947289,0.005077399,0.997045,0.016889662,0.009375981,0.005572966,0.99819934,0.012482091,0.008030373,0.004066179,0.9950251,0.00875258,0.005113972,0.0033798662,0.9514283,0.006977933,0.004063156,0.0031572103,0.72546846,0.0073535177,0.004285688,0.0033415155,0.06463028,0.015314074,0.0068507786,0.005889151
4188,/home/jupyter/dent_outputs/isic2019_v2/melanoma/hairs/seed4188/lambda_t_star5/style.png,0.0015892932,0.05248103,0.018489534,0.0043192194,0.99458414,0.0035839535,0.015457187,0.0035368893,0.99432546,0.0027356069,0.014560947,0.0030688462,0.99296606,0.0031314986,0.015427152,0.003516412,0.9935462,0.0027633784,0.01433639,0.0031675913,0.9917218,0.0034791564,0.014856467,0.003796821,0.955007,0.002841988,0.011272301,0.0040428075,0.13920146,0.001900959,0.007551049,0.004268986,0.008852612,0.0025858101,0.009723176,0.0048923115,0.007034881,0.0024481264,0.008787225,0.004544817
4561,/home/jupyter/dent_outputs/isic2019_v2/melanoma/hairs/seed4561/lambda_t_star5/style.png,0.025950348,0.047055792,0.00034227938,0.00038746322,0.18754992,0.0078112567,0.0017240577,0.0043223156,0.17947726,0.0057827407,0.0014506466,0.003764981,0.10763456,0.005970307,0.0017271725,0.004368732,0.08087087,0.0048902505,0.001858441,0.0043645864,0.013320986,0.003416136,0.0017848008,0.003736792,0.0037285835,0.003183075,0.002344218,0.0044299024,0.00249633,0.0029811305,0.0027133666,0.004814658,0.002212603,0.0021719278,0.0026562181,0.0045001484,0.0019599725,0.0026127456,0.0032986293,0.005064617
4459,/home/jupyter/dent_outputs/isic2019_v2/melanoma/hairs/seed4459/lambda_t_star5/style.png,0.033481438,0.09304042,0.013232743,0.008992046,0.99958616,0.006739465,0.0019889572,0.0020949885,0.99942625,0.0058985464,0.0019912869,0.0020717818,0.9993418,0.0052843303,0.0018508189,0.0019517699,0.9992501,0.004716672,0.0018428952,0.0019307312,0.999175,0.003369937,0.0016265947,0.0017121759,0.9967399,0.0023780025,0.0016629306,0.0020568233,0.95554256,0.0015297877,0.0013754684,0.0017612828,0.7372945,0.0010641088,0.0014796329,0.00178333,0.6199137,0.00094451744,0.0015245338,0.0015571727
4822,/home/jupyter/dent_outputs/isic2019_v2/melanoma/hairs/seed4822/lambda_t_star5/style.png,0.0009394743,0.012560807,0.1255073,0.0035230299,0.9451629,0.0067445873,0.009902794,0.007980547,0.8241113,0.007472139,0.011156022,0.009773501,0.6733092,0.008966786,0.012614747,0.01201932,0.40734702,0.009600589,0.013191253,0.01194829,0.24981423,0.010442504,0.012671433,0.009180599,0.17243144,0.008013082,0.0133968685,0.00821468,0.06490043,0.0072973836,0.014951713,0.008472099,0.020416424,0.0061338325,0.013404491,0.0075197173,0.012404494,0.0049498007,0.012774549,0.006436096
4718,/home/jupyter/dent_outputs/isic2019_v2/melanoma/hairs/seed4718/lambda_t_star5/style.png,0.00047195583,0.00815705,0.009690865,0.0011793217,0.004024972,0.024740476,0.009881558,0.0024530594,0.004239008,0.028784566,0.010899356,0.0027219998,0.0033356624,0.034362447,0.02489606,0.0025680256,0.0024714377,0.046933834,0.027115775,0.0026496123,0.0019458242,0.035210684,0.033279028,0.002772286,0.0016755484,0.02098449,0.03513483,0.002956764,0.0014422484,0.014465168,0.03261632,0.0027511248,0.0012449003,0.013647712,0.032352503,0.002726521,0.0011215456,0.0118021155,0.033297822,0.0025262018
4635,/home/jupyter/dent_outputs/isic2019_v2/melanoma/hairs/seed4635/lambda_t_star5/style.png,0.00035232335,0.0049235895,0.02406158,0.003465631,0.99747854,0.006968839,0.0018163951,0.0013383179,0.9853827,0.017282084,0.002041654,0.00220467,0.97669524,0.017021064,0.0021499342,0.0020513926,0.95863855,0.014856258,0.0022088417,0.0020471253,0.886541,0.016445654,0.0026225469,0.0025824807,0.58125496,0.013326238,0.0030986522,0.0033571222,0.060420748,0.01065529,0.002410855,0.0028049187,0.015932979,0.014598717,0.003196905,0.0036618363,0.010829169,0.0140333,0.0029422797,0.0031499416
4758,/home/jupyter/dent_outputs/isic2019_v2/melanoma/hairs/seed4758/lambda_t_star5/style.png,0.0038039684,0.25227064,0.0029355015,0.0034195809,0.99763834,0.0015246535,0.0064745015,0.0017587495,0.99970335,0.0010309131,0.005310288,0.0007247442,0.9997483,0.000874891,0.0044951565,0.0006168637,0.9996836,0.00089798303,0.0046835872,0.00071567117,0.9994165,0.0008222425,0.0046357275,0.00077057985,0.9973086,0.0008281394,0.006346645,0.001246945,0.29816657,0.000727946,0.0146094635,0.0014327093,0.0076821456,0.00084053806,0.01751078,0.0013956053,0.0063883844,0.000756807,0.018444663,0.0015745831
4238,/home/jupyter/dent_outputs/isic2019_v2/melanoma/hairs/seed4238/lambda_t_star5/style.png,0.27921718,0.0135763185,0.0017918301,0.0014209036,0.99856806,0.0021431043,0.07346315,0.0015389622,0.99879116,0.0023162917,0.0538516,0.0014154945,0.99884593,0.0020923691,0.042036504,0.001390152,0.9974389,0.0017610549,0.04180636,0.0014987162,0.95423895,0.0023217527,0.041438013,0.002340873,0.8786258,0.0021164506,0.03520174,0.0026139303,0.5612163,0.0016088601,0.024371354,0.002069946,0.121478975,0.0019836703,0.017118292,0.0026595616,0.041469987,0.0016628349,0.011871168,0.0025680573
4007,/home/jupyter/dent_outputs/isic2019_v2/melanoma/hairs/seed4007/lambda_t_star5/style.png,0.001359681,0.024479974,0.08138415,0.0036576649,0.99630946,0.03911525,0.0015513529,0.0030917872,0.99677557,0.03851014,0.0017672813,0.0033184716,0.9975349,0.041861884,0.001988141,0.0034140374,0.99769056,0.0440248,0.0021163519,0.0031603726,0.9964819,0.055624783,0.002270258,0.0036745893,0.98749524,0.049044926,0.0020274026,0.0037337116,0.861294,0.057494946,0.0029081493,0.0052310615,0.25289735,0.055889145,0.002897278,0.0054880795,0.15694891,0.034090657,0.0024957412,0.0043236925
4523,/home/jupyter/dent_outputs/isic2019_v2/melanoma/hairs/seed4523/lambda_t_star5/style.png,0.0017089426,0.12867267,0.0027184903,0.0010856626,0.0051561166,0.0078418385,0.013376396,0.0059869466,0.0054121795,0.010295548,0.006921649,0.0051588546,0.0015656904,0.009582741,0.0043957285,0.0029931362,0.0008786232,0.055799723,0.0026347984,0.001947578,0.00055850606,0.042227317,0.0022895366,0.0015298781,0.00043881644,0.034225076,0.0022477552,0.0013493679,0.00035394335,0.019524505,0.0025241566,0.0014240139,0.00036710716,0.0082758395,0.0030448677,0.0016047416,0.0004084325,0.0080957515,0.0033181675,0.0017855138
4337,/home/jupyter/dent_outputs/isic2019_v2/melanoma/hairs/seed4337/lambda_t_star5/style.png,0.00206272,0.09170551,0.009743105,0.0036231915,0.025605306,0.0018195811,0.0048254905,0.002204513,0.00399018,0.001001243,0.0038164875,0.0016530715,0.0030081861,0.0008454983,0.0034450167,0.0013189624,0.0004347382,0.0011802,0.003246823,0.0012959556,0.0002922319,0.001088766,0.0029909853,0.0010940498,0.00025105797,0.00093457784,0.0030920121,0.001113349,0.00020405796,0.00068182487,0.003304314,0.00102285,0.00019820915,0.0005718404,0.0036161507,0.0010912187,0.00020407197,0.00068870786,0.004155287,0.0011637971
4504,/home/jupyter/dent_outputs/isic2019_v2/melanoma/hairs/seed4504/lambda_t_star5/style.png,0.48500165,0.053696707,0.0011107911,0.0023952343,0.052828915,0.01750549,0.48286596,0.010975011,0.032065604,0.017322833,0.33329394,0.008894132,0.056046117,0.025888214,0.57767576,0.012136029,0.060116727,0.015217393,0.3393515,0.0074305036,0.019538386,0.02005204,0.34601507,0.008199604,0.006456781,0.01532547,0.35586905,0.0065425215,0.005495771,0.018148417,0.38617218,0.007309276,0.0052234028,0.016817471,0.3568733,0.0075301672,0.0047410764,0.015864685,0.36257985,0.006435264
4616,/home/jupyter/dent_outputs/isic2019_v2/melanoma/hairs/seed4616/lambda_t_star5/style.png,0.0016417188,0.0024069336,0.005258547,0.001058631,0.99792,0.0008163794,0.017018136,0.0012931346,0.9982583,0.00068237865,0.025956796,0.0011249407,0.9988098,0.0006362003,0.025159141,0.0010771655,0.9994079,0.0006036579,0.019986808,0.0009948437,0.9991115,0.00067943806,0.02731467,0.001096835,0.9782438,0.00065717404,0.04338145,0.0016795994,0.7241058,0.0006796356,0.020820819,0.0015403639,0.31358665,0.00087832985,0.006045803,0.0022645495,0.010955107,0.0013333567,0.009273908,0.003745561
4059,/home/jupyter/dent_outputs/isic2019_v2/melanoma/hairs/seed4059/lambda_t_star5/style.png,0.05731851,0.0050259237,0.007507088,0.0016367503,0.91700274,0.006180922,0.022455579,0.006042099,0.9290428,0.0069358326,0.008359145,0.0035731413,0.73795974,0.007833643,0.026445119,0.008129628,0.8474984,0.005500091,0.0153989885,0.004931661,0.8818528,0.006810895,0.017371017,0.004578719,0.8569862,0.006135995,0.017620767,0.0036750624,0.8404724,0.0069723185,0.026685769,0.0041862275,0.8136375,0.006862335,0.026750311,0.004515902,0.78140795,0.006606771,0.02371942,0.0046527553
4219,/home/jupyter/dent_outputs/isic2019_v2/melanoma/hairs/seed4219/lambda_t_star5/style.png,0.014122214,0.02592682,0.00038369396,0.00034395274,0.65951526,0.0010367893,0.17908634,0.0016953446,0.5774645,0.0011155955,0.21439032,0.0019382706,0.8974986,0.0007509685,0.1053067,0.0010511907,0.9585702,0.0029428562,0.17250018,0.001503144,0.8946105,0.0019533332,0.13371654,0.001120658,0.018672884,0.00082928647,0.19435607,0.0009896783,0.0017153411,0.0008017019,0.25318953,0.00092706253,0.0012039067,0.0005964263,0.22152431,0.00085436594,0.0010288699,0.00051968097,0.23589411,0.0007884943
4530,/home/jupyter/dent_outputs/isic2019_v2/melanoma/hairs/seed4530/lambda_t_star5/style.png,0.002920206,0.005838137,0.01316278,0.005693733,0.8212033,0.0057379757,0.0056665624,0.008635229,0.87658083,0.0047144927,0.0068048825,0.00847306,0.8960154,0.0031709324,0.0056604343,0.007089286,0.78128874,0.0026625213,0.0046233675,0.0069487756,0.6913051,0.002134441,0.003998502,0.006083768,0.5035442,0.0019461085,0.0047820504,0.005882811,0.113966584,0.0024308006,0.009977361,0.008834214,0.015338795,0.0024492037,0.010648038,0.0070071653,0.0037040738,0.0022353118,0.012450375,0.0063021486
4778,/home/jupyter/dent_outputs/isic2019_v2/melanoma/hairs/seed4778/lambda_t_star5/style.png,0.89281905,0.0006256754,0.0029571252,0.0005361609,0.375448,0.008163987,0.00577418,0.0031460882,0.34069455,0.011009219,0.00826692,0.0035841744,0.37600163,0.011033528,0.011415455,0.0040053176,0.385439,0.011590958,0.013123222,0.003817106,0.5326634,0.010871016,0.014731008,0.0041666776,0.17585666,0.009645283,0.009954528,0.0032012765,0.018297235,0.0073410016,0.01238935,0.0034137068,0.0026173624,0.010262342,0.012400843,0.0033752518,0.00068432983,0.010019543,0.014786261,0.0037315274
4345,/home/jupyter/dent_outputs/isic2019_v2/melanoma/hairs/seed4345/lambda_t_star5/style.png,0.020728782,0.050348245,0.0094373105,0.00247056,0.99697304,0.0022852882,0.043719344,0.0018050126,0.99738044,0.0026263015,0.029109173,0.0018040144,0.9967355,0.0028295964,0.02148434,0.0018436189,0.99407405,0.003913178,0.021956706,0.0024268795,0.5457012,0.005604381,0.025301054,0.0034347235,0.011757165,0.0061637843,0.032793302,0.003506226,0.0049256557,0.0057424386,0.03687788,0.003659542,0.0041288906,0.00513906,0.043775827,0.0039248103,0.003414544,0.0039695334,0.050733145,0.003874327
4097,/home/jupyter/dent_outputs/isic2019_v2/melanoma/hairs/seed4097/lambda_t_star5/style.png,0.0001461693,0.016000997,0.0540242,0.0013074441,0.9989366,0.16016856,0.042383946,0.005108793,0.9991159,0.11964552,0.042104032,0.0045997263,0.999151,0.08972806,0.04904583,0.0048178434,0.9980192,0.08827996,0.04629553,0.0050484333,0.99497825,0.09819901,0.04282599,0.005888826,0.97386473,0.0493789,0.031264838,0.0053315903,0.08768659,0.03465003,0.016869515,0.0031919323,0.0034438039,0.021126065,0.009721441,0.0017107658,0.0022156339,0.02422002,0.010346568,0.0016345754
4989,/home/jupyter/dent_outputs/isic2019_v2/melanoma/hairs/seed4989/lambda_t_star5/style.png,0.01753061,0.10368849,0.00812535,0.006592219,0.9838995,0.0010132322,0.016051583,0.001516987,0.97390944,0.0009871456,0.01517881,0.0014885489,0.9646295,0.00066555326,0.011135557,0.0011438646,0.9306585,0.0006629378,0.012263557,0.0012239867,0.90481913,0.00061765086,0.008955166,0.0012167571,0.67232,0.00071943324,0.0054782405,0.001172235,0.24762048,0.00052628515,0.0053418693,0.0011935141,0.001809758,0.00043319454,0.011259473,0.0014187234,0.0013872795,0.00040730863,0.011862668,0.0012751397
4623,/home/jupyter/dent_outputs/isic2019_v2/melanoma/hairs/seed4623/lambda_t_star5/style.png,0.0007420473,0.30481106,0.03440014,0.001979662,0.9416122,0.003668514,0.0034858154,0.0021897387,0.95135057,0.003182517,0.00310509,0.0020876275,0.9404422,0.003176683,0.0031591211,0.0021919152,0.93106365,0.0030878684,0.00360381,0.0023789133,0.9208451,0.002901372,0.0034914878,0.002222161,0.8884547,0.0027196812,0.0030903707,0.0021358693,0.6013033,0.0026427486,0.0030670566,0.002531505,0.09712087,0.0018789611,0.0040293266,0.0026268822,0.03388576,0.0016196611,0.003887847,0.002312228
4841,/home/jupyter/dent_outputs/isic2019_v2/melanoma/hairs/seed4841/lambda_t_star5/style.png,0.0011827033,0.007281101,0.38994822,0.0027140677,0.06129783,0.006629836,0.11571086,0.0029950293,0.31030747,0.010531604,0.12032955,0.004082936,0.34147117,0.012939783,0.12770008,0.0047158618,0.30315667,0.011069346,0.06980022,0.0042819697,0.22299439,0.01412808,0.06574704,0.0049274485,0.1825264,0.01085818,0.053353794,0.0046565263,0.02092997,0.009963568,0.047359556,0.0050115823,0.0008561197,0.0058791786,0.045233782,0.003328753,0.0005364566,0.0042993757,0.043755624,0.0028249663
4792,/home/jupyter/dent_outputs/isic2019_v2/melanoma/hairs/seed4792/lambda_t_star5/style.png,0.019340858,0.0024523945,0.0178438,0.0021618765,0.9983485,0.002639234,0.010187751,0.0022971325,0.9994419,0.0016028236,0.006994675,0.0014578778,0.9995184,0.0019818281,0.009768329,0.0015225715,0.9994099,0.0016406024,0.00812979,0.0013459828,0.99912494,0.0016856052,0.006263625,0.0013804907,0.9979259,0.0014961561,0.0063063214,0.0014976491,0.968796,0.001441052,0.005732904,0.0020499534,0.68712485,0.0014735598,0.0084664645,0.0028184631,0.12756239,0.0017492506,0.009541944,0.0036943601
4543,/home/jupyter/dent_outputs/isic2019_v2/melanoma/hairs/seed4543/lambda_t_star5/style.png,0.004073336,0.24137712,0.03455363,0.006212334,0.99536514,0.08558363,0.0058431146,0.005791756,0.99666744,0.087822564,0.0056474726,0.0058669792,0.99531,0.09338995,0.006035762,0.006974266,0.9933895,0.12637953,0.004664906,0.006678629,0.99205667,0.17099644,0.0059783715,0.0071116514,0.9345134,0.23137385,0.0073100026,0.009196717,0.09853335,0.20079601,0.006359872,0.010354354,0.022035368,0.19880109,0.005636344,0.007887434,0.015275022,0.2048495,0.0054162364,0.0070794914
4729,/home/jupyter/dent_outputs/isic2019_v2/melanoma/hairs/seed4729/lambda_t_star5/style.png,0.0009811976,0.0084205065,0.05624923,0.0018135977,0.03369364,0.06387162,0.11788049,0.0057405084,0.023601959,0.04860349,0.1488672,0.0056753866,0.019024065,0.052755754,0.12667386,0.005501872,0.013818803,0.03648322,0.12507893,0.004582663,0.009629459,0.03228791,0.14951836,0.0044936864,0.008510864,0.034115717,0.13681099,0.0045298357,0.0061328234,0.03857629,0.12075544,0.0045506107,0.0043680025,0.037216775,0.115999974,0.004905152,0.0035330146,0.02733034,0.13175587,0.0043805
4761,/home/jupyter/dent_outputs/isic2019_v2/melanoma/hairs/seed4761/lambda_t_star5/style.png,0.0016657804,0.0041932403,0.028598914,0.0033891082,0.033179816,0.00031068188,0.0033554093,0.0024203209,0.0358278,0.00026041054,0.0038704737,0.0021407318,0.03441778,0.00023463058,0.0038082316,0.0018903365,0.02112275,0.00019242555,0.004443599,0.0016050831,0.012640966,0.00019972799,0.004269122,0.0016755469,0.007764448,0.00020526,0.004864582,0.0017113668,0.005577193,0.00023740612,0.0053078504,0.0019463848,0.0025068852,0.00023588784,0.00573846,0.001854351,0.001181188,0.00022528354,0.007473358,0.0015450743
4212,/home/jupyter/dent_outputs/isic2019_v2/melanoma/hairs/seed4212/lambda_t_star5/style.png,0.00059521524,0.001213822,0.10109374,0.0023690218,0.6833073,0.0022276475,0.008207934,0.004930465,0.88340247,0.0014637595,0.007729472,0.00341268,0.7609803,0.0015643262,0.009957057,0.00305793,0.6993027,0.002012172,0.008525358,0.0027123336,0.5796123,0.002566841,0.011616409,0.0035272457,0.33215767,0.0019908794,0.010025607,0.0030787473,0.00713462,0.0017968392,0.010848034,0.0030787764,0.0024589414,0.0014534724,0.010585471,0.0026794497,0.0017138491,0.0016905054,0.009973465,0.0027808086
4422,/home/jupyter/dent_outputs/isic2019_v2/melanoma/hairs/seed4422/lambda_t_star5/style.png,0.00018799627,0.0055727228,0.022444747,0.001097065,0.99856806,0.006794397,0.004901827,0.0027607514,0.9984328,0.0069013927,0.005528171,0.0029350412,0.9987961,0.006461399,0.0049510365,0.0026289683,0.99858737,0.006412298,0.004528122,0.002778238,0.99787366,0.0073178303,0.0051244996,0.0034047975,0.9919475,0.007095266,0.004700665,0.0040056147,0.9845579,0.0062042084,0.004366192,0.0039381837,0.47830135,0.0047320058,0.00431168,0.004750326,0.030245474,0.00400754,0.0052249217,0.00473866
4674,/home/jupyter/dent_outputs/isic2019_v2/melanoma/hairs/seed4674/lambda_t_star5/style.png,0.73827624,0.0020281735,4.779724e-05,9.900006e-05,0.50992244,0.002842961,0.0053304755,0.0026425777,0.33781877,0.002615619,0.0050902604,0.0028556052,0.1636935,0.002628977,0.005313954,0.0033970529,0.077171214,0.0029506902,0.00443055,0.00333528,0.04181875,0.0020251982,0.0031440267,0.0027653805,0.018468695,0.0025571196,0.004187804,0.0034990765,0.02296287,0.0034934047,0.0061356286,0.005227006,0.014065445,0.0032484978,0.005527369,0.0052126404,0.009381916,0.002887982,0.0064463583,0.005197917
4299,/home/jupyter/dent_outputs/isic2019_v2/melanoma/hairs/seed4299/lambda_t_star5/style.png,0.00031173485,0.0034242284,0.25106993,0.0016672021,0.09984565,0.054623067,0.032474034,0.0043857293,0.12213486,0.032774173,0.020186625,0.003006562,0.106315784,0.030120283,0.019316696,0.0025628898,0.07766471,0.02750155,0.025567407,0.0027088607,0.085441105,0.022398105,0.024906235,0.0026678613,0.06309099,0.011914292,0.02066036,0.0024119192,0.05707152,0.0068021137,0.019503398,0.0025266863,0.040441208,0.0028879864,0.01705961,0.00208896,0.033935945,0.0026593136,0.01940385,0.0021009773
4186,/home/jupyter/dent_outputs/isic2019_v2/melanoma/hairs/seed4186/lambda_t_star5/style.png,0.0015886765,0.0011455473,0.017128149,0.0021295524,0.99464583,0.009174242,0.046150427,0.003141599,0.69692075,0.020384125,0.13629983,0.004631962,0.72463423,0.023163017,0.13054329,0.004952362,0.54226166,0.020764802,0.09406879,0.0047748643,0.8571281,0.011768611,0.07176542,0.0035520382,0.83030736,0.004171058,0.03320858,0.0025135514,0.17049521,0.0024539288,0.032201577,0.002335447,0.023135208,0.0024158498,0.028519915,0.0022319886,0.0098111555,0.0016059537,0.020576097,0.0017265232
4629,/home/jupyter/dent_outputs/isic2019_v2/melanoma/hairs/seed4629/lambda_t_star5/style.png,0.005821748,0.0022366703,0.00038160553,0.0001851408,0.99522567,0.004471537,0.007305717,0.00092939346,0.99602133,0.002638863,0.007269444,0.0009099425,0.99581414,0.0025319902,0.008326619,0.0009407856,0.94141257,0.002284886,0.0067697894,0.0008911301,0.02752641,0.0075714057,0.019454682,0.0032790909,0.0014932674,0.0033727442,0.018077992,0.0016822505,0.00077365217,0.00070786086,0.017440319,0.0008994117,0.0005532001,0.00065449014,0.021161923,0.0015346865,0.0005216547,0.0005829923,0.020307863,0.0015456929
4048,/home/jupyter/dent_outputs/isic2019_v2/melanoma/hairs/seed4048/lambda_t_star5/style.png,0.010024245,0.0070730755,0.96568006,0.0022256928,0.0062859063,0.28025642,0.25083533,0.018738331,0.01081702,0.16924858,0.21089353,0.01064109,0.009066173,0.13651386,0.21387799,0.008529555,0.012448305,0.087813415,0.21963763,0.007387302,0.008855077,0.07030896,0.2679047,0.0073807104,0.0055860593,0.07125648,0.2818033,0.0082738865,0.0038676194,0.054074045,0.28443083,0.006970981,0.0020918886,0.060761258,0.2772932,0.00723845,0.0017886331,0.048682358,0.28548607,0.0069954433
4842,/home/jupyter/dent_outputs/isic2019_v2/melanoma/hairs/seed4842/lambda_t_star5/style.png,0.23592144,0.7674353,0.005627412,0.0049861833,0.9914044,0.0059986063,0.003931385,0.0014137048,0.993067,0.0044808825,0.0026226954,0.0010426209,0.98991853,0.005739178,0.0025218762,0.001063292,0.98376966,0.013762078,0.0016824058,0.0011936636,0.9888832,0.01430354,0.001023705,0.0009853283,0.9951976,0.011366921,0.0011808067,0.00097579893,0.9760088,0.0075086122,0.0012372766,0.0010626267,0.81977767,0.0031495763,0.0014146077,0.0011945957,0.6754051,0.0023811392,0.0015130249,0.0012071535
4414,/home/jupyter/dent_outputs/isic2019_v2/melanoma/hairs/seed4414/lambda_t_star5/style.png,0.08560102,0.058471497,0.044019543,0.034441113,0.906527,0.0011524403,0.0046165437,0.0017522715,0.9219507,0.0012130424,0.004466355,0.0016092958,0.8980977,0.00089930586,0.0045654117,0.0013486557,0.83440065,0.0006599042,0.0035193793,0.0012004679,0.40829092,0.0004995765,0.0027377761,0.0014566428,0.0932386,0.00031826948,0.0021214706,0.0011022268,0.002953896,0.00054767425,0.0033035271,0.0020069994,0.0007423139,0.0005906891,0.0039702896,0.0019518276,0.0006779814,0.0006874658,0.004857281,0.0022777338
4287,/home/jupyter/dent_outputs/isic2019_v2/melanoma/hairs/seed4287/lambda_t_star5/style.png,0.0008287501,0.012363005,0.03760935,0.0025257322,0.79853237,0.00034911046,0.0033088382,0.0014431902,0.66210324,0.00043526173,0.0035059198,0.0018006131,0.54938614,0.00043250778,0.0035884874,0.0018926781,0.9483786,0.0020090684,0.006049712,0.002981271,0.018814389,0.00070642674,0.07253741,0.0025707288,0.010027483,0.0007642589,0.057461906,0.0028381676,0.0063883844,0.00091414846,0.07306056,0.003373677,0.0042397627,0.0008821838,0.08035694,0.003061332,0.0032928293,0.00097250036,0.112597264,0.0034734674
4831,/home/jupyter/dent_outputs/isic2019_v2/melanoma/hairs/seed4831/lambda_t_star5/style.png,0.0071842554,0.037462056,0.0651638,0.005087813,0.6690711,0.0041217324,0.0059992066,0.005266589,0.7645718,0.0037928752,0.005466845,0.0049105594,0.7723482,0.0033262814,0.0054974416,0.0046088593,0.6758608,0.004844391,0.009155441,0.00705062,0.54356056,0.0059570125,0.009656376,0.007832498,0.22871901,0.007857137,0.009277313,0.008976377,0.010323738,0.0065783504,0.0064402535,0.004738053,0.0063242577,0.007645976,0.0069761854,0.0048354045,0.005082252,0.008871342,0.009446038,0.0056329537
4169,/home/jupyter/dent_outputs/isic2019_v2/melanoma/hairs/seed4169/lambda_t_star5/style.png,0.0038285642,0.1369923,0.00015992412,0.00015589136,0.9977981,0.0023166586,0.0026461517,0.0021004896,0.99550843,0.0022574144,0.0024922441,0.0017315922,0.99184084,0.0016331691,0.00154537,0.0018725119,0.96690595,0.0025145486,0.002424064,0.0029060303,0.95587534,0.0024430717,0.002246265,0.0027011605,0.92565626,0.001998886,0.0023638143,0.0024696775,0.7819424,0.001679414,0.0028411625,0.002258453,0.08670434,0.0018318858,0.003410673,0.0031309805,0.031256866,0.0015004355,0.0033395835,0.0028521016
4210,/home/jupyter/dent_outputs/isic2019_v2/melanoma/hairs/seed4210/lambda_t_star5/style.png,0.23550063,0.0024767523,0.00074472977,0.0008853531,0.37006775,0.003778573,0.06885458,0.0039764866,0.9313923,0.0050141057,0.010291623,0.004540151,0.92229867,0.0029029036,0.0069559556,0.003922332,0.84616864,0.0025267834,0.0055823363,0.0039733527,0.41479462,0.0021892043,0.0042727194,0.0029822402,0.111690454,0.0024095075,0.0056814686,0.0025288153,0.028901892,0.0024955906,0.00554525,0.0025687488,0.0008987555,0.0020796568,0.0061470666,0.0013587606,0.00060359057,0.0015761543,0.0057488508,0.001098596
4700,/home/jupyter/dent_outputs/isic2019_v2/melanoma/hairs/seed4700/lambda_t_star5/style.png,0.020080892,0.042972386,0.06121894,0.008396474,0.9179624,0.041497983,0.009755898,0.008194553,0.9133627,0.020137766,0.0034494821,0.004173053,0.81205755,0.025784757,0.0031691226,0.004897094,0.7121768,0.022262638,0.002457792,0.004441958,0.19578466,0.020156462,0.002884554,0.0053363163,0.04649934,0.014241772,0.0030421852,0.004606961,0.011899124,0.009381461,0.0032440403,0.004015275,0.0060766465,0.008497724,0.0037237972,0.0037249753,0.0038258375,0.007267132,0.0035735879,0.0034975451
4031,/home/jupyter/dent_outputs/isic2019_v2/melanoma/hairs/seed4031/lambda_t_star5/style.png,0.0016653895,0.07180318,0.002500727,0.0016438358,0.5532418,0.0014123026,0.015452945,0.0010047408,0.26151833,0.0011511123,0.013496827,0.0009829768,0.18069212,0.00070802006,0.010788399,0.0010157184,0.13387327,0.0007738361,0.009828255,0.0011949628,0.04497407,0.0006927077,0.008508792,0.0011151545,0.012756743,0.0005717662,0.015755534,0.0011115994,0.001892696,0.0006329819,0.022681162,0.001321284,0.0014835693,0.0004853716,0.019426936,0.0012123494,0.0016378454,0.00045492413,0.01927875,0.0011791274
4142,/home/jupyter/dent_outputs/isic2019_v2/melanoma/hairs/seed4142/lambda_t_star5/style.png,0.063680016,0.0075441953,0.005308412,0.004705397,0.98966974,0.008292191,0.0037989519,0.0020574236,0.9975274,0.0044569843,0.0030434665,0.001303469,0.99718,0.004666108,0.00332487,0.0014201744,0.9966629,0.0049742036,0.0034589365,0.0014775988,0.9916664,0.006358462,0.0035679704,0.0017047467,0.9397904,0.008240119,0.005867085,0.0027037503,0.7223781,0.0065696063,0.0035907181,0.0018818276,0.28338745,0.008486913,0.0040551214,0.0016546319,0.1977332,0.00729539,0.0045198184,0.0016937184
4756,/home/jupyter/dent_outputs/isic2019_v2/melanoma/hairs/seed4756/lambda_t_star5/style.png,0.0003528772,0.0046436484,0.80113995,0.0040125395,0.72896624,0.0003588863,0.003036221,0.0011629609,0.72804993,0.00041320993,0.002605955,0.0012364892,0.7244179,0.00032075052,0.002315547,0.0008986506,0.5709635,0.0002850254,0.0027764484,0.0008919774,0.16037504,0.000272389,0.0054622344,0.0011631388,0.22608621,0.00022304006,0.0026176039,0.00084179523,0.013396095,0.00017908515,0.004254173,0.00088352646,0.0045176963,0.00020364899,0.0049265926,0.0010641153,0.00085442653,0.0002142049,0.0066021355,0.0011597328
4313,/home/jupyter/dent_outputs/isic2019_v2/melanoma/hairs/seed4313/lambda_t_star5/style.png,0.037739795,0.0027045668,0.24400106,0.0014830735,0.011192998,0.0030540077,0.00649398,0.001282218,0.0053639244,0.003808689,0.008218313,0.00157212,0.0078723775,0.0036733763,0.0072588455,0.0014812083,0.006433572,0.003304008,0.0067944294,0.0013575732,0.028874656,0.0038527367,0.005907895,0.001425706,0.032331523,0.006708539,0.0073401574,0.0015260639,0.047801547,0.004721633,0.0056833895,0.0017838929,0.0053372327,0.0034962678,0.00800441,0.0020483257,0.0019486155,0.0031277433,0.007559205,0.001961262
4967,/home/jupyter/dent_outputs/isic2019_v2/melanoma/hairs/seed4967/lambda_t_star5/style.png,0.000756008,0.0028211663,0.01997285,0.0021333282,0.48585087,0.0047049993,0.002215093,0.0019426265,0.3819979,0.0049915495,0.0026105014,0.0022374813,0.19796288,0.0030036534,0.002309548,0.0018777836,0.20279813,0.0023220489,0.0022987002,0.0017977887,0.13045867,0.0022831843,0.002673339,0.0021690878,0.082752086,0.0017383436,0.0021625452,0.0017604764,0.030581364,0.0016547359,0.0025757183,0.0020627768,0.0020976986,0.003278084,0.004598912,0.0038061861,0.0018748012,0.003426877,0.0051588467,0.0037888756
4860,/home/jupyter/dent_outputs/isic2019_v2/melanoma/hairs/seed4860/lambda_t_star5/style.png,0.0054932903,0.010355795,0.017810095,0.0041670986,0.99984324,0.002785471,0.0057393685,0.0021204958,0.99980325,0.0026623926,0.005445022,0.0021121176,0.9997811,0.0025145079,0.0051276,0.002069161,0.9997727,0.002912642,0.0052863914,0.002270809,0.99966073,0.0027216892,0.0040449835,0.0021195665,0.9987684,0.00399018,0.0041460195,0.0029461987,0.94746983,0.0063793226,0.0038472945,0.0042199898,0.54341304,0.008494254,0.005282226,0.006019686,0.17336416,0.008342927,0.00730266,0.006563904
4685,/home/jupyter/dent_outputs/isic2019_v2/melanoma/hairs/seed4685/lambda_t_star5/style.png,0.53701204,0.010851273,0.00090630236,0.002539794,0.997029,0.003093763,0.059986196,0.0027277025,0.99441355,0.0034308915,0.035269927,0.0029677995,0.6609471,0.0068052527,0.0208208,0.007764811,0.6577239,0.01137611,0.019438103,0.008116482,0.5821369,0.0091942325,0.01773507,0.006480185,0.2782578,0.0075216973,0.01747003,0.006196551,0.23876326,0.0039090356,0.011424718,0.004977336,0.049197506,0.0053706216,0.017647803,0.00694665,0.03630736,0.004690269,0.015376274,0.0069701597
4590,/home/jupyter/dent_outputs/isic2019_v2/melanoma/hairs/seed4590/lambda_t_star5/style.png,0.931806,0.00034992714,0.0008483042,0.00065520563,0.99140036,0.010418628,0.020525953,0.0038173217,0.98632264,0.0064774468,0.012041124,0.003026331,0.98843426,0.006110898,0.01407685,0.0028763192,0.98544437,0.005763125,0.0119504575,0.0027250473,0.9778725,0.006253479,0.011854706,0.0028244052,0.9305043,0.0064912643,0.01321442,0.0035390663,0.6720787,0.0058006397,0.012588813,0.004005424,0.19496267,0.0050273812,0.012167207,0.0036302647,0.04750755,0.004128212,0.011158752,0.0030363305
4950,/home/jupyter/dent_outputs/isic2019_v2/melanoma/hairs/seed4950/lambda_t_star5/style.png,0.0025283415,0.014800536,0.03283207,0.0046193777,0.5072791,0.0061766035,0.0018866254,0.008990712,0.40596858,0.008229269,0.0025748855,0.01285399,0.1981063,0.002899134,0.0015115062,0.008008812,0.26522294,0.0048464946,0.0022206372,0.010957049,0.26785022,0.0051236,0.0022276444,0.011068444,0.30159998,0.0062904125,0.0027167446,0.012402834,0.29345587,0.0064355996,0.0030198481,0.013271277,0.27054602,0.00590099,0.0032071432,0.014000545,0.28929707,0.0050409497,0.0031902438,0.0134205185
4392,/home/jupyter/dent_outputs/isic2019_v2/melanoma/hairs/seed4392/lambda_t_star5/style.png,0.9484967,0.049086366,0.0007798958,0.0014256298,0.9834843,0.16221707,0.11520423,0.012698049,0.97774816,0.18842275,0.07630859,0.010759624,0.9741077,0.114684895,0.07115409,0.008484674,0.96899253,0.07056112,0.069240764,0.0077015916,0.93280935,0.045680404,0.08023407,0.008009356,0.88915676,0.028269457,0.07098394,0.008006016,0.85850847,0.020330563,0.052053243,0.006463658,0.32112554,0.029216455,0.052595474,0.009456189,0.1755657,0.016078997,0.058989864,0.0070190635
4333,/home/jupyter/dent_outputs/isic2019_v2/melanoma/hairs/seed4333/lambda_t_star5/style.png,0.044491842,0.020440882,0.019405175,0.004774678,0.75466806,0.0008590503,0.0020332509,0.0011515042,0.70663434,0.0006478309,0.0019333205,0.0014809135,0.54090613,0.00056861655,0.0025323972,0.0017495387,0.46148834,0.00065875746,0.0031289153,0.0019672296,0.006574092,0.0010015792,0.0040717344,0.0031323961,0.006509288,0.00076002505,0.0040852227,0.002885605,0.005521889,0.00088051683,0.0042757597,0.0032711162,0.0050049555,0.00091446127,0.0049591265,0.003748692,0.006075261,0.0009916438,0.005930909,0.0044593336
4937,/home/jupyter/dent_outputs/isic2019_v2/melanoma/hairs/seed4937/lambda_t_star5/style.png,0.090447396,0.04820176,0.001389305,0.0016203924,0.7249703,0.00026843522,0.0026919998,0.0010525224,0.44961825,0.0002923763,0.0033029858,0.0013737333,0.36605707,0.00033143876,0.003452073,0.0014558336,0.30044386,0.00035643487,0.0036753993,0.0016677045,0.12612401,0.00042978599,0.0038357857,0.0019571418,0.034934033,0.0005143233,0.0040602144,0.0021883275,0.016549816,0.0005495808,0.0044836397,0.0025088966,0.010073544,0.0007162303,0.0050719576,0.0032389283,0.0047747353,0.0006410729,0.005257255,0.0031180053
4005,/home/jupyter/dent_outputs/isic2019_v2/melanoma/hairs/seed4005/lambda_t_star5/style.png,0.005851228,0.0014320776,0.023655605,0.0014492093,0.97701323,0.0012604983,0.0037871695,0.0014708983,0.9705255,0.0015343941,0.004811442,0.0019539543,0.9779022,0.0016678283,0.005571732,0.0019931886,0.9773227,0.0020965752,0.0054576155,0.0022254537,0.9787032,0.0018872243,0.0049484293,0.0019973742,0.97582245,0.0019226732,0.0044057793,0.0020460084,0.95836496,0.0017941805,0.004029086,0.002086542,0.6475901,0.0016551465,0.0043080007,0.0028651962,0.24930584,0.0014932631,0.0069170394,0.0036011178
4273,/home/jupyter/dent_outputs/isic2019_v2/melanoma/hairs/seed4273/lambda_t_star5/style.png,0.0012016715,0.13520758,0.0024313997,0.0014399465,0.98715204,0.003379155,0.020695813,0.0026376594,0.9008793,0.005138431,0.020430386,0.0039916905,0.6293307,0.00520895,0.018404834,0.004634733,0.5227354,0.0071188435,0.021731962,0.0060137147,0.1637643,0.008314253,0.0188356,0.0066736396,0.049852293,0.009867399,0.02113073,0.009123804,0.010661057,0.00828161,0.026569275,0.006019954,0.0057925936,0.007806561,0.027785357,0.0057493662,0.0035038546,0.006185596,0.023662306,0.004328527
4768,/home/jupyter/dent_outputs/isic2019_v2/melanoma/hairs/seed4768/lambda_t_star5/style.png,0.0053896927,0.040612366,0.018495146,0.003946818,0.9883328,0.0021470515,0.001864053,0.0020411848,0.98864275,0.0018334376,0.0019052441,0.0018243967,0.9857647,0.0016460881,0.0019086174,0.0017784396,0.9782361,0.0012000415,0.0017632447,0.0015872053,0.970948,0.00076043984,0.001456545,0.0013641762,0.82310027,0.00053822563,0.0018030368,0.0015512701,0.5775058,0.00034104442,0.0017247004,0.0013391554,0.6828302,0.0003348259,0.0013992485,0.0012041401,0.04858506,0.0009440765,0.0047551477,0.0035887908
4285,/home/jupyter/dent_outputs/isic2019_v2/melanoma/hairs/seed4285/lambda_t_star5/style.png,0.0027176943,0.043757074,0.017649423,0.005539085,0.02542006,0.005173302,0.048376217,0.0021239775,0.010305751,0.0059533007,0.040323023,0.002211294,0.006387653,0.0031821749,0.039735485,0.0017907643,0.0034837385,0.0030920103,0.042302914,0.001767973,0.0015638251,0.0026262188,0.056653287,0.0017183339,0.000853998,0.0019655228,0.05582979,0.0013646991,0.00070067274,0.0013930014,0.049739443,0.0010175747,0.0005407255,0.0011192727,0.05157147,0.0008941985,0.00047243276,0.0008881544,0.051505167,0.0007710309
4175,/home/jupyter/dent_outputs/isic2019_v2/melanoma/hairs/seed4175/lambda_t_star5/style.png,0.04933718,0.024744699,0.00041922284,0.0005157834,0.97787756,0.004199487,0.04224097,0.0023738039,0.9847639,0.0028467025,0.010698526,0.0015638489,0.98334056,0.0018269445,0.010496393,0.0017182482,0.97389853,0.0010986588,0.008505704,0.0015402122,0.9617984,0.00078719546,0.005903052,0.0012819677,0.90152586,0.0009131396,0.0054287063,0.0013880823,0.280426,0.0019888917,0.0037219117,0.0024868585,0.0049358606,0.0033191326,0.0050138272,0.003375526,0.0032319548,0.0028714098,0.0044108694,0.0029244549
4428,/home/jupyter/dent_outputs/isic2019_v2/melanoma/hairs/seed4428/lambda_t_star5/style.png,0.008322088,0.05363941,0.009300373,0.0029782832,0.006225082,0.013116406,0.0019290368,0.0057371464,0.005060358,0.011272241,0.0018166812,0.005506226,0.004268003,0.010512164,0.0017683542,0.0051568337,0.0048080683,0.009283319,0.0018491361,0.0055597923,0.0037052138,0.009416902,0.0022627455,0.00595579,0.0035344684,0.0072358768,0.0026151524,0.00731176,0.0034338064,0.005484401,0.003420642,0.009217279,0.002617152,0.004167645,0.0031223572,0.008520692,0.0033781629,0.0044107833,0.0036139542,0.009484866
4620,/home/jupyter/dent_outputs/isic2019_v2/melanoma/hairs/seed4620/lambda_t_star5/style.png,0.00037142544,0.010325697,0.0019701696,0.0003847358,0.9999106,0.0011114982,0.00075339276,0.00044324592,0.99988306,0.0011475916,0.0007600225,0.00048535172,0.9998944,0.0012015342,0.000889645,0.00049802836,0.9998672,0.0013185976,0.0009880079,0.0005440673,0.99973315,0.0012018937,0.001099796,0.00062827574,0.98912734,0.0012964203,0.0010460453,0.00092416623,0.013444493,0.0022388806,0.0027335861,0.0019324907,0.004189982,0.0020377394,0.0029449302,0.001983032,0.00094314065,0.0022631623,0.0046444996,0.002845433
4167,/home/jupyter/dent_outputs/isic2019_v2/melanoma/hairs/seed4167/lambda_t_star5/style.png,0.015791941,0.02132686,0.0013919339,0.003830924,0.7755622,0.0010984951,0.002643064,0.00088613416,0.7959794,0.0016224788,0.0037708876,0.0012013746,0.7103299,0.0015151831,0.0044037825,0.0013424967,0.70026416,0.0013752568,0.0053962683,0.0014366214,0.7656444,0.0017199364,0.00561762,0.0014494626,0.56965464,0.0017518537,0.0049653775,0.0015102273,0.061140716,0.0009868363,0.003661549,0.001443147,0.0016448135,0.00088446424,0.0019053221,0.0012226251,0.00018132938,0.0008888901,0.0010883579,0.000797222
4577,/home/jupyter/dent_outputs/isic2019_v2/melanoma/hairs/seed4577/lambda_t_star5/style.png,0.0076784533,0.039892178,0.0029783044,0.0007234889,0.2495008,0.004288739,0.0045804796,0.001817259,0.194881,0.0079924315,0.0040934975,0.002681706,0.24936916,0.009262051,0.003664039,0.0027868212,0.18556201,0.0087315515,0.0036716245,0.0028889503,0.1363943,0.0060028248,0.00293526,0.00254522,0.067698635,0.0040346156,0.002422857,0.0022185368,0.010397043,0.0033347544,0.002301392,0.003037793,0.0010300222,0.006384796,0.0039170384,0.004473119,0.0007659019,0.005552594,0.0034287549,0.0035197523
4231,/home/jupyter/dent_outputs/isic2019_v2/melanoma/hairs/seed4231/lambda_t_star5/style.png,0.0014461424,0.020066874,0.016292425,0.004814137,0.9861973,0.031171575,0.0030500758,0.0013157105,0.98612297,0.029711887,0.0041611907,0.0015072203,0.9941386,0.027630683,0.0041930014,0.0012761676,0.9968362,0.039605953,0.004893319,0.0014521885,0.99364716,0.038241506,0.0044342363,0.0016403594,0.0013898688,0.016326385,0.0040278574,0.0015793015,0.0009069182,0.0053425794,0.0040229172,0.0013503883,0.00052761467,0.0024792452,0.00484583,0.0012829175,0.00053655554,0.002413478,0.0053076544,0.0014110181
4357,/home/jupyter/dent_outputs/isic2019_v2/melanoma/hairs/seed4357/lambda_t_star5/style.png,0.0034293416,0.014597413,0.0017163564,0.00103112,0.091253825,0.002862421,0.60868967,0.005227963,0.037075613,0.004323095,0.733297,0.008424991,0.0060924757,0.006293754,0.43046233,0.011548185,0.0023023414,0.0057690246,0.38013032,0.010830584,0.00051027443,0.0056868023,0.24948329,0.0077795056,0.00040106737,0.0042702165,0.19704388,0.0057495837,0.00045839962,0.0046270248,0.20496775,0.0065022362,0.00051898125,0.005240713,0.20148897,0.0068228594,0.00046296156,0.0050986325,0.20267588,0.0067639663
4417,/home/jupyter/dent_outputs/isic2019_v2/melanoma/hairs/seed4417/lambda_t_star5/style.png,0.0057115178,0.35915166,0.003065465,0.0013389266,0.03640997,0.00042025355,0.016838139,0.001209743,0.03498846,0.00089139043,0.057035036,0.0016616698,0.055554733,0.00084624067,0.044864833,0.00111319,0.0403532,0.00070388324,0.031749517,0.0009770404,0.020135581,0.00049660227,0.020259276,0.0007677005,0.009536756,0.00058841496,0.014690811,0.00083349756,0.0030049859,0.0005386419,0.009213909,0.0008076429,0.000624008,0.00058013096,0.007145251,0.00096675154,0.00048477692,0.0005718395,0.008489825,0.0009762392
4390,/home/jupyter/dent_outputs/isic2019_v2/melanoma/hairs/seed4390/lambda_t_star5/style.png,0.0003719068,0.004419146,0.045480296,0.00082632725,0.9423597,0.010841528,0.0033394007,0.0029600945,0.9389498,0.0077721216,0.0050096777,0.0033039432,0.77379394,0.010655879,0.008495812,0.0050934446,0.5805353,0.008230775,0.009336045,0.004474151,0.46168074,0.008517381,0.006781711,0.0037118911,0.18835741,0.009234086,0.0058489707,0.0038911707,0.014414404,0.0073135053,0.0034432346,0.0024393292,0.001700703,0.005696144,0.0027898122,0.0015212101,0.0015228636,0.0046040164,0.0029643222,0.0015759487
4872,/home/jupyter/dent_outputs/isic2019_v2/melanoma/hairs/seed4872/lambda_t_star5/style.png,0.010634782,0.015225904,0.00048474898,0.0010717824,0.7244975,0.001955106,0.07101147,0.002207813,0.67451376,0.002402172,0.12616386,0.0027052665,0.63906175,0.002017313,0.12183338,0.0026444837,0.6142812,0.0019301074,0.1257897,0.0026619555,0.35751465,0.0014761096,0.14650787,0.0023530794,0.13501397,0.0013869809,0.14041355,0.0024206098,0.00603024,0.0012001713,0.25135902,0.003414909,0.0011134779,0.0010911687,0.35675794,0.003930922,0.000804335,0.0010120623,0.39295477,0.004002608
4423,/home/jupyter/dent_outputs/isic2019_v2/melanoma/hairs/seed4423/lambda_t_star5/style.png,0.00013582312,0.0071425387,0.002706234,0.00023241922,0.0068263146,0.03795369,0.010656055,0.026402239,0.005856087,0.045962118,0.018133247,0.05822989,0.004736933,0.046310574,0.019687481,0.061034385,0.003536595,0.05097441,0.019189585,0.05391586,0.0025494194,0.035179876,0.016497666,0.037338078,0.0021582032,0.042943235,0.019472765,0.038003188,0.0022502965,0.04035404,0.018602654,0.037641563,0.0020413003,0.03758825,0.020121519,0.03916484,0.0018367409,0.04127184,0.021191947,0.037021957
4108,/home/jupyter/dent_outputs/isic2019_v2/melanoma/hairs/seed4108/lambda_t_star5/style.png,0.0010172534,0.0043089786,0.041318722,0.0028647846,0.97356623,0.007466744,0.013291361,0.0061508613,0.95741403,0.0069219144,0.011890279,0.0062550944,0.9317723,0.006163005,0.011650737,0.006434267,0.9093057,0.005812253,0.010718727,0.006152972,0.83511657,0.0054884856,0.010818877,0.0061944453,0.7686666,0.0044829953,0.009833532,0.0059599867,0.007333,0.004175511,0.008163133,0.005487796,0.0034730993,0.004300478,0.008684237,0.0051645795,0.0027374171,0.0036725125,0.008165218,0.0044654347
4806,/home/jupyter/dent_outputs/isic2019_v2/melanoma/hairs/seed4806/lambda_t_star5/style.png,0.00074759114,0.004366437,0.02108682,0.0026826067,0.9857976,0.004404188,0.0010920948,0.0018816305,0.9889187,0.0045893434,0.0011227641,0.0018777847,0.98834795,0.006613291,0.0015958932,0.0025870686,0.9823698,0.0045456197,0.0015885019,0.0026142832,0.96559095,0.0043263435,0.0017829242,0.0029757356,0.94533384,0.0057406803,0.0019447088,0.003321023,0.49637204,0.010928445,0.003112562,0.0052948906,0.0476039,0.008756237,0.004288778,0.0061959606,0.038627636,0.0071691764,0.0042528724,0.0052800337
4068,/home/jupyter/dent_outputs/isic2019_v2/melanoma/hairs/seed4068/lambda_t_star5/style.png,0.0017168721,0.049881596,0.00651556,0.0053889975,0.996816,0.001385625,0.0032889172,0.0014311397,0.9988844,0.0012588941,0.0053905826,0.001564712,0.99929667,0.0014215994,0.0062306244,0.0016983649,0.9986362,0.0020908425,0.006815374,0.0027147157,0.96676385,0.002584476,0.004701466,0.004269931,0.72129184,0.002979596,0.004736834,0.004601248,0.19671357,0.0042049186,0.0043314197,0.0053558736,0.013278578,0.005809372,0.0037719517,0.0059743864,0.009273269,0.004906493,0.0037269916,0.0053890306
4746,/home/jupyter/dent_outputs/isic2019_v2/melanoma/hairs/seed4746/lambda_t_star5/style.png,0.0023367128,0.00096162246,0.09656466,0.0017112022,0.010535571,0.0034905092,0.00086807646,0.0020002364,0.012470195,0.0048221736,0.0010545357,0.0023274934,0.012444248,0.0057853945,0.0011027739,0.0024207619,0.015213597,0.0062346794,0.00056758913,0.0017689519,0.026389303,0.0037571876,0.00072351104,0.0023467334,0.015178168,0.0031333715,0.00071758166,0.0023119838,0.008994507,0.0031107853,0.00082069734,0.0025191263,0.006089608,0.0032668172,0.00067165855,0.0021586674,0.0050373487,0.0031154526,0.00072851643,0.0022981032
4026,/home/jupyter/dent_outputs/isic2019_v2/melanoma/hairs/seed4026/lambda_t_star5/style.png,0.0017797194,0.013815899,0.047255132,0.007471498,0.82149696,0.010396151,0.043346614,0.004491383,0.7644691,0.0138891535,0.034027867,0.003872136,0.7056361,0.014824585,0.029706819,0.004043823,0.63174677,0.016054444,0.031329326,0.0053595225,0.31497437,0.013123679,0.028623056,0.0051591923,0.026085759,0.0074634156,0.014934987,0.0027314408,0.0018614465,0.004686936,0.009433642,0.002072391,0.00025515308,0.004914156,0.0102007175,0.0018961484,0.00025065808,0.0048875734,0.011700687,0.002039341
4584,/home/jupyter/dent_outputs/isic2019_v2/melanoma/hairs/seed4584/lambda_t_star5/style.png,0.015432253,0.010146911,0.000706029,0.00046724494,0.86137533,0.034074806,0.009728214,0.0063163065,0.84917265,0.03381038,0.008791993,0.0062439013,0.8253162,0.04403563,0.009675488,0.0069836676,0.85087824,0.03897025,0.00916792,0.0065852962,0.6802224,0.033442613,0.009174779,0.006842232,0.4567249,0.03523661,0.011514551,0.010713399,0.28563526,0.04199269,0.012998382,0.011604311,0.06161615,0.03874504,0.012137355,0.011027862,0.046823777,0.03506009,0.011756433,0.009697975
4166,/home/jupyter/dent_outputs/isic2019_v2/melanoma/hairs/seed4166/lambda_t_star5/style.png,0.015844975,0.04494686,0.011668986,0.0059025176,0.09968019,0.0021347771,0.007938869,0.0022946747,0.1384497,0.0016124464,0.0070480397,0.0019590463,0.067015745,0.0016504413,0.0048574335,0.001833605,0.06351371,0.0012654099,0.0039288313,0.0017340636,0.01437743,0.0011595424,0.0028778485,0.0015105357,0.0044830507,0.0005416607,0.00236249,0.001476189,0.0012374859,0.0003431346,0.0017276034,0.0010863246,0.0006336923,0.00021199851,0.0017070587,0.0008528425,0.0003538,0.00015049866,0.0018149442,0.00076399016
4274,/home/jupyter/dent_outputs/isic2019_v2/melanoma/hairs/seed4274/lambda_t_star5/style.png,0.001714706,0.10383226,0.0004129599,0.0004408035,0.6577739,0.004929169,0.016209243,0.007395954,0.51205456,0.0014244296,0.006391103,0.0021349366,0.20969354,0.00088407757,0.0043152394,0.0016093764,0.00910841,0.0010638199,0.003547088,0.0018257719,0.0025264744,0.0012053176,0.0036924984,0.002289822,0.0023804735,0.0012123083,0.0033489668,0.0019130501,0.0017583023,0.0017435373,0.00343847,0.002591597,0.0010685209,0.0013502565,0.003424313,0.0020614385,0.00095155556,0.0014563993,0.0039690016,0.0022284011
4314,/home/jupyter/dent_outputs/isic2019_v2/melanoma/hairs/seed4314/lambda_t_star5/style.png,0.08467287,0.0087186955,0.0015009879,0.0015539423,0.6693271,0.00050714717,0.0014764532,0.0014913254,0.8481272,0.00060859026,0.0017385945,0.0026941844,0.922852,0.00066355435,0.0015784355,0.0024815577,0.88855755,0.0008681443,0.0017829838,0.003623949,0.2280576,0.00089170894,0.0015041248,0.00439572,0.028394544,0.00064939517,0.0014463952,0.0039232294,0.0015508255,0.00060201756,0.0016324961,0.0037693777,0.0009369235,0.0005344149,0.0016378517,0.003551895,0.00057915505,0.00042450018,0.0015900674,0.00310879
4958,/home/jupyter/dent_outputs/isic2019_v2/melanoma/hairs/seed4958/lambda_t_star5/style.png,0.0025182518,0.0017768261,0.03874502,0.003367939,0.08149452,0.0036705243,0.0060680504,0.0050005023,0.11927382,0.0031301857,0.00729189,0.0047567617,0.072874054,0.0021182268,0.0057278783,0.0037170458,0.0728229,0.0019181663,0.005348956,0.0036307925,0.055071443,0.0017921072,0.005878908,0.003977531,0.036520712,0.0013403657,0.0048701665,0.003861584,0.008398637,0.0010789771,0.0036952926,0.0037475992,0.0023679277,0.0010043182,0.004227013,0.0038860785,0.0015014346,0.0011884753,0.0050685853,0.004405393
4467,/home/jupyter/dent_outputs/isic2019_v2/melanoma/hairs/seed4467/lambda_t_star5/style.png,0.0016743093,0.018361008,0.08056283,0.0054982943,0.64863616,0.007716405,0.0012075417,0.0036093998,0.59216297,0.008672184,0.0016772153,0.004324743,0.89550114,0.0072704447,0.0013379584,0.0029370096,0.82543236,0.004745213,0.0011864862,0.0027466842,0.6469458,0.004108066,0.0012118362,0.0025648314,0.4017511,0.0027941668,0.001109026,0.0023644597,0.2926124,0.002369246,0.0009898603,0.001983503,0.2881351,0.0026054184,0.0012039744,0.0021904255,0.23130263,0.002341715,0.001096902,0.0019483309
4519,/home/jupyter/dent_outputs/isic2019_v2/melanoma/hairs/seed4519/lambda_t_star5/style.png,0.0014141977,0.06118042,0.11510903,0.0021939343,0.99839526,0.014045253,0.04729505,0.00658515,0.99857616,0.013217608,0.047869813,0.006315436,0.998287,0.01453327,0.053132664,0.006759502,0.99813664,0.014428189,0.056373697,0.0066098426,0.99755114,0.015510337,0.055338115,0.006801966,0.98838633,0.011833415,0.030845236,0.0056345114,0.34247163,0.006196977,0.011488983,0.004358029,0.019440703,0.005747319,0.012711375,0.0030577527,0.013295526,0.0058610556,0.0111454325,0.0026391577
4791,/home/jupyter/dent_outputs/isic2019_v2/melanoma/hairs/seed4791/lambda_t_star5/style.png,0.12958406,0.0066170758,0.007072426,0.0029468294,0.9891266,0.0011298691,0.0025473177,0.0018134941,0.99053484,0.0012886813,0.0031231453,0.0019156612,0.93733567,0.0009959799,0.00416718,0.0017844993,0.98579514,0.0013850036,0.0042037945,0.0022441926,0.9849497,0.0011577957,0.002881555,0.0018005308,0.8884859,0.00071820087,0.0033786173,0.0018867907,0.16557205,0.0003943162,0.0033299003,0.0019572638,0.05525904,0.00038003124,0.003621288,0.002055704,0.06024583,0.0003869361,0.0033630384,0.0019971936
4472,/home/jupyter/dent_outputs/isic2019_v2/melanoma/hairs/seed4472/lambda_t_star5/style.png,0.0051212963,0.06644327,0.008150141,0.0066625597,0.70391685,0.0013876561,0.00950867,0.0036365464,0.5742741,0.001281153,0.011220236,0.0035103138,0.5818171,0.0015361463,0.011483257,0.0037639257,0.37787297,0.00136743,0.013669449,0.0036574302,0.34865165,0.0012945449,0.011103625,0.0034152707,0.098230876,0.0012690229,0.00874071,0.0027072898,0.0014434396,0.0013529757,0.014833266,0.0039555426,0.00085871643,0.0011009475,0.014902547,0.00349827,0.0004773954,0.0010477569,0.016622841,0.003618321
4265,/home/jupyter/dent_outputs/isic2019_v2/melanoma/hairs/seed4265/lambda_t_star5/style.png,0.0055222344,0.03211889,0.0026040892,0.002524309,0.88681084,0.008265564,0.28242102,0.0052183256,0.64518267,0.006019158,0.25808883,0.0049555046,0.27992266,0.00527498,0.2476605,0.005014617,0.09327158,0.0049094385,0.19685881,0.005613879,0.009594964,0.0040817806,0.19826198,0.0059438604,0.0018383965,0.0037556295,0.19849645,0.006307947,0.0012507996,0.005106001,0.26455596,0.007855707,0.00085289206,0.004578393,0.32877922,0.0067854156,0.000860134,0.004768954,0.3599368,0.0068308646
4382,/home/jupyter/dent_outputs/isic2019_v2/melanoma/hairs/seed4382/lambda_t_star5/style.png,0.0005285761,0.0154016195,0.013138256,0.002087866,0.0018254789,0.008122242,0.0011323348,0.0013869551,0.0020351047,0.009606443,0.0012270287,0.0016226758,0.0015477143,0.010603405,0.0012157225,0.001436971,0.0011448878,0.010286496,0.0013564321,0.0013453921,0.0010493142,0.00969895,0.0015332572,0.0014171576,0.0008771522,0.008892666,0.0017736871,0.0014349752,0.0006309592,0.008353289,0.0020393895,0.0014745571,0.00048639634,0.006113503,0.0021919205,0.001420564,0.0003440703,0.0050382856,0.0022710348,0.0012613828
4013,/home/jupyter/dent_outputs/isic2019_v2/melanoma/hairs/seed4013/lambda_t_star5/style.png,0.0018570193,0.0021076067,0.033852674,0.002852111,0.99774987,0.0002544874,0.0015636248,0.00065239234,0.9955395,0.0002358622,0.001444455,0.0006820591,0.9949532,0.00020341476,0.0013335972,0.00065610267,0.9954035,0.00018770577,0.0014051079,0.0005758239,0.99733186,0.0001975469,0.0010846995,0.000530413,0.9983845,0.00023674358,0.00082877936,0.00050839706,0.991653,0.00021296936,0.001071744,0.000727697,0.4585817,0.00025297637,0.0018688785,0.0012240701,0.20334063,0.00016671252,0.0019110135,0.0010745233
4468,/home/jupyter/dent_outputs/isic2019_v2/melanoma/hairs/seed4468/lambda_t_star5/style.png,0.0004011624,0.009503668,0.015851468,0.0011508404,0.42397875,0.0012359186,0.0051980745,0.0021981187,0.23993836,0.00072953664,0.004938679,0.0016514473,0.18746614,0.0005783105,0.0042366195,0.0014208095,0.12866189,0.0005155499,0.0045830826,0.0012519187,0.11386751,0.0004925665,0.0052501154,0.0012613612,0.0010975933,0.0006501452,0.0038986632,0.0015338559,0.00071683904,0.00069031515,0.0043257847,0.0014862842,0.0005517998,0.0006628291,0.0048865695,0.0014091226,0.0004335108,0.0007923413,0.0055625583,0.001610832
