seed,path,neutral_pleural_effusion,5_pleural_effusion,10_pleural_effusion,15_pleural_effusion,20_pleural_effusion,25_pleural_effusion,30_pleural_effusion,35_pleural_effusion,40_pleural_effusion,45_pleural_effusion,neutral_support_devices,5_support_devices,10_support_devices,15_support_devices,20_support_devices,25_support_devices,30_support_devices,35_support_devices,40_support_devices,45_support_devices
3091,/usr/local/data/zahrat/workshop/dent_output/chexpert-swap-normal/pleural_effusion/seed3091/lambda_t_star5/style.png,0.35242385,0.9588049,0.9651468,0.9367049,0.9301995038986206,0.9119535088539124,0.884739339351654,0.854640543460846,0.7578259706497192,0.5835297107696533,0.104018286,0.83823156,0.8182929,0.27096596,0.17507226765155792,0.13456234335899353,0.12578795850276947,0.11622820794582367,0.11136756837368011,0.11005382239818573
2388,/usr/local/data/zahrat/workshop/dent_output/chexpert-swap-normal/pleural_effusion/seed2388/lambda_t_star5/style.png,0.063206784,0.83423215,0.407792,0.24906853,0.16661638021469116,0.13974685966968536,0.11543911695480347,0.09521310031414032,0.08954692631959915,0.07418416440486908,0.04194516,0.18793923,0.15466623,0.11514975,0.1202159970998764,0.10799948126077652,0.1041862890124321,0.09671039879322052,0.06602827459573746,0.04866224154829979
1831,/usr/local/data/zahrat/workshop/dent_output/chexpert-swap-normal/pleural_effusion/seed1831/lambda_t_star5/style.png,0.7515581,0.9830034,0.9335435,0.9056522,0.8788006901741028,0.8549569249153137,0.8385382294654846,0.8267903923988342,0.8185113668441772,0.8082423210144043,0.04336289,0.1646912,0.075742476,0.09304271,0.09469132870435715,0.10215125232934952,0.08498828858137131,0.07548003643751144,0.05980195105075836,0.04907964915037155
2733,/usr/local/data/zahrat/workshop/dent_output/chexpert-swap-normal/pleural_effusion/seed2733/lambda_t_star5/style.png,0.066827245,0.9720671,0.950936,0.7540715,0.6380059123039246,0.6330083012580872,0.43658512830734253,0.2863738536834717,0.18454638123512268,0.10617563128471375,0.081585325,0.38451153,0.05843706,0.051813822,0.06327348202466965,0.06557190418243408,0.07179037481546402,0.0803176537156105,0.08168657124042511,0.08181905746459961
1758,/usr/local/data/zahrat/workshop/dent_output/chexpert-swap-normal/pleural_effusion/seed1758/lambda_t_star5/style.png,0.02923222,0.67763907,0.7065257,0.612564,0.10659149289131165,0.05208006128668785,0.04554716497659683,0.040374498814344406,0.03603063151240349,0.03326345235109329,0.030999927,0.091806985,0.7838114,0.107029006,0.06779341399669647,0.039763741195201874,0.04168456420302391,0.03857267275452614,0.03553662449121475,0.0353359654545784
1900,/usr/local/data/zahrat/workshop/dent_output/chexpert-swap-normal/pleural_effusion/seed1900/lambda_t_star5/style.png,0.031912193,0.27460888,0.23104171,0.15307356,0.12555928528308868,0.09438269585371017,0.07124040275812149,0.05983322113752365,0.04545146971940994,0.036132410168647766,0.29922837,0.9378042,0.9315707,0.94872487,0.9240393042564392,0.9090929627418518,0.8807178735733032,0.5368532538414001,0.37009865045547485,0.330375999212265
2867,/usr/local/data/zahrat/workshop/dent_output/chexpert-swap-normal/pleural_effusion/seed2867/lambda_t_star5/style.png,0.77235806,0.98581994,0.9453997,0.9419631,0.9539847373962402,0.9573842883110046,0.9476902484893799,0.9438960552215576,0.9247021079063416,0.8733261823654175,0.11839872,0.82518774,0.79375273,0.76540846,0.7350534200668335,0.49815693497657776,0.4833752512931824,0.2837401330471039,0.13831841945648193,0.14252115786075592
2490,/usr/local/data/zahrat/workshop/dent_output/chexpert-swap-normal/pleural_effusion/seed2490/lambda_t_star5/style.png,0.017089482,0.87282485,0.8789613,0.6499866,0.1934279501438141,0.060906101018190384,0.046314895153045654,0.03715336695313454,0.02850276045501232,0.02164003811776638,0.40733215,0.7739012,0.682415,0.6985769,0.711035966873169,0.6890460848808289,0.6087172627449036,0.5615163445472717,0.5447719097137451,0.4944043457508087
2237,/usr/local/data/zahrat/workshop/dent_output/chexpert-swap-normal/pleural_effusion/seed2237/lambda_t_star5/style.png,0.1947693,0.94821954,0.89232016,0.9007166,0.8788361549377441,0.8765578866004944,0.8243806958198547,0.6609306931495667,0.44492024183273315,0.26181480288505554,0.13630259,0.93367535,0.77912384,0.22642745,0.488025963306427,0.2601422667503357,0.23855794966220856,0.1752934753894806,0.1506691575050354,0.14748188853263855
1989,/usr/local/data/zahrat/workshop/dent_output/chexpert-swap-normal/pleural_effusion/seed1989/lambda_t_star5/style.png,0.058361556,0.98467237,0.96426046,0.81789124,0.5970192551612854,0.4063341021537781,0.30341818928718567,0.1939336061477661,0.13747219741344452,0.08865217864513397,0.07031713,0.6815351,0.66628474,0.55734867,0.42952167987823486,0.1693146675825119,0.11266710609197617,0.09270615875720978,0.08596687763929367,0.07612481713294983
2989,/usr/local/data/zahrat/workshop/dent_output/chexpert-swap-normal/pleural_effusion/seed2989/lambda_t_star5/style.png,0.35773134,0.19647789,0.40144834,0.44245875,0.38454344868659973,0.38500043749809265,0.40346014499664307,0.38808679580688477,0.3755832016468048,0.37017303705215454,0.19009942,0.7589957,0.50001734,0.48491597,0.351445734500885,0.2750529944896698,0.22834564745426178,0.22174744307994843,0.23621833324432373,0.19470569491386414
3236,/usr/local/data/zahrat/workshop/dent_output/chexpert-swap-normal/pleural_effusion/seed3236/lambda_t_star5/style.png,0.040511508,0.95214736,0.90919816,0.9422387,0.7965705394744873,0.568929135799408,0.5645760297775269,0.3223040699958801,0.1319042593240738,0.06746760755777359,0.16107742,0.5390541,0.26517195,0.17146124,0.3138032853603363,0.273727685213089,0.2728898823261261,0.22444984316825867,0.18171705305576324,0.16001594066619873
3314,/usr/local/data/zahrat/workshop/dent_output/chexpert-swap-normal/pleural_effusion/seed3314/lambda_t_star5/style.png,0.09392383,0.9777194,0.979657,0.93834907,0.8952863812446594,0.7875270843505859,0.5637913346290588,0.31144726276397705,0.1969815194606781,0.13533982634544373,0.7313724,0.8964288,0.9359807,0.9045245,0.8522388935089111,0.8744556307792664,0.7742400169372559,0.7515360713005066,0.7296843528747559,0.7261589169502258
1796,/usr/local/data/zahrat/workshop/dent_output/chexpert-swap-normal/pleural_effusion/seed1796/lambda_t_star5/style.png,0.040607776,0.96420616,0.84316516,0.5133047,0.3384975492954254,0.1569054126739502,0.11323350667953491,0.07269659638404846,0.05688867345452309,0.04544387012720108,0.63617265,0.78151584,0.8077857,0.5754434,0.40399977564811707,0.4604453444480896,0.5305958986282349,0.658311665058136,0.6792145371437073,0.6712148189544678
1823,/usr/local/data/zahrat/workshop/dent_output/chexpert-swap-normal/pleural_effusion/seed1823/lambda_t_star5/style.png,0.16874804,0.7386383,0.62574375,0.5233406,0.4045030176639557,0.3251905143260956,0.33947598934173584,0.28715988993644714,0.2312166690826416,0.19079676270484924,0.057800896,0.0433768,0.056178395,0.05246008,0.05355522781610489,0.0541313998401165,0.06136482581496239,0.062284424901008606,0.0631994754076004,0.06346114724874496
1899,/usr/local/data/zahrat/workshop/dent_output/chexpert-swap-normal/pleural_effusion/seed1899/lambda_t_star5/style.png,0.6921503,0.9683308,0.9625921,0.9522049,0.909493625164032,0.8725805282592773,0.8397441506385803,0.8231595158576965,0.7837902903556824,0.7309648394584656,0.81182903,0.8711695,0.8668303,0.8530938,0.8518141508102417,0.8502117991447449,0.8375455141067505,0.8340340852737427,0.8251858949661255,0.8227863311767578
2692,/usr/local/data/zahrat/workshop/dent_output/chexpert-swap-normal/pleural_effusion/seed2692/lambda_t_star5/style.png,0.12623471,0.8540642,0.7173397,0.642006,0.4666215181350708,0.336434930562973,0.25194305181503296,0.19877596199512482,0.15812517702579498,0.14081543684005737,0.028601062,0.060085565,0.031874467,0.024225578,0.027386583387851715,0.02928648516535759,0.02997090108692646,0.03226130083203316,0.03143797814846039,0.030843671411275864
2338,/usr/local/data/zahrat/workshop/dent_output/chexpert-swap-normal/pleural_effusion/seed2338/lambda_t_star5/style.png,0.23880641,0.8932629,0.8755396,0.7524637,0.6490231156349182,0.5668790936470032,0.49983876943588257,0.45058655738830566,0.3826582133769989,0.3074984848499298,0.05424524,0.842872,0.33933258,0.24896513,0.23827782273292542,0.12512370944023132,0.08185042440891266,0.0675748661160469,0.0586039200425148,0.05778871476650238
3145,/usr/local/data/zahrat/workshop/dent_output/chexpert-swap-normal/pleural_effusion/seed3145/lambda_t_star5/style.png,0.1770589,0.8418336,0.57323325,0.37695855,0.27776795625686646,0.24529743194580078,0.30425596237182617,0.2623143494129181,0.25373709201812744,0.21241998672485352,0.061584998,0.21697344,0.43562317,0.27119452,0.41749686002731323,0.15166151523590088,0.1776232123374939,0.14500240981578827,0.11920672655105591,0.07725117355585098
1806,/usr/local/data/zahrat/workshop/dent_output/chexpert-swap-normal/pleural_effusion/seed1806/lambda_t_star5/style.png,0.08066042,0.96007806,0.88776267,0.7108681,0.5883891582489014,0.4525602459907532,0.3304130733013153,0.22667554020881653,0.15291063487529755,0.10605335980653763,0.5776614,0.4004628,0.3800781,0.4495812,0.42863622307777405,0.4244096577167511,0.41017770767211914,0.40442365407943726,0.45061764121055603,0.524264395236969
2717,/usr/local/data/zahrat/workshop/dent_output/chexpert-swap-normal/pleural_effusion/seed2717/lambda_t_star5/style.png,0.042610265,0.91403913,0.83088803,0.2268875,0.18077699840068817,0.10451442748308182,0.08501360565423965,0.06885053217411041,0.05759395286440849,0.04814213886857033,0.21539716,0.6853408,0.6650871,0.34530798,0.4747820198535919,0.5668436288833618,0.45378825068473816,0.32413536310195923,0.2169225662946701,0.2042921781539917
2103,/usr/local/data/zahrat/workshop/dent_output/chexpert-swap-normal/pleural_effusion/seed2103/lambda_t_star5/style.png,0.02457689,0.8915907,0.82906383,0.45495433,0.40418073534965515,0.10335087776184082,0.06742531806230545,0.045801907777786255,0.03827428072690964,0.030256683006882668,0.07828953,0.13959564,0.08868577,0.38761055,0.08903384953737259,0.09327256679534912,0.08975885063409805,0.09410970658063889,0.08256443589925766,0.09037577360868454
1922,/usr/local/data/zahrat/workshop/dent_output/chexpert-swap-normal/pleural_effusion/seed1922/lambda_t_star5/style.png,0.384124,0.45012096,0.47268808,0.4642594,0.4552193880081177,0.4277397096157074,0.4093272089958191,0.3943946957588196,0.38916051387786865,0.38911503553390503,0.80049723,0.92579174,0.66335994,0.76164544,0.842749834060669,0.844876766204834,0.8030791878700256,0.7958248257637024,0.78565913438797,0.7917212247848511
2250,/usr/local/data/zahrat/workshop/dent_output/chexpert-swap-normal/pleural_effusion/seed2250/lambda_t_star5/style.png,0.09238924,0.6190249,0.63688594,0.7123716,0.5650638341903687,0.35301119089126587,0.20587977766990662,0.15647108852863312,0.1178717091679573,0.09838995337486267,0.12458608,0.90945697,0.89300245,0.8825101,0.7302214503288269,0.665644109249115,0.489737331867218,0.18579243123531342,0.15519772469997406,0.13431823253631592
2427,/usr/local/data/zahrat/workshop/dent_output/chexpert-swap-normal/pleural_effusion/seed2427/lambda_t_star5/style.png,0.030075457,0.7869813,0.85321605,0.52762944,0.37536004185676575,0.1984647810459137,0.09635265171527863,0.06688414514064789,0.052548598498106,0.03989637270569801,0.08432088,0.43274796,0.67534256,0.8939944,0.9196282625198364,0.9039754867553711,0.9090898036956787,0.7306102514266968,0.133439302444458,0.09889727830886841
3377,/usr/local/data/zahrat/workshop/dent_output/chexpert-swap-normal/pleural_effusion/seed3377/lambda_t_star5/style.png,0.48080164,0.96777904,0.9608809,0.94275546,0.9064764976501465,0.8462250828742981,0.8230437636375427,0.8112285733222961,0.7483593225479126,0.5630421042442322,0.28093326,0.18340424,0.19047576,0.2183348,0.3081378936767578,0.3742242455482483,0.32187315821647644,0.3419165015220642,0.34287911653518677,0.3423476815223694
1840,/usr/local/data/zahrat/workshop/dent_output/chexpert-swap-normal/pleural_effusion/seed1840/lambda_t_star5/style.png,0.7118575,0.9862673,0.9754995,0.9728544,0.9629172682762146,0.953790009021759,0.9386328458786011,0.8850914239883423,0.8066050410270691,0.766870379447937,0.07897008,0.11889566,0.15849835,0.1759323,0.14532557129859924,0.13581298291683197,0.13168135285377502,0.13095860183238983,0.12332230061292648,0.09192075580358505
2157,/usr/local/data/zahrat/workshop/dent_output/chexpert-swap-normal/pleural_effusion/seed2157/lambda_t_star5/style.png,0.05358913,0.8864879,0.69242996,0.56333697,0.2879391312599182,0.1421571671962738,0.09960208833217621,0.07682596892118454,0.06646060943603516,0.06275662779808044,0.2697151,0.39459446,0.63571316,0.52587605,0.5047085881233215,0.2936992347240448,0.3073112964630127,0.321328729391098,0.29269301891326904,0.25019755959510803
2174,/usr/local/data/zahrat/workshop/dent_output/chexpert-swap-normal/pleural_effusion/seed2174/lambda_t_star5/style.png,0.17431897,0.87006086,0.53607994,0.41834864,0.41701629757881165,0.429627001285553,0.383354127407074,0.31385478377342224,0.29642602801322937,0.25189825892448425,0.63451785,0.76388836,0.7739223,0.7169416,0.7500025033950806,0.7424048185348511,0.6677536368370056,0.655920147895813,0.6236967444419861,0.6373616456985474
1759,/usr/local/data/zahrat/workshop/dent_output/chexpert-swap-normal/pleural_effusion/seed1759/lambda_t_star5/style.png,0.09919064,0.8963649,0.8869501,0.8606307,0.7904342412948608,0.7421176433563232,0.6063189506530762,0.4616154134273529,0.30779027938842773,0.18592412769794464,0.056245968,0.07280951,0.21500391,0.043960314,0.038858845829963684,0.04227835312485695,0.05436604097485542,0.05009101703763008,0.05672958493232727,0.060277704149484634
2038,/usr/local/data/zahrat/workshop/dent_output/chexpert-swap-normal/pleural_effusion/seed2038/lambda_t_star5/style.png,0.029819554,0.9342944,0.88971984,0.69110113,0.359275221824646,0.221817284822464,0.12766295671463013,0.0884547233581543,0.06070451810956001,0.04411395266652107,0.04733065,0.9639546,0.9642823,0.956162,0.9368651509284973,0.9449926614761353,0.9441064596176147,0.818792998790741,0.10005075484514236,0.05790499225258827
3346,/usr/local/data/zahrat/workshop/dent_output/chexpert-swap-normal/pleural_effusion/seed3346/lambda_t_star5/style.png,0.20414749,0.96151656,0.94988024,0.9494178,0.9559436440467834,0.9238888025283813,0.604531466960907,0.458673894405365,0.34545066952705383,0.28106510639190674,0.7766099,0.90216315,0.8766934,0.9302375,0.9359944462776184,0.9296929240226746,0.9189959764480591,0.8983250856399536,0.8656448721885681,0.8040790557861328
2061,/usr/local/data/zahrat/workshop/dent_output/chexpert-swap-normal/pleural_effusion/seed2061/lambda_t_star5/style.png,0.03924876,0.92812467,0.777672,0.61062086,0.4205259680747986,0.3520718216896057,0.16766367852687836,0.09689195454120636,0.06998395919799805,0.054633285850286484,0.06352629,0.31884792,0.10444527,0.11323267,0.08805838227272034,0.0706501454114914,0.05976881831884384,0.06347503513097763,0.06277122348546982,0.06690634787082672
2398,/usr/local/data/zahrat/workshop/dent_output/chexpert-swap-normal/pleural_effusion/seed2398/lambda_t_star5/style.png,0.088761285,0.97927517,0.9060189,0.76405925,0.5030879378318787,0.2661368250846863,0.21604567766189575,0.17153207957744598,0.13167715072631836,0.10923954844474792,0.14274885,0.3358053,0.91525775,0.9274919,0.7467620372772217,0.7898504734039307,0.5251697897911072,0.2625378668308258,0.25223225355148315,0.1701318323612213
2949,/usr/local/data/zahrat/workshop/dent_output/chexpert-swap-normal/pleural_effusion/seed2949/lambda_t_star5/style.png,0.14102373,0.97401494,0.86316174,0.8259821,0.516566276550293,0.3046880066394806,0.22643393278121948,0.22658482193946838,0.20544683933258057,0.1652320772409439,0.06984795,0.88662916,0.26916057,0.76264054,0.7335378527641296,0.5079928040504456,0.23128992319107056,0.10807964950799942,0.08969388902187347,0.07939112186431885
3116,/usr/local/data/zahrat/workshop/dent_output/chexpert-swap-normal/pleural_effusion/seed3116/lambda_t_star5/style.png,0.044831187,0.97877204,0.8589829,0.0842596,0.07017314434051514,0.05891486629843712,0.05087173730134964,0.04789433255791664,0.04930567368865013,0.04703816398978233,0.04081803,0.121021345,0.60934097,0.18285537,0.33164241909980774,0.2556852102279663,0.21036425232887268,0.06090191379189491,0.05293987691402435,0.044481463730335236
2702,/usr/local/data/zahrat/workshop/dent_output/chexpert-swap-normal/pleural_effusion/seed2702/lambda_t_star5/style.png,0.105729915,0.4869766,0.4101436,0.3741327,0.33963271975517273,0.28711703419685364,0.22007589042186737,0.16810327768325806,0.14349624514579773,0.11984579265117645,0.047112413,0.089538805,0.09232097,0.08576731,0.07897406071424484,0.089852474629879,0.07978770136833191,0.06415966153144836,0.05537908151745796,0.06311246752738953
2465,/usr/local/data/zahrat/workshop/dent_output/chexpert-swap-normal/pleural_effusion/seed2465/lambda_t_star5/style.png,0.035266552,0.98224455,0.9523557,0.85658765,0.6266710162162781,0.3045015037059784,0.17085914313793182,0.0961119681596756,0.06352239102125168,0.046299826353788376,0.8585757,0.94847435,0.9593907,0.95350057,0.9019397497177124,0.8979565501213074,0.8748458623886108,0.8303309082984924,0.8438268899917603,0.8427696228027344
2825,/usr/local/data/zahrat/workshop/dent_output/chexpert-swap-normal/pleural_effusion/seed2825/lambda_t_star5/style.png,0.020586358,0.9117077,0.9058787,0.79815173,0.37958717346191406,0.20934054255485535,0.10285528749227524,0.052374571561813354,0.03187144175171852,0.024913650006055832,0.42963937,0.92438734,0.38924196,0.78186554,0.6291264295578003,0.6131637096405029,0.572371244430542,0.640861988067627,0.5841591954231262,0.5023093223571777
2240,/usr/local/data/zahrat/workshop/dent_output/chexpert-swap-normal/pleural_effusion/seed2240/lambda_t_star5/style.png,0.71531856,0.95303756,0.9441271,0.8919412,0.8225294947624207,0.849915623664856,0.8373933434486389,0.8264710307121277,0.8012844324111938,0.7500627040863037,0.0723619,0.1047982,0.046057865,0.04651463,0.0543082058429718,0.05230606719851494,0.06772270053625107,0.11619634181261063,0.1338593065738678,0.10419407486915588
1847,/usr/local/data/zahrat/workshop/dent_output/chexpert-swap-normal/pleural_effusion/seed1847/lambda_t_star5/style.png,0.030838134,0.85363275,0.5698063,0.32963297,0.18161794543266296,0.12138597667217255,0.08124643564224243,0.05361408367753029,0.04645729064941406,0.03777962177991867,0.4079808,0.77222985,0.7936306,0.790936,0.77797931432724,0.8291870355606079,0.8355877995491028,0.8268797397613525,0.5290008187294006,0.4411872923374176
1659,/usr/local/data/zahrat/workshop/dent_output/chexpert-swap-normal/pleural_effusion/seed1659/lambda_t_star5/style.png,0.07394682,0.54878485,0.4328107,0.31086266,0.25788038969039917,0.17860649526119232,0.12864618003368378,0.10460350662469864,0.10025711357593536,0.0861915573477745,0.035711545,0.054729,0.05461565,0.04477987,0.04203478619456291,0.04039772227406502,0.035719819366931915,0.0357825793325901,0.03516317158937454,0.03571875020861626
2679,/usr/local/data/zahrat/workshop/dent_output/chexpert-swap-normal/pleural_effusion/seed2679/lambda_t_star5/style.png,0.045761373,0.9610911,0.9342378,0.8410087,0.8263299465179443,0.7796533107757568,0.16503854095935822,0.09468462318181992,0.06660713255405426,0.056775499135255814,0.7752398,0.6758748,0.7495279,0.7633297,0.8272482752799988,0.8061326742172241,0.7757852077484131,0.7718319296836853,0.7801875472068787,0.7773028016090393
2855,/usr/local/data/zahrat/workshop/dent_output/chexpert-swap-normal/pleural_effusion/seed2855/lambda_t_star5/style.png,0.10238928,0.89086497,0.7848983,0.44263867,0.30067703127861023,0.26929453015327454,0.24397340416908264,0.17808404564857483,0.1607229858636856,0.13948191702365875,0.81273115,0.6075261,0.79401535,0.7988935,0.8078911900520325,0.8133094906806946,0.8252480030059814,0.8333427309989929,0.8272050619125366,0.8182891011238098
1644,/usr/local/data/zahrat/workshop/dent_output/chexpert-swap-normal/pleural_effusion/seed1644/lambda_t_star5/style.png,0.07914049,0.9279721,0.7380319,0.34677875,0.12706856429576874,0.10561767965555191,0.09673336893320084,0.09482349455356598,0.09102505445480347,0.08635614812374115,0.17856953,0.16527319,0.18973462,0.367384,0.38884004950523376,0.3662518858909607,0.28675079345703125,0.277829110622406,0.24559231102466583,0.2242552787065506
1626,/usr/local/data/zahrat/workshop/dent_output/chexpert-swap-normal/pleural_effusion/seed1626/lambda_t_star5/style.png,0.08192866,0.33524722,0.2198226,0.16754316,0.155589297413826,0.13698282837867737,0.11576560139656067,0.10089252144098282,0.09423796087503433,0.09061210602521896,0.011663725,0.024349123,0.02063011,0.017468106,0.017084846273064613,0.01690036989748478,0.016846146434545517,0.015462164767086506,0.01375802792608738,0.01230577565729618
2399,/usr/local/data/zahrat/workshop/dent_output/chexpert-swap-normal/pleural_effusion/seed2399/lambda_t_star5/style.png,0.18982658,0.7756312,0.5965644,0.487132,0.42287614941596985,0.3883921205997467,0.3140489161014557,0.2781962752342224,0.24083814024925232,0.20787718892097473,0.048278544,0.051466536,0.054507464,0.049151912,0.03925012797117233,0.03619948774576187,0.04256736487150192,0.040726061910390854,0.04455992206931114,0.047038547694683075
2945,/usr/local/data/zahrat/workshop/dent_output/chexpert-swap-normal/pleural_effusion/seed2945/lambda_t_star5/style.png,0.09405165,0.98344326,0.97038764,0.94248366,0.9048768877983093,0.861564576625824,0.7721540331840515,0.5124284625053406,0.2546553909778595,0.1525927186012268,0.8258361,0.50396276,0.607486,0.6689294,0.7527238726615906,0.7814215421676636,0.8074308037757874,0.8251592516899109,0.8273826837539673,0.8291946053504944
2201,/usr/local/data/zahrat/workshop/dent_output/chexpert-swap-normal/pleural_effusion/seed2201/lambda_t_star5/style.png,0.03534699,0.6308705,0.59326434,0.3361329,0.16392813622951508,0.18886804580688477,0.26670384407043457,0.18007579445838928,0.09229804575443268,0.04959294572472572,0.8752791,0.87856686,0.92534167,0.92947656,0.911618709564209,0.8965639472007751,0.8983390927314758,0.9028034806251526,0.8961628079414368,0.8869417309761047
3301,/usr/local/data/zahrat/workshop/dent_output/chexpert-swap-normal/pleural_effusion/seed3301/lambda_t_star5/style.png,0.03366313,0.84755766,0.68229854,0.18115695,0.08654210716485977,0.08039309829473495,0.05307481065392494,0.042020540684461594,0.04023977369070053,0.03784598037600517,0.16878414,0.33305538,0.2146376,0.44837996,0.5110231041908264,0.4455427825450897,0.3796648383140564,0.3248175084590912,0.25833943486213684,0.20783250033855438
3214,/usr/local/data/zahrat/workshop/dent_output/chexpert-swap-normal/pleural_effusion/seed3214/lambda_t_star5/style.png,0.13386348,0.3960571,0.521913,0.4640153,0.4136291742324829,0.3683704137802124,0.29833781719207764,0.24421146512031555,0.20547743141651154,0.1591929942369461,0.02631611,0.03197866,0.03386281,0.035523236,0.02744773030281067,0.02624325267970562,0.027455173432826996,0.029567228630185127,0.030821923166513443,0.030026769265532494
2725,/usr/local/data/zahrat/workshop/dent_output/chexpert-swap-normal/pleural_effusion/seed2725/lambda_t_star5/style.png,0.12027875,0.9260452,0.6911589,0.5588889,0.5359141230583191,0.5649701356887817,0.5608552098274231,0.48024117946624756,0.3734949827194214,0.19701585173606873,0.09708379,0.9226679,0.81634074,0.29255572,0.18501748144626617,0.1703876554965973,0.1953364610671997,0.1435689628124237,0.12899397313594818,0.12376106530427933
2742,/usr/local/data/zahrat/workshop/dent_output/chexpert-swap-normal/pleural_effusion/seed2742/lambda_t_star5/style.png,0.096189484,0.97870386,0.9358433,0.90275955,0.7463926672935486,0.6816065311431885,0.6274925470352173,0.4913724362850189,0.3047234117984772,0.14565569162368774,0.8577307,0.8466282,0.84414786,0.84298885,0.8569570183753967,0.8707556128501892,0.8638458847999573,0.8580012917518616,0.8598878979682922,0.8640653491020203
1898,/usr/local/data/zahrat/workshop/dent_output/chexpert-swap-normal/pleural_effusion/seed1898/lambda_t_star5/style.png,0.043869935,0.68875086,0.5298489,0.16431943,0.07390206307172775,0.07765627652406693,0.06772154569625854,0.0647306814789772,0.06061377376317978,0.0540492944419384,0.4207905,0.089119226,0.2539382,0.21050812,0.2785009741783142,0.4122501015663147,0.5064999461174011,0.5630924701690674,0.5201174020767212,0.4508801996707916
1559,/usr/local/data/zahrat/workshop/dent_output/chexpert-swap-normal/pleural_effusion/seed1559/lambda_t_star5/style.png,0.4395442,0.9653277,0.96019024,0.89134234,0.8601053953170776,0.796524167060852,0.7150365114212036,0.6625359654426575,0.6329086422920227,0.5438500046730042,0.2821154,0.26974407,0.22007354,0.2039761,0.35957884788513184,0.36779120564460754,0.33527514338493347,0.2801908850669861,0.2568558156490326,0.2844747304916382
3227,/usr/local/data/zahrat/workshop/dent_output/chexpert-swap-normal/pleural_effusion/seed3227/lambda_t_star5/style.png,0.011096496,0.13153298,0.0635446,0.046304747,0.029120173305273056,0.020346378907561302,0.01855100505053997,0.016086110845208168,0.013933018781244755,0.012309965677559376,0.051593464,0.3023066,0.06023135,0.08604073,0.134874165058136,0.08111473172903061,0.061938151717185974,0.05924016237258911,0.056282829493284225,0.0507868267595768
2019,/usr/local/data/zahrat/workshop/dent_output/chexpert-swap-normal/pleural_effusion/seed2019/lambda_t_star5/style.png,0.04318179,0.9727489,0.9527192,0.9326904,0.8842028379440308,0.8132920861244202,0.6640723943710327,0.2954673171043396,0.13001097738742828,0.06734982877969742,0.5706422,0.9015131,0.8923173,0.88817567,0.868770956993103,0.8658273220062256,0.8633296489715576,0.8406569361686707,0.7945989370346069,0.7049906253814697
2205,/usr/local/data/zahrat/workshop/dent_output/chexpert-swap-normal/pleural_effusion/seed2205/lambda_t_star5/style.png,0.025481028,0.9551185,0.9544226,0.8872585,0.7351500988006592,0.2342255413532257,0.12902668118476868,0.07837459444999695,0.0534590408205986,0.03798699378967285,0.83481586,0.82406837,0.81991416,0.81477976,0.8513371348381042,0.8477193713188171,0.8404821157455444,0.8298447728157043,0.8356109261512756,0.8358446359634399
2879,/usr/local/data/zahrat/workshop/dent_output/chexpert-swap-normal/pleural_effusion/seed2879/lambda_t_star5/style.png,0.072524846,0.9268327,0.8308005,0.81560546,0.6249845623970032,0.6290021538734436,0.5620020031929016,0.3880898654460907,0.20189112424850464,0.10993682593107224,0.059055094,0.75599784,0.7405539,0.71979976,0.7605447769165039,0.459382027387619,0.06990639120340347,0.06755051761865616,0.06954840570688248,0.06656353175640106
2246,/usr/local/data/zahrat/workshop/dent_output/chexpert-swap-normal/pleural_effusion/seed2246/lambda_t_star5/style.png,0.08466137,0.99121386,0.569594,0.41730407,0.3583536148071289,0.29700151085853577,0.2517855763435364,0.19000244140625,0.14208297431468964,0.1117234081029892,0.037562322,0.22966525,0.12670347,0.098127164,0.05147950351238251,0.0462617427110672,0.045107197016477585,0.04162392020225525,0.03927714377641678,0.038075998425483704
2049,/usr/local/data/zahrat/workshop/dent_output/chexpert-swap-normal/pleural_effusion/seed2049/lambda_t_star5/style.png,0.7191832,0.8919671,0.88333064,0.88051134,0.8719278573989868,0.8253519535064697,0.7832802534103394,0.7662942409515381,0.7585877180099487,0.7346550226211548,0.034035668,0.051390134,0.044943437,0.04346885,0.039327386766672134,0.03551482409238815,0.037362463772296906,0.035945579409599304,0.03732763230800629,0.03781653940677643
3288,/usr/local/data/zahrat/workshop/dent_output/chexpert-swap-normal/pleural_effusion/seed3288/lambda_t_star5/style.png,0.0968169,0.9735719,0.90571856,0.8362087,0.8150228261947632,0.7349125146865845,0.6871513724327087,0.40642049908638,0.21246135234832764,0.1375197470188141,0.8495845,0.9347833,0.868977,0.91516554,0.9000120162963867,0.8825303316116333,0.8549596071243286,0.8638938665390015,0.8586841225624084,0.8579508066177368
2580,/usr/local/data/zahrat/workshop/dent_output/chexpert-swap-normal/pleural_effusion/seed2580/lambda_t_star5/style.png,0.21468195,0.9330356,0.9122151,0.91739523,0.8874440789222717,0.7187699675559998,0.5712547302246094,0.5130800008773804,0.4615837037563324,0.33671578764915466,0.06633782,0.19032961,0.15568809,0.16191344,0.20368638634681702,0.23102521896362305,0.16350680589675903,0.11117111891508102,0.09047066420316696,0.08345572650432587
2715,/usr/local/data/zahrat/workshop/dent_output/chexpert-swap-normal/pleural_effusion/seed2715/lambda_t_star5/style.png,0.031024281,0.94335085,0.92174727,0.8464511,0.715442955493927,0.6955106854438782,0.621696412563324,0.3767782151699066,0.1878216564655304,0.07774581760168076,0.10060606,0.02905027,0.1212834,0.13908295,0.12149648368358612,0.11232137680053711,0.11429044604301453,0.1252644658088684,0.10566748678684235,0.10693930089473724
3043,/usr/local/data/zahrat/workshop/dent_output/chexpert-swap-normal/pleural_effusion/seed3043/lambda_t_star5/style.png,0.023035917,0.9295197,0.9551149,0.96098,0.5075241327285767,0.24248765408992767,0.08110618591308594,0.049497511237859726,0.04091948643326759,0.02867715060710907,0.85060227,0.9619276,0.94935876,0.9484142,0.9605509042739868,0.8978251218795776,0.8537383079528809,0.8494465947151184,0.8474550843238831,0.8661479353904724
2650,/usr/local/data/zahrat/workshop/dent_output/chexpert-swap-normal/pleural_effusion/seed2650/lambda_t_star5/style.png,0.07884864,0.98398983,0.93952626,0.88958114,0.8058957457542419,0.5966470241546631,0.3276633024215698,0.17098988592624664,0.11747108399868011,0.0929235965013504,0.103013545,0.5672278,0.692713,0.7428822,0.7902349829673767,0.7669671177864075,0.7048454284667969,0.6662896871566772,0.5415711402893066,0.21459047496318817
2577,/usr/local/data/zahrat/workshop/dent_output/chexpert-swap-normal/pleural_effusion/seed2577/lambda_t_star5/style.png,0.047995817,0.8452755,0.75452775,0.30170563,0.2154688686132431,0.14799006283283234,0.09813997894525528,0.080093152821064,0.06673657894134521,0.054666198790073395,0.37102506,0.55121225,0.6199734,0.61295927,0.6665762066841125,0.8553572297096252,0.8378036618232727,0.7785979509353638,0.6180691123008728,0.4669666588306427
1588,/usr/local/data/zahrat/workshop/dent_output/chexpert-swap-normal/pleural_effusion/seed1588/lambda_t_star5/style.png,0.25213104,0.9829012,0.98044765,0.9418996,0.8782875537872314,0.8208048939704895,0.7226285338401794,0.6100257039070129,0.4640987813472748,0.3321666121482849,0.6511046,0.8849881,0.91293865,0.9278833,0.9303327798843384,0.93218594789505,0.8525385856628418,0.752171516418457,0.6836421489715576,0.6439196467399597
1635,/usr/local/data/zahrat/workshop/dent_output/chexpert-swap-normal/pleural_effusion/seed1635/lambda_t_star5/style.png,0.0788751,0.68244636,0.3390897,0.3245816,0.4191669225692749,0.3658497631549835,0.3427845239639282,0.22035902738571167,0.14860020577907562,0.10564149171113968,0.06084948,0.78769624,0.8114373,0.5358092,0.42414769530296326,0.22467011213302612,0.10269682854413986,0.0731414258480072,0.067083440721035,0.06405181437730789
3337,/usr/local/data/zahrat/workshop/dent_output/chexpert-swap-normal/pleural_effusion/seed3337/lambda_t_star5/style.png,0.15568547,0.36357883,0.40929326,0.3323807,0.3173210918903351,0.27192258834838867,0.26636800169944763,0.26110410690307617,0.23533953726291656,0.192880779504776,0.04179803,0.10841015,0.088992596,0.056648985,0.05432024225592613,0.06298750638961792,0.058444805443286896,0.05572126433253288,0.04842057824134827,0.04515616595745087
2068,/usr/local/data/zahrat/workshop/dent_output/chexpert-swap-normal/pleural_effusion/seed2068/lambda_t_star5/style.png,0.46439186,0.9704198,0.94913554,0.9439371,0.9320809245109558,0.9183211326599121,0.9190078377723694,0.9083595871925354,0.7759480476379395,0.617216944694519,0.15808275,0.6281598,0.50806445,0.5488205,0.5156674981117249,0.3830314576625824,0.36355745792388916,0.33642834424972534,0.22948546707630157,0.17171424627304077
2978,/usr/local/data/zahrat/workshop/dent_output/chexpert-swap-normal/pleural_effusion/seed2978/lambda_t_star5/style.png,0.02259481,0.98639953,0.95189875,0.7329595,0.2958235442638397,0.19307781755924225,0.05540596693754196,0.037857942283153534,0.030907223001122475,0.026144862174987793,0.92655003,0.9270151,0.9295456,0.9473793,0.9438855051994324,0.9505167603492737,0.9482133984565735,0.9533305168151855,0.9559714198112488,0.9478678703308105
2821,/usr/local/data/zahrat/workshop/dent_output/chexpert-swap-normal/pleural_effusion/seed2821/lambda_t_star5/style.png,0.15000413,0.95972896,0.91532135,0.69837046,0.623551070690155,0.5992293357849121,0.4614875018596649,0.376891553401947,0.2720857858657837,0.20004917681217194,0.23046784,0.40501925,0.59945834,0.53486776,0.42878642678260803,0.39121538400650024,0.3236279785633087,0.27708205580711365,0.2570590078830719,0.2527599036693573
2507,/usr/local/data/zahrat/workshop/dent_output/chexpert-swap-normal/pleural_effusion/seed2507/lambda_t_star5/style.png,0.24893105,0.97636217,0.9729225,0.75642675,0.4496057331562042,0.5656735301017761,0.502632200717926,0.4210606515407562,0.3547036647796631,0.2900555729866028,0.64750165,0.3122558,0.44909632,0.67742366,0.673661470413208,0.6786835789680481,0.6639542579650879,0.6697067022323608,0.668545126914978,0.6636106371879578
2538,/usr/local/data/zahrat/workshop/dent_output/chexpert-swap-normal/pleural_effusion/seed2538/lambda_t_star5/style.png,0.29868916,0.9692591,0.7325049,0.7551512,0.6975008845329285,0.6774453520774841,0.6056472659111023,0.536765456199646,0.4521346092224121,0.3453100323677063,0.066639885,0.119423576,0.15179592,0.103659265,0.08894664794206619,0.08965284377336502,0.09653788059949875,0.08802124857902527,0.07684114575386047,0.07549677789211273
1617,/usr/local/data/zahrat/workshop/dent_output/chexpert-swap-normal/pleural_effusion/seed1617/lambda_t_star5/style.png,0.10543403,0.9600601,0.957252,0.9033739,0.8005661368370056,0.5542680025100708,0.32583698630332947,0.2131481170654297,0.1656520962715149,0.1301860362291336,0.0702106,0.19379576,0.074005224,0.0538181,0.06484565883874893,0.08807356655597687,0.09721208363771439,0.07930202782154083,0.07509065419435501,0.0699448511004448
2245,/usr/local/data/zahrat/workshop/dent_output/chexpert-swap-normal/pleural_effusion/seed2245/lambda_t_star5/style.png,0.32395494,0.75464153,0.68051076,0.7142806,0.7258283495903015,0.7018759250640869,0.6000180244445801,0.5348920822143555,0.4619435667991638,0.42133086919784546,0.7746677,0.6246459,0.58053243,0.65926504,0.759714663028717,0.7887254953384399,0.802251935005188,0.805270254611969,0.794354259967804,0.7864574193954468
1631,/usr/local/data/zahrat/workshop/dent_output/chexpert-swap-normal/pleural_effusion/seed1631/lambda_t_star5/style.png,0.029207395,0.6668793,0.5121979,0.31495842,0.14832721650600433,0.07488196343183517,0.05907367914915085,0.05003035068511963,0.042184483259916306,0.033125683665275574,0.9072347,0.9733357,0.96096134,0.9544452,0.9446818828582764,0.9354302287101746,0.9278564453125,0.9215550422668457,0.9157748222351074,0.9225082397460938
2136,/usr/local/data/zahrat/workshop/dent_output/chexpert-swap-normal/pleural_effusion/seed2136/lambda_t_star5/style.png,0.10214727,0.13455792,0.10204447,0.11712241,0.12290764600038528,0.119162917137146,0.11991759389638901,0.11004668474197388,0.10853777080774307,0.11049912124872208,0.18703409,0.4021909,0.28934538,0.34293166,0.27527081966400146,0.32106292247772217,0.30594441294670105,0.24729222059249878,0.22486476600170135,0.2121661901473999
3335,/usr/local/data/zahrat/workshop/dent_output/chexpert-swap-normal/pleural_effusion/seed3335/lambda_t_star5/style.png,0.03721907,0.94508034,0.9183335,0.74966305,0.5576956868171692,0.2502298653125763,0.16972841322422028,0.10655488073825836,0.0672416016459465,0.050341881811618805,0.9210521,0.8089076,0.7970977,0.8478793,0.9100773334503174,0.9076619148254395,0.9156986474990845,0.905489444732666,0.9154864549636841,0.9208726286888123
3082,/usr/local/data/zahrat/workshop/dent_output/chexpert-swap-normal/pleural_effusion/seed3082/lambda_t_star5/style.png,0.019639524,0.90965706,0.5908444,0.3997058,0.14058656990528107,0.05978907272219658,0.04334205016493797,0.03292863816022873,0.024063318967819214,0.02078377641737461,0.052023273,0.22571059,0.2091704,0.19367303,0.09485756605863571,0.09450898319482803,0.1341901421546936,0.0964285284280777,0.07188983261585236,0.06059625372290611
3125,/usr/local/data/zahrat/workshop/dent_output/chexpert-swap-normal/pleural_effusion/seed3125/lambda_t_star5/style.png,0.0182516,0.35116494,0.27114132,0.13434286,0.09471923857927322,0.07447188347578049,0.059702757745981216,0.03476038947701454,0.027624404057860374,0.022444114089012146,0.14963773,0.052412752,0.06359932,0.17388321,0.1859769970178604,0.18669289350509644,0.17973783612251282,0.18043573200702667,0.1576574593782425,0.15547476708889008
1671,/usr/local/data/zahrat/workshop/dent_output/chexpert-swap-normal/pleural_effusion/seed1671/lambda_t_star5/style.png,0.18904074,0.35589123,0.31611496,0.26037627,0.21473386883735657,0.2117680311203003,0.21262173354625702,0.21001683175563812,0.19993390142917633,0.19064465165138245,0.035836365,0.08599898,0.053752564,0.04485252,0.06330063194036484,0.0716167464852333,0.06504525989294052,0.05970071628689766,0.05310886353254318,0.043184660375118256
3131,/usr/local/data/zahrat/workshop/dent_output/chexpert-swap-normal/pleural_effusion/seed3131/lambda_t_star5/style.png,0.4707618,0.98354083,0.917382,0.8048086,0.796012282371521,0.7529953718185425,0.7066691517829895,0.6469534635543823,0.5916473269462585,0.5249481201171875,0.07550949,0.889929,0.9122268,0.9347433,0.4256061613559723,0.19272153079509735,0.14069874584674835,0.11540574580430984,0.11066355556249619,0.09192999452352524
1933,/usr/local/data/zahrat/workshop/dent_output/chexpert-swap-normal/pleural_effusion/seed1933/lambda_t_star5/style.png,0.015130019,0.18934262,0.09048406,0.068055026,0.06129733473062515,0.0541599877178669,0.04036250710487366,0.02939063124358654,0.02414286695420742,0.01920292340219021,0.035754837,0.21982315,0.084813386,0.08278624,0.07849154621362686,0.0759914442896843,0.05640571191906929,0.045422930270433426,0.04192865267395973,0.041120745241642
2946,/usr/local/data/zahrat/workshop/dent_output/chexpert-swap-normal/pleural_effusion/seed2946/lambda_t_star5/style.png,0.032127734,0.89932185,0.38664806,0.1911545,0.09189659357070923,0.06805629283189774,0.05750574544072151,0.048534564673900604,0.04060997813940048,0.03750278428196907,0.037292104,0.03574838,0.052721005,0.050830554,0.05627596750855446,0.05625710263848305,0.06039455160498619,0.053191665560007095,0.046437907963991165,0.04386650025844574
2126,/usr/local/data/zahrat/workshop/dent_output/chexpert-swap-normal/pleural_effusion/seed2126/lambda_t_star5/style.png,0.23395364,0.90057796,0.865974,0.73614156,0.42928409576416016,0.46916183829307556,0.370943158864975,0.32108891010284424,0.30286988615989685,0.26704588532447815,0.08745348,0.5476782,0.26505715,0.3297957,0.346133291721344,0.33686184883117676,0.30300480127334595,0.291559100151062,0.19075757265090942,0.10503493994474411
2904,/usr/local/data/zahrat/workshop/dent_output/chexpert-swap-normal/pleural_effusion/seed2904/lambda_t_star5/style.png,0.1952394,0.98261917,0.9476943,0.9481422,0.940310001373291,0.9270991086959839,0.9060555100440979,0.8943227529525757,0.6266302466392517,0.3432319760322571,0.87800115,0.8850284,0.85267985,0.8629037,0.8656944632530212,0.8726662993431091,0.8748505115509033,0.8799459338188171,0.8872480988502502,0.882341742515564
2792,/usr/local/data/zahrat/workshop/dent_output/chexpert-swap-normal/pleural_effusion/seed2792/lambda_t_star5/style.png,0.016710188,0.9313473,0.868168,0.44458973,0.03694329410791397,0.02865571528673172,0.02346828021109104,0.02152935601770878,0.019831502810120583,0.017177578061819077,0.5142046,0.90380293,0.83395106,0.94547683,0.7428675889968872,0.4916318356990814,0.3240203857421875,0.3355637490749359,0.47108814120292664,0.4844871461391449
2876,/usr/local/data/zahrat/workshop/dent_output/chexpert-swap-normal/pleural_effusion/seed2876/lambda_t_star5/style.png,0.14776759,0.98878783,0.97551423,0.91525644,0.9243560433387756,0.7846012115478516,0.511622428894043,0.38505974411964417,0.2789680063724518,0.21074600517749786,0.060775682,0.07305161,0.049537808,0.044441987,0.049170855432748795,0.051444847136735916,0.05942825973033905,0.06216694787144661,0.0654427781701088,0.06612160056829453
2385,/usr/local/data/zahrat/workshop/dent_output/chexpert-swap-normal/pleural_effusion/seed2385/lambda_t_star5/style.png,0.13943368,0.9644765,0.9499397,0.8875547,0.7428097724914551,0.7071205377578735,0.6023023724555969,0.46932971477508545,0.2836361229419708,0.1975351870059967,0.6860177,0.046981,0.7694203,0.7494008,0.7312200665473938,0.7540942430496216,0.8350712656974792,0.7273485660552979,0.71356201171875,0.6898038387298584
2547,/usr/local/data/zahrat/workshop/dent_output/chexpert-swap-normal/pleural_effusion/seed2547/lambda_t_star5/style.png,0.09665838,0.95036215,0.9085773,0.87599766,0.6912639737129211,0.5256228446960449,0.3542322814464569,0.26627659797668457,0.182949498295784,0.1301421970129013,0.8267979,0.825862,0.81266505,0.83283025,0.8502210974693298,0.8359141945838928,0.8402233719825745,0.7996984720230103,0.8114075064659119,0.8195861577987671
1957,/usr/local/data/zahrat/workshop/dent_output/chexpert-swap-normal/pleural_effusion/seed1957/lambda_t_star5/style.png,0.18439482,0.94600195,0.9618192,0.95276684,0.8895902037620544,0.4338313341140747,0.3117540776729584,0.28130704164505005,0.23928028345108032,0.21696697175502777,0.4959003,0.76693475,0.7583844,0.7194226,0.6740480065345764,0.5786533951759338,0.5993745923042297,0.6203417181968689,0.6024683713912964,0.5296456217765808
2293,/usr/local/data/zahrat/workshop/dent_output/chexpert-swap-normal/pleural_effusion/seed2293/lambda_t_star5/style.png,0.33158788,0.44266865,0.4036994,0.4083937,0.40264222025871277,0.4134622812271118,0.39716458320617676,0.39363276958465576,0.39049357175827026,0.3513748049736023,0.04997181,0.60998815,0.1174624,0.09309128,0.056452084332704544,0.051521264016628265,0.04845918342471123,0.055442165583372116,0.054561369121074677,0.05010906979441643
2728,/usr/local/data/zahrat/workshop/dent_output/chexpert-swap-normal/pleural_effusion/seed2728/lambda_t_star5/style.png,0.10026798,0.9335941,0.8806195,0.889956,0.8231179118156433,0.7761080861091614,0.7008376717567444,0.5428096055984497,0.32351261377334595,0.1645691692829132,0.06327916,0.5840272,0.5746814,0.23324506,0.1638462096452713,0.13509200513362885,0.15162812173366547,0.10542896389961243,0.08937359601259232,0.07027991116046906
2081,/usr/local/data/zahrat/workshop/dent_output/chexpert-swap-normal/pleural_effusion/seed2081/lambda_t_star5/style.png,0.07310345,0.7378436,0.7070965,0.8078444,0.5738590955734253,0.3684593737125397,0.22303688526153564,0.1617094725370407,0.12324301898479462,0.09199047833681107,0.15420008,0.5410072,0.13652878,0.14413953,0.20019389688968658,0.22701525688171387,0.2513850927352905,0.22921507060527802,0.20950166881084442,0.18945369124412537
1611,/usr/local/data/zahrat/workshop/dent_output/chexpert-swap-normal/pleural_effusion/seed1611/lambda_t_star5/style.png,0.18496387,0.99021626,0.9905406,0.9841113,0.9691199064254761,0.9502121806144714,0.8893530368804932,0.684386670589447,0.4393179416656494,0.27539464831352234,0.4573582,0.8880831,0.94018364,0.9238979,0.9198594689369202,0.8896618485450745,0.8973795771598816,0.5389169454574585,0.5403138995170593,0.5028265714645386
2633,/usr/local/data/zahrat/workshop/dent_output/chexpert-swap-normal/pleural_effusion/seed2633/lambda_t_star5/style.png,0.029233256,0.93774563,0.8784848,0.31632638,0.16194987297058105,0.14083516597747803,0.1832124888896942,0.1612105667591095,0.14448679983615875,0.07271407544612885,0.20407453,0.29228434,0.47169873,0.43754867,0.42744019627571106,0.2604749798774719,0.2753094434738159,0.2465200573205948,0.2362775206565857,0.2257285863161087
2434,/usr/local/data/zahrat/workshop/dent_output/chexpert-swap-normal/pleural_effusion/seed2434/lambda_t_star5/style.png,0.07689538,0.9249932,0.8975428,0.82741916,0.8016922473907471,0.739037811756134,0.6435876488685608,0.5369166731834412,0.2730655074119568,0.11888255178928375,0.45164225,0.696066,0.7303311,0.6125239,0.7340905666351318,0.6509084105491638,0.6173121929168701,0.5207881331443787,0.47716546058654785,0.5220786929130554
3153,/usr/local/data/zahrat/workshop/dent_output/chexpert-swap-normal/pleural_effusion/seed3153/lambda_t_star5/style.png,0.24395561,0.9408379,0.94050175,0.9362128,0.9186738729476929,0.7507611513137817,0.5595452785491943,0.46057677268981934,0.37374767661094666,0.3007192313671112,0.7923333,0.5757639,0.7441082,0.75039196,0.7666459083557129,0.8143487572669983,0.80400550365448,0.8000096082687378,0.7988604307174683,0.7942554354667664
1889,/usr/local/data/zahrat/workshop/dent_output/chexpert-swap-normal/pleural_effusion/seed1889/lambda_t_star5/style.png,0.0834102,0.6067301,0.3357936,0.31426424,0.2899043560028076,0.27915602922439575,0.14218752086162567,0.11334919929504395,0.09762801229953766,0.08656003326177597,0.05095103,0.08031656,0.09075,0.070245,0.048636309802532196,0.06274087727069855,0.05726943165063858,0.056302640587091446,0.0536666102707386,0.05027445778250694
2096,/usr/local/data/zahrat/workshop/dent_output/chexpert-swap-normal/pleural_effusion/seed2096/lambda_t_star5/style.png,0.09683454,0.47277546,0.35579774,0.17208433,0.14071811735630035,0.12331928312778473,0.10753375291824341,0.10678484290838242,0.10526583343744278,0.10008843243122101,0.064353295,0.048283335,0.06277059,0.11040861,0.08663925528526306,0.07759316265583038,0.07339689135551453,0.07053710520267487,0.07324783504009247,0.06695183366537094
2675,/usr/local/data/zahrat/workshop/dent_output/chexpert-swap-normal/pleural_effusion/seed2675/lambda_t_star5/style.png,0.05967383,0.9314524,0.8866558,0.45028362,0.2951928377151489,0.1802000254392624,0.14092186093330383,0.12285781651735306,0.09732035547494888,0.0815463587641716,0.8465907,0.8961801,0.8681578,0.86945933,0.8757399320602417,0.868070125579834,0.867519199848175,0.8629177212715149,0.8601377010345459,0.856719970703125
1871,/usr/local/data/zahrat/workshop/dent_output/chexpert-swap-normal/pleural_effusion/seed1871/lambda_t_star5/style.png,0.0654464,0.94929636,0.92121726,0.84809273,0.8271111249923706,0.7359626293182373,0.5449721217155457,0.3259487748146057,0.15829402208328247,0.09557332843542099,0.72900003,0.7219968,0.74137264,0.6540822,0.6868869662284851,0.6949303150177002,0.7261756062507629,0.7396007776260376,0.7341589331626892,0.7372073531150818
2724,/usr/local/data/zahrat/workshop/dent_output/chexpert-swap-normal/pleural_effusion/seed2724/lambda_t_star5/style.png,0.24765132,0.9582036,0.9713822,0.94273216,0.8848626613616943,0.8749619722366333,0.8576143383979797,0.7371723055839539,0.5537853837013245,0.38275909423828125,0.77911776,0.80704933,0.7549605,0.79328746,0.8404805660247803,0.789888858795166,0.7815924286842346,0.7887134552001953,0.7933706641197205,0.7893287539482117
1618,/usr/local/data/zahrat/workshop/dent_output/chexpert-swap-normal/pleural_effusion/seed1618/lambda_t_star5/style.png,0.044275753,0.9401216,0.9122919,0.897443,0.8069427609443665,0.6860559582710266,0.42387762665748596,0.26147210597991943,0.1738453060388565,0.09061503410339355,0.10145373,0.10239058,0.09039586,0.12391574,0.12230536341667175,0.12401264160871506,0.121760293841362,0.1183839738368988,0.12277910113334656,0.10457174479961395
2185,/usr/local/data/zahrat/workshop/dent_output/chexpert-swap-normal/pleural_effusion/seed2185/lambda_t_star5/style.png,0.22168359,0.9822875,0.967639,0.9350489,0.9315442442893982,0.8769192695617676,0.8600614070892334,0.8433781266212463,0.7963997721672058,0.5202516913414001,0.7502756,0.82771766,0.82426065,0.9044255,0.8601818680763245,0.7555155158042908,0.7490034699440002,0.7420136332511902,0.7426589131355286,0.7463834285736084
3204,/usr/local/data/zahrat/workshop/dent_output/chexpert-swap-normal/pleural_effusion/seed3204/lambda_t_star5/style.png,0.2147262,0.87691563,0.8286655,0.8229998,0.7847721576690674,0.534694254398346,0.41609159111976624,0.38807252049446106,0.34510892629623413,0.2691378593444824,0.119403094,0.83729345,0.6781503,0.2620346,0.13395674526691437,0.08290361613035202,0.08810683339834213,0.08626779168844223,0.09824948757886887,0.11132587492465973
2977,/usr/local/data/zahrat/workshop/dent_output/chexpert-swap-normal/pleural_effusion/seed2977/lambda_t_star5/style.png,0.063699365,0.9706236,0.7467575,0.12759873,0.10457485914230347,0.10517166554927826,0.08671750128269196,0.0792117714881897,0.07786715030670166,0.06982941925525665,0.15825808,0.48541254,0.6461551,0.49923542,0.3643460273742676,0.3228762447834015,0.28444692492485046,0.256631463766098,0.22411364316940308,0.1606483906507492
3197,/usr/local/data/zahrat/workshop/dent_output/chexpert-swap-normal/pleural_effusion/seed3197/lambda_t_star5/style.png,0.08503859,0.9720457,0.8791447,0.5369762,0.4449935853481293,0.32732290029525757,0.261016845703125,0.19561658799648285,0.14846140146255493,0.11557485908269882,0.75285226,0.7433642,0.8010302,0.79615885,0.7641451954841614,0.7823938727378845,0.7747416496276855,0.7726801037788391,0.7806537747383118,0.7541841864585876
1970,/usr/local/data/zahrat/workshop/dent_output/chexpert-swap-normal/pleural_effusion/seed1970/lambda_t_star5/style.png,0.060413092,0.9552374,0.82647103,0.4519016,0.3068728744983673,0.2551724910736084,0.20180316269397736,0.1753726601600647,0.13125963509082794,0.09292490780353546,0.8665808,0.8680166,0.8097449,0.7999411,0.8639050722122192,0.8931931257247925,0.8646047711372375,0.867845892906189,0.866634726524353,0.8632104992866516
1646,/usr/local/data/zahrat/workshop/dent_output/chexpert-swap-normal/pleural_effusion/seed1646/lambda_t_star5/style.png,0.059453707,0.1455405,0.101268075,0.08291991,0.07206868380308151,0.07205513119697571,0.073762446641922,0.06921747326850891,0.06561065465211868,0.06251706928014755,0.042880572,0.038433086,0.037414715,0.04176627,0.044197726994752884,0.04220060259103775,0.043654873967170715,0.04199625551700592,0.04668132960796356,0.04447582736611366
3336,/usr/local/data/zahrat/workshop/dent_output/chexpert-swap-normal/pleural_effusion/seed3336/lambda_t_star5/style.png,0.28267893,0.6652066,0.6365549,0.4999565,0.4025607705116272,0.3862738013267517,0.38224828243255615,0.3594449460506439,0.334870845079422,0.3167649507522583,0.09989199,0.14578007,0.15867598,0.17901297,0.20773643255233765,0.2045942097902298,0.19353359937667847,0.16813579201698303,0.13102005422115326,0.11347991973161697
2051,/usr/local/data/zahrat/workshop/dent_output/chexpert-swap-normal/pleural_effusion/seed2051/lambda_t_star5/style.png,0.07890441,0.9665778,0.94750047,0.94594884,0.9249169230461121,0.7873845100402832,0.3190205991268158,0.2211134135723114,0.16147826611995697,0.10879811644554138,0.9388685,0.89164424,0.810391,0.8733033,0.8553603887557983,0.8646611571311951,0.8857417106628418,0.9093121290206909,0.9221764206886292,0.9318180084228516
2063,/usr/local/data/zahrat/workshop/dent_output/chexpert-swap-normal/pleural_effusion/seed2063/lambda_t_star5/style.png,0.06330544,0.8874179,0.81016374,0.5004135,0.649680495262146,0.17513924837112427,0.11302133649587631,0.09419814497232437,0.08135675638914108,0.07418286800384521,0.03754744,0.046243377,0.03679996,0.06517198,0.04838388040661812,0.058411095291376114,0.053454600274562836,0.048421651124954224,0.04770241677761078,0.0392070934176445
2763,/usr/local/data/zahrat/workshop/dent_output/chexpert-swap-normal/pleural_effusion/seed2763/lambda_t_star5/style.png,0.14616837,0.9412956,0.8553695,0.84356475,0.7853464484214783,0.7964692711830139,0.43491411209106445,0.30906328558921814,0.2652279734611511,0.22755920886993408,0.13885011,0.839353,0.9176125,0.9277575,0.904177188873291,0.284182071685791,0.2798730134963989,0.19314108788967133,0.17020989954471588,0.17113471031188965
2309,/usr/local/data/zahrat/workshop/dent_output/chexpert-swap-normal/pleural_effusion/seed2309/lambda_t_star5/style.png,0.044132907,0.9547833,0.9522486,0.7994135,0.4229212701320648,0.08684790134429932,0.07061850279569626,0.06593847274780273,0.061244647949934006,0.052139006555080414,0.050188124,0.06577795,0.059608676,0.057036165,0.05342518538236618,0.05279098451137543,0.05756019800901413,0.05915524810552597,0.055669013410806656,0.04881685599684715
2191,/usr/local/data/zahrat/workshop/dent_output/chexpert-swap-normal/pleural_effusion/seed2191/lambda_t_star5/style.png,0.09607538,0.9195325,0.8919912,0.84496397,0.8089572787284851,0.6613860130310059,0.36514946818351746,0.23824961483478546,0.17222614586353302,0.12011037021875381,0.05616732,0.023479816,0.023445249,0.028212147,0.0509834885597229,0.05479990318417549,0.06112298369407654,0.059936124831438065,0.06151609867811203,0.06306791305541992
2926,/usr/local/data/zahrat/workshop/dent_output/chexpert-swap-normal/pleural_effusion/seed2926/lambda_t_star5/style.png,0.08600042,0.89029527,0.7358077,0.24946195,0.2319839894771576,0.20788362622261047,0.20109347999095917,0.14905714988708496,0.11641202867031097,0.08739829063415527,0.047856957,0.060403403,0.09350627,0.14202143,0.07357286661863327,0.0753314346075058,0.06914518028497696,0.060369767248630524,0.05879080668091774,0.05400358885526657
1869,/usr/local/data/zahrat/workshop/dent_output/chexpert-swap-normal/pleural_effusion/seed1869/lambda_t_star5/style.png,0.014721246,0.7368632,0.6057575,0.10891477,0.05294947326183319,0.035031720995903015,0.026822121813893318,0.02103029564023018,0.019011743366718292,0.01683327741920948,0.0983841,0.39095366,0.78436184,0.81596214,0.7614791393280029,0.772289514541626,0.36611127853393555,0.23549677431583405,0.16396677494049072,0.13795743882656097
3309,/usr/local/data/zahrat/workshop/dent_output/chexpert-swap-normal/pleural_effusion/seed3309/lambda_t_star5/style.png,0.08109575,0.82321906,0.6341033,0.38371694,0.15619820356369019,0.15091019868850708,0.10885587334632874,0.10119177401065826,0.09782615303993225,0.08903298527002335,0.6955173,0.845406,0.8261102,0.82438946,0.8645474314689636,0.8597359657287598,0.8352946639060974,0.7868506908416748,0.7457696795463562,0.7032160758972168
2462,/usr/local/data/zahrat/workshop/dent_output/chexpert-swap-normal/pleural_effusion/seed2462/lambda_t_star5/style.png,0.022571178,0.7863779,0.7809106,0.7384515,0.6334820985794067,0.54060959815979,0.4066016376018524,0.23749208450317383,0.12345845252275467,0.046735186129808426,0.16062738,0.7532987,0.7714675,0.7656106,0.7329698204994202,0.2554740309715271,0.24703124165534973,0.22707775235176086,0.19048616290092468,0.16515813767910004
2973,/usr/local/data/zahrat/workshop/dent_output/chexpert-swap-normal/pleural_effusion/seed2973/lambda_t_star5/style.png,0.08097103,0.86732674,0.5495173,0.4756575,0.3234892785549164,0.3156028687953949,0.28959447145462036,0.25720348954200745,0.15869998931884766,0.10693113505840302,0.09580316,0.93125093,0.48675105,0.49863532,0.34076640009880066,0.31934940814971924,0.25445377826690674,0.21982812881469727,0.1694299876689911,0.12338563054800034
2223,/usr/local/data/zahrat/workshop/dent_output/chexpert-swap-normal/pleural_effusion/seed2223/lambda_t_star5/style.png,0.05911595,0.7362801,0.50748473,0.5527052,0.448784202337265,0.3055269122123718,0.2605055570602417,0.22955800592899323,0.13795842230319977,0.08532163500785828,0.8447463,0.7012671,0.75618577,0.80485535,0.8461032509803772,0.8514559864997864,0.8467704653739929,0.8452134132385254,0.8494645953178406,0.8416469693183899
1915,/usr/local/data/zahrat/workshop/dent_output/chexpert-swap-normal/pleural_effusion/seed1915/lambda_t_star5/style.png,0.18531173,0.98102665,0.9383623,0.84828913,0.8496301174163818,0.6766709089279175,0.4526752829551697,0.3341236710548401,0.28499341011047363,0.2297648936510086,0.20258994,0.8374272,0.9143612,0.8035015,0.6317723989486694,0.32396432757377625,0.25984448194503784,0.21527940034866333,0.20807267725467682,0.2125338464975357
3212,/usr/local/data/zahrat/workshop/dent_output/chexpert-swap-normal/pleural_effusion/seed3212/lambda_t_star5/style.png,0.048053473,0.8923016,0.90198857,0.88298506,0.8620867133140564,0.8308186531066895,0.8663612604141235,0.7121990919113159,0.23307691514492035,0.09422431141138077,0.8117832,0.80719477,0.82495224,0.8254628,0.8076574206352234,0.8087653517723083,0.8058826327323914,0.8125094771385193,0.818103551864624,0.8190308213233948
2789,/usr/local/data/zahrat/workshop/dent_output/chexpert-swap-normal/pleural_effusion/seed2789/lambda_t_star5/style.png,0.08830111,0.9108936,0.6417929,0.20128424,0.14604632556438446,0.13464896380901337,0.12437885999679565,0.1067337766289711,0.10391739010810852,0.09520892798900604,0.14487185,0.36683175,0.7137782,0.3938642,0.3464711904525757,0.29169702529907227,0.311582088470459,0.27908962965011597,0.23794521391391754,0.1802682727575302
1579,/usr/local/data/zahrat/workshop/dent_output/chexpert-swap-normal/pleural_effusion/seed1579/lambda_t_star5/style.png,0.2031083,0.9245643,0.9091304,0.8319444,0.6968281269073486,0.607229471206665,0.5487715601921082,0.43985715508461,0.3546347916126251,0.24815653264522552,0.92907995,0.89699537,0.8842814,0.90049,0.8804371356964111,0.8967512845993042,0.9244349002838135,0.9291122555732727,0.9252573251724243,0.9243567585945129
1585,/usr/local/data/zahrat/workshop/dent_output/chexpert-swap-normal/pleural_effusion/seed1585/lambda_t_star5/style.png,0.58395094,0.9438889,0.8971811,0.8547826,0.8400415778160095,0.7976557612419128,0.7810177206993103,0.7722813487052917,0.708058774471283,0.6688850522041321,0.180679,0.14784043,0.17078036,0.48951802,0.350892037153244,0.2661958932876587,0.2547343373298645,0.24026212096214294,0.21356210112571716,0.2061193883419037
3375,/usr/local/data/zahrat/workshop/dent_output/chexpert-swap-normal/pleural_effusion/seed3375/lambda_t_star5/style.png,0.5217122,0.9743893,0.9536174,0.92634743,0.9258883595466614,0.8967159390449524,0.8581631779670715,0.8163592219352722,0.7144066691398621,0.6225049495697021,0.6784523,0.79884624,0.7583693,0.754954,0.7713583111763,0.7903637886047363,0.7419555187225342,0.7458233833312988,0.7301521897315979,0.7065480351448059
1786,/usr/local/data/zahrat/workshop/dent_output/chexpert-swap-normal/pleural_effusion/seed1786/lambda_t_star5/style.png,0.2661764,0.982803,0.980586,0.9699098,0.9398887753486633,0.9627257585525513,0.944793164730072,0.816217839717865,0.5395479202270508,0.3720918297767639,0.15217048,0.84008723,0.78408325,0.81026506,0.7913563847541809,0.7281036972999573,0.6778425574302673,0.42900070548057556,0.24947717785835266,0.17559684813022614
3274,/usr/local/data/zahrat/workshop/dent_output/chexpert-swap-normal/pleural_effusion/seed3274/lambda_t_star5/style.png,0.33717707,0.95658016,0.94518673,0.9085866,0.7318852543830872,0.6518738269805908,0.6169518828392029,0.5789819359779358,0.5065455436706543,0.438912957906723,0.01705849,0.39231125,0.40872937,0.06586148,0.03224622830748558,0.025143761187791824,0.02395019493997097,0.023303236812353134,0.02089868113398552,0.017874786630272865
1734,/usr/local/data/zahrat/workshop/dent_output/chexpert-swap-normal/pleural_effusion/seed1734/lambda_t_star5/style.png,0.14036019,0.9482831,0.85097295,0.7893902,0.8267191648483276,0.7280489802360535,0.6167861223220825,0.5058416128158569,0.36519238352775574,0.23030385375022888,0.3342428,0.74461,0.62012565,0.6232006,0.6162039637565613,0.6294471621513367,0.5464246273040771,0.45759859681129456,0.408479779958725,0.35332807898521423
1707,/usr/local/data/zahrat/workshop/dent_output/chexpert-swap-normal/pleural_effusion/seed1707/lambda_t_star5/style.png,0.05768086,0.9486255,0.79718035,0.76118684,0.3821227252483368,0.3172851800918579,0.250485360622406,0.18331219255924225,0.13273830711841583,0.08918283879756927,0.96623516,0.9314599,0.9475449,0.97289264,0.9757612943649292,0.9771421551704407,0.9763685464859009,0.9722418785095215,0.9693214893341064,0.9648092985153198
1575,/usr/local/data/zahrat/workshop/dent_output/chexpert-swap-normal/pleural_effusion/seed1575/lambda_t_star5/style.png,0.017396666,0.81340617,0.5956228,0.11681856,0.07117956876754761,0.06014840304851532,0.04338321089744568,0.029296424239873886,0.022245747968554497,0.01952117308974266,0.3036137,0.85161173,0.84792596,0.8568096,0.8499469757080078,0.8640853762626648,0.8080523610115051,0.7690589427947998,0.6100443005561829,0.4367496073246002
2166,/usr/local/data/zahrat/workshop/dent_output/chexpert-swap-normal/pleural_effusion/seed2166/lambda_t_star5/style.png,0.16231538,0.535798,0.48554075,0.44005534,0.29283761978149414,0.23924346268177032,0.20787657797336578,0.18603244423866272,0.17679324746131897,0.174623504281044,0.29306495,0.17892735,0.4598651,0.36062488,0.24077874422073364,0.2802697718143463,0.2989177703857422,0.30990585684776306,0.30971333384513855,0.2937546968460083
1990,/usr/local/data/zahrat/workshop/dent_output/chexpert-swap-normal/pleural_effusion/seed1990/lambda_t_star5/style.png,0.03741807,0.9575858,0.72053033,0.60755384,0.5119842290878296,0.443299800157547,0.29264676570892334,0.06613913923501968,0.04756554216146469,0.03980133682489395,0.40982467,0.8791917,0.8621339,0.720299,0.6449190974235535,0.6165058016777039,0.5311088562011719,0.4637325406074524,0.48575517535209656,0.4131917357444763
2183,/usr/local/data/zahrat/workshop/dent_output/chexpert-swap-normal/pleural_effusion/seed2183/lambda_t_star5/style.png,0.072398946,0.5473766,0.49291646,0.4632742,0.39510732889175415,0.2660248279571533,0.17663370072841644,0.12696567177772522,0.10067980736494064,0.08407574892044067,0.050088275,0.53980803,0.4425685,0.36779755,0.16907399892807007,0.06734373420476913,0.06189541891217232,0.05554487183690071,0.05576701834797859,0.04782244563102722
3260,/usr/local/data/zahrat/workshop/dent_output/chexpert-swap-normal/pleural_effusion/seed3260/lambda_t_star5/style.png,0.09712781,0.90994084,0.5432035,0.3490597,0.24220417439937592,0.209262415766716,0.16147306561470032,0.13617637753486633,0.12958315014839172,0.11285451799631119,0.03547861,0.20360275,0.26880392,0.17079328,0.06791863590478897,0.06662995368242264,0.05736076459288597,0.05939953774213791,0.04947279393672943,0.044894348829984665
2242,/usr/local/data/zahrat/workshop/dent_output/chexpert-swap-normal/pleural_effusion/seed2242/lambda_t_star5/style.png,0.34188262,0.93610364,0.9159835,0.6908583,0.6404024362564087,0.6089605689048767,0.5945473909378052,0.5487624406814575,0.4986133277416229,0.4054771959781647,0.16015309,0.80034775,0.22859201,0.53151244,0.8091257810592651,0.18881700932979584,0.18133039772510529,0.14525404572486877,0.13941113650798798,0.12550011277198792
2264,/usr/local/data/zahrat/workshop/dent_output/chexpert-swap-normal/pleural_effusion/seed2264/lambda_t_star5/style.png,0.02204966,0.96111774,0.8128809,0.18289188,0.06824354827404022,0.07044714689254761,0.15696142613887787,0.08264245092868805,0.0506892055273056,0.03473098948597908,0.07001531,0.40290618,0.19232987,0.18217936,0.12264811247587204,0.14974920451641083,0.12226660549640656,0.09464894980192184,0.07857105880975723,0.07451102882623672
2565,/usr/local/data/zahrat/workshop/dent_output/chexpert-swap-normal/pleural_effusion/seed2565/lambda_t_star5/style.png,0.06480501,0.9551295,0.8866144,0.70448315,0.4193413257598877,0.2882218658924103,0.20442381501197815,0.16710780560970306,0.13772191107273102,0.09588783234357834,0.35789818,0.54829705,0.23005062,0.33190876,0.2920071482658386,0.34272727370262146,0.3252330422401428,0.3851363956928253,0.3723752796649933,0.4037320017814636
1800,/usr/local/data/zahrat/workshop/dent_output/chexpert-swap-normal/pleural_effusion/seed1800/lambda_t_star5/style.png,0.09989036,0.9554529,0.86862594,0.6914266,0.6357584595680237,0.6526923775672913,0.4427712559700012,0.1734280288219452,0.13462337851524353,0.10965826362371445,0.020974936,0.26700583,0.04599474,0.046300553,0.04504883289337158,0.03689105063676834,0.03333337604999542,0.02977846935391426,0.02528434991836548,0.02377179265022278
3006,/usr/local/data/zahrat/workshop/dent_output/chexpert-swap-normal/pleural_effusion/seed3006/lambda_t_star5/style.png,0.4353706,0.86600995,0.69771105,0.6806915,0.6500980854034424,0.6340041756629944,0.5834624171257019,0.5825535655021667,0.5837334990501404,0.5080692172050476,0.08213955,0.9653138,0.95845467,0.9640478,0.9511674046516418,0.8904384970664978,0.7083638906478882,0.31178566813468933,0.1429903209209442,0.07942754775285721
2033,/usr/local/data/zahrat/workshop/dent_output/chexpert-swap-normal/pleural_effusion/seed2033/lambda_t_star5/style.png,0.05667316,0.96189713,0.9199964,0.56467104,0.45696914196014404,0.4143359363079071,0.3199697434902191,0.20123925805091858,0.09933789074420929,0.06449417769908905,0.055984206,0.3289567,0.17075613,0.36532217,0.2639465928077698,0.11876022070646286,0.08548621833324432,0.07215715199708939,0.06089756265282631,0.05769599601626396
2664,/usr/local/data/zahrat/workshop/dent_output/chexpert-swap-normal/pleural_effusion/seed2664/lambda_t_star5/style.png,0.080239445,0.9045112,0.83207756,0.439231,0.2877240478992462,0.21033832430839539,0.14081096649169922,0.12098468840122223,0.10749873518943787,0.0908193588256836,0.14021721,0.385777,0.49686113,0.2095175,0.18977950513362885,0.17931145429611206,0.1655932366847992,0.17652957141399384,0.18345436453819275,0.14320018887519836
2853,/usr/local/data/zahrat/workshop/dent_output/chexpert-swap-normal/pleural_effusion/seed2853/lambda_t_star5/style.png,0.1283459,0.98679,0.9773557,0.90146077,0.9116652011871338,0.9179651737213135,0.8579351902008057,0.704283595085144,0.4419577717781067,0.25666558742523193,0.2782077,0.6827706,0.76333463,0.79294854,0.7474331259727478,0.8063331842422485,0.7153214812278748,0.6819611191749573,0.619520902633667,0.35870739817619324
1819,/usr/local/data/zahrat/workshop/dent_output/chexpert-swap-normal/pleural_effusion/seed1819/lambda_t_star5/style.png,0.08704005,0.64998585,0.40685472,0.44885212,0.3964601457118988,0.3395524024963379,0.24489620327949524,0.17622043192386627,0.14644522964954376,0.11628571897745132,0.15754768,0.29721802,0.15546854,0.13285065,0.1756441742181778,0.16563089191913605,0.13746660947799683,0.1637176275253296,0.17016342282295227,0.15934805572032928
2621,/usr/local/data/zahrat/workshop/dent_output/chexpert-swap-normal/pleural_effusion/seed2621/lambda_t_star5/style.png,0.06617004,0.9520549,0.90565884,0.6320502,0.4630422294139862,0.37681862711906433,0.30330055952072144,0.25192177295684814,0.1250380128622055,0.08565044403076172,0.17071757,0.20399307,0.3305485,0.46005118,0.32537010312080383,0.26124486327171326,0.3324318826198578,0.3173683285713196,0.2583933174610138,0.20935294032096863
2544,/usr/local/data/zahrat/workshop/dent_output/chexpert-swap-normal/pleural_effusion/seed2544/lambda_t_star5/style.png,0.08318445,0.8929383,0.8877548,0.81265426,0.7231664657592773,0.5017733573913574,0.37719178199768066,0.31142690777778625,0.21531608700752258,0.126428484916687,0.94323575,0.8691403,0.8818414,0.9317967,0.9394707083702087,0.9382384419441223,0.9393947124481201,0.9439201354980469,0.9434184432029724,0.9460666179656982
1589,/usr/local/data/zahrat/workshop/dent_output/chexpert-swap-normal/pleural_effusion/seed1589/lambda_t_star5/style.png,0.10692161,0.565876,0.53483856,0.48571822,0.46788275241851807,0.38191232085227966,0.3011469542980194,0.22318461537361145,0.16859619319438934,0.14074575901031494,0.046294607,0.11033664,0.08005297,0.08865819,0.059310443699359894,0.052999984472990036,0.05598375201225281,0.05155109986662865,0.043826568871736526,0.053627174347639084
3254,/usr/local/data/zahrat/workshop/dent_output/chexpert-swap-normal/pleural_effusion/seed3254/lambda_t_star5/style.png,0.04824683,0.9492497,0.939163,0.77802753,0.4646947383880615,0.1909887194633484,0.13782283663749695,0.09842541068792343,0.07913205772638321,0.06026732549071312,0.06748764,0.25109434,0.13087915,0.093022734,0.08035361021757126,0.07005196809768677,0.07457134127616882,0.07739870250225067,0.08178655058145523,0.0792345181107521
3023,/usr/local/data/zahrat/workshop/dent_output/chexpert-swap-normal/pleural_effusion/seed3023/lambda_t_star5/style.png,0.0802282,0.57617754,0.36997077,0.24652706,0.1842731088399887,0.15716087818145752,0.14210191369056702,0.1231607124209404,0.10698600858449936,0.09203323721885681,0.023474667,0.09143394,0.047838766,0.041751646,0.04298459365963936,0.037025757133960724,0.0329732820391655,0.031234711408615112,0.02767295204102993,0.025138285011053085
2087,/usr/local/data/zahrat/workshop/dent_output/chexpert-swap-normal/pleural_effusion/seed2087/lambda_t_star5/style.png,0.029137118,0.9656659,0.877982,0.8953034,0.8897413611412048,0.495716392993927,0.16557447612285614,0.13392682373523712,0.06389456242322922,0.041340842843055725,0.13087337,0.13663553,0.26667103,0.31776008,0.2027907818555832,0.20311272144317627,0.16599427163600922,0.17602066695690155,0.16186971962451935,0.13467763364315033
2535,/usr/local/data/zahrat/workshop/dent_output/chexpert-swap-normal/pleural_effusion/seed2535/lambda_t_star5/style.png,0.053943586,0.9443051,0.7090378,0.45426366,0.2363888919353485,0.166486456990242,0.17221146821975708,0.13318541646003723,0.09631988406181335,0.07349632680416107,0.78390527,0.80895597,0.7912183,0.7873419,0.802773654460907,0.8106603026390076,0.8102635145187378,0.7915211915969849,0.8052935600280762,0.7900587916374207
3087,/usr/local/data/zahrat/workshop/dent_output/chexpert-swap-normal/pleural_effusion/seed3087/lambda_t_star5/style.png,0.03852575,0.9421662,0.9280572,0.75243485,0.4417654871940613,0.25820159912109375,0.12111631780862808,0.09007083624601364,0.06972841173410416,0.049445562064647675,0.059097704,0.8086211,0.3031769,0.29851717,0.1405157744884491,0.08532173931598663,0.0904543474316597,0.06446484476327896,0.05917724221944809,0.0605810321867466
2735,/usr/local/data/zahrat/workshop/dent_output/chexpert-swap-normal/pleural_effusion/seed2735/lambda_t_star5/style.png,0.04923832,0.3813303,0.3157352,0.27051407,0.2625276744365692,0.25491997599601746,0.22682659327983856,0.16208502650260925,0.0939396470785141,0.06649275869131088,0.085060924,0.12384453,0.10142549,0.09085797,0.09685873985290527,0.09051595628261566,0.09695495665073395,0.09740555286407471,0.07904734462499619,0.09054003655910492
1592,/usr/local/data/zahrat/workshop/dent_output/chexpert-swap-normal/pleural_effusion/seed1592/lambda_t_star5/style.png,0.2954905,0.9048735,0.9044025,0.8790839,0.7739073634147644,0.7633069157600403,0.600884199142456,0.44254910945892334,0.3823232650756836,0.33137598633766174,0.9071539,0.90196514,0.8983237,0.9277899,0.923244297504425,0.9079985618591309,0.9099608659744263,0.9095482230186462,0.9029192924499512,0.8956708908081055
2047,/usr/local/data/zahrat/workshop/dent_output/chexpert-swap-normal/pleural_effusion/seed2047/lambda_t_star5/style.png,0.45858112,0.96147984,0.959758,0.9155639,0.9029026031494141,0.8910462856292725,0.8815409541130066,0.8631508946418762,0.8469958305358887,0.692258358001709,0.37921324,0.70890564,0.8562401,0.90112084,0.8721655607223511,0.8730931282043457,0.4366884231567383,0.42040470242500305,0.4597582221031189,0.430561900138855
1765,/usr/local/data/zahrat/workshop/dent_output/chexpert-swap-normal/pleural_effusion/seed1765/lambda_t_star5/style.png,0.030226706,0.96635056,0.8323091,0.8252389,0.807057797908783,0.5630419850349426,0.34595438838005066,0.1492464691400528,0.07928916811943054,0.04814707487821579,0.24291126,0.30632928,0.16610643,0.15764044,0.15975992381572723,0.18474549055099487,0.15849590301513672,0.18173688650131226,0.2232692688703537,0.22156751155853271
3385,/usr/local/data/zahrat/workshop/dent_output/chexpert-swap-normal/pleural_effusion/seed3385/lambda_t_star5/style.png,0.5712135,0.8392021,0.84765327,0.82770336,,,,,,,0.064160205,0.22596264,0.20266044,0.27027303,,,,,,
1771,/usr/local/data/zahrat/workshop/dent_output/chexpert-swap-normal/pleural_effusion/seed1771/lambda_t_star5/style.png,0.055942528,0.9043473,0.8087733,0.77113664,0.551922082901001,0.3442815840244293,0.24130454659461975,0.17700612545013428,0.11631941050291061,0.08079975843429565,0.74309164,0.9273118,0.93444186,0.91100055,0.7852151989936829,0.767382800579071,0.7365829944610596,0.7273997664451599,0.7360445261001587,0.7530003190040588
2331,/usr/local/data/zahrat/workshop/dent_output/chexpert-swap-normal/pleural_effusion/seed2331/lambda_t_star5/style.png,0.09682142,0.9281035,0.7522122,0.697188,0.558858335018158,0.5352917313575745,0.35548725724220276,0.23641282320022583,0.16554436087608337,0.12398669868707657,0.12632321,0.64368033,0.61721116,0.26002,0.30770790576934814,0.2608194053173065,0.20020519196987152,0.22179874777793884,0.18600565195083618,0.14759793877601624
2944,/usr/local/data/zahrat/workshop/dent_output/chexpert-swap-normal/pleural_effusion/seed2944/lambda_t_star5/style.png,0.18235263,0.6982133,0.69370955,0.53438175,0.4238985776901245,0.35761624574661255,0.3243904411792755,0.2801111042499542,0.232225701212883,0.20774145424365997,0.39601797,0.88477737,0.7962105,0.7695757,0.7633477449417114,0.7580339908599854,0.7437272071838379,0.5194127559661865,0.4927627146244049,0.4623182713985443
3142,/usr/local/data/zahrat/workshop/dent_output/chexpert-swap-normal/pleural_effusion/seed3142/lambda_t_star5/style.png,0.030979773,0.8779271,0.9092594,0.89694816,0.12706850469112396,0.07879279553890228,0.06533073633909225,0.05437874048948288,0.0433337539434433,0.03685321658849716,0.054312736,0.93143374,0.91330045,0.90272915,0.08004015684127808,0.06072907894849777,0.05699062719941139,0.05679591745138168,0.05996868759393692,0.060200005769729614
2645,/usr/local/data/zahrat/workshop/dent_output/chexpert-swap-normal/pleural_effusion/seed2645/lambda_t_star5/style.png,0.022765078,0.8183155,0.8084933,0.22891928,0.07387488335371017,0.04643730819225311,0.0329594686627388,0.027298536151647568,0.02666889689862728,0.023674748837947845,0.052929845,0.27581164,0.19491549,0.078636535,0.07352212816476822,0.06274779140949249,0.05569944530725479,0.05041693150997162,0.051299840211868286,0.05185502767562866
1837,/usr/local/data/zahrat/workshop/dent_output/chexpert-swap-normal/pleural_effusion/seed1837/lambda_t_star5/style.png,0.022845298,0.7828948,0.97165596,0.7190643,0.14890018105506897,0.07998630404472351,0.06345036625862122,0.05245435982942581,0.03822450339794159,0.02983415313065052,0.41931686,0.38858867,0.22982724,0.17649852,0.26195862889289856,0.15312404930591583,0.14925862848758698,0.16712278127670288,0.3091762661933899,0.3411674499511719
1697,/usr/local/data/zahrat/workshop/dent_output/chexpert-swap-normal/pleural_effusion/seed1697/lambda_t_star5/style.png,0.21465199,0.9831592,0.9698751,0.9101271,0.8548703193664551,0.8609803915023804,0.877049446105957,0.8104633688926697,0.6176671385765076,0.4043971002101898,0.05794627,0.10794867,0.17543373,0.10041305,0.07930629700422287,0.08112091571092606,0.058160267770290375,0.0583462230861187,0.0572965107858181,0.06360693275928497
3020,/usr/local/data/zahrat/workshop/dent_output/chexpert-swap-normal/pleural_effusion/seed3020/lambda_t_star5/style.png,0.08852913,0.96289384,0.9435342,0.91661084,0.8384088277816772,0.6507019996643066,0.3471149802207947,0.22850069403648376,0.17103970050811768,0.13077214360237122,0.07300815,0.67268926,0.5150955,0.67508656,0.7213388085365295,0.20230181515216827,0.10187496244907379,0.08322124928236008,0.07511754333972931,0.07249034196138382
2939,/usr/local/data/zahrat/workshop/dent_output/chexpert-swap-normal/pleural_effusion/seed2939/lambda_t_star5/style.png,0.099960454,0.97954434,0.9482894,0.919698,0.9022183418273926,0.6746993660926819,0.3119533658027649,0.21677638590335846,0.18737275898456573,0.14205539226531982,0.864304,0.903335,0.87315357,0.9187694,0.9190085530281067,0.8902757167816162,0.8746095895767212,0.8713910579681396,0.872187077999115,0.8640421032905579
1761,/usr/local/data/zahrat/workshop/dent_output/chexpert-swap-normal/pleural_effusion/seed1761/lambda_t_star5/style.png,0.14213662,0.44882196,0.38903046,0.44076055,0.3742448389530182,0.26740559935569763,0.21372541785240173,0.18958526849746704,0.17331528663635254,0.16465003788471222,0.030739587,0.059626196,0.03713572,0.033644676,0.029261361807584763,0.02985375188291073,0.031270116567611694,0.0318785235285759,0.032985247671604156,0.03119448758661747
3102,/usr/local/data/zahrat/workshop/dent_output/chexpert-swap-normal/pleural_effusion/seed3102/lambda_t_star5/style.png,0.35922837,0.97628516,0.97956777,0.969963,0.9556037783622742,0.9481752514839172,0.902678370475769,0.8192183375358582,0.7162272334098816,0.5413554906845093,0.7412543,0.74731183,0.7292144,0.74158615,0.7496415376663208,0.7587215304374695,0.7552960515022278,0.758780837059021,0.7730820775032043,0.7526624798774719
1581,/usr/local/data/zahrat/workshop/dent_output/chexpert-swap-normal/pleural_effusion/seed1581/lambda_t_star5/style.png,0.041686818,0.862295,0.77612805,0.69592005,0.5937903523445129,0.33604758977890015,0.27604812383651733,0.11044414341449738,0.07218147069215775,0.05519619211554527,0.28759435,0.13174303,0.07312215,0.08949854,0.89912348985672,0.8531288504600525,0.7695395946502686,0.5972151160240173,0.5265028476715088,0.39910009503364563
3052,/usr/local/data/zahrat/workshop/dent_output/chexpert-swap-normal/pleural_effusion/seed3052/lambda_t_star5/style.png,0.013543394,0.92217296,0.8577061,0.6515358,0.26645389199256897,0.04801185429096222,0.038355037569999695,0.032936230301856995,0.02602711133658886,0.019449394196271896,0.09845212,0.8883283,0.19494955,0.122744806,0.0779632180929184,0.092709481716156,0.10158831626176834,0.10707271099090576,0.09970426559448242,0.09878383576869965
2638,/usr/local/data/zahrat/workshop/dent_output/chexpert-swap-normal/pleural_effusion/seed2638/lambda_t_star5/style.png,0.03746753,0.9943843,0.95631284,0.93307525,0.8660423159599304,0.6032155156135559,0.25591233372688293,0.14567223191261292,0.09209121018648148,0.05829327926039696,0.06654337,0.6576515,0.08776284,0.091459215,0.08723295480012894,0.08482225239276886,0.07860400527715683,0.07645982503890991,0.0703529417514801,0.06621275842189789
1564,/usr/local/data/zahrat/workshop/dent_output/chexpert-swap-normal/pleural_effusion/seed1564/lambda_t_star5/style.png,0.07663398,0.83594805,0.43244597,0.29802638,0.22485476732254028,0.17661911249160767,0.13537068665027618,0.115650475025177,0.09294582158327103,0.08395714312791824,0.6087487,0.91231143,0.8808721,0.8235932,0.8153975605964661,0.8007040023803711,0.7923903465270996,0.7717116475105286,0.7494221925735474,0.6820423603057861
2310,/usr/local/data/zahrat/workshop/dent_output/chexpert-swap-normal/pleural_effusion/seed2310/lambda_t_star5/style.png,0.069334656,0.17518984,0.14532614,0.12198687,0.10456115752458572,0.09172385931015015,0.09025115519762039,0.0848802924156189,0.07772114127874374,0.07334893941879272,0.03072952,0.12981759,0.12043341,0.055028357,0.042256880551576614,0.03908831998705864,0.03498625382781029,0.033928126096725464,0.034398436546325684,0.030495909973978996
3263,/usr/local/data/zahrat/workshop/dent_output/chexpert-swap-normal/pleural_effusion/seed3263/lambda_t_star5/style.png,0.02203972,0.883355,0.86040324,0.629874,0.09447148442268372,0.08725367486476898,0.05600779876112938,0.04266302287578583,0.03404697775840759,0.028880087658762932,0.108440734,0.8628093,0.9052218,0.1357911,0.10840630531311035,0.14917516708374023,0.1428421139717102,0.12963488698005676,0.12333744764328003,0.1189371645450592
2716,/usr/local/data/zahrat/workshop/dent_output/chexpert-swap-normal/pleural_effusion/seed2716/lambda_t_star5/style.png,0.111050084,0.7657493,0.46173126,0.2773369,0.1923927515745163,0.17922666668891907,0.15285955369472504,0.13841292262077332,0.12411103397607803,0.11563567817211151,0.70451397,0.6440868,0.7067118,0.7501984,0.7488329410552979,0.7762436866760254,0.7501468062400818,0.7320818305015564,0.728232204914093,0.7019754648208618
2389,/usr/local/data/zahrat/workshop/dent_output/chexpert-swap-normal/pleural_effusion/seed2389/lambda_t_star5/style.png,0.06441749,0.97401357,0.9477655,0.8850394,0.3174748718738556,0.16833779215812683,0.12311174720525742,0.10835111886262894,0.09107894450426102,0.07976499944925308,0.40729183,0.81299865,0.8565241,0.8247202,0.8441248536109924,0.8468867540359497,0.6566236019134521,0.6595909595489502,0.592698872089386,0.4403069317340851
1742,/usr/local/data/zahrat/workshop/dent_output/chexpert-swap-normal/pleural_effusion/seed1742/lambda_t_star5/style.png,0.26692432,0.97631764,0.9788544,0.9534382,0.9449391961097717,0.9490960240364075,0.9354113340377808,0.7823547720909119,0.5422374606132507,0.3703303635120392,0.8017682,0.91918236,0.9526502,0.9370352,0.9225882887840271,0.922536313533783,0.914781928062439,0.9017289876937866,0.8378827571868896,0.8336868286132812
2796,/usr/local/data/zahrat/workshop/dent_output/chexpert-swap-normal/pleural_effusion/seed2796/lambda_t_star5/style.png,0.042751733,0.9107269,0.7957228,0.47728464,0.44832292199134827,0.4151005148887634,0.284822940826416,0.13984471559524536,0.07460769265890121,0.05772262066602707,0.8037083,0.8901657,0.8761987,0.76149195,0.7385760545730591,0.779062807559967,0.7902829051017761,0.8003072142601013,0.8084496855735779,0.804495632648468
2233,/usr/local/data/zahrat/workshop/dent_output/chexpert-swap-normal/pleural_effusion/seed2233/lambda_t_star5/style.png,0.1718425,0.970088,0.95162123,0.9066457,0.6748955845832825,0.5598004460334778,0.48233598470687866,0.4276578426361084,0.3269895315170288,0.25805342197418213,0.045364536,0.14807709,0.07459314,0.06174576,0.050368182361125946,0.05731808394193649,0.04914601892232895,0.05067969486117363,0.04939193278551102,0.04789980128407478
2907,/usr/local/data/zahrat/workshop/dent_output/chexpert-swap-normal/pleural_effusion/seed2907/lambda_t_star5/style.png,0.03432224,0.9729636,0.9493301,0.8701796,0.5718882083892822,0.2346103936433792,0.11161357164382935,0.0770561471581459,0.059607770293951035,0.04479388892650604,0.8090468,0.88048464,0.8387556,0.8500986,0.8323413729667664,0.8319445848464966,0.8117380142211914,0.817458987236023,0.8158371448516846,0.8099232316017151
2122,/usr/local/data/zahrat/workshop/dent_output/chexpert-swap-normal/pleural_effusion/seed2122/lambda_t_star5/style.png,0.065233625,0.18652388,0.1352047,0.1058576,0.07662971317768097,0.07361452281475067,0.07604292780160904,0.0775846466422081,0.06842362135648727,0.069970041513443,0.052962817,0.019544913,0.07469337,0.3124768,0.18403685092926025,0.16421934962272644,0.046687718480825424,0.057646945118904114,0.05551820993423462,0.05339391529560089
2452,/usr/local/data/zahrat/workshop/dent_output/chexpert-swap-normal/pleural_effusion/seed2452/lambda_t_star5/style.png,0.2016291,0.94781893,0.85200936,0.8059953,0.7166877388954163,0.6637296080589294,0.5846707224845886,0.5128390789031982,0.42178598046302795,0.28447631001472473,0.053829875,0.614276,0.6410244,0.44908538,0.2752462327480316,0.09176117181777954,0.06970515847206116,0.05965931713581085,0.05615311488509178,0.058828797191381454
2151,/usr/local/data/zahrat/workshop/dent_output/chexpert-swap-normal/pleural_effusion/seed2151/lambda_t_star5/style.png,0.35762945,0.9659176,0.9418548,0.93904245,0.9211821556091309,0.9154468774795532,0.8858618140220642,0.7765399217605591,0.6335503458976746,0.4963837265968323,0.55113405,0.8251516,0.7714707,0.7911983,0.7357365489006042,0.6945452690124512,0.6043819189071655,0.5645487308502197,0.5559706687927246,0.5472398400306702
2318,/usr/local/data/zahrat/workshop/dent_output/chexpert-swap-normal/pleural_effusion/seed2318/lambda_t_star5/style.png,0.67060256,0.9033282,0.9274948,0.8852212,0.8717675805091858,0.8625494241714478,0.8493475914001465,0.8500858545303345,0.8293322920799255,0.7719617486000061,0.1224556,0.12809435,0.16266145,0.13221288,0.10048064589500427,0.10069266706705093,0.1144728884100914,0.12588657438755035,0.1338900476694107,0.1279440075159073
2931,/usr/local/data/zahrat/workshop/dent_output/chexpert-swap-normal/pleural_effusion/seed2931/lambda_t_star5/style.png,0.037772305,0.7247208,0.67815185,0.4619881,0.1369294822216034,0.13763651251792908,0.14717936515808105,0.11355134099721909,0.08510953187942505,0.05814768746495247,0.06753794,0.92779934,0.93909734,0.9535608,0.4609870910644531,0.19008824229240417,0.2292529195547104,0.12640707194805145,0.08648713678121567,0.07215378433465958
2391,/usr/local/data/zahrat/workshop/dent_output/chexpert-swap-normal/pleural_effusion/seed2391/lambda_t_star5/style.png,0.5330319,0.6243259,0.6985639,0.64782846,0.6073644757270813,0.6354315280914307,0.6293671131134033,0.6049041152000427,0.5787679553031921,0.5510163307189941,0.66541135,0.6388459,0.86499596,0.90164614,0.8990169763565063,0.7697644233703613,0.7418003678321838,0.6369640231132507,0.645433783531189,0.6608081459999084
2662,/usr/local/data/zahrat/workshop/dent_output/chexpert-swap-normal/pleural_effusion/seed2662/lambda_t_star5/style.png,0.035946645,0.8549919,0.7571212,0.655538,0.4234832227230072,0.21242251992225647,0.1040705218911171,0.06693536043167114,0.05146457999944687,0.04163734242320061,0.062094763,0.7933321,0.17739771,0.6946298,0.6595895886421204,0.5753077268600464,0.17933526635169983,0.06859444081783295,0.06694699823856354,0.06511988490819931
1849,/usr/local/data/zahrat/workshop/dent_output/chexpert-swap-normal/pleural_effusion/seed1849/lambda_t_star5/style.png,0.22569388,0.9737545,0.95347184,0.9379203,0.9196556806564331,0.7217057347297668,0.6165536642074585,0.5488466024398804,0.41861510276794434,0.3217962384223938,0.7738735,0.94071305,0.86342365,0.8293088,0.8014538884162903,0.832927942276001,0.8171975612640381,0.7917004823684692,0.792628288269043,0.7806023955345154
3088,/usr/local/data/zahrat/workshop/dent_output/chexpert-swap-normal/pleural_effusion/seed3088/lambda_t_star5/style.png,0.15995061,0.87093383,0.83876544,0.82217455,0.770028293132782,0.6802652478218079,0.5559064745903015,0.45240747928619385,0.34597936272621155,0.24401304125785828,0.042335477,0.08196199,0.0795764,0.07650511,0.07625356316566467,0.07208196073770523,0.06822840124368668,0.059773776680231094,0.052113451063632965,0.04645790532231331
1752,/usr/local/data/zahrat/workshop/dent_output/chexpert-swap-normal/pleural_effusion/seed1752/lambda_t_star5/style.png,0.062340554,0.9652821,0.9256474,0.8814211,0.5582077503204346,0.35115209221839905,0.18149422109127045,0.1165563091635704,0.0948893278837204,0.0855327770113945,0.16871575,0.7400135,0.8209064,0.785388,0.7776449918746948,0.4964176118373871,0.38891279697418213,0.41968926787376404,0.32868489623069763,0.21013125777244568
1751,/usr/local/data/zahrat/workshop/dent_output/chexpert-swap-normal/pleural_effusion/seed1751/lambda_t_star5/style.png,0.031124856,0.40722063,0.23963381,0.10062066,0.08384178578853607,0.055101074278354645,0.04712154343724251,0.041857507079839706,0.03932308778166771,0.033194877207279205,0.51237184,0.8634607,0.8370753,0.8873096,0.8815582990646362,0.8709557056427002,0.7787653207778931,0.5648999810218811,0.5125616192817688,0.5275645852088928
2323,/usr/local/data/zahrat/workshop/dent_output/chexpert-swap-normal/pleural_effusion/seed2323/lambda_t_star5/style.png,0.041674033,0.90423715,0.8751199,0.83805054,0.48141682147979736,0.536972165107727,0.27203038334846497,0.13241766393184662,0.08811970800161362,0.06289432942867279,0.046311148,0.850568,0.08633641,0.05488432,0.40079939365386963,0.09850920736789703,0.05115969106554985,0.04714980348944664,0.047665271908044815,0.04550500959157944
1582,/usr/local/data/zahrat/workshop/dent_output/chexpert-swap-normal/pleural_effusion/seed1582/lambda_t_star5/style.png,0.12542559,0.86878014,0.7829452,0.6908945,0.46432989835739136,0.28015124797821045,0.21690228581428528,0.18069106340408325,0.15719467401504517,0.1322944313287735,0.52528834,0.38024274,0.26736772,0.7738734,0.7399884462356567,0.6726099252700806,0.6696586012840271,0.6666284799575806,0.6050850749015808,0.5640836954116821
2795,/usr/local/data/zahrat/workshop/dent_output/chexpert-swap-normal/pleural_effusion/seed2795/lambda_t_star5/style.png,0.03143922,0.83095306,0.82971716,0.44610223,0.21655938029289246,0.11875021457672119,0.07049024850130081,0.05622056871652603,0.04852411895990372,0.04123704880475998,0.043025274,0.1290807,0.1098479,0.11962557,0.10593656450510025,0.07205010205507278,0.06106016784906387,0.05800874903798103,0.05073978006839752,0.04650118574500084
1658,/usr/local/data/zahrat/workshop/dent_output/chexpert-swap-normal/pleural_effusion/seed1658/lambda_t_star5/style.png,0.0368975,0.82273704,0.4052843,0.11916896,0.08591898530721664,0.07090591639280319,0.05887601897120476,0.050121281296014786,0.0449276939034462,0.040313269942998886,0.247815,0.2779574,0.43586487,0.30301958,0.4397382140159607,0.410413533449173,0.4131160080432892,0.4173932671546936,0.4391423165798187,0.3167821764945984
3005,/usr/local/data/zahrat/workshop/dent_output/chexpert-swap-normal/pleural_effusion/seed3005/lambda_t_star5/style.png,0.057168547,0.9703922,0.97522724,0.96211594,0.9157444834709167,0.6099364757537842,0.42898014187812805,0.24880671501159668,0.13443666696548462,0.08559761941432953,0.12377082,0.6756064,0.7164038,0.57870245,0.45689815282821655,0.47252681851387024,0.3323473036289215,0.17526665329933167,0.15292085707187653,0.1326763927936554
2611,/usr/local/data/zahrat/workshop/dent_output/chexpert-swap-normal/pleural_effusion/seed2611/lambda_t_star5/style.png,0.081549875,0.6849243,0.5762276,0.49058884,0.4474489390850067,0.4266875982284546,0.2821037173271179,0.14407412707805634,0.11937214434146881,0.09886614233255386,0.33473217,0.5500738,0.42804104,0.69889724,0.6401386857032776,0.5665897727012634,0.5389320850372314,0.4500330984592438,0.4128586947917938,0.3796743154525757
3155,/usr/local/data/zahrat/workshop/dent_output/chexpert-swap-normal/pleural_effusion/seed3155/lambda_t_star5/style.png,0.07745478,0.9160243,0.8438667,0.5903941,0.45004376769065857,0.27207982540130615,0.21236994862556458,0.16522079706192017,0.11112161725759506,0.08837463706731796,0.10051047,0.89966094,0.76048535,0.8950116,0.644411563873291,0.09046940505504608,0.08723284304141998,0.08778057247400284,0.10647052526473999,0.10675934702157974
2012,/usr/local/data/zahrat/workshop/dent_output/chexpert-swap-normal/pleural_effusion/seed2012/lambda_t_star5/style.png,0.023483276,0.859736,0.7607761,0.8093285,0.7638624906539917,0.16378068923950195,0.09144022315740585,0.05853916332125664,0.03843781724572182,0.03269549086689949,0.6797245,0.7750185,0.66900814,0.6209576,0.6871063709259033,0.6542313694953918,0.6721398234367371,0.727756679058075,0.7628869414329529,0.704287052154541
2520,/usr/local/data/zahrat/workshop/dent_output/chexpert-swap-normal/pleural_effusion/seed2520/lambda_t_star5/style.png,0.21015444,0.9841118,0.9828234,0.94832927,0.9203851819038391,0.8832859396934509,0.8541755676269531,0.7109980583190918,0.3960876166820526,0.2729056477546692,0.83929414,0.46940994,0.71283025,0.7961079,0.787169873714447,0.7900926470756531,0.7999893426895142,0.876933753490448,0.8593035340309143,0.8514725565910339
2228,/usr/local/data/zahrat/workshop/dent_output/chexpert-swap-normal/pleural_effusion/seed2228/lambda_t_star5/style.png,0.04287885,0.78666097,0.79228383,0.57537633,0.5539107918739319,0.3407110869884491,0.19217899441719055,0.10771973431110382,0.08036258071660995,0.05559336766600609,0.1349498,0.3126933,0.395975,0.37094098,0.30652889609336853,0.251338928937912,0.22861447930335999,0.20091937482357025,0.18123823404312134,0.14814548194408417
2987,/usr/local/data/zahrat/workshop/dent_output/chexpert-swap-normal/pleural_effusion/seed2987/lambda_t_star5/style.png,0.016917394,0.9720367,0.9618098,0.86722094,0.6605762243270874,0.15663334727287292,0.07977614551782608,0.04252778738737106,0.0318993479013443,0.022903550416231155,0.08811471,0.074015506,0.34862253,0.45461288,0.3963201642036438,0.4275127947330475,0.507396399974823,0.37785303592681885,0.19018420577049255,0.13283686339855194
1613,/usr/local/data/zahrat/workshop/dent_output/chexpert-swap-normal/pleural_effusion/seed1613/lambda_t_star5/style.png,0.06447966,0.7464334,0.36712468,0.22173694,0.15860852599143982,0.14043951034545898,0.11795106530189514,0.10025715827941895,0.08293390274047852,0.07477175444364548,0.018433988,0.06853861,0.5276191,0.081011,0.07174473255872726,0.04267750307917595,0.03214210644364357,0.024732453748583794,0.021230151876807213,0.01920086331665516
2300,/usr/local/data/zahrat/workshop/dent_output/chexpert-swap-normal/pleural_effusion/seed2300/lambda_t_star5/style.png,0.31192344,0.9801445,0.9681824,0.96483064,0.90021812915802,0.7555575966835022,0.6379177570343018,0.5418599843978882,0.4551094174385071,0.40503042936325073,0.5357532,0.8985185,0.91392654,0.8959219,0.8474474549293518,0.6878853440284729,0.6561247110366821,0.6159608960151672,0.6062841415405273,0.533744215965271
1544,/usr/local/data/zahrat/workshop/dent_output/chexpert-swap-normal/pleural_effusion/seed1544/lambda_t_star5/style.png,0.03173573,0.9415593,0.86605483,0.9031705,0.7496157288551331,0.6254579424858093,0.3978309631347656,0.23779988288879395,0.1421905905008316,0.0638759508728981,0.15357491,0.4269607,0.5943581,0.36752883,0.34106284379959106,0.36240899562835693,0.3099639415740967,0.21455521881580353,0.18309298157691956,0.16671554744243622
2980,/usr/local/data/zahrat/workshop/dent_output/chexpert-swap-normal/pleural_effusion/seed2980/lambda_t_star5/style.png,0.6665171,0.9685203,0.97384757,0.9358283,0.9485081434249878,0.9552370309829712,0.9455792307853699,0.9306314587593079,0.9083641767501831,0.8080719113349915,0.62198555,0.8318223,0.8386129,0.81700915,0.8079800605773926,0.8367475271224976,0.7073202133178711,0.710220992565155,0.6060035824775696,0.6198214888572693
2534,/usr/local/data/zahrat/workshop/dent_output/chexpert-swap-normal/pleural_effusion/seed2534/lambda_t_star5/style.png,0.05958804,0.9396158,0.39416152,0.31070367,0.29238563776016235,0.16803568601608276,0.13235874474048615,0.10530014336109161,0.0861310213804245,0.07247685641050339,0.0985095,0.2430376,0.090462744,0.08362686,0.17225381731987,0.29125523567199707,0.23327992856502533,0.20862165093421936,0.17273887991905212,0.11673745512962341
2563,/usr/local/data/zahrat/workshop/dent_output/chexpert-swap-normal/pleural_effusion/seed2563/lambda_t_star5/style.png,0.06525366,0.96059686,0.94357336,0.84224886,0.7510221600532532,0.6895022392272949,0.45283788442611694,0.19484393298625946,0.14691747725009918,0.0983995571732521,0.1564221,0.900883,0.9284965,0.87653065,0.8191264867782593,0.4414321184158325,0.18523500859737396,0.17012783885002136,0.14362534880638123,0.1422094851732254
3031,/usr/local/data/zahrat/workshop/dent_output/chexpert-swap-normal/pleural_effusion/seed3031/lambda_t_star5/style.png,0.1662553,0.6376073,0.5487738,0.5006806,0.3149201273918152,0.2508017122745514,0.21821413934230804,0.19749940931797028,0.17729836702346802,0.1731879860162735,0.08211087,0.105594404,0.116086535,0.1225465,0.10669829696416855,0.10228301584720612,0.06849999725818634,0.09578362107276917,0.09179168194532394,0.08767156302928925
2448,/usr/local/data/zahrat/workshop/dent_output/chexpert-swap-normal/pleural_effusion/seed2448/lambda_t_star5/style.png,0.46467698,0.8644431,0.70846844,0.88811266,0.8358166813850403,0.775395393371582,0.6287001371383667,0.563768208026886,0.527123749256134,0.49042677879333496,0.09540562,0.24566041,0.90521634,0.7715687,0.7568939924240112,0.48634225130081177,0.16891947388648987,0.107213094830513,0.10343267023563385,0.10431350022554398
1979,/usr/local/data/zahrat/workshop/dent_output/chexpert-swap-normal/pleural_effusion/seed1979/lambda_t_star5/style.png,0.104295164,0.9786043,0.9794989,0.9150285,0.8772144317626953,0.8058017492294312,0.7173628211021423,0.5619010329246521,0.24722842872142792,0.15202613174915314,0.29661041,0.8590815,0.22451426,0.31115624,0.39223018288612366,0.4325718581676483,0.4172147512435913,0.4095306396484375,0.38810697197914124,0.3423728942871094
1813,/usr/local/data/zahrat/workshop/dent_output/chexpert-swap-normal/pleural_effusion/seed1813/lambda_t_star5/style.png,0.09471854,0.6625394,0.72980386,0.71921194,0.7127721309661865,0.6724694967269897,0.5050646662712097,0.2949587404727936,0.190067321062088,0.12432464957237244,0.079997614,0.65680504,0.3050208,0.22843938,0.19930407404899597,0.16914494335651398,0.12589941918849945,0.12269896268844604,0.12216147780418396,0.10255840420722961
1737,/usr/local/data/zahrat/workshop/dent_output/chexpert-swap-normal/pleural_effusion/seed1737/lambda_t_star5/style.png,0.073358536,0.79572815,0.35724694,0.2743713,0.1865815371274948,0.1723165661096573,0.14865972101688385,0.119924396276474,0.09831149876117706,0.08099731057882309,0.07835996,0.33499965,0.36721262,0.4119479,0.3807056248188019,0.28105589747428894,0.13168363273143768,0.09729817509651184,0.0817795842885971,0.07260403037071228
2616,/usr/local/data/zahrat/workshop/dent_output/chexpert-swap-normal/pleural_effusion/seed2616/lambda_t_star5/style.png,0.18438181,0.8742372,0.85970783,0.749937,0.576676607131958,0.47921648621559143,0.5437196493148804,0.5412508249282837,0.4511069357395172,0.3354761004447937,0.8021168,0.55167216,0.6473922,0.9165893,0.9529559016227722,0.9644365906715393,0.9661334156990051,0.9395400285720825,0.890327513217926,0.8222762942314148
2178,/usr/local/data/zahrat/workshop/dent_output/chexpert-swap-normal/pleural_effusion/seed2178/lambda_t_star5/style.png,0.06489679,0.2930765,0.3707948,0.28069267,0.08464177697896957,0.08066022396087646,0.07616669684648514,0.07242200523614883,0.06763625890016556,0.06608176231384277,0.03232323,0.02181207,0.03204333,0.031849395,0.04585370421409607,0.07356548309326172,0.06862908601760864,0.04557828605175018,0.034448787569999695,0.033629409968853
3156,/usr/local/data/zahrat/workshop/dent_output/chexpert-swap-normal/pleural_effusion/seed3156/lambda_t_star5/style.png,0.018059246,0.8441403,0.4672431,0.13448517,0.08984978497028351,0.06307712942361832,0.038930006325244904,0.03035058081150055,0.024963902309536934,0.02206137403845787,0.8694368,0.9233538,0.83278173,0.89700156,0.8491837978363037,0.8411924839019775,0.8502446413040161,0.8628859519958496,0.8727117776870728,0.8663572669029236
3007,/usr/local/data/zahrat/workshop/dent_output/chexpert-swap-normal/pleural_effusion/seed3007/lambda_t_star5/style.png,0.06608487,0.9707055,0.9315123,0.90369076,0.7634076476097107,0.7158244848251343,0.6311618685722351,0.4955553412437439,0.2852959930896759,0.11897686868906021,0.5526111,0.92304885,0.8944378,0.91958684,0.8642445206642151,0.683087944984436,0.6530005931854248,0.6387709379196167,0.6018032431602478,0.5811050534248352
3252,/usr/local/data/zahrat/workshop/dent_output/chexpert-swap-normal/pleural_effusion/seed3252/lambda_t_star5/style.png,0.33846635,0.92211175,0.929577,0.8585934,0.6715757846832275,0.6571860313415527,0.6241548657417297,0.589672327041626,0.5260963439941406,0.4499831795692444,0.039007895,0.11097296,0.14352243,0.07428218,0.06191759929060936,0.05784335359930992,0.046627502888441086,0.03990994021296501,0.04074001684784889,0.041166022419929504
2109,/usr/local/data/zahrat/workshop/dent_output/chexpert-swap-normal/pleural_effusion/seed2109/lambda_t_star5/style.png,0.20832302,0.9738878,0.9605301,0.95133793,0.9445613622665405,0.9251055121421814,0.8990066051483154,0.8839078545570374,0.5320039987564087,0.3432356119155884,0.9418031,0.85987717,0.90152353,0.8915796,0.9204801321029663,0.931442379951477,0.9341018199920654,0.9406188130378723,0.939806342124939,0.9396255612373352
2869,/usr/local/data/zahrat/workshop/dent_output/chexpert-swap-normal/pleural_effusion/seed2869/lambda_t_star5/style.png,0.0642559,0.9672732,0.65632826,0.24677818,0.1284622699022293,0.10359272360801697,0.09523505717515945,0.09009154886007309,0.08019903302192688,0.06792999058961868,0.04308854,0.20534678,0.1496917,0.40287104,0.36175087094306946,0.2744194269180298,0.1696733683347702,0.10878172516822815,0.07307534664869308,0.05504978820681572
1528,/usr/local/data/zahrat/workshop/dent_output/chexpert-swap-normal/pleural_effusion/seed1528/lambda_t_star5/style.png,0.39149043,0.9692498,0.96147746,0.96537393,0.9532255530357361,0.8803552985191345,0.8377699255943298,0.7644398808479309,0.670211672782898,0.5330104231834412,0.21374895,0.08076246,0.33971918,0.26084712,0.1938694417476654,0.18019604682922363,0.2171638160943985,0.3510238528251648,0.27188625931739807,0.21203429996967316
2332,/usr/local/data/zahrat/workshop/dent_output/chexpert-swap-normal/pleural_effusion/seed2332/lambda_t_star5/style.png,0.023025535,0.9245521,0.6064797,0.50984067,0.3528587818145752,0.1988629549741745,0.09743934869766235,0.053616996854543686,0.04012483358383179,0.028351088985800743,0.0987305,0.7709907,0.39972347,0.3729116,0.14097654819488525,0.15587183833122253,0.10916386544704437,0.12314023077487946,0.1311732828617096,0.12493681907653809
2466,/usr/local/data/zahrat/workshop/dent_output/chexpert-swap-normal/pleural_effusion/seed2466/lambda_t_star5/style.png,0.061906047,0.92004645,0.841166,0.82863575,0.8445081114768982,0.504763662815094,0.4016142785549164,0.3559580147266388,0.18771891295909882,0.1072569489479065,0.9030718,0.8312926,0.81207544,0.88655704,0.8842917084693909,0.9014732837677002,0.8919621706008911,0.8980385065078735,0.9006316065788269,0.9057331681251526
2567,/usr/local/data/zahrat/workshop/dent_output/chexpert-swap-normal/pleural_effusion/seed2567/lambda_t_star5/style.png,0.26087022,0.9642714,0.9522244,0.951206,0.9099076390266418,0.772668719291687,0.48640868067741394,0.37156522274017334,0.31367528438568115,0.28542137145996094,0.12644327,0.49713358,0.17228673,0.13996905,0.15056397020816803,0.1659919172525406,0.16472548246383667,0.15627995133399963,0.1585463434457779,0.14987418055534363
2754,/usr/local/data/zahrat/workshop/dent_output/chexpert-swap-normal/pleural_effusion/seed2754/lambda_t_star5/style.png,0.38646635,0.9578019,0.9259235,0.9440848,0.8958114981651306,0.855049729347229,0.8303400874137878,0.7113056778907776,0.6321958303451538,0.5183107852935791,0.8243864,0.6441244,0.6592765,0.9183922,0.908571183681488,0.8882761597633362,0.8617225289344788,0.8245649337768555,0.8236436247825623,0.8119890093803406
2321,/usr/local/data/zahrat/workshop/dent_output/chexpert-swap-normal/pleural_effusion/seed2321/lambda_t_star5/style.png,0.551264,0.97717845,0.976174,0.9650344,0.9103089570999146,0.8387666940689087,0.7959276437759399,0.7734593749046326,0.7198116779327393,0.6370115876197815,0.90689987,0.9203322,0.8771764,0.8829894,0.8841533064842224,0.9167306423187256,0.9150266051292419,0.9186011552810669,0.9135881066322327,0.9092578887939453
3096,/usr/local/data/zahrat/workshop/dent_output/chexpert-swap-normal/pleural_effusion/seed3096/lambda_t_star5/style.png,0.18904425,0.7470879,0.68432575,0.6753387,0.6030252575874329,0.5553121566772461,0.4712207615375519,0.4718562662601471,0.39286112785339355,0.28070777654647827,0.02560831,0.031353228,0.02605293,0.045130197,0.03386503458023071,0.03252919763326645,0.030313175171613693,0.031130623072385788,0.027644701302051544,0.027259062975645065
2089,/usr/local/data/zahrat/workshop/dent_output/chexpert-swap-normal/pleural_effusion/seed2089/lambda_t_star5/style.png,0.14623271,0.94851065,0.9337655,0.9238009,0.9280977845191956,0.919228196144104,0.8644723296165466,0.6938214302062988,0.498527467250824,0.2946628928184509,0.34743127,0.8063761,0.800655,0.75996315,0.6822546720504761,0.611633837223053,0.5988329648971558,0.47758519649505615,0.46081286668777466,0.4023272395133972
2968,/usr/local/data/zahrat/workshop/dent_output/chexpert-swap-normal/pleural_effusion/seed2968/lambda_t_star5/style.png,0.05775731,0.7214182,0.51613146,0.24694677,0.193717360496521,0.1564074158668518,0.1295912116765976,0.09486938267946243,0.08104721456766129,0.06721580028533936,0.07598987,0.19317318,0.17649233,0.16002916,0.12301311641931534,0.12611807882785797,0.12183575332164764,0.11429402232170105,0.1052832379937172,0.09339869022369385
2143,/usr/local/data/zahrat/workshop/dent_output/chexpert-swap-normal/pleural_effusion/seed2143/lambda_t_star5/style.png,0.053549074,0.94945973,0.9444568,0.9429158,0.2763473093509674,0.14364346861839294,0.13033874332904816,0.0984894335269928,0.08427499979734421,0.06573125720024109,0.93965095,0.9207368,0.8700574,0.9179653,0.9351015686988831,0.9366573095321655,0.9373627305030823,0.94734787940979,0.9454448819160461,0.947910487651825
1615,/usr/local/data/zahrat/workshop/dent_output/chexpert-swap-normal/pleural_effusion/seed1615/lambda_t_star5/style.png,0.13877855,0.90529096,0.54429483,0.19189224,0.2009831666946411,0.21109038591384888,0.20368675887584686,0.19018250703811646,0.17451423406600952,0.14931942522525787,0.07968017,0.37528637,0.21603386,0.096714474,0.13078078627586365,0.12434496730566025,0.11543591320514679,0.10484403371810913,0.09292595088481903,0.08835678547620773
2524,/usr/local/data/zahrat/workshop/dent_output/chexpert-swap-normal/pleural_effusion/seed2524/lambda_t_star5/style.png,0.058704577,0.9620283,0.96416813,0.95078623,0.8967396020889282,0.27516061067581177,0.1523917317390442,0.10696333646774292,0.08823288232088089,0.07198189944028854,0.277197,0.25410143,0.25241235,0.21356435,0.235574871301651,0.3179517388343811,0.3161596953868866,0.3526092767715454,0.37066975235939026,0.3352638781070709
3359,/usr/local/data/zahrat/workshop/dent_output/chexpert-swap-normal/pleural_effusion/seed3359/lambda_t_star5/style.png,0.06983371,0.39904213,0.32217446,0.28409073,0.21922756731510162,0.13540507853031158,0.13559354841709137,0.10722064971923828,0.0954289510846138,0.08074996620416641,0.04924993,0.7270492,0.44671524,0.6047878,0.562445342540741,0.07682732492685318,0.06563565135002136,0.05973256379365921,0.059692371636629105,0.05412251502275467
1684,/usr/local/data/zahrat/workshop/dent_output/chexpert-swap-normal/pleural_effusion/seed1684/lambda_t_star5/style.png,0.040210728,0.9293353,0.7802626,0.7107676,0.6153987646102905,0.3431626856327057,0.09217925369739532,0.07065165042877197,0.05601529777050018,0.048695288598537445,0.09771132,0.23949061,0.48774403,0.4100331,0.24660612642765045,0.1514618694782257,0.10718747228384018,0.1066809818148613,0.12157687544822693,0.10218788683414459
1521,/usr/local/data/zahrat/workshop/dent_output/chexpert-swap-normal/pleural_effusion/seed1521/lambda_t_star5/style.png,0.19866687,0.9721166,0.96422774,0.95498717,0.9521293640136719,0.9415348768234253,0.9150506854057312,0.7093027234077454,0.5956496000289917,0.4355553686618805,0.42257077,0.8815251,0.8802454,0.77667236,0.8714406490325928,0.8573741912841797,0.8219702243804932,0.7680928111076355,0.6398923397064209,0.5185977220535278
1621,/usr/local/data/zahrat/workshop/dent_output/chexpert-swap-normal/pleural_effusion/seed1621/lambda_t_star5/style.png,0.07507158,0.9602992,0.35281304,0.6598022,0.7401556968688965,0.6625242829322815,0.4968900978565216,0.29578152298927307,0.1994348168373108,0.12777964770793915,0.29442263,0.27378452,0.16793732,0.2564153,0.7415231466293335,0.7315192818641663,0.6268857717514038,0.5890646576881409,0.42989376187324524,0.3756893277168274
1809,/usr/local/data/zahrat/workshop/dent_output/chexpert-swap-normal/pleural_effusion/seed1809/lambda_t_star5/style.png,0.058555674,0.9197258,0.87184733,0.79834354,0.8117305040359497,0.8807012438774109,0.6911165118217468,0.47684210538864136,0.2606537342071533,0.10936049371957779,0.482739,0.9718925,0.96900964,0.96818495,0.9731937646865845,0.9621748328208923,0.915277898311615,0.7731904983520508,0.5792981386184692,0.4875907599925995
2656,/usr/local/data/zahrat/workshop/dent_output/chexpert-swap-normal/pleural_effusion/seed2656/lambda_t_star5/style.png,0.33091757,0.9714201,0.9662393,0.9664601,0.96792072057724,0.9679135680198669,0.9612523317337036,0.9434710741043091,0.7700569033622742,0.48913002014160156,0.84820765,0.8241909,0.83474725,0.8183193,0.8391719460487366,0.8577345609664917,0.862260639667511,0.8605308532714844,0.8627657890319824,0.8530592918395996
3324,/usr/local/data/zahrat/workshop/dent_output/chexpert-swap-normal/pleural_effusion/seed3324/lambda_t_star5/style.png,0.06908558,0.7166847,0.6916864,0.21687682,0.15436440706253052,0.1416124403476715,0.11119820922613144,0.09847859293222427,0.08268588781356812,0.07024557143449783,0.070346296,0.06078075,0.08861174,0.3077475,0.05766322463750839,0.05858089029788971,0.07624032348394394,0.08308696746826172,0.0717129185795784,0.0698101744055748
2375,/usr/local/data/zahrat/workshop/dent_output/chexpert-swap-normal/pleural_effusion/seed2375/lambda_t_star5/style.png,0.17917216,0.957997,0.95116085,0.9443367,0.9399127960205078,0.9199371337890625,0.8612844347953796,0.7557034492492676,0.560892641544342,0.32887765765190125,0.76916444,0.812453,0.8409302,0.8427428,0.791481614112854,0.744812548160553,0.7625811696052551,0.7451753616333008,0.7459673881530762,0.7536453604698181
2028,/usr/local/data/zahrat/workshop/dent_output/chexpert-swap-normal/pleural_effusion/seed2028/lambda_t_star5/style.png,0.05748013,0.91433823,0.91484827,0.78066826,0.6570271253585815,0.43909400701522827,0.2672872543334961,0.13850009441375732,0.09081260114908218,0.07428930699825287,0.13846548,0.08162593,0.28790554,0.2174985,0.3099655508995056,0.31411534547805786,0.2598521113395691,0.23142652213573456,0.25763362646102905,0.19566112756729126
2620,/usr/local/data/zahrat/workshop/dent_output/chexpert-swap-normal/pleural_effusion/seed2620/lambda_t_star5/style.png,0.12276329,0.977468,0.9649335,0.93034714,0.8968001008033752,0.8162011504173279,0.6708287596702576,0.40642133355140686,0.2659550607204437,0.16263169050216675,0.037760913,0.13220413,0.13641971,0.0831906,0.05757061019539833,0.05335884913802147,0.05090438202023506,0.048689622431993484,0.04324057698249817,0.043157994747161865
3175,/usr/local/data/zahrat/workshop/dent_output/chexpert-swap-normal/pleural_effusion/seed3175/lambda_t_star5/style.png,0.20649508,0.95815074,0.9176744,0.88631386,0.8621435165405273,0.8270096778869629,0.7531997561454773,0.484098881483078,0.3926110565662384,0.27992597222328186,0.2516502,0.30283332,0.2600811,0.27752677,0.31366369128227234,0.3015592396259308,0.28678804636001587,0.27928459644317627,0.27762266993522644,0.265351265668869
2474,/usr/local/data/zahrat/workshop/dent_output/chexpert-swap-normal/pleural_effusion/seed2474/lambda_t_star5/style.png,0.051386587,0.8866215,0.81342643,0.64737684,0.350678414106369,0.23007097840309143,0.24504448473453522,0.16436032950878143,0.10012782365083694,0.07043719291687012,0.8278559,0.7521045,0.6304678,0.74768084,0.8418267369270325,0.8706008195877075,0.8623586893081665,0.8595146536827087,0.8410849571228027,0.829154372215271
3239,/usr/local/data/zahrat/workshop/dent_output/chexpert-swap-normal/pleural_effusion/seed3239/lambda_t_star5/style.png,0.059815925,0.90124375,0.76553875,0.47840333,0.28890109062194824,0.20461341738700867,0.14995011687278748,0.12194763123989105,0.09577688574790955,0.07437510788440704,0.21219851,0.3158968,0.1863177,0.1555647,0.3221147358417511,0.34972715377807617,0.3459770977497101,0.31676459312438965,0.2721499800682068,0.24522483348846436
2441,/usr/local/data/zahrat/workshop/dent_output/chexpert-swap-normal/pleural_effusion/seed2441/lambda_t_star5/style.png,0.06987835,0.9793595,0.97139174,0.9373863,0.803537905216217,0.7116914391517639,0.36804822087287903,0.16145113110542297,0.10780443251132965,0.08768676221370697,0.07578818,0.88034385,0.61947536,0.55450386,0.42784714698791504,0.32472923398017883,0.11000972986221313,0.0963011384010315,0.08658570796251297,0.09564795345067978
2783,/usr/local/data/zahrat/workshop/dent_output/chexpert-swap-normal/pleural_effusion/seed2783/lambda_t_star5/style.png,0.030121839,0.9083903,0.8749755,0.8268838,0.7832732796669006,0.7627608776092529,0.6150181889533997,0.3709789216518402,0.10096368193626404,0.04475553333759308,0.84674877,0.17988227,0.9160261,0.85701144,0.8778001070022583,0.8923978209495544,0.8943270444869995,0.882834792137146,0.8659112453460693,0.8464860320091248
3074,/usr/local/data/zahrat/workshop/dent_output/chexpert-swap-normal/pleural_effusion/seed3074/lambda_t_star5/style.png,0.01813801,0.79717416,0.11313479,0.05319474,0.07837642729282379,0.05020928010344505,0.04875077307224274,0.04161609336733818,0.0327211357653141,0.024136042222380638,0.2885731,0.90143526,0.9250071,0.9025958,0.8959607481956482,0.5059424638748169,0.39694851636886597,0.43836110830307007,0.4207131862640381,0.31608662009239197
3151,/usr/local/data/zahrat/workshop/dent_output/chexpert-swap-normal/pleural_effusion/seed3151/lambda_t_star5/style.png,0.039355706,0.94238245,0.9327692,0.8827566,0.6068565845489502,0.36651599407196045,0.28300487995147705,0.18179664015769958,0.09776579588651657,0.057695865631103516,0.3264441,0.78018606,0.8615736,0.851239,0.8441905379295349,0.7881675362586975,0.7531752586364746,0.7320401072502136,0.6946595907211304,0.5563543438911438
2630,/usr/local/data/zahrat/workshop/dent_output/chexpert-swap-normal/pleural_effusion/seed2630/lambda_t_star5/style.png,0.41924292,0.8050254,0.72486997,0.5564429,0.5154613852500916,0.5095894932746887,0.4953916668891907,0.48033252358436584,0.47251272201538086,0.44650912284851074,0.03399212,0.055050105,0.446077,0.7003428,0.06757888942956924,0.06373713910579681,0.05141376703977585,0.05127282440662384,0.04852587729692459,0.0440782830119133
1503,/usr/local/data/zahrat/workshop/dent_output/chexpert-swap-normal/pleural_effusion/seed1503/lambda_t_star5/style.png,0.061776266,0.93467355,0.6728898,0.60931605,0.8020694851875305,0.569601833820343,0.31733039021492004,0.1934577226638794,0.12451175600290298,0.08172833919525146,0.31053883,0.79397225,0.8147032,0.8328884,0.8238300085067749,0.8555517792701721,0.831650972366333,0.7601711750030518,0.718153178691864,0.6314826607704163
3381,/usr/local/data/zahrat/workshop/dent_output/chexpert-swap-normal/pleural_effusion/seed3381/lambda_t_star5/style.png,0.060390655,0.82394266,0.64170843,0.38341692,0.2974931001663208,0.27631717920303345,0.1885499358177185,0.14089591801166534,0.10342342406511307,0.08228971809148788,0.09780469,0.10352931,0.1676381,0.12265788,0.19105160236358643,0.211490198969841,0.19743914902210236,0.2277761697769165,0.1875753104686737,0.13147835433483124
1580,/usr/local/data/zahrat/workshop/dent_output/chexpert-swap-normal/pleural_effusion/seed1580/lambda_t_star5/style.png,0.1775069,0.8697488,0.8404342,0.75919545,0.7382473945617676,0.6258155107498169,0.40409088134765625,0.2156951129436493,0.18884257972240448,0.18914583325386047,0.061695125,0.13001569,0.16251251,0.20360583,0.14521877467632294,0.08483337610960007,0.0842369943857193,0.07976759225130081,0.0755447968840599,0.07770895957946777
2123,/usr/local/data/zahrat/workshop/dent_output/chexpert-swap-normal/pleural_effusion/seed2123/lambda_t_star5/style.png,0.04883568,0.9548657,0.9178017,0.8919835,0.771830677986145,0.7409870624542236,0.5034899115562439,0.28113603591918945,0.13010740280151367,0.0651693120598793,0.8984415,0.83214366,0.7593018,0.9207756,0.9134090542793274,0.9088978171348572,0.9173147082328796,0.9182466268539429,0.9193525910377502,0.9100770354270935
2625,/usr/local/data/zahrat/workshop/dent_output/chexpert-swap-normal/pleural_effusion/seed2625/lambda_t_star5/style.png,0.032074764,0.5719125,0.6640058,0.53611046,0.4017781615257263,0.28490081429481506,0.08571841567754745,0.04957003518939018,0.04447580873966217,0.038044802844524384,0.05778392,0.059785835,0.054806545,0.04927866,0.06410843133926392,0.07491195946931839,0.07683312147855759,0.0717703327536583,0.07248219847679138,0.06427693367004395
2379,/usr/local/data/zahrat/workshop/dent_output/chexpert-swap-normal/pleural_effusion/seed2379/lambda_t_star5/style.png,0.030462407,0.93625283,0.9019415,0.86675364,0.6715595126152039,0.3723548948764801,0.17222866415977478,0.08169145882129669,0.056122176349163055,0.039384715259075165,0.18395217,0.59094214,0.35900554,0.2338651,0.4514092803001404,0.5030897855758667,0.2828245460987091,0.16617365181446075,0.1705637127161026,0.17311760783195496
3034,/usr/local/data/zahrat/workshop/dent_output/chexpert-swap-normal/pleural_effusion/seed3034/lambda_t_star5/style.png,0.06059892,0.97101015,0.93142116,0.944885,0.7792209982872009,0.42481768131256104,0.2636513411998749,0.20468845963478088,0.1523614078760147,0.10769201070070267,0.8431537,0.75737756,0.8247163,0.83770114,0.8216447830200195,0.8445332050323486,0.8566781878471375,0.8347917795181274,0.8413782715797424,0.8353219032287598
1651,/usr/local/data/zahrat/workshop/dent_output/chexpert-swap-normal/pleural_effusion/seed1651/lambda_t_star5/style.png,0.075183034,0.9774146,0.9195666,0.880543,0.6345611810684204,0.45928695797920227,0.33771759271621704,0.22770318388938904,0.13920371234416962,0.10200833529233932,0.037370306,0.75211585,0.09861736,0.071973935,0.07304894924163818,0.06177776679396629,0.044686444103717804,0.03994692489504814,0.036551401019096375,0.0368364192545414
2182,/usr/local/data/zahrat/workshop/dent_output/chexpert-swap-normal/pleural_effusion/seed2182/lambda_t_star5/style.png,0.18380205,0.94243044,0.9333147,0.9260259,0.8976598381996155,0.8813984990119934,0.6864396333694458,0.5183796286582947,0.35340896248817444,0.2500421702861786,0.105816506,0.20499936,0.2556239,0.33811137,0.31827613711357117,0.211811825633049,0.0960531011223793,0.1158035472035408,0.12896311283111572,0.11950451880693436
2652,/usr/local/data/zahrat/workshop/dent_output/chexpert-swap-normal/pleural_effusion/seed2652/lambda_t_star5/style.png,0.14331013,0.9418258,0.73495346,0.5004482,0.5132299661636353,0.4715815782546997,0.43805229663848877,0.424366295337677,0.3543870747089386,0.25062796473503113,0.9621622,0.91462475,0.9125004,0.93166965,0.9431694149971008,0.9466519951820374,0.9500592350959778,0.9566126465797424,0.960607647895813,0.9628461003303528
3201,/usr/local/data/zahrat/workshop/dent_output/chexpert-swap-normal/pleural_effusion/seed3201/lambda_t_star5/style.png,0.020506172,0.9553252,0.8993882,0.6390748,0.1829584538936615,0.05313391238451004,0.03778207302093506,0.029765663668513298,0.027033934369683266,0.023853875696659088,0.0933199,0.11644769,0.054965235,0.04787119,0.050107188522815704,0.07240666449069977,0.08709840476512909,0.0984102413058281,0.10027346760034561,0.09909682720899582
3071,/usr/local/data/zahrat/workshop/dent_output/chexpert-swap-normal/pleural_effusion/seed3071/lambda_t_star5/style.png,0.3512215,0.9805428,0.98618823,0.9662328,0.9696511030197144,0.8495795130729675,0.8289895057678223,0.8178046941757202,0.6383007764816284,0.48157361149787903,0.24862757,0.5064597,0.67107826,0.65163285,0.6667184829711914,0.5790837407112122,0.4959561824798584,0.5077916979789734,0.40318378806114197,0.3212479054927826
2413,/usr/local/data/zahrat/workshop/dent_output/chexpert-swap-normal/pleural_effusion/seed2413/lambda_t_star5/style.png,0.051171195,0.9091153,0.5069548,0.30915263,0.11782494187355042,0.0917978286743164,0.08411932736635208,0.07475350052118301,0.061271604150533676,0.05582664534449577,0.026500713,0.08908552,0.06282811,0.062351834,0.049314893782138824,0.031416770070791245,0.02909175120294094,0.030384108424186707,0.03081005997955799,0.02876299060881138
2531,/usr/local/data/zahrat/workshop/dent_output/chexpert-swap-normal/pleural_effusion/seed2531/lambda_t_star5/style.png,0.13212126,0.72795534,0.69165003,0.66240364,0.5588594079017639,0.2940636873245239,0.1944875866174698,0.16484369337558746,0.15194708108901978,0.14185109734535217,0.063900255,0.11986959,0.10304933,0.09471253,0.08669458329677582,0.06601347774267197,0.07317288219928741,0.09496613591909409,0.08208102732896805,0.07838904857635498
2744,/usr/local/data/zahrat/workshop/dent_output/chexpert-swap-normal/pleural_effusion/seed2744/lambda_t_star5/style.png,0.45900488,0.83918005,0.79927844,0.8080175,0.762290358543396,0.7745051383972168,0.7769906520843506,0.7183037996292114,0.6771997213363647,0.5696584582328796,0.09746258,0.8499804,0.86514395,0.8117614,0.0838039368391037,0.12393759191036224,0.1357249766588211,0.13105981051921844,0.1155976727604866,0.10143520683050156
1936,/usr/local/data/zahrat/workshop/dent_output/chexpert-swap-normal/pleural_effusion/seed1936/lambda_t_star5/style.png,0.07068116,0.873987,0.8976945,0.84426236,0.778337299823761,0.7300704121589661,0.6279239654541016,0.479320764541626,0.2693469822406769,0.13324595987796783,0.09442861,0.48364165,0.17473787,0.14208469,0.12545064091682434,0.12465506792068481,0.12638236582279205,0.13033325970172882,0.10262006521224976,0.09730947762727737
1955,/usr/local/data/zahrat/workshop/dent_output/chexpert-swap-normal/pleural_effusion/seed1955/lambda_t_star5/style.png,0.061283465,0.9481672,0.93008655,0.91834384,0.9069196581840515,0.8833243250846863,0.8512948751449585,0.6310120820999146,0.2671102285385132,0.11933357268571854,0.6699127,0.6778197,0.71890587,0.7556736,0.7615100145339966,0.7599902153015137,0.6889813542366028,0.6764054298400879,0.7086902260780334,0.6880374550819397
1997,/usr/local/data/zahrat/workshop/dent_output/chexpert-swap-normal/pleural_effusion/seed1997/lambda_t_star5/style.png,0.101196736,0.9716275,0.9683027,0.95635515,0.8525433540344238,0.7303873896598816,0.5986150503158569,0.3189227879047394,0.2301241010427475,0.14359508454799652,0.64843374,0.15584262,0.5969824,0.65002716,0.6496139764785767,0.6170347929000854,0.6052874326705933,0.6463302373886108,0.6127495169639587,0.6211907267570496
3093,/usr/local/data/zahrat/workshop/dent_output/chexpert-swap-normal/pleural_effusion/seed3093/lambda_t_star5/style.png,0.48654252,0.93976486,0.9281827,0.91512376,0.9019391536712646,0.8898979425430298,0.8736336827278137,0.8144153952598572,0.6950247287750244,0.587660551071167,0.116040595,0.36841834,0.14183061,0.08967919,0.08452349901199341,0.09346748888492584,0.11543586850166321,0.1293620765209198,0.1351737082004547,0.115284763276577
2953,/usr/local/data/zahrat/workshop/dent_output/chexpert-swap-normal/pleural_effusion/seed2953/lambda_t_star5/style.png,0.053017538,0.19537519,0.20320685,0.18055464,0.17165270447731018,0.1639561951160431,0.11936011910438538,0.09466740489006042,0.0767090767621994,0.06543982774019241,0.37710795,0.24448189,0.6350055,0.61277914,0.49786925315856934,0.4532487392425537,0.5903453826904297,0.4687950909137726,0.45968520641326904,0.402770072221756
1834,/usr/local/data/zahrat/workshop/dent_output/chexpert-swap-normal/pleural_effusion/seed1834/lambda_t_star5/style.png,0.21648785,0.9560605,0.9562191,0.93623775,0.9313446283340454,0.7785405516624451,0.694939374923706,0.6398372054100037,0.48773518204689026,0.30988258123397827,0.08142897,0.78270435,0.7602877,0.6360766,0.09241189807653427,0.10317011177539825,0.10191437602043152,0.10774186253547668,0.11022841185331345,0.08830602467060089
3241,/usr/local/data/zahrat/workshop/dent_output/chexpert-swap-normal/pleural_effusion/seed3241/lambda_t_star5/style.png,0.05582866,0.86340064,0.80587876,0.7727448,0.7305013537406921,0.5242775678634644,0.2749636173248291,0.1652451455593109,0.10726039111614227,0.07948101311922073,0.4417051,0.86634266,0.88393515,0.86824155,0.8682309985160828,0.6925100684165955,0.6625311970710754,0.6228586435317993,0.5166328549385071,0.4697767496109009
1715,/usr/local/data/zahrat/workshop/dent_output/chexpert-swap-normal/pleural_effusion/seed1715/lambda_t_star5/style.png,0.18664633,0.78447056,0.7338058,0.66248333,0.529080867767334,0.42480748891830444,0.35295116901397705,0.30050402879714966,0.26743170619010925,0.21777993440628052,0.07706431,0.88508403,0.7996159,0.14975445,0.10646121203899384,0.10043761879205704,0.09852775186300278,0.0948728546500206,0.08980421721935272,0.08374611288309097
2229,/usr/local/data/zahrat/workshop/dent_output/chexpert-swap-normal/pleural_effusion/seed2229/lambda_t_star5/style.png,0.13961402,0.79676324,0.6681188,0.24828117,0.24946808815002441,0.2578713595867157,0.2520187199115753,0.221456378698349,0.1964045912027359,0.1632348895072937,0.06075005,0.074696004,0.10036873,0.068073414,0.065778449177742,0.07734964787960052,0.08421608805656433,0.08006768673658371,0.06745391339063644,0.07373219728469849
1887,/usr/local/data/zahrat/workshop/dent_output/chexpert-swap-normal/pleural_effusion/seed1887/lambda_t_star5/style.png,0.16052645,0.93353665,0.9329329,0.92387074,0.9125819802284241,0.8558818101882935,0.6189912557601929,0.4900680184364319,0.35453712940216064,0.23310166597366333,0.19036923,0.3118818,0.3552383,0.27427778,0.2201148271560669,0.32886943221092224,0.3905582129955292,0.3227376639842987,0.27715691924095154,0.23664236068725586
1775,/usr/local/data/zahrat/workshop/dent_output/chexpert-swap-normal/pleural_effusion/seed1775/lambda_t_star5/style.png,0.22646359,0.9389919,0.9031088,0.74517477,0.7612415552139282,0.7384911179542542,0.7194122672080994,0.6515090465545654,0.40980064868927,0.2657826244831085,0.029358098,0.052933265,0.044848047,0.04512805,0.03849742189049721,0.034876346588134766,0.032452017068862915,0.032714370638132095,0.033762723207473755,0.03234628587961197
2316,/usr/local/data/zahrat/workshop/dent_output/chexpert-swap-normal/pleural_effusion/seed2316/lambda_t_star5/style.png,0.11407537,0.9407568,0.692801,0.5511833,0.3259291648864746,0.2077176868915558,0.1731135994195938,0.1560361385345459,0.15260225534439087,0.13755950331687927,0.141616,0.68971413,0.7078275,0.79537654,0.7738626599311829,0.7262457013130188,0.3278481364250183,0.27784889936447144,0.23004961013793945,0.17503765225410461
2863,/usr/local/data/zahrat/workshop/dent_output/chexpert-swap-normal/pleural_effusion/seed2863/lambda_t_star5/style.png,0.24207845,0.9898386,0.9157842,0.8801458,0.8147600293159485,0.7449047565460205,0.6860894560813904,0.5967034697532654,0.4560867249965668,0.32438281178474426,0.4042814,0.385397,0.5386816,0.3523004,0.6009052991867065,0.6881502270698547,0.6956128478050232,0.6835628151893616,0.5894463658332825,0.4393211901187897
2144,/usr/local/data/zahrat/workshop/dent_output/chexpert-swap-normal/pleural_effusion/seed2144/lambda_t_star5/style.png,0.29108474,0.9863121,0.9804955,0.97526824,0.9684169888496399,0.9435206651687622,0.9001465439796448,0.7885830998420715,0.5975328683853149,0.44752657413482666,0.18647236,0.56563395,0.6416411,0.5426891,0.31592997908592224,0.35007989406585693,0.3129171133041382,0.29127100110054016,0.27521878480911255,0.20992377400398254
1855,/usr/local/data/zahrat/workshop/dent_output/chexpert-swap-normal/pleural_effusion/seed1855/lambda_t_star5/style.png,0.016904814,0.9021156,0.85962355,0.6867711,0.2437373250722885,0.04536076635122299,0.03484777733683586,0.029481999576091766,0.025857683271169662,0.021041320636868477,0.38610932,0.48498982,0.1602908,0.5177037,0.20486286282539368,0.30411776900291443,0.42291077971458435,0.4329461455345154,0.45464032888412476,0.42228004336357117
1848,/usr/local/data/zahrat/workshop/dent_output/chexpert-swap-normal/pleural_effusion/seed1848/lambda_t_star5/style.png,0.19821571,0.9094903,0.6289918,0.6798501,0.7003791928291321,0.5922231674194336,0.5946633815765381,0.560610830783844,0.41577276587486267,0.28747037053108215,0.7676432,0.84439,0.77841914,0.791836,0.7878432869911194,0.7997830510139465,0.8155366778373718,0.7984976768493652,0.7983532547950745,0.7937059998512268
3128,/usr/local/data/zahrat/workshop/dent_output/chexpert-swap-normal/pleural_effusion/seed3128/lambda_t_star5/style.png,0.032208063,0.8738499,0.6820846,0.64481914,0.4006403684616089,0.23377582430839539,0.117332324385643,0.08078371733427048,0.05805221199989319,0.040505725890398026,0.85585123,0.64324516,0.75478584,0.78631306,0.854182779788971,0.8588595390319824,0.8582360148429871,0.8532730937004089,0.8548656105995178,0.8545127511024475
2556,/usr/local/data/zahrat/workshop/dent_output/chexpert-swap-normal/pleural_effusion/seed2556/lambda_t_star5/style.png,0.48380268,0.9908366,0.9803324,0.9541335,0.9129747152328491,0.8319810628890991,0.6913438439369202,0.6708796620368958,0.602249264717102,0.5459162592887878,0.82035106,0.8096434,0.89284176,0.8977709,0.7791149616241455,0.8110432624816895,0.72678542137146,0.7790883779525757,0.8051822185516357,0.8066221475601196
3329,/usr/local/data/zahrat/workshop/dent_output/chexpert-swap-normal/pleural_effusion/seed3329/lambda_t_star5/style.png,0.17164318,0.9516052,0.8576746,0.8281147,0.6347041726112366,0.5499191284179688,0.438888281583786,0.3361958861351013,0.29174309968948364,0.24064502120018005,0.05704772,0.37970728,0.16952588,0.43312493,0.21411719918251038,0.20721814036369324,0.1474025547504425,0.08510108292102814,0.06878658384084702,0.06273967027664185
1862,/usr/local/data/zahrat/workshop/dent_output/chexpert-swap-normal/pleural_effusion/seed1862/lambda_t_star5/style.png,0.019544305,0.95127714,0.5415167,0.14742357,0.08374012261629105,0.04434114322066307,0.033072877675294876,0.029213134199380875,0.025795964524149895,0.022745292633771896,0.10370168,0.51376694,0.09876334,0.10438824,0.06991768628358841,0.0615827701985836,0.054309945553541183,0.08187708258628845,0.08319403231143951,0.0865708515048027
3121,/usr/local/data/zahrat/workshop/dent_output/chexpert-swap-normal/pleural_effusion/seed3121/lambda_t_star5/style.png,0.06239817,0.50783324,0.37838888,0.31237656,0.3338684141635895,0.2934592366218567,0.23704159259796143,0.15088683366775513,0.09802978485822678,0.07790245115756989,0.025060833,0.043791864,0.04253093,0.0477838,0.03283190727233887,0.025588393211364746,0.023679491132497787,0.024186713621020317,0.02364782989025116,0.022717395797371864
1679,/usr/local/data/zahrat/workshop/dent_output/chexpert-swap-normal/pleural_effusion/seed1679/lambda_t_star5/style.png,0.043522697,0.90052044,0.87609416,0.41597477,0.17117811739444733,0.1376533955335617,0.09701083600521088,0.07464654743671417,0.06781438738107681,0.05867131054401398,0.9393772,0.9241637,0.924978,0.934413,0.9193324446678162,0.9206189513206482,0.9235234260559082,0.927111804485321,0.9293678402900696,0.9357119202613831
3003,/usr/local/data/zahrat/workshop/dent_output/chexpert-swap-normal/pleural_effusion/seed3003/lambda_t_star5/style.png,0.14756262,0.67635393,0.5714453,0.4623801,0.42943498492240906,0.3688485026359558,0.2876276969909668,0.24009846150875092,0.20166398584842682,0.17494918406009674,0.050249614,0.13570896,0.13321166,0.110067695,0.1271173357963562,0.16127270460128784,0.1407918483018875,0.09844557195901871,0.07542518526315689,0.061320047825574875
1576,/usr/local/data/zahrat/workshop/dent_output/chexpert-swap-normal/pleural_effusion/seed1576/lambda_t_star5/style.png,0.076290786,0.9439849,0.837054,0.66009724,0.4007869064807892,0.32131296396255493,0.2385447919368744,0.15410828590393066,0.11537685245275497,0.0890602320432663,0.03313219,0.14053431,0.053069573,0.051435318,0.05359102785587311,0.04323311895132065,0.03803069517016411,0.0357714407145977,0.03287210687994957,0.03393840044736862
1926,/usr/local/data/zahrat/workshop/dent_output/chexpert-swap-normal/pleural_effusion/seed1926/lambda_t_star5/style.png,0.050512817,0.9492292,0.7990958,0.30986363,0.13977359235286713,0.09653538465499878,0.08487473428249359,0.07103040814399719,0.06512517482042313,0.05982016772031784,0.05458574,0.48613897,0.20577203,0.10533144,0.07915570586919785,0.06447066366672516,0.06751862913370132,0.056217633187770844,0.06402012705802917,0.06151570379734039
1827,/usr/local/data/zahrat/workshop/dent_output/chexpert-swap-normal/pleural_effusion/seed1827/lambda_t_star5/style.png,0.21596394,0.97556394,0.9695412,0.95301247,0.9250674843788147,0.8989101648330688,0.8270072340965271,0.6753167510032654,0.47678279876708984,0.3522483706474304,0.07614501,0.16425104,0.06847683,0.050429653,0.05454371124505997,0.06881605088710785,0.06701593846082687,0.06118045002222061,0.05908001586794853,0.07856371253728867
2918,/usr/local/data/zahrat/workshop/dent_output/chexpert-swap-normal/pleural_effusion/seed2918/lambda_t_star5/style.png,0.10292825,0.5323173,0.52075064,0.4300034,0.5487138628959656,0.3654044270515442,0.26985788345336914,0.18665212392807007,0.14534975588321686,0.10902994871139526,0.3077701,0.39276963,0.29893166,0.679211,0.6543381810188293,0.6977168321609497,0.7441164255142212,0.5861057639122009,0.33276620507240295,0.32068780064582825
2508,/usr/local/data/zahrat/workshop/dent_output/chexpert-swap-normal/pleural_effusion/seed2508/lambda_t_star5/style.png,0.58199126,0.9794112,0.97365224,0.9674636,0.9458218812942505,0.8914158344268799,0.832730233669281,0.7926913499832153,0.7507013082504272,0.6835688948631287,0.5943637,0.6986159,0.6799371,0.6830896,0.6872763633728027,0.662179172039032,0.6616135835647583,0.6457357406616211,0.6090617775917053,0.624489426612854
2572,/usr/local/data/zahrat/workshop/dent_output/chexpert-swap-normal/pleural_effusion/seed2572/lambda_t_star5/style.png,0.016900925,0.7051395,0.74034065,0.6861192,0.3242363929748535,0.14189854264259338,0.08407191187143326,0.06062623858451843,0.04122691974043846,0.027389677241444588,0.053403135,0.14366852,0.08177849,0.10646789,0.08118804544210434,0.0793284922838211,0.07174268364906311,0.06346950680017471,0.05766258388757706,0.063086599111557
2278,/usr/local/data/zahrat/workshop/dent_output/chexpert-swap-normal/pleural_effusion/seed2278/lambda_t_star5/style.png,0.08755248,0.6961647,0.11409865,0.1048669,0.08565535396337509,0.09539104253053665,0.09126531332731247,0.09263467788696289,0.08667644113302231,0.0861678496003151,0.68607324,0.8976664,0.8721229,0.7817454,0.7516010999679565,0.7593175768852234,0.7332379817962646,0.6916247010231018,0.7076115608215332,0.6882372498512268
2168,/usr/local/data/zahrat/workshop/dent_output/chexpert-swap-normal/pleural_effusion/seed2168/lambda_t_star5/style.png,0.028857019,0.5035719,0.47211882,0.32780966,0.31858450174331665,0.2541234493255615,0.20795053243637085,0.2159847617149353,0.08517209440469742,0.046240486204624176,0.08735466,0.3624978,0.29138404,0.17603466,0.9061501622200012,0.8838249444961548,0.14285798370838165,0.1976882666349411,0.1550343930721283,0.11439284682273865
2411,/usr/local/data/zahrat/workshop/dent_output/chexpert-swap-normal/pleural_effusion/seed2411/lambda_t_star5/style.png,0.11151009,0.8335229,0.76071393,0.5877785,0.5259954333305359,0.368172287940979,0.25162458419799805,0.20144148170948029,0.15641279518604279,0.12862707674503326,0.06788484,0.31236205,0.15179555,0.22307816,0.2168428897857666,0.09883791953325272,0.09761105477809906,0.08548929542303085,0.08534115552902222,0.0757668986916542
2484,/usr/local/data/zahrat/workshop/dent_output/chexpert-swap-normal/pleural_effusion/seed2484/lambda_t_star5/style.png,0.2009626,0.95139706,0.9526605,0.96109927,0.7646622657775879,0.6688801646232605,0.6381851434707642,0.6586073637008667,0.4589183032512665,0.3180133104324341,0.83255386,0.7974195,0.8769952,0.8351713,0.8078598380088806,0.8184515833854675,0.8410678505897522,0.7865460515022278,0.8117774724960327,0.8178435564041138
1815,/usr/local/data/zahrat/workshop/dent_output/chexpert-swap-normal/pleural_effusion/seed1815/lambda_t_star5/style.png,0.04651183,0.9541387,0.88985604,0.63905656,0.5058386921882629,0.3571254312992096,0.2901444137096405,0.20970697700977325,0.11299987137317657,0.0655459314584732,0.05416369,0.9034347,0.89561754,0.89092505,0.8734485507011414,0.7987948656082153,0.6748892664909363,0.11518846452236176,0.06716673821210861,0.05270141363143921
2402,/usr/local/data/zahrat/workshop/dent_output/chexpert-swap-normal/pleural_effusion/seed2402/lambda_t_star5/style.png,0.24409956,0.8682306,0.5958458,0.5006082,0.466707706451416,0.5274747014045715,0.6535812616348267,0.5420470833778381,0.4267549216747284,0.32617196440696716,0.85112154,0.73411065,0.7332451,0.7978278,0.8092976212501526,0.8335223197937012,0.8453861474990845,0.8477195501327515,0.8478437662124634,0.849885880947113
2253,/usr/local/data/zahrat/workshop/dent_output/chexpert-swap-normal/pleural_effusion/seed2253/lambda_t_star5/style.png,0.069590956,0.83013785,0.6858446,0.4620108,0.3162297308444977,0.22236062586307526,0.11527061462402344,0.09924986213445663,0.09340672194957733,0.07774165272712708,0.08293837,0.27357408,0.642947,0.58831614,0.6698784232139587,0.44681015610694885,0.09182418882846832,0.09045109897851944,0.09080823510885239,0.08017072826623917
2998,/usr/local/data/zahrat/workshop/dent_output/chexpert-swap-normal/pleural_effusion/seed2998/lambda_t_star5/style.png,0.07210086,0.82933366,0.44169575,0.43030992,0.4361284375190735,0.3852185606956482,0.2253265231847763,0.1643577218055725,0.11720559746026993,0.08713038265705109,0.56778896,0.3420893,0.6022044,0.51634413,0.33353191614151,0.4192672073841095,0.572142481803894,0.6026031374931335,0.5973583459854126,0.5975080728530884
2966,/usr/local/data/zahrat/workshop/dent_output/chexpert-swap-normal/pleural_effusion/seed2966/lambda_t_star5/style.png,0.049741313,0.90233773,0.5709069,0.4531499,0.3542878329753876,0.2267283946275711,0.14466525614261627,0.09641613066196442,0.07765527814626694,0.06125343590974808,0.036975365,0.2885206,0.23050475,0.082428716,0.06153293699026108,0.06199313700199127,0.04391048848628998,0.037627097219228745,0.03459857404232025,0.033115800470113754
3266,/usr/local/data/zahrat/workshop/dent_output/chexpert-swap-normal/pleural_effusion/seed3266/lambda_t_star5/style.png,0.5421274,0.95575184,0.93136936,0.9226913,0.8965227007865906,0.8617412447929382,0.8196210265159607,0.7074183225631714,0.6634153127670288,0.6111583709716797,0.7851401,0.8377723,0.8353223,0.7856948,0.7998462915420532,0.8019298315048218,0.8480945229530334,0.7921087741851807,0.7848789691925049,0.7901719808578491
2636,/usr/local/data/zahrat/workshop/dent_output/chexpert-swap-normal/pleural_effusion/seed2636/lambda_t_star5/style.png,0.09274217,0.96200967,0.94528174,0.9446484,0.7670677304267883,0.5905056595802307,0.46487098932266235,0.33671221137046814,0.21932244300842285,0.12824128568172455,0.10793312,0.16480151,0.099859305,0.18512988,0.14136840403079987,0.12088856101036072,0.1432662308216095,0.10865877568721771,0.09684187918901443,0.09494700282812119
1841,/usr/local/data/zahrat/workshop/dent_output/chexpert-swap-normal/pleural_effusion/seed1841/lambda_t_star5/style.png,0.067354955,0.76988816,0.5454722,0.39889115,0.38508015871047974,0.28045007586479187,0.17291393876075745,0.10646957159042358,0.08439961075782776,0.07490776479244232,0.1499074,0.05226421,0.05503288,0.08797537,0.0878506749868393,0.1448052078485489,0.17301329970359802,0.17262335121631622,0.19731898605823517,0.1696377843618393
1982,/usr/local/data/zahrat/workshop/dent_output/chexpert-swap-normal/pleural_effusion/seed1982/lambda_t_star5/style.png,0.16031776,0.96895254,0.9426421,0.7831414,0.773895800113678,0.7513960599899292,0.6362431049346924,0.4962138235569,0.3405950665473938,0.23620326817035675,0.33278227,0.6199941,0.58666,0.66822046,0.738353967666626,0.7297704219818115,0.6749288439750671,0.5231083035469055,0.46116146445274353,0.3647131323814392
1634,/usr/local/data/zahrat/workshop/dent_output/chexpert-swap-normal/pleural_effusion/seed1634/lambda_t_star5/style.png,0.021990098,0.9424208,0.8780661,0.77653944,0.6566978096961975,0.174173042178154,0.10879375040531158,0.07475548982620239,0.0438573956489563,0.029105501249432564,0.5418252,0.80729187,0.89219856,0.9221791,0.9282046556472778,0.9235294461250305,0.8928179740905762,0.8240557312965393,0.7526417970657349,0.6746905446052551
1602,/usr/local/data/zahrat/workshop/dent_output/chexpert-swap-normal/pleural_effusion/seed1602/lambda_t_star5/style.png,0.19159542,0.9283445,0.9232039,0.91323143,0.8981583118438721,0.8576779365539551,0.7692019939422607,0.597074568271637,0.42291247844696045,0.2520025968551636,0.08754731,0.8667485,0.46402815,0.34582528,0.14539508521556854,0.12345732003450394,0.11114795506000519,0.10384117811918259,0.0905265361070633,0.09001973271369934
3181,/usr/local/data/zahrat/workshop/dent_output/chexpert-swap-normal/pleural_effusion/seed3181/lambda_t_star5/style.png,0.012898422,0.84182763,0.758256,0.029396955,0.019934041425585747,0.016205616295337677,0.015612120740115643,0.015978476032614708,0.015849145129323006,0.013882697559893131,0.024229437,0.3810322,0.083787136,0.033865348,0.02839135006070137,0.029544949531555176,0.029507435858249664,0.02641661837697029,0.027552582323551178,0.026500362902879715
2289,/usr/local/data/zahrat/workshop/dent_output/chexpert-swap-normal/pleural_effusion/seed2289/lambda_t_star5/style.png,0.08456528,0.95961696,0.3303448,0.24064435,0.21960735321044922,0.20869910717010498,0.1878880262374878,0.1627420037984848,0.12883032858371735,0.09095745533704758,0.13918653,0.83460903,0.48335662,0.20658666,0.13008545339107513,0.13761267066001892,0.15730944275856018,0.1542663276195526,0.15490956604480743,0.1522425413131714
2273,/usr/local/data/zahrat/workshop/dent_output/chexpert-swap-normal/pleural_effusion/seed2273/lambda_t_star5/style.png,0.039141055,0.92522734,0.91380036,0.90160626,0.8938295245170593,0.5458844304084778,0.202733114361763,0.13738740980625153,0.10749862343072891,0.06626150757074356,0.56943786,0.8448827,0.8917502,0.90448654,0.7616832256317139,0.5467647910118103,0.5430177450180054,0.5134256482124329,0.5466322302818298,0.5558357834815979
2476,/usr/local/data/zahrat/workshop/dent_output/chexpert-swap-normal/pleural_effusion/seed2476/lambda_t_star5/style.png,0.053989306,0.9188828,0.94846416,0.57924557,0.34984076023101807,0.21368734538555145,0.14004231989383698,0.1022346168756485,0.08194965124130249,0.07075348496437073,0.18837526,0.43652743,0.7661921,0.2722171,0.19393379986286163,0.23207487165927887,0.31847915053367615,0.3897905647754669,0.3729283809661865,0.2925352156162262
1774,/usr/local/data/zahrat/workshop/dent_output/chexpert-swap-normal/pleural_effusion/seed1774/lambda_t_star5/style.png,0.060487572,0.605911,0.60093254,0.4603315,0.2960040271282196,0.19363915920257568,0.13197077810764313,0.10921304672956467,0.09125689417123795,0.06866329163312912,0.11363827,0.5349945,0.19773622,0.25374627,0.29667580127716064,0.2969816327095032,0.2593275308609009,0.2612316608428955,0.16219474375247955,0.13692797720432281
3069,/usr/local/data/zahrat/workshop/dent_output/chexpert-swap-normal/pleural_effusion/seed3069/lambda_t_star5/style.png,0.097691916,0.3482068,0.19764234,0.25348738,0.1597031056880951,0.17025522887706757,0.1639525294303894,0.14908622205257416,0.1387363076210022,0.11281079798936844,0.046494346,0.06510508,0.06735744,0.06640502,0.09123595058917999,0.07333409786224365,0.0657643973827362,0.05728229507803917,0.05314012989401817,0.05215243995189667
1810,/usr/local/data/zahrat/workshop/dent_output/chexpert-swap-normal/pleural_effusion/seed1810/lambda_t_star5/style.png,0.09909708,0.89007574,0.584619,0.3713873,0.24221916496753693,0.215157613158226,0.18824727833271027,0.1691024899482727,0.13828404247760773,0.12250082939863205,0.043058958,0.053167477,0.04649497,0.047450025,0.0567893423140049,0.05842478200793266,0.05824654549360275,0.05449850112199783,0.05078348517417908,0.048024777323007584
1527,/usr/local/data/zahrat/workshop/dent_output/chexpert-swap-normal/pleural_effusion/seed1527/lambda_t_star5/style.png,0.087408595,0.9639838,0.9512948,0.9032483,0.7854977250099182,0.4902802109718323,0.334134578704834,0.2587849497795105,0.18761993944644928,0.13074615597724915,0.17841165,0.97546005,0.96208227,0.9592896,0.8374994993209839,0.7608456015586853,0.7752646207809448,0.6952270865440369,0.3978985846042633,0.20220550894737244
1600,/usr/local/data/zahrat/workshop/dent_output/chexpert-swap-normal/pleural_effusion/seed1600/lambda_t_star5/style.png,0.104856595,0.9799652,0.8967599,0.5647854,0.34502437710762024,0.3033020496368408,0.21639208495616913,0.15504205226898193,0.13479097187519073,0.11476320028305054,0.027687903,0.04057878,0.04434266,0.04744969,0.03901020064949989,0.03905393183231354,0.03905380144715309,0.0374622605741024,0.03534921631217003,0.030895188450813293
2101,/usr/local/data/zahrat/workshop/dent_output/chexpert-swap-normal/pleural_effusion/seed2101/lambda_t_star5/style.png,0.20738544,0.9571918,0.8492228,0.7674894,0.7399609684944153,0.666185200214386,0.6076803207397461,0.5168218612670898,0.3751583993434906,0.22733034193515778,0.03900399,0.04101284,0.071261905,0.059280124,0.054037533700466156,0.054674938321113586,0.057844918221235275,0.05616312474012375,0.047674428671598434,0.04313423112034798
3015,/usr/local/data/zahrat/workshop/dent_output/chexpert-swap-normal/pleural_effusion/seed3015/lambda_t_star5/style.png,0.05284628,0.29248422,0.129073,0.09984052,0.095465749502182,0.08128449320793152,0.06994009017944336,0.06459491699934006,0.060495276004076004,0.05619753524661064,0.01988225,0.032480914,0.026007077,0.02519342,0.030376531183719635,0.03035007417201996,0.0256419125944376,0.025451917201280594,0.024818528443574905,0.024988315999507904
1609,/usr/local/data/zahrat/workshop/dent_output/chexpert-swap-normal/pleural_effusion/seed1609/lambda_t_star5/style.png,0.07001571,0.5607218,0.6427444,0.47675598,0.36874985694885254,0.27300184965133667,0.25430646538734436,0.19190174341201782,0.18461675941944122,0.11301619559526443,0.09520774,0.12868276,0.1385572,0.11050977,0.10475210100412369,0.10815762728452682,0.10368244349956512,0.09485292434692383,0.0906553566455841,0.08428210765123367
2177,/usr/local/data/zahrat/workshop/dent_output/chexpert-swap-normal/pleural_effusion/seed2177/lambda_t_star5/style.png,0.038782787,0.15812315,0.15355603,0.13262674,0.11402148753404617,0.10021854192018509,0.07080571353435516,0.05205876752734184,0.04815287888050079,0.04206474870443344,0.042048056,0.03727444,0.0446345,0.041872382,0.051933176815509796,0.04992932453751564,0.05008448660373688,0.050595901906490326,0.047287121415138245,0.04620137810707092
3022,/usr/local/data/zahrat/workshop/dent_output/chexpert-swap-normal/pleural_effusion/seed3022/lambda_t_star5/style.png,0.02773153,0.93795025,0.8972732,0.64417666,0.10787303745746613,0.06551967561244965,0.04769354686141014,0.044661618769168854,0.03863290324807167,0.0318542905151844,0.6345053,0.33831418,0.31472713,0.41463956,0.6360523104667664,0.5520539879798889,0.5258734822273254,0.4511652886867523,0.4800378680229187,0.6239298582077026
1721,/usr/local/data/zahrat/workshop/dent_output/chexpert-swap-normal/pleural_effusion/seed1721/lambda_t_star5/style.png,0.073152125,0.6654238,0.18427444,0.14878023,0.13882826268672943,0.12033338844776154,0.11257125437259674,0.10357818007469177,0.09555470198392868,0.08601775765419006,0.07871984,0.43740192,0.1625229,0.13308676,0.13774573802947998,0.11112894117832184,0.10017108917236328,0.09333396703004837,0.09208536893129349,0.0796561986207962
1577,/usr/local/data/zahrat/workshop/dent_output/chexpert-swap-normal/pleural_effusion/seed1577/lambda_t_star5/style.png,0.026141515,0.9901598,0.8652576,0.85552007,0.8010679483413696,0.5902433395385742,0.4680285155773163,0.06030023470520973,0.050866905599832535,0.03524469956755638,0.5641968,0.87103575,0.7871991,0.70117533,0.633154571056366,0.6290735006332397,0.5463237166404724,0.5827057957649231,0.5648391246795654,0.5690534710884094
2897,/usr/local/data/zahrat/workshop/dent_output/chexpert-swap-normal/pleural_effusion/seed2897/lambda_t_star5/style.png,0.16570634,0.6797015,0.4782311,0.3845697,0.32413390278816223,0.2780931890010834,0.2606908679008484,0.2248043566942215,0.20799364149570465,0.18425670266151428,0.20335932,0.51409256,0.6855461,0.7117646,0.6903132200241089,0.6834767460823059,0.5093939304351807,0.28298816084861755,0.25025877356529236,0.23936639726161957
2764,/usr/local/data/zahrat/workshop/dent_output/chexpert-swap-normal/pleural_effusion/seed2764/lambda_t_star5/style.png,0.36372113,0.96362776,0.96096,0.949186,0.9363272190093994,0.9012753963470459,0.8211396932601929,0.7037524580955505,0.558235764503479,0.46359148621559143,0.15628001,0.3214712,0.3193373,0.37391526,0.357096403837204,0.44142210483551025,0.38569408655166626,0.31968915462493896,0.24868819117546082,0.20266258716583252
2823,/usr/local/data/zahrat/workshop/dent_output/chexpert-swap-normal/pleural_effusion/seed2823/lambda_t_star5/style.png,0.0510766,0.48018196,0.32841206,0.10207188,0.07413464784622192,0.07456982135772705,0.06765063107013702,0.06416542828083038,0.05963794142007828,0.05578692629933357,0.92639554,0.9220886,0.93725514,0.9391596,0.9378839135169983,0.9289566874504089,0.9194115400314331,0.9196403622627258,0.9217430949211121,0.9267085790634155
3295,/usr/local/data/zahrat/workshop/dent_output/chexpert-swap-normal/pleural_effusion/seed3295/lambda_t_star5/style.png,0.08157089,0.9582879,0.8410662,0.8622704,0.7875538468360901,0.6602650284767151,0.414249986410141,0.2901547849178314,0.19951029121875763,0.13221043348312378,0.3564282,0.70229506,0.4155364,0.5096412,0.6500630378723145,0.7017320394515991,0.5071979761123657,0.36441856622695923,0.3340801000595093,0.3476884961128235
1944,/usr/local/data/zahrat/workshop/dent_output/chexpert-swap-normal/pleural_effusion/seed1944/lambda_t_star5/style.png,0.38295352,0.8569688,0.858527,0.8133621,0.7374786734580994,0.7485103011131287,0.6433944702148438,0.5636436343193054,0.4705315828323364,0.41819363832473755,0.028843712,0.038481664,0.05629329,0.050695177,0.03818177804350853,0.03382598236203194,0.03154462203383446,0.029139650985598564,0.030753493309020996,0.027988411486148834
1909,/usr/local/data/zahrat/workshop/dent_output/chexpert-swap-normal/pleural_effusion/seed1909/lambda_t_star5/style.png,0.07818764,0.34875238,0.35397026,0.25794473,0.2089802771806717,0.16650916635990143,0.13167431950569153,0.11157695204019547,0.09946664422750473,0.08947527408599854,0.027605705,0.04296073,0.030647267,0.03286544,0.0370541587471962,0.043952662497758865,0.04069511219859123,0.036753714084625244,0.035964999347925186,0.03031250089406967
2596,/usr/local/data/zahrat/workshop/dent_output/chexpert-swap-normal/pleural_effusion/seed2596/lambda_t_star5/style.png,0.26288575,0.98615056,0.9825654,0.9304749,0.8618450164794922,0.8456283807754517,0.7838351130485535,0.6404255628585815,0.4753399193286896,0.3605269193649292,0.28621504,0.22735654,0.27463737,0.54684895,0.7141692638397217,0.5849905610084534,0.5240023732185364,0.49809014797210693,0.4732705056667328,0.3465529978275299
2928,/usr/local/data/zahrat/workshop/dent_output/chexpert-swap-normal/pleural_effusion/seed2928/lambda_t_star5/style.png,0.27562663,0.93745816,0.88091546,0.8537045,0.6522244215011597,0.6036723256111145,0.552496075630188,0.47435104846954346,0.4646706283092499,0.37239325046539307,0.373093,0.43489644,0.6655482,0.7651396,0.7625411152839661,0.7524896860122681,0.726071298122406,0.6145238876342773,0.5246910452842712,0.4573105275630951
2266,/usr/local/data/zahrat/workshop/dent_output/chexpert-swap-normal/pleural_effusion/seed2266/lambda_t_star5/style.png,0.028022718,0.9272411,0.9093492,0.8719924,0.7201633453369141,0.39329612255096436,0.18282461166381836,0.15317866206169128,0.09699621796607971,0.05117623135447502,0.07026594,0.11883077,0.054624792,0.06270295,0.08277811110019684,0.08917216956615448,0.09217221289873123,0.08318480849266052,0.07830967754125595,0.07135430723428726
3281,/usr/local/data/zahrat/workshop/dent_output/chexpert-swap-normal/pleural_effusion/seed3281/lambda_t_star5/style.png,0.021387845,0.97530466,0.9708411,0.9659783,0.7422302961349487,0.2056576907634735,0.08275923877954483,0.04703204333782196,0.03377779200673103,0.024947600439190865,0.069522984,0.87787926,0.6611397,0.5878486,0.20599845051765442,0.09804501384496689,0.09274780750274658,0.07941274344921112,0.0830226019024849,0.08094611018896103
2230,/usr/local/data/zahrat/workshop/dent_output/chexpert-swap-normal/pleural_effusion/seed2230/lambda_t_star5/style.png,0.039713047,0.97775775,0.929858,0.4918954,0.2552686929702759,0.17476660013198853,0.13865002989768982,0.09498520195484161,0.07138032466173172,0.05099606141448021,0.7958941,0.86337173,0.8913131,0.7879156,0.7731558680534363,0.8133201003074646,0.8169185519218445,0.8262868523597717,0.8284547328948975,0.8111647963523865
2409,/usr/local/data/zahrat/workshop/dent_output/chexpert-swap-normal/pleural_effusion/seed2409/lambda_t_star5/style.png,0.16292067,0.9719567,0.9394743,0.86712295,0.7452452778816223,0.6334158778190613,0.5228312015533447,0.3763866424560547,0.3181178867816925,0.24912415444850922,0.4769822,0.29544535,0.4836911,0.6490576,0.6684974431991577,0.6466325521469116,0.6557655930519104,0.6221486330032349,0.5886969566345215,0.5068166851997375
2530,/usr/local/data/zahrat/workshop/dent_output/chexpert-swap-normal/pleural_effusion/seed2530/lambda_t_star5/style.png,0.07362389,0.97677916,0.9682096,0.79762083,0.7683609127998352,0.6148680448532104,0.5055142045021057,0.3993777632713318,0.2714868187904358,0.1458224356174469,0.8270914,0.9098667,0.8649188,0.8107554,0.8334861397743225,0.8665888905525208,0.8614270091056824,0.8777866959571838,0.8619719743728638,0.8500723838806152
1687,/usr/local/data/zahrat/workshop/dent_output/chexpert-swap-normal/pleural_effusion/seed1687/lambda_t_star5/style.png,0.041233297,0.89669627,0.42920208,0.19939515,0.1293763369321823,0.09535684436559677,0.07616037130355835,0.06526205688714981,0.053484827280044556,0.047552481293678284,0.77334255,0.94788885,0.9469531,0.9450756,0.9452702403068542,0.942223072052002,0.9476646184921265,0.9433784484863281,0.84666508436203,0.7847623229026794
1739,/usr/local/data/zahrat/workshop/dent_output/chexpert-swap-normal/pleural_effusion/seed1739/lambda_t_star5/style.png,0.046564415,0.9658784,0.9064547,0.64061606,0.3040795624256134,0.1780061423778534,0.11585655808448792,0.0904979556798935,0.07548165321350098,0.058051563799381256,0.10689659,0.33740994,0.102139294,0.27179122,0.4993542432785034,0.08964270353317261,0.08603682368993759,0.08469609916210175,0.09392926841974258,0.08304739743471146
2624,/usr/local/data/zahrat/workshop/dent_output/chexpert-swap-normal/pleural_effusion/seed2624/lambda_t_star5/style.png,0.28383985,0.93826824,0.84725213,0.76613414,0.7131681442260742,0.6369701027870178,0.5375803709030151,0.43669959902763367,0.362249493598938,0.33053353428840637,0.10191946,0.11758603,0.13340735,0.15241106,0.12620776891708374,0.09307688474655151,0.09362795948982239,0.10991828143596649,0.10773292928934097,0.10578132420778275
2248,/usr/local/data/zahrat/workshop/dent_output/chexpert-swap-normal/pleural_effusion/seed2248/lambda_t_star5/style.png,0.035635542,0.97461593,0.96999544,0.5789673,0.17592181265354156,0.11238601058721542,0.08283797651529312,0.06848999857902527,0.05896306410431862,0.04687953367829323,0.02354255,0.7812527,0.75854325,0.40144688,0.26900431513786316,0.24778108298778534,0.21488335728645325,0.03545567765831947,0.02910173498094082,0.02498052269220352
2619,/usr/local/data/zahrat/workshop/dent_output/chexpert-swap-normal/pleural_effusion/seed2619/lambda_t_star5/style.png,0.06972309,0.97842956,0.98466057,0.94007605,0.9246101379394531,0.8884513974189758,0.8677055835723877,0.5699207186698914,0.27446460723876953,0.1321578025817871,0.18487327,0.7219639,0.4198938,0.4774965,0.4084645211696625,0.5799456238746643,0.741645097732544,0.26366618275642395,0.22854562103748322,0.20688995718955994
2020,/usr/local/data/zahrat/workshop/dent_output/chexpert-swap-normal/pleural_effusion/seed2020/lambda_t_star5/style.png,0.072876506,0.9612376,0.892208,0.880557,0.7260589003562927,0.6945580840110779,0.5088914036750793,0.29421183466911316,0.17758218944072723,0.10579163581132889,0.21176398,0.1768654,0.16824134,0.49161917,0.5142033100128174,0.5099769234657288,0.5315706729888916,0.5060649514198303,0.3833414614200592,0.2816750109195709
1858,/usr/local/data/zahrat/workshop/dent_output/chexpert-swap-normal/pleural_effusion/seed1858/lambda_t_star5/style.png,0.030692661,0.8614226,0.53731817,0.8951047,0.6003882884979248,0.17740823328495026,0.12169169634580612,0.0798279196023941,0.056251317262649536,0.04005671665072441,0.09302914,0.10409193,0.13833497,0.13404757,0.15189766883850098,0.18771858513355255,0.13201938569545746,0.12496170401573181,0.11372604966163635,0.09163723140954971
2606,/usr/local/data/zahrat/workshop/dent_output/chexpert-swap-normal/pleural_effusion/seed2606/lambda_t_star5/style.png,0.17551662,0.27679366,0.2047447,0.19204603,0.1865929365158081,0.18627436459064484,0.1882847100496292,0.1880180537700653,0.1766773760318756,0.17657260596752167,0.022986861,0.016005008,0.020687828,0.021631261,0.024755926802754402,0.027041148394346237,0.025716807693243027,0.0253243837505579,0.0250620786100626,0.024038637056946754
2884,/usr/local/data/zahrat/workshop/dent_output/chexpert-swap-normal/pleural_effusion/seed2884/lambda_t_star5/style.png,0.049008477,0.93944144,0.91767514,0.5685758,0.2818252742290497,0.12229622155427933,0.08855564892292023,0.07640291750431061,0.06436602771282196,0.05473612621426582,0.95314246,0.90361446,0.9152882,0.9292563,0.9372920393943787,0.9504496455192566,0.9582725763320923,0.9521194100379944,0.9573338031768799,0.9514777064323425
2074,/usr/local/data/zahrat/workshop/dent_output/chexpert-swap-normal/pleural_effusion/seed2074/lambda_t_star5/style.png,0.044422045,0.9630872,0.9400479,0.90695244,0.8959552645683289,0.7816425561904907,0.659084677696228,0.5822478532791138,0.3615664541721344,0.07568854093551636,0.085329555,0.81258035,0.3447047,0.1492685,0.17755749821662903,0.16004498302936554,0.1455710530281067,0.13391231000423431,0.13408803939819336,0.1054842472076416
2152,/usr/local/data/zahrat/workshop/dent_output/chexpert-swap-normal/pleural_effusion/seed2152/lambda_t_star5/style.png,0.036158543,0.5779622,0.06582008,0.060863722,0.05970421060919762,0.058514874428510666,0.052521709352731705,0.051543451845645905,0.0459204763174057,0.041149746626615524,0.2328767,0.9452315,0.87088,0.49592108,0.25832754373550415,0.297555536031723,0.3145541846752167,0.2900071144104004,0.2487361878156662,0.2387770116329193
2197,/usr/local/data/zahrat/workshop/dent_output/chexpert-swap-normal/pleural_effusion/seed2197/lambda_t_star5/style.png,0.107055865,0.9640445,0.89611226,0.6656633,0.7039065957069397,0.6920551657676697,0.5916139483451843,0.48999908566474915,0.31568068265914917,0.18356411159038544,0.038152974,0.41769728,0.19173796,0.07368379,0.03952578082680702,0.049428779631853104,0.0471033900976181,0.049337245523929596,0.04029669240117073,0.03938023000955582
2483,/usr/local/data/zahrat/workshop/dent_output/chexpert-swap-normal/pleural_effusion/seed2483/lambda_t_star5/style.png,0.07732449,0.95639247,0.9323173,0.88994515,0.7269843220710754,0.6411770582199097,0.588087260723114,0.33833545446395874,0.17901334166526794,0.10269790142774582,0.09465637,0.35373458,0.8284901,0.80820066,0.7416367530822754,0.7867001891136169,0.7296309471130371,0.3788570165634155,0.17172296345233917,0.14293700456619263
3044,/usr/local/data/zahrat/workshop/dent_output/chexpert-swap-normal/pleural_effusion/seed3044/lambda_t_star5/style.png,0.016911488,0.93406534,0.69487727,0.37869412,0.23940378427505493,0.08689846098423004,0.04653046280145645,0.03478187322616577,0.02800963632762432,0.02163931168615818,0.036121342,0.06370633,0.4261378,0.45456895,0.4590444564819336,0.3647068738937378,0.08311358094215393,0.05425743758678436,0.04493919387459755,0.03975723311305046
1953,/usr/local/data/zahrat/workshop/dent_output/chexpert-swap-normal/pleural_effusion/seed1953/lambda_t_star5/style.png,0.56822723,0.8680012,0.8011311,0.7746246,0.7712608575820923,0.7666722536087036,0.7478246688842773,0.7083863019943237,0.6663605570793152,0.6041866540908813,0.058176808,0.3338132,0.12277398,0.15367587,0.09193146228790283,0.08419738709926605,0.08053817600011826,0.06894329190254211,0.062211066484451294,0.05883226916193962
2573,/usr/local/data/zahrat/workshop/dent_output/chexpert-swap-normal/pleural_effusion/seed2573/lambda_t_star5/style.png,0.06278959,0.88609123,0.7109479,0.5874746,0.48114028573036194,0.3070042133331299,0.21303990483283997,0.14393505454063416,0.10592358559370041,0.07717284560203552,0.05557939,0.49562946,0.1652815,0.16914621,0.10259457677602768,0.08052527159452438,0.08472086489200592,0.07685811072587967,0.06539611518383026,0.05565176159143448
2146,/usr/local/data/zahrat/workshop/dent_output/chexpert-swap-normal/pleural_effusion/seed2146/lambda_t_star5/style.png,0.12974745,0.9661411,0.928737,0.6090739,0.5766910314559937,0.6735183000564575,0.6269261837005615,0.38961106538772583,0.24472691118717194,0.17993871867656708,0.03886665,0.8104489,0.789313,0.73488873,0.7221551537513733,0.6553837656974792,0.12182379513978958,0.05045650899410248,0.0448610819876194,0.04299192875623703
2962,/usr/local/data/zahrat/workshop/dent_output/chexpert-swap-normal/pleural_effusion/seed2962/lambda_t_star5/style.png,0.03677618,0.97804385,0.8938432,0.68862563,0.3174079358577728,0.22966988384723663,0.11986353248357773,0.07471422851085663,0.05585972219705582,0.04612909257411957,0.76244336,0.72409797,0.7621867,0.7663566,0.7420198917388916,0.7425745725631714,0.7317413687705994,0.7436052560806274,0.7480193972587585,0.7498067617416382
2313,/usr/local/data/zahrat/workshop/dent_output/chexpert-swap-normal/pleural_effusion/seed2313/lambda_t_star5/style.png,0.039796565,0.64441717,0.32923108,0.23538959,0.15884649753570557,0.11914978176355362,0.09459519386291504,0.06732001155614853,0.05323810502886772,0.04294288158416748,0.024255048,0.7604131,0.6259711,0.6209266,0.5723833441734314,0.27028506994247437,0.08023165166378021,0.03116421215236187,0.02469027042388916,0.025247763842344284
1925,/usr/local/data/zahrat/workshop/dent_output/chexpert-swap-normal/pleural_effusion/seed1925/lambda_t_star5/style.png,0.021608492,0.4373522,0.18794765,0.16029415,0.15200179815292358,0.17398327589035034,0.1472727358341217,0.07013893872499466,0.031873781234025955,0.02672848477959633,0.07101442,0.14201434,0.09226369,0.088352405,0.09852109849452972,0.10763565450906754,0.0974120944738388,0.11060211807489395,0.09935571998357773,0.08278211951255798
2561,/usr/local/data/zahrat/workshop/dent_output/chexpert-swap-normal/pleural_effusion/seed2561/lambda_t_star5/style.png,0.040046103,0.8826999,0.757136,0.6201059,0.5322182774543762,0.29534173011779785,0.1397891491651535,0.09655635803937912,0.07306217402219772,0.05058654770255089,0.045523137,0.08674942,0.04397946,0.05079247,0.04760012775659561,0.05027429386973381,0.05532536655664444,0.05649961531162262,0.04946102574467659,0.04920825734734535
1975,/usr/local/data/zahrat/workshop/dent_output/chexpert-swap-normal/pleural_effusion/seed1975/lambda_t_star5/style.png,0.15549365,0.4027391,0.3548764,0.2900292,0.3672143220901489,0.3152708411216736,0.23406946659088135,0.20986971259117126,0.19443351030349731,0.18379877507686615,0.41963118,0.76909536,0.7600128,0.6669374,0.9159258604049683,0.9122406244277954,0.9063208103179932,0.7892223596572876,0.6816884875297546,0.44846299290657043
1532,/usr/local/data/zahrat/workshop/dent_output/chexpert-swap-normal/pleural_effusion/seed1532/lambda_t_star5/style.png,0.07416727,0.9092425,0.13887665,0.095829844,0.0925937220454216,0.0941879078745842,0.09588952362537384,0.09013193100690842,0.08702343702316284,0.08196195214986801,0.017750984,0.024644634,0.02474398,0.026950829,0.01821226440370083,0.019022809341549873,0.020518193021416664,0.020414607599377632,0.020521916449069977,0.017617398872971535
1556,/usr/local/data/zahrat/workshop/dent_output/chexpert-swap-normal/pleural_effusion/seed1556/lambda_t_star5/style.png,0.07236324,0.75317526,0.81396043,0.4797896,0.2899077236652374,0.25457432866096497,0.18520992994308472,0.14384359121322632,0.107693150639534,0.08465656638145447,0.6278416,0.93630755,0.5758175,0.4406616,0.47252872586250305,0.38453909754753113,0.48040086030960083,0.7429574131965637,0.6886714696884155,0.6348532438278198
2829,/usr/local/data/zahrat/workshop/dent_output/chexpert-swap-normal/pleural_effusion/seed2829/lambda_t_star5/style.png,0.11631232,0.9070889,0.89342904,0.76362497,0.5810825824737549,0.2568594813346863,0.1816052794456482,0.15956667065620422,0.14544087648391724,0.1271994560956955,0.021675164,0.07763418,0.06259393,0.047235444,0.04022296518087387,0.0372583232820034,0.030534906312823296,0.027205634862184525,0.025634048506617546,0.02408647909760475
1594,/usr/local/data/zahrat/workshop/dent_output/chexpert-swap-normal/pleural_effusion/seed1594/lambda_t_star5/style.png,0.07656115,0.96228725,0.8960437,0.7324329,0.7068472504615784,0.5497651696205139,0.3435809910297394,0.1999567747116089,0.13962355256080627,0.1030690148472786,0.84030014,0.87725997,0.82108426,0.87220395,0.8733554482460022,0.8706731200218201,0.875066339969635,0.8701090216636658,0.8712608814239502,0.8553447723388672
2292,/usr/local/data/zahrat/workshop/dent_output/chexpert-swap-normal/pleural_effusion/seed2292/lambda_t_star5/style.png,0.13978149,0.8343811,0.4808087,0.40801567,0.3066222369670868,0.2513715624809265,0.21090850234031677,0.19726720452308655,0.17728348076343536,0.1520882397890091,0.06775193,0.11624814,0.07796018,0.1033068,0.11068999767303467,0.12257090955972672,0.11170034110546112,0.118781179189682,0.09856703877449036,0.08585771918296814
2450,/usr/local/data/zahrat/workshop/dent_output/chexpert-swap-normal/pleural_effusion/seed2450/lambda_t_star5/style.png,0.07222538,0.98788536,0.9838172,0.9612182,0.9266040921211243,0.8694810271263123,0.7507451176643372,0.4763866066932678,0.26089242100715637,0.12008706480264664,0.83052915,0.94519067,0.9536355,0.94686973,0.9527777433395386,0.9354721307754517,0.8999618887901306,0.8879645466804504,0.844833493232727,0.8377838134765625
2133,/usr/local/data/zahrat/workshop/dent_output/chexpert-swap-normal/pleural_effusion/seed2133/lambda_t_star5/style.png,0.034935296,0.32551834,0.23841842,0.10542037,0.07912577688694,0.06861645728349686,0.05460642650723457,0.04875069484114647,0.04445385932922363,0.04005870223045349,0.055059794,0.33211187,0.10879728,0.19459897,0.11293654143810272,0.12054748088121414,0.07824033498764038,0.07047486305236816,0.06509031355381012,0.06038128212094307
2472,/usr/local/data/zahrat/workshop/dent_output/chexpert-swap-normal/pleural_effusion/seed2472/lambda_t_star5/style.png,0.12648039,0.9784505,0.8727691,0.86559504,0.8423627614974976,0.8062499165534973,0.7462357878684998,0.6802446842193604,0.5216480493545532,0.287394255399704,0.36709812,0.5950866,0.59054726,0.6421792,0.6556175947189331,0.6702529191970825,0.6845551133155823,0.7063687443733215,0.6732428073883057,0.4956219792366028
3215,/usr/local/data/zahrat/workshop/dent_output/chexpert-swap-normal/pleural_effusion/seed3215/lambda_t_star5/style.png,0.45757365,0.9775069,0.97466135,0.9546917,0.9504234194755554,0.9415050745010376,0.9418427348136902,0.9366714954376221,0.9144077897071838,0.662312388420105,0.20026118,0.11081236,0.91314656,0.86446923,0.8113995790481567,0.8127855062484741,0.43750038743019104,0.382495641708374,0.33019858598709106,0.2652090787887573
2271,/usr/local/data/zahrat/workshop/dent_output/chexpert-swap-normal/pleural_effusion/seed2271/lambda_t_star5/style.png,0.026367476,0.8704964,0.79200935,0.34458938,0.07600800693035126,0.05037998780608177,0.04437151551246643,0.033913034945726395,0.03216195106506348,0.03085508570075035,0.5718342,0.49005273,0.37823474,0.35692474,0.35517802834510803,0.4188041090965271,0.4224436581134796,0.46176043152809143,0.5177750587463379,0.5429320335388184
2212,/usr/local/data/zahrat/workshop/dent_output/chexpert-swap-normal/pleural_effusion/seed2212/lambda_t_star5/style.png,0.16161971,0.96181965,0.7504192,0.5180716,0.37748488783836365,0.34146764874458313,0.2919222414493561,0.271072655916214,0.2107023447751999,0.17881444096565247,0.025282424,0.5159358,0.039250836,0.033169724,0.041173383593559265,0.04215655475854874,0.0373641699552536,0.035679806023836136,0.03516808897256851,0.026937277987599373
3365,/usr/local/data/zahrat/workshop/dent_output/chexpert-swap-normal/pleural_effusion/seed3365/lambda_t_star5/style.png,0.07891618,0.9882222,0.9745669,0.95181215,0.7932600975036621,0.6771371364593506,0.5963415503501892,0.47267165780067444,0.2849136292934418,0.14907263219356537,0.20741436,0.8444575,0.6681847,0.76057357,0.2659997045993805,0.20786042511463165,0.26428940892219543,0.26343294978141785,0.243012472987175,0.21361255645751953
1638,/usr/local/data/zahrat/workshop/dent_output/chexpert-swap-normal/pleural_effusion/seed1638/lambda_t_star5/style.png,0.016592968,0.5859956,0.48890406,0.26872122,0.04913443326950073,0.03452329337596893,0.02724800631403923,0.027267932891845703,0.023366548120975494,0.019977733492851257,0.06235272,0.06263588,0.097417556,0.07026668,0.9028950929641724,0.273167222738266,0.17332860827445984,0.11195003986358643,0.08602658659219742,0.07485266774892807
3338,/usr/local/data/zahrat/workshop/dent_output/chexpert-swap-normal/pleural_effusion/seed3338/lambda_t_star5/style.png,0.15861103,0.9815305,0.9771672,0.9562242,0.9579699039459229,0.953301191329956,0.9547595381736755,0.5135008692741394,0.3899903893470764,0.2682880759239197,0.11353296,0.7800889,0.5304395,0.51320803,0.28045424818992615,0.1847638338804245,0.17194339632987976,0.17364482581615448,0.14671450853347778,0.13517247140407562
2896,/usr/local/data/zahrat/workshop/dent_output/chexpert-swap-normal/pleural_effusion/seed2896/lambda_t_star5/style.png,0.7035113,0.9719925,0.96222466,0.9567239,0.9569941759109497,0.9593954086303711,0.9542289972305298,0.8878087997436523,0.841166079044342,0.7930466532707214,0.15391366,0.18640022,0.25364786,0.19297555,0.21379609405994415,0.1919155716896057,0.19119496643543243,0.2797588109970093,0.20784294605255127,0.192576602101326
2386,/usr/local/data/zahrat/workshop/dent_output/chexpert-swap-normal/pleural_effusion/seed2386/lambda_t_star5/style.png,0.9358533,0.9739474,0.97008675,0.9584738,0.9464596509933472,0.9472110271453857,0.9450964331626892,0.9443448781967163,0.9450342655181885,0.9417770504951477,0.8141241,0.9159656,0.76973814,0.8417724,0.8581170439720154,0.8440318703651428,0.8237792253494263,0.8211795091629028,0.8122686147689819,0.8187650442123413
1913,/usr/local/data/zahrat/workshop/dent_output/chexpert-swap-normal/pleural_effusion/seed1913/lambda_t_star5/style.png,0.06731442,0.5923098,0.52867985,0.3842474,0.2865711748600006,0.24145345389842987,0.11986789107322693,0.09876307845115662,0.0906042531132698,0.08494067192077637,0.81882274,0.8098066,0.70673835,0.8155304,0.8089683055877686,0.7815853357315063,0.811318039894104,0.8103445172309875,0.8022090792655945,0.7999798655509949
2506,/usr/local/data/zahrat/workshop/dent_output/chexpert-swap-normal/pleural_effusion/seed2506/lambda_t_star5/style.png,0.09929794,0.38800094,0.33496636,0.2608471,0.2448015809059143,0.20852668583393097,0.18891297280788422,0.16537152230739594,0.1396692842245102,0.12235548347234726,0.025499126,0.058024567,0.05456884,0.04320143,0.03270675987005234,0.030626660212874413,0.03535248711705208,0.03296912834048271,0.03151826560497284,0.02809145487844944
1694,/usr/local/data/zahrat/workshop/dent_output/chexpert-swap-normal/pleural_effusion/seed1694/lambda_t_star5/style.png,0.042259842,0.9675721,0.8566376,0.6294131,0.5673516988754272,0.5286921858787537,0.517682671546936,0.41809800267219543,0.14201104640960693,0.0651770830154419,0.039151844,0.03849726,0.061693076,0.085149884,0.11419296264648438,0.12002849578857422,0.06511970609426498,0.05845959112048149,0.05258062481880188,0.04626508802175522
1601,/usr/local/data/zahrat/workshop/dent_output/chexpert-swap-normal/pleural_effusion/seed1601/lambda_t_star5/style.png,0.4128376,0.9032765,0.9246856,0.9505385,0.8778293132781982,0.8623621463775635,0.8274770975112915,0.7642055153846741,0.6801208853721619,0.5756732225418091,0.7790644,0.8413594,0.7694619,0.76767886,0.7647101283073425,0.774968683719635,0.7756008505821228,0.772161602973938,0.7759507298469543,0.7796486616134644
3351,/usr/local/data/zahrat/workshop/dent_output/chexpert-swap-normal/pleural_effusion/seed3351/lambda_t_star5/style.png,0.08169854,0.97493136,0.9293071,0.86696243,0.8361397385597229,0.6623767614364624,0.4136287569999695,0.2137332558631897,0.1431731879711151,0.10245630890130997,0.13461895,0.118626535,0.26312703,0.21235666,0.17302902042865753,0.18690089881420135,0.22602280974388123,0.23170220851898193,0.19280068576335907,0.1681138277053833
1811,/usr/local/data/zahrat/workshop/dent_output/chexpert-swap-normal/pleural_effusion/seed1811/lambda_t_star5/style.png,0.20357329,0.981107,0.9841511,0.9821348,0.9611355066299438,0.8464139699935913,0.6287364363670349,0.43050438165664673,0.32419154047966003,0.24903708696365356,0.08837446,0.16934688,0.16196094,0.21266982,0.17701426148414612,0.15241830050945282,0.13523367047309875,0.11512923240661621,0.09626046568155289,0.09536311775445938
3271,/usr/local/data/zahrat/workshop/dent_output/chexpert-swap-normal/pleural_effusion/seed3271/lambda_t_star5/style.png,0.23566975,0.9257344,0.89673424,0.86778474,0.8857749104499817,0.8115484714508057,0.7539915442466736,0.560045599937439,0.42007017135620117,0.3178345561027527,0.38310233,0.3860059,0.5466273,0.56335855,0.6011297106742859,0.5961660742759705,0.5826612710952759,0.5137274265289307,0.4752739369869232,0.42941129207611084
1818,/usr/local/data/zahrat/workshop/dent_output/chexpert-swap-normal/pleural_effusion/seed1818/lambda_t_star5/style.png,0.23525672,0.95110554,0.86814255,0.89909756,0.648787796497345,0.5767922401428223,0.5176682472229004,0.4547952711582184,0.39749330282211304,0.3161967396736145,0.83258975,0.6870896,0.73991793,0.8486711,0.8502655625343323,0.8348392844200134,0.8284048438072205,0.834177553653717,0.8329705595970154,0.8287164568901062
2947,/usr/local/data/zahrat/workshop/dent_output/chexpert-swap-normal/pleural_effusion/seed2947/lambda_t_star5/style.png,0.09642977,0.8312471,0.8048567,0.71331275,0.6762487888336182,0.6089873909950256,0.4795723259449005,0.17838947474956512,0.11293210089206696,0.10490775853395462,0.035604183,0.075106084,0.3016097,0.06339386,0.04432885721325874,0.04445510730147362,0.04628729820251465,0.042546629905700684,0.038123682141304016,0.03598751500248909
2171,/usr/local/data/zahrat/workshop/dent_output/chexpert-swap-normal/pleural_effusion/seed2171/lambda_t_star5/style.png,0.079587884,0.9747161,0.9735257,0.97018516,0.9719936847686768,0.9667442440986633,0.9387856125831604,0.8300506472587585,0.4908038377761841,0.20015813410282135,0.8539078,0.8887285,0.89415985,0.86111933,0.8734952211380005,0.8660963177680969,0.8766323328018188,0.8623826503753662,0.8502063751220703,0.8472224473953247
3083,/usr/local/data/zahrat/workshop/dent_output/chexpert-swap-normal/pleural_effusion/seed3083/lambda_t_star5/style.png,0.064234585,0.9699845,0.95437837,0.9092529,0.8495393991470337,0.7739003896713257,0.7062487602233887,0.522507905960083,0.33853062987327576,0.11943087726831436,0.91069764,0.8901566,0.89466405,0.8925378,0.829921543598175,0.8470935225486755,0.883653461933136,0.8826223611831665,0.9095429182052612,0.9087167382240295
2935,/usr/local/data/zahrat/workshop/dent_output/chexpert-swap-normal/pleural_effusion/seed2935/lambda_t_star5/style.png,0.011723157,0.071261294,0.05859179,0.03294453,0.022787632420659065,0.020259110257029533,0.019250020384788513,0.018159499391913414,0.01551881618797779,0.014426365494728088,0.45906958,0.53193957,0.773037,0.60181195,0.4563978910446167,0.29491326212882996,0.34048473834991455,0.39524465799331665,0.4183956980705261,0.4164002537727356
1507,/usr/local/data/zahrat/workshop/dent_output/chexpert-swap-normal/pleural_effusion/seed1507/lambda_t_star5/style.png,0.34650952,0.99624485,0.99641573,0.99417627,0.9914149641990662,0.9696974158287048,0.9182993173599243,0.8746100664138794,0.7257766723632812,0.5458813309669495,0.9640702,0.92788404,0.94568586,0.94329095,0.9514734745025635,0.9559865593910217,0.9515817761421204,0.9603750109672546,0.9590754508972168,0.9625091552734375
2116,/usr/local/data/zahrat/workshop/dent_output/chexpert-swap-normal/pleural_effusion/seed2116/lambda_t_star5/style.png,0.14309347,0.7566742,0.6148076,0.48641518,0.30785441398620605,0.24086999893188477,0.21527013182640076,0.20242826640605927,0.19735519587993622,0.1688999980688095,0.048209008,0.06428023,0.036274042,0.04894161,0.04688381776213646,0.06290702521800995,0.06207052618265152,0.06117226183414459,0.05772065371274948,0.0547446645796299
3106,/usr/local/data/zahrat/workshop/dent_output/chexpert-swap-normal/pleural_effusion/seed3106/lambda_t_star5/style.png,0.1069506,0.95388263,0.93853146,0.86630625,0.7961252927780151,0.6686283349990845,0.48107340931892395,0.43243634700775146,0.3949648141860962,0.20070825517177582,0.65625966,0.8886328,0.85608757,0.8405742,0.8143362402915955,0.8125392198562622,0.7360005974769592,0.6011037230491638,0.6479066610336304,0.6710161566734314
2017,/usr/local/data/zahrat/workshop/dent_output/chexpert-swap-normal/pleural_effusion/seed2017/lambda_t_star5/style.png,0.024769735,0.97112805,0.942376,0.7907535,0.23521806299686432,0.08091509342193604,0.05162030830979347,0.04121801257133484,0.0331103540956974,0.02890525385737419,0.099162824,0.35472298,0.47550467,0.39698517,0.3083166480064392,0.2638300657272339,0.14128801226615906,0.12356667220592499,0.147690087556839,0.10264746844768524
2967,/usr/local/data/zahrat/workshop/dent_output/chexpert-swap-normal/pleural_effusion/seed2967/lambda_t_star5/style.png,0.10539205,0.652623,0.35566595,0.23948433,0.19222603738307953,0.1707974225282669,0.15535788238048553,0.1329805552959442,0.12703968584537506,0.11640315502882004,0.029472126,0.06872697,0.09400724,0.051328495,0.037225719541311264,0.04831553250551224,0.03770708292722702,0.03480478376150131,0.03214487060904503,0.032723989337682724
1551,/usr/local/data/zahrat/workshop/dent_output/chexpert-swap-normal/pleural_effusion/seed1551/lambda_t_star5/style.png,0.07553786,0.97727126,0.9568679,0.926691,0.7655669450759888,0.5820096135139465,0.2866149842739105,0.20582440495491028,0.14626628160476685,0.1031680554151535,0.16074082,0.5880331,0.6385651,0.37575826,0.259504109621048,0.26061177253723145,0.23347803950309753,0.19769756495952606,0.228422150015831,0.19591370224952698
2936,/usr/local/data/zahrat/workshop/dent_output/chexpert-swap-normal/pleural_effusion/seed2936/lambda_t_star5/style.png,0.15247542,0.7356342,0.6751791,0.5690136,0.5037893652915955,0.431801438331604,0.3593083322048187,0.28482723236083984,0.24523168802261353,0.1957244873046875,0.0362433,0.09883589,0.05546281,0.046767496,0.04044169932603836,0.040426526218652725,0.04398737847805023,0.04507894441485405,0.04376266151666641,0.03939497098326683
1884,/usr/local/data/zahrat/workshop/dent_output/chexpert-swap-normal/pleural_effusion/seed1884/lambda_t_star5/style.png,0.100098506,0.9112384,0.35488135,0.26657966,0.17292529344558716,0.12550760805606842,0.12097914516925812,0.1173158660531044,0.11066950857639313,0.10622446238994598,0.018890377,0.036869116,0.020868592,0.021347998,0.01789095066487789,0.018744461238384247,0.01950186677277088,0.019931843504309654,0.01965172216296196,0.019812727347016335
3311,/usr/local/data/zahrat/workshop/dent_output/chexpert-swap-normal/pleural_effusion/seed3311/lambda_t_star5/style.png,0.26110226,0.3724346,0.35041806,0.4086224,0.340014785528183,0.2960912585258484,0.2909701466560364,0.27768200635910034,0.2710358798503876,0.2613550126552582,0.027135832,0.017496511,0.021727622,0.020406839,0.0214302409440279,0.023747988045215607,0.025343623012304306,0.028013505041599274,0.02737629972398281,0.028643272817134857
1851,/usr/local/data/zahrat/workshop/dent_output/chexpert-swap-normal/pleural_effusion/seed1851/lambda_t_star5/style.png,0.08052973,0.9230672,0.9144693,0.87260205,0.8260751962661743,0.5419869422912598,0.37959057092666626,0.2778945565223694,0.19096074998378754,0.11848233640193939,0.83531404,0.7921347,0.87287235,0.8937483,0.8517061471939087,0.8764322400093079,0.8873420357704163,0.8537444472312927,0.850662350654602,0.838841438293457
3159,/usr/local/data/zahrat/workshop/dent_output/chexpert-swap-normal/pleural_effusion/seed3159/lambda_t_star5/style.png,0.05169029,0.9328919,0.9074691,0.80495936,0.7638362050056458,0.7263769507408142,0.6567301154136658,0.5016815662384033,0.32317373156547546,0.14641982316970825,0.07478155,0.4238707,0.32126486,0.246315,0.24464508891105652,0.19847874343395233,0.12220205366611481,0.12131137400865555,0.11304344981908798,0.08926093578338623
1610,/usr/local/data/zahrat/workshop/dent_output/chexpert-swap-normal/pleural_effusion/seed1610/lambda_t_star5/style.png,0.021612743,0.77619886,0.76029724,0.59369475,0.42518511414527893,0.10318548232316971,0.04658191651105881,0.034543219953775406,0.028482742607593536,0.024548428133130074,0.83887255,0.9057733,0.8813197,0.835338,0.8392801284790039,0.838764488697052,0.8282378911972046,0.8458185195922852,0.8470497131347656,0.8443606495857239
1703,/usr/local/data/zahrat/workshop/dent_output/chexpert-swap-normal/pleural_effusion/seed1703/lambda_t_star5/style.png,0.36449212,0.9289319,0.9392803,0.94220567,0.941597580909729,0.9258253574371338,0.919239342212677,0.9083249568939209,0.822040855884552,0.5693190693855286,0.13534072,0.81087977,0.7163328,0.5412402,0.39201095700263977,0.1814431995153427,0.18487490713596344,0.16739901900291443,0.15103358030319214,0.15443554520606995
1704,/usr/local/data/zahrat/workshop/dent_output/chexpert-swap-normal/pleural_effusion/seed1704/lambda_t_star5/style.png,0.20808606,0.77151173,0.5976668,0.41258308,0.3530934751033783,0.35981589555740356,0.3375542163848877,0.2939275801181793,0.25330302119255066,0.2388712763786316,0.74445206,0.15076199,0.23773547,0.47712222,0.7224892973899841,0.8352017998695374,0.7677851319313049,0.7014238834381104,0.6876675486564636,0.7033102512359619
3238,/usr/local/data/zahrat/workshop/dent_output/chexpert-swap-normal/pleural_effusion/seed3238/lambda_t_star5/style.png,0.085712716,0.95853055,0.89963037,0.8172045,0.7433346509933472,0.5817704200744629,0.383503794670105,0.24764372408390045,0.17705602943897247,0.12342803925275803,0.09868739,0.25924274,0.18564823,0.17106842,0.14373670518398285,0.12075991928577423,0.10847743600606918,0.11499619483947754,0.10751436650753021,0.106801338493824
2328,/usr/local/data/zahrat/workshop/dent_output/chexpert-swap-normal/pleural_effusion/seed2328/lambda_t_star5/style.png,0.07084256,0.20295227,0.16995966,0.19950488,0.1261749118566513,0.10095669329166412,0.09464681148529053,0.08848235011100769,0.08302062749862671,0.07708848267793655,0.047023658,0.050729193,0.028191812,0.03191211,0.04013407230377197,0.04579591006040573,0.047392651438713074,0.048888999968767166,0.04765805974602699,0.048206038773059845
2376,/usr/local/data/zahrat/workshop/dent_output/chexpert-swap-normal/pleural_effusion/seed2376/lambda_t_star5/style.png,0.06800626,0.94870186,0.9157322,0.936547,0.8740273118019104,0.7153401970863342,0.667954683303833,0.48500946164131165,0.2830089330673218,0.14571191370487213,0.1996025,0.79514784,0.8092345,0.8152387,0.8574085235595703,0.8289084434509277,0.8132213950157166,0.6851574778556824,0.43739527463912964,0.26822471618652344
2195,/usr/local/data/zahrat/workshop/dent_output/chexpert-swap-normal/pleural_effusion/seed2195/lambda_t_star5/style.png,0.03068208,0.93631184,0.32733035,0.16362543,0.10305467993021011,0.08721872419118881,0.06586655229330063,0.056396618485450745,0.04468848183751106,0.03621896728873253,0.13434324,0.93619734,0.95227957,0.76198107,0.29717394709587097,0.24445243179798126,0.21823100745677948,0.18731315433979034,0.16135220229625702,0.1635163575410843
3027,/usr/local/data/zahrat/workshop/dent_output/chexpert-swap-normal/pleural_effusion/seed3027/lambda_t_star5/style.png,0.04748082,0.94969314,0.9626186,0.9680595,0.8740301728248596,0.3401150405406952,0.15967024862766266,0.0904710590839386,0.0696839764714241,0.05607801675796509,0.07807685,0.8284193,0.7916749,0.6703715,0.6647491455078125,0.6046608090400696,0.5315350294113159,0.3679673671722412,0.19409149885177612,0.14778044819831848
2098,/usr/local/data/zahrat/workshop/dent_output/chexpert-swap-normal/pleural_effusion/seed2098/lambda_t_star5/style.png,0.10443338,0.40895486,0.27618772,0.19748685,0.17009276151657104,0.1548079252243042,0.13919124007225037,0.12295661866664886,0.1169949322938919,0.10850328952074051,0.060678355,0.043182544,0.030539865,0.0312998,0.03687526658177376,0.06250156462192535,0.09122945368289948,0.08296623080968857,0.07340224087238312,0.0660492479801178
2581,/usr/local/data/zahrat/workshop/dent_output/chexpert-swap-normal/pleural_effusion/seed2581/lambda_t_star5/style.png,0.028584898,0.959065,0.6706115,0.6312217,0.5863296389579773,0.44222307205200195,0.24829532206058502,0.15056872367858887,0.08987706154584885,0.04561292752623558,0.039533038,0.85279775,0.6792142,0.59569997,0.43031543493270874,0.04468768462538719,0.04361164569854736,0.044837333261966705,0.04642519727349281,0.040692057460546494
1661,/usr/local/data/zahrat/workshop/dent_output/chexpert-swap-normal/pleural_effusion/seed1661/lambda_t_star5/style.png,0.02146742,0.8593879,0.6409666,0.123387285,0.0747484490275383,0.057772599160671234,0.044971633702516556,0.03396868705749512,0.028931744396686554,0.02497667260468006,0.06521989,0.85899705,0.9093191,0.6643039,0.23029130697250366,0.22672139108181,0.12192273139953613,0.08188891410827637,0.07691322267055511,0.070488341152668
1918,/usr/local/data/zahrat/workshop/dent_output/chexpert-swap-normal/pleural_effusion/seed1918/lambda_t_star5/style.png,0.20493196,0.97429436,0.79587996,0.67913294,0.6050827503204346,0.5410711169242859,0.44762787222862244,0.3590931296348572,0.3017149567604065,0.2358253002166748,0.03859647,0.07594146,0.05752159,0.04583509,0.039316557347774506,0.04098479822278023,0.04466278851032257,0.044741686433553696,0.04264570027589798,0.04419296607375145
2408,/usr/local/data/zahrat/workshop/dent_output/chexpert-swap-normal/pleural_effusion/seed2408/lambda_t_star5/style.png,0.49943227,0.92857486,0.9430201,0.9318298,0.8898715376853943,0.7917034029960632,0.7078274488449097,0.6266430020332336,0.6282146573066711,0.5916340947151184,0.84391236,0.87192523,0.88599485,0.9073682,0.8780829310417175,0.8161869049072266,0.8357113599777222,0.8530699014663696,0.8589159846305847,0.8515904545783997
2768,/usr/local/data/zahrat/workshop/dent_output/chexpert-swap-normal/pleural_effusion/seed2768/lambda_t_star5/style.png,0.02173083,0.95251054,0.9143642,0.88228196,0.7632922530174255,0.2037758082151413,0.07717584818601608,0.049511682242155075,0.036077599972486496,0.027298104017972946,0.07202343,0.06019366,0.08969998,0.09415421,0.12116923183202744,0.13642017543315887,0.1091238483786583,0.11277931928634644,0.09506398439407349,0.08157379180192947
1754,/usr/local/data/zahrat/workshop/dent_output/chexpert-swap-normal/pleural_effusion/seed1754/lambda_t_star5/style.png,0.064010225,0.31599528,0.14089885,0.10824065,0.10209771245718002,0.10461197793483734,0.1002994105219841,0.08669624477624893,0.07639339566230774,0.07591531425714493,0.043048486,0.036946494,0.09323639,0.0714759,0.06633763760328293,0.06659397482872009,0.0681833028793335,0.0650462731719017,0.06452891230583191,0.057999033480882645
1530,/usr/local/data/zahrat/workshop/dent_output/chexpert-swap-normal/pleural_effusion/seed1530/lambda_t_star5/style.png,0.051132314,0.9491389,0.86555094,0.9203268,0.9232432842254639,0.9239674210548401,0.836060643196106,0.4065728485584259,0.211088165640831,0.10366382449865341,0.93544775,0.9459805,0.9486313,0.95336443,0.9691791534423828,0.9758820533752441,0.9736754298210144,0.9560514688491821,0.9571414589881897,0.9470189809799194
1904,/usr/local/data/zahrat/workshop/dent_output/chexpert-swap-normal/pleural_effusion/seed1904/lambda_t_star5/style.png,0.091495335,0.13695204,0.15047285,0.12336911,0.10541874170303345,0.09835989028215408,0.0916924849152565,0.09074762463569641,0.09104663878679276,0.08970510959625244,0.04145419,0.027340276,0.033446837,0.03887288,0.04278070107102394,0.03752628341317177,0.03946588560938835,0.0453459657728672,0.04275289177894592,0.04020122066140175
3130,/usr/local/data/zahrat/workshop/dent_output/chexpert-swap-normal/pleural_effusion/seed3130/lambda_t_star5/style.png,0.17489882,0.9614953,0.96384025,0.9547844,0.8624702095985413,0.8247581720352173,0.7217971682548523,0.5785889625549316,0.34472429752349854,0.22899247705936432,0.7551266,0.8157928,0.88191354,0.798094,0.745978832244873,0.7815700769424438,0.737364649772644,0.783732533454895,0.793338418006897,0.7980054020881653
3305,/usr/local/data/zahrat/workshop/dent_output/chexpert-swap-normal/pleural_effusion/seed3305/lambda_t_star5/style.png,0.46664196,0.9609259,0.92199636,0.87223375,0.8620718121528625,0.8718186616897583,0.8720547556877136,0.8203483819961548,0.7400265336036682,0.6305797100067139,0.08439573,0.26329312,0.12914906,0.08341381,0.07956614345312119,0.09132833033800125,0.1130845919251442,0.11107590794563293,0.10620477795600891,0.0979098230600357
2261,/usr/local/data/zahrat/workshop/dent_output/chexpert-swap-normal/pleural_effusion/seed2261/lambda_t_star5/style.png,0.16540727,0.90023583,0.8071819,0.82930815,0.8058534264564514,0.6406973004341125,0.5507132411003113,0.4720101058483124,0.38760286569595337,0.25847741961479187,0.24962674,0.04767576,0.069973126,0.08423707,0.12551665306091309,0.19444763660430908,0.17132610082626343,0.17289718985557556,0.16320179402828217,0.19998012483119965
3237,/usr/local/data/zahrat/workshop/dent_output/chexpert-swap-normal/pleural_effusion/seed3237/lambda_t_star5/style.png,0.13714099,0.7125867,0.6575538,0.30660006,0.24349960684776306,0.24500197172164917,0.2159404158592224,0.18056970834732056,0.16978143155574799,0.16118840873241425,0.022302203,0.61662835,0.66954464,0.7877179,0.8061896562576294,0.4162309169769287,0.11344988644123077,0.04019077867269516,0.026056557893753052,0.02338166907429695
1916,/usr/local/data/zahrat/workshop/dent_output/chexpert-swap-normal/pleural_effusion/seed1916/lambda_t_star5/style.png,0.04422007,0.9432715,0.8269144,0.7758592,0.4591296315193176,0.3017268776893616,0.1537838727235794,0.11058082431554794,0.07420112192630768,0.05727637559175491,0.08698818,0.52749455,0.8694899,0.91717046,0.939440906047821,0.9121719598770142,0.14872197806835175,0.16566722095012665,0.12440331280231476,0.10010503232479095
2782,/usr/local/data/zahrat/workshop/dent_output/chexpert-swap-normal/pleural_effusion/seed2782/lambda_t_star5/style.png,0.19323355,0.96356475,0.9433778,0.9343734,0.8834981322288513,0.7850073575973511,0.614484429359436,0.5210976600646973,0.4008091688156128,0.27056097984313965,0.05292246,0.0745402,0.07453518,0.06867479,0.08039283752441406,0.05790385976433754,0.059869639575481415,0.057362157851457596,0.05763229355216026,0.05446220561861992
2805,/usr/local/data/zahrat/workshop/dent_output/chexpert-swap-normal/pleural_effusion/seed2805/lambda_t_star5/style.png,0.11357164,0.804648,0.7351887,0.7540664,0.6414848566055298,0.519797682762146,0.3602689802646637,0.2419041246175766,0.17686913907527924,0.14391152560710907,0.056058295,0.36879116,0.06509914,0.052193835,0.057272959500551224,0.05865560099482536,0.05783654749393463,0.056889209896326065,0.0562351793050766,0.054248541593551636
3072,/usr/local/data/zahrat/workshop/dent_output/chexpert-swap-normal/pleural_effusion/seed3072/lambda_t_star5/style.png,0.18474749,0.27198756,0.2133754,0.23513366,0.2437942773103714,0.23473060131072998,0.22180932760238647,0.20131416618824005,0.18617016077041626,0.18661999702453613,0.03763338,0.44428486,0.53684163,0.5053694,0.5117081999778748,0.41652926802635193,0.3041210174560547,0.0663563534617424,0.04698691517114639,0.04208063334226608
3247,/usr/local/data/zahrat/workshop/dent_output/chexpert-swap-normal/pleural_effusion/seed3247/lambda_t_star5/style.png,0.03881901,0.72417307,0.79273677,0.82874393,0.7295128107070923,0.5461853742599487,0.31762275099754333,0.19719284772872925,0.10301424562931061,0.05746173486113548,0.9218762,0.23840024,0.84432524,0.8673941,0.9056360721588135,0.9080405831336975,0.9236629605293274,0.9203214049339294,0.9189134836196899,0.9236403703689575
1833,/usr/local/data/zahrat/workshop/dent_output/chexpert-swap-normal/pleural_effusion/seed1833/lambda_t_star5/style.png,0.22444662,0.45219168,0.4203745,0.32319888,0.2825978398323059,0.2640407383441925,0.2528434097766876,0.2472013533115387,0.23075716197490692,0.23174691200256348,0.3607054,0.30956423,0.281885,0.29131976,0.26628801226615906,0.2830333709716797,0.30594441294670105,0.35878366231918335,0.34512650966644287,0.37296798825263977
1500,/usr/local/data/zahrat/workshop/dent_output/chexpert-swap-normal/pleural_effusion/seed1500/lambda_t_star5/style.png,0.16017546,0.9792378,0.97551286,0.9712865,0.9474954009056091,0.9207563996315002,0.9012027382850647,0.8776693940162659,0.5839371681213379,0.27026283740997314,0.043708134,0.11800319,0.068306334,0.08082534,0.07957082241773605,0.0742701068520546,0.06607868522405624,0.052690476179122925,0.0706145390868187,0.051258061081171036
3008,/usr/local/data/zahrat/workshop/dent_output/chexpert-swap-normal/pleural_effusion/seed3008/lambda_t_star5/style.png,0.03695484,0.92278314,0.9122786,0.8943297,0.9132444858551025,0.9246628284454346,0.15165238082408905,0.09718437492847443,0.06890024989843369,0.05008785426616669,0.7504125,0.90076554,0.9112914,0.860216,0.8475967049598694,0.8652995824813843,0.7916829586029053,0.7653290629386902,0.7536659240722656,0.7531435489654541
1792,/usr/local/data/zahrat/workshop/dent_output/chexpert-swap-normal/pleural_effusion/seed1792/lambda_t_star5/style.png,0.16663703,0.90098757,0.67606103,0.6879351,0.6615232229232788,0.4963856041431427,0.32249805331230164,0.2843173146247864,0.2294192910194397,0.1851685643196106,0.03833609,0.12485145,0.15142924,0.060733795,0.050236593931913376,0.04669145494699478,0.046995777636766434,0.04469234123826027,0.04564834386110306,0.0439952090382576
2667,/usr/local/data/zahrat/workshop/dent_output/chexpert-swap-normal/pleural_effusion/seed2667/lambda_t_star5/style.png,0.025153568,0.96320075,0.9343873,0.09997629,0.3153654932975769,0.252426415681839,0.1901915818452835,0.15354055166244507,0.0887574851512909,0.040671151131391525,0.23702364,0.15049326,0.59480596,0.5726623,0.3450273871421814,0.37524229288101196,0.42879217863082886,0.39378535747528076,0.3087989091873169,0.23931081593036652
2881,/usr/local/data/zahrat/workshop/dent_output/chexpert-swap-normal/pleural_effusion/seed2881/lambda_t_star5/style.png,0.014436179,0.21615332,0.07837191,0.06941901,0.07250650972127914,0.044217728078365326,0.03221484273672104,0.028035856783390045,0.022504137828946114,0.018089551478624344,0.7674428,0.8854773,0.9511576,0.941408,0.9109103679656982,0.918755829334259,0.8825623989105225,0.8682234883308411,0.8497162461280823,0.8143078684806824
2443,/usr/local/data/zahrat/workshop/dent_output/chexpert-swap-normal/pleural_effusion/seed2443/lambda_t_star5/style.png,0.42350683,0.95608234,0.95130247,0.94358677,0.9417542219161987,0.7896766066551208,0.777892529964447,0.6921229362487793,0.6400524377822876,0.5354061126708984,0.8045472,0.8169112,0.80301166,0.7830845,0.8031777143478394,0.7904274463653564,0.7931523323059082,0.8054157495498657,0.8027547597885132,0.8087832927703857
3242,/usr/local/data/zahrat/workshop/dent_output/chexpert-swap-normal/pleural_effusion/seed3242/lambda_t_star5/style.png,0.58505625,0.86396503,0.8156393,0.72438186,0.6893593668937683,0.7710895538330078,0.7245926260948181,0.727922260761261,0.6706674098968506,0.6115332841873169,0.077659026,0.1407173,0.1373387,0.20201947,0.28464755415916443,0.26396510004997253,0.251797080039978,0.20672838389873505,0.15310585498809814,0.10389214754104614
2902,/usr/local/data/zahrat/workshop/dent_output/chexpert-swap-normal/pleural_effusion/seed2902/lambda_t_star5/style.png,0.032166056,0.6810894,0.46164486,0.20966741,0.12046413868665695,0.08011414855718613,0.06160474568605423,0.05182609707117081,0.04312370344996452,0.036071937531232834,0.028826993,0.043878116,0.046117693,0.036007863,0.03145090863108635,0.02524433098733425,0.02679413929581642,0.025948256254196167,0.027785034850239754,0.028817128390073776
2200,/usr/local/data/zahrat/workshop/dent_output/chexpert-swap-normal/pleural_effusion/seed2200/lambda_t_star5/style.png,0.03255664,0.98134196,0.98062193,0.87708735,0.6134774088859558,0.403726726770401,0.17542360723018646,0.08879707753658295,0.05947217345237732,0.044574085623025894,0.96759206,0.941649,0.9202584,0.9418055,0.9535542130470276,0.95872962474823,0.9633284211158752,0.9609895944595337,0.9671503901481628,0.9687161445617676
2718,/usr/local/data/zahrat/workshop/dent_output/chexpert-swap-normal/pleural_effusion/seed2718/lambda_t_star5/style.png,0.032192163,0.19606093,0.17352419,0.21214455,0.17808638513088226,0.09001386910676956,0.06354241818189621,0.051447127014398575,0.04031892865896225,0.03717167675495148,0.027004525,0.04519477,0.02960889,0.035046518,0.03317417949438095,0.04282008484005928,0.03824475407600403,0.03617575764656067,0.03394296392798424,0.030270135030150414
3188,/usr/local/data/zahrat/workshop/dent_output/chexpert-swap-normal/pleural_effusion/seed3188/lambda_t_star5/style.png,0.18970315,0.42638093,0.34455857,0.34443182,0.29391488432884216,0.2559404671192169,0.2407919019460678,0.2226068079471588,0.21392512321472168,0.20146378874778748,0.024742495,0.03530013,0.03113131,0.03016974,0.027307704091072083,0.027750251814723015,0.02663896605372429,0.027079712599515915,0.025888213887810707,0.025284791365265846
1725,/usr/local/data/zahrat/workshop/dent_output/chexpert-swap-normal/pleural_effusion/seed1725/lambda_t_star5/style.png,0.052237246,0.95568746,0.821078,0.70258003,0.587146520614624,0.3506670594215393,0.17874985933303833,0.10878637433052063,0.08127269148826599,0.06110989302396774,0.052962102,0.07986772,0.20363538,0.1058822,0.10191613435745239,0.09335434436798096,0.061158690601587296,0.06418164074420929,0.061566248536109924,0.05920238792896271
2207,/usr/local/data/zahrat/workshop/dent_output/chexpert-swap-normal/pleural_effusion/seed2207/lambda_t_star5/style.png,0.026040245,0.9611321,0.8284194,0.7032416,0.14570051431655884,0.06768551468849182,0.05171777307987213,0.04157761484384537,0.0323173888027668,0.02904292196035385,0.048198618,0.4539805,0.3195683,0.12886383,0.03836589679121971,0.07365735620260239,0.07210040092468262,0.06427472829818726,0.06529417634010315,0.05543765798211098
1744,/usr/local/data/zahrat/workshop/dent_output/chexpert-swap-normal/pleural_effusion/seed1744/lambda_t_star5/style.png,0.06345351,0.81413764,0.6690975,0.6934936,0.43789851665496826,0.22770093381404877,0.17057575285434723,0.12431681156158447,0.10072334855794907,0.07510321587324142,0.7767628,0.82847387,0.7961288,0.94689244,0.9395424723625183,0.9339277148246765,0.9540796279907227,0.7387691140174866,0.7458249926567078,0.7749357223510742
2470,/usr/local/data/zahrat/workshop/dent_output/chexpert-swap-normal/pleural_effusion/seed2470/lambda_t_star5/style.png,0.060040038,0.5077482,0.4327391,0.4369883,0.39192163944244385,0.3892427980899811,0.25660210847854614,0.08275449275970459,0.0676470696926117,0.06325589120388031,0.13202636,0.14217287,0.19768222,0.26323932,0.20821350812911987,0.16931316256523132,0.18200266361236572,0.1632075160741806,0.1523732841014862,0.13927949965000153
3196,/usr/local/data/zahrat/workshop/dent_output/chexpert-swap-normal/pleural_effusion/seed3196/lambda_t_star5/style.png,0.19764356,0.99091715,0.95152414,0.9377386,0.7089473009109497,0.6118296384811401,0.5187564492225647,0.4986317753791809,0.43182453513145447,0.34278929233551025,0.9254422,0.90252006,0.8598255,0.9072177,0.9192900657653809,0.9214813709259033,0.9222658276557922,0.9246355295181274,0.9248757362365723,0.9239397644996643
1950,/usr/local/data/zahrat/workshop/dent_output/chexpert-swap-normal/pleural_effusion/seed1950/lambda_t_star5/style.png,0.15076664,0.7487596,0.6739225,0.43352982,0.37572237849235535,0.4072619080543518,0.37620431184768677,0.2927609384059906,0.21952040493488312,0.17202824354171753,0.055188507,0.079129584,0.10053257,0.08079986,0.1376046985387802,0.11902794986963272,0.09330650418996811,0.08379387110471725,0.0735362321138382,0.06656765192747116
3284,/usr/local/data/zahrat/workshop/dent_output/chexpert-swap-normal/pleural_effusion/seed3284/lambda_t_star5/style.png,0.023501633,0.8947349,0.8432248,0.86014014,0.8441696763038635,0.7814148664474487,0.6629058718681335,0.574621319770813,0.20540280640125275,0.03934100642800331,0.17414913,0.819309,0.7666715,0.41019824,0.3556012511253357,0.3357146084308624,0.28881680965423584,0.22541724145412445,0.26776906847953796,0.20907790958881378
3292,/usr/local/data/zahrat/workshop/dent_output/chexpert-swap-normal/pleural_effusion/seed3292/lambda_t_star5/style.png,0.07555536,0.84648794,0.5541944,0.50456154,0.43128451704978943,0.2318919599056244,0.17462389171123505,0.14150020480155945,0.12903383374214172,0.10901505500078201,0.06693033,0.09904086,0.09091113,0.1119965,0.10576008260250092,0.07759921252727509,0.07032926380634308,0.0640328899025917,0.06707976758480072,0.06414738297462463
1992,/usr/local/data/zahrat/workshop/dent_output/chexpert-swap-normal/pleural_effusion/seed1992/lambda_t_star5/style.png,0.044546433,0.88800526,0.7472747,0.62969834,0.316234827041626,0.1327909529209137,0.0842604860663414,0.07005419582128525,0.06220449134707451,0.04913895204663277,0.24623454,0.41207755,0.4711817,0.35536033,0.3239375948905945,0.28040388226509094,0.3482165038585663,0.373504102230072,0.3618215322494507,0.29083922505378723
2559,/usr/local/data/zahrat/workshop/dent_output/chexpert-swap-normal/pleural_effusion/seed2559/lambda_t_star5/style.png,0.024749307,0.6234457,0.28643182,0.11114965,0.07929608970880508,0.06105688214302063,0.049058932811021805,0.0424027144908905,0.03445812314748764,0.02933257631957531,0.42867914,0.6666936,0.7263887,0.59603953,0.6082116365432739,0.5402253270149231,0.49238529801368713,0.48728927969932556,0.47829023003578186,0.4404447078704834
2423,/usr/local/data/zahrat/workshop/dent_output/chexpert-swap-normal/pleural_effusion/seed2423/lambda_t_star5/style.png,0.45264485,0.95370144,0.94251525,0.9218029,0.8721476197242737,0.8265780806541443,0.7679679989814758,0.7231829166412354,0.6553422808647156,0.5269187688827515,0.8742769,0.8546734,0.87314165,0.842177,0.8712613582611084,0.8547848463058472,0.8727865219116211,0.8727430701255798,0.8674337267875671,0.8652397990226746
2550,/usr/local/data/zahrat/workshop/dent_output/chexpert-swap-normal/pleural_effusion/seed2550/lambda_t_star5/style.png,0.38373703,0.9367733,0.81350553,0.7943207,0.7448135018348694,0.7403140664100647,0.7181112766265869,0.6168760657310486,0.5212719440460205,0.47402051091194153,0.2425406,0.5103577,0.23976567,0.32140362,0.2583106458187103,0.3603604733943939,0.3131512999534607,0.2801009714603424,0.3058217763900757,0.2924615442752838
3232,/usr/local/data/zahrat/workshop/dent_output/chexpert-swap-normal/pleural_effusion/seed3232/lambda_t_star5/style.png,0.09313742,0.65511554,0.39414185,0.29954273,0.25383174419403076,0.18979370594024658,0.16499948501586914,0.13706493377685547,0.11867719143629074,0.1077912449836731,0.08306459,0.62014973,0.6313523,0.54530436,0.27557387948036194,0.1705094575881958,0.17735502123832703,0.14925488829612732,0.11002665013074875,0.09105073660612106
3139,/usr/local/data/zahrat/workshop/dent_output/chexpert-swap-normal/pleural_effusion/seed3139/lambda_t_star5/style.png,0.2203237,0.88355964,0.8209223,0.70534843,0.5885220766067505,0.5379625558853149,0.49788469076156616,0.40548306703567505,0.33400803804397583,0.2753729224205017,0.07604465,0.62632936,0.7838962,0.7511778,0.782239556312561,0.6618884205818176,0.10523036867380142,0.10108950734138489,0.0937797874212265,0.07983194291591644
1590,/usr/local/data/zahrat/workshop/dent_output/chexpert-swap-normal/pleural_effusion/seed1590/lambda_t_star5/style.png,0.39452305,0.93905455,0.88983464,0.8255283,0.8002586960792542,0.7546342611312866,0.6472342610359192,0.603710412979126,0.5562332272529602,0.4915918707847595,0.21081915,0.59736705,0.2762921,0.33095163,0.5986091494560242,0.692488431930542,0.49491608142852783,0.4300050735473633,0.34367799758911133,0.2744199335575104
3296,/usr/local/data/zahrat/workshop/dent_output/chexpert-swap-normal/pleural_effusion/seed3296/lambda_t_star5/style.png,0.054678526,0.95248157,0.8228601,0.34578058,0.30903440713882446,0.22732897102832794,0.15792368352413177,0.14677979052066803,0.10343217849731445,0.07043325155973434,0.053521663,0.79964304,0.78243166,0.14257911,0.13156302273273468,0.09980034083127975,0.0812893807888031,0.07053530216217041,0.06495001912117004,0.06038256734609604
3264,/usr/local/data/zahrat/workshop/dent_output/chexpert-swap-normal/pleural_effusion/seed3264/lambda_t_star5/style.png,0.034820806,0.8045495,0.61504394,0.35977176,0.19935864210128784,0.09269926697015762,0.06355319917201996,0.04948322847485542,0.043940991163253784,0.03823988512158394,0.028387066,0.048719358,0.0387453,0.039237697,0.03252904862165451,0.029527267441153526,0.025546547025442123,0.02820417657494545,0.02832379750907421,0.026531608775258064
2256,/usr/local/data/zahrat/workshop/dent_output/chexpert-swap-normal/pleural_effusion/seed2256/lambda_t_star5/style.png,0.091496274,0.72959936,0.5106535,0.5458918,0.28922271728515625,0.19893965125083923,0.14639300107955933,0.12887541949748993,0.11714485287666321,0.10261230170726776,0.036530554,0.040589828,0.11353762,0.12258669,0.08990316092967987,0.07504124194383621,0.05870676785707474,0.04232686385512352,0.03624111786484718,0.03665192797780037
1911,/usr/local/data/zahrat/workshop/dent_output/chexpert-swap-normal/pleural_effusion/seed1911/lambda_t_star5/style.png,0.17426008,0.7728841,0.7325719,0.55037755,0.5632265210151672,0.5089574456214905,0.37171176075935364,0.3044518530368805,0.2700675427913666,0.2213265597820282,0.048307206,0.08445929,0.778926,0.18760338,0.1581955999135971,0.1023373156785965,0.07488861680030823,0.06227991357445717,0.05792591720819473,0.05511884018778801
3112,/usr/local/data/zahrat/workshop/dent_output/chexpert-swap-normal/pleural_effusion/seed3112/lambda_t_star5/style.png,0.0485198,0.5065057,0.3151268,0.37121895,0.37634074687957764,0.3673263490200043,0.3131284713745117,0.11986780911684036,0.07778386771678925,0.05969134345650673,0.27514374,0.25300574,0.43722972,0.40579632,0.38032737374305725,0.4376671016216278,0.3651743233203888,0.28325212001800537,0.2601150572299957,0.27323269844055176
2850,/usr/local/data/zahrat/workshop/dent_output/chexpert-swap-normal/pleural_effusion/seed2850/lambda_t_star5/style.png,0.13076997,0.94005793,0.86104894,0.4744809,0.37818118929862976,0.2868960499763489,0.2231287807226181,0.22033967077732086,0.18694926798343658,0.1520468145608902,0.13991475,0.13614257,0.19364104,0.20501082,0.2736068665981293,0.3085634112358093,0.2693599760532379,0.2176620364189148,0.1843375712633133,0.16005347669124603
2868,/usr/local/data/zahrat/workshop/dent_output/chexpert-swap-normal/pleural_effusion/seed2868/lambda_t_star5/style.png,0.38244876,0.96846145,0.962759,0.9152931,0.8282743692398071,0.7229454517364502,0.7186880111694336,0.7113770842552185,0.560823380947113,0.4424953758716583,0.70942885,0.85779786,0.7211715,0.70237225,0.8811257481575012,0.8392579555511475,0.8888932466506958,0.8095957040786743,0.7725118398666382,0.7332268357276917
3317,/usr/local/data/zahrat/workshop/dent_output/chexpert-swap-normal/pleural_effusion/seed3317/lambda_t_star5/style.png,0.059370976,0.20458399,0.15229121,0.10262448,0.07980679720640182,0.07585341483354568,0.0712280347943306,0.06943885236978531,0.06711846590042114,0.06238279119133949,0.035221685,0.077230886,0.05255393,0.058851123,0.04232952743768692,0.03939647600054741,0.04017235338687897,0.03972391411662102,0.04013804346323013,0.03784063830971718
1984,/usr/local/data/zahrat/workshop/dent_output/chexpert-swap-normal/pleural_effusion/seed1984/lambda_t_star5/style.png,0.03414208,0.51231486,0.7232064,0.6955437,0.6272457838058472,0.4825521409511566,0.2614268958568573,0.13176973164081573,0.09764131903648376,0.05589521303772926,0.9072476,0.8758099,0.90537107,0.91756415,0.9143767952919006,0.9164476990699768,0.9157091975212097,0.9110538959503174,0.9115655422210693,0.9132726788520813
1854,/usr/local/data/zahrat/workshop/dent_output/chexpert-swap-normal/pleural_effusion/seed1854/lambda_t_star5/style.png,0.040168155,0.9263008,0.7665017,0.6872978,0.25964081287384033,0.19555753469467163,0.16027963161468506,0.10923091322183609,0.06528238952159882,0.0446540005505085,0.06156768,0.23012286,0.10273031,0.11545013,0.1037512868642807,0.1025141179561615,0.09896083176136017,0.07424180954694748,0.07113540172576904,0.06687264144420624
2707,/usr/local/data/zahrat/workshop/dent_output/chexpert-swap-normal/pleural_effusion/seed2707/lambda_t_star5/style.png,0.15736538,0.9574136,0.95126355,0.83667284,0.7111818194389343,0.7081543207168579,0.4982908070087433,0.38424769043922424,0.30326879024505615,0.22867226600646973,0.15164518,0.85950446,0.8470292,0.82488716,0.8212334513664246,0.7393739819526672,0.7672576308250427,0.7160840034484863,0.5440005660057068,0.26001784205436707
1550,/usr/local/data/zahrat/workshop/dent_output/chexpert-swap-normal/pleural_effusion/seed1550/lambda_t_star5/style.png,0.10613061,0.9328051,0.8949696,0.66395026,0.34642791748046875,0.2547600269317627,0.22109076380729675,0.18611404299736023,0.1660243421792984,0.13156577944755554,0.7615211,0.85711217,0.8202154,0.7170157,0.7422988414764404,0.7621905207633972,0.7476210594177246,0.7533515095710754,0.7500371932983398,0.7570972442626953
3205,/usr/local/data/zahrat/workshop/dent_output/chexpert-swap-normal/pleural_effusion/seed3205/lambda_t_star5/style.png,0.21779884,0.97089213,0.9718578,0.96339566,0.9687663912773132,0.9431251883506775,0.8601460456848145,0.6204841136932373,0.4531823396682739,0.30538272857666016,0.2681805,0.6737409,0.71723616,0.6823843,0.5951283574104309,0.2926446795463562,0.36769887804985046,0.3930814564228058,0.3919098675251007,0.3080805540084839
2243,/usr/local/data/zahrat/workshop/dent_output/chexpert-swap-normal/pleural_effusion/seed2243/lambda_t_star5/style.png,0.057597406,0.86445296,0.806868,0.7791347,0.6933837532997131,0.4866124987602234,0.35416916012763977,0.23612667620182037,0.16894446313381195,0.09501434117555618,0.2874377,0.7590343,0.79833764,0.8397035,0.8433486819267273,0.8675783276557922,0.7890253067016602,0.7152240872383118,0.5604541301727295,0.4088379740715027
2247,/usr/local/data/zahrat/workshop/dent_output/chexpert-swap-normal/pleural_effusion/seed2247/lambda_t_star5/style.png,0.026494741,0.71501553,0.5186423,0.4108605,0.28073787689208984,0.15411828458309174,0.09789060056209564,0.06858363747596741,0.04568696767091751,0.03281378746032715,0.116841115,0.82285285,0.7582969,0.7232381,0.7514874339103699,0.583483099937439,0.4332483410835266,0.1369539052248001,0.12122835218906403,0.12640805542469025
2258,/usr/local/data/zahrat/workshop/dent_output/chexpert-swap-normal/pleural_effusion/seed2258/lambda_t_star5/style.png,0.08875621,0.9828456,0.90433246,0.9022585,0.7913480401039124,0.5566886067390442,0.3412528932094574,0.2572805881500244,0.19399556517601013,0.1360016018152237,0.0613271,0.90175325,0.8867555,0.57708836,0.13420526683330536,0.08467139303684235,0.08950349688529968,0.08116953819990158,0.07187233865261078,0.07071242481470108
3110,/usr/local/data/zahrat/workshop/dent_output/chexpert-swap-normal/pleural_effusion/seed3110/lambda_t_star5/style.png,0.015809774,0.9396544,0.7398741,0.50010794,0.3572953939437866,0.35786721110343933,0.1767212152481079,0.04871512949466705,0.030754487961530685,0.02100965566933155,0.1625733,0.7904246,0.6806008,0.58787847,0.2709406912326813,0.5085287690162659,0.45277732610702515,0.39669227600097656,0.28875991702079773,0.14880962669849396
3221,/usr/local/data/zahrat/workshop/dent_output/chexpert-swap-normal/pleural_effusion/seed3221/lambda_t_star5/style.png,0.055527147,0.937178,0.89842284,0.8812607,0.5234431028366089,0.2564390301704407,0.1752631962299347,0.14182600378990173,0.09919822216033936,0.07482372969388962,0.04095235,0.16604587,0.32828617,0.1984509,0.1237412840127945,0.0636899396777153,0.05898018926382065,0.05268503725528717,0.046118710190057755,0.04043400287628174
1596,/usr/local/data/zahrat/workshop/dent_output/chexpert-swap-normal/pleural_effusion/seed1596/lambda_t_star5/style.png,0.5080846,0.9876216,0.9844481,0.9529976,0.9285847544670105,0.9244775176048279,0.9343446493148804,0.9360645413398743,0.926846444606781,0.8441283106803894,0.8539379,0.8868282,0.89198893,0.8922809,0.9302061200141907,0.9428463578224182,0.9389889240264893,0.9134168028831482,0.8818345665931702,0.8506582975387573
2952,/usr/local/data/zahrat/workshop/dent_output/chexpert-swap-normal/pleural_effusion/seed2952/lambda_t_star5/style.png,0.042859543,0.98461735,0.8129457,0.6666765,0.6779171824455261,0.4898034930229187,0.3064342737197876,0.19165915250778198,0.13462376594543457,0.08107726275920868,0.23399374,0.9271604,0.8298811,0.6833714,0.35114219784736633,0.49585622549057007,0.4572840929031372,0.39251410961151123,0.34701111912727356,0.2838088572025299
2583,/usr/local/data/zahrat/workshop/dent_output/chexpert-swap-normal/pleural_effusion/seed2583/lambda_t_star5/style.png,0.18309547,0.5537843,0.42136487,0.34139112,0.28804323077201843,0.2578693628311157,0.22610345482826233,0.21903130412101746,0.21436446905136108,0.19665831327438354,0.84792787,0.80525446,0.8241319,0.79330367,0.7652438879013062,0.8015879392623901,0.8143650889396667,0.8550476431846619,0.8499829769134521,0.8460869193077087
3320,/usr/local/data/zahrat/workshop/dent_output/chexpert-swap-normal/pleural_effusion/seed3320/lambda_t_star5/style.png,0.06612417,0.9332702,0.7469465,0.3406438,0.257577508687973,0.17890025675296783,0.13114716112613678,0.12153741717338562,0.086665078997612,0.07463497668504715,0.036261287,0.077469744,0.056051787,0.0680901,0.05760536715388298,0.06287011504173279,0.05852309614419937,0.0555291548371315,0.05262494459748268,0.04686412215232849
1746,/usr/local/data/zahrat/workshop/dent_output/chexpert-swap-normal/pleural_effusion/seed1746/lambda_t_star5/style.png,0.08799547,0.9183251,0.8292328,0.6747287,0.32614803314208984,0.26701486110687256,0.20188598334789276,0.1504354327917099,0.12682951986789703,0.10387792438268661,0.054974314,0.0725749,0.12012025,0.06184885,0.06766863912343979,0.08746279776096344,0.09432397782802582,0.08690433949232101,0.08568739891052246,0.067323699593544
3358,/usr/local/data/zahrat/workshop/dent_output/chexpert-swap-normal/pleural_effusion/seed3358/lambda_t_star5/style.png,0.067225024,0.83338445,0.8371924,0.6848823,0.5316316485404968,0.4440487325191498,0.30676913261413574,0.19973264634609222,0.13158555328845978,0.09689195454120636,0.08433097,0.5265602,0.78018355,0.8362351,0.7679493427276611,0.4747546911239624,0.1321592926979065,0.1064387708902359,0.09472931921482086,0.09345653653144836
2209,/usr/local/data/zahrat/workshop/dent_output/chexpert-swap-normal/pleural_effusion/seed2209/lambda_t_star5/style.png,0.22968382,0.9881456,0.9179886,0.788991,0.8541658520698547,0.7735554575920105,0.6778220534324646,0.5445400476455688,0.4355844557285309,0.29497095942497253,0.8870042,0.9163705,0.89775825,0.88453954,0.8743549585342407,0.8697095513343811,0.8702088594436646,0.8914319276809692,0.8932989835739136,0.8896356821060181
1723,/usr/local/data/zahrat/workshop/dent_output/chexpert-swap-normal/pleural_effusion/seed1723/lambda_t_star5/style.png,0.28150368,0.9381664,0.77275145,0.8454107,0.6970183849334717,0.7500836849212646,0.6666300892829895,0.46140140295028687,0.3562830090522766,0.33627742528915405,0.058488443,0.8184948,0.799944,0.7483023,0.23949307203292847,0.1464821994304657,0.12957081198692322,0.09490111470222473,0.08021102845668793,0.06872502714395523
2350,/usr/local/data/zahrat/workshop/dent_output/chexpert-swap-normal/pleural_effusion/seed2350/lambda_t_star5/style.png,0.06467218,0.67012775,0.24407154,0.2231204,0.23333686590194702,0.24130851030349731,0.18122240900993347,0.13609789311885834,0.1097874715924263,0.08636650443077087,0.90540224,0.89850056,0.883425,0.8618172,0.9088126420974731,0.9078788161277771,0.9043692350387573,0.9041925072669983,0.9051893949508667,0.9100216031074524
1660,/usr/local/data/zahrat/workshop/dent_output/chexpert-swap-normal/pleural_effusion/seed1660/lambda_t_star5/style.png,0.057489194,0.96847636,0.96013373,0.9369226,0.9041954278945923,0.8870995044708252,0.7847331762313843,0.4415186941623688,0.20318278670310974,0.10241654515266418,0.2881495,0.7230874,0.7894853,0.6764064,0.7255900502204895,0.69651198387146,0.621344804763794,0.5527303814888,0.35697609186172485,0.2865891456604004
1686,/usr/local/data/zahrat/workshop/dent_output/chexpert-swap-normal/pleural_effusion/seed1686/lambda_t_star5/style.png,0.5087673,0.95764565,0.95869803,0.9691256,0.9733071327209473,0.9669104814529419,0.9438550472259521,0.6993724703788757,0.6441377401351929,0.5786746144294739,0.09649923,0.35932887,0.3549064,0.5682319,0.24633973836898804,0.11832071095705032,0.157840296626091,0.13655723631381989,0.13847662508487701,0.11786302924156189
1720,/usr/local/data/zahrat/workshop/dent_output/chexpert-swap-normal/pleural_effusion/seed1720/lambda_t_star5/style.png,0.031954587,0.56968457,0.23505874,0.23692442,0.15822364389896393,0.1071428507566452,0.07450050115585327,0.054995547980070114,0.04444146528840065,0.037587542086839676,0.849238,0.90196556,0.89873785,0.9226041,0.9028494358062744,0.8922631740570068,0.8392007350921631,0.8317028284072876,0.8381519913673401,0.8373993039131165
3186,/usr/local/data/zahrat/workshop/dent_output/chexpert-swap-normal/pleural_effusion/seed3186/lambda_t_star5/style.png,0.03258657,0.8180614,0.42646217,0.21947132,0.15574434399604797,0.10159079730510712,0.06127724051475525,0.0501125231385231,0.043946489691734314,0.03722628578543663,0.1920294,0.8572253,0.6443683,0.52967006,0.5827314257621765,0.49447837471961975,0.4204421639442444,0.46774181723594666,0.32236817479133606,0.3008887767791748
2022,/usr/local/data/zahrat/workshop/dent_output/chexpert-swap-normal/pleural_effusion/seed2022/lambda_t_star5/style.png,0.14367759,0.96331704,0.93688965,0.8965075,0.8313126564025879,0.8137208819389343,0.7186495065689087,0.4696245789527893,0.3169042766094208,0.21104079484939575,0.22107282,0.716647,0.49028686,0.28642997,0.3963821232318878,0.47587043046951294,0.43470659852027893,0.39594700932502747,0.26971006393432617,0.22028900682926178
2613,/usr/local/data/zahrat/workshop/dent_output/chexpert-swap-normal/pleural_effusion/seed2613/lambda_t_star5/style.png,0.05005574,0.9342941,0.9165689,0.9052052,0.7396984696388245,0.640092134475708,0.5338325500488281,0.3076745569705963,0.15086489915847778,0.07717690616846085,0.20406485,0.7538958,0.66715336,0.8296505,0.837752103805542,0.8164724707603455,0.47077974677085876,0.4194004535675049,0.32888078689575195,0.27736398577690125
1987,/usr/local/data/zahrat/workshop/dent_output/chexpert-swap-normal/pleural_effusion/seed1987/lambda_t_star5/style.png,0.078385,0.28296134,0.17930895,0.14021097,0.12910392880439758,0.10563860833644867,0.09968717396259308,0.09036477655172348,0.08696459978818893,0.08645369112491608,0.1311924,0.24161217,0.14729458,0.1413585,0.13142193853855133,0.13805805146694183,0.13929954171180725,0.12478424608707428,0.1368952840566635,0.11839748919010162
2392,/usr/local/data/zahrat/workshop/dent_output/chexpert-swap-normal/pleural_effusion/seed2392/lambda_t_star5/style.png,0.09971928,0.9832485,0.9853814,0.9703006,0.9612638354301453,0.9446653127670288,0.9138338565826416,0.6761440634727478,0.3655651807785034,0.1845196634531021,0.5137771,0.8157235,0.7858386,0.73956275,0.7746320366859436,0.8041357398033142,0.7884921431541443,0.6926614046096802,0.5816060900688171,0.5625336170196533
3033,/usr/local/data/zahrat/workshop/dent_output/chexpert-swap-normal/pleural_effusion/seed3033/lambda_t_star5/style.png,0.08886868,0.9709199,0.93013114,0.91161495,0.8162246346473694,0.7781296968460083,0.7240225076675415,0.5519784092903137,0.2777324616909027,0.16103222966194153,0.7843116,0.83233,0.84911305,0.8254111,0.818726658821106,0.8689401149749756,0.8492885231971741,0.8289077877998352,0.8101435899734497,0.7848384976387024
3103,/usr/local/data/zahrat/workshop/dent_output/chexpert-swap-normal/pleural_effusion/seed3103/lambda_t_star5/style.png,0.051899478,0.9201845,0.8783755,0.42118686,0.24850893020629883,0.1377592235803604,0.10715045034885406,0.08494159579277039,0.07406628876924515,0.0580405667424202,0.14404394,0.58379257,0.70621145,0.73176634,0.6969427466392517,0.6624546051025391,0.6102772355079651,0.5114178657531738,0.3492162823677063,0.19598349928855896
1552,/usr/local/data/zahrat/workshop/dent_output/chexpert-swap-normal/pleural_effusion/seed1552/lambda_t_star5/style.png,0.018156838,0.24460985,0.069420785,0.061433025,0.06041513755917549,0.048130959272384644,0.03898606449365616,0.032383114099502563,0.02748418040573597,0.022095317021012306,0.12946314,0.4721753,0.68742967,0.75175315,0.7790418863296509,0.6098795533180237,0.27964362502098083,0.23397493362426758,0.193069726228714,0.15328454971313477
3355,/usr/local/data/zahrat/workshop/dent_output/chexpert-swap-normal/pleural_effusion/seed3355/lambda_t_star5/style.png,0.22156836,0.9070043,0.89808875,0.8292596,0.6962631344795227,0.6222361326217651,0.5352880954742432,0.42893263697624207,0.34151744842529297,0.2744196355342865,0.29064375,0.22586593,0.25313675,0.27665487,0.29406940937042236,0.3143450617790222,0.32027339935302734,0.32834234833717346,0.3002733588218689,0.2983895540237427
1956,/usr/local/data/zahrat/workshop/dent_output/chexpert-swap-normal/pleural_effusion/seed1956/lambda_t_star5/style.png,0.10294529,0.9418579,0.77023363,0.89880544,0.6879776120185852,0.3928060233592987,0.3074765205383301,0.2719181776046753,0.22724634408950806,0.16089698672294617,0.55014014,0.6458856,0.7047069,0.674399,0.6619515419006348,0.6062666177749634,0.6010640263557434,0.5844638347625732,0.5023696422576904,0.5318167209625244
3262,/usr/local/data/zahrat/workshop/dent_output/chexpert-swap-normal/pleural_effusion/seed3262/lambda_t_star5/style.png,0.117018074,0.95041907,0.9250537,0.86134887,0.7758918404579163,0.7470046877861023,0.6824506521224976,0.4959665834903717,0.253506064414978,0.14622770249843597,0.12096992,0.67907304,0.5467846,0.36769015,0.3984670042991638,0.30675777792930603,0.21955108642578125,0.18618330359458923,0.1531669795513153,0.13767161965370178
2591,/usr/local/data/zahrat/workshop/dent_output/chexpert-swap-normal/pleural_effusion/seed2591/lambda_t_star5/style.png,0.05661086,0.93662673,0.8253033,0.8783707,0.5279073119163513,0.21221277117729187,0.1576550155878067,0.13008596003055573,0.09364515542984009,0.0769042819738388,0.31124756,0.23051222,0.39237088,0.5918046,0.7946913838386536,0.6694709658622742,0.4915158152580261,0.517961859703064,0.5430110692977905,0.3760107159614563
2206,/usr/local/data/zahrat/workshop/dent_output/chexpert-swap-normal/pleural_effusion/seed2206/lambda_t_star5/style.png,0.046858866,0.94172376,0.77725834,0.7127347,0.5893343091011047,0.4023531973361969,0.17846444249153137,0.09076212346553802,0.06717272847890854,0.05640215054154396,0.17183858,0.79602057,0.7488909,0.7827368,0.7809698581695557,0.7833024263381958,0.6051095128059387,0.35393136739730835,0.23474733531475067,0.17759311199188232
1538,/usr/local/data/zahrat/workshop/dent_output/chexpert-swap-normal/pleural_effusion/seed1538/lambda_t_star5/style.png,0.034916468,0.9842519,0.5857904,0.41194803,0.3115120232105255,0.14060811698436737,0.07463742792606354,0.06082027032971382,0.05367087200284004,0.041973598301410675,0.18279397,0.5374381,0.7351886,0.62160033,0.4422226548194885,0.8381046056747437,0.6857010126113892,0.2632020115852356,0.20139525830745697,0.1723717600107193
2461,/usr/local/data/zahrat/workshop/dent_output/chexpert-swap-normal/pleural_effusion/seed2461/lambda_t_star5/style.png,0.424746,0.93147945,0.9185435,0.7739971,0.6874026656150818,0.6639114022254944,0.8114618062973022,0.7473245859146118,0.6754044890403748,0.6008042693138123,0.032373134,0.87685144,0.16024512,0.14177671,0.1309581995010376,0.05061971768736839,0.05214248225092888,0.04757009074091911,0.041814859956502914,0.03630733862519264
2387,/usr/local/data/zahrat/workshop/dent_output/chexpert-swap-normal/pleural_effusion/seed2387/lambda_t_star5/style.png,0.034713525,0.8595872,0.7993799,0.4800929,0.3299935758113861,0.19634275138378143,0.11121657490730286,0.07354020327329636,0.05625002831220627,0.041677795350551605,0.8621964,0.9458278,0.93137276,0.95169425,0.954278826713562,0.9353820085525513,0.8792579770088196,0.8615238666534424,0.8465815186500549,0.8482292294502258
2032,/usr/local/data/zahrat/workshop/dent_output/chexpert-swap-normal/pleural_effusion/seed2032/lambda_t_star5/style.png,0.18944786,0.78728735,0.48505074,0.45515254,0.35399940609931946,0.2810792624950409,0.2591242492198944,0.2361806035041809,0.21951799094676971,0.20107273757457733,0.025810858,0.04811172,0.035491716,0.049432877,0.03876389563083649,0.04176420345902443,0.03816749155521393,0.03387051820755005,0.033834561705589294,0.030897431075572968
2083,/usr/local/data/zahrat/workshop/dent_output/chexpert-swap-normal/pleural_effusion/seed2083/lambda_t_star5/style.png,0.102462135,0.96751773,0.9185596,0.89077884,0.6414787769317627,0.5317243933677673,0.4221677780151367,0.303484171628952,0.1898171603679657,0.12615258991718292,0.9035239,0.8891973,0.9122033,0.9070105,0.9057237505912781,0.8992689251899719,0.882318913936615,0.8894139528274536,0.8939130902290344,0.9033980369567871
1632,/usr/local/data/zahrat/workshop/dent_output/chexpert-swap-normal/pleural_effusion/seed1632/lambda_t_star5/style.png,0.3872314,0.97125983,0.9526645,0.9127916,0.8826923966407776,0.8209576606750488,0.7263753414154053,0.6343272924423218,0.5837506055831909,0.5011332035064697,0.24265468,0.090490624,0.13282728,0.14521743,0.19901734590530396,0.22613991796970367,0.23656563460826874,0.2384411096572876,0.2548295557498932,0.2346564531326294
2660,/usr/local/data/zahrat/workshop/dent_output/chexpert-swap-normal/pleural_effusion/seed2660/lambda_t_star5/style.png,0.041649226,0.9285756,0.92039376,0.9198408,0.91592937707901,0.7733623385429382,0.28597745299339294,0.1385592222213745,0.09912057965993881,0.06205092370510101,0.82909995,0.8987162,0.90556127,0.89695776,0.9063780903816223,0.896350085735321,0.9069098830223083,0.8715482354164124,0.8767231702804565,0.8840356469154358
2732,/usr/local/data/zahrat/workshop/dent_output/chexpert-swap-normal/pleural_effusion/seed2732/lambda_t_star5/style.png,0.051168635,0.93325686,0.81391853,0.8472666,0.698607861995697,0.4105380177497864,0.25939440727233887,0.16044747829437256,0.10925079137086868,0.07484355568885803,0.16795787,0.04948033,0.16053009,0.11597168,0.18319788575172424,0.21585994958877563,0.263733446598053,0.22869658470153809,0.1983502060174942,0.18368051946163177
1554,/usr/local/data/zahrat/workshop/dent_output/chexpert-swap-normal/pleural_effusion/seed1554/lambda_t_star5/style.png,0.1718414,0.9537437,0.87155336,0.90831923,0.9221042990684509,0.9291396141052246,0.8942831754684448,0.810090959072113,0.5637468099594116,0.29696908593177795,0.72999835,0.8317312,0.77179766,0.71770835,0.7377079725265503,0.7598816156387329,0.7352393269538879,0.7369906902313232,0.7353346943855286,0.7326036691665649
2647,/usr/local/data/zahrat/workshop/dent_output/chexpert-swap-normal/pleural_effusion/seed2647/lambda_t_star5/style.png,0.06844772,0.6504353,0.5280504,0.2825853,0.1894412338733673,0.14044909179210663,0.12579002976417542,0.1092066690325737,0.10079948604106903,0.08161139488220215,0.056279916,0.5522372,0.1248568,0.07349867,0.0844164490699768,0.08762210607528687,0.07501127570867538,0.07002546638250351,0.06723841279745102,0.05910934507846832
2162,/usr/local/data/zahrat/workshop/dent_output/chexpert-swap-normal/pleural_effusion/seed2162/lambda_t_star5/style.png,0.03664556,0.90617746,0.8887655,0.4430287,0.26395347714424133,0.16228383779525757,0.08835135400295258,0.06592404097318649,0.06368609517812729,0.04473617300391197,0.919193,0.82814753,0.845877,0.8497853,0.8792856335639954,0.9009294509887695,0.8998845815658569,0.9072681665420532,0.9219290018081665,0.9203282594680786
3192,/usr/local/data/zahrat/workshop/dent_output/chexpert-swap-normal/pleural_effusion/seed3192/lambda_t_star5/style.png,0.11342438,0.96837676,0.96088535,0.9457785,0.8980639576911926,0.8024560213088989,0.7945188879966736,0.7256928086280823,0.5301991701126099,0.24213102459907532,0.06567792,0.74755025,0.8685009,0.8681935,0.8180281519889832,0.5968606472015381,0.30201253294944763,0.10552923381328583,0.07817140966653824,0.06383392959833145
2429,/usr/local/data/zahrat/workshop/dent_output/chexpert-swap-normal/pleural_effusion/seed2429/lambda_t_star5/style.png,0.035731442,0.9638408,0.37679502,0.14656308,0.11634725332260132,0.10781931132078171,0.083709217607975,0.06475016474723816,0.05118206515908241,0.04651401564478874,0.41937906,0.31322718,0.6229749,0.6263893,0.5157138109207153,0.4609966278076172,0.4919726550579071,0.48956647515296936,0.4413219094276428,0.4356330633163452
3293,/usr/local/data/zahrat/workshop/dent_output/chexpert-swap-normal/pleural_effusion/seed3293/lambda_t_star5/style.png,0.16278128,0.87715894,0.8845728,0.872034,0.7728316187858582,0.6667007803916931,0.5709890723228455,0.4919217526912689,0.37681612372398376,0.22721236944198608,0.25285777,0.88698846,0.65705353,0.5282371,0.4719614088535309,0.39132019877433777,0.36430710554122925,0.332659512758255,0.30338016152381897,0.29832881689071655
2988,/usr/local/data/zahrat/workshop/dent_output/chexpert-swap-normal/pleural_effusion/seed2988/lambda_t_star5/style.png,0.006088371,0.8182075,0.55624676,0.47341686,0.5962401628494263,0.603996753692627,0.14849190413951874,0.01887303590774536,0.010107777081429958,0.007526364643126726,0.9789843,0.9734032,0.9707817,0.97212213,0.9770570993423462,0.981355607509613,0.9833053946495056,0.9823907613754272,0.9815595149993896,0.9816293716430664
2686,/usr/local/data/zahrat/workshop/dent_output/chexpert-swap-normal/pleural_effusion/seed2686/lambda_t_star5/style.png,0.060998525,0.9297229,0.9334426,0.85387176,0.8296201825141907,0.6734795570373535,0.5511911511421204,0.3875725269317627,0.24025799334049225,0.11954131722450256,0.109419584,0.3419877,0.3071019,0.26026833,0.16616465151309967,0.15263043344020844,0.1460629105567932,0.13070639967918396,0.13208109140396118,0.12753163278102875
2592,/usr/local/data/zahrat/workshop/dent_output/chexpert-swap-normal/pleural_effusion/seed2592/lambda_t_star5/style.png,0.14906047,0.71451,0.47040716,0.45652765,0.37833359837532043,0.31374311447143555,0.2723100185394287,0.21276475489139557,0.18438875675201416,0.16025005280971527,0.10475812,0.16020623,0.28585523,0.2934229,0.2073500007390976,0.144483283162117,0.14395274221897125,0.1313878893852234,0.1384146511554718,0.11858800053596497
1690,/usr/local/data/zahrat/workshop/dent_output/chexpert-swap-normal/pleural_effusion/seed1690/lambda_t_star5/style.png,0.08054678,0.9295705,0.8661519,0.8742397,0.7916637063026428,0.8586586117744446,0.7546878457069397,0.6104385256767273,0.37928760051727295,0.14988252520561218,0.06783227,0.88760316,0.90639657,0.07625148,0.09434986859560013,0.07399439066648483,0.07261858880519867,0.0688524842262268,0.06960926204919815,0.07299681752920151
3218,/usr/local/data/zahrat/workshop/dent_output/chexpert-swap-normal/pleural_effusion/seed3218/lambda_t_star5/style.png,0.1877044,0.32790822,0.280998,0.22448696,0.23616422712802887,0.223995640873909,0.22894497215747833,0.22056478261947632,0.20536498725414276,0.1993539035320282,0.5953348,0.15188977,0.4985015,0.5526556,0.6244885325431824,0.6338688731193542,0.6238179802894592,0.6221010088920593,0.6303668022155762,0.6143714189529419
2981,/usr/local/data/zahrat/workshop/dent_output/chexpert-swap-normal/pleural_effusion/seed2981/lambda_t_star5/style.png,0.031474557,0.24768785,0.12548172,0.07740965,0.10494568943977356,0.08411914110183716,0.08031915128231049,0.06546411663293839,0.0488983578979969,0.03798718377947807,0.059623864,0.74072486,0.059403103,0.049260095,0.07625599205493927,0.06183432787656784,0.06432756036520004,0.05995391681790352,0.0614507682621479,0.06153386831283569
1780,/usr/local/data/zahrat/workshop/dent_output/chexpert-swap-normal/pleural_effusion/seed1780/lambda_t_star5/style.png,0.14440262,0.938279,0.37751275,0.22029847,0.1879572570323944,0.20132753252983093,0.2009335458278656,0.1938982754945755,0.17089353501796722,0.16063310205936432,0.0477795,0.3890052,0.10211621,0.066041,0.055844131857156754,0.06737062335014343,0.06537750363349915,0.07105135172605515,0.06752198934555054,0.061889246106147766
2319,/usr/local/data/zahrat/workshop/dent_output/chexpert-swap-normal/pleural_effusion/seed2319/lambda_t_star5/style.png,0.011743825,0.93916094,0.5020042,0.45433348,0.05190080404281616,0.031064271926879883,0.023728620260953903,0.021484345197677612,0.017072414979338646,0.013178943656384945,0.9284356,0.93523645,0.92329067,0.932051,0.9360293745994568,0.9307254552841187,0.932911217212677,0.9332650303840637,0.9280053377151489,0.9269503951072693
2132,/usr/local/data/zahrat/workshop/dent_output/chexpert-swap-normal/pleural_effusion/seed2132/lambda_t_star5/style.png,0.1339228,0.29325575,0.2989074,0.31480253,0.26365581154823303,0.23832450807094574,0.22857758402824402,0.19485531747341156,0.17063482105731964,0.1452028900384903,0.16414453,0.086256966,0.14344288,0.1577473,0.14208805561065674,0.12270605564117432,0.14565248787403107,0.134662464261055,0.1394461840391159,0.1490502804517746
2866,/usr/local/data/zahrat/workshop/dent_output/chexpert-swap-normal/pleural_effusion/seed2866/lambda_t_star5/style.png,0.06411063,0.9398616,0.9413893,0.51787686,0.20158982276916504,0.17133377492427826,0.15119311213493347,0.12149832397699356,0.10438720136880875,0.07790077477693558,0.07050955,0.7997201,0.8069894,0.7555445,0.1325494945049286,0.1029147356748581,0.10787441581487656,0.11394669115543365,0.0982438251376152,0.07805639505386353
2982,/usr/local/data/zahrat/workshop/dent_output/chexpert-swap-normal/pleural_effusion/seed2982/lambda_t_star5/style.png,0.0911547,0.92522645,0.89837605,0.823144,0.8091992139816284,0.8175083994865417,0.686856210231781,0.44807106256484985,0.2223527580499649,0.13067761063575745,0.96989673,0.9218977,0.9113655,0.9209912,0.9241671562194824,0.9386398196220398,0.9533618688583374,0.9651421308517456,0.9689292907714844,0.9673635363578796
3056,/usr/local/data/zahrat/workshop/dent_output/chexpert-swap-normal/pleural_effusion/seed3056/lambda_t_star5/style.png,0.45858544,0.8106716,0.7978749,0.69059503,0.6768324971199036,0.6560261845588684,0.6400489807128906,0.6122742891311646,0.5624915361404419,0.49604734778404236,0.2036392,0.22431688,0.104889326,0.13460998,0.15079915523529053,0.1472110003232956,0.14991767704486847,0.1647433191537857,0.17797091603279114,0.19633571803569794
1773,/usr/local/data/zahrat/workshop/dent_output/chexpert-swap-normal/pleural_effusion/seed1773/lambda_t_star5/style.png,0.4819209,0.43707368,0.5003328,0.53446794,0.556847870349884,0.5460996031761169,0.548359751701355,0.5293707847595215,0.510294497013092,0.49260684847831726,0.9316009,0.8756376,0.95907754,0.9370841,0.9449737071990967,0.9478952884674072,0.9406718015670776,0.9406183958053589,0.9373199939727783,0.9337034225463867
2322,/usr/local/data/zahrat/workshop/dent_output/chexpert-swap-normal/pleural_effusion/seed2322/lambda_t_star5/style.png,0.029255062,0.9579408,0.9320919,0.91899115,0.7030802369117737,0.19041194021701813,0.09320427477359772,0.061034150421619415,0.046418365091085434,0.037676651030778885,0.07289318,0.63476497,0.46155795,0.23324402,0.22653354704380035,0.21323104202747345,0.17023752629756927,0.13902704417705536,0.10243166983127594,0.09142675250768661
2885,/usr/local/data/zahrat/workshop/dent_output/chexpert-swap-normal/pleural_effusion/seed2885/lambda_t_star5/style.png,0.047268465,0.9696128,0.976886,0.9624181,0.9428398013114929,0.4574020802974701,0.1022888794541359,0.09353040158748627,0.08287100493907928,0.06921093165874481,0.6952748,0.9020259,0.88634384,0.87652427,0.8656724691390991,0.8623022437095642,0.7767454981803894,0.7610357403755188,0.7124501466751099,0.6898444890975952
2721,/usr/local/data/zahrat/workshop/dent_output/chexpert-swap-normal/pleural_effusion/seed2721/lambda_t_star5/style.png,0.032954376,0.94307023,0.8836528,0.89952695,0.8578694462776184,0.1586475819349289,0.08950158953666687,0.07019457966089249,0.05589429661631584,0.04481232538819313,0.26316673,0.24216542,0.73322684,0.08913714,0.10630854219198227,0.1532716304063797,0.42113828659057617,0.438093900680542,0.41960886120796204,0.3429369032382965
1917,/usr/local/data/zahrat/workshop/dent_output/chexpert-swap-normal/pleural_effusion/seed1917/lambda_t_star5/style.png,0.05678027,0.8522205,0.8796866,0.8791508,0.8086952567100525,0.6865915060043335,0.3761826455593109,0.21117301285266876,0.1201808750629425,0.07945367693901062,0.8975492,0.87481,0.8826212,0.8823709,0.8949465751647949,0.8919215798377991,0.8874309659004211,0.8972558975219727,0.9044983386993408,0.9006151556968689
3253,/usr/local/data/zahrat/workshop/dent_output/chexpert-swap-normal/pleural_effusion/seed3253/lambda_t_star5/style.png,0.05131999,0.96449584,0.86676955,0.7177514,0.6015134453773499,0.5682849287986755,0.15615811944007874,0.1109219565987587,0.08588375896215439,0.06447135657072067,0.8282368,0.9151109,0.8549574,0.8320332,0.842734694480896,0.8283969759941101,0.86472487449646,0.8513402342796326,0.8402407169342041,0.837758481502533
2773,/usr/local/data/zahrat/workshop/dent_output/chexpert-swap-normal/pleural_effusion/seed2773/lambda_t_star5/style.png,0.5281701,0.96756315,0.92591494,0.7984606,0.7903169393539429,0.7616961002349854,0.738472044467926,0.704074501991272,0.6746090054512024,0.5767859816551208,0.051053017,0.33709297,0.2879455,0.19178672,0.13607367873191833,0.06868259608745575,0.07555432617664337,0.07036363333463669,0.060694970190525055,0.05858450382947922
2363,/usr/local/data/zahrat/workshop/dent_output/chexpert-swap-normal/pleural_effusion/seed2363/lambda_t_star5/style.png,0.058180984,0.9643127,0.947135,0.92657954,0.8664444088935852,0.24112898111343384,0.14770938456058502,0.10791847854852676,0.08147185295820236,0.06856673955917358,0.1157891,0.5047065,0.30189806,0.29013705,0.23127461969852448,0.12570488452911377,0.10858474671840668,0.12160561233758926,0.14274461567401886,0.13385726511478424
2454,/usr/local/data/zahrat/workshop/dent_output/chexpert-swap-normal/pleural_effusion/seed2454/lambda_t_star5/style.png,0.021399427,0.96698475,0.8570667,0.35238323,0.180780827999115,0.0659388080239296,0.045717205852270126,0.03759416937828064,0.030048295855522156,0.024294734001159668,0.83547497,0.85990334,0.87570053,0.9129558,0.9466822147369385,0.9172354340553284,0.9209885597229004,0.8983879685401917,0.884619951248169,0.8587265610694885
2086,/usr/local/data/zahrat/workshop/dent_output/chexpert-swap-normal/pleural_effusion/seed2086/lambda_t_star5/style.png,0.08526008,0.97244376,0.93091166,0.86123055,0.8220463991165161,0.5382583141326904,0.46707233786582947,0.37540489435195923,0.2637985646724701,0.16867290437221527,0.18220118,0.6213704,0.6335775,0.42012864,0.4347568452358246,0.37794098258018494,0.32805609703063965,0.2961500883102417,0.24628636240959167,0.20707160234451294
2995,/usr/local/data/zahrat/workshop/dent_output/chexpert-swap-normal/pleural_effusion/seed2995/lambda_t_star5/style.png,0.046863258,0.9349888,0.8942144,0.85628796,0.6741894483566284,0.6333418488502502,0.18226084113121033,0.12143678218126297,0.09294766187667847,0.06436516344547272,0.036300953,0.12068269,0.08809968,0.0967231,0.07473702728748322,0.057755425572395325,0.0478862002491951,0.04554115608334541,0.04196228086948395,0.04120649769902229
3382,/usr/local/data/zahrat/workshop/dent_output/chexpert-swap-normal/pleural_effusion/seed3382/lambda_t_star5/style.png,0.11962901,0.992063,0.969493,0.95822835,0.9284893870353699,0.8393341898918152,0.5212888121604919,0.32333603501319885,0.22604602575302124,0.16741986572742462,0.055826057,0.66856694,0.117754154,0.08016858,0.07356049120426178,0.08983050286769867,0.08211575448513031,0.07146355509757996,0.06273229420185089,0.05635087192058563
1669,/usr/local/data/zahrat/workshop/dent_output/chexpert-swap-normal/pleural_effusion/seed1669/lambda_t_star5/style.png,0.111028865,0.95283234,0.8927562,0.68509704,0.5136850476264954,0.424846351146698,0.3845709562301636,0.28306886553764343,0.20274491608142853,0.17356377840042114,0.7497979,0.8767981,0.8628913,0.89904946,0.9199565052986145,0.934971809387207,0.8860839605331421,0.7611523866653442,0.7548267245292664,0.7523542642593384
2684,/usr/local/data/zahrat/workshop/dent_output/chexpert-swap-normal/pleural_effusion/seed2684/lambda_t_star5/style.png,0.20550466,0.97326344,0.96039844,0.9480368,0.9290977716445923,0.8489927053451538,0.661791980266571,0.4161378741264343,0.29267510771751404,0.23362253606319427,0.196713,0.4639613,0.39948237,0.48439315,0.48742297291755676,0.37542492151260376,0.2647593021392822,0.2465166598558426,0.2258940488100052,0.23184488713741302
2403,/usr/local/data/zahrat/workshop/dent_output/chexpert-swap-normal/pleural_effusion/seed2403/lambda_t_star5/style.png,0.06910709,0.7376507,0.3252584,0.1747656,0.13866737484931946,0.13418753445148468,0.12271607667207718,0.10637310892343521,0.09071750938892365,0.08037752658128738,0.20176765,0.615209,0.6628531,0.55609053,0.47724056243896484,0.37108293175697327,0.4112650752067566,0.33620262145996094,0.24147053062915802,0.22767959535121918
2425,/usr/local/data/zahrat/workshop/dent_output/chexpert-swap-normal/pleural_effusion/seed2425/lambda_t_star5/style.png,0.015489556,0.7466938,0.093992576,0.23297697,0.38245606422424316,0.05557242035865784,0.026015423238277435,0.021988268941640854,0.019524121657013893,0.017347119748592377,0.1270384,0.14020191,0.14662887,0.23391946,0.23020727932453156,0.17571045458316803,0.3186488151550293,0.36048486828804016,0.30169346928596497,0.20182736217975616
1879,/usr/local/data/zahrat/workshop/dent_output/chexpert-swap-normal/pleural_effusion/seed1879/lambda_t_star5/style.png,0.3477225,0.98693615,0.943817,0.9255051,0.7394455671310425,0.6836881637573242,0.635155200958252,0.5806933641433716,0.505071759223938,0.4332243502140045,0.09547724,0.2790198,0.17161883,0.33988112,0.7972177863121033,0.7511038780212402,0.213265523314476,0.16464173793792725,0.12402912974357605,0.09883465617895126
3024,/usr/local/data/zahrat/workshop/dent_output/chexpert-swap-normal/pleural_effusion/seed3024/lambda_t_star5/style.png,0.055431448,0.8888577,0.345213,0.27229962,0.1559024304151535,0.10401152074337006,0.09814973920583725,0.08570970594882965,0.07263818383216858,0.06135345622897148,0.03685492,0.84835017,0.19163392,0.088956125,0.05051402002573013,0.04208986833691597,0.03548198938369751,0.034059904515743256,0.034604545682668686,0.03398076072335243
1903,/usr/local/data/zahrat/workshop/dent_output/chexpert-swap-normal/pleural_effusion/seed1903/lambda_t_star5/style.png,0.04816283,0.98031497,0.97106105,0.93531394,0.798527717590332,0.5357850193977356,0.34804999828338623,0.2820075452327728,0.15109609067440033,0.08595028519630432,0.5953761,0.71525985,0.6692201,0.7188708,0.7870051860809326,0.6621598601341248,0.6343660950660706,0.6183436512947083,0.5920276045799255,0.5869539976119995
1872,/usr/local/data/zahrat/workshop/dent_output/chexpert-swap-normal/pleural_effusion/seed1872/lambda_t_star5/style.png,0.064121924,0.9294764,0.84706205,0.5942541,0.48710739612579346,0.37963277101516724,0.20632848143577576,0.1291217803955078,0.09447425603866577,0.07542631030082703,0.27026594,0.4424956,0.72517943,0.8045325,0.763166606426239,0.8151930570602417,0.6430913805961609,0.5414745807647705,0.5057058334350586,0.4142319858074188
3098,/usr/local/data/zahrat/workshop/dent_output/chexpert-swap-normal/pleural_effusion/seed3098/lambda_t_star5/style.png,0.036265507,0.95546454,0.88003415,0.73628974,0.27568069100379944,0.15409308671951294,0.12755878269672394,0.08526419848203659,0.06582537293434143,0.053112663328647614,0.7603713,0.89433527,0.9167022,0.8221084,0.7786833047866821,0.7812646627426147,0.7753971219062805,0.7776098847389221,0.7793177962303162,0.7686049938201904
1804,/usr/local/data/zahrat/workshop/dent_output/chexpert-swap-normal/pleural_effusion/seed1804/lambda_t_star5/style.png,0.011394105,0.7877957,0.5997054,0.3729321,0.05005631595849991,0.04856041446328163,0.016011714935302734,0.014316472224891186,0.014109627343714237,0.013738351874053478,0.06573255,0.12009997,0.07074233,0.077957466,0.06535278260707855,0.07503832131624222,0.0723874419927597,0.0698952004313469,0.06743689626455307,0.06665854901075363
1757,/usr/local/data/zahrat/workshop/dent_output/chexpert-swap-normal/pleural_effusion/seed1757/lambda_t_star5/style.png,0.06050029,0.9582904,0.9052665,0.86584395,0.6469827890396118,0.4608646631240845,0.32907724380493164,0.2342398315668106,0.1440548598766327,0.0884900838136673,0.3577307,0.07181893,0.14747536,0.22883233,0.26834022998809814,0.267701655626297,0.317538321018219,0.30506575107574463,0.39601030945777893,0.4796239733695984
1856,/usr/local/data/zahrat/workshop/dent_output/chexpert-swap-normal/pleural_effusion/seed1856/lambda_t_star5/style.png,0.070142314,0.9512578,0.8859046,0.7086923,0.6053340435028076,0.3470141589641571,0.288388192653656,0.17059923708438873,0.11292673647403717,0.08882265537977219,0.8186074,0.681169,0.832149,0.86110276,0.8729123473167419,0.8540350198745728,0.8769102096557617,0.9076501727104187,0.9025167226791382,0.8839035630226135
2551,/usr/local/data/zahrat/workshop/dent_output/chexpert-swap-normal/pleural_effusion/seed2551/lambda_t_star5/style.png,0.6418019,0.95899594,0.92675537,0.9112926,0.9017719030380249,0.8772513270378113,0.7754774689674377,0.7707446813583374,0.7407036423683167,0.6822378039360046,0.8166738,0.89010435,0.9116079,0.8922721,0.8791412115097046,0.8742058277130127,0.8680319786071777,0.8626648187637329,0.8248899579048157,0.8218631148338318
2148,/usr/local/data/zahrat/workshop/dent_output/chexpert-swap-normal/pleural_effusion/seed2148/lambda_t_star5/style.png,0.029980557,0.926221,0.9485725,0.5481847,0.4277999699115753,0.18753507733345032,0.09998845309019089,0.07438226044178009,0.05343243107199669,0.039883989840745926,0.32358968,0.8714579,0.71909606,0.29046997,0.4141402840614319,0.6916917562484741,0.5316863059997559,0.5408525466918945,0.44785064458847046,0.36064162850379944
2849,/usr/local/data/zahrat/workshop/dent_output/chexpert-swap-normal/pleural_effusion/seed2849/lambda_t_star5/style.png,0.3003068,0.9361851,0.913189,0.92287326,0.9029805660247803,0.8881152272224426,0.7565857768058777,0.6116317510604858,0.49651458859443665,0.4103728234767914,0.081194736,0.8686186,0.7806572,0.5691451,0.45527175068855286,0.3337786793708801,0.2963155508041382,0.23315668106079102,0.18227005004882812,0.10070771723985672
3248,/usr/local/data/zahrat/workshop/dent_output/chexpert-swap-normal/pleural_effusion/seed3248/lambda_t_star5/style.png,0.022390861,0.9195368,0.906376,0.9490056,0.09125946462154388,0.07356387376785278,0.04326021671295166,0.03830781951546669,0.03326721489429474,0.02700192667543888,0.14169875,0.13556007,0.061731067,0.078757375,0.11086015403270721,0.1509348303079605,0.16759145259857178,0.1523146778345108,0.1574813574552536,0.1434207260608673
2809,/usr/local/data/zahrat/workshop/dent_output/chexpert-swap-normal/pleural_effusion/seed2809/lambda_t_star5/style.png,0.43329936,0.6075,0.6366246,0.5964883,0.5308982133865356,0.5069242119789124,0.4914382994174957,0.4725204408168793,0.4666835069656372,0.4216483533382416,0.1931562,0.61004645,0.6591468,0.664057,0.6085193157196045,0.5935962796211243,0.5543882250785828,0.4244879484176636,0.2806737720966339,0.2263626754283905
1784,/usr/local/data/zahrat/workshop/dent_output/chexpert-swap-normal/pleural_effusion/seed1784/lambda_t_star5/style.png,0.05290231,0.8697515,0.80772704,0.3539724,0.16645601391792297,0.13487228751182556,0.11060360074043274,0.10851230472326279,0.08598216623067856,0.0709424838423729,0.27145022,0.6944843,0.70371485,0.57838076,0.5884840488433838,0.4351198673248291,0.33896932005882263,0.28618359565734863,0.305535227060318,0.2415582835674286
1880,/usr/local/data/zahrat/workshop/dent_output/chexpert-swap-normal/pleural_effusion/seed1880/lambda_t_star5/style.png,0.085855946,0.53888535,0.558379,0.6121718,0.6397976279258728,0.6064339876174927,0.3829810917377472,0.24070324003696442,0.12418018281459808,0.09809576719999313,0.5852538,0.8933306,0.77638596,0.6089032,0.820259153842926,0.7166082262992859,0.7207056879997253,0.7254012823104858,0.6998851895332336,0.6178497672080994
2965,/usr/local/data/zahrat/workshop/dent_output/chexpert-swap-normal/pleural_effusion/seed2965/lambda_t_star5/style.png,0.12000375,0.9050994,0.71510243,0.53197795,0.32825425267219543,0.3094419240951538,0.28065046668052673,0.2356766015291214,0.2021755427122116,0.16286256909370422,0.048469465,0.48541388,0.38370386,0.22028607,0.17402641475200653,0.18522439897060394,0.13710686564445496,0.0919153094291687,0.057431403547525406,0.04980338364839554
2856,/usr/local/data/zahrat/workshop/dent_output/chexpert-swap-normal/pleural_effusion/seed2856/lambda_t_star5/style.png,0.030363914,0.4366296,0.25078878,0.11357978,0.07255300879478455,0.0522955022752285,0.042842984199523926,0.03773755580186844,0.035697340965270996,0.03359973058104515,0.07344967,0.12245917,0.09863773,0.09975954,0.12064617872238159,0.12515152990818024,0.11204971373081207,0.10593993216753006,0.09879761189222336,0.08150409907102585
1543,/usr/local/data/zahrat/workshop/dent_output/chexpert-swap-normal/pleural_effusion/seed1543/lambda_t_star5/style.png,0.10153984,0.94753546,0.9451733,0.90679294,0.86099773645401,0.5919874906539917,0.3785695731639862,0.30244389176368713,0.1978537142276764,0.14492206275463104,0.65213966,0.7277152,0.74682283,0.8443064,0.8238722681999207,0.7633076906204224,0.7497951984405518,0.7606396675109863,0.6830576658248901,0.6729910373687744
1881,/usr/local/data/zahrat/workshop/dent_output/chexpert-swap-normal/pleural_effusion/seed1881/lambda_t_star5/style.png,0.049738605,0.73632234,0.52661246,0.36305732,0.17453084886074066,0.13246524333953857,0.10382921248674393,0.08269969373941422,0.06584028899669647,0.05585508048534393,0.9129349,0.9158785,0.80895954,0.9345997,0.917079508304596,0.9021552801132202,0.870510995388031,0.8767539262771606,0.8972299098968506,0.918171763420105
2117,/usr/local/data/zahrat/workshop/dent_output/chexpert-swap-normal/pleural_effusion/seed2117/lambda_t_star5/style.png,0.040758036,0.9601006,0.75719887,0.49062717,0.44750678539276123,0.3461134135723114,0.31217527389526367,0.2631979286670685,0.14635539054870605,0.06254515796899796,0.14384022,0.9072781,0.9132701,0.74338,0.504725992679596,0.22581475973129272,0.18236467242240906,0.16112777590751648,0.1639661341905594,0.15560007095336914
2761,/usr/local/data/zahrat/workshop/dent_output/chexpert-swap-normal/pleural_effusion/seed2761/lambda_t_star5/style.png,0.04299382,0.98533905,0.8527352,0.7134174,0.2966417074203491,0.16378740966320038,0.1564731001853943,0.08787526935338974,0.06711622327566147,0.0568712018430233,0.2325264,0.7849629,0.5772585,0.66442573,0.5151227712631226,0.44679728150367737,0.40454328060150146,0.42907366156578064,0.4069063663482666,0.3191621005535126
1736,/usr/local/data/zahrat/workshop/dent_output/chexpert-swap-normal/pleural_effusion/seed1736/lambda_t_star5/style.png,0.09881676,0.9250795,0.9232914,0.86303526,0.8374747633934021,0.8238168954849243,0.7543520927429199,0.38358956575393677,0.19069896638393402,0.12682244181632996,0.15973152,0.95429933,0.87641484,0.9363502,0.9260109066963196,0.6928796768188477,0.353782057762146,0.3369964361190796,0.2994449734687805,0.2902336120605469
1893,/usr/local/data/zahrat/workshop/dent_output/chexpert-swap-normal/pleural_effusion/seed1893/lambda_t_star5/style.png,0.90957755,0.9440407,0.9548109,0.91219586,0.8912635445594788,0.9129349589347839,0.9143283367156982,0.921884298324585,0.9192934632301331,0.9140713214874268,0.7726817,0.84202623,0.8253935,0.8163649,0.8095346093177795,0.8139007687568665,0.8230093717575073,0.8137096166610718,0.7996166348457336,0.7904056310653687
3235,/usr/local/data/zahrat/workshop/dent_output/chexpert-swap-normal/pleural_effusion/seed3235/lambda_t_star5/style.png,0.1174479,0.9326846,0.9135524,0.860354,0.8468177318572998,0.559346079826355,0.448871374130249,0.3701585829257965,0.29301202297210693,0.20187979936599731,0.41476274,0.92136294,0.94796234,0.86562514,0.6656382083892822,0.6082509160041809,0.5351625680923462,0.4695375859737396,0.521963894367218,0.4506310224533081
2566,/usr/local/data/zahrat/workshop/dent_output/chexpert-swap-normal/pleural_effusion/seed2566/lambda_t_star5/style.png,0.05453549,0.97828966,0.89076686,0.8568026,0.74411541223526,0.3242221772670746,0.1322375386953354,0.08686019480228424,0.0689409002661705,0.06351596117019653,0.09438954,0.09125187,0.13494301,0.15112606,0.15627360343933105,0.09845711290836334,0.09035413712263107,0.10062918812036514,0.09911159425973892,0.09843234717845917
3240,/usr/local/data/zahrat/workshop/dent_output/chexpert-swap-normal/pleural_effusion/seed3240/lambda_t_star5/style.png,0.2130883,0.96856594,0.92763704,0.8672466,0.84018474817276,0.8015989065170288,0.7993863224983215,0.7415550947189331,0.4838196933269501,0.30650365352630615,0.10616728,0.06941031,0.13340612,0.14751863,0.14481383562088013,0.13395603001117706,0.13288608193397522,0.1283806711435318,0.11571329087018967,0.11170469224452972
2993,/usr/local/data/zahrat/workshop/dent_output/chexpert-swap-normal/pleural_effusion/seed2993/lambda_t_star5/style.png,0.12940423,0.8896371,0.8133435,0.70023465,0.49361947178840637,0.35950967669487,0.26382410526275635,0.2053690403699875,0.1775224208831787,0.14392051100730896,0.10391506,0.1532876,0.14126445,0.13309196,0.1517879217863083,0.13507463037967682,0.12796708941459656,0.12491124868392944,0.12558430433273315,0.11899220943450928
3167,/usr/local/data/zahrat/workshop/dent_output/chexpert-swap-normal/pleural_effusion/seed3167/lambda_t_star5/style.png,0.03956806,0.8528563,0.6977208,0.608899,0.46893176436424255,0.34898194670677185,0.38652193546295166,0.08421514928340912,0.06148308888077736,0.050245996564626694,0.13621883,0.5600171,0.58479774,0.6760291,0.6759908199310303,0.7313496470451355,0.6352103352546692,0.5196983218193054,0.31361299753189087,0.1638006865978241
3152,/usr/local/data/zahrat/workshop/dent_output/chexpert-swap-normal/pleural_effusion/seed3152/lambda_t_star5/style.png,0.20355631,0.99550927,0.99123716,0.98334277,0.9302740097045898,0.835712730884552,0.7252256274223328,0.6301956176757812,0.5398910045623779,0.3094458281993866,0.2836703,0.83460945,0.7742838,0.6902684,0.721770167350769,0.5068759918212891,0.10073137283325195,0.16679905354976654,0.2726289927959442,0.29890894889831543
2436,/usr/local/data/zahrat/workshop/dent_output/chexpert-swap-normal/pleural_effusion/seed2436/lambda_t_star5/style.png,0.03284325,0.98373204,0.9192023,0.8469133,0.7319600582122803,0.5865285992622375,0.45975586771965027,0.2826843857765198,0.14969831705093384,0.06896907836198807,0.08334385,0.12031536,0.3416233,0.18647763,0.15225251019001007,0.21128572523593903,0.17796248197555542,0.12677372992038727,0.11574297398328781,0.11100776493549347
2641,/usr/local/data/zahrat/workshop/dent_output/chexpert-swap-normal/pleural_effusion/seed2641/lambda_t_star5/style.png,0.030059576,0.9677365,0.9044479,0.8696812,0.7151365280151367,0.12433163821697235,0.07368549704551697,0.0516275055706501,0.04321309179067612,0.03740421682596207,0.095160134,0.52187085,0.25601596,0.6660962,0.9074081182479858,0.9097548127174377,0.5796145796775818,0.12934042513370514,0.11187966167926788,0.10421980917453766
2847,/usr/local/data/zahrat/workshop/dent_output/chexpert-swap-normal/pleural_effusion/seed2847/lambda_t_star5/style.png,0.18552934,0.94972086,0.92595786,0.6316287,0.5132447481155396,0.38896018266677856,0.3210770785808563,0.2595556974411011,0.21863192319869995,0.2034957855939865,0.0755628,0.062768206,0.10247766,0.10541577,0.10220815241336823,0.09843823313713074,0.08877885341644287,0.09445471316576004,0.10183076560497284,0.08869200199842453
3332,/usr/local/data/zahrat/workshop/dent_output/chexpert-swap-normal/pleural_effusion/seed3332/lambda_t_star5/style.png,0.12878083,0.95248526,0.8610307,0.6706912,0.6452473402023315,0.5334515571594238,0.42009422183036804,0.29462990164756775,0.2331906408071518,0.15685933828353882,0.07351575,0.33151782,0.21653484,0.2804952,0.2668777108192444,0.28694993257522583,0.18671177327632904,0.13609278202056885,0.10624977201223373,0.08114541321992874
2275,/usr/local/data/zahrat/workshop/dent_output/chexpert-swap-normal/pleural_effusion/seed2275/lambda_t_star5/style.png,0.05103333,0.8829197,0.5948343,0.7095342,0.35067158937454224,0.23677803575992584,0.13691501319408417,0.10656631737947464,0.08919072151184082,0.06481464952230453,0.06827165,0.41720846,0.4406462,0.2714288,0.2062186747789383,0.10876794159412384,0.08339469134807587,0.07392492890357971,0.06797941029071808,0.06993019580841064
1572,/usr/local/data/zahrat/workshop/dent_output/chexpert-swap-normal/pleural_effusion/seed1572/lambda_t_star5/style.png,0.03810904,0.9704804,0.8433007,0.4483694,0.1776401698589325,0.12326192110776901,0.097171850502491,0.07839740067720413,0.0587720163166523,0.04676640406250954,0.057532717,0.0997436,0.08401092,0.094417304,0.08693643659353256,0.07179247587919235,0.06441207230091095,0.06295891851186752,0.059784989804029465,0.059949763119220734
1783,/usr/local/data/zahrat/workshop/dent_output/chexpert-swap-normal/pleural_effusion/seed1783/lambda_t_star5/style.png,0.080963425,0.9396049,0.83928037,0.8146709,0.7805671691894531,0.7821561098098755,0.7337296605110168,0.5855859518051147,0.34922534227371216,0.16216972470283508,0.13379435,0.8573115,0.8315036,0.827285,0.5207030177116394,0.35286200046539307,0.24177981913089752,0.20542767643928528,0.16807903349399567,0.1356326788663864
2712,/usr/local/data/zahrat/workshop/dent_output/chexpert-swap-normal/pleural_effusion/seed2712/lambda_t_star5/style.png,0.0516192,0.8731163,0.6553065,0.16022103,0.09037254750728607,0.07710838317871094,0.0761323943734169,0.06214439123868942,0.06011608988046646,0.057369157671928406,0.064336844,0.1483788,0.048115503,0.045941517,0.04788598045706749,0.047215573489665985,0.056185219436883926,0.06337928026914597,0.0775257870554924,0.06653722375631332
2395,/usr/local/data/zahrat/workshop/dent_output/chexpert-swap-normal/pleural_effusion/seed2395/lambda_t_star5/style.png,0.18004532,0.95360243,0.94950897,0.9537048,0.906359851360321,0.8906252980232239,0.9009052515029907,0.8115239143371582,0.5920273065567017,0.3315417766571045,0.5484449,0.75152034,0.81964177,0.8600569,0.7806491255760193,0.7031408548355103,0.6962973475456238,0.6217749118804932,0.6126685738563538,0.5926337242126465
2629,/usr/local/data/zahrat/workshop/dent_output/chexpert-swap-normal/pleural_effusion/seed2629/lambda_t_star5/style.png,0.0696282,0.951321,0.92935836,0.88669467,0.8792771100997925,0.9023380279541016,0.8164708018302917,0.3987993896007538,0.19360189139842987,0.11799855530261993,0.08185336,0.77977955,0.8330463,0.5123464,0.2253904491662979,0.19100669026374817,0.15024107694625854,0.15381452441215515,0.14049699902534485,0.11054455488920212
2774,/usr/local/data/zahrat/workshop/dent_output/chexpert-swap-normal/pleural_effusion/seed2774/lambda_t_star5/style.png,0.22864036,0.74950624,0.68210965,0.38652515,0.3306962251663208,0.30667245388031006,0.29573702812194824,0.2832818627357483,0.2701534032821655,0.24830085039138794,0.23961641,0.66922104,0.50329,0.50730276,0.5189552903175354,0.45706385374069214,0.4511280059814453,0.3794691860675812,0.3051067590713501,0.2965507507324219
2360,/usr/local/data/zahrat/workshop/dent_output/chexpert-swap-normal/pleural_effusion/seed2360/lambda_t_star5/style.png,0.017261354,0.15393458,0.07569215,0.04497671,0.050688501447439194,0.033423107117414474,0.03308248519897461,0.027411241084337234,0.02293899841606617,0.02013779617846012,0.024387361,0.052399985,0.029044395,0.030109683,0.03594992309808731,0.03550073876976967,0.02899082563817501,0.026115555316209793,0.024528175592422485,0.025103425607085228
2426,/usr/local/data/zahrat/workshop/dent_output/chexpert-swap-normal/pleural_effusion/seed2426/lambda_t_star5/style.png,0.029995978,0.91571563,0.91742706,0.89865315,0.7967679500579834,0.5101184248924255,0.2745090425014496,0.15200568735599518,0.07420095056295395,0.04405486583709717,0.16822362,0.7723263,0.6469795,0.7697891,0.7893301844596863,0.7779881358146667,0.34989213943481445,0.2240215539932251,0.2588692009449005,0.20970357954502106
2658,/usr/local/data/zahrat/workshop/dent_output/chexpert-swap-normal/pleural_effusion/seed2658/lambda_t_star5/style.png,0.027077725,0.16366722,0.20457281,0.15655069,0.10588560253381729,0.07252996414899826,0.05171273276209831,0.04247720167040825,0.035812705755233765,0.029972413554787636,0.10371208,0.18246095,0.070548385,0.042642895,0.05030876025557518,0.06860336661338806,0.12051403522491455,0.0935511365532875,0.10592852532863617,0.10203054547309875
2009,/usr/local/data/zahrat/workshop/dent_output/chexpert-swap-normal/pleural_effusion/seed2009/lambda_t_star5/style.png,0.06031651,0.589356,0.62212896,0.68925995,0.6982957720756531,0.5720903873443604,0.1747196614742279,0.09870297461748123,0.08152330666780472,0.07163835316896439,0.19366598,0.48038766,0.3768106,0.31567332,0.3472196161746979,0.2822488248348236,0.3030252754688263,0.26204583048820496,0.2580171227455139,0.21090546250343323
2460,/usr/local/data/zahrat/workshop/dent_output/chexpert-swap-normal/pleural_effusion/seed2460/lambda_t_star5/style.png,0.106392205,0.28392527,0.19815458,0.23534621,0.1851498782634735,0.14039471745491028,0.12096738070249557,0.11700514703989029,0.1194683387875557,0.11086859554052353,0.7577893,0.85153437,0.7989306,0.6810813,0.510528028011322,0.5785953402519226,0.7326704263687134,0.7420309782028198,0.74970543384552,0.7517701983451843
3389,/usr/local/data/zahrat/workshop/dent_output/chexpert-swap-normal/pleural_effusion/seed3389/lambda_t_star5/style.png,0.2417041,0.8873952,0.9070597,0.7653503,0.6608688831329346,0.5724892020225525,0.5434648990631104,0.4861660301685333,0.4000552296638489,0.3045467138290405,0.7708765,0.84089035,0.75338954,0.8169809,0.8691408038139343,0.8734796047210693,0.8803820610046387,0.8518849015235901,0.8143948316574097,0.8085567951202393
3350,/usr/local/data/zahrat/workshop/dent_output/chexpert-swap-normal/pleural_effusion/seed3350/lambda_t_star5/style.png,0.06670002,0.88542795,0.7239963,0.5112759,0.4059901833534241,0.2134949415922165,0.14550334215164185,0.11913597583770752,0.09586381167173386,0.08125554025173187,0.026909018,0.8855226,0.28339705,0.09976678,0.03223254159092903,0.04060717299580574,0.03628687933087349,0.035629577934741974,0.031689539551734924,0.02814401313662529
2925,/usr/local/data/zahrat/workshop/dent_output/chexpert-swap-normal/pleural_effusion/seed2925/lambda_t_star5/style.png,0.015325059,0.9525378,0.9546502,0.95411503,0.8499921560287476,0.8293779492378235,0.583638072013855,0.310716837644577,0.14260044693946838,0.03955145552754402,0.20442526,0.8503211,0.9181768,0.84109515,0.7583838105201721,0.7253828048706055,0.703620195388794,0.2987234592437744,0.23940955102443695,0.22207288444042206
2857,/usr/local/data/zahrat/workshop/dent_output/chexpert-swap-normal/pleural_effusion/seed2857/lambda_t_star5/style.png,0.10718398,0.8868455,0.8596869,0.8652911,0.8555973172187805,0.7543075680732727,0.7455369830131531,0.5684484243392944,0.25975674390792847,0.17206525802612305,0.85085374,0.36231062,0.63920814,0.69517624,0.7115455269813538,0.7844175100326538,0.7547431588172913,0.8227049112319946,0.8439205884933472,0.8444511294364929
2373,/usr/local/data/zahrat/workshop/dent_output/chexpert-swap-normal/pleural_effusion/seed2373/lambda_t_star5/style.png,0.012895321,0.94975024,0.845201,0.6712166,0.30190372467041016,0.09466644376516342,0.050261493772268295,0.030112506821751595,0.02079731598496437,0.017519813030958176,0.8122071,0.6348944,0.3957028,0.12742463,0.14409013092517853,0.8573997616767883,0.8735858201980591,0.8250467777252197,0.8166876435279846,0.8134806156158447
1876,/usr/local/data/zahrat/workshop/dent_output/chexpert-swap-normal/pleural_effusion/seed1876/lambda_t_star5/style.png,0.016464036,0.43929565,0.47216755,0.2892559,0.10166797786951065,0.07670168578624725,0.05080695450305939,0.035302262753248215,0.026128077879548073,0.020453885197639465,0.75935787,0.15921593,0.23650844,0.16338536,0.9127912521362305,0.8269815444946289,0.8566426634788513,0.8226497173309326,0.8000873923301697,0.7734067440032959
2788,/usr/local/data/zahrat/workshop/dent_output/chexpert-swap-normal/pleural_effusion/seed2788/lambda_t_star5/style.png,0.035383336,0.8703857,0.64815533,0.37699386,0.2622852325439453,0.17915025353431702,0.12019506841897964,0.08034098893404007,0.058119822293519974,0.04440557584166527,0.03348026,0.69489056,0.06910662,0.057136443,0.043141141533851624,0.03970922902226448,0.038328126072883606,0.03867354989051819,0.038320645689964294,0.03814874589443207
2400,/usr/local/data/zahrat/workshop/dent_output/chexpert-swap-normal/pleural_effusion/seed2400/lambda_t_star5/style.png,0.0839759,0.9330972,0.53439754,0.48668954,0.45561715960502625,0.3232610821723938,0.23549264669418335,0.17109395563602448,0.12872828543186188,0.09746406972408295,0.02722437,0.027475428,0.026144166,0.026670752,0.02797863259911537,0.026112359017133713,0.026922689750790596,0.028408093377947807,0.029996424913406372,0.02990439534187317
1678,/usr/local/data/zahrat/workshop/dent_output/chexpert-swap-normal/pleural_effusion/seed1678/lambda_t_star5/style.png,0.15373617,0.57713217,0.27432448,0.2039688,0.2526841461658478,0.27839916944503784,0.2555296719074249,0.22282923758029938,0.1974271982908249,0.16666923463344574,0.04285685,0.0582741,0.028658463,0.041559048,0.06618049740791321,0.07332910597324371,0.0816008672118187,0.06439311802387238,0.0500359944999218,0.04716244339942932
2265,/usr/local/data/zahrat/workshop/dent_output/chexpert-swap-normal/pleural_effusion/seed2265/lambda_t_star5/style.png,0.23045358,0.9167449,0.8438295,0.79051757,0.7452976703643799,0.7244184613227844,0.606394350528717,0.5363097786903381,0.4591261148452759,0.3412557542324066,0.34658486,0.9436077,0.944011,0.94009554,0.9150105118751526,0.8680041432380676,0.849921703338623,0.81298828125,0.6532012224197388,0.3769700527191162
2546,/usr/local/data/zahrat/workshop/dent_output/chexpert-swap-normal/pleural_effusion/seed2546/lambda_t_star5/style.png,0.042735532,0.9740089,0.9776569,0.7661465,0.5120822787284851,0.4712678790092468,0.20100824534893036,0.10958355665206909,0.07120184600353241,0.054289963096380234,0.748608,0.8339081,0.87477833,0.7555,0.7471191883087158,0.7470354437828064,0.7572067379951477,0.7623950242996216,0.7621424794197083,0.7584365010261536
1607,/usr/local/data/zahrat/workshop/dent_output/chexpert-swap-normal/pleural_effusion/seed1607/lambda_t_star5/style.png,0.061000306,0.8921059,0.92234874,0.9328826,0.8395576477050781,0.5887114405632019,0.4220941662788391,0.22908194363117218,0.12249112874269485,0.0811014249920845,0.35902175,0.7291395,0.7659282,0.73684514,0.749297022819519,0.7224610447883606,0.7171478867530823,0.6600638031959534,0.5878245830535889,0.4471842050552368
2118,/usr/local/data/zahrat/workshop/dent_output/chexpert-swap-normal/pleural_effusion/seed2118/lambda_t_star5/style.png,0.2268986,0.9714344,0.9781309,0.9701155,0.9657477736473083,0.9778364896774292,0.9514537453651428,0.8690658807754517,0.6554593443870544,0.35480865836143494,0.93356884,0.93934244,0.958142,0.9629906,0.9506971836090088,0.939833402633667,0.9448192715644836,0.9296126365661621,0.9342649579048157,0.9383141994476318
2412,/usr/local/data/zahrat/workshop/dent_output/chexpert-swap-normal/pleural_effusion/seed2412/lambda_t_star5/style.png,0.042836133,0.5612305,0.25232628,0.1577977,0.07841094583272934,0.057951491326093674,0.05364313721656799,0.0515802726149559,0.04612390324473381,0.04439002647995949,0.14493181,0.82300174,0.7166802,0.567429,0.7209692001342773,0.6252314448356628,0.5209112763404846,0.4834739863872528,0.3413817286491394,0.23688672482967377
3256,/usr/local/data/zahrat/workshop/dent_output/chexpert-swap-normal/pleural_effusion/seed3256/lambda_t_star5/style.png,0.33359855,0.77480763,0.7583449,0.73451656,0.6439717411994934,0.5479373335838318,0.48770785331726074,0.4516351521015167,0.38840675354003906,0.3690645694732666,0.02804494,0.07468292,0.09340756,0.055196535,0.035459160804748535,0.03970848396420479,0.0394214428961277,0.03752888739109039,0.032696448266506195,0.03216392546892166
1934,/usr/local/data/zahrat/workshop/dent_output/chexpert-swap-normal/pleural_effusion/seed1934/lambda_t_star5/style.png,0.13106498,0.17406727,0.22603294,0.24139963,0.19906583428382874,0.18313764035701752,0.16921119391918182,0.16073812544345856,0.1470223218202591,0.14069737493991852,0.022037659,0.027316282,0.03506821,0.029789552,0.02850625477731228,0.02674381248652935,0.026132700964808464,0.023318277671933174,0.023971054702997208,0.02271994762122631
2688,/usr/local/data/zahrat/workshop/dent_output/chexpert-swap-normal/pleural_effusion/seed2688/lambda_t_star5/style.png,0.25309038,0.97458726,0.97435296,0.96120083,0.9401622414588928,0.6306376457214355,0.6051190495491028,0.5503814220428467,0.47173771262168884,0.36490756273269653,0.095339306,0.8274253,0.17561151,0.11318525,0.10102448612451553,0.08101540058851242,0.0743444487452507,0.080854631960392,0.09229304641485214,0.09489516913890839
2649,/usr/local/data/zahrat/workshop/dent_output/chexpert-swap-normal/pleural_effusion/seed2649/lambda_t_star5/style.png,0.18194802,0.85610944,0.81011665,0.7295773,0.5891799330711365,0.5885838866233826,0.5615068078041077,0.41947633028030396,0.3491651713848114,0.23923790454864502,0.03625837,0.78980595,0.09743953,0.08707064,0.0618601031601429,0.046839166432619095,0.04153510183095932,0.04353441298007965,0.043862611055374146,0.04157371073961258
2344,/usr/local/data/zahrat/workshop/dent_output/chexpert-swap-normal/pleural_effusion/seed2344/lambda_t_star5/style.png,0.29982138,0.92584556,0.92058367,0.87862325,0.8124204277992249,0.6669607162475586,0.49821361899375916,0.4242366552352905,0.3813067376613617,0.335125595331192,0.07769715,0.09221909,0.098747954,0.081859484,0.1226089596748352,0.10806083679199219,0.10174901783466339,0.10132239013910294,0.08980652689933777,0.08467491716146469
1845,/usr/local/data/zahrat/workshop/dent_output/chexpert-swap-normal/pleural_effusion/seed1845/lambda_t_star5/style.png,0.83085996,0.98871803,0.9864704,0.98210746,0.9795917868614197,0.9775477647781372,0.9719805121421814,0.9595156908035278,0.929398238658905,0.8948966264724731,0.1533124,0.6585641,0.8811274,0.8710945,0.8092168569564819,0.7720485925674438,0.7566176056861877,0.24906891584396362,0.18209847807884216,0.1613185703754425
2015,/usr/local/data/zahrat/workshop/dent_output/chexpert-swap-normal/pleural_effusion/seed2015/lambda_t_star5/style.png,0.37441936,0.5952442,0.392677,0.45891157,0.4783884286880493,0.43608492612838745,0.41604214906692505,0.3997975289821625,0.38304245471954346,0.3776916265487671,0.6957206,0.5539382,0.39451507,0.59525454,0.6521815061569214,0.7016850709915161,0.7298274040222168,0.7219184041023254,0.7152048349380493,0.7130805850028992
2052,/usr/local/data/zahrat/workshop/dent_output/chexpert-swap-normal/pleural_effusion/seed2052/lambda_t_star5/style.png,0.8999159,0.9796815,0.9370553,0.91388243,0.9181004166603088,0.9123090505599976,0.9080281853675842,0.9090538620948792,0.9152305722236633,0.9178109169006348,0.74338824,0.806738,0.82551014,0.7569882,0.736985445022583,0.7521007061004639,0.7683936357498169,0.7396970987319946,0.7270848751068115,0.7367660999298096
3349,/usr/local/data/zahrat/workshop/dent_output/chexpert-swap-normal/pleural_effusion/seed3349/lambda_t_star5/style.png,0.025350079,0.9883653,0.9782106,0.93812484,0.8829318284988403,0.3627496659755707,0.09304746985435486,0.05122637003660202,0.04185052216053009,0.03384142369031906,0.052763987,0.26827002,0.13432872,0.1455582,0.0838557779788971,0.08506164699792862,0.06919930875301361,0.06475213170051575,0.06188259273767471,0.055342938750982285
3279,/usr/local/data/zahrat/workshop/dent_output/chexpert-swap-normal/pleural_effusion/seed3279/lambda_t_star5/style.png,0.069543995,0.5379123,0.5437137,0.526634,0.4213743805885315,0.2755768597126007,0.17481710016727448,0.12546545267105103,0.11145813018083572,0.0789303332567215,0.01993048,0.031177161,0.033179127,0.019686908,0.021977189928293228,0.023632455617189407,0.02577127143740654,0.02411649189889431,0.02289937622845173,0.021794043481349945
2471,/usr/local/data/zahrat/workshop/dent_output/chexpert-swap-normal/pleural_effusion/seed2471/lambda_t_star5/style.png,0.15692149,0.653092,0.7717525,0.7019081,0.5221220850944519,0.39033541083335876,0.32564496994018555,0.28918054699897766,0.2239285707473755,0.18682731688022614,0.08546525,0.2565122,0.09138929,0.069926076,0.07200036197900772,0.0709574818611145,0.07661908119916916,0.08734928071498871,0.07470060139894485,0.07717791944742203
1801,/usr/local/data/zahrat/workshop/dent_output/chexpert-swap-normal/pleural_effusion/seed1801/lambda_t_star5/style.png,0.36584717,0.8913705,0.862339,0.75644356,0.6626230478286743,0.6639146208763123,0.6525318026542664,0.6062608361244202,0.5503442883491516,0.46356523036956787,0.04752787,0.5118624,0.6211779,0.6407858,0.5424425601959229,0.21525496244430542,0.16047358512878418,0.097170390188694,0.06333255767822266,0.05446290969848633
2326,/usr/local/data/zahrat/workshop/dent_output/chexpert-swap-normal/pleural_effusion/seed2326/lambda_t_star5/style.png,0.173654,0.98648804,0.97569567,0.9100202,0.862532913684845,0.6503971815109253,0.4954380691051483,0.37523359060287476,0.28383469581604004,0.23394179344177246,0.04182208,0.6635741,0.72863436,0.7350495,0.7039012312889099,0.6027584671974182,0.053710632026195526,0.045208655297756195,0.045486923307180405,0.04395812377333641
2234,/usr/local/data/zahrat/workshop/dent_output/chexpert-swap-normal/pleural_effusion/seed2234/lambda_t_star5/style.png,0.019013675,0.8369393,0.81662303,0.23026437,0.06671831011772156,0.03934025019407272,0.03213370218873024,0.026942333206534386,0.02143632434308529,0.020678075030446053,0.4915436,0.85268706,0.8276421,0.80887395,0.8619089126586914,0.8168236613273621,0.807319700717926,0.7531043291091919,0.6192197203636169,0.5106041431427002
2661,/usr/local/data/zahrat/workshop/dent_output/chexpert-swap-normal/pleural_effusion/seed2661/lambda_t_star5/style.png,0.6552704,0.92521185,0.94648033,0.9503349,0.9448748230934143,0.9040601849555969,0.8497828245162964,0.8392037153244019,0.7865903973579407,0.736233115196228,0.4132026,0.4242413,0.40525228,0.63687867,0.5775482654571533,0.6058902740478516,0.669138491153717,0.6619027256965637,0.43603959679603577,0.288470059633255
1928,/usr/local/data/zahrat/workshop/dent_output/chexpert-swap-normal/pleural_effusion/seed1928/lambda_t_star5/style.png,0.8617672,0.91454804,0.890301,0.8808768,0.8793049454689026,0.8997775316238403,0.907741129398346,0.9102222323417664,0.8982530236244202,0.886485755443573,0.05934188,0.075479686,0.19155759,0.14789546,0.12827670574188232,0.09129709750413895,0.0963437408208847,0.09069646894931793,0.07243557274341583,0.06684814393520355
3322,/usr/local/data/zahrat/workshop/dent_output/chexpert-swap-normal/pleural_effusion/seed3322/lambda_t_star5/style.png,0.21168488,0.46576312,0.40427557,0.39710703,0.28767186403274536,0.2899342179298401,0.2542002201080322,0.2519776225090027,0.23649558424949646,0.21750518679618835,0.18440408,0.16170445,0.18034081,0.18065782,0.15470416843891144,0.18533219397068024,0.18255436420440674,0.18813471496105194,0.20665745437145233,0.1864812970161438
3376,/usr/local/data/zahrat/workshop/dent_output/chexpert-swap-normal/pleural_effusion/seed3376/lambda_t_star5/style.png,0.15587142,0.7449907,0.693764,0.6659513,0.6794385313987732,0.5675838589668274,0.5193176865577698,0.44654572010040283,0.33056876063346863,0.22939376533031464,0.039709255,0.123970374,0.104835354,0.04047832,0.07008860260248184,0.05266474187374115,0.04110371321439743,0.04274917393922806,0.04384894296526909,0.04241520166397095
3315,/usr/local/data/zahrat/workshop/dent_output/chexpert-swap-normal/pleural_effusion/seed3315/lambda_t_star5/style.png,0.04045222,0.97831464,0.97442776,0.96248186,0.568493127822876,0.09647563099861145,0.07834026217460632,0.06558075547218323,0.056302472949028015,0.049079034477472305,0.31557578,0.693629,0.4644032,0.23876241,0.45801424980163574,0.6391488313674927,0.5509732365608215,0.4696457087993622,0.38930320739746094,0.34980589151382446
1647,/usr/local/data/zahrat/workshop/dent_output/chexpert-swap-normal/pleural_effusion/seed1647/lambda_t_star5/style.png,0.06533053,0.47793958,0.24432515,0.18349463,0.13366423547267914,0.09513265639543533,0.08660784363746643,0.07519353926181793,0.07170608639717102,0.06786074489355087,0.054558728,0.36686617,0.3837507,0.3109287,0.15416060388088226,0.14706945419311523,0.12351306527853012,0.0994262546300888,0.08839630335569382,0.07539334148168564
2026,/usr/local/data/zahrat/workshop/dent_output/chexpert-swap-normal/pleural_effusion/seed2026/lambda_t_star5/style.png,0.026368465,0.7887745,0.6427996,0.64037544,0.502382755279541,0.1380816549062729,0.070470429956913,0.04860536754131317,0.03418287634849548,0.02877301163971424,0.43864754,0.68834794,0.7754794,0.7356487,0.8021062016487122,0.8063641786575317,0.7822249531745911,0.7215580940246582,0.5390710830688477,0.4688342213630676
2165,/usr/local/data/zahrat/workshop/dent_output/chexpert-swap-normal/pleural_effusion/seed2165/lambda_t_star5/style.png,0.109655224,0.8081811,0.8129343,0.6481415,0.6546626091003418,0.5078885555267334,0.35188648104667664,0.26836973428726196,0.19135533273220062,0.13638509809970856,0.11714569,0.12191477,0.3011422,0.26407003,0.11821487545967102,0.12292634695768356,0.1297198235988617,0.14125995337963104,0.12565219402313232,0.12393797188997269
2818,/usr/local/data/zahrat/workshop/dent_output/chexpert-swap-normal/pleural_effusion/seed2818/lambda_t_star5/style.png,0.046233166,0.882932,0.75834054,0.8252893,0.6235781908035278,0.3311835527420044,0.10110641270875931,0.08166663348674774,0.06764572858810425,0.05782539024949074,0.5017231,0.47185862,0.80411977,0.5144561,0.6312438249588013,0.44380518794059753,0.5291997790336609,0.5679728388786316,0.5722028017044067,0.5536361336708069
2442,/usr/local/data/zahrat/workshop/dent_output/chexpert-swap-normal/pleural_effusion/seed2442/lambda_t_star5/style.png,0.02165194,0.85751617,0.7785871,0.6906357,0.5148486495018005,0.379669725894928,0.1604921519756317,0.06401102989912033,0.038299355655908585,0.028001490980386734,0.17514485,0.8026535,0.750805,0.74707794,0.8241010904312134,0.8183904886245728,0.8049672245979309,0.6985520124435425,0.324138879776001,0.22656859457492828
2378,/usr/local/data/zahrat/workshop/dent_output/chexpert-swap-normal/pleural_effusion/seed2378/lambda_t_star5/style.png,0.10757981,0.57270795,0.25164333,0.3540309,0.49671709537506104,0.33832618594169617,0.24819019436836243,0.2184429168701172,0.15206772089004517,0.11510230600833893,0.06027241,0.05142445,0.06505006,0.059208974,0.06675095856189728,0.0671776682138443,0.06805992126464844,0.06333872675895691,0.06272806227207184,0.05686970427632332
2595,/usr/local/data/zahrat/workshop/dent_output/chexpert-swap-normal/pleural_effusion/seed2595/lambda_t_star5/style.png,0.053105507,0.8984113,0.879782,0.70111847,0.34331899881362915,0.23289278149604797,0.18009833991527557,0.1321551650762558,0.10922084003686905,0.07996178418397903,0.97012657,0.93653,0.9266977,0.9519083,0.9606592059135437,0.9626787304878235,0.9631380438804626,0.966650128364563,0.9662761092185974,0.9683947563171387
2164,/usr/local/data/zahrat/workshop/dent_output/chexpert-swap-normal/pleural_effusion/seed2164/lambda_t_star5/style.png,0.034973525,0.91878235,0.9100207,0.9295781,0.8517911434173584,0.8048677444458008,0.5549907684326172,0.2070668488740921,0.10316095501184464,0.05553073063492775,0.08048632,0.8880354,0.28360197,0.23633,0.19251109659671783,0.1323069930076599,0.11722257733345032,0.11000167578458786,0.0954703763127327,0.09302511066198349
2615,/usr/local/data/zahrat/workshop/dent_output/chexpert-swap-normal/pleural_effusion/seed2615/lambda_t_star5/style.png,0.06978916,0.74267244,0.18264094,0.12998821,0.11462470144033432,0.09494826942682266,0.10006043314933777,0.09530231356620789,0.08190426230430603,0.08068534731864929,0.09149929,0.6649389,0.4921358,0.52707595,0.4622940123081207,0.4811560809612274,0.4123573303222656,0.3738707900047302,0.23975995182991028,0.14316107332706451
3323,/usr/local/data/zahrat/workshop/dent_output/chexpert-swap-normal/pleural_effusion/seed3323/lambda_t_star5/style.png,0.036541775,0.90893596,0.8407753,0.78273803,0.5870598554611206,0.2925805449485779,0.20450621843338013,0.1416306495666504,0.10887493193149567,0.0645502582192421,0.81690085,0.790218,0.79762894,0.78433067,0.7894054055213928,0.7915967106819153,0.8008300065994263,0.8022586107254028,0.8064733743667603,0.8095906376838684
2836,/usr/local/data/zahrat/workshop/dent_output/chexpert-swap-normal/pleural_effusion/seed2836/lambda_t_star5/style.png,0.12019625,0.7007177,0.346706,0.23599789,0.1962282806634903,0.1521839201450348,0.1359672248363495,0.13592027127742767,0.12512309849262238,0.12348027527332306,0.037274037,0.16587323,0.18545397,0.11055389,0.04696612432599068,0.05149837210774422,0.05166027694940567,0.05176107585430145,0.04627561941742897,0.04403333365917206
2107,/usr/local/data/zahrat/workshop/dent_output/chexpert-swap-normal/pleural_effusion/seed2107/lambda_t_star5/style.png,0.0640664,0.6060729,0.63306,0.5302264,0.43597567081451416,0.19302892684936523,0.1149183064699173,0.10839913040399551,0.09391707926988602,0.07538694143295288,0.82503283,0.8473275,0.8361424,0.82533383,0.8388533592224121,0.8168953061103821,0.8356400728225708,0.8307176232337952,0.8290396928787231,0.8247361779212952
3327,/usr/local/data/zahrat/workshop/dent_output/chexpert-swap-normal/pleural_effusion/seed3327/lambda_t_star5/style.png,0.2462394,0.84782314,0.75424737,0.4136175,0.33339497447013855,0.6365659236907959,0.54360431432724,0.4576382637023926,0.39322081208229065,0.3188138008117676,0.8726126,0.09255929,0.9418347,0.88456094,0.9345266819000244,0.872358500957489,0.9216738343238831,0.9054029583930969,0.884340763092041,0.8808988928794861
2738,/usr/local/data/zahrat/workshop/dent_output/chexpert-swap-normal/pleural_effusion/seed2738/lambda_t_star5/style.png,0.54528457,0.9465722,0.9014961,0.91966736,0.9105044007301331,0.901899516582489,0.8487833142280579,0.7647244930267334,0.7457687854766846,0.6380119919776917,0.6026193,0.6557511,0.6852314,0.66863215,0.6933611035346985,0.6488916277885437,0.6337187886238098,0.6468097567558289,0.6280173063278198,0.605511486530304
3353,/usr/local/data/zahrat/workshop/dent_output/chexpert-swap-normal/pleural_effusion/seed3353/lambda_t_star5/style.png,0.03981564,0.6869936,0.62816864,0.720526,0.7342991232872009,0.6884494423866272,0.47555652260780334,0.22618207335472107,0.11228399723768234,0.05681057646870613,0.20785926,0.5058858,0.32970107,0.30747226,0.3933984637260437,0.2334146797657013,0.2173290252685547,0.22296853363513947,0.20225268602371216,0.20324598252773285
2830,/usr/local/data/zahrat/workshop/dent_output/chexpert-swap-normal/pleural_effusion/seed2830/lambda_t_star5/style.png,0.2410151,0.98262227,0.9832918,0.94389063,0.817778468132019,0.8594996929168701,0.7801797986030579,0.7028883695602417,0.5351508855819702,0.3663575053215027,0.30065614,0.8185398,0.6509538,0.8571075,0.849789023399353,0.8234920501708984,0.7236301302909851,0.683403491973877,0.6092265248298645,0.4718311131000519
2119,/usr/local/data/zahrat/workshop/dent_output/chexpert-swap-normal/pleural_effusion/seed2119/lambda_t_star5/style.png,0.75896126,0.9029661,0.9487926,0.9235638,0.8905642032623291,0.8783756494522095,0.8300409317016602,0.8084248900413513,0.8029667139053345,0.7770790457725525,0.47883537,0.6084756,0.46743536,0.2534481,0.2563742399215698,0.3772144317626953,0.47545120120048523,0.5201804041862488,0.4766751229763031,0.48224708437919617
1561,/usr/local/data/zahrat/workshop/dent_output/chexpert-swap-normal/pleural_effusion/seed1561/lambda_t_star5/style.png,0.24149583,0.84039503,0.78802973,0.7109536,0.7273773550987244,0.7746420502662659,0.7035508751869202,0.6419811248779297,0.5168086290359497,0.3824980556964874,0.7939588,0.83730775,0.86953694,0.8243127,0.8214271068572998,0.7944177985191345,0.7992838621139526,0.8056562542915344,0.804425835609436,0.8032692074775696
2354,/usr/local/data/zahrat/workshop/dent_output/chexpert-swap-normal/pleural_effusion/seed2354/lambda_t_star5/style.png,0.09693377,0.68417585,0.59545666,0.555239,0.5817490220069885,0.47377365827560425,0.21034543216228485,0.15513035655021667,0.1278809905052185,0.11119858920574188,0.036355894,0.10244267,0.042028442,0.05174761,0.040070947259664536,0.056900639086961746,0.05203917622566223,0.0416456013917923,0.03714020177721977,0.035510625690221786
2653,/usr/local/data/zahrat/workshop/dent_output/chexpert-swap-normal/pleural_effusion/seed2653/lambda_t_star5/style.png,0.038406767,0.81692034,0.7647974,0.66089594,0.6332106590270996,0.23323337733745575,0.12501488626003265,0.08139631152153015,0.06338322162628174,0.049928952008485794,0.09621187,0.8988909,0.89844507,0.888771,0.7653247117996216,0.3730390965938568,0.2528523802757263,0.10985542833805084,0.10270627588033676,0.09790637344121933
1665,/usr/local/data/zahrat/workshop/dent_output/chexpert-swap-normal/pleural_effusion/seed1665/lambda_t_star5/style.png,0.21990854,0.9254816,0.85391533,0.7469393,0.8415669202804565,0.7885475158691406,0.7144816517829895,0.611156165599823,0.5139146447181702,0.32525157928466797,0.13398272,0.6749772,0.27039817,0.2434537,0.15934565663337708,0.14866752922534943,0.14327237010002136,0.13923142850399017,0.13360488414764404,0.12876670062541962
2740,/usr/local/data/zahrat/workshop/dent_output/chexpert-swap-normal/pleural_effusion/seed2740/lambda_t_star5/style.png,0.016843649,0.9087217,0.7370455,0.5009129,0.15952160954475403,0.07233570516109467,0.044613976031541824,0.03238876163959503,0.027305835857987404,0.02172289974987507,0.104403734,0.7308378,0.5963536,0.8198318,0.8230423331260681,0.8203531503677368,0.8140450716018677,0.5908735990524292,0.2673898935317993,0.1583668738603592
2929,/usr/local/data/zahrat/workshop/dent_output/chexpert-swap-normal/pleural_effusion/seed2929/lambda_t_star5/style.png,0.07724678,0.9528068,0.95752716,0.8930601,0.5154314637184143,0.259520024061203,0.15307065844535828,0.12724921107292175,0.10989478975534439,0.09625131636857986,0.1395535,0.8307056,0.89772815,0.8719683,0.43750157952308655,0.2746039032936096,0.24246081709861755,0.22879545390605927,0.20187902450561523,0.17308667302131653
1789,/usr/local/data/zahrat/workshop/dent_output/chexpert-swap-normal/pleural_effusion/seed1789/lambda_t_star5/style.png,0.13875836,0.9666246,0.94335735,0.8613349,0.7460989952087402,0.6756843328475952,0.534442663192749,0.3925032317638397,0.28181198239326477,0.19834476709365845,0.09681219,0.8262044,0.8261219,0.6795437,0.8776932954788208,0.4272010922431946,0.19371719658374786,0.11154046654701233,0.1123587116599083,0.10478001087903976
3120,/usr/local/data/zahrat/workshop/dent_output/chexpert-swap-normal/pleural_effusion/seed3120/lambda_t_star5/style.png,0.07043928,0.3646214,0.25488824,0.17476265,0.10228205472230911,0.09444603323936462,0.0838060975074768,0.07969904690980911,0.07788866758346558,0.07047031819820404,0.69500387,0.79083025,0.7846445,0.7941524,0.7990411520004272,0.7833287715911865,0.7400623559951782,0.7133316993713379,0.6935843825340271,0.6782010793685913
2304,/usr/local/data/zahrat/workshop/dent_output/chexpert-swap-normal/pleural_effusion/seed2304/lambda_t_star5/style.png,0.06431595,0.8634233,0.8691015,0.8284629,0.8161343932151794,0.46903425455093384,0.32430174946784973,0.2127707153558731,0.1362522542476654,0.08809175342321396,0.6585419,0.6143408,0.65697527,0.6692239,0.7031044363975525,0.7004053592681885,0.6894660592079163,0.7021231651306152,0.6852533221244812,0.6732158064842224
1820,/usr/local/data/zahrat/workshop/dent_output/chexpert-swap-normal/pleural_effusion/seed1820/lambda_t_star5/style.png,0.037837755,0.71514523,0.726784,0.623207,0.5823178887367249,0.5789109468460083,0.19379979372024536,0.0812201201915741,0.05175640806555748,0.04359731078147888,0.059281237,0.13148177,0.10740927,0.106687255,0.11039549857378006,0.08969283849000931,0.07662306725978851,0.07621673494577408,0.07093048840761185,0.06428427994251251
3206,/usr/local/data/zahrat/workshop/dent_output/chexpert-swap-normal/pleural_effusion/seed3206/lambda_t_star5/style.png,0.059559867,0.7723135,0.7969895,0.6745707,0.5225710272789001,0.5155267715454102,0.2755449116230011,0.19031041860580444,0.1202884390950203,0.08189398795366287,0.47138685,0.8102152,0.7594166,0.7977682,0.8432705402374268,0.7920341491699219,0.855907142162323,0.8947526216506958,0.8059577345848083,0.6260915994644165
2077,/usr/local/data/zahrat/workshop/dent_output/chexpert-swap-normal/pleural_effusion/seed2077/lambda_t_star5/style.png,0.014663454,0.97551286,0.91510046,0.6390592,0.5246092081069946,0.2289303094148636,0.03791186958551407,0.025137117132544518,0.020317688584327698,0.019406499341130257,0.14595146,0.85130465,0.5285457,0.6358123,0.669503927230835,0.7679547071456909,0.2850315272808075,0.21524351835250854,0.19763891398906708,0.17229744791984558
2736,/usr/local/data/zahrat/workshop/dent_output/chexpert-swap-normal/pleural_effusion/seed2736/lambda_t_star5/style.png,0.08893688,0.77172405,0.6779016,0.60749227,0.49561700224876404,0.35860222578048706,0.22728289663791656,0.16375745832920074,0.12993593513965607,0.10952285677194595,0.025705243,0.2616036,0.4003748,0.13464062,0.03738987073302269,0.03028428740799427,0.030331816524267197,0.028641588985919952,0.026494285091757774,0.027487467974424362
2298,/usr/local/data/zahrat/workshop/dent_output/chexpert-swap-normal/pleural_effusion/seed2298/lambda_t_star5/style.png,0.16506356,0.5193543,0.48778298,0.4745565,0.3661743104457855,0.28238609433174133,0.23143543303012848,0.20778895914554596,0.18809841573238373,0.17533746361732483,0.055025343,0.18392973,0.11827025,0.11323297,0.0892152488231659,0.08252999931573868,0.08459671586751938,0.07348816096782684,0.06547814607620239,0.058416418731212616
3294,/usr/local/data/zahrat/workshop/dent_output/chexpert-swap-normal/pleural_effusion/seed3294/lambda_t_star5/style.png,0.74009556,0.97371024,0.93065035,0.9291994,0.9329730868339539,0.9315921068191528,0.9396815896034241,0.9248993992805481,0.9047982692718506,0.8560113906860352,0.9221409,0.8907517,0.8975399,0.91330403,0.9325198531150818,0.9251477718353271,0.9182182550430298,0.922231137752533,0.9109711050987244,0.9194465279579163
3049,/usr/local/data/zahrat/workshop/dent_output/chexpert-swap-normal/pleural_effusion/seed3049/lambda_t_star5/style.png,0.049110174,0.9191711,0.86850846,0.8647916,0.7620043754577637,0.7844733595848083,0.5742164254188538,0.2533889710903168,0.1525888442993164,0.0893256813287735,0.051759344,0.058868296,0.08004677,0.06413274,0.054686203598976135,0.05736381933093071,0.0736517682671547,0.06662911176681519,0.06301932781934738,0.05842258408665657
2366,/usr/local/data/zahrat/workshop/dent_output/chexpert-swap-normal/pleural_effusion/seed2366/lambda_t_star5/style.png,0.19101363,0.9516094,0.96215093,0.8894799,0.6650955080986023,0.562333881855011,0.48957836627960205,0.4141567051410675,0.32644984126091003,0.26192760467529297,0.21638536,0.081398554,0.15422237,0.4788478,0.42071348428726196,0.522324800491333,0.40419813990592957,0.36611270904541016,0.348435640335083,0.2935594618320465
2430,/usr/local/data/zahrat/workshop/dent_output/chexpert-swap-normal/pleural_effusion/seed2430/lambda_t_star5/style.png,0.023737438,0.96301067,0.93705904,0.91238457,0.6663864850997925,0.5351563096046448,0.17548808455467224,0.06775516271591187,0.044126465916633606,0.032010018825531006,0.6542293,0.15120874,0.26097777,0.71700585,0.7920205593109131,0.7111799120903015,0.7234065532684326,0.7679212093353271,0.7120685577392578,0.6906745433807373
2239,/usr/local/data/zahrat/workshop/dent_output/chexpert-swap-normal/pleural_effusion/seed2239/lambda_t_star5/style.png,0.15797827,0.9753195,0.8222489,0.5020109,0.3781106173992157,0.36413151025772095,0.3124023973941803,0.30277490615844727,0.26887983083724976,0.22625449299812317,0.07427222,0.7570677,0.63697827,0.43922132,0.3596498370170593,0.23890042304992676,0.21842975914478302,0.1848190873861313,0.13475248217582703,0.09665875136852264
1652,/usr/local/data/zahrat/workshop/dent_output/chexpert-swap-normal/pleural_effusion/seed1652/lambda_t_star5/style.png,0.08897139,0.8965411,0.9041288,0.9081662,0.9116976857185364,0.9112955927848816,0.8450459241867065,0.7211698889732361,0.29640212655067444,0.1594177484512329,0.1464138,0.11609572,0.14003904,0.29421186,0.33267587423324585,0.2948203980922699,0.35906970500946045,0.2681800425052643,0.22830815613269806,0.15484176576137543
3097,/usr/local/data/zahrat/workshop/dent_output/chexpert-swap-normal/pleural_effusion/seed3097/lambda_t_star5/style.png,0.014581989,0.69825435,0.7578231,0.42232603,0.3969942033290863,0.11178243160247803,0.07491453737020493,0.0394781157374382,0.029787147417664528,0.019846312701702118,0.5762342,0.89325684,0.9279215,0.92187685,0.9053547382354736,0.9392731189727783,0.9016289710998535,0.7579752802848816,0.6879132390022278,0.6142350435256958
3164,/usr/local/data/zahrat/workshop/dent_output/chexpert-swap-normal/pleural_effusion/seed3164/lambda_t_star5/style.png,0.12072711,0.92430454,0.8412767,0.8590041,0.8348118662834167,0.6516860127449036,0.514797568321228,0.3920418918132782,0.2998214662075043,0.18147121369838715,0.5627814,0.80319524,0.8779484,0.88432586,0.830982506275177,0.8670781850814819,0.7858680486679077,0.6880255341529846,0.6318890452384949,0.563891589641571
3177,/usr/local/data/zahrat/workshop/dent_output/chexpert-swap-normal/pleural_effusion/seed3177/lambda_t_star5/style.png,0.03712213,0.96505374,0.96055585,0.90296346,0.8315196633338928,0.4820496141910553,0.3082541823387146,0.1908172369003296,0.09231237322092056,0.053444650024175644,0.25222176,0.7538981,0.729921,0.61893547,0.40416914224624634,0.3406422734260559,0.3580676019191742,0.3261162340641022,0.31933507323265076,0.26534590125083923
2431,/usr/local/data/zahrat/workshop/dent_output/chexpert-swap-normal/pleural_effusion/seed2431/lambda_t_star5/style.png,0.02057958,0.9480801,0.9185602,0.8664325,0.19758065044879913,0.12192988395690918,0.0640895664691925,0.042729757726192474,0.0314173698425293,0.023502584546804428,0.16615213,0.10826275,0.4447726,0.4302649,0.4321383237838745,0.40941327810287476,0.3745739758014679,0.31844720244407654,0.29735079407691956,0.24139490723609924
2984,/usr/local/data/zahrat/workshop/dent_output/chexpert-swap-normal/pleural_effusion/seed2984/lambda_t_star5/style.png,0.4076716,0.9582493,0.9100055,0.89346385,0.8423276543617249,0.7994247078895569,0.7588478326797485,0.631284773349762,0.5138659477233887,0.4567994177341461,0.057693392,0.11488109,0.061027985,0.04878505,0.05780372396111488,0.05760210379958153,0.05184222012758255,0.05891065672039986,0.05809146910905838,0.05821739509701729
2840,/usr/local/data/zahrat/workshop/dent_output/chexpert-swap-normal/pleural_effusion/seed2840/lambda_t_star5/style.png,0.36467683,0.6626312,0.6687988,0.7653035,0.7942902445793152,0.8300930857658386,0.7778414487838745,0.6146917939186096,0.5237912535667419,0.44367220997810364,0.6749977,0.80146694,0.8644034,0.91262203,0.8397263288497925,0.7606046795845032,0.7124105095863342,0.6968367099761963,0.665450930595398,0.6578447222709656
2600,/usr/local/data/zahrat/workshop/dent_output/chexpert-swap-normal/pleural_effusion/seed2600/lambda_t_star5/style.png,0.07106929,0.39626312,0.32172465,0.11359991,0.09464407712221146,0.09164025634527206,0.08725376427173615,0.08466429263353348,0.07695184648036957,0.07445954531431198,0.031009784,0.2815296,0.09251235,0.08977065,0.04353983700275421,0.038916077464818954,0.036429837346076965,0.0367821529507637,0.037109989672899246,0.03468979150056839
2657,/usr/local/data/zahrat/workshop/dent_output/chexpert-swap-normal/pleural_effusion/seed2657/lambda_t_star5/style.png,0.11691518,0.8734001,0.67950374,0.7574467,0.7192785739898682,0.5752488374710083,0.30952149629592896,0.21596145629882812,0.16891413927078247,0.14013616740703583,0.031775154,0.059668586,0.036928024,0.05635115,0.057174138724803925,0.040901850908994675,0.033048197627067566,0.03251348435878754,0.03289938345551491,0.03178862854838371
2189,/usr/local/data/zahrat/workshop/dent_output/chexpert-swap-normal/pleural_effusion/seed2189/lambda_t_star5/style.png,0.40220076,0.9539219,0.9574681,0.9577812,0.954064130783081,0.9495960474014282,0.9373477101325989,0.9051152467727661,0.7628402709960938,0.5495970845222473,0.049957156,0.056304272,0.056114208,0.055990506,0.056080665439367294,0.056277498602867126,0.05293690785765648,0.05532694235444069,0.05612734332680702,0.05366348475217819
3032,/usr/local/data/zahrat/workshop/dent_output/chexpert-swap-normal/pleural_effusion/seed3032/lambda_t_star5/style.png,0.26716334,0.89269114,0.76980597,0.6108004,0.5461909174919128,0.4728102385997772,0.46840932965278625,0.3981204926967621,0.3573564887046814,0.3297562301158905,0.37863162,0.91748303,0.8185788,0.74621546,0.724018931388855,0.7396228909492493,0.6113025546073914,0.4602697193622589,0.46246305108070374,0.44752612709999084
2854,/usr/local/data/zahrat/workshop/dent_output/chexpert-swap-normal/pleural_effusion/seed2854/lambda_t_star5/style.png,0.09887143,0.76851994,0.43636003,0.360429,0.2802818715572357,0.2137048989534378,0.1665644347667694,0.13021723926067352,0.11159926652908325,0.1011434867978096,0.028404467,0.25678873,0.11295425,0.2572344,0.1947329193353653,0.14944246411323547,0.11442022770643234,0.11801467835903168,0.07888904213905334,0.05114085227251053
1964,/usr/local/data/zahrat/workshop/dent_output/chexpert-swap-normal/pleural_effusion/seed1964/lambda_t_star5/style.png,0.17888609,0.84942347,0.8235465,0.8526069,0.770941972732544,0.6137122511863708,0.4767110347747803,0.3899288773536682,0.31889498233795166,0.2470507174730301,0.2483776,0.8721556,0.87848276,0.8499148,0.8650156855583191,0.6316543817520142,0.4125819504261017,0.3700315058231354,0.3393568694591522,0.3278978168964386
3173,/usr/local/data/zahrat/workshop/dent_output/chexpert-swap-normal/pleural_effusion/seed3173/lambda_t_star5/style.png,0.025329575,0.94992584,0.91123176,0.86935055,0.6784480214118958,0.294423371553421,0.11586682498455048,0.06086114048957825,0.046615321189165115,0.03248382732272148,0.19877948,0.7086709,0.68129057,0.8080511,0.8276782631874084,0.835808515548706,0.8206380605697632,0.43127280473709106,0.30480095744132996,0.2337212711572647
2549,/usr/local/data/zahrat/workshop/dent_output/chexpert-swap-normal/pleural_effusion/seed2549/lambda_t_star5/style.png,0.11494145,0.98132426,0.97487307,0.95220524,0.7178182601928711,0.32247671484947205,0.22939547896385193,0.17673112452030182,0.15292420983314514,0.12987831234931946,0.06759931,0.105068155,0.07672485,0.10924509,0.09509921073913574,0.09712213277816772,0.0914151668548584,0.08203209191560745,0.07679224759340286,0.07189807295799255
3278,/usr/local/data/zahrat/workshop/dent_output/chexpert-swap-normal/pleural_effusion/seed3278/lambda_t_star5/style.png,0.028449368,0.91773355,0.7630149,0.3559643,0.1840735524892807,0.09936638176441193,0.07494926452636719,0.058007434010505676,0.04817233234643936,0.03748655319213867,0.10070917,0.15097563,0.15773362,0.10352342,0.1411953866481781,0.10818417370319366,0.11867476254701614,0.11520033329725266,0.11466358602046967,0.11160136759281158
1749,/usr/local/data/zahrat/workshop/dent_output/chexpert-swap-normal/pleural_effusion/seed1749/lambda_t_star5/style.png,0.10752057,0.8782328,0.8013489,0.52643263,0.3757174015045166,0.3013308644294739,0.21544867753982544,0.16985389590263367,0.13901396095752716,0.1110873818397522,0.024522392,0.05709727,0.11679359,0.098902315,0.06696566939353943,0.060966607183218,0.04471667483448982,0.036419469863176346,0.03709184750914574,0.02856697328388691
2539,/usr/local/data/zahrat/workshop/dent_output/chexpert-swap-normal/pleural_effusion/seed2539/lambda_t_star5/style.png,0.0588089,0.89058614,0.5339915,0.17944483,0.1235339567065239,0.09174605458974838,0.0757846012711525,0.0723964124917984,0.06679192930459976,0.06347597390413284,0.027863825,0.06849375,0.06813798,0.059474546,0.0648648738861084,0.032441526651382446,0.03007064014673233,0.030895428732037544,0.029737019911408424,0.031580522656440735
1756,/usr/local/data/zahrat/workshop/dent_output/chexpert-swap-normal/pleural_effusion/seed1756/lambda_t_star5/style.png,0.053959906,0.7420723,0.47102392,0.2674798,0.1616612821817398,0.10650057345628738,0.08591477572917938,0.07747302204370499,0.0670057088136673,0.05931168422102928,0.25597298,0.49489903,0.47663492,0.7690323,0.47975075244903564,0.3550710380077362,0.3625290095806122,0.36786723136901855,0.37055426836013794,0.33427679538726807
2519,/usr/local/data/zahrat/workshop/dent_output/chexpert-swap-normal/pleural_effusion/seed2519/lambda_t_star5/style.png,0.33444408,0.48390767,0.3933825,0.3978293,0.387619286775589,0.39420172572135925,0.3846088647842407,0.36465901136398315,0.3708213269710541,0.3517809212207794,0.028024776,0.06498,0.08227644,0.053387713,0.0681912750005722,0.060827791690826416,0.04550819844007492,0.03947741910815239,0.039095643907785416,0.033525049686431885
2887,/usr/local/data/zahrat/workshop/dent_output/chexpert-swap-normal/pleural_effusion/seed2887/lambda_t_star5/style.png,0.14046167,0.9799702,0.958639,0.96836144,0.9575918316841125,0.945751428604126,0.8916456699371338,0.7883058786392212,0.58985435962677,0.24991080164909363,0.15939069,0.16948113,0.36180785,0.17791677,0.17263829708099365,0.17881962656974792,0.17661967873573303,0.19754426181316376,0.18360471725463867,0.18066060543060303
2815,/usr/local/data/zahrat/workshop/dent_output/chexpert-swap-normal/pleural_effusion/seed2815/lambda_t_star5/style.png,0.01592536,0.6968627,0.17930685,0.07800607,0.03948194906115532,0.032597616314888,0.029290346428751945,0.02473805472254753,0.01958160288631916,0.017098071053624153,0.030683829,0.5049381,0.62589467,0.6017017,0.5403527617454529,0.4718298316001892,0.33514270186424255,0.17791473865509033,0.06889859586954117,0.04215773940086365
3095,/usr/local/data/zahrat/workshop/dent_output/chexpert-swap-normal/pleural_effusion/seed3095/lambda_t_star5/style.png,0.08400056,0.9563445,0.941784,0.92443895,0.8888392448425293,0.6830945014953613,0.3737605810165405,0.28994449973106384,0.1947924643754959,0.1235291138291359,0.32654476,0.8933252,0.8775258,0.891103,0.7721861004829407,0.8473457098007202,0.740207314491272,0.5904275178909302,0.437408447265625,0.33461621403694153
1599,/usr/local/data/zahrat/workshop/dent_output/chexpert-swap-normal/pleural_effusion/seed1599/lambda_t_star5/style.png,0.05285072,0.9104198,0.9287964,0.5975382,0.47902947664260864,0.3587225079536438,0.24817973375320435,0.166745126247406,0.10685840249061584,0.0825449526309967,0.8829915,0.9258161,0.9048736,0.86822236,0.9212672114372253,0.9364872574806213,0.9339873194694519,0.92942214012146,0.9267239570617676,0.8900331854820251
2917,/usr/local/data/zahrat/workshop/dent_output/chexpert-swap-normal/pleural_effusion/seed2917/lambda_t_star5/style.png,0.067633495,0.8317935,0.5424377,0.5230895,0.5834829807281494,0.5093079805374146,0.5281064510345459,0.3094041049480438,0.1524476259946823,0.09334681928157806,0.35355905,0.8228072,0.6078091,0.5983964,0.5932177305221558,0.4967246949672699,0.4155830144882202,0.3009881377220154,0.31851059198379517,0.3114662766456604
2241,/usr/local/data/zahrat/workshop/dent_output/chexpert-swap-normal/pleural_effusion/seed2241/lambda_t_star5/style.png,0.46033442,0.978449,0.9753641,0.93916756,0.9418968558311462,0.9056755900382996,0.8152936100959778,0.6771612167358398,0.5853434801101685,0.5072225332260132,0.19361663,0.49022985,0.28518382,0.16336565,0.1930627077817917,0.42737871408462524,0.37684541940689087,0.33176374435424805,0.26334187388420105,0.2273833453655243
1888,/usr/local/data/zahrat/workshop/dent_output/chexpert-swap-normal/pleural_effusion/seed1888/lambda_t_star5/style.png,0.13386148,0.7847034,0.7678406,0.77704287,0.7738255858421326,0.7554529905319214,0.62056565284729,0.4480988681316376,0.28265810012817383,0.18747706711292267,0.05552578,0.12174256,0.13688861,0.08510102,0.05578196421265602,0.05552615597844124,0.06818148493766785,0.06571755558252335,0.059744108468294144,0.055605094879865646
2000,/usr/local/data/zahrat/workshop/dent_output/chexpert-swap-normal/pleural_effusion/seed2000/lambda_t_star5/style.png,0.048419107,0.97813326,0.97655404,0.97370243,0.9445845484733582,0.8737919330596924,0.8060445785522461,0.3529592752456665,0.12612737715244293,0.06732406467199326,0.8584015,0.9405161,0.7704614,0.80007994,0.7728227376937866,0.8352423906326294,0.8326213955879211,0.8349468111991882,0.8159616589546204,0.8159324526786804
3012,/usr/local/data/zahrat/workshop/dent_output/chexpert-swap-normal/pleural_effusion/seed3012/lambda_t_star5/style.png,0.012729251,0.9671632,0.9475791,0.9083044,0.4952181875705719,0.19180212914943695,0.06599116325378418,0.04789683222770691,0.027620883658528328,0.017895719036459923,0.6035772,0.5779975,0.5412558,0.700387,0.7499862313270569,0.8306267261505127,0.8409415483474731,0.8201902508735657,0.8242649435997009,0.7768615484237671
2933,/usr/local/data/zahrat/workshop/dent_output/chexpert-swap-normal/pleural_effusion/seed2933/lambda_t_star5/style.png,0.5169306,0.9699701,0.96110266,0.9602274,0.9599847793579102,0.9561545848846436,0.947081446647644,0.9303964376449585,0.8496202826499939,0.6852821707725525,0.0821408,0.42981365,0.6906955,0.59123105,0.5767154097557068,0.4253349006175995,0.2564486861228943,0.16036540269851685,0.11642053723335266,0.10481251776218414
2670,/usr/local/data/zahrat/workshop/dent_output/chexpert-swap-normal/pleural_effusion/seed2670/lambda_t_star5/style.png,0.0347061,0.88084733,0.86007774,0.78514045,0.7439634799957275,0.516013503074646,0.16770292818546295,0.10215304791927338,0.0777897983789444,0.05180876702070236,0.78046834,0.54706466,0.7209386,0.80019313,0.8194302320480347,0.844793975353241,0.8450418710708618,0.8457494974136353,0.8078553676605225,0.7730874419212341
3016,/usr/local/data/zahrat/workshop/dent_output/chexpert-swap-normal/pleural_effusion/seed3016/lambda_t_star5/style.png,0.05104332,0.9542523,0.9543712,0.9550025,0.9061200022697449,0.8508328795433044,0.7008854746818542,0.15373897552490234,0.09790521115064621,0.06925882399082184,0.85990596,0.80153704,0.8037484,0.8246211,0.8340991139411926,0.863586962223053,0.8704738616943359,0.8576653599739075,0.8587520718574524,0.859131395816803
2832,/usr/local/data/zahrat/workshop/dent_output/chexpert-swap-normal/pleural_effusion/seed2832/lambda_t_star5/style.png,0.06556229,0.57123685,0.517416,0.50525105,0.46339020133018494,0.3885195553302765,0.30573076009750366,0.18128536641597748,0.12225675582885742,0.08203372359275818,0.16311835,0.79498065,0.7774071,0.8175886,0.7078301310539246,0.6394491195678711,0.6131998300552368,0.424345463514328,0.25273454189300537,0.19280871748924255
2972,/usr/local/data/zahrat/workshop/dent_output/chexpert-swap-normal/pleural_effusion/seed2972/lambda_t_star5/style.png,0.021849448,0.9008351,0.8823601,0.8489784,0.6435366272926331,0.21069899201393127,0.10236172378063202,0.06502671539783478,0.04374414309859276,0.03083307109773159,0.9611636,0.9472301,0.9438027,0.97100395,0.9644619226455688,0.9610455632209778,0.9520978927612305,0.9598454833030701,0.9625920057296753,0.9635443091392517
2602,/usr/local/data/zahrat/workshop/dent_output/chexpert-swap-normal/pleural_effusion/seed2602/lambda_t_star5/style.png,0.016364273,0.9198712,0.41737762,0.16583057,0.10082674026489258,0.05169755965471268,0.040331725031137466,0.03510002791881561,0.02732742764055729,0.021606450900435448,0.9169953,0.79872304,0.90249753,0.88566023,0.8839295506477356,0.9054574966430664,0.9004013538360596,0.9013713598251343,0.9110567569732666,0.9224231243133545
2585,/usr/local/data/zahrat/workshop/dent_output/chexpert-swap-normal/pleural_effusion/seed2585/lambda_t_star5/style.png,0.207345,0.9669446,0.8658871,0.8056434,0.7582297325134277,0.6506690979003906,0.5101183652877808,0.4001845717430115,0.32514163851737976,0.25487270951271057,0.07891446,0.09270657,0.07258328,0.06404942,0.07849409431219101,0.07465322315692902,0.0851048156619072,0.07882509380578995,0.07344984263181686,0.08172561973333359
1923,/usr/local/data/zahrat/workshop/dent_output/chexpert-swap-normal/pleural_effusion/seed1923/lambda_t_star5/style.png,0.06004262,0.9798512,0.9498582,0.9411828,0.95169597864151,0.9457050561904907,0.8485094308853149,0.4307976961135864,0.17726662755012512,0.09874949604272842,0.6235375,0.65955865,0.7724152,0.7820104,0.7577130794525146,0.7199736833572388,0.6931440830230713,0.66163569688797,0.6451298594474792,0.6249630451202393
2330,/usr/local/data/zahrat/workshop/dent_output/chexpert-swap-normal/pleural_effusion/seed2330/lambda_t_star5/style.png,0.033151444,0.9114235,0.93599486,0.65749663,0.47116169333457947,0.359068363904953,0.20869651436805725,0.10895879566669464,0.061066169291734695,0.04097200185060501,0.051824935,0.20900792,0.08147851,0.088160105,0.06873980164527893,0.06935886293649673,0.05959775298833847,0.05367933586239815,0.048154283314943314,0.049347687512636185
1501,/usr/local/data/zahrat/workshop/dent_output/chexpert-swap-normal/pleural_effusion/seed1501/lambda_t_star5/style.png,0.14098528,0.9617549,0.9603236,0.94103986,0.9472922086715698,0.9168955683708191,0.874676525592804,0.6304084658622742,0.39919185638427734,0.2490845024585724,0.0670829,0.8018944,0.8567683,0.9301861,0.534119725227356,0.46986743807792664,0.34585505723953247,0.2236947864294052,0.09531750530004501,0.07139358669519424
1978,/usr/local/data/zahrat/workshop/dent_output/chexpert-swap-normal/pleural_effusion/seed1978/lambda_t_star5/style.png,0.048600517,0.93384486,0.947596,0.9313262,0.9251642823219299,0.8340915441513062,0.5974106788635254,0.28771257400512695,0.1391213983297348,0.07824642956256866,0.40227246,0.90530026,0.78125596,0.83237755,0.5224552154541016,0.5505878925323486,0.7361334562301636,0.6503838300704956,0.611092209815979,0.49523234367370605
3107,/usr/local/data/zahrat/workshop/dent_output/chexpert-swap-normal/pleural_effusion/seed3107/lambda_t_star5/style.png,0.014352295,0.79978514,0.7317518,0.6018229,0.277173787355423,0.10242162644863129,0.05614742264151573,0.03135325759649277,0.02217969484627247,0.01810462400317192,0.032964405,0.17126195,0.16183208,0.14164571,0.07785788923501968,0.04934731125831604,0.03739306330680847,0.03722378984093666,0.035246629267930984,0.032724685966968536
2527,/usr/local/data/zahrat/workshop/dent_output/chexpert-swap-normal/pleural_effusion/seed2527/lambda_t_star5/style.png,0.1927621,0.92237556,0.8496483,0.6086768,0.4486800730228424,0.39436593651771545,0.3357231020927429,0.3039943277835846,0.28157100081443787,0.2426505982875824,0.101290196,0.7414134,0.6910481,0.29780656,0.4193689227104187,0.42050787806510925,0.2143469750881195,0.19476325809955597,0.15845094621181488,0.11571139842271805
2888,/usr/local/data/zahrat/workshop/dent_output/chexpert-swap-normal/pleural_effusion/seed2888/lambda_t_star5/style.png,0.03747063,0.94811237,0.7038369,0.3768767,0.15139344334602356,0.10236040502786636,0.08693664520978928,0.06077580899000168,0.05264769867062569,0.04514508694410324,0.25214124,0.4574013,0.65512997,0.58139926,0.6396217346191406,0.5632279515266418,0.4600934684276581,0.42061087489128113,0.314008504152298,0.24807234108448029
1536,/usr/local/data/zahrat/workshop/dent_output/chexpert-swap-normal/pleural_effusion/seed1536/lambda_t_star5/style.png,0.031546276,0.979157,0.9129807,0.92578137,0.9301228523254395,0.7678878307342529,0.4857785105705261,0.3217678368091583,0.1528337001800537,0.06641951948404312,0.09624847,0.17674242,0.2530176,0.52653795,0.3680950105190277,0.46838894486427307,0.32284876704216003,0.23443272709846497,0.1757243275642395,0.12741361558437347
2777,/usr/local/data/zahrat/workshop/dent_output/chexpert-swap-normal/pleural_effusion/seed2777/lambda_t_star5/style.png,0.02759001,0.8293024,0.74783504,0.50657827,0.1140093132853508,0.06390324980020523,0.05046951398253441,0.04404086247086525,0.03932802379131317,0.032639432698488235,0.74236554,0.8394879,0.86720145,0.9165826,0.9211353063583374,0.786094069480896,0.772047221660614,0.7989616990089417,0.7827798128128052,0.7901849150657654
2024,/usr/local/data/zahrat/workshop/dent_output/chexpert-swap-normal/pleural_effusion/seed2024/lambda_t_star5/style.png,0.018990926,0.92632425,0.58438545,0.41495058,0.1761089563369751,0.1306498795747757,0.07392185926437378,0.0438225157558918,0.03309830278158188,0.024210788309574127,0.10789239,0.2130514,0.28107834,0.20400697,0.10624314099550247,0.08940006792545319,0.10148608684539795,0.11448541283607483,0.11370710283517838,0.11748071759939194
3115,/usr/local/data/zahrat/workshop/dent_output/chexpert-swap-normal/pleural_effusion/seed3115/lambda_t_star5/style.png,0.07099147,0.33716172,0.24193518,0.21773241,0.1933726817369461,0.17867733538150787,0.1433011144399643,0.12470623105764389,0.1171393021941185,0.08792989701032639,0.86056775,0.91263306,0.8842037,0.8586323,0.8683003783226013,0.8702778220176697,0.8589027523994446,0.8599236607551575,0.8602136969566345,0.8548485040664673
2959,/usr/local/data/zahrat/workshop/dent_output/chexpert-swap-normal/pleural_effusion/seed2959/lambda_t_star5/style.png,0.017710855,0.9663498,0.9125873,0.8776464,0.6639540791511536,0.4007551372051239,0.1895085871219635,0.0581267811357975,0.028267517685890198,0.022701967507600784,0.15964337,0.31065914,0.554514,0.16044277,0.12564490735530853,0.2480100840330124,0.3376134932041168,0.2543233633041382,0.23239456117153168,0.18986563384532928
2080,/usr/local/data/zahrat/workshop/dent_output/chexpert-swap-normal/pleural_effusion/seed2080/lambda_t_star5/style.png,0.025628194,0.68428373,0.6675505,0.42875594,0.22775384783744812,0.0690523236989975,0.06674328446388245,0.05462464690208435,0.043116889894008636,0.03295663371682167,0.73008823,0.5963837,0.8639042,0.91122246,0.9049851894378662,0.8598746061325073,0.8506107330322266,0.7988747954368591,0.70926433801651,0.7335084080696106
2920,/usr/local/data/zahrat/workshop/dent_output/chexpert-swap-normal/pleural_effusion/seed2920/lambda_t_star5/style.png,0.098566875,0.9355653,0.8179048,0.6722749,0.3845551013946533,0.2448597252368927,0.19302454590797424,0.17314165830612183,0.156806081533432,0.11711373925209045,0.30386177,0.9628783,0.91647947,0.93190664,0.952484130859375,0.9585972428321838,0.9545313119888306,0.5009782910346985,0.3651118278503418,0.27915117144584656
2420,/usr/local/data/zahrat/workshop/dent_output/chexpert-swap-normal/pleural_effusion/seed2420/lambda_t_star5/style.png,0.15019588,0.9613894,0.8914956,0.86415726,0.6011250019073486,0.5476532578468323,0.5523162484169006,0.47245997190475464,0.4152732789516449,0.27304163575172424,0.049774688,0.07920895,0.092842944,0.07028903,0.06845694780349731,0.06423282623291016,0.0625300258398056,0.059774935245513916,0.0576498918235302,0.05302270129323006
1920,/usr/local/data/zahrat/workshop/dent_output/chexpert-swap-normal/pleural_effusion/seed1920/lambda_t_star5/style.png,0.018481154,0.9310715,0.2895595,0.14604393,0.0683719739317894,0.0495501346886158,0.03990110009908676,0.03017355687916279,0.025673862546682358,0.02194155566394329,0.37868413,0.91439384,0.77575874,0.801388,0.7584594488143921,0.7875697016716003,0.7936762571334839,0.7915664315223694,0.7811219096183777,0.48910680413246155
1782,/usr/local/data/zahrat/workshop/dent_output/chexpert-swap-normal/pleural_effusion/seed1782/lambda_t_star5/style.png,0.0972535,0.15994035,0.12493122,0.113526866,0.11061415076255798,0.10589204728603363,0.10265389084815979,0.10135695338249207,0.10057824105024338,0.10393177717924118,0.14899127,0.825569,0.80782694,0.7965694,0.764907717704773,0.7037789821624756,0.5138030648231506,0.3141288161277771,0.24833719432353973,0.1693771481513977
3077,/usr/local/data/zahrat/workshop/dent_output/chexpert-swap-normal/pleural_effusion/seed3077/lambda_t_star5/style.png,0.2512909,0.98938787,0.96128607,0.9615912,0.9236985445022583,0.8718366026878357,0.8143221735954285,0.7517521977424622,0.603010356426239,0.4056423306465149,0.5678573,0.8795028,0.66571856,0.6017725,0.5732924938201904,0.5355284810066223,0.5553002953529358,0.5767814517021179,0.5841165781021118,0.5851948261260986
3055,/usr/local/data/zahrat/workshop/dent_output/chexpert-swap-normal/pleural_effusion/seed3055/lambda_t_star5/style.png,0.07642599,0.96680665,0.9533121,0.938003,0.8910041451454163,0.5360117554664612,0.4139193892478943,0.2469056099653244,0.1878042370080948,0.11754366755485535,0.4023987,0.40971395,0.83975893,0.55147445,0.6567530632019043,0.5448917150497437,0.5403108596801758,0.5411189198493958,0.50327467918396,0.46290087699890137
2816,/usr/local/data/zahrat/workshop/dent_output/chexpert-swap-normal/pleural_effusion/seed2816/lambda_t_star5/style.png,0.051863365,0.9637307,0.9533898,0.8722239,0.8347082138061523,0.6448574662208557,0.5472806692123413,0.40280547738075256,0.2383965253829956,0.11365894973278046,0.09221907,0.6890448,0.8169404,0.87680084,0.6681351065635681,0.25220441818237305,0.1431920975446701,0.12581828236579895,0.11050934344530106,0.09625966846942902
1705,/usr/local/data/zahrat/workshop/dent_output/chexpert-swap-normal/pleural_effusion/seed1705/lambda_t_star5/style.png,0.14088339,0.975206,0.91278696,0.9074303,0.8708301782608032,0.8159354329109192,0.7902212738990784,0.7251220941543579,0.5370637774467468,0.239023819565773,0.8780913,0.8948001,0.881615,0.78426987,0.794822633266449,0.8612344861030579,0.8546826243400574,0.8610129356384277,0.8608857989311218,0.8690959811210632
1885,/usr/local/data/zahrat/workshop/dent_output/chexpert-swap-normal/pleural_effusion/seed1885/lambda_t_star5/style.png,0.19102962,0.8117121,0.63623565,0.59070927,0.550113320350647,0.5207639336585999,0.4850510060787201,0.4326834976673126,0.34732919931411743,0.24836105108261108,0.08166298,0.36185187,0.11219251,0.10591579,0.08540114015340805,0.08232104778289795,0.07512863725423813,0.07244642823934555,0.07542181015014648,0.07467945665121078
2014,/usr/local/data/zahrat/workshop/dent_output/chexpert-swap-normal/pleural_effusion/seed2014/lambda_t_star5/style.png,0.016272148,0.6490783,0.4456622,0.12164812,0.03807101398706436,0.023413386195898056,0.022434039041399956,0.01945381425321102,0.017817843705415726,0.017298433929681778,0.027163852,0.07324356,0.028164199,0.038686864,0.03645230084657669,0.03420577943325043,0.03333541005849838,0.035580385476350784,0.030862770974636078,0.031127000227570534
2626,/usr/local/data/zahrat/workshop/dent_output/chexpert-swap-normal/pleural_effusion/seed2626/lambda_t_star5/style.png,0.107599385,0.9557134,0.9372034,0.9076472,0.8658278584480286,0.7722183465957642,0.7017381191253662,0.27112022042274475,0.19988077878952026,0.14109548926353455,0.71366924,0.7652253,0.7060009,0.6891905,0.678126871585846,0.704996645450592,0.7099143862724304,0.678450345993042,0.699675977230072,0.706365704536438
2374,/usr/local/data/zahrat/workshop/dent_output/chexpert-swap-normal/pleural_effusion/seed2374/lambda_t_star5/style.png,0.053048216,0.90591294,0.81992763,0.6543727,0.578193724155426,0.5402556657791138,0.47850626707077026,0.2837171256542206,0.13042381405830383,0.06804905086755753,0.07364986,0.65944016,0.74170667,0.15717864,0.1095341145992279,0.10156634449958801,0.09455092996358871,0.0853930190205574,0.07909257709980011,0.07035528868436813
1959,/usr/local/data/zahrat/workshop/dent_output/chexpert-swap-normal/pleural_effusion/seed1959/lambda_t_star5/style.png,0.03887579,0.9638556,0.9458202,0.9317508,0.9263790845870972,0.8878459930419922,0.8842610716819763,0.821255624294281,0.2185697853565216,0.06000732257962227,0.049546227,0.13113189,0.08784835,0.08991477,0.09931929409503937,0.08295786380767822,0.06285887211561203,0.06083960086107254,0.05787002295255661,0.05152222141623497
1512,/usr/local/data/zahrat/workshop/dent_output/chexpert-swap-normal/pleural_effusion/seed1512/lambda_t_star5/style.png,0.088299476,0.93977696,0.92808044,0.9239605,0.8493548631668091,0.7050840258598328,0.5847353935241699,0.3993435800075531,0.21657663583755493,0.13135802745819092,0.11021864,0.3017852,0.38157746,0.19289164,0.15117712318897247,0.14926989376544952,0.16007857024669647,0.15173344314098358,0.13445140421390533,0.12196740508079529
2916,/usr/local/data/zahrat/workshop/dent_output/chexpert-swap-normal/pleural_effusion/seed2916/lambda_t_star5/style.png,0.0898345,0.96456015,0.951683,0.80673283,0.3189147710800171,0.24797698855400085,0.19572791457176208,0.14976398646831512,0.12634415924549103,0.1109037771821022,0.06175865,0.45266023,0.25261238,0.12389372,0.0897558331489563,0.07515349984169006,0.07904932647943497,0.07131367921829224,0.06279406696557999,0.06226973608136177
2921,/usr/local/data/zahrat/workshop/dent_output/chexpert-swap-normal/pleural_effusion/seed2921/lambda_t_star5/style.png,0.24350582,0.96989274,0.9665385,0.94747466,0.9402201175689697,0.8699585199356079,0.8035233020782471,0.5933111310005188,0.4961383640766144,0.37665051221847534,0.7600464,0.83573157,0.9070645,0.90009236,0.8612121939659119,0.8451482653617859,0.8042739629745483,0.7898825407028198,0.780518114566803,0.7570915222167969
2870,/usr/local/data/zahrat/workshop/dent_output/chexpert-swap-normal/pleural_effusion/seed2870/lambda_t_star5/style.png,0.079225,0.9626364,0.90314496,0.75007415,0.6728008389472961,0.5258098840713501,0.20364117622375488,0.14947214722633362,0.12476316094398499,0.09620463848114014,0.048608188,0.2968906,0.4727967,0.15473916,0.084971122443676,0.05910113453865051,0.05624851956963539,0.05901360884308815,0.05318158119916916,0.05032941326498985
3371,/usr/local/data/zahrat/workshop/dent_output/chexpert-swap-normal/pleural_effusion/seed3371/lambda_t_star5/style.png,0.20211612,0.93431616,0.8986079,0.8837594,0.6969043016433716,0.6163152456283569,0.525058388710022,0.48221221566200256,0.3701572120189667,0.2718425393104553,0.08461186,0.844948,0.8953849,0.92054087,0.33395206928253174,0.24095745384693146,0.17101174592971802,0.17241007089614868,0.14578109979629517,0.1033271923661232
2357,/usr/local/data/zahrat/workshop/dent_output/chexpert-swap-normal/pleural_effusion/seed2357/lambda_t_star5/style.png,0.035586465,0.96001685,0.9379052,0.93467194,0.8568140268325806,0.5637104511260986,0.21811296045780182,0.1106460690498352,0.07099423557519913,0.051242224872112274,0.085192814,0.23873706,0.319166,0.19999053,0.20354200899600983,0.17864802479743958,0.15517330169677734,0.12824773788452148,0.10533080995082855,0.09883788973093033
1972,/usr/local/data/zahrat/workshop/dent_output/chexpert-swap-normal/pleural_effusion/seed1972/lambda_t_star5/style.png,0.131194,0.9822317,0.916991,0.89751846,0.6670953631401062,0.5489792227745056,0.4925250709056854,0.39062321186065674,0.2776891887187958,0.19500556588172913,0.8672622,0.86890674,0.8297184,0.92213696,0.9248711466789246,0.89686119556427,0.8874905109405518,0.8879185914993286,0.8837708234786987,0.8791460990905762
2236,/usr/local/data/zahrat/workshop/dent_output/chexpert-swap-normal/pleural_effusion/seed2236/lambda_t_star5/style.png,0.28793827,0.9305908,0.58024544,0.8520599,0.8646780252456665,0.8164074420928955,0.44521820545196533,0.4251188635826111,0.3578304052352905,0.31399616599082947,0.07485303,0.056961257,0.044400427,0.04072335,0.05849015340209007,0.0741126537322998,0.09919354319572449,0.0969385877251625,0.09808982163667679,0.08329359441995621
1563,/usr/local/data/zahrat/workshop/dent_output/chexpert-swap-normal/pleural_effusion/seed1563/lambda_t_star5/style.png,0.023904707,0.7611376,0.2669284,0.09180967,0.058272719383239746,0.042142726480960846,0.03550219163298607,0.03388230502605438,0.031115133315324783,0.02655130624771118,0.019827122,0.012585928,0.025563784,0.03296302,0.03421131893992424,0.023618409410119057,0.02391253598034382,0.023573344573378563,0.023554807528853416,0.021724464371800423
1732,/usr/local/data/zahrat/workshop/dent_output/chexpert-swap-normal/pleural_effusion/seed1732/lambda_t_star5/style.png,0.16997147,0.83436567,0.85388577,0.78073436,0.6705268621444702,0.4445417523384094,0.31882962584495544,0.24357551336288452,0.21262313425540924,0.18518060445785522,0.017996842,0.08859089,0.029962258,0.030563826,0.03200102224946022,0.026950635015964508,0.02523321658372879,0.025267135351896286,0.024044955149292946,0.02071140706539154
2723,/usr/local/data/zahrat/workshop/dent_output/chexpert-swap-normal/pleural_effusion/seed2723/lambda_t_star5/style.png,0.046054058,0.9669018,0.9333501,0.33249393,0.14780429005622864,0.09119245409965515,0.06440442055463791,0.06649841368198395,0.06301014870405197,0.052052564918994904,0.06227225,0.14340131,0.07381888,0.08575036,0.0788707360625267,0.0856698602437973,0.06533606350421906,0.05974062159657478,0.06099081039428711,0.062050409615039825
2140,/usr/local/data/zahrat/workshop/dent_output/chexpert-swap-normal/pleural_effusion/seed2140/lambda_t_star5/style.png,0.04338318,0.9237725,0.67212045,0.3287146,0.17397387325763702,0.10969676077365875,0.08006327599287033,0.07151596248149872,0.06266038119792938,0.05638639256358147,0.8498514,0.64649093,0.8658835,0.84641063,0.8531900644302368,0.8545551896095276,0.8510237336158752,0.8407730460166931,0.8350721001625061,0.8355571031570435
2054,/usr/local/data/zahrat/workshop/dent_output/chexpert-swap-normal/pleural_effusion/seed2054/lambda_t_star5/style.png,0.051283427,0.44958138,0.29340795,0.3335346,0.3171616792678833,0.1879168003797531,0.14770585298538208,0.12476478517055511,0.08917318284511566,0.06138286739587784,0.023929125,0.041711155,0.030596113,0.035817545,0.03525286540389061,0.034225840121507645,0.02857610024511814,0.02854989655315876,0.02655346319079399,0.024643579497933388
2486,/usr/local/data/zahrat/workshop/dent_output/chexpert-swap-normal/pleural_effusion/seed2486/lambda_t_star5/style.png,0.052987304,0.9676615,0.9301866,0.75271946,0.5022148489952087,0.09439855068922043,0.06495443731546402,0.06111154705286026,0.058307163417339325,0.054972220212221146,0.73885036,0.17375362,0.71178603,0.73539716,0.7638051509857178,0.7338799834251404,0.7354677319526672,0.7163434028625488,0.7325621843338013,0.7414590716362
1681,/usr/local/data/zahrat/workshop/dent_output/chexpert-swap-normal/pleural_effusion/seed1681/lambda_t_star5/style.png,0.27656418,0.9610703,0.9237426,0.8553628,0.8574166893959045,0.8495930433273315,0.844963788986206,0.7900582551956177,0.6839368939399719,0.43201446533203125,0.6337972,0.67942095,0.69902074,0.7327867,0.6539661288261414,0.6244791150093079,0.5968490242958069,0.6044040322303772,0.6081993579864502,0.6178587675094604
1525,/usr/local/data/zahrat/workshop/dent_output/chexpert-swap-normal/pleural_effusion/seed1525/lambda_t_star5/style.png,0.5686337,0.69623977,0.66089827,0.6689568,0.7182452082633972,0.6927384734153748,0.6701071262359619,0.6219044327735901,0.61100834608078,0.5902687311172485,0.15127784,0.6062022,0.32239088,0.33882442,0.34113937616348267,0.19965428113937378,0.2004958838224411,0.19612155854701996,0.18829137086868286,0.18793246150016785
3243,/usr/local/data/zahrat/workshop/dent_output/chexpert-swap-normal/pleural_effusion/seed3243/lambda_t_star5/style.png,0.09524733,0.8971919,0.73107606,0.46355787,0.4491681158542633,0.3524990975856781,0.23361077904701233,0.1563544124364853,0.11781124025583267,0.10592781752347946,0.36906156,0.5572066,0.52241117,0.5718622,0.5993131399154663,0.5674575567245483,0.5156092643737793,0.4659824073314667,0.4458529055118561,0.3887644410133362
3172,/usr/local/data/zahrat/workshop/dent_output/chexpert-swap-normal/pleural_effusion/seed3172/lambda_t_star5/style.png,0.18147033,0.9487942,0.92118895,0.8513564,0.8537576794624329,0.5947272181510925,0.46539542078971863,0.3656293749809265,0.27642104029655457,0.22843024134635925,0.85448813,0.88378733,0.8743646,0.87540793,0.8623297214508057,0.8441703915596008,0.8031404614448547,0.8208993673324585,0.8332505226135254,0.8294907212257385
1741,/usr/local/data/zahrat/workshop/dent_output/chexpert-swap-normal/pleural_effusion/seed1741/lambda_t_star5/style.png,0.23289335,0.98342854,0.9205466,0.9232548,0.8850523829460144,0.792908251285553,0.7076513171195984,0.6084105372428894,0.5068626999855042,0.3594515323638916,0.6600264,0.7657427,0.7711386,0.7911806,0.8016780018806458,0.7864652276039124,0.7219005823135376,0.7044764161109924,0.6818631291389465,0.6577189564704895
2204,/usr/local/data/zahrat/workshop/dent_output/chexpert-swap-normal/pleural_effusion/seed2204/lambda_t_star5/style.png,0.1537524,0.974484,0.9718228,0.96937907,0.9640349745750427,0.9618404507637024,0.9383269548416138,0.5082811713218689,0.3163685202598572,0.21927323937416077,0.678987,0.3801854,0.7337522,0.7883025,0.8004651069641113,0.7932147979736328,0.7566298842430115,0.7554537653923035,0.7136440873146057,0.7176905274391174
3287,/usr/local/data/zahrat/workshop/dent_output/chexpert-swap-normal/pleural_effusion/seed3287/lambda_t_star5/style.png,0.4913341,0.5075889,0.4560058,0.47217786,0.5249466300010681,0.5005784630775452,0.489341676235199,0.4918212294578552,0.48489439487457275,0.48805975914001465,0.84734124,0.87361807,0.79331565,0.6482049,0.7799002528190613,0.817577064037323,0.8248685598373413,0.8456143140792847,0.8545405864715576,0.8486831784248352
2218,/usr/local/data/zahrat/workshop/dent_output/chexpert-swap-normal/pleural_effusion/seed2218/lambda_t_star5/style.png,0.073877804,0.8846366,0.9672801,0.8057372,0.6122797727584839,0.33656546473503113,0.20896093547344208,0.1443222165107727,0.10964713245630264,0.08433794975280762,0.07399511,0.10398439,0.053543597,0.052500226,0.0627375990152359,0.05784066766500473,0.05046696215867996,0.06604213267564774,0.06474816054105759,0.0672585517168045
3343,/usr/local/data/zahrat/workshop/dent_output/chexpert-swap-normal/pleural_effusion/seed3343/lambda_t_star5/style.png,0.13604571,0.9749546,0.9689126,0.9545453,0.9456886053085327,0.8403821587562561,0.5185776352882385,0.30993807315826416,0.23128314316272736,0.17391106486320496,0.028915405,0.1411696,0.15034075,0.17177461,0.13729436695575714,0.1279338151216507,0.10536307841539383,0.07697887718677521,0.06275122612714767,0.04416484013199806
2971,/usr/local/data/zahrat/workshop/dent_output/chexpert-swap-normal/pleural_effusion/seed2971/lambda_t_star5/style.png,0.017794585,0.38777652,0.3317811,0.055240706,0.09613323956727982,0.06118598207831383,0.04983621463179588,0.03477868810296059,0.02768603526055813,0.02185208350419998,0.068783715,0.025096914,0.01644661,0.089706734,0.1372884064912796,0.13016360998153687,0.13070523738861084,0.12700717151165009,0.09921003133058548,0.07350659370422363
1798,/usr/local/data/zahrat/workshop/dent_output/chexpert-swap-normal/pleural_effusion/seed1798/lambda_t_star5/style.png,0.40128848,0.96325433,0.9220283,0.88294333,0.8286072611808777,0.7967205047607422,0.7898852229118347,0.7708263993263245,0.7839866280555725,0.5617541670799255,0.13978572,0.7948831,0.9426828,0.93170667,0.9453692436218262,0.9181285500526428,0.3561176359653473,0.3343144655227661,0.2475755363702774,0.1676628440618515
2286,/usr/local/data/zahrat/workshop/dent_output/chexpert-swap-normal/pleural_effusion/seed2286/lambda_t_star5/style.png,0.06496147,0.93173826,0.8785408,0.8381323,0.4705968499183655,0.3578934669494629,0.2885452210903168,0.2097824215888977,0.14638127386569977,0.09602731466293335,0.34713402,0.77503884,0.5910024,0.54107136,0.5755801796913147,0.5518912672996521,0.5438002943992615,0.5424609780311584,0.49628734588623047,0.4214823544025421
2801,/usr/local/data/zahrat/workshop/dent_output/chexpert-swap-normal/pleural_effusion/seed2801/lambda_t_star5/style.png,0.028925577,0.7155503,0.7231717,0.5369595,0.16195634007453918,0.08681175112724304,0.07158704847097397,0.04864344000816345,0.04223489761352539,0.034377939999103546,0.28406733,0.39362058,0.29405138,0.22612056,0.24338193237781525,0.2548553943634033,0.2756135165691376,0.29578515887260437,0.29943904280662537,0.2916508913040161
1578,/usr/local/data/zahrat/workshop/dent_output/chexpert-swap-normal/pleural_effusion/seed1578/lambda_t_star5/style.png,0.035191078,0.93914443,0.86626494,0.79233354,0.572015106678009,0.2752048075199127,0.12728716433048248,0.0809425637125969,0.06289844214916229,0.046538714319467545,0.38873547,0.94894767,0.80825275,0.7349557,0.6937335729598999,0.7054445743560791,0.6062247157096863,0.5616801977157593,0.4856373369693756,0.40766242146492004
2766,/usr/local/data/zahrat/workshop/dent_output/chexpert-swap-normal/pleural_effusion/seed2766/lambda_t_star5/style.png,0.5043474,0.9281553,0.8986754,0.80553037,0.708573579788208,0.6469678282737732,0.6034227013587952,0.573601484298706,0.5578082799911499,0.5245369076728821,0.11976958,0.09543246,0.20526558,0.19496122,0.21236827969551086,0.13847149908542633,0.14077621698379517,0.13839982450008392,0.12882283329963684,0.13558191061019897
2811,/usr/local/data/zahrat/workshop/dent_output/chexpert-swap-normal/pleural_effusion/seed2811/lambda_t_star5/style.png,0.060221538,0.7883082,0.7012646,0.6368372,0.4800761044025421,0.1470337063074112,0.09985760599374771,0.08594293892383575,0.0745057463645935,0.06703463196754456,0.033362173,0.033948116,0.08033525,0.106294475,0.07488290965557098,0.06106802076101303,0.06381060928106308,0.06067582219839096,0.04788416996598244,0.03789976239204407
2862,/usr/local/data/zahrat/workshop/dent_output/chexpert-swap-normal/pleural_effusion/seed2862/lambda_t_star5/style.png,0.13718091,0.9525181,0.92696565,0.93558776,0.8239338994026184,0.7851637601852417,0.7561198472976685,0.6120743155479431,0.4104590117931366,0.2644549608230591,0.08978749,0.6001138,0.6623829,0.5579488,0.18150214850902557,0.1274067461490631,0.10616696625947952,0.0955628752708435,0.10057343542575836,0.09093313664197922
2111,/usr/local/data/zahrat/workshop/dent_output/chexpert-swap-normal/pleural_effusion/seed2111/lambda_t_star5/style.png,0.011755081,0.82561755,0.8814825,0.21507174,0.0689476802945137,0.03180404007434845,0.02305895835161209,0.017993804067373276,0.01640981249511242,0.014291812665760517,0.042814672,0.19508445,0.47910088,0.56346446,0.30101463198661804,0.1459471583366394,0.09941636025905609,0.07431618869304657,0.05951816216111183,0.04865026846528053
2224,/usr/local/data/zahrat/workshop/dent_output/chexpert-swap-normal/pleural_effusion/seed2224/lambda_t_star5/style.png,0.048442088,0.84453166,0.82981664,0.7543409,0.6445326805114746,0.5738134980201721,0.31654244661331177,0.1999967396259308,0.14595508575439453,0.07781632989645004,0.70215833,0.7394725,0.7226259,0.7163679,0.7263193726539612,0.6862607002258301,0.7118015885353088,0.709344744682312,0.6949724555015564,0.7035015225410461
2906,/usr/local/data/zahrat/workshop/dent_output/chexpert-swap-normal/pleural_effusion/seed2906/lambda_t_star5/style.png,0.10647196,0.9510029,0.94383496,0.94710034,0.8075035214424133,0.555696964263916,0.3491661548614502,0.24644841253757477,0.20759934186935425,0.1520802229642868,0.59127146,0.8127311,0.8572728,0.8438985,0.8486232161521912,0.8398658037185669,0.8615914583206177,0.8084126114845276,0.7580827474594116,0.6963872313499451
3040,/usr/local/data/zahrat/workshop/dent_output/chexpert-swap-normal/pleural_effusion/seed3040/lambda_t_star5/style.png,0.12759499,0.8532465,0.7503525,0.56604826,0.40986543893814087,0.31167396903038025,0.23872126638889313,0.21406084299087524,0.18051597476005554,0.14712342619895935,0.059375126,0.1716332,0.13834275,0.092145324,0.1517944484949112,0.08008220791816711,0.08002891391515732,0.06987264007329941,0.0646500289440155,0.0700642466545105
2008,/usr/local/data/zahrat/workshop/dent_output/chexpert-swap-normal/pleural_effusion/seed2008/lambda_t_star5/style.png,0.037005097,0.77555764,0.74675405,0.20972493,0.15134912729263306,0.141855388879776,0.08229289948940277,0.06143859773874283,0.04761429876089096,0.039536379277706146,0.025660826,0.037241533,0.03458663,0.036209803,0.029462790116667747,0.0289449580013752,0.02794603444635868,0.02860914170742035,0.02748221531510353,0.02747049368917942
1766,/usr/local/data/zahrat/workshop/dent_output/chexpert-swap-normal/pleural_effusion/seed1766/lambda_t_star5/style.png,0.07135764,0.750405,0.5125424,0.29434207,0.1939886212348938,0.15846063196659088,0.12172539532184601,0.10845410078763962,0.09474469721317291,0.08044707030057907,0.80235255,0.5542,0.89043725,0.8399768,0.8096808791160583,0.8461664319038391,0.8685917258262634,0.802274763584137,0.8093175292015076,0.8231164813041687
2909,/usr/local/data/zahrat/workshop/dent_output/chexpert-swap-normal/pleural_effusion/seed2909/lambda_t_star5/style.png,0.036882102,0.9798718,0.9488976,0.638944,0.26436513662338257,0.128971129655838,0.0893741026520729,0.06762673705816269,0.04989068582653999,0.03817763552069664,0.44474718,0.8852469,0.8470897,0.846947,0.7629152536392212,0.7624849677085876,0.8041378259658813,0.7997481822967529,0.7899265289306641,0.659544825553894
3259,/usr/local/data/zahrat/workshop/dent_output/chexpert-swap-normal/pleural_effusion/seed3259/lambda_t_star5/style.png,0.20558147,0.9723813,0.9805674,0.9843885,0.9593472480773926,0.9354372024536133,0.9004983901977539,0.7728503346443176,0.5398608446121216,0.34017789363861084,0.9283187,0.50609845,0.888136,0.92040765,0.9276440143585205,0.9031199812889099,0.8981674909591675,0.9119514226913452,0.921835720539093,0.9261180758476257
3198,/usr/local/data/zahrat/workshop/dent_output/chexpert-swap-normal/pleural_effusion/seed3198/lambda_t_star5/style.png,0.070631474,0.8068746,0.6998507,0.63116974,0.5288302302360535,0.45149531960487366,0.3225148320198059,0.2068413943052292,0.14580334722995758,0.1094871237874031,0.6075584,0.49312556,0.7583261,0.7076352,0.7199680805206299,0.7264790534973145,0.6984466314315796,0.6749908924102783,0.6575396656990051,0.6412883400917053
1698,/usr/local/data/zahrat/workshop/dent_output/chexpert-swap-normal/pleural_effusion/seed1698/lambda_t_star5/style.png,0.48188457,0.9761371,0.9476903,0.85767597,0.847802996635437,0.8685570359230042,0.8660889267921448,0.8474764823913574,0.6955064535140991,0.5901444554328918,0.42436707,0.29773793,0.37508976,0.32983804,0.3593043088912964,0.3897892236709595,0.39549991488456726,0.4122663736343384,0.3895123600959778,0.4148397147655487
1531,/usr/local/data/zahrat/workshop/dent_output/chexpert-swap-normal/pleural_effusion/seed1531/lambda_t_star5/style.png,0.017324155,0.41364777,0.40971234,0.29211637,0.17771071195602417,0.16432981193065643,0.042192067950963974,0.029851045459508896,0.023496633395552635,0.019131071865558624,0.09954627,0.23856805,0.083413646,0.087509066,0.1363925337791443,0.15064416825771332,0.15411376953125,0.12651871144771576,0.11120987683534622,0.102436862885952
2458,/usr/local/data/zahrat/workshop/dent_output/chexpert-swap-normal/pleural_effusion/seed2458/lambda_t_star5/style.png,0.032417264,0.9413463,0.6467533,0.50977975,0.2578122019767761,0.13492247462272644,0.09227140992879868,0.058549776673316956,0.04596808925271034,0.04039633274078369,0.06094153,0.44718403,0.36294323,0.43676382,0.146675243973732,0.13855411112308502,0.0782475620508194,0.07236188650131226,0.06688477098941803,0.06842988729476929
3036,/usr/local/data/zahrat/workshop/dent_output/chexpert-swap-normal/pleural_effusion/seed3036/lambda_t_star5/style.png,0.058548708,0.98542863,0.9518704,0.87809277,0.8364365696907043,0.6490422487258911,0.4931091368198395,0.3764035999774933,0.2254759669303894,0.1145714744925499,0.065985434,0.29311284,0.43346208,0.24144757,0.19662383198738098,0.21155594289302826,0.10854586958885193,0.08970040827989578,0.08032719045877457,0.07011628895998001
2361,/usr/local/data/zahrat/workshop/dent_output/chexpert-swap-normal/pleural_effusion/seed2361/lambda_t_star5/style.png,0.25940967,0.9734404,0.9382115,0.9264181,0.9162949919700623,0.9063148498535156,0.891796886920929,0.8344407081604004,0.6164141297340393,0.4423643946647644,0.3650155,0.5512903,0.359007,0.35776752,0.2879555821418762,0.32375526428222656,0.31981125473976135,0.36671197414398193,0.3826421797275543,0.43150094151496887
2758,/usr/local/data/zahrat/workshop/dent_output/chexpert-swap-normal/pleural_effusion/seed2758/lambda_t_star5/style.png,0.01878762,0.9685714,0.9626491,0.83426875,0.7117701768875122,0.29720059037208557,0.08867578953504562,0.06398465484380722,0.04482344910502434,0.030519189313054085,0.8346016,0.8654855,0.8932059,0.8801839,0.8576091527938843,0.8504990935325623,0.8379954695701599,0.8404138088226318,0.8280401229858398,0.8339269757270813
1717,/usr/local/data/zahrat/workshop/dent_output/chexpert-swap-normal/pleural_effusion/seed1717/lambda_t_star5/style.png,0.12217627,0.35177353,0.29443884,0.32173622,0.2562078833580017,0.2524307370185852,0.18180008232593536,0.15853022038936615,0.1366540640592575,0.13197684288024902,0.27382392,0.55458635,0.31198713,0.32996437,0.20274095237255096,0.2608298361301422,0.3071155548095703,0.31421971321105957,0.2780150771141052,0.2721446454524994
3223,/usr/local/data/zahrat/workshop/dent_output/chexpert-swap-normal/pleural_effusion/seed3223/lambda_t_star5/style.png,0.01797141,0.87005883,0.7976522,0.8126543,0.7589398622512817,0.5345205664634705,0.21033842861652374,0.06654372811317444,0.037053629755973816,0.02261122688651085,0.34175307,0.8421792,0.8190093,0.7478966,0.7193253040313721,0.7371149659156799,0.6948025226593018,0.607222318649292,0.4578132927417755,0.37126895785331726
2669,/usr/local/data/zahrat/workshop/dent_output/chexpert-swap-normal/pleural_effusion/seed2669/lambda_t_star5/style.png,0.06352613,0.8679024,0.82214004,0.5897755,0.29145413637161255,0.1395307034254074,0.08603284507989883,0.08685176074504852,0.08714665472507477,0.06786629557609558,0.054312527,0.7681998,0.031515446,0.038344245,0.04718988388776779,0.04752134904265404,0.05302637442946434,0.05435750633478165,0.05378469452261925,0.052711471915245056
1824,/usr/local/data/zahrat/workshop/dent_output/chexpert-swap-normal/pleural_effusion/seed1824/lambda_t_star5/style.png,0.055868715,0.9413217,0.82113063,0.47300193,0.3130949139595032,0.22268934547901154,0.146169975399971,0.10291262716054916,0.08456353098154068,0.06793862581253052,0.22304347,0.80532414,0.62930727,0.6123495,0.5395158529281616,0.49795347452163696,0.45736148953437805,0.4194435179233551,0.36961472034454346,0.33012068271636963
1622,/usr/local/data/zahrat/workshop/dent_output/chexpert-swap-normal/pleural_effusion/seed1622/lambda_t_star5/style.png,0.12008396,0.97945935,0.97565174,0.869693,0.7887825965881348,0.615329384803772,0.44733744859695435,0.2791416645050049,0.20484164357185364,0.15559136867523193,0.063031755,0.679157,0.16545896,0.136624,0.11448468267917633,0.11966247856616974,0.1170547679066658,0.10884467512369156,0.07858327031135559,0.06976931542158127
2351,/usr/local/data/zahrat/workshop/dent_output/chexpert-swap-normal/pleural_effusion/seed2351/lambda_t_star5/style.png,0.28611997,0.97753155,0.9724761,0.9687191,0.9622061252593994,0.8663128614425659,0.7565820217132568,0.6231359243392944,0.5255902409553528,0.43839895725250244,0.059673157,0.20104408,0.3420398,0.19426076,0.13564008474349976,0.12352947890758514,0.09620233625173569,0.07824508845806122,0.06541614234447479,0.061408042907714844
2410,/usr/local/data/zahrat/workshop/dent_output/chexpert-swap-normal/pleural_effusion/seed2410/lambda_t_star5/style.png,0.070765495,0.95204616,0.8818122,0.8383233,0.5834331512451172,0.3786526620388031,0.1464863419532776,0.10972288995981216,0.09002888947725296,0.08166936784982681,0.033867385,0.03828268,0.051077094,0.056346815,0.05161355808377266,0.04250820726156235,0.038700662553310394,0.03636210039258003,0.0357254296541214,0.035225629806518555
1663,/usr/local/data/zahrat/workshop/dent_output/chexpert-swap-normal/pleural_effusion/seed1663/lambda_t_star5/style.png,0.030488893,0.32434213,0.17884733,0.09128908,0.06223747506737709,0.04861254617571831,0.04186302050948143,0.0390063114464283,0.034873735159635544,0.03171803057193756,0.032378085,0.07376988,0.0496541,0.046634987,0.043162908405065536,0.03954324126243591,0.035148508846759796,0.037134770303964615,0.03657537326216698,0.03455820307135582
3374,/usr/local/data/zahrat/workshop/dent_output/chexpert-swap-normal/pleural_effusion/seed3374/lambda_t_star5/style.png,0.016297776,0.9440981,0.90568984,0.845279,0.4720461666584015,0.16766464710235596,0.0681401789188385,0.041533976793289185,0.02767205238342285,0.021505998447537422,0.79858106,0.7967408,0.8082828,0.88512504,0.8509821891784668,0.8391081094741821,0.8297654986381531,0.7988486886024475,0.7663179039955139,0.7793861627578735
2819,/usr/local/data/zahrat/workshop/dent_output/chexpert-swap-normal/pleural_effusion/seed2819/lambda_t_star5/style.png,0.07049291,0.92421687,0.907264,0.8230503,0.5682086944580078,0.528653085231781,0.467114120721817,0.32893475890159607,0.18697699904441833,0.10500841587781906,0.24853992,0.854608,0.8710397,0.73345894,0.5937061309814453,0.5050759315490723,0.38532063364982605,0.37471479177474976,0.33756935596466064,0.292913019657135
3099,/usr/local/data/zahrat/workshop/dent_output/chexpert-swap-normal/pleural_effusion/seed3099/lambda_t_star5/style.png,0.056819953,0.6987131,0.5714267,0.34576797,0.17785362899303436,0.13270698487758636,0.10324065387248993,0.0916043147444725,0.0784987136721611,0.06867074966430664,0.023321014,0.65283597,0.5208872,0.6679373,0.6318559646606445,0.5888271927833557,0.5424031615257263,0.3767455816268921,0.24943242967128754,0.06219291314482689
2502,/usr/local/data/zahrat/workshop/dent_output/chexpert-swap-normal/pleural_effusion/seed2502/lambda_t_star5/style.png,0.5150361,0.9817701,0.98061633,0.9754951,0.9411304593086243,0.9237159490585327,0.8863356113433838,0.6840368509292603,0.6755537390708923,0.6029805541038513,0.82817096,0.92962265,0.8835361,0.8334531,0.7982653379440308,0.812606692314148,0.808181881904602,0.820804238319397,0.808297872543335,0.8131732940673828
3316,/usr/local/data/zahrat/workshop/dent_output/chexpert-swap-normal/pleural_effusion/seed3316/lambda_t_star5/style.png,0.08879166,0.8926053,0.85458404,0.8097143,0.8440283536911011,0.8157497644424438,0.7616862058639526,0.34078627824783325,0.1869325339794159,0.1058371514081955,0.05197999,0.30908555,0.29663175,0.34792653,0.21653282642364502,0.10982638597488403,0.07926793396472931,0.06813804060220718,0.06425799429416656,0.057038918137550354
3133,/usr/local/data/zahrat/workshop/dent_output/chexpert-swap-normal/pleural_effusion/seed3133/lambda_t_star5/style.png,0.042728566,0.8774913,0.79588014,0.6962643,0.5156614780426025,0.18797825276851654,0.09708235412836075,0.07497821003198624,0.06522213667631149,0.0543786883354187,0.078575894,0.8042729,0.8121411,0.74761033,0.6308307647705078,0.28692203760147095,0.13524821400642395,0.13108506798744202,0.11872383207082748,0.09174911677837372
1522,/usr/local/data/zahrat/workshop/dent_output/chexpert-swap-normal/pleural_effusion/seed1522/lambda_t_star5/style.png,0.044282332,0.89363426,0.6821835,0.63194925,0.5691596269607544,0.37891456484794617,0.1957423835992813,0.11699216812849045,0.07901625335216522,0.05981831252574921,0.10082688,0.7887556,0.077971175,0.08648574,0.13996829092502594,0.12252625077962875,0.1221989244222641,0.10285484045743942,0.10174136608839035,0.10093212872743607
1657,/usr/local/data/zahrat/workshop/dent_output/chexpert-swap-normal/pleural_effusion/seed1657/lambda_t_star5/style.png,0.046813063,0.7859776,0.53367853,0.44193333,0.2960849106311798,0.196023091673851,0.14338545501232147,0.07986387610435486,0.06481780111789703,0.053002044558525085,0.0393762,0.3881749,0.09135014,0.062138572,0.056931786239147186,0.04931025579571724,0.05080997943878174,0.05115218088030815,0.04611608758568764,0.04324552044272423
2498,/usr/local/data/zahrat/workshop/dent_output/chexpert-swap-normal/pleural_effusion/seed2498/lambda_t_star5/style.png,0.12879618,0.9857859,0.98120743,0.9829964,0.9833832383155823,0.9677161574363708,0.722156822681427,0.588284969329834,0.4542092978954315,0.25645777583122253,0.86221534,0.75034803,0.76038903,0.7671774,0.808880627155304,0.8309877514839172,0.8473154902458191,0.8600904941558838,0.8596649765968323,0.858090341091156
2865,/usr/local/data/zahrat/workshop/dent_output/chexpert-swap-normal/pleural_effusion/seed2865/lambda_t_star5/style.png,0.09606054,0.9731357,0.95688546,0.84402007,0.7234578728675842,0.4738923907279968,0.3645864725112915,0.18239058554172516,0.14860866963863373,0.11641795933246613,0.20672914,0.62506735,0.1995513,0.213739,0.18864740431308746,0.1780630499124527,0.22433125972747803,0.2367049902677536,0.30148714780807495,0.2145276516675949
1931,/usr/local/data/zahrat/workshop/dent_output/chexpert-swap-normal/pleural_effusion/seed1931/lambda_t_star5/style.png,0.31470907,0.8608419,0.8124046,0.69874626,0.641337513923645,0.5550069212913513,0.528019905090332,0.4807319939136505,0.4183518588542938,0.39105483889579773,0.08053151,0.09339899,0.07699629,0.11412486,0.1666412502527237,0.14545032382011414,0.1349768489599228,0.13420064747333527,0.13455811142921448,0.10654614120721817
2628,/usr/local/data/zahrat/workshop/dent_output/chexpert-swap-normal/pleural_effusion/seed2628/lambda_t_star5/style.png,0.4822375,0.93361145,0.9528081,0.9430995,0.9362885355949402,0.9178115725517273,0.9076972007751465,0.8544724583625793,0.7522221803665161,0.611859917640686,0.13587612,0.46349794,0.5426236,0.566899,0.37236902117729187,0.2809741795063019,0.20095881819725037,0.17930273711681366,0.16379372775554657,0.16098231077194214
1700,/usr/local/data/zahrat/workshop/dent_output/chexpert-swap-normal/pleural_effusion/seed1700/lambda_t_star5/style.png,0.02097025,0.7572714,0.6685743,0.35527664,0.17362350225448608,0.08812285214662552,0.05886846408247948,0.044252533465623856,0.03468518331646919,0.025212544947862625,0.09123724,0.55100083,0.16798308,0.1356834,0.12003795802593231,0.13947372138500214,0.13477814197540283,0.12003614753484726,0.10456434637308121,0.10054410994052887
2864,/usr/local/data/zahrat/workshop/dent_output/chexpert-swap-normal/pleural_effusion/seed2864/lambda_t_star5/style.png,0.05780718,0.9615119,0.8841233,0.7682876,0.7519019246101379,0.6528604030609131,0.2437465637922287,0.1644347459077835,0.11176550388336182,0.07599660754203796,0.25668997,0.3395464,0.4336497,0.53866184,0.1613578200340271,0.37981879711151123,0.5172096490859985,0.5038190484046936,0.457448273897171,0.33317142724990845
2305,/usr/local/data/zahrat/workshop/dent_output/chexpert-swap-normal/pleural_effusion/seed2305/lambda_t_star5/style.png,0.04389664,0.7015993,0.58289343,0.5196874,0.5639506578445435,0.5060206055641174,0.2828132212162018,0.15555845201015472,0.09209976345300674,0.05845124274492264,0.19134784,0.7764689,0.4034794,0.5612312,0.2639295160770416,0.2929113209247589,0.23340436816215515,0.22662901878356934,0.2403455525636673,0.21812759339809418
2848,/usr/local/data/zahrat/workshop/dent_output/chexpert-swap-normal/pleural_effusion/seed2848/lambda_t_star5/style.png,0.027472097,0.86660624,0.8498063,0.7581977,0.6809101700782776,0.367408812046051,0.32076284289360046,0.22689314186573029,0.1687595099210739,0.0527181550860405,0.09370045,0.06418899,0.08565188,0.24061453,0.09134671837091446,0.09331990033388138,0.08352868258953094,0.08755432069301605,0.09634669870138168,0.09924139827489853
2422,/usr/local/data/zahrat/workshop/dent_output/chexpert-swap-normal/pleural_effusion/seed2422/lambda_t_star5/style.png,0.16745348,0.95035964,0.95234156,0.94186306,0.9534487724304199,0.9434249401092529,0.8760005235671997,0.6779381036758423,0.46675050258636475,0.2613222301006317,0.80209976,0.84524816,0.88093007,0.8131116,0.8651419878005981,0.7979280352592468,0.7829174995422363,0.792074978351593,0.8044387698173523,0.8133580684661865
3285,/usr/local/data/zahrat/workshop/dent_output/chexpert-swap-normal/pleural_effusion/seed3285/lambda_t_star5/style.png,0.11457022,0.184793,0.13366129,0.12742081,0.17909440398216248,0.1624862402677536,0.15915325284004211,0.14152951538562775,0.13359014689922333,0.11534875631332397,0.043663375,0.042465057,0.0505455,0.058671154,0.05700875073671341,0.05280791223049164,0.05459143593907356,0.05399075150489807,0.04906574264168739,0.04554913192987442
2525,/usr/local/data/zahrat/workshop/dent_output/chexpert-swap-normal/pleural_effusion/seed2525/lambda_t_star5/style.png,0.011284318,0.43144733,0.21021488,0.07301092,0.03747614845633507,0.025987762957811356,0.022551776841282845,0.01898186467587948,0.015264574438333511,0.01348831132054329,0.28111356,0.043529805,0.046099387,0.044156365,0.09609150886535645,0.21297414600849152,0.2715780436992645,0.31032055616378784,0.3353460133075714,0.27275750041007996
2999,/usr/local/data/zahrat/workshop/dent_output/chexpert-swap-normal/pleural_effusion/seed2999/lambda_t_star5/style.png,0.043286495,0.96218956,0.93237764,0.76962674,0.5843160152435303,0.45936551690101624,0.4208122491836548,0.3058761954307556,0.22418475151062012,0.12988844513893127,0.9379654,0.95176834,0.94810903,0.9462806,0.9236233830451965,0.9277822375297546,0.9242104291915894,0.9275928735733032,0.9346796870231628,0.9366124272346497
2281,/usr/local/data/zahrat/workshop/dent_output/chexpert-swap-normal/pleural_effusion/seed2281/lambda_t_star5/style.png,0.10367271,0.3116394,0.193336,0.19892086,0.17373797297477722,0.17278319597244263,0.14720821380615234,0.13640688359737396,0.1222173273563385,0.11275752633810043,0.5706431,0.09714034,0.36371514,0.4578015,0.8756675720214844,0.8906219601631165,0.8232542276382446,0.6379545331001282,0.5092659592628479,0.6096978783607483
2301,/usr/local/data/zahrat/workshop/dent_output/chexpert-swap-normal/pleural_effusion/seed2301/lambda_t_star5/style.png,0.14803073,0.8178315,0.7420107,0.6525753,0.5972190499305725,0.6215063333511353,0.6677231788635254,0.33995386958122253,0.245980903506279,0.20345139503479004,0.057966657,0.32600725,0.06891476,0.055985592,0.0746467337012291,0.08152879029512405,0.07212908565998077,0.08407232910394669,0.08795306086540222,0.07628332078456879
2115,/usr/local/data/zahrat/workshop/dent_output/chexpert-swap-normal/pleural_effusion/seed2115/lambda_t_star5/style.png,0.08591473,0.9302982,0.92517304,0.9261235,0.8674930930137634,0.6914604902267456,0.3897705674171448,0.17391228675842285,0.1191820427775383,0.10822965949773788,0.49805117,0.57970303,0.3997352,0.27110395,0.27533847093582153,0.3685188591480255,0.41011062264442444,0.4547935128211975,0.4579649865627289,0.49245867133140564
2948,/usr/local/data/zahrat/workshop/dent_output/chexpert-swap-normal/pleural_effusion/seed2948/lambda_t_star5/style.png,0.12450297,0.78682584,0.7328524,0.6825866,0.6507073640823364,0.5180156230926514,0.27550050616264343,0.2324732393026352,0.17990484833717346,0.1474521905183792,0.074575245,0.2595869,0.29003066,0.3254867,0.2569710314273834,0.23115630447864532,0.15793901681900024,0.1315189152956009,0.11806466430425644,0.089032843708992
2226,/usr/local/data/zahrat/workshop/dent_output/chexpert-swap-normal/pleural_effusion/seed2226/lambda_t_star5/style.png,0.14611645,0.93857396,0.90657926,0.861055,0.8752202391624451,0.8431177139282227,0.734182596206665,0.5307349562644958,0.38228511810302734,0.24174879491329193,0.09396442,0.8302283,0.8331817,0.85716015,0.84324711561203,0.736871600151062,0.6430690288543701,0.4788236916065216,0.21361860632896423,0.13007737696170807
1952,/usr/local/data/zahrat/workshop/dent_output/chexpert-swap-normal/pleural_effusion/seed1952/lambda_t_star5/style.png,0.09583786,0.949588,0.8944889,0.83699304,0.6286993026733398,0.520998477935791,0.40192073583602905,0.3324626386165619,0.29549187421798706,0.1807970255613327,0.7674793,0.9002402,0.8571783,0.8648326,0.8018654584884644,0.7341480851173401,0.7642134428024292,0.7716339826583862,0.7628870010375977,0.763837993144989
2137,/usr/local/data/zahrat/workshop/dent_output/chexpert-swap-normal/pleural_effusion/seed2137/lambda_t_star5/style.png,0.07159885,0.98443353,0.96921563,0.9612435,0.9265614151954651,0.8859726786613464,0.6539807915687561,0.4611336588859558,0.24998962879180908,0.12350849062204361,0.15843485,0.5545978,0.6598104,0.630528,0.33550867438316345,0.2825796902179718,0.2604639530181885,0.239626944065094,0.20262575149536133,0.17818881571292877
3340,/usr/local/data/zahrat/workshop/dent_output/chexpert-swap-normal/pleural_effusion/seed3340/lambda_t_star5/style.png,0.057129394,0.70400786,0.4942482,0.42909402,0.2252131551504135,0.13191117346286774,0.10053786635398865,0.08207561820745468,0.07323435693979263,0.06253477931022644,0.031530846,0.075499356,0.076299146,0.065301605,0.041248444467782974,0.036485668271780014,0.041335560381412506,0.042529620230197906,0.04230010136961937,0.039856866002082825
2974,/usr/local/data/zahrat/workshop/dent_output/chexpert-swap-normal/pleural_effusion/seed2974/lambda_t_star5/style.png,0.030761143,0.90278006,0.8157986,0.73049694,0.6423370242118835,0.22628925740718842,0.10526517778635025,0.07384750247001648,0.05306551232933998,0.0403711274266243,0.06755732,0.22973198,0.17755048,0.13764013,0.1266065388917923,0.12462564557790756,0.1257007122039795,0.09267779439687729,0.07276108115911484,0.07686871290206909
2940,/usr/local/data/zahrat/workshop/dent_output/chexpert-swap-normal/pleural_effusion/seed2940/lambda_t_star5/style.png,0.050391942,0.9827703,0.9695262,0.938398,0.922573447227478,0.8147010207176208,0.4226115643978119,0.1412087082862854,0.09664803743362427,0.07416240125894547,0.0599819,0.14948723,0.068537384,0.06799813,0.10334877669811249,0.07724731415510178,0.05647716298699379,0.05931311845779419,0.06482739001512527,0.06682035326957703
3170,/usr/local/data/zahrat/workshop/dent_output/chexpert-swap-normal/pleural_effusion/seed3170/lambda_t_star5/style.png,0.13140048,0.90385807,0.8211791,0.80295867,0.722646951675415,0.47788262367248535,0.3443916440010071,0.2566176652908325,0.20332664251327515,0.17270009219646454,0.083134204,0.76064146,0.7199702,0.70931613,0.7725396156311035,0.7338644862174988,0.5497809052467346,0.12800604104995728,0.10023489594459534,0.07958977669477463
1573,/usr/local/data/zahrat/workshop/dent_output/chexpert-swap-normal/pleural_effusion/seed1573/lambda_t_star5/style.png,0.0892935,0.9103736,0.7212731,0.5592541,0.43388649821281433,0.3396128714084625,0.24252022802829742,0.17826922237873077,0.1405939906835556,0.10802414268255234,0.41647485,0.9042941,0.92489874,0.9111648,0.9335778951644897,0.5479498505592346,0.5815086960792542,0.5147395730018616,0.4898872673511505,0.43491849303245544
3002,/usr/local/data/zahrat/workshop/dent_output/chexpert-swap-normal/pleural_effusion/seed3002/lambda_t_star5/style.png,0.09238837,0.9749501,0.9766331,0.93344325,0.8512478470802307,0.8497202396392822,0.5907666087150574,0.45781561732292175,0.3085058033466339,0.17606736719608307,0.08925001,0.9303421,0.9214131,0.9266958,0.18009348213672638,0.114458829164505,0.10635632276535034,0.09514299780130386,0.09322254359722137,0.09016725420951843
2623,/usr/local/data/zahrat/workshop/dent_output/chexpert-swap-normal/pleural_effusion/seed2623/lambda_t_star5/style.png,0.051813185,0.9648453,0.80569047,0.52062744,0.32453233003616333,0.15809418261051178,0.11059587448835373,0.08600446581840515,0.0700974315404892,0.06005894020199776,0.72004217,0.7069281,0.60225785,0.7099534,0.826774001121521,0.8289144039154053,0.8001191020011902,0.7853447198867798,0.780658483505249,0.7480400800704956
1668,/usr/local/data/zahrat/workshop/dent_output/chexpert-swap-normal/pleural_effusion/seed1668/lambda_t_star5/style.png,0.4053231,0.96034503,0.9547766,0.9357059,0.9299290180206299,0.8942967057228088,0.8352460265159607,0.7577584981918335,0.6727396249771118,0.5549867153167725,0.82655823,0.8690413,0.8725472,0.81196827,0.7934516668319702,0.773129940032959,0.7944542765617371,0.8202100396156311,0.8261781930923462,0.825308084487915
3362,/usr/local/data/zahrat/workshop/dent_output/chexpert-swap-normal/pleural_effusion/seed3362/lambda_t_star5/style.png,0.07053473,0.96390206,0.8662057,0.2687606,0.20642627775669098,0.16892874240875244,0.16293559968471527,0.2362532913684845,0.1130361258983612,0.08783400058746338,0.8549103,0.79400873,0.92681164,0.9170666,0.8898125290870667,0.8913276195526123,0.873684823513031,0.8455190658569336,0.8461176753044128,0.8486236929893494
2937,/usr/local/data/zahrat/workshop/dent_output/chexpert-swap-normal/pleural_effusion/seed2937/lambda_t_star5/style.png,0.08279663,0.9483027,0.9186016,0.9206902,0.8595960736274719,0.7414781451225281,0.6184560656547546,0.3463831841945648,0.18238434195518494,0.11014632880687714,0.8014675,0.8991737,0.8485498,0.8814664,0.8661186695098877,0.8337591290473938,0.8270387649536133,0.8117807507514954,0.8113096952438354,0.8046066164970398
2312,/usr/local/data/zahrat/workshop/dent_output/chexpert-swap-normal/pleural_effusion/seed2312/lambda_t_star5/style.png,0.23079525,0.90192163,0.8329937,0.8575493,0.8515340089797974,0.8022127747535706,0.7304935455322266,0.6156081557273865,0.48522889614105225,0.33106550574302673,0.49896964,0.40704596,0.46656168,0.77433085,0.7176874876022339,0.6957476139068604,0.6781061887741089,0.6084670424461365,0.6230369210243225,0.5859944820404053
2303,/usr/local/data/zahrat/workshop/dent_output/chexpert-swap-normal/pleural_effusion/seed2303/lambda_t_star5/style.png,0.14042945,0.862181,0.71429,0.71134275,0.7213653922080994,0.5886282920837402,0.48601290583610535,0.40868261456489563,0.31180042028427124,0.21333785355091095,0.39024165,0.5854655,0.6044275,0.5257955,0.38383302092552185,0.38706690073013306,0.38292166590690613,0.3347398042678833,0.35220715403556824,0.3413010537624359
3013,/usr/local/data/zahrat/workshop/dent_output/chexpert-swap-normal/pleural_effusion/seed3013/lambda_t_star5/style.png,0.020280147,0.28750157,0.09320237,0.058077995,0.05319969728589058,0.07432682067155838,0.05166890472173691,0.036920078098773956,0.028362570330500603,0.02347797527909279,0.14352432,0.7436741,0.74508697,0.782681,0.7748550176620483,0.784615159034729,0.7802461385726929,0.7858843207359314,0.5947460532188416,0.27543267607688904
2639,/usr/local/data/zahrat/workshop/dent_output/chexpert-swap-normal/pleural_effusion/seed2639/lambda_t_star5/style.png,0.060022842,0.9279803,0.8702022,0.8460006,0.6354748010635376,0.3578351140022278,0.25409913063049316,0.15616753697395325,0.1109435185790062,0.07836136966943741,0.69309545,0.81455255,0.30597678,0.2723196,0.4103626310825348,0.6654074788093567,0.748502790927887,0.7438338398933411,0.7054479122161865,0.6446122527122498
3211,/usr/local/data/zahrat/workshop/dent_output/chexpert-swap-normal/pleural_effusion/seed3211/lambda_t_star5/style.png,0.04039905,0.93472975,0.71227735,0.32670045,0.13160401582717896,0.09579519927501678,0.07672452926635742,0.07185808569192886,0.0623697005212307,0.052646879106760025,0.3233314,0.36943993,0.37252888,0.62907255,0.7200860381126404,0.6087726950645447,0.49105268716812134,0.5382129549980164,0.43773260712623596,0.34572625160217285
2267,/usr/local/data/zahrat/workshop/dent_output/chexpert-swap-normal/pleural_effusion/seed2267/lambda_t_star5/style.png,0.33168584,0.73223186,0.62193924,0.45900136,0.4167785346508026,0.41485801339149475,0.3876638412475586,0.37703704833984375,0.35767608880996704,0.34495821595191956,0.56811696,0.7907463,0.7780971,0.7851177,0.7597857713699341,0.7332436442375183,0.6694151163101196,0.6257514953613281,0.6018783450126648,0.5835112929344177
2336,/usr/local/data/zahrat/workshop/dent_output/chexpert-swap-normal/pleural_effusion/seed2336/lambda_t_star5/style.png,0.04202607,0.29595345,0.2647915,0.2813197,0.313031405210495,0.2177940458059311,0.16394828259944916,0.09588923305273056,0.06255309283733368,0.052523206919431686,0.08754043,0.7871576,0.112654045,0.092691086,0.09972333163022995,0.09553264826536179,0.08727831393480301,0.09155251085758209,0.0810251235961914,0.07920323312282562
2697,/usr/local/data/zahrat/workshop/dent_output/chexpert-swap-normal/pleural_effusion/seed2697/lambda_t_star5/style.png,0.18179552,0.8895258,0.32158288,0.28801432,0.2718069851398468,0.24928773939609528,0.23797234892845154,0.21265415847301483,0.20161956548690796,0.20242725312709808,0.093081236,0.563117,0.20957772,0.1604935,0.12004046142101288,0.10202467441558838,0.09403900802135468,0.09755250811576843,0.08915036916732788,0.08949381858110428
1574,/usr/local/data/zahrat/workshop/dent_output/chexpert-swap-normal/pleural_effusion/seed1574/lambda_t_star5/style.png,0.07746618,0.954905,0.800897,0.6931822,0.5507330894470215,0.4015210270881653,0.3000430464744568,0.18581625819206238,0.12076428532600403,0.09547159075737,0.1339887,0.6973992,0.2796371,0.20687385,0.2077241688966751,0.20764325559139252,0.21592925488948822,0.22416764497756958,0.2115393877029419,0.1386997550725937
1570,/usr/local/data/zahrat/workshop/dent_output/chexpert-swap-normal/pleural_effusion/seed1570/lambda_t_star5/style.png,0.056173287,0.9608406,0.89553607,0.68220776,0.3893488347530365,0.2903694808483124,0.23702064156532288,0.15989001095294952,0.11093693226575851,0.06943247467279434,0.10804426,0.33249983,0.1557391,0.14532287,0.1690494269132614,0.18641482293605804,0.19673745334148407,0.2622198760509491,0.16285477578639984,0.12752796709537506
2845,/usr/local/data/zahrat/workshop/dent_output/chexpert-swap-normal/pleural_effusion/seed2845/lambda_t_star5/style.png,0.11109988,0.911632,0.9108793,0.8027376,0.7903810143470764,0.7808689475059509,0.6256945133209229,0.31664392352104187,0.1912180334329605,0.14918877184391022,0.14261666,0.1719838,0.40746036,0.91057456,0.9209920167922974,0.9190801382064819,0.9129080772399902,0.9064560532569885,0.8324616551399231,0.20785024762153625
2369,/usr/local/data/zahrat/workshop/dent_output/chexpert-swap-normal/pleural_effusion/seed2369/lambda_t_star5/style.png,0.07641384,0.88555676,0.64764744,0.6140095,0.3688843548297882,0.1336599588394165,0.11945799738168716,0.1112879067659378,0.10565192252397537,0.0955219641327858,0.07238301,0.6633337,0.738307,0.5528935,0.14118564128875732,0.13382264971733093,0.11739535629749298,0.09233106672763824,0.07915383577346802,0.07739397138357162
2654,/usr/local/data/zahrat/workshop/dent_output/chexpert-swap-normal/pleural_effusion/seed2654/lambda_t_star5/style.png,0.61453664,0.93550646,0.90872514,0.89203405,0.891915500164032,0.886425793170929,0.8800058364868164,0.8379971385002136,0.7548402547836304,0.6768480539321899,0.41565245,0.27468848,0.28101912,0.40272763,0.5225726962089539,0.4927012324333191,0.4681853950023651,0.4492400884628296,0.4209322929382324,0.43129488825798035
2368,/usr/local/data/zahrat/workshop/dent_output/chexpert-swap-normal/pleural_effusion/seed2368/lambda_t_star5/style.png,0.026936349,0.67006147,0.5450833,0.37166584,0.10806962102651596,0.06213705614209175,0.041562192142009735,0.03338237851858139,0.029758166521787643,0.02722145803272724,0.038116287,0.03909767,0.04438123,0.049642015,0.05331145599484444,0.049581363797187805,0.048983607441186905,0.044151533395051956,0.04339320585131645,0.04019998759031296
3328,/usr/local/data/zahrat/workshop/dent_output/chexpert-swap-normal/pleural_effusion/seed3328/lambda_t_star5/style.png,0.10788222,0.49525306,0.5301769,0.5104501,0.2809572219848633,0.27348974347114563,0.22224916517734528,0.173747256398201,0.13729770481586456,0.1229047030210495,0.05196916,0.092524394,0.054345366,0.058530767,0.06113516166806221,0.06608432531356812,0.07685371488332748,0.06658054888248444,0.060990117490291595,0.05455533415079117
2685,/usr/local/data/zahrat/workshop/dent_output/chexpert-swap-normal/pleural_effusion/seed2685/lambda_t_star5/style.png,0.054459,0.47988024,0.2340444,0.11384236,0.10697750747203827,0.09503532201051712,0.10377397388219833,0.09057210385799408,0.0767420157790184,0.06370825320482254,0.03925918,0.717531,0.84365714,0.745902,0.21283173561096191,0.12525098025798798,0.08295261859893799,0.05767645314335823,0.05366832762956619,0.041324432939291
1937,/usr/local/data/zahrat/workshop/dent_output/chexpert-swap-normal/pleural_effusion/seed1937/lambda_t_star5/style.png,0.3809844,0.9706796,0.97163355,0.87419856,0.8475127220153809,0.8120455741882324,0.7865878939628601,0.7585130929946899,0.649815559387207,0.5055314898490906,0.031190027,0.44637057,0.3325562,0.1303824,0.061737027019262314,0.04821038618683815,0.04414980486035347,0.03981960937380791,0.03659352287650108,0.032173722982406616
2687,/usr/local/data/zahrat/workshop/dent_output/chexpert-swap-normal/pleural_effusion/seed2687/lambda_t_star5/style.png,0.029114045,0.9558082,0.8641336,0.17058888,0.08591202646493912,0.06313502788543701,0.05046631768345833,0.04524185508489609,0.041918810456991196,0.035597506910562515,0.08224027,0.8674499,0.40937012,0.46518508,0.5408726930618286,0.6100278496742249,0.4703627824783325,0.3143088221549988,0.22806483507156372,0.13212212920188904
2804,/usr/local/data/zahrat/workshop/dent_output/chexpert-swap-normal/pleural_effusion/seed2804/lambda_t_star5/style.png,0.03416921,0.95713395,0.9004563,0.7737038,0.6713115572929382,0.3848772346973419,0.2830507159233093,0.14637655019760132,0.05381414666771889,0.04281508922576904,0.07076972,0.8255271,0.39508206,0.058634285,0.07012350857257843,0.0770120695233345,0.08073945343494415,0.07119816541671753,0.07113547623157501,0.06502459943294525
2678,/usr/local/data/zahrat/workshop/dent_output/chexpert-swap-normal/pleural_effusion/seed2678/lambda_t_star5/style.png,0.21677217,0.9040986,0.7988142,0.61878604,0.564129650592804,0.5519856810569763,0.44804784655570984,0.4044346213340759,0.38038957118988037,0.3715905547142029,0.37865606,0.95962775,0.50962234,0.31903705,0.19416096806526184,0.20489035546779633,0.3936271071434021,0.4160445034503937,0.4202151894569397,0.41869884729385376
3100,/usr/local/data/zahrat/workshop/dent_output/chexpert-swap-normal/pleural_effusion/seed3100/lambda_t_star5/style.png,0.065077975,0.6530153,0.62933695,0.51315665,0.38435283303260803,0.3058077096939087,0.22223086655139923,0.15635162591934204,0.12654604017734528,0.08109986037015915,0.049963344,0.052028053,0.5262079,0.80517685,0.23935872316360474,0.07257208973169327,0.05935288965702057,0.050891753286123276,0.050794415175914764,0.051299698650836945
2280,/usr/local/data/zahrat/workshop/dent_output/chexpert-swap-normal/pleural_effusion/seed2280/lambda_t_star5/style.png,0.08825791,0.98568904,0.98497945,0.973416,0.9643604755401611,0.9574846029281616,0.8730437755584717,0.4392167627811432,0.23688723146915436,0.12924790382385254,0.16291495,0.31359425,0.20854948,0.34780306,0.33381184935569763,0.4600646495819092,0.3387298285961151,0.3169679641723633,0.2363186776638031,0.19919776916503906
2477,/usr/local/data/zahrat/workshop/dent_output/chexpert-swap-normal/pleural_effusion/seed2477/lambda_t_star5/style.png,0.46357983,0.98302704,0.970199,0.9159069,0.5324132442474365,0.5255053043365479,0.5703352093696594,0.5705041289329529,0.5237370133399963,0.4800923764705658,0.8032671,0.93169767,0.9155598,0.9093459,0.8893495202064514,0.8959911465644836,0.9066871404647827,0.8545398116111755,0.8331589102745056,0.8148859739303589
2671,/usr/local/data/zahrat/workshop/dent_output/chexpert-swap-normal/pleural_effusion/seed2671/lambda_t_star5/style.png,0.026412696,0.9575443,0.9325227,0.71906066,0.1559586375951767,0.08188135176897049,0.06114095821976662,0.044865988194942474,0.03639116883277893,0.03084275685250759,0.06586799,0.8810347,0.9341195,0.8887255,0.11137516051530838,0.08819253742694855,0.08363036811351776,0.07164978981018066,0.0704394206404686,0.06747802346944809
2814,/usr/local/data/zahrat/workshop/dent_output/chexpert-swap-normal/pleural_effusion/seed2814/lambda_t_star5/style.png,0.22082955,0.49211603,0.39253816,0.26816976,0.2486395239830017,0.24768149852752686,0.2400759756565094,0.23451554775238037,0.2269389033317566,0.22636158764362335,0.048070375,0.90429604,0.8803427,0.8618456,0.8380840420722961,0.7544602155685425,0.07623610645532608,0.0695611834526062,0.06497843563556671,0.05561324208974838
1616,/usr/local/data/zahrat/workshop/dent_output/chexpert-swap-normal/pleural_effusion/seed1616/lambda_t_star5/style.png,0.0128270155,0.7261262,0.7664976,0.048138347,0.027519995346665382,0.023535246029496193,0.02201138250529766,0.021779397502541542,0.017127079889178276,0.015253347344696522,0.055591382,0.085530184,0.08863749,0.06846072,0.08352233469486237,0.07199044525623322,0.07347016036510468,0.06649615615606308,0.06068652495741844,0.05828442797064781
3195,/usr/local/data/zahrat/workshop/dent_output/chexpert-swap-normal/pleural_effusion/seed3195/lambda_t_star5/style.png,0.048875574,0.94063604,0.33304077,0.25322676,0.17319338023662567,0.11877205222845078,0.1161268800497055,0.10622181743383408,0.08613240718841553,0.06614328920841217,0.07173255,0.06106425,0.15812244,0.2630891,0.21165123581886292,0.19988146424293518,0.17196384072303772,0.11239662766456604,0.11126602441072464,0.0886993408203125
2512,/usr/local/data/zahrat/workshop/dent_output/chexpert-swap-normal/pleural_effusion/seed2512/lambda_t_star5/style.png,0.36615378,0.9257089,0.89437205,0.8750362,0.8443033695220947,0.8002604842185974,0.7577603459358215,0.6711606383323669,0.560278058052063,0.4676349461078644,0.2513376,0.19049093,0.28729826,0.1799518,0.22260624170303345,0.2387583702802658,0.263826847076416,0.2570962905883789,0.26582738757133484,0.26243841648101807
1996,/usr/local/data/zahrat/workshop/dent_output/chexpert-swap-normal/pleural_effusion/seed1996/lambda_t_star5/style.png,0.054694496,0.94304514,0.9057495,0.8908694,0.9299487471580505,0.8751029372215271,0.8488144278526306,0.7865131497383118,0.6148738265037537,0.237871453166008,0.5873218,0.86966693,0.881193,0.78931695,0.7733904123306274,0.7283867001533508,0.5930628180503845,0.5479015111923218,0.5360497236251831,0.5225843787193298
3180,/usr/local/data/zahrat/workshop/dent_output/chexpert-swap-normal/pleural_effusion/seed3180/lambda_t_star5/style.png,0.099531375,0.92397314,0.9230398,0.90926886,0.7159785628318787,0.643343448638916,0.39839664101600647,0.2156463861465454,0.1730499267578125,0.14027436077594757,0.11124087,0.22560096,0.17382623,0.114256114,0.1718159168958664,0.13782820105552673,0.12137587368488312,0.11817831546068192,0.1359412521123886,0.11682170629501343
2713,/usr/local/data/zahrat/workshop/dent_output/chexpert-swap-normal/pleural_effusion/seed2713/lambda_t_star5/style.png,0.089412086,0.14878738,0.15603136,0.18704149,0.14708106219768524,0.15143536031246185,0.15386199951171875,0.1586766541004181,0.1331944614648819,0.11646392941474915,0.051718917,0.1123715,0.036895204,0.052049633,0.08865934610366821,0.07394541800022125,0.06406262516975403,0.05786335468292236,0.058209214359521866,0.048125434666872025
1753,/usr/local/data/zahrat/workshop/dent_output/chexpert-swap-normal/pleural_effusion/seed1753/lambda_t_star5/style.png,0.022398595,0.6798281,0.5635723,0.46682194,0.3009411096572876,0.13563597202301025,0.06944228708744049,0.04659125953912735,0.03523983061313629,0.027529122307896614,0.29369518,0.87701213,0.8094081,0.92024463,0.9075514674186707,0.5672340393066406,0.5115835666656494,0.4203900694847107,0.3241235911846161,0.32803136110305786
1852,/usr/local/data/zahrat/workshop/dent_output/chexpert-swap-normal/pleural_effusion/seed1852/lambda_t_star5/style.png,0.058423474,0.91741955,0.9065739,0.7154406,0.5119785070419312,0.48419708013534546,0.3360585570335388,0.24055950343608856,0.134810671210289,0.09568828344345093,0.05883302,0.5475573,0.78225976,0.13199763,0.16037124395370483,0.345295250415802,0.15089868009090424,0.10810398310422897,0.08525842428207397,0.07106654345989227
2627,/usr/local/data/zahrat/workshop/dent_output/chexpert-swap-normal/pleural_effusion/seed2627/lambda_t_star5/style.png,0.14813197,0.8556172,0.68949586,0.42580444,0.4099973440170288,0.312394380569458,0.24059562385082245,0.20434214174747467,0.18394622206687927,0.16023792326450348,0.027349172,0.058041174,0.050094478,0.041035943,0.038055963814258575,0.03531837463378906,0.04223502799868584,0.040821630507707596,0.043165769428014755,0.03542381152510643
1740,/usr/local/data/zahrat/workshop/dent_output/chexpert-swap-normal/pleural_effusion/seed1740/lambda_t_star5/style.png,0.22891857,0.7012731,0.66971076,0.5718159,0.48313748836517334,0.5111066102981567,0.42178574204444885,0.32328110933303833,0.2983402907848358,0.2555263042449951,0.18065329,0.32073012,0.28333962,0.44932988,0.4814009666442871,0.4633667469024658,0.42167869210243225,0.3016566336154938,0.25791358947753906,0.2256428301334381
3090,/usr/local/data/zahrat/workshop/dent_output/chexpert-swap-normal/pleural_effusion/seed3090/lambda_t_star5/style.png,0.039532248,0.7602107,0.696669,0.749757,0.4551593065261841,0.20008046925067902,0.12367762625217438,0.07540462166070938,0.05495717003941536,0.045449525117874146,0.9815663,0.9318909,0.9433063,0.9693309,0.9722722172737122,0.9757890701293945,0.9806884527206421,0.9784546494483948,0.982435941696167,0.9822707772254944
2543,/usr/local/data/zahrat/workshop/dent_output/chexpert-swap-normal/pleural_effusion/seed2543/lambda_t_star5/style.png,0.13858871,0.8125368,0.6954779,0.4686855,0.3347454071044922,0.5764318704605103,0.5786975622177124,0.5174826383590698,0.3094530999660492,0.19614459574222565,0.12893164,0.862269,0.7647684,0.7498452,0.4265735149383545,0.16306298971176147,0.12631452083587646,0.12345294654369354,0.12166287004947662,0.13016071915626526
2021,/usr/local/data/zahrat/workshop/dent_output/chexpert-swap-normal/pleural_effusion/seed2021/lambda_t_star5/style.png,0.15411009,0.9905667,0.9851726,0.9734639,0.970064640045166,0.9389945268630981,0.8669763207435608,0.8007352948188782,0.7234253883361816,0.5143068432807922,0.67283696,0.7089005,0.7988759,0.81207955,0.774667501449585,0.749507486820221,0.7185184955596924,0.6821318864822388,0.661766529083252,0.6535558700561523
2747,/usr/local/data/zahrat/workshop/dent_output/chexpert-swap-normal/pleural_effusion/seed2747/lambda_t_star5/style.png,0.12804964,0.9308619,0.84689814,0.7820133,0.645788311958313,0.7355606555938721,0.5615748763084412,0.3831486999988556,0.2935599982738495,0.19572462141513824,0.056649186,0.25183767,0.27172935,0.2582944,0.23834796249866486,0.157661572098732,0.14242620766162872,0.1062411442399025,0.0780305340886116,0.0632837787270546
2105,/usr/local/data/zahrat/workshop/dent_output/chexpert-swap-normal/pleural_effusion/seed2105/lambda_t_star5/style.png,0.01862178,0.73405385,0.56318396,0.2219193,0.028646089136600494,0.022678636014461517,0.020960085093975067,0.021176394075155258,0.021620551124215126,0.020165637135505676,0.056745604,0.904469,0.7222001,0.43268716,0.17322516441345215,0.08062189817428589,0.07611560821533203,0.080660879611969,0.06885834038257599,0.06360545754432678
2882,/usr/local/data/zahrat/workshop/dent_output/chexpert-swap-normal/pleural_effusion/seed2882/lambda_t_star5/style.png,0.11923093,0.4850795,0.23687944,0.18854742,0.16651321947574615,0.16385571658611298,0.1515963077545166,0.140584796667099,0.1285882294178009,0.11944229155778885,0.0637653,0.042806678,0.03758919,0.044181548,0.060029756277799606,0.06767521053552628,0.0658685490489006,0.06538446247577667,0.06681965291500092,0.06748156249523163
1722,/usr/local/data/zahrat/workshop/dent_output/chexpert-swap-normal/pleural_effusion/seed1722/lambda_t_star5/style.png,0.37563726,0.9469158,0.90233064,0.85072243,0.7732520699501038,0.7733737826347351,0.7145415544509888,0.6301343441009521,0.56074458360672,0.4670771360397339,0.17829615,0.46788165,0.25874844,0.4284973,0.2546174228191376,0.3697735667228699,0.3277992904186249,0.3192131519317627,0.2750034034252167,0.24280916154384613
2991,/usr/local/data/zahrat/workshop/dent_output/chexpert-swap-normal/pleural_effusion/seed2991/lambda_t_star5/style.png,0.05626643,0.1818681,0.1276201,0.109506674,0.10176980495452881,0.10170818865299225,0.08653523772954941,0.0751555860042572,0.0709419697523117,0.06104950234293938,0.17273188,0.39934143,0.4186304,0.28052247,0.25551271438598633,0.20823103189468384,0.19138631224632263,0.19317583739757538,0.19000548124313354,0.18060247600078583
1656,/usr/local/data/zahrat/workshop/dent_output/chexpert-swap-normal/pleural_effusion/seed1656/lambda_t_star5/style.png,0.31092954,0.9397664,0.91061205,0.93418515,0.9215222597122192,0.8991209864616394,0.7334645390510559,0.6311821937561035,0.49859222769737244,0.40687206387519836,0.07120541,0.31834376,0.2729397,0.18041776,0.1273498237133026,0.10290179401636124,0.09583451598882675,0.08389896154403687,0.08951639384031296,0.08214149624109268
2557,/usr/local/data/zahrat/workshop/dent_output/chexpert-swap-normal/pleural_effusion/seed2557/lambda_t_star5/style.png,0.022591606,0.67546433,0.30696306,0.08468976,0.06756401062011719,0.048492733389139175,0.040300555527210236,0.0365152433514595,0.030810363590717316,0.025481989607214928,0.9295726,0.90447015,0.89122444,0.9040476,0.8982691764831543,0.9102368354797363,0.9215097427368164,0.9228888154029846,0.9332622289657593,0.9319504499435425
2329,/usr/local/data/zahrat/workshop/dent_output/chexpert-swap-normal/pleural_effusion/seed2329/lambda_t_star5/style.png,0.07587976,0.956195,0.9405219,0.6484001,0.6137032508850098,0.5647262930870056,0.5305586457252502,0.39285406470298767,0.251199334859848,0.14964397251605988,0.093035914,0.83891624,0.8234297,0.363088,0.23628172278404236,0.26068001985549927,0.13114117085933685,0.10689796507358551,0.096534863114357,0.09552983194589615
1940,/usr/local/data/zahrat/workshop/dent_output/chexpert-swap-normal/pleural_effusion/seed1940/lambda_t_star5/style.png,0.16404884,0.9702538,0.83591396,0.7257948,0.6490538120269775,0.8614878058433533,0.7727599143981934,0.5989020466804504,0.28753700852394104,0.21543686091899872,0.054142755,0.0692414,0.073030464,0.054384526,0.054294466972351074,0.05349326133728027,0.05654896795749664,0.0583353228867054,0.059361547231674194,0.05794402211904526
2677,/usr/local/data/zahrat/workshop/dent_output/chexpert-swap-normal/pleural_effusion/seed2677/lambda_t_star5/style.png,0.05226369,0.89998645,0.85831624,0.27355155,0.1685166358947754,0.12534792721271515,0.10914348065853119,0.08907901495695114,0.07477664202451706,0.061131399124860764,0.9153632,0.87876004,0.90262175,0.90501416,0.904177188873291,0.9062545299530029,0.9208588600158691,0.9220168590545654,0.9179856777191162,0.9138185977935791
2345,/usr/local/data/zahrat/workshop/dent_output/chexpert-swap-normal/pleural_effusion/seed2345/lambda_t_star5/style.png,0.0766472,0.9810455,0.9833574,0.979658,0.9690306782722473,0.9596558213233948,0.9168776273727417,0.5777595639228821,0.2576807141304016,0.1278662532567978,0.11882018,0.5353752,0.090813056,0.11651471,0.09759056568145752,0.10479512810707092,0.11467419564723969,0.11607439070940018,0.12436782568693161,0.11584056913852692
2750,/usr/local/data/zahrat/workshop/dent_output/chexpert-swap-normal/pleural_effusion/seed2750/lambda_t_star5/style.png,0.13676883,0.7537795,0.37918252,0.21682222,0.1807786226272583,0.1657995730638504,0.1642654687166214,0.14716871082782745,0.1389906406402588,0.13591405749320984,0.024293078,0.07762836,0.030661853,0.039763004,0.03738268092274666,0.03559630364179611,0.034050486981868744,0.0297639649361372,0.028695620596408844,0.02678442932665348
2455,/usr/local/data/zahrat/workshop/dent_output/chexpert-swap-normal/pleural_effusion/seed2455/lambda_t_star5/style.png,0.7557627,0.9890075,0.9903094,0.9899198,0.9862913489341736,0.9616758227348328,0.950903058052063,0.8966456651687622,0.8674589395523071,0.8266140818595886,0.53608847,0.63064915,0.573945,0.4498604,0.5206450819969177,0.61037677526474,0.6017453074455261,0.5979562997817993,0.5863245725631714,0.5530702471733093
2268,/usr/local/data/zahrat/workshop/dent_output/chexpert-swap-normal/pleural_effusion/seed2268/lambda_t_star5/style.png,0.19895019,0.65435904,0.4967325,0.4563273,0.4468834400177002,0.4401642382144928,0.41386711597442627,0.3285481929779053,0.2729959487915039,0.22850747406482697,0.5718075,0.4117916,0.702964,0.7417866,0.7802844643592834,0.7102195024490356,0.7148742079734802,0.6359550952911377,0.6290962100028992,0.6146030426025391
1897,/usr/local/data/zahrat/workshop/dent_output/chexpert-swap-normal/pleural_effusion/seed1897/lambda_t_star5/style.png,0.13668573,0.7348814,0.56472045,0.47201633,0.33529946208000183,0.2652403712272644,0.23781989514827728,0.19456373155117035,0.1845080405473709,0.15440528094768524,0.10691945,0.8311315,0.7887092,0.6837149,0.41174399852752686,0.5446193814277649,0.46291863918304443,0.34040236473083496,0.21168167889118195,0.11865980923175812
2394,/usr/local/data/zahrat/workshop/dent_output/chexpert-swap-normal/pleural_effusion/seed2394/lambda_t_star5/style.png,0.029359316,0.9475959,0.9528442,0.8698322,0.5217177867889404,0.2891978323459625,0.1325891613960266,0.08440624177455902,0.062401287257671356,0.04050580784678459,0.6207639,0.9285315,0.9179907,0.55010235,0.6120030283927917,0.6397362947463989,0.6224393844604492,0.6061626076698303,0.608919620513916,0.6184130311012268
2835,/usr/local/data/zahrat/workshop/dent_output/chexpert-swap-normal/pleural_effusion/seed2835/lambda_t_star5/style.png,0.069004655,0.9737446,0.97325146,0.95817626,0.7330343723297119,0.515667736530304,0.3779982328414917,0.2588895559310913,0.15756623446941376,0.10411155968904495,0.07740792,0.08697815,0.08140744,0.04778241,0.10456465929746628,0.0975775271654129,0.07994040846824646,0.08135442435741425,0.08064483106136322,0.07549283653497696
3127,/usr/local/data/zahrat/workshop/dent_output/chexpert-swap-normal/pleural_effusion/seed3127/lambda_t_star5/style.png,0.06925008,0.8719832,0.76036596,0.6655144,0.397144615650177,0.27624937891960144,0.21048210561275482,0.13928326964378357,0.10602638125419617,0.0877164825797081,0.083969906,0.559263,0.18940967,0.16420981,0.15529799461364746,0.10801172256469727,0.10919169336557388,0.12258549779653549,0.11284630745649338,0.08320190757513046
2276,/usr/local/data/zahrat/workshop/dent_output/chexpert-swap-normal/pleural_effusion/seed2276/lambda_t_star5/style.png,0.06825417,0.9417611,0.91899306,0.3924835,0.19078324735164642,0.21102853119373322,0.21136175096035004,0.159752756357193,0.12804435193538666,0.08764742314815521,0.10737291,0.81620437,0.1664832,0.485953,0.31474196910858154,0.20947645604610443,0.19118134677410126,0.1656193733215332,0.13928619027137756,0.12745437026023865
3207,/usr/local/data/zahrat/workshop/dent_output/chexpert-swap-normal/pleural_effusion/seed3207/lambda_t_star5/style.png,0.10549332,0.9288736,0.9271143,0.64912796,0.5350711941719055,0.4742964506149292,0.40792161226272583,0.342358261346817,0.2645520269870758,0.15444350242614746,0.081395276,0.8551644,0.0646343,0.08404125,0.12601061165332794,0.12028637528419495,0.10216516256332397,0.08972425758838654,0.09921934455633163,0.09040431678295135
3325,/usr/local/data/zahrat/workshop/dent_output/chexpert-swap-normal/pleural_effusion/seed3325/lambda_t_star5/style.png,0.057242937,0.98172784,0.98783153,0.9655178,0.9632436037063599,0.8730517625808716,0.5497013330459595,0.4382305443286896,0.27433469891548157,0.11774364113807678,0.8290988,0.89847004,0.9040409,0.9069324,0.8995874524116516,0.9003298282623291,0.8763203620910645,0.8384687900543213,0.8344849348068237,0.8245649337768555
3080,/usr/local/data/zahrat/workshop/dent_output/chexpert-swap-normal/pleural_effusion/seed3080/lambda_t_star5/style.png,0.111136995,0.36160454,0.48317978,0.32655686,0.17845307290554047,0.14690957963466644,0.13109871745109558,0.12778998911380768,0.12800927460193634,0.11925442516803741,0.03340692,0.080853514,0.14907064,0.08529709,0.054096370935440063,0.049202367663383484,0.04969385266304016,0.044842347502708435,0.0425206795334816,0.036237362772226334
1591,/usr/local/data/zahrat/workshop/dent_output/chexpert-swap-normal/pleural_effusion/seed1591/lambda_t_star5/style.png,0.1502363,0.96693826,0.75378305,0.69332063,0.6908746361732483,0.7117644548416138,0.6714934706687927,0.5706273317337036,0.44313952326774597,0.2800837457180023,0.0666996,0.08748671,0.10284457,0.12097308,0.09841586649417877,0.09337214380502701,0.07790951430797577,0.08738893270492554,0.08010151237249374,0.07042139023542404
2479,/usr/local/data/zahrat/workshop/dent_output/chexpert-swap-normal/pleural_effusion/seed2479/lambda_t_star5/style.png,0.32712936,0.9575041,0.9837278,0.9813013,0.9649056792259216,0.8728170394897461,0.7520295977592468,0.6411213278770447,0.5668608546257019,0.44599226117134094,0.80002725,0.71445364,0.7662888,0.79365206,0.7972633242607117,0.8269112706184387,0.8079791069030762,0.8263217210769653,0.828370213508606,0.8115049004554749
2456,/usr/local/data/zahrat/workshop/dent_output/chexpert-swap-normal/pleural_effusion/seed2456/lambda_t_star5/style.png,0.08134422,0.45499253,0.17609377,0.22792183,0.18574534356594086,0.16282933950424194,0.1395711451768875,0.12210310250520706,0.09642119705677032,0.08975386619567871,0.05685333,0.348409,0.35019174,0.33683836,0.26759326457977295,0.14983490109443665,0.11149333417415619,0.1091415137052536,0.07586595416069031,0.07843131572008133
2532,/usr/local/data/zahrat/workshop/dent_output/chexpert-swap-normal/pleural_effusion/seed2532/lambda_t_star5/style.png,0.19660762,0.9661641,0.94925123,0.9215518,0.725191593170166,0.6343283653259277,0.7277191877365112,0.5602999329566956,0.44556301832199097,0.2879399359226227,0.7657517,0.8415608,0.8936255,0.9060662,0.881214439868927,0.833098828792572,0.8165069818496704,0.7709532976150513,0.7709498405456543,0.7591648101806641
2553,/usr/local/data/zahrat/workshop/dent_output/chexpert-swap-normal/pleural_effusion/seed2553/lambda_t_star5/style.png,0.06499206,0.68546516,0.48566747,0.40808177,0.2591376006603241,0.18981266021728516,0.14801593124866486,0.12131427228450775,0.09985212236642838,0.07838080078363419,0.1165525,0.90246403,0.5507509,0.23462574,0.1881658434867859,0.21092693507671356,0.21344132721424103,0.16670921444892883,0.1604255735874176,0.12933148443698883
2529,/usr/local/data/zahrat/workshop/dent_output/chexpert-swap-normal/pleural_effusion/seed2529/lambda_t_star5/style.png,0.25198993,0.97307986,0.96570975,0.92971045,0.8939772844314575,0.909051775932312,0.8188374638557434,0.7418410181999207,0.5870611071586609,0.4038437604904175,0.8318879,0.8613172,0.9138846,0.89881694,0.8506636619567871,0.8560274243354797,0.8546271920204163,0.856493353843689,0.8548039197921753,0.8536205887794495
2560,/usr/local/data/zahrat/workshop/dent_output/chexpert-swap-normal/pleural_effusion/seed2560/lambda_t_star5/style.png,0.07041506,0.9320742,0.92412585,0.8994419,0.9116407036781311,0.8872153759002686,0.1967896670103073,0.11540697515010834,0.10281234234571457,0.08963916450738907,0.47956795,0.2872032,0.40131688,0.65721333,0.45237141847610474,0.37673652172088623,0.5536763668060303,0.511100172996521,0.4950582683086395,0.4913991391658783
2810,/usr/local/data/zahrat/workshop/dent_output/chexpert-swap-normal/pleural_effusion/seed2810/lambda_t_star5/style.png,0.04445718,0.9651931,0.7930239,0.7820407,0.6200031042098999,0.37217438220977783,0.25658026337623596,0.1541282832622528,0.10927549004554749,0.06546758115291595,0.93927807,0.97575074,0.9723858,0.9770049,0.9762448072433472,0.9769371747970581,0.9740909337997437,0.9660935997962952,0.962135910987854,0.9515388011932373
2526,/usr/local/data/zahrat/workshop/dent_output/chexpert-swap-normal/pleural_effusion/seed2526/lambda_t_star5/style.png,0.08620856,0.8716592,0.8825393,0.9027719,0.8939032554626465,0.8456325531005859,0.774551272392273,0.7074539661407471,0.5983335971832275,0.22430633008480072,0.092076324,0.1798135,0.63709146,0.2349469,0.19107867777347565,0.14936193823814392,0.11521444469690323,0.11968442797660828,0.11667349934577942,0.10128190368413925
2548,/usr/local/data/zahrat/workshop/dent_output/chexpert-swap-normal/pleural_effusion/seed2548/lambda_t_star5/style.png,0.20767196,0.77129775,0.719545,0.58135,0.5671965479850769,0.5436007976531982,0.4193214178085327,0.3838035762310028,0.3312286138534546,0.24405710399150848,0.101077944,0.23879771,0.1452729,0.118153214,0.19954565167427063,0.09543097764253616,0.2607632279396057,0.2544109523296356,0.16798943281173706,0.12024989724159241
2437,/usr/local/data/zahrat/workshop/dent_output/chexpert-swap-normal/pleural_effusion/seed2437/lambda_t_star5/style.png,0.12666374,0.7902,0.7204758,0.6182451,0.6025803685188293,0.5175439715385437,0.29029470682144165,0.22850273549556732,0.18689975142478943,0.15478986501693726,0.12815835,0.13204892,0.76839006,0.8144705,0.8267403841018677,0.7856869101524353,0.7187150716781616,0.4516927897930145,0.1762664020061493,0.13654915988445282
3345,/usr/local/data/zahrat/workshop/dent_output/chexpert-swap-normal/pleural_effusion/seed3345/lambda_t_star5/style.png,0.05757413,0.15378536,0.11346032,0.09704883,0.08135736733675003,0.07020098716020584,0.07086309045553207,0.06793733686208725,0.06484716385602951,0.060574837028980255,0.02365817,0.6407728,0.7908177,0.7581748,0.6408946514129639,0.2257617563009262,0.07968515902757645,0.03213193640112877,0.029434403404593468,0.02515999972820282
2202,/usr/local/data/zahrat/workshop/dent_output/chexpert-swap-normal/pleural_effusion/seed2202/lambda_t_star5/style.png,0.033983555,0.90758944,0.8553691,0.45925888,0.305591881275177,0.24360023438930511,0.14394059777259827,0.10485265403985977,0.06442385166883469,0.047160856425762177,0.23575288,0.8823954,0.90385073,0.8657743,0.8486189246177673,0.5616152882575989,0.48094642162323,0.326382577419281,0.260678768157959,0.2273765355348587
3078,/usr/local/data/zahrat/workshop/dent_output/chexpert-swap-normal/pleural_effusion/seed3078/lambda_t_star5/style.png,0.097730786,0.7011335,0.7618833,0.6713653,0.392089307308197,0.2585451304912567,0.21069975197315216,0.1789647787809372,0.13019602000713348,0.11910666525363922,0.22217679,0.22248948,0.34726,0.37965035,0.3507193624973297,0.333260715007782,0.3121730387210846,0.2636816203594208,0.21518833935260773,0.2226649671792984
2666,/usr/local/data/zahrat/workshop/dent_output/chexpert-swap-normal/pleural_effusion/seed2666/lambda_t_star5/style.png,0.33419576,0.93107224,0.919503,0.9359435,0.733951985836029,0.694480836391449,0.6287850737571716,0.5512253046035767,0.5228680968284607,0.44788047671318054,0.5603316,0.28699172,0.8217578,0.7617318,0.7743417024612427,0.7875309586524963,0.7587912082672119,0.65006023645401,0.6315346956253052,0.5802184343338013
2428,/usr/local/data/zahrat/workshop/dent_output/chexpert-swap-normal/pleural_effusion/seed2428/lambda_t_star5/style.png,0.096142195,0.952323,0.9375602,0.9221756,0.9051975011825562,0.710472583770752,0.4757523834705353,0.3432038724422455,0.2523200511932373,0.16907787322998047,0.12708466,0.323887,0.6865501,0.47471178,0.3844353258609772,0.2947676479816437,0.33409014344215393,0.2776493728160858,0.17327480018138885,0.13641119003295898
2421,/usr/local/data/zahrat/workshop/dent_output/chexpert-swap-normal/pleural_effusion/seed2421/lambda_t_star5/style.png,0.013602512,0.21185179,0.019910183,0.0134071335,0.016966355964541435,0.017390692606568336,0.01688244938850403,0.016454363241791725,0.01534334011375904,0.014685497619211674,0.5883146,0.8365089,0.17776947,0.5410432,0.729331374168396,0.7539928555488586,0.7359691858291626,0.6799449324607849,0.6610387563705444,0.5744988918304443
2800,/usr/local/data/zahrat/workshop/dent_output/chexpert-swap-normal/pleural_effusion/seed2800/lambda_t_star5/style.png,0.4731173,0.9779181,0.9059562,0.8504575,0.7275972366333008,0.6395278573036194,0.5934487581253052,0.7133915424346924,0.6622396111488342,0.6014711260795593,0.09346133,0.6630807,0.61814404,0.64139205,0.6640068888664246,0.18184290826320648,0.1551709920167923,0.14194977283477783,0.1250152885913849,0.10445196181535721
2291,/usr/local/data/zahrat/workshop/dent_output/chexpert-swap-normal/pleural_effusion/seed2291/lambda_t_star5/style.png,0.016496645,0.9604264,0.9630443,0.94814855,0.8419449329376221,0.7485758066177368,0.4636205732822418,0.09905701130628586,0.04386153444647789,0.026923146098852158,0.2189157,0.098281644,0.17520154,0.3303382,0.2657301723957062,0.2598956823348999,0.24874693155288696,0.20711755752563477,0.19282349944114685,0.21026097238063812
2956,/usr/local/data/zahrat/workshop/dent_output/chexpert-swap-normal/pleural_effusion/seed2956/lambda_t_star5/style.png,0.075718716,0.9611986,0.9118631,0.8524031,0.8724707961082458,0.7599855065345764,0.4738057851791382,0.34561827778816223,0.20576973259449005,0.12300316244363785,0.7833757,0.7323012,0.7228929,0.79544896,0.8194514513015747,0.7939772009849548,0.8021339774131775,0.7940625548362732,0.7974836826324463,0.7882556319236755
1829,/usr/local/data/zahrat/workshop/dent_output/chexpert-swap-normal/pleural_effusion/seed1829/lambda_t_star5/style.png,0.56578225,0.9774026,0.9347636,0.843573,0.8420136570930481,0.8173349499702454,0.7758061289787292,0.7454937100410461,0.701332688331604,0.6409066319465637,0.27535644,0.66303444,0.57657087,0.6818036,0.6536311507225037,0.6843209862709045,0.635744571685791,0.5643438696861267,0.39745792746543884,0.31836843490600586
2353,/usr/local/data/zahrat/workshop/dent_output/chexpert-swap-normal/pleural_effusion/seed2353/lambda_t_star5/style.png,0.032027405,0.91717666,0.8822837,0.91652393,0.36571943759918213,0.20007629692554474,0.09972704201936722,0.07054935395717621,0.052964430302381516,0.03985410928726196,0.25889298,0.72971547,0.4474733,0.3870561,0.6318291425704956,0.4897718131542206,0.38999199867248535,0.35650432109832764,0.31764253973960876,0.3032640814781189
1867,/usr/local/data/zahrat/workshop/dent_output/chexpert-swap-normal/pleural_effusion/seed1867/lambda_t_star5/style.png,0.08720676,0.8977479,0.8759311,0.8591009,0.721883237361908,0.23540066182613373,0.14854805171489716,0.13281865417957306,0.11122241616249084,0.09757405519485474,0.5897934,0.27346334,0.32170168,0.31013605,0.34448352456092834,0.3584672808647156,0.4512549340724945,0.5303711295127869,0.5379928946495056,0.5647445917129517
2290,/usr/local/data/zahrat/workshop/dent_output/chexpert-swap-normal/pleural_effusion/seed2290/lambda_t_star5/style.png,0.14036512,0.81154644,0.89905465,0.788874,0.6494694948196411,0.5223888754844666,0.3668214678764343,0.27911531925201416,0.19788183271884918,0.1848357915878296,0.2279743,0.76089865,0.8305429,0.7191827,0.4256563186645508,0.4190122187137604,0.3719122111797333,0.3471335172653198,0.30395257472991943,0.2563841640949249
3303,/usr/local/data/zahrat/workshop/dent_output/chexpert-swap-normal/pleural_effusion/seed3303/lambda_t_star5/style.png,0.025423469,0.39812127,0.35185856,0.24051172,0.09734813868999481,0.046052657067775726,0.03686707839369774,0.03214153274893761,0.031171856448054314,0.028440169990062714,0.013566475,0.061117098,0.038184218,0.031371072,0.026686210185289383,0.02221892587840557,0.018784351646900177,0.017054619267582893,0.015248233452439308,0.013378717005252838
2489,/usr/local/data/zahrat/workshop/dent_output/chexpert-swap-normal/pleural_effusion/seed2489/lambda_t_star5/style.png,0.09182967,0.9065258,0.7798956,0.7491701,0.521955668926239,0.33474868535995483,0.2425220012664795,0.1833231896162033,0.14846564829349518,0.11914093047380447,0.048145227,0.9248502,0.9239271,0.9361689,0.9489094614982605,0.9353801608085632,0.6476039290428162,0.07929030060768127,0.0820365771651268,0.06583348661661148
3161,/usr/local/data/zahrat/workshop/dent_output/chexpert-swap-normal/pleural_effusion/seed3161/lambda_t_star5/style.png,0.3512932,0.5520049,0.4533967,0.42683026,0.36692026257514954,0.3569455146789551,0.35949039459228516,0.35631534457206726,0.3593093752861023,0.353333443403244,0.40535918,0.63764536,0.38831624,0.37318867,0.3281829059123993,0.36084839701652527,0.4089352786540985,0.3883470594882965,0.3983476161956787,0.39759063720703125
1910,/usr/local/data/zahrat/workshop/dent_output/chexpert-swap-normal/pleural_effusion/seed1910/lambda_t_star5/style.png,0.008364183,0.84513485,0.56974334,0.085028626,0.03326329216361046,0.025417396798729897,0.022629236802458763,0.017031772062182426,0.013656269758939743,0.010465732775628567,0.111368895,0.06337941,0.10864652,0.4912132,0.39749404788017273,0.2554587125778198,0.15894223749637604,0.12000913918018341,0.10656003654003143,0.10651423782110214
1971,/usr/local/data/zahrat/workshop/dent_output/chexpert-swap-normal/pleural_effusion/seed1971/lambda_t_star5/style.png,0.0892541,0.9883223,0.69486433,0.30633822,0.20105384290218353,0.17411921918392181,0.14455769956111908,0.12417887896299362,0.1117606982588768,0.09869720786809921,0.06855614,0.10972758,0.15380146,0.111930706,0.08749109506607056,0.07349132746458054,0.07444696128368378,0.08007574081420898,0.07950279861688614,0.07433439791202545
1727,/usr/local/data/zahrat/workshop/dent_output/chexpert-swap-normal/pleural_effusion/seed1727/lambda_t_star5/style.png,0.036207143,0.9441709,0.58143586,0.64696914,0.5393902063369751,0.21672075986862183,0.11231230944395065,0.08528353273868561,0.06672152876853943,0.05071442574262619,0.52737516,0.87839746,0.9179738,0.9164933,0.926659882068634,0.9214613437652588,0.9326197504997253,0.815826416015625,0.5160746574401855,0.49695852398872375
2112,/usr/local/data/zahrat/workshop/dent_output/chexpert-swap-normal/pleural_effusion/seed2112/lambda_t_star5/style.png,0.11953965,0.7950981,0.74220765,0.737941,0.6906583905220032,0.4356212317943573,0.29497358202934265,0.24218124151229858,0.175773486495018,0.1408047378063202,0.077124044,0.3750593,0.1311707,0.117723584,0.14122946560382843,0.1422170102596283,0.12096475809812546,0.13117170333862305,0.11868327856063843,0.09225510060787201
3219,/usr/local/data/zahrat/workshop/dent_output/chexpert-swap-normal/pleural_effusion/seed3219/lambda_t_star5/style.png,0.09724346,0.99133563,0.98298913,0.9670224,0.9109959006309509,0.8947069644927979,0.7237935662269592,0.5793434977531433,0.3812597692012787,0.18812213838100433,0.12673777,0.35612983,0.106755055,0.21514326,0.4396326541900635,0.18047918379306793,0.16431182622909546,0.1485765278339386,0.14591310918331146,0.14705002307891846
3085,/usr/local/data/zahrat/workshop/dent_output/chexpert-swap-normal/pleural_effusion/seed3085/lambda_t_star5/style.png,0.021330245,0.9498142,0.95466644,0.82812256,0.4612060785293579,0.16011826694011688,0.10036657750606537,0.04226646199822426,0.03006603941321373,0.023998970165848732,0.8275588,0.86731607,0.8787345,0.8427162,0.8411774039268494,0.8221516609191895,0.8200714588165283,0.8215289115905762,0.8246172070503235,0.8263872861862183
3203,/usr/local/data/zahrat/workshop/dent_output/chexpert-swap-normal/pleural_effusion/seed3203/lambda_t_star5/style.png,0.08403029,0.9666953,0.9666782,0.911168,0.6680164933204651,0.3143118917942047,0.2574853003025055,0.17140547931194305,0.13318359851837158,0.10640323162078857,0.6557172,0.7651837,0.762922,0.8355948,0.8329873085021973,0.7847133874893188,0.76311194896698,0.750074565410614,0.7276091575622559,0.6984062194824219
3134,/usr/local/data/zahrat/workshop/dent_output/chexpert-swap-normal/pleural_effusion/seed3134/lambda_t_star5/style.png,0.0772491,0.9845425,0.70936674,0.61701,0.38714247941970825,0.2591340243816376,0.18897148966789246,0.142499178647995,0.11542312055826187,0.09624216705560684,0.16579533,0.8281448,0.56314415,0.45218632,0.24200238287448883,0.21579203009605408,0.26026996970176697,0.264441579580307,0.24493493139743805,0.1999577283859253
1974,/usr/local/data/zahrat/workshop/dent_output/chexpert-swap-normal/pleural_effusion/seed1974/lambda_t_star5/style.png,0.034523,0.94132864,0.9420488,0.8470535,0.6952869892120361,0.20792323350906372,0.10485073179006577,0.08561486005783081,0.06913769245147705,0.05113319307565689,0.7357655,0.6320885,0.8078779,0.7764443,0.6790948510169983,0.7598395943641663,0.7501758933067322,0.752962052822113,0.7381554245948792,0.7380627393722534
1921,/usr/local/data/zahrat/workshop/dent_output/chexpert-swap-normal/pleural_effusion/seed1921/lambda_t_star5/style.png,0.1488973,0.97197556,0.8423293,0.73925716,0.6193143129348755,0.5091137886047363,0.4457402229309082,0.4069858193397522,0.3350197672843933,0.23770906031131744,0.06521717,0.82353115,0.7273481,0.1622053,0.7664030194282532,0.6537227034568787,0.32396364212036133,0.12452192604541779,0.08115784078836441,0.07821699231863022
3352,/usr/local/data/zahrat/workshop/dent_output/chexpert-swap-normal/pleural_effusion/seed3352/lambda_t_star5/style.png,0.02401889,0.93295306,0.5930472,0.24767846,0.1290496587753296,0.07749084383249283,0.05151274800300598,0.044185325503349304,0.03994008153676987,0.031220128759741783,0.8975909,0.8920467,0.89836,0.88920075,0.9017961621284485,0.9090326428413391,0.9152719378471375,0.9199008345603943,0.9204570055007935,0.9070504903793335
2232,/usr/local/data/zahrat/workshop/dent_output/chexpert-swap-normal/pleural_effusion/seed2232/lambda_t_star5/style.png,0.06685365,0.97866267,0.977571,0.9682643,0.8134709000587463,0.43555977940559387,0.2845233380794525,0.18769429624080658,0.13908131420612335,0.0922214463353157,0.06800866,0.36825722,0.20674261,0.32025808,0.12900634109973907,0.08409695327281952,0.0892147421836853,0.078815758228302,0.0734347552061081,0.06964831799268723
2622,/usr/local/data/zahrat/workshop/dent_output/chexpert-swap-normal/pleural_effusion/seed2622/lambda_t_star5/style.png,0.15203132,0.9604544,0.81942713,0.7533661,0.7161490321159363,0.6677849888801575,0.6169381141662598,0.5652323365211487,0.43233630061149597,0.2636030316352844,0.029736292,0.019774769,0.02186991,0.022738272,0.02262748032808304,0.02369425818324089,0.02637573704123497,0.029009979218244553,0.029858822003006935,0.029692109674215317
2295,/usr/local/data/zahrat/workshop/dent_output/chexpert-swap-normal/pleural_effusion/seed2295/lambda_t_star5/style.png,0.030906895,0.9742346,0.9239429,0.55373895,0.27399325370788574,0.16588397324085236,0.09687937796115875,0.07174911350011826,0.04943609982728958,0.04052715376019478,0.83734953,0.7881231,0.9152578,0.81715894,0.8320056796073914,0.8715010285377502,0.8794155716896057,0.872929036617279,0.8608128428459167,0.8452190160751343
1763,/usr/local/data/zahrat/workshop/dent_output/chexpert-swap-normal/pleural_effusion/seed1763/lambda_t_star5/style.png,0.0368657,0.92532563,0.9295443,0.9185044,0.7675841450691223,0.6077247858047485,0.20940753817558289,0.12336783111095428,0.09681802242994308,0.05701353773474693,0.27269298,0.1933177,0.3863674,0.7578572,0.32146260142326355,0.31466755270957947,0.3126271069049835,0.31012919545173645,0.2822653651237488,0.26616010069847107
2078,/usr/local/data/zahrat/workshop/dent_output/chexpert-swap-normal/pleural_effusion/seed2078/lambda_t_star5/style.png,0.13496216,0.47107184,0.3384621,0.30136758,0.25090286135673523,0.22307002544403076,0.18076689541339874,0.15458381175994873,0.1498604267835617,0.14072495698928833,0.037379522,0.064271554,0.05586373,0.046860736,0.04365035519003868,0.04094223305583,0.03931198641657829,0.039370663464069366,0.040087487548589706,0.0379742868244648
2722,/usr/local/data/zahrat/workshop/dent_output/chexpert-swap-normal/pleural_effusion/seed2722/lambda_t_star5/style.png,0.06931529,0.96406186,0.9337612,0.8036585,0.6257944107055664,0.47012007236480713,0.300842821598053,0.20349228382110596,0.15446601808071136,0.10041499882936478,0.04902178,0.13763377,0.13593428,0.7631823,0.0768176019191742,0.07967530190944672,0.08712663501501083,0.05385402962565422,0.05271743983030319,0.05477549880743027
1516,/usr/local/data/zahrat/workshop/dent_output/chexpert-swap-normal/pleural_effusion/seed1516/lambda_t_star5/style.png,0.06857252,0.87454414,0.5679996,0.3269723,0.24964305758476257,0.1721590757369995,0.14485453069210052,0.12124545127153397,0.10095570236444473,0.08360158652067184,0.9375081,0.89659506,0.9112637,0.92101353,0.9329550266265869,0.9288255572319031,0.9287248849868774,0.9328285455703735,0.9294820427894592,0.9337503910064697
2416,/usr/local/data/zahrat/workshop/dent_output/chexpert-swap-normal/pleural_effusion/seed2416/lambda_t_star5/style.png,0.032494176,0.8821578,0.4045332,0.23898233,0.1320701241493225,0.08223452419042587,0.06462413817644119,0.05179913341999054,0.04647238925099373,0.042170073837041855,0.11938425,0.9033174,0.61678106,0.37951067,0.2869094908237457,0.23033525049686432,0.20303167402744293,0.17337383329868317,0.15084603428840637,0.1329762488603592
2910,/usr/local/data/zahrat/workshop/dent_output/chexpert-swap-normal/pleural_effusion/seed2910/lambda_t_star5/style.png,0.008565353,0.7858924,0.5633365,0.42121607,0.2911226749420166,0.25676843523979187,0.052334923297166824,0.01815003901720047,0.012453042902052402,0.010318964719772339,0.097071335,0.54372567,0.8688522,0.8744054,0.8218719959259033,0.7298516035079956,0.5893173813819885,0.5312724113464355,0.3049810826778412,0.17040589451789856
2994,/usr/local/data/zahrat/workshop/dent_output/chexpert-swap-normal/pleural_effusion/seed2994/lambda_t_star5/style.png,0.03921684,0.11912837,0.10859006,0.07883678,0.05957609787583351,0.05035889893770218,0.04487454518675804,0.04226129129528999,0.04259348660707474,0.04076041653752327,0.04186225,0.042701647,0.041086163,0.048319098,0.039591897279024124,0.04447709769010544,0.04348083585500717,0.04296344146132469,0.040260229259729385,0.040592387318611145
3081,/usr/local/data/zahrat/workshop/dent_output/chexpert-swap-normal/pleural_effusion/seed3081/lambda_t_star5/style.png,0.34103072,0.36563402,0.4491607,0.38409707,0.3653196096420288,0.3728261888027191,0.3725614845752716,0.3722356855869293,0.36512309312820435,0.3547185957431793,0.44914648,0.3854777,0.40403375,0.53206277,0.40314051508903503,0.39518746733665466,0.4125336706638336,0.4162311553955078,0.4024416506290436,0.4323245584964752
2745,/usr/local/data/zahrat/workshop/dent_output/chexpert-swap-normal/pleural_effusion/seed2745/lambda_t_star5/style.png,0.047927193,0.93446374,0.60731196,0.47491404,0.2972891628742218,0.2065429538488388,0.1297520101070404,0.09467404335737228,0.07239575684070587,0.05723389610648155,0.69080204,0.88908666,0.8526048,0.7957742,0.8050125241279602,0.7180808782577515,0.7245944142341614,0.7270209193229675,0.7118829488754272,0.7008283734321594
2607,/usr/local/data/zahrat/workshop/dent_output/chexpert-swap-normal/pleural_effusion/seed2607/lambda_t_star5/style.png,0.2384859,0.91386855,0.6640825,0.53302866,0.4848090410232544,0.466319739818573,0.40484800934791565,0.3655652105808258,0.3188795745372772,0.27549242973327637,0.14523853,0.48633254,0.14624128,0.111867435,0.11142484843730927,0.1300211250782013,0.1336936503648758,0.13121157884597778,0.14810431003570557,0.15725111961364746
2180,/usr/local/data/zahrat/workshop/dent_output/chexpert-swap-normal/pleural_effusion/seed2180/lambda_t_star5/style.png,0.10488438,0.9626945,0.94645417,0.9391824,0.8649985194206238,0.8908089399337769,0.6206261515617371,0.48822256922721863,0.3197281062602997,0.17437295615673065,0.56854975,0.36889905,0.3941781,0.38212126,0.33998584747314453,0.3913731575012207,0.4267151951789856,0.4634532630443573,0.524141788482666,0.5605481266975403
2288,/usr/local/data/zahrat/workshop/dent_output/chexpert-swap-normal/pleural_effusion/seed2288/lambda_t_star5/style.png,0.111675546,0.95990163,0.8838264,0.7389282,0.5271807909011841,0.39061546325683594,0.3337566554546356,0.26628750562667847,0.21360744535923004,0.15266826748847961,0.25155735,0.6966771,0.3713545,0.2956232,0.2938605546951294,0.2977063059806824,0.3075217008590698,0.2951728105545044,0.26049691438674927,0.260233998298645
2996,/usr/local/data/zahrat/workshop/dent_output/chexpert-swap-normal/pleural_effusion/seed2996/lambda_t_star5/style.png,0.77906847,0.9416692,0.92576075,0.92594665,0.9308968186378479,0.9063337445259094,0.9108260869979858,0.9176959991455078,0.8804948329925537,0.8319408893585205,0.115049616,0.70041895,0.75222164,0.7768632,0.8113968968391418,0.5715067386627197,0.5255194902420044,0.26737698912620544,0.16387762129306793,0.157895028591156
3084,/usr/local/data/zahrat/workshop/dent_output/chexpert-swap-normal/pleural_effusion/seed3084/lambda_t_star5/style.png,0.10093092,0.84499013,0.73297906,0.489162,0.3029624819755554,0.23552094399929047,0.20321951806545258,0.18424539268016815,0.15647871792316437,0.12156029045581818,0.08094745,0.78255415,0.25484902,0.26261476,0.1033293828368187,0.11494188755750656,0.1292911171913147,0.11524222791194916,0.08742833882570267,0.08385852724313736
2225,/usr/local/data/zahrat/workshop/dent_output/chexpert-swap-normal/pleural_effusion/seed2225/lambda_t_star5/style.png,0.17926207,0.9257257,0.7663806,0.67783225,0.7009204626083374,0.661251962184906,0.47470322251319885,0.35007232427597046,0.2855118215084076,0.22595538198947906,0.29708952,0.7535327,0.66626203,0.5603495,0.6761999130249023,0.6788009405136108,0.6426231861114502,0.44261184334754944,0.3482394516468048,0.3155533969402313
2922,/usr/local/data/zahrat/workshop/dent_output/chexpert-swap-normal/pleural_effusion/seed2922/lambda_t_star5/style.png,0.01551473,0.8124947,0.63877314,0.5699571,0.05153940990567207,0.03984453156590462,0.03286261111497879,0.02520579844713211,0.02039298228919506,0.016893772408366203,0.053691473,0.40294906,0.23572183,0.20395748,0.08848783373832703,0.09839215874671936,0.11084544658660889,0.08006331324577332,0.06165800988674164,0.053074631839990616
2235,/usr/local/data/zahrat/workshop/dent_output/chexpert-swap-normal/pleural_effusion/seed2235/lambda_t_star5/style.png,0.03984853,0.935226,0.83358884,0.33583018,0.10726277530193329,0.07225621491670609,0.05819637328386307,0.05488548427820206,0.05056555196642876,0.04434490203857422,0.87292576,0.7085338,0.78080225,0.8364433,0.8742635846138,0.8503178954124451,0.8638859391212463,0.8582863807678223,0.8565216660499573,0.8642071485519409
2170,/usr/local/data/zahrat/workshop/dent_output/chexpert-swap-normal/pleural_effusion/seed2170/lambda_t_star5/style.png,0.025998348,0.6386331,0.55092067,0.62338805,0.4464107155799866,0.32468467950820923,0.229686439037323,0.11010409146547318,0.060877785086631775,0.038622863590717316,0.25222674,0.1702422,0.23541376,0.30328518,0.20222678780555725,0.2247113585472107,0.24612106382846832,0.3036971986293793,0.30819523334503174,0.3067520260810852
2184,/usr/local/data/zahrat/workshop/dent_output/chexpert-swap-normal/pleural_effusion/seed2184/lambda_t_star5/style.png,0.30836877,0.4053643,0.47275835,0.45555103,0.4225086271762848,0.4032174050807953,0.3607284128665924,0.3430720567703247,0.32852792739868164,0.3195517957210541,0.028061166,0.03238573,0.0419193,0.041251644,0.02939334325492382,0.028408175334334373,0.031496092677116394,0.03148481622338295,0.03174975514411926,0.03170376271009445
2192,/usr/local/data/zahrat/workshop/dent_output/chexpert-swap-normal/pleural_effusion/seed2192/lambda_t_star5/style.png,0.2986702,0.97003895,0.97255737,0.9735368,0.9361827969551086,0.8701748251914978,0.8447235822677612,0.674052894115448,0.5789700746536255,0.4705420434474945,0.72291785,0.6137567,0.7774617,0.76391524,0.761894166469574,0.8003882169723511,0.8217759132385254,0.7566899061203003,0.7434638738632202,0.7270447015762329
2269,/usr/local/data/zahrat/workshop/dent_output/chexpert-swap-normal/pleural_effusion/seed2269/lambda_t_star5/style.png,0.037462976,0.88166815,0.80466247,0.6691604,0.5250270962715149,0.22281408309936523,0.07545702159404755,0.05008762329816818,0.04550512135028839,0.03959545120596886,0.040615465,0.36470684,0.2951584,0.1293255,0.14500071108341217,0.13519302010536194,0.08285944908857346,0.07217137515544891,0.06567443907260895,0.051830969750881195
2035,/usr/local/data/zahrat/workshop/dent_output/chexpert-swap-normal/pleural_effusion/seed2035/lambda_t_star5/style.png,0.30499372,0.9654835,0.9513335,0.9394593,0.8905848264694214,0.8403003811836243,0.7923019528388977,0.6325675249099731,0.5486721396446228,0.4112679362297058,0.13097337,0.18786398,0.45420724,0.21679479,0.22467201948165894,0.21709458529949188,0.2205011248588562,0.1931440532207489,0.16725687682628632,0.14906087517738342
2558,/usr/local/data/zahrat/workshop/dent_output/chexpert-swap-normal/pleural_effusion/seed2558/lambda_t_star5/style.png,0.013419016,0.4896218,0.40416712,0.23757,0.08515164256095886,0.038526587188243866,0.026247432455420494,0.020544156432151794,0.017438873648643494,0.015336431562900543,0.056886323,0.8095409,0.77449995,0.7197758,0.4120059013366699,0.32224753499031067,0.11521701514720917,0.07291587442159653,0.06446177512407303,0.06182895228266716
3157,/usr/local/data/zahrat/workshop/dent_output/chexpert-swap-normal/pleural_effusion/seed3157/lambda_t_star5/style.png,0.22562261,0.96772814,0.97314554,0.979939,0.9764208197593689,0.704339861869812,0.5227493643760681,0.4435177147388458,0.33086711168289185,0.2685391306877136,0.61587197,0.32224357,0.6404127,0.5776954,0.572344183921814,0.6482495069503784,0.6542012095451355,0.6462598443031311,0.6406192779541016,0.6244644522666931
2432,/usr/local/data/zahrat/workshop/dent_output/chexpert-swap-normal/pleural_effusion/seed2432/lambda_t_star5/style.png,0.2110962,0.8934265,0.8549488,0.67290103,0.5708402991294861,0.47456449270248413,0.4238360524177551,0.39399465918540955,0.34126928448677063,0.2811523675918579,0.8512329,0.8805417,0.88367456,0.88046664,0.8693373203277588,0.8748196363449097,0.8699645400047302,0.8669723868370056,0.8609679341316223,0.8512296676635742
2841,/usr/local/data/zahrat/workshop/dent_output/chexpert-swap-normal/pleural_effusion/seed2841/lambda_t_star5/style.png,0.10344651,0.7116625,0.5153192,0.45661154,0.36602315306663513,0.31879502534866333,0.2586091160774231,0.1930420994758606,0.14689968526363373,0.12963764369487762,0.18212797,0.7411175,0.38993022,0.721758,0.7526116371154785,0.7981433272361755,0.347896009683609,0.2997726500034332,0.25784069299697876,0.2148086279630661
1675,/usr/local/data/zahrat/workshop/dent_output/chexpert-swap-normal/pleural_effusion/seed1675/lambda_t_star5/style.png,0.13378085,0.9285395,0.87979555,0.9033542,0.8720824122428894,0.7874962687492371,0.6329838037490845,0.41814377903938293,0.2636239528656006,0.17336517572402954,0.03668099,0.025192257,0.052787684,0.08107813,0.06756596267223358,0.06558592617511749,0.05665271356701851,0.05275081843137741,0.048613909631967545,0.04309200122952461
2915,/usr/local/data/zahrat/workshop/dent_output/chexpert-swap-normal/pleural_effusion/seed2915/lambda_t_star5/style.png,0.034408156,0.9549467,0.7615777,0.48843196,0.24374701082706451,0.19828863441944122,0.09162037074565887,0.05973014235496521,0.046201568096876144,0.03805394470691681,0.1547506,0.60947376,0.6530606,0.75599444,0.576816976070404,0.5065662860870361,0.260976105928421,0.20189964771270752,0.17276062071323395,0.18042369186878204
1520,/usr/local/data/zahrat/workshop/dent_output/chexpert-swap-normal/pleural_effusion/seed1520/lambda_t_star5/style.png,0.07765728,0.9368775,0.9291591,0.8551645,0.8503331542015076,0.7777774333953857,0.7467760443687439,0.8038541078567505,0.3249136507511139,0.14894583821296692,0.14319658,0.85514945,0.7674436,0.7292688,0.3723510801792145,0.34401682019233704,0.2611021399497986,0.2321668416261673,0.1973167061805725,0.14297360181808472
2938,/usr/local/data/zahrat/workshop/dent_output/chexpert-swap-normal/pleural_effusion/seed2938/lambda_t_star5/style.png,0.2620451,0.8862763,0.7631546,0.6510942,0.577715277671814,0.5324269533157349,0.4628458023071289,0.4275488257408142,0.3923044204711914,0.31740376353263855,0.041930974,0.07284269,0.093340546,0.09452409,0.06465940922498703,0.06347741186618805,0.061153266578912735,0.05380704626441002,0.05640315264463425,0.040965333580970764
2992,/usr/local/data/zahrat/workshop/dent_output/chexpert-swap-normal/pleural_effusion/seed2992/lambda_t_star5/style.png,0.10543,0.7507381,0.81479865,0.82013714,0.6441081166267395,0.2667413055896759,0.20215792953968048,0.16942882537841797,0.14322228729724884,0.12130124866962433,0.8454,0.90860385,0.8608633,0.8759123,0.8530038595199585,0.8227358460426331,0.8427607417106628,0.8611479997634888,0.849365770816803,0.8435925245285034
1914,/usr/local/data/zahrat/workshop/dent_output/chexpert-swap-normal/pleural_effusion/seed1914/lambda_t_star5/style.png,0.044203293,0.9379288,0.9417654,0.9247607,0.8563475608825684,0.6662315726280212,0.36279296875,0.19555702805519104,0.13696515560150146,0.07461167871952057,0.06875854,0.79748875,0.57219976,0.43014312,0.26633918285369873,0.21198773384094238,0.13563857972621918,0.09405555576086044,0.08014368265867233,0.07576689124107361
3297,/usr/local/data/zahrat/workshop/dent_output/chexpert-swap-normal/pleural_effusion/seed3297/lambda_t_star5/style.png,0.07906871,0.7731866,0.7689062,0.7825084,0.6047494411468506,0.5135018825531006,0.46106138825416565,0.37181931734085083,0.2461804300546646,0.15045829117298126,0.033837333,0.037142325,0.07231242,0.06935108,0.050916675478219986,0.04504283517599106,0.03790310025215149,0.03809000551700592,0.038024868816137314,0.03487640619277954
1729,/usr/local/data/zahrat/workshop/dent_output/chexpert-swap-normal/pleural_effusion/seed1729/lambda_t_star5/style.png,0.7021187,0.9307998,0.9356725,0.93379474,0.9279521107673645,0.9325158596038818,0.89756178855896,0.8331032395362854,0.7913200855255127,0.7412710785865784,0.38110742,0.4182415,0.69231397,0.6502233,0.6889678239822388,0.7177101969718933,0.6877083778381348,0.461208701133728,0.34667423367500305,0.3614419400691986
1835,/usr/local/data/zahrat/workshop/dent_output/chexpert-swap-normal/pleural_effusion/seed1835/lambda_t_star5/style.png,0.19861048,0.9229725,0.92691606,0.8747943,0.8456403017044067,0.8153219819068909,0.7556025981903076,0.6721156239509583,0.5352150797843933,0.33212730288505554,0.20633031,0.80924714,0.83729607,0.8101974,0.7979758977890015,0.6196112632751465,0.5965498089790344,0.5645663738250732,0.47104761004447937,0.2639274299144745
2067,/usr/local/data/zahrat/workshop/dent_output/chexpert-swap-normal/pleural_effusion/seed2067/lambda_t_star5/style.png,0.029121539,0.9206736,0.8981742,0.83867085,0.451703816652298,0.2069961130619049,0.08322102576494217,0.05763781815767288,0.04662415385246277,0.036468952894210815,0.21920961,0.74156314,0.79653573,0.57379067,0.6621190905570984,0.6052500009536743,0.37798887491226196,0.385886013507843,0.22374767065048218,0.19221676886081696
2188,/usr/local/data/zahrat/workshop/dent_output/chexpert-swap-normal/pleural_effusion/seed2188/lambda_t_star5/style.png,0.07007599,0.10885967,0.14333747,0.11477764,0.10152687877416611,0.09466125071048737,0.08378005772829056,0.08113503456115723,0.07437973469495773,0.07327954471111298,0.009443745,0.025777306,0.011134911,0.008278313,0.009203619323670864,0.009615848772227764,0.009435432963073254,0.009558514691889286,0.009811882860958576,0.00916098803281784
2050,/usr/local/data/zahrat/workshop/dent_output/chexpert-swap-normal/pleural_effusion/seed2050/lambda_t_star5/style.png,0.07238501,0.9218223,0.93283427,0.93279475,0.6011331081390381,0.4562542736530304,0.25914818048477173,0.16332082450389862,0.11203200370073318,0.08405850827693939,0.16896841,0.18220145,0.24909852,0.18483473,0.2133677750825882,0.20599986612796783,0.2965044677257538,0.31792303919792175,0.24105815589427948,0.209197536110878
1548,/usr/local/data/zahrat/workshop/dent_output/chexpert-swap-normal/pleural_effusion/seed1548/lambda_t_star5/style.png,0.10985082,0.9438319,0.90730214,0.80251527,0.5959091186523438,0.4444790482521057,0.40324053168296814,0.2915710508823395,0.20441743731498718,0.15723396837711334,0.8963524,0.89923334,0.8875823,0.87780076,0.8902178406715393,0.8929653763771057,0.882964551448822,0.9023545384407043,0.897116482257843,0.8980060815811157
2771,/usr/local/data/zahrat/workshop/dent_output/chexpert-swap-normal/pleural_effusion/seed2771/lambda_t_star5/style.png,0.18976453,0.6798055,0.42659992,0.3791279,0.3332131803035736,0.33929508924484253,0.28840166330337524,0.2579059898853302,0.2263195663690567,0.196260467171669,0.8558538,0.9222941,0.9032172,0.9188523,0.9100517630577087,0.9023082256317139,0.9079598188400269,0.9064989686012268,0.8925175070762634,0.8742091655731201
3147,/usr/local/data/zahrat/workshop/dent_output/chexpert-swap-normal/pleural_effusion/seed3147/lambda_t_star5/style.png,0.022932993,0.9532574,0.9199303,0.4033956,0.2353595495223999,0.15620265901088715,0.06873394548892975,0.05876357853412628,0.043263938277959824,0.028392504900693893,0.096005805,0.06545624,0.09586501,0.12713873,0.10429487377405167,0.10217279195785522,0.11632164567708969,0.12327999621629715,0.11097404360771179,0.10513390600681305
1504,/usr/local/data/zahrat/workshop/dent_output/chexpert-swap-normal/pleural_effusion/seed1504/lambda_t_star5/style.png,0.43819267,0.9158018,0.89691687,0.85883474,0.7843844890594482,0.6716752052307129,0.6423036456108093,0.595029890537262,0.5597582459449768,0.4954586923122406,0.5907938,0.9532502,0.9582972,0.62107,0.6571862697601318,0.6915845274925232,0.6096928119659424,0.6169992089271545,0.5871542096138,0.5764098763465881
2961,/usr/local/data/zahrat/workshop/dent_output/chexpert-swap-normal/pleural_effusion/seed2961/lambda_t_star5/style.png,0.04790443,0.8730968,0.8443206,0.5613257,0.3848486542701721,0.2739623188972473,0.21707755327224731,0.15059340000152588,0.0953439325094223,0.06530782580375671,0.07780708,0.70475703,0.66438085,0.5459543,0.10813270509243011,0.09311649948358536,0.10046002268791199,0.08556272834539413,0.08285698294639587,0.07879360020160675
2085,/usr/local/data/zahrat/workshop/dent_output/chexpert-swap-normal/pleural_effusion/seed2085/lambda_t_star5/style.png,0.028172389,0.8888618,0.68990004,0.19262093,0.09149902313947678,0.07163838297128677,0.055409859865903854,0.04284369945526123,0.034399330615997314,0.02983534336090088,0.42108798,0.20087852,0.54002345,0.5597265,0.37672683596611023,0.5006060600280762,0.5164777040481567,0.528972864151001,0.46497341990470886,0.4715212285518646
1568,/usr/local/data/zahrat/workshop/dent_output/chexpert-swap-normal/pleural_effusion/seed1568/lambda_t_star5/style.png,0.050008494,0.8598446,0.6295175,0.29792994,0.16423273086547852,0.1451602280139923,0.15199026465415955,0.10689451545476913,0.09024698287248611,0.07342410087585449,0.9083097,0.9079409,0.9193216,0.94966745,0.9367762207984924,0.9120811223983765,0.9184337258338928,0.9059010148048401,0.9111632704734802,0.9096670746803284
3108,/usr/local/data/zahrat/workshop/dent_output/chexpert-swap-normal/pleural_effusion/seed3108/lambda_t_star5/style.png,0.2991235,0.94238627,0.5333031,0.5880518,0.5145822167396545,0.5263729691505432,0.47708800435066223,0.5049206614494324,0.4082225263118744,0.38258659839630127,0.046377856,0.84854394,0.80030894,0.3837012,0.1547226458787918,0.12937159836292267,0.057208821177482605,0.049933530390262604,0.04817235469818115,0.04593556374311447
2419,/usr/local/data/zahrat/workshop/dent_output/chexpert-swap-normal/pleural_effusion/seed2419/lambda_t_star5/style.png,0.02885755,0.6248134,0.17161758,0.07478049,0.06519152224063873,0.05262841284275055,0.050025928765535355,0.04456035792827606,0.03696143254637718,0.031263913959264755,0.10940841,0.081980616,0.08912331,0.087864384,0.07289629429578781,0.0795002281665802,0.09479185938835144,0.12131968885660172,0.1043502613902092,0.11078955233097076
3148,/usr/local/data/zahrat/workshop/dent_output/chexpert-swap-normal/pleural_effusion/seed3148/lambda_t_star5/style.png,0.21600114,0.7474076,0.62389696,0.47784668,0.4961033761501312,0.48607107996940613,0.4471195340156555,0.35621529817581177,0.3014853596687317,0.2575545907020569,0.8436174,0.6571168,0.8408626,0.81772363,0.7484736442565918,0.7896537780761719,0.8426114320755005,0.8574897050857544,0.8437400460243225,0.8433647155761719
1728,/usr/local/data/zahrat/workshop/dent_output/chexpert-swap-normal/pleural_effusion/seed1728/lambda_t_star5/style.png,0.010441795,0.7765303,0.8231177,0.84978986,0.875251829624176,0.08504338562488556,0.027917178347706795,0.019465988501906395,0.015389406122267246,0.01298530213534832,0.10003633,0.19984312,0.25670987,0.16135143,0.15116359293460846,0.16158469021320343,0.13723449409008026,0.12198365479707718,0.1139712929725647,0.1080869808793068
2574,/usr/local/data/zahrat/workshop/dent_output/chexpert-swap-normal/pleural_effusion/seed2574/lambda_t_star5/style.png,0.110864736,0.9031046,0.6835401,0.31757867,0.22967219352722168,0.1514684408903122,0.1310233622789383,0.1268913894891739,0.1204160526394844,0.11590468138456345,0.21620873,0.14553232,0.10338214,0.19506744,0.21098293364048004,0.3271067440509796,0.26193249225616455,0.2281208038330078,0.2396414875984192,0.20541226863861084
1846,/usr/local/data/zahrat/workshop/dent_output/chexpert-swap-normal/pleural_effusion/seed1846/lambda_t_star5/style.png,0.33713502,0.9840285,0.9749596,0.9563328,0.8726432919502258,0.8128603100776672,0.7237176895141602,0.6929531097412109,0.6236757040023804,0.44982439279556274,0.29823953,0.8279289,0.7743759,0.75057745,0.7858031392097473,0.7752735018730164,0.8005938529968262,0.7455896139144897,0.3181311786174774,0.32598188519477844
1939,/usr/local/data/zahrat/workshop/dent_output/chexpert-swap-normal/pleural_effusion/seed1939/lambda_t_star5/style.png,0.35996306,0.54833627,0.5476232,0.43719122,0.3919092118740082,0.444408655166626,0.4350746273994446,0.42061927914619446,0.40081825852394104,0.3737172782421112,0.060516253,0.081048585,0.0629206,0.06938894,0.06891598552465439,0.07223108410835266,0.07026348263025284,0.06724072247743607,0.06912899017333984,0.06324665248394012
2540,/usr/local/data/zahrat/workshop/dent_output/chexpert-swap-normal/pleural_effusion/seed2540/lambda_t_star5/style.png,0.026072554,0.88105947,0.7959346,0.9147085,0.7592537999153137,0.5304228067398071,0.11427249014377594,0.06657810509204865,0.04604006186127663,0.037806738168001175,0.06727707,0.21512619,0.95175505,0.13164333,0.1776910275220871,0.1227598711848259,0.0719820037484169,0.07921444624662399,0.07654041796922684,0.0706605389714241
1662,/usr/local/data/zahrat/workshop/dent_output/chexpert-swap-normal/pleural_effusion/seed1662/lambda_t_star5/style.png,0.20430386,0.8662646,0.7637943,0.7365814,0.5864904522895813,0.5471763014793396,0.5077027678489685,0.4240078330039978,0.3619008958339691,0.28340667486190796,0.8207993,0.6329324,0.6153513,0.65291893,0.7293335199356079,0.7468358278274536,0.7868478894233704,0.810757577419281,0.8247444033622742,0.8227028250694275
3217,/usr/local/data/zahrat/workshop/dent_output/chexpert-swap-normal/pleural_effusion/seed3217/lambda_t_star5/style.png,0.073714696,0.12291992,0.11892689,0.09647672,0.09499858319759369,0.08318841457366943,0.07848577201366425,0.08057039231061935,0.07618772238492966,0.07581661641597748,0.031920705,0.10319931,0.17777936,0.23454936,0.22671055793762207,0.1630888432264328,0.09753409773111343,0.06385928392410278,0.05054861307144165,0.03707165643572807
2708,/usr/local/data/zahrat/workshop/dent_output/chexpert-swap-normal/pleural_effusion/seed2708/lambda_t_star5/style.png,0.030532978,0.9663321,0.8405699,0.53818625,0.28115156292915344,0.09999328851699829,0.05625907704234123,0.04666656628251076,0.04089092090725899,0.03542745113372803,0.05961412,0.095496565,0.08226969,0.08871841,0.05313098430633545,0.07048583030700684,0.05971156433224678,0.06601444631814957,0.06619469076395035,0.05651456490159035
1942,/usr/local/data/zahrat/workshop/dent_output/chexpert-swap-normal/pleural_effusion/seed1942/lambda_t_star5/style.png,0.016085923,0.927834,0.8333958,0.44540897,0.10242046415805817,0.04731961339712143,0.031159352511167526,0.026722615584731102,0.024082498624920845,0.019606003537774086,0.19144674,0.27635556,0.32230046,0.19593398,0.1744624376296997,0.29863882064819336,0.26942941546440125,0.2132796198129654,0.1537192165851593,0.1623208075761795
2217,/usr/local/data/zahrat/workshop/dent_output/chexpert-swap-normal/pleural_effusion/seed2217/lambda_t_star5/style.png,0.1580104,0.70722264,0.35941818,0.3591365,0.306080162525177,0.2520257234573364,0.22921602427959442,0.20552419126033783,0.20127864181995392,0.1767716258764267,0.15191714,0.40709937,0.27447596,0.16790529,0.2350834608078003,0.2255580574274063,0.21067452430725098,0.19850189983844757,0.14679571986198425,0.1588270515203476
2163,/usr/local/data/zahrat/workshop/dent_output/chexpert-swap-normal/pleural_effusion/seed2163/lambda_t_star5/style.png,0.055429842,0.92897415,0.46975696,0.60713625,0.2829592525959015,0.1946723759174347,0.12299907952547073,0.09397148340940475,0.07933986932039261,0.06402064114809036,0.091128275,0.41538644,0.15607204,0.12828857,0.10361085832118988,0.10995924472808838,0.1127111092209816,0.11734017729759216,0.11235988140106201,0.10397779196500778
2279,/usr/local/data/zahrat/workshop/dent_output/chexpert-swap-normal/pleural_effusion/seed2279/lambda_t_star5/style.png,0.032808404,0.9199668,0.87489986,0.17998406,0.1273777037858963,0.08644545823335648,0.06504000723361969,0.052452124655246735,0.043771449476480484,0.039983686059713364,0.048201766,0.12410789,0.16958888,0.07661551,0.07398604601621628,0.07275301963090897,0.06235286965966225,0.06198674067854881,0.05947977676987648,0.04924851655960083
2370,/usr/local/data/zahrat/workshop/dent_output/chexpert-swap-normal/pleural_effusion/seed2370/lambda_t_star5/style.png,0.111457184,0.75834066,0.6346473,0.5357016,0.5189639925956726,0.5198367238044739,0.4471551477909088,0.39535054564476013,0.2590322494506836,0.15699566900730133,0.052067142,0.07225215,0.07366063,0.0613259,0.0594189316034317,0.07193800061941147,0.06901952624320984,0.06635504961013794,0.054172173142433167,0.05414532124996185
1787,/usr/local/data/zahrat/workshop/dent_output/chexpert-swap-normal/pleural_effusion/seed1787/lambda_t_star5/style.png,0.15469822,0.9677557,0.86936176,0.92001796,0.8040868639945984,0.5483654141426086,0.33626723289489746,0.2981205880641937,0.2503235340118408,0.204886332154274,0.023460709,0.08231959,0.04328914,0.02136806,0.02207348123192787,0.02314341627061367,0.028691567480564117,0.028469698503613472,0.026721172034740448,0.024995237588882446
1642,/usr/local/data/zahrat/workshop/dent_output/chexpert-swap-normal/pleural_effusion/seed1642/lambda_t_star5/style.png,0.17233376,0.77989054,0.64623463,0.5288956,0.4635068476200104,0.4428664445877075,0.37923315167427063,0.3392360806465149,0.27816545963287354,0.21582505106925964,0.7145812,0.63769084,0.67076355,0.6943417,0.6961581110954285,0.6934042572975159,0.6885777711868286,0.7000237703323364,0.7054463624954224,0.7135907411575317
2315,/usr/local/data/zahrat/workshop/dent_output/chexpert-swap-normal/pleural_effusion/seed2315/lambda_t_star5/style.png,0.0391892,0.9214196,0.9206722,0.84085023,0.30784934759140015,0.1645078957080841,0.1327737718820572,0.09892305731773376,0.08668260276317596,0.0663052499294281,0.08794985,0.28424382,0.2388595,0.21798208,0.1710316687822342,0.1605498492717743,0.15318042039871216,0.12107764929533005,0.10305192321538925,0.09419149905443192
2036,/usr/local/data/zahrat/workshop/dent_output/chexpert-swap-normal/pleural_effusion/seed2036/lambda_t_star5/style.png,0.16045868,0.9671404,0.93041843,0.9398552,0.8901640772819519,0.7520135641098022,0.515417218208313,0.38284868001937866,0.2648026943206787,0.1961202472448349,0.09465747,0.7549148,0.19847108,0.23675478,0.13573861122131348,0.11251883953809738,0.08729494363069534,0.07889216393232346,0.08807145059108734,0.08992526680231094
2504,/usr/local/data/zahrat/workshop/dent_output/chexpert-swap-normal/pleural_effusion/seed2504/lambda_t_star5/style.png,0.058197904,0.86489564,0.75781775,0.6208675,0.4739651083946228,0.25533148646354675,0.19127044081687927,0.1363116204738617,0.09631777554750443,0.0744965597987175,0.8185081,0.6507876,0.8981101,0.94068474,0.9383523464202881,0.908765971660614,0.8492702841758728,0.8280130624771118,0.8254815340042114,0.8176820874214172
2365,/usr/local/data/zahrat/workshop/dent_output/chexpert-swap-normal/pleural_effusion/seed2365/lambda_t_star5/style.png,0.45035753,0.989317,0.9863171,0.98069084,0.9555284380912781,0.9366864562034607,0.8584966063499451,0.7938669323921204,0.6969106197357178,0.558770477771759,0.39123043,0.7463272,0.70148295,0.74656,0.7028113603591919,0.7478708624839783,0.7436574101448059,0.6943411827087402,0.6221017241477966,0.504112720489502
2593,/usr/local/data/zahrat/workshop/dent_output/chexpert-swap-normal/pleural_effusion/seed2593/lambda_t_star5/style.png,0.04190225,0.9683778,0.9602905,0.9237101,0.8715295791625977,0.7999888062477112,0.7273465991020203,0.5365718007087708,0.22755905985832214,0.08976642787456512,0.07379761,0.23024596,0.16994262,0.15987606,0.0831548199057579,0.10112512856721878,0.12186110019683838,0.14001311361789703,0.12381311506032944,0.09364940226078033
1785,/usr/local/data/zahrat/workshop/dent_output/chexpert-swap-normal/pleural_effusion/seed1785/lambda_t_star5/style.png,0.15674761,0.8710672,0.84905386,0.85917497,0.8414492011070251,0.7810564041137695,0.7436589002609253,0.6325225234031677,0.4065670967102051,0.24298395216464996,0.30271447,0.6405513,0.69225734,0.6523223,0.5125377774238586,0.5964392423629761,0.4915963411331177,0.4399842619895935,0.34464266896247864,0.31348368525505066
3050,/usr/local/data/zahrat/workshop/dent_output/chexpert-swap-normal/pleural_effusion/seed3050/lambda_t_star5/style.png,0.1851979,0.7328863,0.57807785,0.657996,0.6810768246650696,0.44519683718681335,0.2799220085144043,0.22826522588729858,0.22809737920761108,0.20806685090065002,0.0846184,0.48512495,0.49512163,0.6147764,0.5775012373924255,0.40361735224723816,0.19221974909305573,0.146834135055542,0.1263289898633957,0.10461962223052979
2941,/usr/local/data/zahrat/workshop/dent_output/chexpert-swap-normal/pleural_effusion/seed2941/lambda_t_star5/style.png,0.030986095,0.73333865,0.7158239,0.48080564,0.40737786889076233,0.4101605713367462,0.3435066342353821,0.20027606189250946,0.09573917090892792,0.05318181589245796,0.047831923,0.21163629,0.646783,0.16066657,0.1793764978647232,0.06225867196917534,0.057111091911792755,0.05648081749677658,0.05286853015422821,0.05175962671637535
2444,/usr/local/data/zahrat/workshop/dent_output/chexpert-swap-normal/pleural_effusion/seed2444/lambda_t_star5/style.png,0.3802202,0.91456026,0.9426956,0.94512606,0.9456608891487122,0.9526683688163757,0.9091806411743164,0.8370534181594849,0.7168959379196167,0.5016673803329468,0.48298562,0.733301,0.73891956,0.73594993,0.7310001254081726,0.6834598183631897,0.7726688981056213,0.7833327651023865,0.6315175294876099,0.5116319060325623
2893,/usr/local/data/zahrat/workshop/dent_output/chexpert-swap-normal/pleural_effusion/seed2893/lambda_t_star5/style.png,0.18184564,0.2578497,0.2077632,0.19769198,0.18839502334594727,0.2001558393239975,0.19305528700351715,0.19925622642040253,0.1960284411907196,0.186729297041893,0.11676894,0.11605254,0.13148868,0.108971596,0.10020706057548523,0.10931511968374252,0.12355542927980423,0.12207836657762527,0.12828978896141052,0.11996256560087204
2446,/usr/local/data/zahrat/workshop/dent_output/chexpert-swap-normal/pleural_effusion/seed2446/lambda_t_star5/style.png,0.35559767,0.9493726,0.739445,0.7621848,0.6203495264053345,0.48712602257728577,0.43751275539398193,0.39436689019203186,0.3930511772632599,0.3852643370628357,0.034775127,0.095142774,0.121614076,0.054551497,0.03765415400266647,0.03944672644138336,0.03911662474274635,0.033558543771505356,0.03179498761892319,0.03235739469528198
3117,/usr/local/data/zahrat/workshop/dent_output/chexpert-swap-normal/pleural_effusion/seed3117/lambda_t_star5/style.png,0.07341589,0.8666069,0.83997375,0.8293284,0.7923531532287598,0.7745826840400696,0.6419176459312439,0.3948124349117279,0.1782967448234558,0.10677235573530197,0.06300318,0.16658075,0.21285355,0.22462302,0.12488260120153427,0.12964670360088348,0.09652604162693024,0.08692409098148346,0.07674472779035568,0.06961959600448608
2942,/usr/local/data/zahrat/workshop/dent_output/chexpert-swap-normal/pleural_effusion/seed2942/lambda_t_star5/style.png,0.12021171,0.95630556,0.9531882,0.94253427,0.9138750433921814,0.8975417017936707,0.49851325154304504,0.30682942271232605,0.2598932683467865,0.18702815473079681,0.7010826,0.6075034,0.57973546,0.8590129,0.8284689784049988,0.8244398832321167,0.8049951195716858,0.7738450765609741,0.7472817897796631,0.7131707072257996
2720,/usr/local/data/zahrat/workshop/dent_output/chexpert-swap-normal/pleural_effusion/seed2720/lambda_t_star5/style.png,0.03576094,0.71885675,0.43742046,0.13728592,0.08248823881149292,0.06970784813165665,0.06642995774745941,0.05438638851046562,0.04246301203966141,0.034351151436567307,0.09657402,0.47468045,0.65956485,0.65772825,0.49982649087905884,0.325544536113739,0.30710747838020325,0.2077382206916809,0.137247696518898,0.10610365122556686
2860,/usr/local/data/zahrat/workshop/dent_output/chexpert-swap-normal/pleural_effusion/seed2860/lambda_t_star5/style.png,0.054183997,0.9656303,0.80380756,0.734238,0.31302863359451294,0.2263328731060028,0.1714121550321579,0.11137155443429947,0.08423051983118057,0.0665939450263977,0.051777523,0.20820211,0.105459414,0.113029726,0.14043234288692474,0.07808190584182739,0.082225501537323,0.07458334416151047,0.0662127286195755,0.0620294064283371
2210,/usr/local/data/zahrat/workshop/dent_output/chexpert-swap-normal/pleural_effusion/seed2210/lambda_t_star5/style.png,0.06310371,0.8360957,0.8215765,0.5876711,0.2657763957977295,0.1454555094242096,0.10528190433979034,0.08929748833179474,0.07931625097990036,0.0683712586760521,0.058652073,0.092706904,0.10872221,0.094711125,0.0762198269367218,0.0656685158610344,0.06396559625864029,0.06331175565719604,0.06477002799510956,0.06513044983148575
2153,/usr/local/data/zahrat/workshop/dent_output/chexpert-swap-normal/pleural_effusion/seed2153/lambda_t_star5/style.png,0.45956323,0.9551555,0.84800106,0.72015196,0.5226072669029236,0.5569865107536316,0.5991717576980591,0.6129936575889587,0.6252517700195312,0.5437008142471313,0.7795206,0.7253774,0.7225381,0.7382264,0.7473964691162109,0.753618597984314,0.7585476040840149,0.7680471539497375,0.7632986307144165,0.7760511040687561
1636,/usr/local/data/zahrat/workshop/dent_output/chexpert-swap-normal/pleural_effusion/seed1636/lambda_t_star5/style.png,0.11185901,0.89210266,0.93038374,0.93063706,0.9243426322937012,0.778644323348999,0.5644618272781372,0.36267417669296265,0.2659393846988678,0.17607851326465607,0.92812675,0.85323316,0.8704671,0.9098185,0.9219802618026733,0.9205119609832764,0.9189642667770386,0.925047755241394,0.9235205054283142,0.9247823357582092
1650,/usr/local/data/zahrat/workshop/dent_output/chexpert-swap-normal/pleural_effusion/seed1650/lambda_t_star5/style.png,0.20134574,0.95423627,0.93919176,0.91930175,0.8723633885383606,0.8071452975273132,0.6512522101402283,0.4749089777469635,0.4004552364349365,0.2878654897212982,0.13570863,0.03188698,0.15247534,0.2029016,0.23703645169734955,0.18239052593708038,0.1900235414505005,0.1740550994873047,0.14202289283275604,0.14452193677425385
1628,/usr/local/data/zahrat/workshop/dent_output/chexpert-swap-normal/pleural_effusion/seed1628/lambda_t_star5/style.png,0.14727798,0.9454718,0.92475826,0.86173046,0.8585455417633057,0.8378482460975647,0.5932543277740479,0.36983856558799744,0.25986766815185547,0.18719623982906342,0.35702237,0.6265283,0.68681484,0.7309412,0.6831539869308472,0.5905548930168152,0.5757299661636353,0.509609580039978,0.4856016933917999,0.44902312755584717
3136,/usr/local/data/zahrat/workshop/dent_output/chexpert-swap-normal/pleural_effusion/seed3136/lambda_t_star5/style.png,0.13398646,0.9085408,0.88545954,0.96309704,0.9137609601020813,0.8335864543914795,0.42247602343559265,0.28519850969314575,0.22865262627601624,0.18328234553337097,0.3851998,0.77096933,0.91930604,0.6010319,0.6632324457168579,0.707451581954956,0.6977409720420837,0.610628068447113,0.49625787138938904,0.4298182427883148
3199,/usr/local/data/zahrat/workshop/dent_output/chexpert-swap-normal/pleural_effusion/seed3199/lambda_t_star5/style.png,0.051072497,0.845819,0.6978192,0.4784644,0.41261613368988037,0.16476278007030487,0.10082768648862839,0.07702543586492538,0.06483328342437744,0.056693483144044876,0.05612407,0.044193912,0.03937858,0.055538483,0.049537766724824905,0.055051982402801514,0.05560702085494995,0.05563415586948395,0.05385015159845352,0.06097603589296341
2691,/usr/local/data/zahrat/workshop/dent_output/chexpert-swap-normal/pleural_effusion/seed2691/lambda_t_star5/style.png,0.06258045,0.78571475,0.6752506,0.59912854,0.5717490911483765,0.552814245223999,0.45962709188461304,0.394766628742218,0.27608177065849304,0.11401701718568802,0.13129379,0.120037936,0.13211435,0.15111624,0.1726897656917572,0.15830610692501068,0.14995373785495758,0.1535038948059082,0.1377747356891632,0.1313493251800537
2059,/usr/local/data/zahrat/workshop/dent_output/chexpert-swap-normal/pleural_effusion/seed2059/lambda_t_star5/style.png,0.039187923,0.9682159,0.95322037,0.9354202,0.9063610434532166,0.8802565336227417,0.8723673224449158,0.5744699835777283,0.10373454540967941,0.059348709881305695,0.057879407,0.4798026,0.66700464,0.6534547,0.6170254945755005,0.16513675451278687,0.08776648342609406,0.06901419162750244,0.07168488949537277,0.06410107761621475
2095,/usr/local/data/zahrat/workshop/dent_output/chexpert-swap-normal/pleural_effusion/seed2095/lambda_t_star5/style.png,0.015149272,0.77260876,0.8989444,0.9194446,0.17877770960330963,0.04096335545182228,0.03036094643175602,0.025988005101680756,0.02164115197956562,0.017613643780350685,0.23813735,0.69246215,0.8952811,0.8394432,0.8624374270439148,0.884290337562561,0.8323970437049866,0.5852920413017273,0.5676538348197937,0.3206721246242523
1795,/usr/local/data/zahrat/workshop/dent_output/chexpert-swap-normal/pleural_effusion/seed1795/lambda_t_star5/style.png,0.040638234,0.95902455,0.96214354,0.8954246,0.7048475742340088,0.6654455661773682,0.20101992785930634,0.09845840185880661,0.06471879035234451,0.05039538815617561,0.064492054,0.7252752,0.7379819,0.88774085,0.7230131030082703,0.19747205078601837,0.4001254141330719,0.0836709514260292,0.07814765721559525,0.07400878518819809
2779,/usr/local/data/zahrat/workshop/dent_output/chexpert-swap-normal/pleural_effusion/seed2779/lambda_t_star5/style.png,0.39509887,0.7745337,0.66116256,0.5583059,0.6213380694389343,0.6890122294425964,0.6124922633171082,0.5364260077476501,0.49512097239494324,0.4430045187473297,0.025112027,0.042756397,0.04363997,0.03719661,0.04004546254873276,0.035051506012678146,0.03283185139298439,0.03125780448317528,0.030815230682492256,0.02795563079416752
2673,/usr/local/data/zahrat/workshop/dent_output/chexpert-swap-normal/pleural_effusion/seed2673/lambda_t_star5/style.png,0.07159798,0.25959057,0.1892976,0.13013995,0.11170125752687454,0.10522828996181488,0.10057912766933441,0.08906935900449753,0.08010627329349518,0.07670123875141144,0.10076496,0.09811636,0.071257934,0.07658592,0.06554422527551651,0.07214764505624771,0.06761174649000168,0.07880419492721558,0.07381926476955414,0.07876702398061752
2618,/usr/local/data/zahrat/workshop/dent_output/chexpert-swap-normal/pleural_effusion/seed2618/lambda_t_star5/style.png,0.6473017,0.940835,0.94971514,0.9554773,0.9562473297119141,0.9576514363288879,0.9582576155662537,0.9237895607948303,0.851205050945282,0.7803247570991516,0.5764393,0.92919457,0.9209923,0.9214857,0.910439133644104,0.9052063822746277,0.8885921239852905,0.8480861783027649,0.7797145843505859,0.653064489364624
2785,/usr/local/data/zahrat/workshop/dent_output/chexpert-swap-normal/pleural_effusion/seed2785/lambda_t_star5/style.png,0.09499612,0.94701964,0.8683632,0.85430616,0.7543289661407471,0.5039291977882385,0.34368836879730225,0.2787661552429199,0.19904384016990662,0.1356453001499176,0.18615264,0.64952505,0.6643967,0.8335342,0.8724582195281982,0.8636881113052368,0.649677038192749,0.5154645442962646,0.3858968913555145,0.2754044234752655
2034,/usr/local/data/zahrat/workshop/dent_output/chexpert-swap-normal/pleural_effusion/seed2034/lambda_t_star5/style.png,0.07055001,0.98723453,0.9796204,0.9791642,0.9586280584335327,0.8903919458389282,0.803192138671875,0.6631608605384827,0.47349926829338074,0.2045503854751587,0.05280857,0.7878861,0.46930924,0.5752222,0.46353787183761597,0.2793111205101013,0.2136964499950409,0.09640906006097794,0.08349406719207764,0.06407754123210907
3251,/usr/local/data/zahrat/workshop/dent_output/chexpert-swap-normal/pleural_effusion/seed3251/lambda_t_star5/style.png,0.28703216,0.88179505,0.73456687,0.69669276,0.7769410610198975,0.7141771912574768,0.650925874710083,0.547477126121521,0.46152588725090027,0.3489142656326294,0.6362003,0.10352537,0.7359734,0.7892913,0.7564254999160767,0.7833907604217529,0.7598187327384949,0.7009094953536987,0.6501549482345581,0.6301817893981934
2703,/usr/local/data/zahrat/workshop/dent_output/chexpert-swap-normal/pleural_effusion/seed2703/lambda_t_star5/style.png,0.18436226,0.9097462,0.8947406,0.7655076,0.6376707553863525,0.371361643075943,0.2886399030685425,0.23883691430091858,0.20913483202457428,0.1940351128578186,0.05523771,0.46440044,0.4927484,0.48071823,0.46140992641448975,0.23953714966773987,0.06875308603048325,0.05942048877477646,0.05664348229765892,0.05870087817311287
2589,/usr/local/data/zahrat/workshop/dent_output/chexpert-swap-normal/pleural_effusion/seed2589/lambda_t_star5/style.png,0.12496615,0.8949293,0.88454425,0.902299,0.8457027673721313,0.6970895528793335,0.5137709975242615,0.33491650223731995,0.23943524062633514,0.18231968581676483,0.40074235,0.1907002,0.5659004,0.4405273,0.6334584355354309,0.47760987281799316,0.4271526336669922,0.40321484208106995,0.36478281021118164,0.3996788263320923
1830,/usr/local/data/zahrat/workshop/dent_output/chexpert-swap-normal/pleural_effusion/seed1830/lambda_t_star5/style.png,0.010990741,0.9714129,0.17662166,0.08925412,0.05359753593802452,0.0449502095580101,0.029722047969698906,0.02190888486802578,0.016828961670398712,0.013552832417190075,0.05786388,0.72816503,0.16594186,0.15321901,0.13569559156894684,0.1100473701953888,0.09292429685592651,0.0735531747341156,0.07122591137886047,0.06751832365989685
2748,/usr/local/data/zahrat/workshop/dent_output/chexpert-swap-normal/pleural_effusion/seed2748/lambda_t_star5/style.png,0.05325474,0.79105014,0.35442868,0.23544088,0.14844918251037598,0.14176158607006073,0.13501763343811035,0.10821681469678879,0.08267451077699661,0.06657043099403381,0.106163345,0.78907025,0.8324038,0.8166581,0.37588393688201904,0.18032225966453552,0.17026841640472412,0.1678391844034195,0.17039673030376434,0.12914973497390747
3146,/usr/local/data/zahrat/workshop/dent_output/chexpert-swap-normal/pleural_effusion/seed3146/lambda_t_star5/style.png,0.8735405,0.97590536,0.9616282,0.9463474,0.9568048119544983,0.9492238163948059,0.9387156367301941,0.915932297706604,0.9110197424888611,0.8873369097709656,0.11783225,0.7556038,0.9208108,0.7809645,0.1968696564435959,0.1988030970096588,0.15961679816246033,0.13173723220825195,0.11361843347549438,0.11342138051986694
3308,/usr/local/data/zahrat/workshop/dent_output/chexpert-swap-normal/pleural_effusion/seed3308/lambda_t_star5/style.png,0.04020132,0.8616107,0.843157,0.15920985,0.22100286185741425,0.14491066336631775,0.09785299748182297,0.10059159249067307,0.08852198719978333,0.05827285721898079,0.79650563,0.8502244,0.8860285,0.8804245,0.9031844139099121,0.8698468208312988,0.8749148845672607,0.8730863332748413,0.8635135889053345,0.8488507270812988
1695,/usr/local/data/zahrat/workshop/dent_output/chexpert-swap-normal/pleural_effusion/seed1695/lambda_t_star5/style.png,0.065931305,0.8961563,0.85213244,0.8011191,0.7936779856681824,0.5858232378959656,0.4265599250793457,0.301466703414917,0.18189138174057007,0.1017482578754425,0.5865989,0.3773018,0.30941918,0.39123657,0.4779626727104187,0.5156947374343872,0.5725806951522827,0.6047691106796265,0.6187267303466797,0.6107692718505859
2097,/usr/local/data/zahrat/workshop/dent_output/chexpert-swap-normal/pleural_effusion/seed2097/lambda_t_star5/style.png,0.018716307,0.7938787,0.28985217,0.22095473,0.11625490337610245,0.07351136207580566,0.06642775237560272,0.04438208043575287,0.03418494388461113,0.025900987908244133,0.8847445,0.68807495,0.754968,0.7807887,0.9147151112556458,0.8702787160873413,0.8782155513763428,0.8777292966842651,0.8886923789978027,0.8816850185394287
2485,/usr/local/data/zahrat/workshop/dent_output/chexpert-swap-normal/pleural_effusion/seed2485/lambda_t_star5/style.png,0.054663207,0.9521848,0.8809381,0.5488658,0.5811526775360107,0.44239139556884766,0.37916696071624756,0.2920067608356476,0.17487019300460815,0.0898166373372078,0.21877448,0.28149936,0.21385252,0.27144375,0.3005242645740509,0.30092641711235046,0.23272857069969177,0.20196577906608582,0.22796300053596497,0.2152838110923767
2555,/usr/local/data/zahrat/workshop/dent_output/chexpert-swap-normal/pleural_effusion/seed2555/lambda_t_star5/style.png,0.13920468,0.9496223,0.9252997,0.7825811,0.6874541640281677,0.6373668313026428,0.3599957227706909,0.22099843621253967,0.17182442545890808,0.14260068535804749,0.063668504,0.14493248,0.13184036,0.09356391,0.09581207484006882,0.09591883420944214,0.0964161679148674,0.08442362397909164,0.07197298109531403,0.07215569168329239
2302,/usr/local/data/zahrat/workshop/dent_output/chexpert-swap-normal/pleural_effusion/seed2302/lambda_t_star5/style.png,0.021685718,0.5251105,0.08856144,0.08974237,0.05280473455786705,0.038158729672431946,0.03682536631822586,0.030565617606043816,0.024945270270109177,0.0214525256305933,0.039905,0.37467206,0.42588124,0.2561656,0.06188688054680824,0.041228219866752625,0.032128579914569855,0.03605005517601967,0.03721991181373596,0.03441459685564041
3062,/usr/local/data/zahrat/workshop/dent_output/chexpert-swap-normal/pleural_effusion/seed3062/lambda_t_star5/style.png,0.091658816,0.95995444,0.86409605,0.7732644,0.741741418838501,0.5319684147834778,0.4233730733394623,0.26293325424194336,0.23037751019001007,0.14261561632156372,0.23171908,0.4347676,0.7156552,0.73001844,0.5233637690544128,0.45069822669029236,0.3497646749019623,0.30212974548339844,0.26962095499038696,0.2656245827674866
3176,/usr/local/data/zahrat/workshop/dent_output/chexpert-swap-normal/pleural_effusion/seed3176/lambda_t_star5/style.png,0.066120185,0.8202722,0.78937477,0.7475683,0.2810925543308258,0.17171287536621094,0.14450205862522125,0.10114555060863495,0.0886802077293396,0.07475277781486511,0.056376416,0.64074767,0.069832966,0.059929114,0.0568961426615715,0.050651147961616516,0.05384240671992302,0.05590394511818886,0.06079462543129921,0.05685087665915489
2533,/usr/local/data/zahrat/workshop/dent_output/chexpert-swap-normal/pleural_effusion/seed2533/lambda_t_star5/style.png,0.021875339,0.8722184,0.6522306,0.49774936,0.127568319439888,0.06422753632068634,0.04352458938956261,0.03901558741927147,0.03267833963036537,0.027961701154708862,0.072114915,0.90983343,0.74485266,0.5223112,0.5737605690956116,0.5310655236244202,0.48102498054504395,0.42811837792396545,0.3949365019798279,0.21606197953224182
2510,/usr/local/data/zahrat/workshop/dent_output/chexpert-swap-normal/pleural_effusion/seed2510/lambda_t_star5/style.png,0.07531292,0.90306133,0.8949961,0.89869213,0.8670306205749512,0.8088290691375732,0.7046343088150024,0.4762921631336212,0.16624091565608978,0.10298477858304977,0.9497157,0.9778311,0.9399662,0.9472627,0.9562053680419922,0.9591943025588989,0.9574907422065735,0.9552287459373474,0.955691933631897,0.9532268643379211
3257,/usr/local/data/zahrat/workshop/dent_output/chexpert-swap-normal/pleural_effusion/seed3257/lambda_t_star5/style.png,0.17327152,0.95256054,0.81074286,0.6665405,0.6245130300521851,0.4470605254173279,0.414596825838089,0.3541054427623749,0.28148069977760315,0.23717230558395386,0.04091849,0.08766584,0.1364918,0.08249753,0.07943137735128403,0.07388212531805038,0.0568988174200058,0.05418984591960907,0.05086354538798332,0.04656223580241203
2084,/usr/local/data/zahrat/workshop/dent_output/chexpert-swap-normal/pleural_effusion/seed2084/lambda_t_star5/style.png,0.075114384,0.95175517,0.9028667,0.8436551,0.7404407858848572,0.5347285270690918,0.370332270860672,0.2455170899629593,0.16322775185108185,0.1063549816608429,0.9645238,0.8919938,0.953804,0.9505532,0.9664344191551208,0.9750555753707886,0.9725472331047058,0.9662442803382874,0.9624692797660828,0.9633984565734863
1875,/usr/local/data/zahrat/workshop/dent_output/chexpert-swap-normal/pleural_effusion/seed1875/lambda_t_star5/style.png,0.061653364,0.66861296,0.6669977,0.6416416,0.42214325070381165,0.24637623131275177,0.18296578526496887,0.11945696175098419,0.09179802238941193,0.07605185359716415,0.1498692,0.34857008,0.32113397,0.18601984,0.16373446583747864,0.15762613713741302,0.15700875222682953,0.14149363338947296,0.15558551251888275,0.14604531228542328
2695,/usr/local/data/zahrat/workshop/dent_output/chexpert-swap-normal/pleural_effusion/seed2695/lambda_t_star5/style.png,0.07227196,0.5811258,0.30888936,0.1561308,0.11439182609319687,0.1256922334432602,0.12226546555757523,0.09728408604860306,0.09119172394275665,0.08393017202615738,0.09496022,0.053069364,0.06674139,0.103165805,0.11245120316743851,0.11159862577915192,0.11268898844718933,0.09822598099708557,0.10306477546691895,0.10250593721866608
1803,/usr/local/data/zahrat/workshop/dent_output/chexpert-swap-normal/pleural_effusion/seed1803/lambda_t_star5/style.png,0.036382433,0.93231195,0.9401068,0.9198031,0.8691115975379944,0.520153284072876,0.1886829286813736,0.10547763109207153,0.07047633081674576,0.05324113368988037,0.118948646,0.6564562,0.40616906,0.22541282,0.625928521156311,0.29864442348480225,0.17041349411010742,0.1601622998714447,0.1436215490102768,0.13077548146247864
2726,/usr/local/data/zahrat/workshop/dent_output/chexpert-swap-normal/pleural_effusion/seed2726/lambda_t_star5/style.png,0.10636906,0.70239174,0.6691368,0.65857095,0.4707948863506317,0.4015507996082306,0.30703702569007874,0.22870628535747528,0.16501843929290771,0.1238037571310997,0.8851107,0.93080384,0.90108806,0.933391,0.9185936450958252,0.9050308465957642,0.911682665348053,0.8891995549201965,0.8856527805328369,0.8809459805488586
2762,/usr/local/data/zahrat/workshop/dent_output/chexpert-swap-normal/pleural_effusion/seed2762/lambda_t_star5/style.png,0.06545501,0.9785276,0.9330073,0.8218107,0.4335116446018219,0.32594820857048035,0.10945381969213486,0.08953578770160675,0.08045996725559235,0.07422827184200287,0.43934843,0.7499605,0.23977552,0.38437107,0.4431461691856384,0.6104873418807983,0.5806034207344055,0.531090259552002,0.5068792104721069,0.49455538392066956
2827,/usr/local/data/zahrat/workshop/dent_output/chexpert-swap-normal/pleural_effusion/seed2827/lambda_t_star5/style.png,0.5599029,0.79844445,0.65248966,0.68144494,0.593224823474884,0.5913471579551697,0.5833101868629456,0.5834242105484009,0.6065837740898132,0.5869725346565247,0.40562245,0.7742507,0.82747394,0.79125786,0.7968376278877258,0.8540944457054138,0.6521667242050171,0.44551730155944824,0.44490522146224976,0.40780359506607056
2120,/usr/local/data/zahrat/workshop/dent_output/chexpert-swap-normal/pleural_effusion/seed2120/lambda_t_star5/style.png,0.0647887,0.33951572,0.26965934,0.21105725,0.0988500565290451,0.10536616295576096,0.09792645275592804,0.08673104643821716,0.08086253702640533,0.07209209352731705,0.021211991,0.5116569,0.11952237,0.11371589,0.05841628834605217,0.03530970215797424,0.03600667789578438,0.03734082356095314,0.028020521625876427,0.02475014515221119
2069,/usr/local/data/zahrat/workshop/dent_output/chexpert-swap-normal/pleural_effusion/seed2069/lambda_t_star5/style.png,0.27074102,0.6547016,0.63794184,0.42085356,0.39319539070129395,0.35468021035194397,0.29906827211380005,0.288103848695755,0.2894379198551178,0.2736995816230774,0.58287746,0.6959603,0.6244283,0.82651,0.8318593502044678,0.8308807611465454,0.7934039831161499,0.7435133457183838,0.646666407585144,0.5897920727729797
3038,/usr/local/data/zahrat/workshop/dent_output/chexpert-swap-normal/pleural_effusion/seed3038/lambda_t_star5/style.png,0.08997636,0.76592374,0.6912859,0.45889625,0.2918417453765869,0.24567994475364685,0.19766122102737427,0.14995814859867096,0.12053065747022629,0.10393306612968445,0.06820324,0.04087586,0.04817149,0.05586978,0.06414943188428879,0.06166703253984451,0.0587494857609272,0.060076043009757996,0.06295378506183624,0.06817633658647537
2114,/usr/local/data/zahrat/workshop/dent_output/chexpert-swap-normal/pleural_effusion/seed2114/lambda_t_star5/style.png,0.037127927,0.96867126,0.9026232,0.9163476,0.8914464116096497,0.829546332359314,0.36044842004776,0.17127585411071777,0.07933566719293594,0.048386018723249435,0.106423214,0.73916554,0.689824,0.49925748,0.5048614144325256,0.5226344466209412,0.23374532163143158,0.13700850307941437,0.11648968607187271,0.1189083606004715
3105,/usr/local/data/zahrat/workshop/dent_output/chexpert-swap-normal/pleural_effusion/seed3105/lambda_t_star5/style.png,0.26765132,0.52596706,0.38790837,0.32937154,0.341457724571228,0.3428924083709717,0.3642759919166565,0.3519439399242401,0.34527260065078735,0.2915876805782318,0.049366206,0.056458578,0.064215444,0.062324014,0.05809233710169792,0.060165632516145706,0.05613301321864128,0.05173764377832413,0.05209852755069733,0.04827485606074333
1526,/usr/local/data/zahrat/workshop/dent_output/chexpert-swap-normal/pleural_effusion/seed1526/lambda_t_star5/style.png,0.43260363,0.9809217,0.97150266,0.9707527,0.9198701977729797,0.9245443344116211,0.8563074469566345,0.7079338431358337,0.587840735912323,0.5080815553665161,0.12917039,0.8746378,0.80366486,0.28185603,0.3648430109024048,0.30187976360321045,0.21999074518680573,0.1872629076242447,0.13935586810112,0.13253043591976166
2284,/usr/local/data/zahrat/workshop/dent_output/chexpert-swap-normal/pleural_effusion/seed2284/lambda_t_star5/style.png,0.04363076,0.9515291,0.4692851,0.2103753,0.1412585973739624,0.1360742151737213,0.09738699346780777,0.07208775728940964,0.059037692844867706,0.04797361418604851,0.89726204,0.84623957,0.896684,0.9190657,0.9237468838691711,0.8912220597267151,0.9003153443336487,0.8923041820526123,0.8926554322242737,0.8978250026702881
2831,/usr/local/data/zahrat/workshop/dent_output/chexpert-swap-normal/pleural_effusion/seed2831/lambda_t_star5/style.png,0.13546845,0.95823133,0.8753008,0.8704685,0.8431816697120667,0.7044495940208435,0.4184221625328064,0.3223870098590851,0.2500186562538147,0.18701662123203278,0.108554654,0.84626734,0.8741512,0.2537497,0.9234715700149536,0.24145838618278503,0.20004303753376007,0.20354138314723969,0.1658214032649994,0.12838925421237946
2390,/usr/local/data/zahrat/workshop/dent_output/chexpert-swap-normal/pleural_effusion/seed2390/lambda_t_star5/style.png,0.048389334,0.92095107,0.88436717,0.83045,0.41515982151031494,0.2819807827472687,0.1888367086648941,0.1315520703792572,0.08909360319375992,0.062024425715208054,0.17505671,0.19841993,0.28235403,0.33567917,0.4138699769973755,0.30550938844680786,0.21795357763767242,0.2189485728740692,0.2166110724210739,0.2002900093793869
2025,/usr/local/data/zahrat/workshop/dent_output/chexpert-swap-normal/pleural_effusion/seed2025/lambda_t_star5/style.png,0.13754313,0.9783588,0.9787608,0.97674847,0.9498335719108582,0.9143551588058472,0.8476983904838562,0.6867539882659912,0.44938549399375916,0.30785590410232544,0.10980906,0.050740357,0.048635174,0.07382658,0.10509728640317917,0.179754376411438,0.16550399363040924,0.11777754873037338,0.1357182264328003,0.11545535176992416
2757,/usr/local/data/zahrat/workshop/dent_output/chexpert-swap-normal/pleural_effusion/seed2757/lambda_t_star5/style.png,0.20972317,0.7492457,0.44249567,0.4352658,0.40361288189888,0.37979522347450256,0.35038459300994873,0.31422242522239685,0.303093284368515,0.25579968094825745,0.025530154,0.050700683,0.21625118,0.054247417,0.04550442099571228,0.049394696950912476,0.04418530687689781,0.04115481674671173,0.03272973373532295,0.03022133931517601
1932,/usr/local/data/zahrat/workshop/dent_output/chexpert-swap-normal/pleural_effusion/seed1932/lambda_t_star5/style.png,0.020174345,0.48799565,0.25442633,0.13046601,0.16499704122543335,0.28030505776405334,0.0776597186923027,0.049148403108119965,0.0362607017159462,0.027630437165498734,0.16758463,0.785256,0.68868744,0.59136266,0.4937610924243927,0.5200170874595642,0.42964452505111694,0.25292566418647766,0.20693433284759521,0.18080471456050873
1510,/usr/local/data/zahrat/workshop/dent_output/chexpert-swap-normal/pleural_effusion/seed1510/lambda_t_star5/style.png,0.14884031,0.92917854,0.89658165,0.8921607,0.7010814547538757,0.6726875901222229,0.581007182598114,0.5160014629364014,0.36427628993988037,0.23174184560775757,0.09531961,0.73330307,0.19401595,0.10274212,0.10381965339183807,0.12706631422042847,0.13686774671077728,0.11488094925880432,0.08738315850496292,0.08948475867509842
2037,/usr/local/data/zahrat/workshop/dent_output/chexpert-swap-normal/pleural_effusion/seed2037/lambda_t_star5/style.png,0.033309005,0.8734625,0.78752923,0.78124386,0.3432961106300354,0.15059185028076172,0.11612790822982788,0.07899820804595947,0.06892155855894089,0.045914243906736374,0.20007151,0.9197067,0.8744641,0.5647512,0.5980727672576904,0.5927965044975281,0.4925670623779297,0.3450527787208557,0.31264176964759827,0.239762082695961
2382,/usr/local/data/zahrat/workshop/dent_output/chexpert-swap-normal/pleural_effusion/seed2382/lambda_t_star5/style.png,0.031971987,0.9941391,0.99132603,0.98831147,0.9898310303688049,0.9859368205070496,0.8130618333816528,0.4709312617778778,0.09705427289009094,0.05650792643427849,0.77988774,0.88238406,0.93408966,0.88567835,0.8698639869689941,0.8417524695396423,0.841629683971405,0.7604998350143433,0.7722911834716797,0.7653600573539734
2790,/usr/local/data/zahrat/workshop/dent_output/chexpert-swap-normal/pleural_effusion/seed2790/lambda_t_star5/style.png,0.05904325,0.9770544,0.92871374,0.67715335,0.46996909379959106,0.320321261882782,0.1989179104566574,0.14120164513587952,0.09698502719402313,0.07414060086011887,0.066820115,0.5787883,0.115578055,0.10607783,0.07310114055871964,0.06518525630235672,0.06307541579008102,0.06463552266359329,0.06850588321685791,0.06880476325750351
3265,/usr/local/data/zahrat/workshop/dent_output/chexpert-swap-normal/pleural_effusion/seed3265/lambda_t_star5/style.png,0.061268546,0.92872024,0.8802315,0.7537164,0.6669941544532776,0.5569748878479004,0.43024805188179016,0.37235477566719055,0.2654682993888855,0.11571481823921204,0.8932112,0.869581,0.8842206,0.8913428,0.8812618255615234,0.8974525928497314,0.9050219655036926,0.9015981554985046,0.893771231174469,0.8948288559913635
2214,/usr/local/data/zahrat/workshop/dent_output/chexpert-swap-normal/pleural_effusion/seed2214/lambda_t_star5/style.png,0.026267463,0.3290387,0.11190574,0.14641719,0.07911251485347748,0.055573657155036926,0.04551364853978157,0.03759653866291046,0.03511077165603638,0.02969169244170189,0.0545295,0.11645337,0.12366453,0.096255586,0.14142334461212158,0.1400231420993805,0.11904635280370712,0.07464684545993805,0.07377377897500992,0.061164259910583496
2497,/usr/local/data/zahrat/workshop/dent_output/chexpert-swap-normal/pleural_effusion/seed2497/lambda_t_star5/style.png,0.12514259,0.28817067,0.18989202,0.16669104,0.16042159497737885,0.15181003510951996,0.14936235547065735,0.13860763609409332,0.1344691663980484,0.12639060616493225,0.029257888,0.07791991,0.053163934,0.044819206,0.03809845447540283,0.034414391964673996,0.033617835491895676,0.03142019361257553,0.03144896402955055,0.03124321810901165
1633,/usr/local/data/zahrat/workshop/dent_output/chexpert-swap-normal/pleural_effusion/seed1633/lambda_t_star5/style.png,0.8958753,0.9752202,0.9766912,0.96176404,0.9686086177825928,0.9512666463851929,0.9425188302993774,0.9471485018730164,0.9559950232505798,0.9473605751991272,0.5594002,0.7901745,0.7363021,0.8109708,0.7853436470031738,0.7126564383506775,0.6884273886680603,0.6820314526557922,0.6463133692741394,0.6207199692726135
2655,/usr/local/data/zahrat/workshop/dent_output/chexpert-swap-normal/pleural_effusion/seed2655/lambda_t_star5/style.png,0.0554018,0.96748334,0.8583238,0.90225434,0.9371163249015808,0.4123741090297699,0.184663787484169,0.13269394636154175,0.09768197685480118,0.07277045398950577,0.075545944,0.8281926,0.8530382,0.87121594,0.19324257969856262,0.1557280272245407,0.11346906423568726,0.09803587943315506,0.09277106076478958,0.08012647181749344
2769,/usr/local/data/zahrat/workshop/dent_output/chexpert-swap-normal/pleural_effusion/seed2769/lambda_t_star5/style.png,0.0808185,0.6647414,0.3101782,0.2390347,0.175808385014534,0.14293670654296875,0.11859273910522461,0.10788271576166153,0.09937545657157898,0.0871875137090683,0.08453667,0.1245089,0.056954,0.06056569,0.07832212001085281,0.09331108629703522,0.10283199697732925,0.08971287310123444,0.09040294587612152,0.09021471440792084
2072,/usr/local/data/zahrat/workshop/dent_output/chexpert-swap-normal/pleural_effusion/seed2072/lambda_t_star5/style.png,0.32859063,0.97702104,0.97826195,0.9353066,0.9410498738288879,0.8494110107421875,0.730798602104187,0.6592599749565125,0.5974218249320984,0.45584696531295776,0.19563426,0.21874692,0.23253816,0.2279969,0.19268222153186798,0.1760251671075821,0.18319393694400787,0.2001544088125229,0.19487422704696655,0.2002825289964676
2397,/usr/local/data/zahrat/workshop/dent_output/chexpert-swap-normal/pleural_effusion/seed2397/lambda_t_star5/style.png,0.04179681,0.92494833,0.9100755,0.81716347,0.5672780275344849,0.2087840586900711,0.10391756892204285,0.07230868935585022,0.05651392787694931,0.047899842262268066,0.6073035,0.8642878,0.7657506,0.62093294,0.6628634929656982,0.6567893624305725,0.8340758681297302,0.7458368539810181,0.716484785079956,0.6702494621276855
1691,/usr/local/data/zahrat/workshop/dent_output/chexpert-swap-normal/pleural_effusion/seed1691/lambda_t_star5/style.png,0.11484786,0.2302492,0.21884954,0.1953473,0.1583714336156845,0.12846152484416962,0.12102115899324417,0.12545150518417358,0.12320790439844131,0.11906160414218903,0.7118518,0.75713605,0.72377545,0.70754313,0.7693646550178528,0.7662286758422852,0.7617901563644409,0.7429208159446716,0.7230247855186462,0.7131222486495972
1755,/usr/local/data/zahrat/workshop/dent_output/chexpert-swap-normal/pleural_effusion/seed1755/lambda_t_star5/style.png,0.36418322,0.98353463,0.9801492,0.9671486,0.9464799165725708,0.9364045858383179,0.9328519701957703,0.8989704847335815,0.8042605519294739,0.5825196504592896,0.47559416,0.76214564,0.8293594,0.9256381,0.8837470412254333,0.7895077466964722,0.7724188566207886,0.6887336373329163,0.6614074110984802,0.5815215706825256
1733,/usr/local/data/zahrat/workshop/dent_output/chexpert-swap-normal/pleural_effusion/seed1733/lambda_t_star5/style.png,0.08341441,0.9604356,0.81854135,0.80633014,0.7873663902282715,0.6206153631210327,0.29482775926589966,0.1770809143781662,0.11535366624593735,0.09609989821910858,0.36601236,0.3217839,0.5978088,0.49558356,0.38806548714637756,0.5341287851333618,0.4624372124671936,0.4426366984844208,0.3616015613079071,0.3142354190349579
1958,/usr/local/data/zahrat/workshop/dent_output/chexpert-swap-normal/pleural_effusion/seed1958/lambda_t_star5/style.png,0.35753563,0.9903696,0.9824337,0.9402084,0.9282968044281006,0.9161936640739441,0.8973010182380676,0.8599985241889954,0.7925953269004822,0.5575647354125977,0.93342113,0.92825544,0.8920538,0.90947616,0.9271549582481384,0.9301964044570923,0.9231661558151245,0.9158446192741394,0.9152237772941589,0.9290654063224792
1779,/usr/local/data/zahrat/workshop/dent_output/chexpert-swap-normal/pleural_effusion/seed1779/lambda_t_star5/style.png,0.05383812,0.98531216,0.9709517,0.93330115,0.8776428699493408,0.7213156819343567,0.47554466128349304,0.33729085326194763,0.21411776542663574,0.09966876357793808,0.14144146,0.51714915,0.24535319,0.30346954,0.3183761537075043,0.438944935798645,0.2952697277069092,0.17934684455394745,0.16252049803733826,0.14339427649974823
2500,/usr/local/data/zahrat/workshop/dent_output/chexpert-swap-normal/pleural_effusion/seed2500/lambda_t_star5/style.png,0.28711402,0.99004805,0.9835591,0.9416181,0.9255825877189636,0.8718113303184509,0.809147834777832,0.7160948514938354,0.5507602691650391,0.41576340794563293,0.8624522,0.75337774,0.83063895,0.87583137,0.8876032829284668,0.8624918460845947,0.8581652045249939,0.8665533065795898,0.8651939034461975,0.8726032376289368
2631,/usr/local/data/zahrat/workshop/dent_output/chexpert-swap-normal/pleural_effusion/seed2631/lambda_t_star5/style.png,0.07188614,0.7839725,0.67514586,0.55805486,0.4221363067626953,0.2172076404094696,0.11798468232154846,0.10374940186738968,0.09027386456727982,0.08618120849132538,0.11276409,0.82867455,0.6652432,0.44368488,0.4109712839126587,0.3319363594055176,0.17958568036556244,0.1501283198595047,0.13685646653175354,0.12031735479831696
2908,/usr/local/data/zahrat/workshop/dent_output/chexpert-swap-normal/pleural_effusion/seed2908/lambda_t_star5/style.png,0.08289257,0.56647664,0.11130449,0.11182005,0.10602674633264542,0.10193932056427002,0.09692346304655075,0.096822090446949,0.09066514670848846,0.08710556477308273,0.1891253,0.17267294,0.105729826,0.10995669,0.11061189323663712,0.15578226745128632,0.15625068545341492,0.17320863902568817,0.18403710424900055,0.1875593066215515
3042,/usr/local/data/zahrat/workshop/dent_output/chexpert-swap-normal/pleural_effusion/seed3042/lambda_t_star5/style.png,0.23625708,0.96254075,0.938945,0.8730609,0.7970817685127258,0.6896775960922241,0.5550693869590759,0.43753936886787415,0.3420461416244507,0.2741561233997345,0.18693754,0.5314505,0.81908274,0.6905726,0.7127712965011597,0.5424880385398865,0.4802792966365814,0.35705167055130005,0.2817457914352417,0.2555413246154785
2227,/usr/local/data/zahrat/workshop/dent_output/chexpert-swap-normal/pleural_effusion/seed2227/lambda_t_star5/style.png,0.17551742,0.98819923,0.9852266,0.9568098,0.8894841074943542,0.6316709518432617,0.5186783671379089,0.4581720530986786,0.34560999274253845,0.23679155111312866,0.19736278,0.48190615,0.4296653,0.36156037,0.4096868932247162,0.5440821647644043,0.6002675294876099,0.48132869601249695,0.29829141497612,0.2299147993326187
3140,/usr/local/data/zahrat/workshop/dent_output/chexpert-swap-normal/pleural_effusion/seed3140/lambda_t_star5/style.png,0.1834409,0.9060183,0.72931385,0.63711566,0.5276616215705872,0.4549389183521271,0.2748611569404602,0.21924757957458496,0.20204776525497437,0.19025245308876038,0.084998615,0.13876502,0.12302898,0.11991195,0.12004202604293823,0.12247110158205032,0.1262320578098297,0.11964022368192673,0.10576101392507553,0.09408639371395111
1901,/usr/local/data/zahrat/workshop/dent_output/chexpert-swap-normal/pleural_effusion/seed1901/lambda_t_star5/style.png,0.09969094,0.95434165,0.9157619,0.82635075,0.8055280447006226,0.790377140045166,0.729678213596344,0.5600947737693787,0.26352280378341675,0.136703222990036,0.089874804,0.079772346,0.06804326,0.066742316,0.10471973568201065,0.10243861377239227,0.11859190464019775,0.11456581205129623,0.09839052706956863,0.09035974740982056
2055,/usr/local/data/zahrat/workshop/dent_output/chexpert-swap-normal/pleural_effusion/seed2055/lambda_t_star5/style.png,0.1665842,0.9045392,0.8590955,0.79666686,0.7538118958473206,0.6491446495056152,0.5096418857574463,0.39978349208831787,0.2808701992034912,0.19874167442321777,0.75588226,0.8797784,0.75139344,0.7707944,0.7764768004417419,0.7981991171836853,0.7905737161636353,0.7775013446807861,0.7624841928482056,0.7586216330528259
2501,/usr/local/data/zahrat/workshop/dent_output/chexpert-swap-normal/pleural_effusion/seed2501/lambda_t_star5/style.png,0.29894862,0.8204607,0.7505009,0.70150775,0.6893892288208008,0.6461350321769714,0.5609582662582397,0.47333812713623047,0.4154762327671051,0.3638945519924164,0.0601207,0.05883487,0.04670313,0.06215836,0.06330794095993042,0.06942504644393921,0.06803449243307114,0.06756630539894104,0.07050957530736923,0.06436474621295929
2113,/usr/local/data/zahrat/workshop/dent_output/chexpert-swap-normal/pleural_effusion/seed2113/lambda_t_star5/style.png,0.026693873,0.852471,0.80137396,0.6453168,0.6546704173088074,0.26390495896339417,0.14928917586803436,0.09920808672904968,0.05119528993964195,0.03772122785449028,0.6330228,0.90237296,0.8928446,0.7682853,0.8058412671089172,0.817124605178833,0.8765480518341064,0.7771502733230591,0.7097876667976379,0.628635823726654
2839,/usr/local/data/zahrat/workshop/dent_output/chexpert-swap-normal/pleural_effusion/seed2839/lambda_t_star5/style.png,0.13963394,0.9633742,0.93578315,0.8721097,0.8105933666229248,0.6993215084075928,0.587793231010437,0.4787711203098297,0.3398573696613312,0.1866748034954071,0.038955823,0.7102318,0.7834707,0.75377685,0.04008401930332184,0.03519848734140396,0.03569759428501129,0.0356806181371212,0.0375690795481205,0.040025778114795685
1943,/usr/local/data/zahrat/workshop/dent_output/chexpert-swap-normal/pleural_effusion/seed1943/lambda_t_star5/style.png,0.044614512,0.8702791,0.543673,0.6582151,0.5693221688270569,0.423257052898407,0.3790397644042969,0.33706924319267273,0.19966313242912292,0.06912906467914581,0.13089162,0.90058935,0.9201369,0.915788,0.9307636618614197,0.9046883583068848,0.5798346996307373,0.2848508059978485,0.2388794720172882,0.1772044450044632
1838,/usr/local/data/zahrat/workshop/dent_output/chexpert-swap-normal/pleural_effusion/seed1838/lambda_t_star5/style.png,0.52598584,0.95728946,0.9454371,0.9437512,0.9538901448249817,0.9592411518096924,0.9605288505554199,0.9477860331535339,0.8673273324966431,0.755832850933075,0.09987739,0.56687963,0.4259857,0.27591267,0.2668953835964203,0.40499016642570496,0.3452821969985962,0.20827779173851013,0.14759626984596252,0.11452297121286392
2128,/usr/local/data/zahrat/workshop/dent_output/chexpert-swap-normal/pleural_effusion/seed2128/lambda_t_star5/style.png,0.024205104,0.9220629,0.88051146,0.797254,0.85017991065979,0.6572443246841431,0.3178819715976715,0.09447786211967468,0.051100295037031174,0.03169149160385132,0.69495654,0.3440209,0.7739322,0.7589984,0.8092025518417358,0.7926906943321228,0.7522056102752686,0.7334834337234497,0.7086800932884216,0.6992684602737427
2169,/usr/local/data/zahrat/workshop/dent_output/chexpert-swap-normal/pleural_effusion/seed2169/lambda_t_star5/style.png,0.032738794,0.98207295,0.9607052,0.8297126,0.8004549741744995,0.611578106880188,0.36946579813957214,0.19157660007476807,0.09161193668842316,0.05962274968624115,0.9243572,0.74814576,0.91216004,0.92731845,0.9083766937255859,0.9234482645988464,0.9297398924827576,0.9356688261032104,0.9451069831848145,0.9292582273483276
3372,/usr/local/data/zahrat/workshop/dent_output/chexpert-swap-normal/pleural_effusion/seed3372/lambda_t_star5/style.png,0.066243105,0.95911515,0.9520682,0.71890193,0.7107710838317871,0.12925755977630615,0.0986940786242485,0.082353875041008,0.07564603537321091,0.07210379838943481,0.07373394,0.075197004,0.06314639,0.06270551,0.0493306890130043,0.0644567534327507,0.07639989256858826,0.0722569152712822,0.07170423865318298,0.06593706458806992
3299,/usr/local/data/zahrat/workshop/dent_output/chexpert-swap-normal/pleural_effusion/seed3299/lambda_t_star5/style.png,0.11516383,0.9473074,0.92727643,0.8819315,0.8970037698745728,0.8701913356781006,0.7124384641647339,0.36065179109573364,0.17663244903087616,0.13426801562309265,0.12877244,0.24523951,0.9560455,0.91524315,0.14809896051883698,0.12384642660617828,0.1233670637011528,0.11442359536886215,0.12190021574497223,0.11405127495527267
3109,/usr/local/data/zahrat/workshop/dent_output/chexpert-swap-normal/pleural_effusion/seed3109/lambda_t_star5/style.png,0.052636843,0.7825723,0.8367784,0.5064442,0.25681957602500916,0.3734655976295471,0.17864245176315308,0.12281656265258789,0.0832824558019638,0.07483292371034622,0.1323225,0.83060277,0.86871165,0.90589076,0.8814585208892822,0.8408298492431641,0.5662474036216736,0.40834417939186096,0.2941281199455261,0.15546822547912598
3141,/usr/local/data/zahrat/workshop/dent_output/chexpert-swap-normal/pleural_effusion/seed3141/lambda_t_star5/style.png,0.3529629,0.9120502,0.83141047,0.49141654,0.43633800745010376,0.44300854206085205,0.4775199294090271,0.4803384840488434,0.4420914649963379,0.4079712927341461,0.9693429,0.9785831,0.97245353,0.9737429,0.983765184879303,0.9777466654777527,0.9746314287185669,0.9709702134132385,0.9698190689086914,0.9683627486228943
2439,/usr/local/data/zahrat/workshop/dent_output/chexpert-swap-normal/pleural_effusion/seed2439/lambda_t_star5/style.png,0.04678907,0.9609165,0.9600508,0.9416242,0.9051293134689331,0.3426539897918701,0.24506700038909912,0.15030169486999512,0.09759890288114548,0.06188923120498657,0.9003104,0.9136346,0.9356487,0.94283706,0.9159350991249084,0.8891295194625854,0.8897366523742676,0.8887555599212646,0.8923318982124329,0.8952630758285522
3154,/usr/local/data/zahrat/workshop/dent_output/chexpert-swap-normal/pleural_effusion/seed3154/lambda_t_star5/style.png,0.15224507,0.87192255,0.82000744,0.6602579,0.594119131565094,0.5361387729644775,0.3989522457122803,0.267192542552948,0.1938137263059616,0.17510151863098145,0.39792654,0.6409856,0.58315647,0.5962136,0.41539138555526733,0.4122481346130371,0.4287292957305908,0.41474878787994385,0.4210323393344879,0.42084258794784546
3230,/usr/local/data/zahrat/workshop/dent_output/chexpert-swap-normal/pleural_effusion/seed3230/lambda_t_star5/style.png,0.28546053,0.9821294,0.9228969,0.8354111,0.7247870564460754,0.6418627500534058,0.6568748950958252,0.6222519874572754,0.5376185774803162,0.4617108404636383,0.70443434,0.9113383,0.8239523,0.87221473,0.8820335268974304,0.8932152986526489,0.8884439468383789,0.8667839765548706,0.804749071598053,0.7588768005371094
2731,/usr/local/data/zahrat/workshop/dent_output/chexpert-swap-normal/pleural_effusion/seed2731/lambda_t_star5/style.png,0.31732824,0.9267539,0.61983794,0.5973285,0.45217588543891907,0.41333088278770447,0.38132262229919434,0.3686235845088959,0.3524199426174164,0.3215353190898895,0.044577997,0.1541375,0.06002474,0.05761831,0.0722675770521164,0.08608289808034897,0.06387489289045334,0.06438682228326797,0.05648148059844971,0.04685612767934799
2108,/usr/local/data/zahrat/workshop/dent_output/chexpert-swap-normal/pleural_effusion/seed2108/lambda_t_star5/style.png,0.27759168,0.9750225,0.9729,0.9632712,0.950714111328125,0.9335259199142456,0.8582269549369812,0.6445459127426147,0.485291987657547,0.37409499287605286,0.062331654,0.6282739,0.5051679,0.62098086,0.681838870048523,0.7189953327178955,0.3777400553226471,0.25458836555480957,0.08536197990179062,0.0677478015422821
2314,/usr/local/data/zahrat/workshop/dent_output/chexpert-swap-normal/pleural_effusion/seed2314/lambda_t_star5/style.png,0.20790534,0.33764014,0.33637935,0.36911637,0.3204942047595978,0.28920412063598633,0.2569330632686615,0.23606617748737335,0.226267009973526,0.22029545903205872,0.82863814,0.8070316,0.80642694,0.82310283,0.7998110055923462,0.7808253169059753,0.7884463667869568,0.8002174496650696,0.8078197836875916,0.817607581615448
1672,/usr/local/data/zahrat/workshop/dent_output/chexpert-swap-normal/pleural_effusion/seed1672/lambda_t_star5/style.png,0.5773477,0.9670702,0.96363705,0.9309945,0.8946793079376221,0.8977352380752563,0.8451560139656067,0.7770811319351196,0.7133761048316956,0.6378839015960693,0.96109694,0.8733208,0.9352814,0.89745945,0.8690547943115234,0.9107135534286499,0.9443406462669373,0.9479701519012451,0.9507957100868225,0.9589391350746155
3331,/usr/local/data/zahrat/workshop/dent_output/chexpert-swap-normal/pleural_effusion/seed3331/lambda_t_star5/style.png,0.0479539,0.89392763,0.9024818,0.840172,0.2316301465034485,0.10202409327030182,0.06538016349077225,0.061230164021253586,0.05742214247584343,0.053576063364744186,0.85925806,0.96486425,0.91955,0.88798654,0.9157838821411133,0.8453801870346069,0.8616189360618591,0.879812479019165,0.8600844144821167,0.8686288595199585
1821,/usr/local/data/zahrat/workshop/dent_output/chexpert-swap-normal/pleural_effusion/seed1821/lambda_t_star5/style.png,0.027637612,0.7928246,0.45310715,0.49918723,0.09248725324869156,0.07767924666404724,0.05871466174721718,0.04921410232782364,0.043886698782444,0.032366570085287094,0.18381815,0.28659442,0.421632,0.26849863,0.2636066973209381,0.383619099855423,0.47016000747680664,0.36002030968666077,0.26856037974357605,0.22012685239315033
2124,/usr/local/data/zahrat/workshop/dent_output/chexpert-swap-normal/pleural_effusion/seed2124/lambda_t_star5/style.png,0.49212214,0.8512343,0.73646134,0.6728723,0.6443266272544861,0.6462618708610535,0.6355120539665222,0.6118044853210449,0.5805662870407104,0.552101194858551,0.1041185,0.13810296,0.1688939,0.26628143,0.14886057376861572,0.1656726896762848,0.1621292233467102,0.11273463070392609,0.11385294049978256,0.10708567500114441
2121,/usr/local/data/zahrat/workshop/dent_output/chexpert-swap-normal/pleural_effusion/seed2121/lambda_t_star5/style.png,0.045736957,0.43612218,0.4397801,0.38602084,0.18441835045814514,0.10408139228820801,0.060802165418863297,0.05679910629987717,0.052447590976953506,0.04622576758265495,0.87344706,0.6748163,0.8619828,0.8294796,0.8643987774848938,0.8333242535591125,0.8259031772613525,0.8277994394302368,0.8466202616691589,0.8565030694007874
3063,/usr/local/data/zahrat/workshop/dent_output/chexpert-swap-normal/pleural_effusion/seed3063/lambda_t_star5/style.png,0.20309682,0.59779096,0.34854668,0.43014383,0.247292622923851,0.217124804854393,0.21034911274909973,0.2135859578847885,0.2036525458097458,0.193382129073143,0.032092944,0.116101034,0.10006667,0.44533816,0.05321177840232849,0.046377476304769516,0.04181850701570511,0.04017528519034386,0.03617941215634346,0.033635661005973816
2705,/usr/local/data/zahrat/workshop/dent_output/chexpert-swap-normal/pleural_effusion/seed2705/lambda_t_star5/style.png,0.05632702,0.10074607,0.086035244,0.07122435,0.0658969059586525,0.06167767569422722,0.06142682209610939,0.06394913792610168,0.06169869750738144,0.058813538402318954,0.059295733,0.17200619,0.13412191,0.14403054,0.11992774158716202,0.09868749231100082,0.09422632306814194,0.08526429533958435,0.07584694772958755,0.07381841540336609
2076,/usr/local/data/zahrat/workshop/dent_output/chexpert-swap-normal/pleural_effusion/seed2076/lambda_t_star5/style.png,0.03812703,0.89113754,0.8003951,0.56623346,0.48198312520980835,0.42010951042175293,0.09098643809556961,0.06725570559501648,0.06104772537946701,0.051970671862363815,0.18897434,0.38988295,0.39011696,0.21322705,0.14730003476142883,0.18627655506134033,0.19712789356708527,0.19418689608573914,0.18754512071609497,0.21836325526237488
1868,/usr/local/data/zahrat/workshop/dent_output/chexpert-swap-normal/pleural_effusion/seed1868/lambda_t_star5/style.png,0.12802683,0.54296774,0.35157365,0.27806193,0.23246663808822632,0.20485767722129822,0.19167259335517883,0.16822972893714905,0.14956282079219818,0.13708031177520752,0.05062033,0.073794894,0.063342914,0.09703899,0.11271359026432037,0.12837758660316467,0.09910140186548233,0.0868595689535141,0.0725565254688263,0.059456855058670044
2424,/usr/local/data/zahrat/workshop/dent_output/chexpert-swap-normal/pleural_effusion/seed2424/lambda_t_star5/style.png,0.00884804,0.91524553,0.9287934,0.781503,0.1851830780506134,0.04232463985681534,0.021005654707551003,0.01331134419888258,0.011418989859521389,0.010021676309406757,0.23568143,0.8319703,0.7391374,0.7905692,0.7265900373458862,0.7010034322738647,0.6299927234649658,0.5595957040786743,0.43124920129776,0.31047433614730835
3363,/usr/local/data/zahrat/workshop/dent_output/chexpert-swap-normal/pleural_effusion/seed3363/lambda_t_star5/style.png,0.019205622,0.9431346,0.4806455,0.38686916,0.1661853790283203,0.07849249243736267,0.05334939807653427,0.04341993108391762,0.03389855474233627,0.025735989212989807,0.067876644,0.39494464,0.47845566,0.25389764,0.17125943303108215,0.15054500102996826,0.1075538769364357,0.0835488885641098,0.07761017978191376,0.07205863296985626
1535,/usr/local/data/zahrat/workshop/dent_output/chexpert-swap-normal/pleural_effusion/seed1535/lambda_t_star5/style.png,0.13378705,0.8647745,0.90703815,0.86716944,0.8294253349304199,0.7097050547599792,0.6329076886177063,0.4591348171234131,0.31701716780662537,0.19524748623371124,0.12128096,0.19994828,0.19681402,0.16881411,0.186056986451149,0.21955963969230652,0.20223645865917206,0.15051816403865814,0.13948024809360504,0.13595248758792877
3089,/usr/local/data/zahrat/workshop/dent_output/chexpert-swap-normal/pleural_effusion/seed3089/lambda_t_star5/style.png,0.025281366,0.9504902,0.8387468,0.65027505,0.2551162838935852,0.17405785620212555,0.12366393953561783,0.0694119930267334,0.04561595246195793,0.03263566642999649,0.781034,0.89562553,0.8653225,0.8538331,0.7213432192802429,0.7296561002731323,0.7661068439483643,0.785465657711029,0.7794457674026489,0.7856184840202332
1567,/usr/local/data/zahrat/workshop/dent_output/chexpert-swap-normal/pleural_effusion/seed1567/lambda_t_star5/style.png,0.2596381,0.9774712,0.9691217,0.9468049,0.9307985901832581,0.923748791217804,0.6480840444564819,0.4127112030982971,0.3819812536239624,0.3239055275917053,0.5289178,0.5444275,0.71528155,0.41961646,0.6291713118553162,0.6409999132156372,0.5851368308067322,0.6722282767295837,0.5495107769966125,0.5318976640701294
1683,/usr/local/data/zahrat/workshop/dent_output/chexpert-swap-normal/pleural_effusion/seed1683/lambda_t_star5/style.png,0.018299932,0.9298978,0.91499966,0.90114504,0.8259973526000977,0.6532056331634521,0.3108714520931244,0.10424326360225677,0.03988610953092575,0.024922460317611694,0.28102377,0.79657465,0.8947131,0.8242091,0.9155041575431824,0.8511595726013184,0.8776344060897827,0.5451354384422302,0.4833235442638397,0.34467941522598267
1859,/usr/local/data/zahrat/workshop/dent_output/chexpert-swap-normal/pleural_effusion/seed1859/lambda_t_star5/style.png,0.0354554,0.9809303,0.9821222,0.7590777,0.3653494119644165,0.18919555842876434,0.14830909669399261,0.14698073267936707,0.09563548117876053,0.06243797019124031,0.59472525,0.88836247,0.7822678,0.84330547,0.8510493636131287,0.8603394031524658,0.877947211265564,0.85550457239151,0.7158907651901245,0.6260218024253845
3330,/usr/local/data/zahrat/workshop/dent_output/chexpert-swap-normal/pleural_effusion/seed3330/lambda_t_star5/style.png,0.32832965,0.91748184,0.91492313,0.8392518,0.8506256341934204,0.7906022667884827,0.6612301468849182,0.5198941826820374,0.46440115571022034,0.38447704911231995,0.03114581,0.6805045,0.479745,0.06695744,0.05612553656101227,0.045838259160518646,0.03919577971100807,0.03673386573791504,0.03504731506109238,0.0344846211373806
2704,/usr/local/data/zahrat/workshop/dent_output/chexpert-swap-normal/pleural_effusion/seed2704/lambda_t_star5/style.png,0.19455239,0.84513116,0.6298726,0.51337343,0.4573717713356018,0.4254230856895447,0.3395034670829773,0.30645811557769775,0.2599651515483856,0.24068483710289001,0.06381017,0.7637924,0.8581832,0.22822885,0.2165515422821045,0.17457538843154907,0.15901435911655426,0.11100538074970245,0.08511573821306229,0.07435797154903412
3313,/usr/local/data/zahrat/workshop/dent_output/chexpert-swap-normal/pleural_effusion/seed3313/lambda_t_star5/style.png,0.032897342,0.9750097,0.93053734,0.9311109,0.9026432633399963,0.6996937990188599,0.2032124400138855,0.09639718383550644,0.06612158566713333,0.045949116349220276,0.8964006,0.9070335,0.90788376,0.90968764,0.9084940552711487,0.887547492980957,0.9073294401168823,0.8981660008430481,0.8993141055107117,0.89973384141922
1991,/usr/local/data/zahrat/workshop/dent_output/chexpert-swap-normal/pleural_effusion/seed1991/lambda_t_star5/style.png,0.03947723,0.86110514,0.87161285,0.906949,0.8166569471359253,0.2229367345571518,0.10178815573453903,0.07010196894407272,0.05596427619457245,0.04525909945368767,0.21479167,0.8777375,0.9118647,0.90433043,0.8896322846412659,0.9012460708618164,0.9224088191986084,0.895138680934906,0.7847860455513,0.34584006667137146
1946,/usr/local/data/zahrat/workshop/dent_output/chexpert-swap-normal/pleural_effusion/seed1946/lambda_t_star5/style.png,0.0141721,0.89256996,0.5221752,0.1721036,0.06690257787704468,0.04495764896273613,0.02653907984495163,0.021663881838321686,0.019386854022741318,0.016709616407752037,0.21360508,0.89071673,0.91486657,0.8462172,0.8498322367668152,0.8372849225997925,0.5573911666870117,0.34801027178764343,0.24879013001918793,0.22070790827274323
3010,/usr/local/data/zahrat/workshop/dent_output/chexpert-swap-normal/pleural_effusion/seed3010/lambda_t_star5/style.png,0.15895551,0.97893834,0.9508289,0.91034055,0.8189230561256409,0.7313419580459595,0.6444884538650513,0.5174173712730408,0.32433372735977173,0.23083117604255676,0.10124658,0.15322691,0.21866487,0.16455674,0.12395130842924118,0.16921460628509521,0.18289987742900848,0.13501358032226562,0.11663617193698883,0.11470552533864975
2734,/usr/local/data/zahrat/workshop/dent_output/chexpert-swap-normal/pleural_effusion/seed2734/lambda_t_star5/style.png,0.070126876,0.7290209,0.7782897,0.7059251,0.7658357620239258,0.7329815030097961,0.6863029599189758,0.5668594837188721,0.38536733388900757,0.16519780457019806,0.058714848,0.26303852,0.04662727,0.065573335,0.08357050269842148,0.10149233043193817,0.08374583721160889,0.06762200593948364,0.06353650242090225,0.05478701367974281
1832,/usr/local/data/zahrat/workshop/dent_output/chexpert-swap-normal/pleural_effusion/seed1832/lambda_t_star5/style.png,0.070871614,0.6926648,0.6752223,0.54682046,0.39014720916748047,0.3458102345466614,0.2696792781352997,0.18814946711063385,0.12122943997383118,0.08737556636333466,0.020614773,0.8178328,0.6284468,0.575528,0.3796146810054779,0.12127293646335602,0.022458812221884727,0.027796268463134766,0.022107813507318497,0.02206426113843918
2895,/usr/local/data/zahrat/workshop/dent_output/chexpert-swap-normal/pleural_effusion/seed2895/lambda_t_star5/style.png,0.03476561,0.9529372,0.93639517,0.42495206,0.23147135972976685,0.17777594923973083,0.12389905005693436,0.0808672159910202,0.05924152210354805,0.045122552663087845,0.6455873,0.6728034,0.7415662,0.63746405,0.6204818487167358,0.5871625542640686,0.5200355648994446,0.5997791290283203,0.6608245968818665,0.6290186643600464
2285,/usr/local/data/zahrat/workshop/dent_output/chexpert-swap-normal/pleural_effusion/seed2285/lambda_t_star5/style.png,0.028603699,0.71125126,0.7297708,0.41790134,0.32059988379478455,0.13737089931964874,0.09590060263872147,0.07026118040084839,0.04377536475658417,0.03222907334566116,0.049968097,0.946452,0.94679004,0.32555932,0.3331173360347748,0.1911281943321228,0.0763506144285202,0.0590478777885437,0.05117165669798851,0.05241246148943901
2603,/usr/local/data/zahrat/workshop/dent_output/chexpert-swap-normal/pleural_effusion/seed2603/lambda_t_star5/style.png,0.08172,0.27809933,0.3249352,0.12221174,0.11290232092142105,0.11381057649850845,0.10355840623378754,0.09848155081272125,0.08987187594175339,0.08689747005701065,0.22870462,0.3450163,0.3248248,0.26725116,0.2626158595085144,0.28082600235939026,0.2958952784538269,0.28837311267852783,0.2858389914035797,0.2590644657611847
2582,/usr/local/data/zahrat/workshop/dent_output/chexpert-swap-normal/pleural_effusion/seed2582/lambda_t_star5/style.png,0.090530485,0.9629802,0.9442487,0.9445102,0.918950080871582,0.6564481854438782,0.492003470659256,0.290985107421875,0.17110590636730194,0.12255747616291046,0.7539025,0.80254436,0.8062155,0.82773596,0.8309223055839539,0.8112400770187378,0.8072891235351562,0.7633968591690063,0.7486814856529236,0.7442560791969299
2161,/usr/local/data/zahrat/workshop/dent_output/chexpert-swap-normal/pleural_effusion/seed2161/lambda_t_star5/style.png,0.10992051,0.9397217,0.9264411,0.9140556,0.9117615222930908,0.80232173204422,0.6264475584030151,0.40072494745254517,0.2519584894180298,0.16185534000396729,0.10689794,0.0919651,0.12035529,0.13534534,0.16428625583648682,0.16300036013126373,0.14860375225543976,0.1318124532699585,0.11731423437595367,0.11457575857639313
1768,/usr/local/data/zahrat/workshop/dent_output/chexpert-swap-normal/pleural_effusion/seed1768/lambda_t_star5/style.png,0.26709992,0.98676014,0.9830374,0.9800061,0.971541166305542,0.9300804734230042,0.9476729035377502,0.9142993688583374,0.6799006462097168,0.4287506341934204,0.8319755,0.4647043,0.7304831,0.720202,0.7894265651702881,0.7751286625862122,0.8040914535522461,0.7908390164375305,0.8109505772590637,0.8184819221496582
2468,/usr/local/data/zahrat/workshop/dent_output/chexpert-swap-normal/pleural_effusion/seed2468/lambda_t_star5/style.png,0.036999773,0.97333264,0.9448578,0.6507713,0.32911425828933716,0.15318894386291504,0.10418388247489929,0.09410229325294495,0.07149261236190796,0.04927675798535347,0.6499212,0.8137503,0.74076396,0.7449834,0.6802160143852234,0.7282035946846008,0.6991460919380188,0.6999108195304871,0.6849756240844727,0.6876711845397949
3076,/usr/local/data/zahrat/workshop/dent_output/chexpert-swap-normal/pleural_effusion/seed3076/lambda_t_star5/style.png,0.021997223,0.9472811,0.79410607,0.6491176,0.34699687361717224,0.21975141763687134,0.0970364585518837,0.05554215982556343,0.039367884397506714,0.027914991602301598,0.47084486,0.7302434,0.7063439,0.73322964,0.7519619464874268,0.7369958758354187,0.7620530128479004,0.7242282032966614,0.6655506491661072,0.574493944644928
2187,/usr/local/data/zahrat/workshop/dent_output/chexpert-swap-normal/pleural_effusion/seed2187/lambda_t_star5/style.png,0.037744723,0.8182312,0.3569566,0.29745495,0.3299972116947174,0.09595193713903427,0.06888105720281601,0.053752657026052475,0.04960933327674866,0.04319500923156738,0.2869182,0.90854985,0.84802824,0.7959565,0.7660258412361145,0.691082775592804,0.3341445028781891,0.3095669150352478,0.3316403329372406,0.3118378221988678
2255,/usr/local/data/zahrat/workshop/dent_output/chexpert-swap-normal/pleural_effusion/seed2255/lambda_t_star5/style.png,0.1931643,0.2685419,0.24017611,0.22480993,0.23389315605163574,0.22935332357883453,0.22398366034030914,0.21901702880859375,0.21590888500213623,0.20388443768024445,0.31352493,0.34772608,0.20266661,0.22617736,0.2391940802335739,0.2598092555999756,0.30193009972572327,0.3029986321926117,0.30579686164855957,0.29751336574554443
1905,/usr/local/data/zahrat/workshop/dent_output/chexpert-swap-normal/pleural_effusion/seed1905/lambda_t_star5/style.png,0.11397645,0.67470026,0.4273572,0.38081744,0.2638901472091675,0.23900306224822998,0.21570710837841034,0.18093129992485046,0.13885322213172913,0.13002486526966095,0.109089576,0.073669225,0.13460699,0.1349483,0.25122717022895813,0.27493780851364136,0.21508154273033142,0.1620311588048935,0.1393262892961502,0.12717710435390472
1882,/usr/local/data/zahrat/workshop/dent_output/chexpert-swap-normal/pleural_effusion/seed1882/lambda_t_star5/style.png,0.2315908,0.36551073,0.3640249,0.21872295,0.19986370205879211,0.23755407333374023,0.2604920566082001,0.2654522657394409,0.2647380530834198,0.23863814771175385,0.14747368,0.7442855,0.3649777,0.5658913,0.5716753602027893,0.3699548840522766,0.1936277598142624,0.16798126697540283,0.1560775637626648,0.174801766872406
2082,/usr/local/data/zahrat/workshop/dent_output/chexpert-swap-normal/pleural_effusion/seed2082/lambda_t_star5/style.png,0.051404394,0.9760311,0.9781367,0.870316,0.6316478252410889,0.6324613690376282,0.4854765832424164,0.3827913701534271,0.12190952152013779,0.07494194060564041,0.107922815,0.9164534,0.8626334,0.8714616,0.925321638584137,0.5421185493469238,0.3399878144264221,0.23624302446842194,0.16017603874206543,0.1309739500284195
3051,/usr/local/data/zahrat/workshop/dent_output/chexpert-swap-normal/pleural_effusion/seed3051/lambda_t_star5/style.png,0.023851693,0.56495076,0.13889968,0.064913414,0.04609730839729309,0.043686360120773315,0.04013479873538017,0.03679812699556351,0.03286120295524597,0.02877156436443329,0.03635723,0.05294906,0.03307628,0.18790534,0.03744069114327431,0.03367774188518524,0.03120681643486023,0.03247581794857979,0.03474263846874237,0.03574047610163689
1649,/usr/local/data/zahrat/workshop/dent_output/chexpert-swap-normal/pleural_effusion/seed1649/lambda_t_star5/style.png,0.13228442,0.83589256,0.7474074,0.64476246,0.5011062026023865,0.4189273416996002,0.28797322511672974,0.23111669719219208,0.19648019969463348,0.158641517162323,0.24086784,0.8422166,0.81285346,0.8381475,0.7057887315750122,0.5593912601470947,0.4099026322364807,0.3924417793750763,0.3192155659198761,0.2648239731788635
2911,/usr/local/data/zahrat/workshop/dent_output/chexpert-swap-normal/pleural_effusion/seed2911/lambda_t_star5/style.png,0.017838152,0.77094334,0.3855484,0.43001142,0.1844409853219986,0.0478069894015789,0.03341901674866676,0.027634549885988235,0.02390958182513714,0.021038461476564407,0.035662673,0.5661725,0.050189443,0.06309024,0.05334741994738579,0.043428707867860794,0.04051961749792099,0.04506450518965721,0.04379028454422951,0.038857147097587585
1712,/usr/local/data/zahrat/workshop/dent_output/chexpert-swap-normal/pleural_effusion/seed1712/lambda_t_star5/style.png,0.17441493,0.98682725,0.95270324,0.9394584,0.9451597929000854,0.9195500016212463,0.8182701468467712,0.38154858350753784,0.29474392533302307,0.25791534781455994,0.8659852,0.752871,0.82807714,0.8766952,0.8421447277069092,0.8679699897766113,0.8511174917221069,0.8600062727928162,0.8655046820640564,0.8635217547416687
2071,/usr/local/data/zahrat/workshop/dent_output/chexpert-swap-normal/pleural_effusion/seed2071/lambda_t_star5/style.png,0.041575946,0.82939154,0.56355625,0.26947668,0.23144322633743286,0.1413813680410385,0.0924210399389267,0.06349720060825348,0.05327580124139786,0.04742374271154404,0.36097604,0.66509515,0.76986575,0.79068553,0.7477660179138184,0.6959965229034424,0.6147145628929138,0.5005174875259399,0.4124349355697632,0.37689080834388733
2006,/usr/local/data/zahrat/workshop/dent_output/chexpert-swap-normal/pleural_effusion/seed2006/lambda_t_star5/style.png,0.03752317,0.9617871,0.9065104,0.9337303,0.9445529580116272,0.7134762406349182,0.6179635524749756,0.3777271807193756,0.20429912209510803,0.08477617055177689,0.29324317,0.9108524,0.92746437,0.9234929,0.9336153864860535,0.9443593621253967,0.9078739285469055,0.8695173859596252,0.7015791535377502,0.43771323561668396
3184,/usr/local/data/zahrat/workshop/dent_output/chexpert-swap-normal/pleural_effusion/seed3184/lambda_t_star5/style.png,0.029404288,0.86623,0.50921756,0.1568718,0.08961004763841629,0.06307671219110489,0.051890477538108826,0.042966827750205994,0.03930438682436943,0.03396732732653618,0.86899495,0.8529351,0.9051455,0.9024713,0.899679958820343,0.8786973357200623,0.872472882270813,0.8789860010147095,0.8805868029594421,0.8775087594985962
1790,/usr/local/data/zahrat/workshop/dent_output/chexpert-swap-normal/pleural_effusion/seed1790/lambda_t_star5/style.png,0.14912824,0.9955598,0.9870473,0.98675764,0.941364586353302,0.6508568525314331,0.6348816156387329,0.6135135293006897,0.4078109562397003,0.2291925996541977,0.8725718,0.88260585,0.90841997,0.85375273,0.897075891494751,0.9375520348548889,0.9161129593849182,0.9028225541114807,0.8936581015586853,0.8626835346221924
1977,/usr/local/data/zahrat/workshop/dent_output/chexpert-swap-normal/pleural_effusion/seed1977/lambda_t_star5/style.png,0.32808104,0.72536826,0.5261212,0.41081962,0.40338408946990967,0.3567487895488739,0.34045207500457764,0.34828808903694153,0.3498789668083191,0.34279564023017883,0.28844985,0.6986933,0.58455694,0.7827654,0.7413156628608704,0.735991358757019,0.6147679090499878,0.5336294770240784,0.44170525670051575,0.364088773727417
1962,/usr/local/data/zahrat/workshop/dent_output/chexpert-swap-normal/pleural_effusion/seed1962/lambda_t_star5/style.png,0.10576148,0.82939065,0.26669335,0.23984814,0.2189752757549286,0.16875562071800232,0.15347512066364288,0.15097901225090027,0.1309136301279068,0.11885320395231247,0.9448168,0.92512846,0.9115145,0.899776,0.9067097306251526,0.9114251732826233,0.9308755993843079,0.9368759393692017,0.9393855929374695,0.9421132206916809
2070,/usr/local/data/zahrat/workshop/dent_output/chexpert-swap-normal/pleural_effusion/seed2070/lambda_t_star5/style.png,0.15625988,0.40739307,0.2522402,0.20210813,0.21176166832447052,0.20766274631023407,0.20318536460399628,0.195278137922287,0.18609894812107086,0.17888014018535614,0.05862899,0.2124428,0.26530215,0.35658094,0.27573162317276,0.1231403723359108,0.10332052409648895,0.07968777418136597,0.07127423584461212,0.07058732211589813
2417,/usr/local/data/zahrat/workshop/dent_output/chexpert-swap-normal/pleural_effusion/seed2417/lambda_t_star5/style.png,0.15542358,0.975099,0.96011,0.9091983,0.6771546602249146,0.5946905612945557,0.4090813100337982,0.3606102466583252,0.3107067048549652,0.20442907512187958,0.19048974,0.753345,0.5022533,0.73908883,0.8352979421615601,0.644453227519989,0.49495556950569153,0.39310789108276367,0.3326764404773712,0.26444700360298157
2418,/usr/local/data/zahrat/workshop/dent_output/chexpert-swap-normal/pleural_effusion/seed2418/lambda_t_star5/style.png,0.03936638,0.58231676,0.61877835,0.3893312,0.21212545037269592,0.12780879437923431,0.08881612122058868,0.06830135732889175,0.055493101477622986,0.04452165961265564,0.11139284,0.84680074,0.6363464,0.510315,0.5144721269607544,0.4104032516479492,0.37214961647987366,0.3010222017765045,0.2372230887413025,0.1565433144569397
2951,/usr/local/data/zahrat/workshop/dent_output/chexpert-swap-normal/pleural_effusion/seed2951/lambda_t_star5/style.png,0.018270286,0.97859246,0.9715199,0.54007757,0.345401793718338,0.25858184695243835,0.20462338626384735,0.09974036365747452,0.062280312180519104,0.03143865242600441,0.8059443,0.93458056,0.87268496,0.88626236,0.8455925583839417,0.8461565971374512,0.8566882014274597,0.8529983758926392,0.8250892162322998,0.8131908178329468
1584,/usr/local/data/zahrat/workshop/dent_output/chexpert-swap-normal/pleural_effusion/seed1584/lambda_t_star5/style.png,0.040286954,0.7497286,0.72859496,0.50860155,0.2126595824956894,0.08814352005720139,0.06788291037082672,0.06179100275039673,0.05278535559773445,0.04605190083384514,0.05401863,0.118855655,0.06382654,0.05454933,0.04675954952836037,0.04851486161351204,0.05010256916284561,0.05159234255552292,0.05742355063557625,0.05317722260951996
1760,/usr/local/data/zahrat/workshop/dent_output/chexpert-swap-normal/pleural_effusion/seed1760/lambda_t_star5/style.png,0.018259684,0.9734264,0.9497726,0.6918716,0.07882779091596603,0.044363487511873245,0.03708531707525253,0.032400500029325485,0.027441246435046196,0.022960415109992027,0.10157565,0.37570626,0.5370091,0.17935266,0.1559727042913437,0.12829111516475677,0.14394286274909973,0.1319669634103775,0.10832720994949341,0.10255520790815353
3216,/usr/local/data/zahrat/workshop/dent_output/chexpert-swap-normal/pleural_effusion/seed3216/lambda_t_star5/style.png,0.0671979,0.5484467,0.3936181,0.35006157,0.35332223773002625,0.2899598181247711,0.17690707743167877,0.11456381529569626,0.0925108939409256,0.07515101134777069,0.02931,0.09512656,0.04910743,0.034932498,0.03363368660211563,0.03815992921590805,0.03895103558897972,0.03875090181827545,0.03696390613913536,0.03240369260311127
2755,/usr/local/data/zahrat/workshop/dent_output/chexpert-swap-normal/pleural_effusion/seed2755/lambda_t_star5/style.png,0.19825856,0.9376084,0.8331775,0.6844104,0.5996476411819458,0.5449060797691345,0.40497833490371704,0.3140757381916046,0.262300044298172,0.22699613869190216,0.53840435,0.8072054,0.9129311,0.85569656,0.809927761554718,0.7954102158546448,0.7583494186401367,0.707908570766449,0.6508849859237671,0.5982581973075867
1682,/usr/local/data/zahrat/workshop/dent_output/chexpert-swap-normal/pleural_effusion/seed1682/lambda_t_star5/style.png,0.092955396,0.9702738,0.94917893,0.8944864,0.7973892092704773,0.7788041234016418,0.7550536394119263,0.533720076084137,0.27516958117485046,0.1248895451426506,0.763369,0.8873955,0.7890657,0.757429,0.8159838914871216,0.8023257255554199,0.7703731060028076,0.7522897124290466,0.7317671179771423,0.7504116296768188
2579,/usr/local/data/zahrat/workshop/dent_output/chexpert-swap-normal/pleural_effusion/seed2579/lambda_t_star5/style.png,0.034979552,0.5024999,0.32789707,0.38330898,0.20621004700660706,0.1904660314321518,0.13232013583183289,0.09891648590564728,0.0750395655632019,0.050124458968639374,0.8550475,0.746748,0.8146431,0.81975365,0.7918133735656738,0.8758916854858398,0.8829014897346497,0.8629987835884094,0.8548494577407837,0.8540211319923401
2752,/usr/local/data/zahrat/workshop/dent_output/chexpert-swap-normal/pleural_effusion/seed2752/lambda_t_star5/style.png,0.5606377,0.97482306,0.9397092,0.9369699,0.8417291045188904,0.8280498385429382,0.8111918568611145,0.7218961715698242,0.6514441967010498,0.6069750189781189,0.092802495,0.48144692,0.5165606,0.17654765,0.11108003556728363,0.09191000461578369,0.11096694320440292,0.11355403065681458,0.10477947443723679,0.09400961548089981
2975,/usr/local/data/zahrat/workshop/dent_output/chexpert-swap-normal/pleural_effusion/seed2975/lambda_t_star5/style.png,0.023347469,0.7014683,0.37119737,0.1917311,0.0913567841053009,0.059313468635082245,0.04354482144117355,0.033875200897455215,0.030725844204425812,0.025899743661284447,0.071933925,0.4431475,0.3917169,0.46935105,0.3350542187690735,0.4624294340610504,0.23167745769023895,0.157823845744133,0.12411662936210632,0.08330413699150085
2775,/usr/local/data/zahrat/workshop/dent_output/chexpert-swap-normal/pleural_effusion/seed2775/lambda_t_star5/style.png,0.031621605,0.92120624,0.95111305,0.88128656,0.8261626958847046,0.6892146468162537,0.42083868384361267,0.19641409814357758,0.07914327830076218,0.0488397441804409,0.04258858,0.13313861,0.09966352,0.068107165,0.0794534757733345,0.06424195319414139,0.06715957075357437,0.05449965223670006,0.04734903946518898,0.04430311173200607
1747,/usr/local/data/zahrat/workshop/dent_output/chexpert-swap-normal/pleural_effusion/seed1747/lambda_t_star5/style.png,0.048336584,0.71911067,0.82603604,0.7150694,0.3758838176727295,0.1474960297346115,0.1176191121339798,0.09293796867132187,0.07755113393068314,0.06859850883483887,0.2117834,0.7890642,0.7218201,0.7909412,0.7027897834777832,0.3970744013786316,0.3166249990463257,0.2655062675476074,0.23113121092319489,0.24044078588485718
2216,/usr/local/data/zahrat/workshop/dent_output/chexpert-swap-normal/pleural_effusion/seed2216/lambda_t_star5/style.png,0.1108447,0.9309832,0.7108866,0.4744727,0.40236803889274597,0.33594509959220886,0.41103166341781616,0.3027242124080658,0.19461418688297272,0.1309250444173813,0.50323457,0.5587006,0.43744335,0.4102414,0.4285581707954407,0.657112717628479,0.5366677045822144,0.5697485208511353,0.5426318645477295,0.524426281452179
2027,/usr/local/data/zahrat/workshop/dent_output/chexpert-swap-normal/pleural_effusion/seed2027/lambda_t_star5/style.png,0.070595674,0.97119385,0.9578991,0.89722484,0.6341405510902405,0.5441035032272339,0.2621639370918274,0.1976775974035263,0.15840154886245728,0.10766655951738358,0.20126285,0.4505783,0.6509141,0.50989586,0.6344388127326965,0.456408828496933,0.33590418100357056,0.3896400034427643,0.3281337320804596,0.2568592429161072
3160,/usr/local/data/zahrat/workshop/dent_output/chexpert-swap-normal/pleural_effusion/seed3160/lambda_t_star5/style.png,0.18331029,0.97935885,0.97106755,0.97622186,0.9700104594230652,0.9234417080879211,0.7927113175392151,0.4888060688972473,0.323341429233551,0.23079662024974823,0.7620505,0.9278752,0.91068006,0.8159583,0.8293877840042114,0.8336978554725647,0.7429389357566833,0.7382702827453613,0.7770586609840393,0.7850929498672485
2145,/usr/local/data/zahrat/workshop/dent_output/chexpert-swap-normal/pleural_effusion/seed2145/lambda_t_star5/style.png,0.011829046,0.8983646,0.8027307,0.6501813,0.36871108412742615,0.3655409514904022,0.34630087018013,0.14067775011062622,0.03624185174703598,0.016990739852190018,0.06449218,0.8456938,0.67805386,0.14177144,0.11068068444728851,0.08548946678638458,0.08697677403688431,0.0794849544763565,0.07248236238956451,0.07212512940168381
2440,/usr/local/data/zahrat/workshop/dent_output/chexpert-swap-normal/pleural_effusion/seed2440/lambda_t_star5/style.png,0.042581826,0.9826805,0.9737758,0.9495235,0.8909493684768677,0.8260146379470825,0.6284905672073364,0.3113235831260681,0.14201030135154724,0.07080069929361343,0.3723756,0.54792124,0.60549575,0.51630515,0.6096153855323792,0.5605468153953552,0.5851812958717346,0.5554062724113464,0.4639148712158203,0.43662360310554504
1619,/usr/local/data/zahrat/workshop/dent_output/chexpert-swap-normal/pleural_effusion/seed1619/lambda_t_star5/style.png,0.03803219,0.6913955,0.30744222,0.08126241,0.0863044485449791,0.06442133337259293,0.05643691495060921,0.05258718132972717,0.04659000784158707,0.041990090161561966,0.21499754,0.23616481,0.088443436,0.055889614,0.08817607909440994,0.21776680648326874,0.25526872277259827,0.22391942143440247,0.21604061126708984,0.21404603123664856
1907,/usr/local/data/zahrat/workshop/dent_output/chexpert-swap-normal/pleural_effusion/seed1907/lambda_t_star5/style.png,0.07938394,0.8942446,0.6163802,0.44266042,0.21057428419589996,0.21396410465240479,0.20127803087234497,0.14545458555221558,0.12472353875637054,0.10622545331716537,0.026099697,0.13134222,0.04942619,0.048444904,0.0429617278277874,0.0436004102230072,0.04266246408224106,0.038148026913404465,0.03463110327720642,0.03163357451558113
2251,/usr/local/data/zahrat/workshop/dent_output/chexpert-swap-normal/pleural_effusion/seed2251/lambda_t_star5/style.png,0.056115396,0.8212763,0.8101729,0.63075477,0.43067386746406555,0.39615368843078613,0.18468773365020752,0.13015738129615784,0.10595501959323883,0.07698241621255875,0.32418066,0.76117843,0.67662925,0.8800662,0.8525729775428772,0.6706305146217346,0.484639972448349,0.3764810860157013,0.3625985085964203,0.31642019748687744
1890,/usr/local/data/zahrat/workshop/dent_output/chexpert-swap-normal/pleural_effusion/seed1890/lambda_t_star5/style.png,0.048674177,0.89435244,0.78359544,0.5816667,0.4021598994731903,0.21946975588798523,0.1578632891178131,0.12667901813983917,0.08880086243152618,0.0601893775165081,0.05706,0.6230245,0.37319,0.16238435,0.08069969713687897,0.07397826761007309,0.07161369174718857,0.06454817205667496,0.061633866280317307,0.06090645492076874
2156,/usr/local/data/zahrat/workshop/dent_output/chexpert-swap-normal/pleural_effusion/seed2156/lambda_t_star5/style.png,0.43788004,0.7550407,0.7955164,0.73970217,0.6964606046676636,0.6619114875793457,0.6556758284568787,0.6282260417938232,0.5761222839355469,0.517035722732544,0.023618596,0.049475208,0.042959552,0.037363317,0.03316988795995712,0.026572754606604576,0.02501961588859558,0.02427518181502819,0.02575667016208172,0.02322028949856758
3290,/usr/local/data/zahrat/workshop/dent_output/chexpert-swap-normal/pleural_effusion/seed3290/lambda_t_star5/style.png,0.16267149,0.9707918,0.92736745,0.93283767,0.9009101986885071,0.7902048826217651,0.6558059453964233,0.529407262802124,0.3921833038330078,0.25012004375457764,0.21297544,0.32390803,0.31660545,0.2612949,0.3693709671497345,0.47237494587898254,0.37135550379753113,0.28586187958717346,0.33747950196266174,0.24096493422985077
1699,/usr/local/data/zahrat/workshop/dent_output/chexpert-swap-normal/pleural_effusion/seed1699/lambda_t_star5/style.png,0.100646585,0.9780789,0.97731704,0.93847567,0.8556381464004517,0.8293595910072327,0.7861738204956055,0.6567682027816772,0.40049609541893005,0.1641966849565506,0.92405343,0.92753655,0.9435932,0.9344936,0.9510864019393921,0.9536464810371399,0.9504852294921875,0.9516428709030151,0.9449628591537476,0.9343289136886597
3357,/usr/local/data/zahrat/workshop/dent_output/chexpert-swap-normal/pleural_effusion/seed3357/lambda_t_star5/style.png,0.06923425,0.9173502,0.82834965,0.8432134,0.6331988573074341,0.3161562979221344,0.3813946843147278,0.2436976432800293,0.13599975407123566,0.08748923987150192,0.2233415,0.105236545,0.3404819,0.46920225,0.27562662959098816,0.349063515663147,0.3397734463214874,0.3165757656097412,0.33643266558647156,0.2948159873485565
2970,/usr/local/data/zahrat/workshop/dent_output/chexpert-swap-normal/pleural_effusion/seed2970/lambda_t_star5/style.png,0.029607624,0.93113744,0.84596246,0.82286197,0.5645062327384949,0.30011799931526184,0.11795979738235474,0.06974784284830093,0.05166535824537277,0.037558041512966156,0.14241286,0.6781462,0.67897207,0.20506714,0.16704171895980835,0.16736358404159546,0.1721276044845581,0.16470380127429962,0.16481193900108337,0.15332886576652527
1995,/usr/local/data/zahrat/workshop/dent_output/chexpert-swap-normal/pleural_effusion/seed1995/lambda_t_star5/style.png,0.095381565,0.9623975,0.9552552,0.95273125,0.9391035437583923,0.8980350494384766,0.6994041800498962,0.40247687697410583,0.2733728289604187,0.1746256798505783,0.8270974,0.8758414,0.87982047,0.85799766,0.8803223967552185,0.8843379020690918,0.8450486063957214,0.8297623991966248,0.8224296569824219,0.828892707824707
2642,/usr/local/data/zahrat/workshop/dent_output/chexpert-swap-normal/pleural_effusion/seed2642/lambda_t_star5/style.png,0.04091271,0.8698723,0.8962582,0.66754514,0.38180011510849,0.25087520480155945,0.21377865970134735,0.16178163886070251,0.09922263026237488,0.05702461302280426,0.94399035,0.89756477,0.92369395,0.91210055,0.9411521553993225,0.9369909167289734,0.9360344409942627,0.9374125599861145,0.9372645020484924,0.9420517086982727
1960,/usr/local/data/zahrat/workshop/dent_output/chexpert-swap-normal/pleural_effusion/seed1960/lambda_t_star5/style.png,0.1553966,0.9792124,0.96399206,0.96005595,0.9550596475601196,0.9403950572013855,0.8559202551841736,0.6898657083511353,0.46245983242988586,0.2964240610599518,0.18034764,0.33426136,0.18567608,0.2034762,0.3468884527683258,0.43808713555336,0.4370262920856476,0.31160566210746765,0.3035070300102234,0.23147393763065338
1674,/usr/local/data/zahrat/workshop/dent_output/chexpert-swap-normal/pleural_effusion/seed1674/lambda_t_star5/style.png,0.11412707,0.8998679,0.78856045,0.77165353,0.698312520980835,0.5443330407142639,0.4083022475242615,0.2985929548740387,0.244965597987175,0.16022329032421112,0.72760576,0.58321047,0.64260626,0.7534526,0.7305749654769897,0.7346554398536682,0.7350485324859619,0.7336986660957336,0.7319773435592651,0.7297857403755188
2377,/usr/local/data/zahrat/workshop/dent_output/chexpert-swap-normal/pleural_effusion/seed2377/lambda_t_star5/style.png,0.07365405,0.9445819,0.91717696,0.85948527,0.6214573383331299,0.422195702791214,0.28753313422203064,0.16049502789974213,0.1097303256392479,0.09336064010858536,0.9037445,0.82393277,0.796011,0.8607153,0.8680936694145203,0.8602776527404785,0.8847646117210388,0.8926714658737183,0.9026115536689758,0.9115200638771057
2492,/usr/local/data/zahrat/workshop/dent_output/chexpert-swap-normal/pleural_effusion/seed2492/lambda_t_star5/style.png,0.047216516,0.9623664,0.9563257,0.9471231,0.8026835322380066,0.33748602867126465,0.2140422761440277,0.13354632258415222,0.099629707634449,0.06792115420103073,0.7772786,0.805337,0.8687355,0.8571381,0.7713983654975891,0.7643370032310486,0.7608063220977783,0.7583130598068237,0.7644632458686829,0.7659229040145874
1822,/usr/local/data/zahrat/workshop/dent_output/chexpert-swap-normal/pleural_effusion/seed1822/lambda_t_star5/style.png,0.1901072,0.9158877,0.81038564,0.57582235,0.46659255027770996,0.3707512319087982,0.3055560886859894,0.2706039845943451,0.2325078547000885,0.21303074061870575,0.031712092,0.15683089,0.15700886,0.1597684,0.05969678983092308,0.049607254564762115,0.04043595492839813,0.03356258198618889,0.03286156803369522,0.03180468827486038
2822,/usr/local/data/zahrat/workshop/dent_output/chexpert-swap-normal/pleural_effusion/seed2822/lambda_t_star5/style.png,0.04099707,0.9301584,0.90194976,0.5851279,0.29445549845695496,0.22371606528759003,0.14500431716442108,0.10940739512443542,0.08387812972068787,0.06209251284599304,0.75187004,0.6708213,0.8654471,0.9003477,0.8845804929733276,0.8474932909011841,0.7935702204704285,0.7630543112754822,0.7413933873176575,0.7368018627166748
1807,/usr/local/data/zahrat/workshop/dent_output/chexpert-swap-normal/pleural_effusion/seed1807/lambda_t_star5/style.png,0.3237263,0.96990126,0.98244745,0.9678248,0.9615843296051025,0.9353470802307129,0.8762900233268738,0.7883329391479492,0.6699796915054321,0.4428393244743347,0.54474574,0.913615,0.8373937,0.87026817,0.8934767842292786,0.8592588305473328,0.7620747685432434,0.8246833682060242,0.776583194732666,0.6926418542861938
2296,/usr/local/data/zahrat/workshop/dent_output/chexpert-swap-normal/pleural_effusion/seed2296/lambda_t_star5/style.png,0.10883592,0.9349944,0.7116925,0.71335137,0.6905142068862915,0.545214056968689,0.36895209550857544,0.23301710188388824,0.17625229060649872,0.14154866337776184,0.2780729,0.80033207,0.7828806,0.7989738,0.8311296105384827,0.8527145981788635,0.8076931238174438,0.8094035387039185,0.4355033040046692,0.32381492853164673
1770,/usr/local/data/zahrat/workshop/dent_output/chexpert-swap-normal/pleural_effusion/seed1770/lambda_t_star5/style.png,0.5758863,0.9551572,0.9047515,0.88668984,0.8444871306419373,0.8117794990539551,0.780643880367279,0.7452616691589355,0.7192243933677673,0.6521053910255432,0.04332896,0.23989484,0.049233127,0.2382772,0.22639811038970947,0.0675044134259224,0.05125889182090759,0.05448348820209503,0.05261719226837158,0.048534248024225235
1670,/usr/local/data/zahrat/workshop/dent_output/chexpert-swap-normal/pleural_effusion/seed1670/lambda_t_star5/style.png,0.5643806,0.93141586,0.9396636,0.9175023,0.9010980129241943,0.8411203622817993,0.7853389978408813,0.7199752330780029,0.676980197429657,0.6237984299659729,0.054605797,0.038652524,0.06701032,0.049928226,0.06122663989663124,0.05855505168437958,0.05814071372151375,0.05977441743016243,0.07048486918210983,0.05953289568424225
2359,/usr/local/data/zahrat/workshop/dent_output/chexpert-swap-normal/pleural_effusion/seed2359/lambda_t_star5/style.png,0.13674779,0.5965977,0.2811914,0.20599945,0.23115378618240356,0.23234839737415314,0.2091796100139618,0.18224240839481354,0.17009976506233215,0.15251639485359192,0.099432334,0.9479242,0.21036759,0.088691175,0.0927387997508049,0.08971177786588669,0.09425866603851318,0.09215077012777328,0.09761572629213333,0.10028237104415894
3041,/usr/local/data/zahrat/workshop/dent_output/chexpert-swap-normal/pleural_effusion/seed3041/lambda_t_star5/style.png,0.011151241,0.097355135,0.24991366,0.072285116,0.040295425802469254,0.029968850314617157,0.023290811106562614,0.018267789855599403,0.016399677842855453,0.013888318091630936,0.03633914,0.16802818,0.03963149,0.063612424,0.060248736292123795,0.041579652577638626,0.039186637848615646,0.038114290684461594,0.03836577385663986,0.03858906775712967
2215,/usr/local/data/zahrat/workshop/dent_output/chexpert-swap-normal/pleural_effusion/seed2215/lambda_t_star5/style.png,0.063666016,0.9875444,0.9646834,0.91102797,0.5941077470779419,0.2918022572994232,0.20590387284755707,0.17430859804153442,0.13994073867797852,0.08781395107507706,0.8586867,0.8254561,0.8687238,0.87074244,0.8805321455001831,0.8682020306587219,0.870465099811554,0.8715791702270508,0.8663826584815979,0.860142171382904
1951,/usr/local/data/zahrat/workshop/dent_output/chexpert-swap-normal/pleural_effusion/seed1951/lambda_t_star5/style.png,0.094158456,0.9669659,0.97595674,0.9101133,0.8848870396614075,0.8783759474754333,0.8303893208503723,0.340902715921402,0.23312944173812866,0.13848687708377838,0.6746454,0.8544205,0.9003143,0.86919427,0.5762194395065308,0.7486457228660583,0.7298497557640076,0.7091546058654785,0.7116667628288269,0.6922522783279419
2181,/usr/local/data/zahrat/workshop/dent_output/chexpert-swap-normal/pleural_effusion/seed2181/lambda_t_star5/style.png,0.29388276,0.67338586,0.6652542,0.7200016,0.5537259578704834,0.45476898550987244,0.4141753315925598,0.38167446851730347,0.35962486267089844,0.32321369647979736,0.8454656,0.9290427,0.923595,0.94474816,0.9603078365325928,0.9510706067085266,0.9348105192184448,0.9097639918327332,0.874981164932251,0.855697512626648
1701,/usr/local/data/zahrat/workshop/dent_output/chexpert-swap-normal/pleural_effusion/seed1701/lambda_t_star5/style.png,0.5301167,0.83911777,0.83193225,0.8184227,0.7728701829910278,0.6921901106834412,0.6527697443962097,0.6067453622817993,0.5748926997184753,0.5552286505699158,0.88689834,0.89362854,0.88362014,0.86587745,0.9046574234962463,0.9212179780006409,0.906207799911499,0.9025245904922485,0.9043129682540894,0.8924273252487183
2709,/usr/local/data/zahrat/workshop/dent_output/chexpert-swap-normal/pleural_effusion/seed2709/lambda_t_star5/style.png,0.09203904,0.8564232,0.54792935,0.42403293,0.3091958165168762,0.2505907416343689,0.21469411253929138,0.18182574212551117,0.15206030011177063,0.12244797497987747,0.05503442,0.442591,0.25058314,0.08429331,0.08278930187225342,0.08844401687383652,0.10386024415493011,0.09223997592926025,0.08043738454580307,0.06496292352676392
2190,/usr/local/data/zahrat/workshop/dent_output/chexpert-swap-normal/pleural_effusion/seed2190/lambda_t_star5/style.png,0.12888534,0.96482486,0.9442945,0.9229797,0.9096168875694275,0.7762011885643005,0.5276190638542175,0.3846985101699829,0.29405948519706726,0.19868868589401245,0.7991994,0.92234164,0.9168669,0.899266,0.8502826690673828,0.8037917017936707,0.7961406111717224,0.7970314621925354,0.8010832071304321,0.7968636751174927
2001,/usr/local/data/zahrat/workshop/dent_output/chexpert-swap-normal/pleural_effusion/seed2001/lambda_t_star5/style.png,0.058323074,0.97186524,0.9336816,0.59295994,0.4759810268878937,0.3414175808429718,0.26495301723480225,0.2125614434480667,0.13958381116390228,0.09078095108270645,0.8836465,0.84140784,0.8195819,0.84862965,0.875500500202179,0.8825817108154297,0.8961124420166016,0.8893119096755981,0.8804571032524109,0.8715203404426575
2612,/usr/local/data/zahrat/workshop/dent_output/chexpert-swap-normal/pleural_effusion/seed2612/lambda_t_star5/style.png,0.05417224,0.9077507,0.72970504,0.5803774,0.5555232167243958,0.5857367515563965,0.4138859808444977,0.16064980626106262,0.12867146730422974,0.08883111923933029,0.71958435,0.6978915,0.847914,0.8331541,0.8358229398727417,0.8020532727241516,0.8097243309020996,0.7656345963478088,0.7636746764183044,0.7632327675819397
1986,/usr/local/data/zahrat/workshop/dent_output/chexpert-swap-normal/pleural_effusion/seed1986/lambda_t_star5/style.png,0.07537236,0.9741166,0.9529255,0.9283524,0.9032793641090393,0.8974010348320007,0.8817517757415771,0.694105863571167,0.2708625793457031,0.13679857552051544,0.48879582,0.6985264,0.7512656,0.32258794,0.42026013135910034,0.5161064267158508,0.5696916580200195,0.5460319519042969,0.5296270251274109,0.5201272368431091
2380,/usr/local/data/zahrat/workshop/dent_output/chexpert-swap-normal/pleural_effusion/seed2380/lambda_t_star5/style.png,0.10696328,0.90591186,0.79123825,0.8275117,0.6731594800949097,0.6087087392807007,0.5482767224311829,0.47331130504608154,0.3757241666316986,0.2347843497991562,0.05794574,0.0697645,0.051381335,0.06913506,0.07641693949699402,0.07523559778928757,0.06622809171676636,0.07220510393381119,0.0731058269739151,0.06460831314325333
2890,/usr/local/data/zahrat/workshop/dent_output/chexpert-swap-normal/pleural_effusion/seed2890/lambda_t_star5/style.png,0.025004374,0.93024117,0.844346,0.8412798,0.6901565194129944,0.2545459270477295,0.07501377165317535,0.04407445713877678,0.03647666051983833,0.029357634484767914,0.8699162,0.82266563,0.82874835,0.8297989,0.8514087200164795,0.8631635904312134,0.8244940638542175,0.8981645107269287,0.8927549123764038,0.8770977258682251
2199,/usr/local/data/zahrat/workshop/dent_output/chexpert-swap-normal/pleural_effusion/seed2199/lambda_t_star5/style.png,0.04112675,0.9855182,0.97149694,0.93291944,0.8263418078422546,0.753077507019043,0.3992033302783966,0.11263108253479004,0.07284991443157196,0.053239692002534866,0.051627837,0.67037845,0.6987825,0.16678928,0.1263585239648819,0.050898924469947815,0.060187485069036484,0.06429225206375122,0.06535209715366364,0.06115202605724335
3380,/usr/local/data/zahrat/workshop/dent_output/chexpert-swap-normal/pleural_effusion/seed3380/lambda_t_star5/style.png,0.05350006,0.92680967,0.9452966,0.93126804,0.5793503522872925,0.46775051951408386,0.437799870967865,0.22313550114631653,0.11712957173585892,0.0696692019701004,0.102763616,0.069028564,0.38645595,0.4894312,0.25951850414276123,0.19586455821990967,0.1726568341255188,0.13824191689491272,0.12285721302032471,0.10975895076990128
3245,/usr/local/data/zahrat/workshop/dent_output/chexpert-swap-normal/pleural_effusion/seed3245/lambda_t_star5/style.png,0.07035384,0.9639536,0.78425354,0.7001088,0.4686969220638275,0.38890716433525085,0.31298327445983887,0.23139981925487518,0.1629505753517151,0.10357531905174255,0.025298992,0.42345962,0.5130235,0.046092603,0.04258708283305168,0.035037945955991745,0.037514835596084595,0.033298421651124954,0.03122347593307495,0.026669317856431007
3178,/usr/local/data/zahrat/workshop/dent_output/chexpert-swap-normal/pleural_effusion/seed3178/lambda_t_star5/style.png,0.065803856,0.9662452,0.93032694,0.95024383,0.9369567036628723,0.8258948922157288,0.7077954411506653,0.42953503131866455,0.2666562497615814,0.14300011098384857,0.9418288,0.9368933,0.9421172,0.95756036,0.9542324542999268,0.9303961396217346,0.93741375207901,0.933332622051239,0.9313526749610901,0.9337366819381714
3066,/usr/local/data/zahrat/workshop/dent_output/chexpert-swap-normal/pleural_effusion/seed3066/lambda_t_star5/style.png,0.1538482,0.9496427,0.96241516,0.9727322,0.9567282795906067,0.9281823039054871,0.8269321918487549,0.6879816651344299,0.4648531675338745,0.2814980745315552,0.772047,0.87204826,0.8197212,0.8249563,0.8508620262145996,0.8344065546989441,0.8305783271789551,0.8265007138252258,0.8136886954307556,0.7957749366760254
3348,/usr/local/data/zahrat/workshop/dent_output/chexpert-swap-normal/pleural_effusion/seed3348/lambda_t_star5/style.png,0.052684728,0.70024025,0.43833664,0.3163584,0.2832677960395813,0.2182946652173996,0.14833323657512665,0.10106468200683594,0.07732608914375305,0.06555317342281342,0.2606121,0.24450387,0.12690175,0.046234,0.08237798511981964,0.0821198895573616,0.13321712613105774,0.1819234937429428,0.20902900397777557,0.2571032643318176
2259,/usr/local/data/zahrat/workshop/dent_output/chexpert-swap-normal/pleural_effusion/seed2259/lambda_t_star5/style.png,0.045909032,0.9858849,0.8993908,0.8895387,0.8179020881652832,0.4670615792274475,0.23204271495342255,0.16374923288822174,0.1130843535065651,0.06908869743347168,0.30596566,0.108683996,0.3295653,0.34584743,0.378648579120636,0.5080466866493225,0.5253101587295532,0.5069682598114014,0.46884921193122864,0.39731377363204956
1571,/usr/local/data/zahrat/workshop/dent_output/chexpert-swap-normal/pleural_effusion/seed1571/lambda_t_star5/style.png,0.06622954,0.775882,0.8047721,0.61198246,0.19135276973247528,0.16607566177845,0.13824935257434845,0.11250226199626923,0.09479599446058273,0.07568276673555374,0.49211374,0.93962705,0.611986,0.53994125,0.6035535931587219,0.6272270679473877,0.5905042290687561,0.5660498738288879,0.5550050139427185,0.5321375727653503
2833,/usr/local/data/zahrat/workshop/dent_output/chexpert-swap-normal/pleural_effusion/seed2833/lambda_t_star5/style.png,0.21168202,0.96268225,0.887352,0.8503171,0.759064793586731,0.7370005249977112,0.6994954347610474,0.5492424964904785,0.39161133766174316,0.2812320291996002,0.458895,0.67504865,0.47292024,0.5856019,0.6490857005119324,0.5924861431121826,0.3971540331840515,0.5314760208129883,0.6060909628868103,0.5853361487388611
3347,/usr/local/data/zahrat/workshop/dent_output/chexpert-swap-normal/pleural_effusion/seed3347/lambda_t_star5/style.png,0.45910266,0.90480554,0.90880084,0.861993,0.7820520401000977,0.7299793362617493,0.7101748585700989,0.6839914321899414,0.5958067178726196,0.5246729850769043,0.030709,0.028309006,0.035538804,0.029955857,0.033680982887744904,0.03179130703210831,0.03261329606175423,0.03764635697007179,0.037057921290397644,0.03220268711447716
2155,/usr/local/data/zahrat/workshop/dent_output/chexpert-swap-normal/pleural_effusion/seed2155/lambda_t_star5/style.png,0.42227826,0.887373,0.80570203,0.73705995,0.634088933467865,0.5393308997154236,0.49280062317848206,0.47501111030578613,0.4400307834148407,0.43528226017951965,0.061800543,0.8147376,0.7731902,0.47452918,0.3247348964214325,0.17172105610370636,0.1224544495344162,0.08372465521097183,0.06940145790576935,0.06064283475279808
3104,/usr/local/data/zahrat/workshop/dent_output/chexpert-swap-normal/pleural_effusion/seed3104/lambda_t_star5/style.png,0.015898004,0.46730942,0.4040933,0.08531333,0.04771966114640236,0.03302150219678879,0.02356022782623768,0.020274121314287186,0.018658606335520744,0.017773030325770378,0.09632155,0.09797963,0.06730748,0.2210169,0.26996180415153503,0.22748422622680664,0.12335385382175446,0.10915278643369675,0.10465986281633377,0.09625095874071121
2274,/usr/local/data/zahrat/workshop/dent_output/chexpert-swap-normal/pleural_effusion/seed2274/lambda_t_star5/style.png,0.091001816,0.95705545,0.91612804,0.8723614,0.8083969950675964,0.3862508237361908,0.30124932527542114,0.25916150212287903,0.18765762448310852,0.13276557624340057,0.082121335,0.6751912,0.60796064,0.26950404,0.3078782856464386,0.2185503989458084,0.18639782071113586,0.145499587059021,0.1081567034125328,0.09968775510787964
2515,/usr/local/data/zahrat/workshop/dent_output/chexpert-swap-normal/pleural_effusion/seed2515/lambda_t_star5/style.png,0.5052756,0.95457995,0.93881154,0.91295284,0.8718804717063904,0.8574903607368469,0.8158779144287109,0.7288480997085571,0.6592101454734802,0.5879966020584106,0.41283035,0.6679715,0.56913817,0.46250573,0.5062735080718994,0.4471674859523773,0.486013799905777,0.40857163071632385,0.41336289048194885,0.4004191756248474
2031,/usr/local/data/zahrat/workshop/dent_output/chexpert-swap-normal/pleural_effusion/seed2031/lambda_t_star5/style.png,0.034829196,0.895222,0.89275,0.90867573,0.8049634695053101,0.31781205534935,0.15460330247879028,0.088430255651474,0.06327037513256073,0.04722537845373154,0.13031158,0.12554997,0.2528694,0.2346207,0.3091556429862976,0.4313540756702423,0.27222177386283875,0.23729844391345978,0.21621578931808472,0.14898386597633362
2503,/usr/local/data/zahrat/workshop/dent_output/chexpert-swap-normal/pleural_effusion/seed2503/lambda_t_star5/style.png,0.28527662,0.94160223,0.900394,0.74281204,0.5764014720916748,0.5059918761253357,0.45538613200187683,0.4025613069534302,0.3685072362422943,0.32395556569099426,0.059079617,0.14935157,0.0818694,0.06886474,0.07494031637907028,0.0780046358704567,0.07933719456195831,0.07074472308158875,0.06296094506978989,0.060884203761816025
2003,/usr/local/data/zahrat/workshop/dent_output/chexpert-swap-normal/pleural_effusion/seed2003/lambda_t_star5/style.png,0.04590907,0.9435347,0.948745,0.9455476,0.9471365213394165,0.9420245289802551,0.9166007041931152,0.6374991536140442,0.19647182524204254,0.09280002117156982,0.92588186,0.92975897,0.9287521,0.8963482,0.9064624905586243,0.8963380455970764,0.9043264389038086,0.9130256175994873,0.9159569144248962,0.9207592010498047
1735,/usr/local/data/zahrat/workshop/dent_output/chexpert-swap-normal/pleural_effusion/seed1735/lambda_t_star5/style.png,0.01658449,0.68809503,0.5115391,0.17500262,0.07027647644281387,0.045782700181007385,0.02690877765417099,0.022427724674344063,0.019802311435341835,0.018429867923259735,0.1674553,0.14744247,0.10367824,0.18513191,0.26993075013160706,0.32655367255210876,0.5193646550178528,0.36836907267570496,0.31179285049438477,0.1576332449913025
2950,/usr/local/data/zahrat/workshop/dent_output/chexpert-swap-normal/pleural_effusion/seed2950/lambda_t_star5/style.png,0.10219323,0.71790296,0.690825,0.6899676,0.6381794214248657,0.5313470363616943,0.3386993110179901,0.21958301961421967,0.15753701329231262,0.12518072128295898,0.03167621,0.07803455,0.14166154,0.08474335,0.14645038545131683,0.0961158275604248,0.04930194094777107,0.03725096955895424,0.03741387650370598,0.035316042602062225
1509,/usr/local/data/zahrat/workshop/dent_output/chexpert-swap-normal/pleural_effusion/seed1509/lambda_t_star5/style.png,0.28345135,0.90017146,0.8848573,0.86311966,0.6622400283813477,0.6531915664672852,0.6261021494865417,0.516071081161499,0.4134023189544678,0.36838096380233765,0.044439062,0.90828097,0.6686048,0.5875036,0.1986822485923767,0.06852579116821289,0.05484630912542343,0.04522421583533287,0.043168503791093826,0.04394875094294548
1799,/usr/local/data/zahrat/workshop/dent_output/chexpert-swap-normal/pleural_effusion/seed1799/lambda_t_star5/style.png,0.027702667,0.86314595,0.8064615,0.7512176,0.48751100897789,0.0663626566529274,0.04899832606315613,0.044061046093702316,0.03771292045712471,0.030855992808938026,0.16872898,0.16409686,0.19179639,0.3034409,0.25527235865592957,0.3663717806339264,0.2538292706012726,0.23010951280593872,0.19747158885002136,0.18183353543281555
2571,/usr/local/data/zahrat/workshop/dent_output/chexpert-swap-normal/pleural_effusion/seed2571/lambda_t_star5/style.png,0.5227416,0.9806701,0.98005533,0.9749292,0.9684315323829651,0.6979688405990601,0.6555627584457397,0.617490291595459,0.5835506319999695,0.5753723978996277,0.22362532,0.6772174,0.65653795,0.6259393,0.5955952405929565,0.5686812996864319,0.503099262714386,0.42198020219802856,0.31141743063926697,0.27181944251060486
1929,/usr/local/data/zahrat/workshop/dent_output/chexpert-swap-normal/pleural_effusion/seed1929/lambda_t_star5/style.png,0.05730908,0.7706062,0.73961276,0.64434916,0.5035431981086731,0.35968267917633057,0.21165142953395844,0.12018927931785583,0.0871124342083931,0.0703117623925209,0.079920255,0.28687653,0.11347191,0.07970611,0.10543990135192871,0.11520982533693314,0.1082792803645134,0.10806716233491898,0.10064007341861725,0.09379667043685913
2578,/usr/local/data/zahrat/workshop/dent_output/chexpert-swap-normal/pleural_effusion/seed2578/lambda_t_star5/style.png,0.061452135,0.9634051,0.9504735,0.8817924,0.8874094486236572,0.8974072933197021,0.3519395887851715,0.22718332707881927,0.19804266095161438,0.11449398845434189,0.6843269,0.73943675,0.7327073,0.7035426,0.6290817260742188,0.6599712371826172,0.6490433812141418,0.6477469205856323,0.6741018891334534,0.6880982518196106
2231,/usr/local/data/zahrat/workshop/dent_output/chexpert-swap-normal/pleural_effusion/seed2231/lambda_t_star5/style.png,0.050427184,0.61747456,0.5880078,0.4983687,0.415596604347229,0.2822679579257965,0.15405242145061493,0.1003936380147934,0.07378992438316345,0.05742994323372841,0.021807186,0.019221252,0.020446243,0.02654708,0.032651860266923904,0.03231450542807579,0.03099621832370758,0.030510444194078445,0.02904098480939865,0.026940852403640747
2588,/usr/local/data/zahrat/workshop/dent_output/chexpert-swap-normal/pleural_effusion/seed2588/lambda_t_star5/style.png,0.070677504,0.9013024,0.8698767,0.7702776,0.7617247700691223,0.8267346620559692,0.7251074910163879,0.16093914210796356,0.10901671648025513,0.08626197278499603,0.48671845,0.5091498,0.49316856,0.5005585,0.4663020670413971,0.5986369252204895,0.5286068916320801,0.3991708755493164,0.41919806599617004,0.4574127197265625
1643,/usr/local/data/zahrat/workshop/dent_output/chexpert-swap-normal/pleural_effusion/seed1643/lambda_t_star5/style.png,0.03996635,0.9518772,0.5819117,0.27123675,0.21747031807899475,0.13162212073802948,0.08513964712619781,0.07043509185314178,0.05722777172923088,0.04540301114320755,0.3923719,0.17628272,0.7474011,0.5349637,0.5916264653205872,0.6127809882164001,0.5861825942993164,0.5314249992370605,0.5053146481513977,0.4227970540523529
2787,/usr/local/data/zahrat/workshop/dent_output/chexpert-swap-normal/pleural_effusion/seed2787/lambda_t_star5/style.png,0.045261715,0.84800595,0.5566799,0.3479251,0.2788134217262268,0.24317534267902374,0.1409890055656433,0.09143926948308945,0.06742725521326065,0.05588383972644806,0.8161292,0.8575021,0.8373298,0.84976286,0.8327745795249939,0.8316770195960999,0.8214488625526428,0.8072043657302856,0.8016523718833923,0.8085587620735168
1945,/usr/local/data/zahrat/workshop/dent_output/chexpert-swap-normal/pleural_effusion/seed1945/lambda_t_star5/style.png,0.1635579,0.91998124,0.87099266,0.8749727,0.855139434337616,0.846751868724823,0.787957489490509,0.6519451141357422,0.46059173345565796,0.28731876611709595,0.92935735,0.9299957,0.9315479,0.9481278,0.9575194716453552,0.9775974154472351,0.9741895794868469,0.9644039273262024,0.9524113535881042,0.9387284517288208
1878,/usr/local/data/zahrat/workshop/dent_output/chexpert-swap-normal/pleural_effusion/seed1878/lambda_t_star5/style.png,0.060460087,0.73660475,0.46123102,0.20819885,0.16281695663928986,0.1293802708387375,0.11286108940839767,0.10543535649776459,0.09649360924959183,0.0760304257273674,0.11006032,0.8400882,0.6942958,0.6269564,0.44142428040504456,0.3378089964389801,0.27911239862442017,0.3008304536342621,0.27515482902526855,0.1772237867116928
1667,/usr/local/data/zahrat/workshop/dent_output/chexpert-swap-normal/pleural_effusion/seed1667/lambda_t_star5/style.png,0.084410906,0.40007645,0.319454,0.2424655,0.155801922082901,0.12178069353103638,0.10496744513511658,0.09615261852741241,0.09174035489559174,0.08569653332233429,0.019180644,0.044444367,0.047458045,0.038749512,0.03411583602428436,0.032108671963214874,0.030104074627161026,0.025285843759775162,0.021811306476593018,0.02010209858417511
1534,/usr/local/data/zahrat/workshop/dent_output/chexpert-swap-normal/pleural_effusion/seed1534/lambda_t_star5/style.png,0.030065876,0.9135488,0.24737,0.17759503,0.16891954839229584,0.13182099163532257,0.08769898861646652,0.06343329697847366,0.0511251799762249,0.039073098450899124,0.52061677,0.24465697,0.86746204,0.86765,0.8592219352722168,0.8693332076072693,0.8214694857597351,0.7802348136901855,0.6617157459259033,0.5904662609100342
2912,/usr/local/data/zahrat/workshop/dent_output/chexpert-swap-normal/pleural_effusion/seed2912/lambda_t_star5/style.png,0.01691906,0.82352805,0.547914,0.73930764,0.655868649482727,0.3388771414756775,0.24030502140522003,0.21657200157642365,0.12017476558685303,0.03592313453555107,0.09451863,0.792703,0.8590523,0.86674845,0.8674340844154358,0.8573222160339355,0.8346201181411743,0.11582858115434647,0.11210241913795471,0.10012742131948471
2842,/usr/local/data/zahrat/workshop/dent_output/chexpert-swap-normal/pleural_effusion/seed2842/lambda_t_star5/style.png,0.13984424,0.95458126,0.97049856,0.9025829,0.8121277689933777,0.6915023326873779,0.6358664631843567,0.5170975923538208,0.37648195028305054,0.24160604178905487,0.13309325,0.68052715,0.66916645,0.73964506,0.7055009007453918,0.3883983790874481,0.1313123255968094,0.12895138561725616,0.1358276754617691,0.13207978010177612
3282,/usr/local/data/zahrat/workshop/dent_output/chexpert-swap-normal/pleural_effusion/seed3282/lambda_t_star5/style.png,0.05643248,0.9662239,0.869827,0.86447,0.7627784013748169,0.6318021416664124,0.2365981936454773,0.1401369273662567,0.10790570080280304,0.07295572012662888,0.10561505,0.6768132,0.6853995,0.7149045,0.5821685194969177,0.6129294037818909,0.3913387358188629,0.18154995143413544,0.13805390894412994,0.11872895061969757
1892,/usr/local/data/zahrat/workshop/dent_output/chexpert-swap-normal/pleural_effusion/seed1892/lambda_t_star5/style.png,0.20740929,0.97006285,0.8311811,0.79102606,0.757503092288971,0.6776300668716431,0.5695408582687378,0.4646226763725281,0.3593372106552124,0.272708535194397,0.023250937,0.04850225,0.0282722,0.039329078,0.038069650530815125,0.03686532750725746,0.038886908441782,0.03304259851574898,0.029631957411766052,0.026194853708148003
1808,/usr/local/data/zahrat/workshop/dent_output/chexpert-swap-normal/pleural_effusion/seed1808/lambda_t_star5/style.png,0.042545535,0.6515221,0.79572916,0.49127436,0.26193127036094666,0.13381308317184448,0.09179516136646271,0.07499536126852036,0.060097835958004,0.0480942465364933,0.40886325,0.7983113,0.77710885,0.81189215,0.7892158031463623,0.7320191264152527,0.6744530200958252,0.6135933995246887,0.5046562552452087,0.48594701290130615
3234,/usr/local/data/zahrat/workshop/dent_output/chexpert-swap-normal/pleural_effusion/seed3234/lambda_t_star5/style.png,0.01803088,0.9229217,0.4897777,0.54633516,0.2459266185760498,0.12055335938930511,0.05947286635637283,0.04303928464651108,0.03572223335504532,0.025226721540093422,0.12993202,0.8329465,0.5990526,0.52489835,0.4070156216621399,0.36255136132240295,0.2748924791812897,0.24873146414756775,0.1787784993648529,0.16182495653629303
1762,/usr/local/data/zahrat/workshop/dent_output/chexpert-swap-normal/pleural_effusion/seed1762/lambda_t_star5/style.png,0.19510043,0.7867267,0.7342272,0.8084728,0.7610025405883789,0.646226704120636,0.5732296705245972,0.5373675227165222,0.32487431168556213,0.2622007727622986,0.898484,0.89386487,0.91286117,0.87659234,0.8858963251113892,0.9053517580032349,0.9149953722953796,0.9031566381454468,0.9006606340408325,0.8951069712638855
3143,/usr/local/data/zahrat/workshop/dent_output/chexpert-swap-normal/pleural_effusion/seed3143/lambda_t_star5/style.png,0.013983994,0.96078026,0.16681345,0.13818407,0.05492987856268883,0.03497413173317909,0.029772425070405006,0.022621074691414833,0.018748553469777107,0.015820693224668503,0.77561307,0.83094645,0.55229926,0.9043272,0.9443778395652771,0.9386693239212036,0.8613919615745544,0.8208904266357422,0.7968133091926575,0.7888941168785095
2306,/usr/local/data/zahrat/workshop/dent_output/chexpert-swap-normal/pleural_effusion/seed2306/lambda_t_star5/style.png,0.5240349,0.59764946,0.62918425,0.5361642,0.5508960485458374,0.5635258555412292,0.5795285701751709,0.5516956448554993,0.5394207239151001,0.5308062434196472,0.82799864,0.83085626,0.6681403,0.80133605,0.8581167459487915,0.849921703338623,0.8309112787246704,0.8347619771957397,0.8265082240104675,0.824336051940918
2088,/usr/local/data/zahrat/workshop/dent_output/chexpert-swap-normal/pleural_effusion/seed2088/lambda_t_star5/style.png,0.46903318,0.8939762,0.85877335,0.7695026,0.7665100693702698,0.7565653324127197,0.6974606513977051,0.633507251739502,0.5819363594055176,0.5124794244766235,0.109057344,0.344347,0.284071,0.28169551,0.29659584164619446,0.18149402737617493,0.1794397085905075,0.16221976280212402,0.14482936263084412,0.12677927315235138
1680,/usr/local/data/zahrat/workshop/dent_output/chexpert-swap-normal/pleural_effusion/seed1680/lambda_t_star5/style.png,0.038933005,0.946065,0.93432605,0.6480748,0.5979482531547546,0.32681000232696533,0.19456598162651062,0.11549274623394012,0.0759802907705307,0.05863409861922264,0.072031975,0.61913586,0.6790303,0.63548714,0.6441118121147156,0.5687496662139893,0.09559553116559982,0.08566265553236008,0.08901925384998322,0.0808747410774231
2254,/usr/local/data/zahrat/workshop/dent_output/chexpert-swap-normal/pleural_effusion/seed2254/lambda_t_star5/style.png,0.081931405,0.75097495,0.6397074,0.36818203,0.16549748182296753,0.142901211977005,0.12884798645973206,0.11300893127918243,0.10017372667789459,0.09290772676467896,0.12578934,0.03359713,0.302371,0.36604127,0.30261948704719543,0.24415047466754913,0.2653377950191498,0.23879297077655792,0.23184236884117126,0.1571742445230484
1620,/usr/local/data/zahrat/workshop/dent_output/chexpert-swap-normal/pleural_effusion/seed1620/lambda_t_star5/style.png,0.074528076,0.45229322,0.12203126,0.116666116,0.10550769418478012,0.10431338846683502,0.10018178820610046,0.09330657124519348,0.08391336351633072,0.08197598159313202,0.016886203,0.05308829,0.016333982,0.018853256,0.020632022991776466,0.020873526111245155,0.020097075030207634,0.019561609253287315,0.018723782151937485,0.018301816657185555
1666,/usr/local/data/zahrat/workshop/dent_output/chexpert-swap-normal/pleural_effusion/seed1666/lambda_t_star5/style.png,0.03702432,0.9411978,0.8645097,0.78600615,0.5677274465560913,0.3328035771846771,0.21146488189697266,0.10953371226787567,0.0751420110464096,0.05461353808641434,0.061658412,0.94342726,0.94133,0.9593582,0.951221227645874,0.1447753757238388,0.09352338314056396,0.06667818129062653,0.0655427798628807,0.06583121418952942
2564,/usr/local/data/zahrat/workshop/dent_output/chexpert-swap-normal/pleural_effusion/seed2564/lambda_t_star5/style.png,0.31942266,0.8312986,0.73488414,0.66620815,0.5561001896858215,0.4867681562900543,0.4519103765487671,0.4556373059749603,0.39270007610321045,0.3615686595439911,0.72448224,0.5971404,0.56041414,0.681402,0.7133160829544067,0.7497351169586182,0.7642484903335571,0.7555631399154663,0.7511056661605835,0.7242395281791687
2282,/usr/local/data/zahrat/workshop/dent_output/chexpert-swap-normal/pleural_effusion/seed2282/lambda_t_star5/style.png,0.11861518,0.9586021,0.9313263,0.6735445,0.40330713987350464,0.4643312394618988,0.41670751571655273,0.32090142369270325,0.2611238956451416,0.16192801296710968,0.054666057,0.81399876,0.50958914,0.04639944,0.12636449933052063,0.10104213654994965,0.08402897417545319,0.08210615813732147,0.07649815082550049,0.06354483217000961
2698,/usr/local/data/zahrat/workshop/dent_output/chexpert-swap-normal/pleural_effusion/seed2698/lambda_t_star5/style.png,0.20057672,0.9666978,0.93865263,0.93419266,0.9305243492126465,0.8643962740898132,0.7674222588539124,0.579228937625885,0.4681784510612488,0.3495687246322632,0.7732141,0.84652257,0.829503,0.83518517,0.797539472579956,0.8236475586891174,0.8505839109420776,0.7891901135444641,0.7906807661056519,0.7723848223686218
1655,/usr/local/data/zahrat/workshop/dent_output/chexpert-swap-normal/pleural_effusion/seed1655/lambda_t_star5/style.png,0.084791705,0.9575501,0.7179574,0.60190225,0.5620673298835754,0.5208410024642944,0.5188201665878296,0.398362398147583,0.2625412940979004,0.1543448567390442,0.1191386,0.37082508,0.2557907,0.28730512,0.17316225171089172,0.17627371847629547,0.1819653958082199,0.162522092461586,0.1542709767818451,0.13855628669261932
3269,/usr/local/data/zahrat/workshop/dent_output/chexpert-swap-normal/pleural_effusion/seed3269/lambda_t_star5/style.png,0.053222243,0.9591761,0.92748535,0.90645564,0.9170210957527161,0.9216565489768982,0.6620563864707947,0.3383548855781555,0.16282059252262115,0.08565012365579605,0.064518005,0.7453223,0.76280546,0.757073,0.7812776565551758,0.5496013760566711,0.4394971430301666,0.31798601150512695,0.08227545768022537,0.06814078241586685
2505,/usr/local/data/zahrat/workshop/dent_output/chexpert-swap-normal/pleural_effusion/seed2505/lambda_t_star5/style.png,0.043764185,0.90404826,0.80266404,0.8002994,0.305666446685791,0.1342841237783432,0.08035039901733398,0.0765766128897667,0.06426218152046204,0.05245992913842201,0.03923781,0.07585876,0.13466612,0.09611116,0.08819591253995895,0.06933803111314774,0.06203662231564522,0.054531633853912354,0.05109158903360367,0.04398396983742714
2042,/usr/local/data/zahrat/workshop/dent_output/chexpert-swap-normal/pleural_effusion/seed2042/lambda_t_star5/style.png,0.035337456,0.83411,0.80380106,0.6630249,0.6173996925354004,0.48314550518989563,0.31110355257987976,0.15257631242275238,0.08208896964788437,0.0491083487868309,0.15222387,0.71446776,0.79970866,0.7160146,0.49845340847969055,0.5226443409919739,0.5439934134483337,0.49204593896865845,0.44264551997184753,0.3565872311592102
1983,/usr/local/data/zahrat/workshop/dent_output/chexpert-swap-normal/pleural_effusion/seed1983/lambda_t_star5/style.png,0.029129859,0.8270037,0.533217,0.10317216,0.0813245102763176,0.07517455518245697,0.06212072819471359,0.054141391068696976,0.042172398418188095,0.03467075526714325,0.932974,0.67141116,0.72781545,0.8456946,0.8986754417419434,0.908762514591217,0.9177325963973999,0.9248858094215393,0.9278638362884521,0.9340840578079224
2511,/usr/local/data/zahrat/workshop/dent_output/chexpert-swap-normal/pleural_effusion/seed2511/lambda_t_star5/style.png,0.5253824,0.9124777,0.9316184,0.91075486,0.8356808423995972,0.8035663366317749,0.8185523748397827,0.7862850427627563,0.7058097124099731,0.6284074783325195,0.25200462,0.22725517,0.43162066,0.4373885,0.5669015645980835,0.5431512594223022,0.49747997522354126,0.430852472782135,0.4056059718132019,0.31543660163879395
1514,/usr/local/data/zahrat/workshop/dent_output/chexpert-swap-normal/pleural_effusion/seed1514/lambda_t_star5/style.png,0.22166473,0.8831829,0.68197536,0.6758547,0.7231548428535461,0.7479994893074036,0.6512309908866882,0.49885571002960205,0.37580353021621704,0.2742428481578827,0.122300446,0.049963072,0.07020099,0.07621667,0.10285776853561401,0.10175894945859909,0.12298540025949478,0.14665135741233826,0.14523367583751678,0.13965366780757904
2663,/usr/local/data/zahrat/workshop/dent_output/chexpert-swap-normal/pleural_effusion/seed2663/lambda_t_star5/style.png,0.031676948,0.98670644,0.96038395,0.9142316,0.8850706815719604,0.8461114764213562,0.2940053343772888,0.11743220686912537,0.06904368847608566,0.04822763428092003,0.13628589,0.9262588,0.8408754,0.15656699,0.14519396424293518,0.14196234941482544,0.23479780554771423,0.39978623390197754,0.3898025155067444,0.3349767327308655
2348,/usr/local/data/zahrat/workshop/dent_output/chexpert-swap-normal/pleural_effusion/seed2348/lambda_t_star5/style.png,0.040425684,0.9277967,0.8548266,0.8094589,0.5368694067001343,0.4203464090824127,0.35484546422958374,0.2499774694442749,0.17149341106414795,0.08008656650781631,0.762777,0.8923711,0.7478611,0.72340345,0.7135028839111328,0.6437063217163086,0.7686917185783386,0.8385255336761475,0.8266080021858215,0.8169782161712646
2079,/usr/local/data/zahrat/workshop/dent_output/chexpert-swap-normal/pleural_effusion/seed2079/lambda_t_star5/style.png,0.2502786,0.97795063,0.96385574,0.96998906,0.9705364108085632,0.9657933712005615,0.8887244462966919,0.7643369436264038,0.6092756390571594,0.44380298256874084,0.18289353,0.8029466,0.8794625,0.8548118,0.8367615938186646,0.7945662140846252,0.7431662678718567,0.3164568841457367,0.16722574830055237,0.2131599485874176
1912,/usr/local/data/zahrat/workshop/dent_output/chexpert-swap-normal/pleural_effusion/seed1912/lambda_t_star5/style.png,0.09634314,0.8561941,0.8522247,0.800327,0.7728420495986938,0.5303539037704468,0.33247295022010803,0.22320829331874847,0.15341360867023468,0.1240224838256836,0.8565982,0.8001858,0.7798535,0.75436896,0.8244845271110535,0.8431966304779053,0.8478819131851196,0.8396275639533997,0.844914436340332,0.8451396822929382
3004,/usr/local/data/zahrat/workshop/dent_output/chexpert-swap-normal/pleural_effusion/seed3004/lambda_t_star5/style.png,0.12443749,0.94136405,0.8193449,0.7498573,0.6831042170524597,0.28653353452682495,0.20172402262687683,0.1891416758298874,0.16682206094264984,0.1412128210067749,0.022890992,0.19742607,0.020969145,0.028108768,0.02642643265426159,0.024937134236097336,0.023084640502929688,0.024783628061413765,0.023393653333187103,0.02219247817993164
2352,/usr/local/data/zahrat/workshop/dent_output/chexpert-swap-normal/pleural_effusion/seed2352/lambda_t_star5/style.png,0.62285197,0.9897683,0.97322786,0.927676,0.8719080090522766,0.8060420155525208,0.8221981525421143,0.849299430847168,0.8561244010925293,0.78507000207901,0.1799884,0.8276851,0.8269181,0.8589549,0.6978204846382141,0.2209014743566513,0.25387436151504517,0.2811411917209625,0.2453926056623459,0.20987661182880402
1866,/usr/local/data/zahrat/workshop/dent_output/chexpert-swap-normal/pleural_effusion/seed1866/lambda_t_star5/style.png,0.1104757,0.9502899,0.851296,0.8230596,0.48498398065567017,0.22016483545303345,0.16321828961372375,0.1422272026538849,0.12442074716091156,0.11309649795293808,0.03603083,0.36939347,0.21164346,0.073250555,0.04810778796672821,0.04838160052895546,0.04360352084040642,0.048176564276218414,0.04041631892323494,0.03868244215846062
2828,/usr/local/data/zahrat/workshop/dent_output/chexpert-swap-normal/pleural_effusion/seed2828/lambda_t_star5/style.png,0.21253766,0.9793746,0.97673607,0.97744274,0.6836642622947693,0.45097699761390686,0.33787503838539124,0.34430012106895447,0.29536205530166626,0.24585497379302979,0.47334057,0.8991437,0.89909494,0.89258283,0.8914238810539246,0.859256386756897,0.8222697973251343,0.7848963737487793,0.74609375,0.5809856057167053
2127,/usr/local/data/zahrat/workshop/dent_output/chexpert-swap-normal/pleural_effusion/seed2127/lambda_t_star5/style.png,0.024578808,0.6039641,0.41793463,0.09710555,0.05146707966923714,0.048070840537548065,0.04728635773062706,0.043311815708875656,0.03198542818427086,0.02927475981414318,0.9524087,0.861865,0.9118628,0.91032267,0.93887859582901,0.9344645738601685,0.929710865020752,0.929410994052887,0.9337652325630188,0.9418043494224548
1689,/usr/local/data/zahrat/workshop/dent_output/chexpert-swap-normal/pleural_effusion/seed1689/lambda_t_star5/style.png,0.015386573,0.93929154,0.88688755,0.44351092,0.07996383309364319,0.06354500353336334,0.04987363517284393,0.038662366569042206,0.028494950383901596,0.021587640047073364,0.0942105,0.80024034,0.8039741,0.84114695,0.8260532021522522,0.8102211952209473,0.11390110850334167,0.10935269296169281,0.10521993786096573,0.09913644194602966
3194,/usr/local/data/zahrat/workshop/dent_output/chexpert-swap-normal/pleural_effusion/seed3194/lambda_t_star5/style.png,0.068075456,0.7628766,0.66581583,0.64462686,0.5958335995674133,0.35620614886283875,0.1909761130809784,0.12173894792795181,0.09799433499574661,0.07801385223865509,0.032600608,0.13155548,0.05559999,0.041638352,0.05676506459712982,0.04904600977897644,0.040041446685791016,0.039093028753995895,0.03666254132986069,0.03863116726279259
2065,/usr/local/data/zahrat/workshop/dent_output/chexpert-swap-normal/pleural_effusion/seed2065/lambda_t_star5/style.png,0.11805685,0.6856546,0.428721,0.30448383,0.2878032922744751,0.23497645556926727,0.22842660546302795,0.18289142847061157,0.14526106417179108,0.12412754446268082,0.04833459,0.30718058,0.1180163,0.090739064,0.0704648420214653,0.0896468535065651,0.07763856649398804,0.06948146224021912,0.061786916106939316,0.06086472421884537
2872,/usr/local/data/zahrat/workshop/dent_output/chexpert-swap-normal/pleural_effusion/seed2872/lambda_t_star5/style.png,0.013653617,0.90873426,0.30782527,0.058773454,0.04111820086836815,0.034564871340990067,0.028781192377209663,0.022690024226903915,0.019366305321455002,0.01613648235797882,0.036315706,0.799651,0.50665545,0.5806327,0.5445318222045898,0.4497889578342438,0.17382197082042694,0.08956913650035858,0.050197500735521317,0.0372651144862175
3277,/usr/local/data/zahrat/workshop/dent_output/chexpert-swap-normal/pleural_effusion/seed3277/lambda_t_star5/style.png,0.2863632,0.9890197,0.981055,0.95320696,0.9298927187919617,0.8224450349807739,0.7816128134727478,0.7165804505348206,0.6107332110404968,0.4619625508785248,0.09848301,0.79552895,0.65200025,0.66130364,0.18845580518245697,0.17297357320785522,0.12536996603012085,0.12344363331794739,0.11178533732891083,0.09727343171834946
1612,/usr/local/data/zahrat/workshop/dent_output/chexpert-swap-normal/pleural_effusion/seed1612/lambda_t_star5/style.png,0.09810917,0.94576466,0.9318719,0.91387665,0.8950246572494507,0.8230223059654236,0.6643558144569397,0.38792699575424194,0.21137122809886932,0.12999777495861053,0.35232934,0.27961245,0.66205627,0.6661437,0.6863928437232971,0.674917995929718,0.7087044715881348,0.7060657739639282,0.6790441870689392,0.573995053768158
3126,/usr/local/data/zahrat/workshop/dent_output/chexpert-swap-normal/pleural_effusion/seed3126/lambda_t_star5/style.png,0.026652042,0.92055583,0.9053715,0.79337245,0.6241101026535034,0.5020725727081299,0.3871059715747833,0.2878384292125702,0.16132943332195282,0.07155296951532364,0.0403141,0.87626046,0.8786104,0.88053495,0.8688879013061523,0.8933807015419006,0.9034534692764282,0.1582418531179428,0.06202239915728569,0.04507723078131676
2632,/usr/local/data/zahrat/workshop/dent_output/chexpert-swap-normal/pleural_effusion/seed2632/lambda_t_star5/style.png,0.06578582,0.86497384,0.8394794,0.6307638,0.4178029000759125,0.2643919289112091,0.24646514654159546,0.19334301352500916,0.12363975495100021,0.08349002152681351,0.1891935,0.29780614,0.5368142,0.6304181,0.44584155082702637,0.36287862062454224,0.3082786798477173,0.24527187645435333,0.19765299558639526,0.17244940996170044
3014,/usr/local/data/zahrat/workshop/dent_output/chexpert-swap-normal/pleural_effusion/seed3014/lambda_t_star5/style.png,0.03253539,0.61714214,0.5813003,0.12115792,0.07372275739908218,0.06342729926109314,0.061425499618053436,0.05190448835492134,0.04475456848740578,0.037920720875263214,0.17708297,0.7369595,0.88341236,0.93653077,0.4861900806427002,0.4037376344203949,0.4000140428543091,0.32230281829833984,0.24944287538528442,0.20700512826442719
3011,/usr/local/data/zahrat/workshop/dent_output/chexpert-swap-normal/pleural_effusion/seed3011/lambda_t_star5/style.png,0.048529867,0.9652821,0.9321385,0.8784203,0.7443826794624329,0.5026562213897705,0.3884872794151306,0.22294187545776367,0.13116955757141113,0.06955192238092422,0.7533889,0.889408,0.8704336,0.8569921,0.7748705744743347,0.7569964528083801,0.7484716176986694,0.7568580508232117,0.7670606970787048,0.7611010670661926
2131,/usr/local/data/zahrat/workshop/dent_output/chexpert-swap-normal/pleural_effusion/seed2131/lambda_t_star5/style.png,0.020482149,0.8932519,0.74864435,0.70547783,0.32995834946632385,0.11041828989982605,0.05054594948887825,0.03372078761458397,0.028398623690009117,0.02366749569773674,0.12310981,0.43556422,0.365026,0.26041403,0.2731574773788452,0.24433748424053192,0.23353581130504608,0.23194900155067444,0.19814036786556244,0.1543617993593216
1839,/usr/local/data/zahrat/workshop/dent_output/chexpert-swap-normal/pleural_effusion/seed1839/lambda_t_star5/style.png,0.038288794,0.9238756,0.89981276,0.8257746,0.4641750156879425,0.35202115774154663,0.24455730617046356,0.1791178584098816,0.10562156140804291,0.06454049795866013,0.72681844,0.6788457,0.7353371,0.7112094,0.8646332025527954,0.8583414554595947,0.8192100524902344,0.7819867730140686,0.7557942271232605,0.7426568269729614
1966,/usr/local/data/zahrat/workshop/dent_output/chexpert-swap-normal/pleural_effusion/seed1966/lambda_t_star5/style.png,0.1030177,0.84583175,0.74709696,0.8059336,0.7285658121109009,0.47811150550842285,0.3101199269294739,0.19850409030914307,0.1593940109014511,0.12616735696792603,0.08734057,0.19183306,0.16801538,0.5068171,0.3923102915287018,0.19691917300224304,0.198123961687088,0.09468276798725128,0.12370412051677704,0.10259965062141418
3001,/usr/local/data/zahrat/workshop/dent_output/chexpert-swap-normal/pleural_effusion/seed3001/lambda_t_star5/style.png,0.070837684,0.86957955,0.8284032,0.5736956,0.5474131107330322,0.6027041077613831,0.4869515895843506,0.3221748173236847,0.1785539835691452,0.10138097405433655,0.1938877,0.54329735,0.42022112,0.400514,0.2979673445224762,0.27433475852012634,0.2619789242744446,0.2344648689031601,0.21948282420635223,0.20036852359771729
2356,/usr/local/data/zahrat/workshop/dent_output/chexpert-swap-normal/pleural_effusion/seed2356/lambda_t_star5/style.png,0.13527425,0.97536963,0.8889777,0.786929,0.7313888669013977,0.5217930674552917,0.32506656646728516,0.2611143887042999,0.22003111243247986,0.1654493808746338,0.09587175,0.22789587,0.40184712,0.5504738,0.2629210352897644,0.1865851879119873,0.20009112358093262,0.1513345092535019,0.11201794445514679,0.09576662629842758
3342,/usr/local/data/zahrat/workshop/dent_output/chexpert-swap-normal/pleural_effusion/seed3342/lambda_t_star5/style.png,0.09356372,0.97253686,0.9622064,0.93532956,0.7670935392379761,0.4931793510913849,0.3435863256454468,0.2846677601337433,0.21037611365318298,0.12845447659492493,0.91635454,0.79144967,0.89035183,0.92688066,0.9292290806770325,0.9266666173934937,0.9397642016410828,0.9363101720809937,0.9379676580429077,0.9307013750076294
3019,/usr/local/data/zahrat/workshop/dent_output/chexpert-swap-normal/pleural_effusion/seed3019/lambda_t_star5/style.png,0.11991293,0.6918402,0.7774832,0.7196929,0.6616484522819519,0.20739023387432098,0.17566843330860138,0.1526845097541809,0.1420532763004303,0.12871724367141724,0.058709443,0.07169268,0.11650969,0.093721636,0.09937123209238052,0.09908431023359299,0.08990612626075745,0.08357199281454086,0.07616563886404037,0.07027839124202728
2040,/usr/local/data/zahrat/workshop/dent_output/chexpert-swap-normal/pleural_effusion/seed2040/lambda_t_star5/style.png,0.20643987,0.94059277,0.66529053,0.6228093,0.5681938529014587,0.47450968623161316,0.4184379577636719,0.3766789138317108,0.3213161826133728,0.24911527335643768,0.057544153,0.15780698,0.09161092,0.0847501,0.07440628111362457,0.07583986222743988,0.07110320031642914,0.0695977658033371,0.07045989483594894,0.06317444890737534
2173,/usr/local/data/zahrat/workshop/dent_output/chexpert-swap-normal/pleural_effusion/seed2173/lambda_t_star5/style.png,0.084850796,0.9355935,0.83493966,0.74819964,0.5184879899024963,0.46424776315689087,0.38377389311790466,0.3049790561199188,0.19089868664741516,0.1291324496269226,0.59539855,0.89203453,0.8293232,0.79926795,0.7699413299560547,0.766510009765625,0.7683150172233582,0.7621002793312073,0.7472315430641174,0.6848864555358887
3067,/usr/local/data/zahrat/workshop/dent_output/chexpert-swap-normal/pleural_effusion/seed3067/lambda_t_star5/style.png,0.22624356,0.4251595,0.36083862,0.50908226,0.2406129390001297,0.27173346281051636,0.2642301917076111,0.26700571179389954,0.2514239251613617,0.23113305866718292,0.7110617,0.9234845,0.69548666,0.74975944,0.6730844974517822,0.6527136564254761,0.7430746555328369,0.7139774560928345,0.7144566774368286,0.7093493342399597
2955,/usr/local/data/zahrat/workshop/dent_output/chexpert-swap-normal/pleural_effusion/seed2955/lambda_t_star5/style.png,0.2591778,0.9809973,0.9695144,0.9476736,0.9183744788169861,0.8728297352790833,0.567611575126648,0.400363028049469,0.33564648032188416,0.2807868719100952,0.08874249,0.07577209,0.0626115,0.08467608,0.11272489279508591,0.09683526307344437,0.0948050320148468,0.1014161929488182,0.10713732987642288,0.08983953297138214
2586,/usr/local/data/zahrat/workshop/dent_output/chexpert-swap-normal/pleural_effusion/seed2586/lambda_t_star5/style.png,0.20019118,0.6772925,0.5172657,0.49438325,0.4189222753047943,0.37217748165130615,0.3459714651107788,0.3146144449710846,0.27115097641944885,0.23470094799995422,0.08853188,0.15922,0.15179354,0.18128288,0.17018216848373413,0.14830872416496277,0.1182909682393074,0.11746244877576828,0.10790769755840302,0.09376423060894012
2919,/usr/local/data/zahrat/workshop/dent_output/chexpert-swap-normal/pleural_effusion/seed2919/lambda_t_star5/style.png,0.0842031,0.27799314,0.21922372,0.15619539,0.2086152732372284,0.20193853974342346,0.18099689483642578,0.15254077315330505,0.10840857774019241,0.0917196199297905,0.017615393,0.053539522,0.0461418,0.045602128,0.041443485766649246,0.02973751351237297,0.024001093581318855,0.02062239870429039,0.020855236798524857,0.019957581534981728
1985,/usr/local/data/zahrat/workshop/dent_output/chexpert-swap-normal/pleural_effusion/seed1985/lambda_t_star5/style.png,0.03860493,0.93984014,0.90233004,0.7909774,0.7522374391555786,0.5561355948448181,0.18376830220222473,0.09096226096153259,0.05916159600019455,0.048178937286138535,0.106438175,0.24099427,0.30687484,0.38595882,0.20998738706111908,0.1665736585855484,0.12742716073989868,0.13506130874156952,0.12956921756267548,0.10954847931861877
3368,/usr/local/data/zahrat/workshop/dent_output/chexpert-swap-normal/pleural_effusion/seed3368/lambda_t_star5/style.png,0.3436407,0.5154008,0.62368006,0.5104806,0.36365559697151184,0.35170242190361023,0.39403918385505676,0.3532988131046295,0.34456583857536316,0.3328988254070282,0.98121727,0.7447406,0.9373694,0.8872809,0.9225600361824036,0.8871529698371887,0.9621767401695251,0.9761618971824646,0.9812807440757751,0.981952965259552
2594,/usr/local/data/zahrat/workshop/dent_output/chexpert-swap-normal/pleural_effusion/seed2594/lambda_t_star5/style.png,0.07785321,0.94566125,0.9603566,0.951273,0.9328998923301697,0.9176785349845886,0.9043790698051453,0.5978819131851196,0.1849961280822754,0.12266511470079422,0.1311113,0.51151335,0.29820755,0.20965376,0.23034311830997467,0.26961788535118103,0.273767352104187,0.22098173201084137,0.18073424696922302,0.1575794368982315
2537,/usr/local/data/zahrat/workshop/dent_output/chexpert-swap-normal/pleural_effusion/seed2537/lambda_t_star5/style.png,0.036650874,0.95500755,0.95569205,0.12611021,0.10188643634319305,0.071518175303936,0.06103275716304779,0.05982493236660957,0.05374958738684654,0.04575483500957489,0.117493615,0.8633248,0.87762165,0.6821994,0.6636466383934021,0.7301669120788574,0.6736721396446228,0.5400928854942322,0.4408723711967468,0.20932209491729736
3224,/usr/local/data/zahrat/workshop/dent_output/chexpert-swap-normal/pleural_effusion/seed3224/lambda_t_star5/style.png,0.05945732,0.8945648,0.91820025,0.9314675,0.8650859594345093,0.7128003239631653,0.6267881393432617,0.588383138179779,0.18682953715324402,0.08442343026399612,0.1583502,0.7962552,0.78256834,0.7824244,0.7633000016212463,0.798178493976593,0.7068083882331848,0.47410279512405396,0.2553694248199463,0.19619615375995636
3258,/usr/local/data/zahrat/workshop/dent_output/chexpert-swap-normal/pleural_effusion/seed3258/lambda_t_star5/style.png,0.37118015,0.9799605,0.52338225,0.4513054,0.4164676070213318,0.3976972699165344,0.38841506838798523,0.3773203194141388,0.36733368039131165,0.3813275992870331,0.11206161,0.19224745,0.18324511,0.23620753,0.26095664501190186,0.25993791222572327,0.2239232212305069,0.17371709644794464,0.1402231752872467,0.1188850998878479
2445,/usr/local/data/zahrat/workshop/dent_output/chexpert-swap-normal/pleural_effusion/seed2445/lambda_t_star5/style.png,0.041581076,0.5151783,0.5894122,0.15235296,0.11917957663536072,0.0712476596236229,0.06272689253091812,0.05500660091638565,0.05339539051055908,0.045497097074985504,0.08968433,0.06681402,0.09363172,0.1547958,0.1284799724817276,0.10679026693105698,0.09189604967832565,0.09425356984138489,0.09239634871482849,0.09319166094064713
1702,/usr/local/data/zahrat/workshop/dent_output/chexpert-swap-normal/pleural_effusion/seed1702/lambda_t_star5/style.png,0.018247105,0.9474463,0.78019345,0.44309166,0.4116384983062744,0.2774011492729187,0.14955030381679535,0.06630580872297287,0.03523687645792961,0.02569887973368168,0.222779,0.5110364,0.90669286,0.8175645,0.8666253089904785,0.8691399693489075,0.8750291466712952,0.844768762588501,0.3903617262840271,0.3058006167411804
2287,/usr/local/data/zahrat/workshop/dent_output/chexpert-swap-normal/pleural_effusion/seed2287/lambda_t_star5/style.png,0.21558121,0.92693144,0.903051,0.87989044,0.8121978640556335,0.7316486239433289,0.6465989351272583,0.570932149887085,0.463726282119751,0.32913216948509216,0.07877552,0.856581,0.912611,0.93978506,0.928618848323822,0.9362757205963135,0.9354875683784485,0.2129499465227127,0.09937971830368042,0.08228615671396255
3344,/usr/local/data/zahrat/workshop/dent_output/chexpert-swap-normal/pleural_effusion/seed3344/lambda_t_star5/style.png,0.13106531,0.7671646,0.5926181,0.40600872,0.3309583067893982,0.29929396510124207,0.24655529856681824,0.20910921692848206,0.18119780719280243,0.15654101967811584,0.033997264,0.071795225,0.087893374,0.07747186,0.06803116947412491,0.05997853726148605,0.04940415918827057,0.05264256149530411,0.03870851546525955,0.036747366189956665
2545,/usr/local/data/zahrat/workshop/dent_output/chexpert-swap-normal/pleural_effusion/seed2545/lambda_t_star5/style.png,0.15069254,0.89719784,0.8110862,0.7395802,0.5999453663825989,0.43991023302078247,0.37233766913414,0.3172491192817688,0.28073880076408386,0.2014399617910385,0.08853296,0.8665413,0.83978105,0.81599474,0.8158130049705505,0.37077534198760986,0.2872396409511566,0.1620405614376068,0.12483969330787659,0.10445702821016312
1648,/usr/local/data/zahrat/workshop/dent_output/chexpert-swap-normal/pleural_effusion/seed1648/lambda_t_star5/style.png,0.07824803,0.85004973,0.7340131,0.4336495,0.32409369945526123,0.2720140218734741,0.17748086154460907,0.1442488729953766,0.11668621003627777,0.09819405525922775,0.46596104,0.8662411,0.8471509,0.77733934,0.7943193912506104,0.8215208053588867,0.7144253253936768,0.696849524974823,0.5935404300689697,0.4939579963684082
1812,/usr/local/data/zahrat/workshop/dent_output/chexpert-swap-normal/pleural_effusion/seed1812/lambda_t_star5/style.png,0.2066691,0.7755071,0.76789683,0.7234611,0.7109317183494568,0.6041628122329712,0.3892446458339691,0.2704904079437256,0.23607498407363892,0.21700841188430786,0.43092018,0.6862478,0.89175224,0.8408885,0.7274420261383057,0.8296760320663452,0.776239275932312,0.7186815142631531,0.6581251621246338,0.505012571811676
2541,/usr/local/data/zahrat/workshop/dent_output/chexpert-swap-normal/pleural_effusion/seed2541/lambda_t_star5/style.png,0.03812585,0.9608782,0.93841857,0.95238924,0.9329150319099426,0.8995219469070435,0.7107137441635132,0.22310815751552582,0.08416710048913956,0.057950764894485474,0.73213,0.68538374,0.6479947,0.7430527,0.7565842866897583,0.7559249997138977,0.7670486569404602,0.7567145228385925,0.7469677329063416,0.7382491827011108
1883,/usr/local/data/zahrat/workshop/dent_output/chexpert-swap-normal/pleural_effusion/seed1883/lambda_t_star5/style.png,0.21362215,0.95501256,0.9397073,0.94693327,0.9404116272926331,0.9052605032920837,0.8164151906967163,0.6817264556884766,0.4990755617618561,0.34132078289985657,0.6315798,0.3691705,0.32954228,0.76753944,0.8456987738609314,0.7526905536651611,0.718960165977478,0.69207763671875,0.6919329762458801,0.6701154112815857
2482,/usr/local/data/zahrat/workshop/dent_output/chexpert-swap-normal/pleural_effusion/seed2482/lambda_t_star5/style.png,0.55373764,0.95411634,0.93240786,0.9110957,0.8933228254318237,0.8566491007804871,0.8171361684799194,0.7544891238212585,0.6990572810173035,0.6252197027206421,0.02399777,0.10561689,0.056578055,0.039404944,0.03460656851530075,0.033348482102155685,0.03331680968403816,0.031279925256967545,0.030658069998025894,0.02634190209209919
2834,/usr/local/data/zahrat/workshop/dent_output/chexpert-swap-normal/pleural_effusion/seed2834/lambda_t_star5/style.png,0.1537043,0.8397321,0.61738783,0.30722365,0.22679828107357025,0.2932977080345154,0.2878571152687073,0.3045857846736908,0.2433120757341385,0.18397456407546997,0.03836091,0.05640427,0.05469641,0.08102028,0.0921582356095314,0.03971764072775841,0.03664782643318176,0.03669328987598419,0.036939587444067,0.036400340497493744
1772,/usr/local/data/zahrat/workshop/dent_output/chexpert-swap-normal/pleural_effusion/seed1772/lambda_t_star5/style.png,0.107842505,0.8382477,0.77604306,0.45903984,0.32536718249320984,0.21911489963531494,0.16496090590953827,0.13920700550079346,0.12771634757518768,0.12251517176628113,0.081137575,0.26864433,0.33985206,0.26546773,0.2306099683046341,0.23246850073337555,0.21691571176052094,0.11262499541044235,0.08838717639446259,0.0847950354218483
2875,/usr/local/data/zahrat/workshop/dent_output/chexpert-swap-normal/pleural_effusion/seed2875/lambda_t_star5/style.png,0.12096007,0.9731424,0.8892242,0.6215055,0.4536173641681671,0.38249528408050537,0.33606666326522827,0.3257827162742615,0.2795466482639313,0.1794283390045166,0.53216267,0.72001326,0.2815111,0.40148437,0.48930981755256653,0.5364357233047485,0.5787354111671448,0.597286581993103,0.5973520874977112,0.5458659529685974
1508,/usr/local/data/zahrat/workshop/dent_output/chexpert-swap-normal/pleural_effusion/seed1508/lambda_t_star5/style.png,0.0675816,0.95167047,0.9349475,0.8775594,0.48595181107521057,0.29614192247390747,0.18148033320903778,0.1325567215681076,0.11226223409175873,0.08231465518474579,0.048997834,0.8625206,0.7202604,0.42417127,0.24647891521453857,0.07800430059432983,0.07310450077056885,0.07234066724777222,0.06251654028892517,0.05518575757741928
3250,/usr/local/data/zahrat/workshop/dent_output/chexpert-swap-normal/pleural_effusion/seed3250/lambda_t_star5/style.png,0.079405196,0.9252474,0.79626584,0.62673026,0.5568673610687256,0.4459957778453827,0.3541549742221832,0.26594313979148865,0.2009204477071762,0.12841208279132843,0.03772271,0.043136902,0.052481387,0.05412717,0.048300694674253464,0.04964592307806015,0.04166543483734131,0.042168643325567245,0.04023793339729309,0.038338106125593185
1583,/usr/local/data/zahrat/workshop/dent_output/chexpert-swap-normal/pleural_effusion/seed1583/lambda_t_star5/style.png,0.030371604,0.9243526,0.62121487,0.78941834,0.3682761788368225,0.3031390905380249,0.15706081688404083,0.09362439811229706,0.05725563317537308,0.04009338840842247,0.8557355,0.8647503,0.85410714,0.854591,0.8817745447158813,0.8734037280082703,0.8651116490364075,0.8665971755981445,0.8640391826629639,0.8549569249153137
2002,/usr/local/data/zahrat/workshop/dent_output/chexpert-swap-normal/pleural_effusion/seed2002/lambda_t_star5/style.png,0.42036057,0.9679005,0.96303666,0.951953,0.929461658000946,0.9069604873657227,0.905040442943573,0.8876152038574219,0.7773023247718811,0.6123414039611816,0.25850418,0.90006495,0.6072152,0.47917658,0.5616551041603088,0.6337084770202637,0.4290761947631836,0.4382908344268799,0.37158623337745667,0.34596017003059387
2337,/usr/local/data/zahrat/workshop/dent_output/chexpert-swap-normal/pleural_effusion/seed2337/lambda_t_star5/style.png,0.054240312,0.94626844,0.45250753,0.2349105,0.17334583401679993,0.12524232268333435,0.10338210314512253,0.08930803835391998,0.07596265524625778,0.06506581604480743,0.09030575,0.6093902,0.26542684,0.47342622,0.4418562948703766,0.4174177050590515,0.2833288013935089,0.20774045586585999,0.1487313210964203,0.1045822948217392
1930,/usr/local/data/zahrat/workshop/dent_output/chexpert-swap-normal/pleural_effusion/seed1930/lambda_t_star5/style.png,0.27187732,0.8639788,0.7897002,0.67075783,0.5549520254135132,0.623873233795166,0.6963473558425903,0.648994505405426,0.5614930987358093,0.41196462512016296,0.06554754,0.5333268,0.11129187,0.2567026,0.5537253022193909,0.25648221373558044,0.17241860926151276,0.13547301292419434,0.09372590482234955,0.07543722540140152
3183,/usr/local/data/zahrat/workshop/dent_output/chexpert-swap-normal/pleural_effusion/seed3183/lambda_t_star5/style.png,0.022841327,0.92489785,0.5891924,0.25106502,0.05563772842288017,0.040543634444475174,0.03323909267783165,0.030076589435338974,0.025840722024440765,0.025179991498589516,0.07461956,0.10584423,0.13788588,0.110695586,0.10428635030984879,0.08975778520107269,0.0937490165233612,0.08631448447704315,0.07973892986774445,0.07716841250658035
1788,/usr/local/data/zahrat/workshop/dent_output/chexpert-swap-normal/pleural_effusion/seed1788/lambda_t_star5/style.png,0.5402952,0.98032135,0.96810025,0.95440876,0.9298213124275208,0.8191830515861511,0.7598406672477722,0.7035753726959229,0.6612640619277954,0.634774386882782,0.15436004,0.22795399,0.29005125,0.3647253,0.43471866846084595,0.23544985055923462,0.1712050586938858,0.1754300743341446,0.19059480726718903,0.1650184839963913
2270,/usr/local/data/zahrat/workshop/dent_output/chexpert-swap-normal/pleural_effusion/seed2270/lambda_t_star5/style.png,0.04625016,0.84578115,0.6499668,0.44282404,0.48144659399986267,0.3815148174762726,0.4713023006916046,0.20677019655704498,0.1391492635011673,0.07311088591814041,0.051313963,0.851525,0.867848,0.8316223,0.7860328555107117,0.6929997205734253,0.33136260509490967,0.10414963960647583,0.0973290428519249,0.07648605108261108
1924,/usr/local/data/zahrat/workshop/dent_output/chexpert-swap-normal/pleural_effusion/seed1924/lambda_t_star5/style.png,0.05707408,0.91261256,0.9172322,0.89209324,0.7803829312324524,0.7836345434188843,0.7723928689956665,0.6507436633110046,0.32996559143066406,0.11535101383924484,0.10586031,0.13466972,0.642327,0.3199735,0.30100011825561523,0.3418898284435272,0.25907814502716064,0.17913798987865448,0.1474563479423523,0.11769232153892517
2901,/usr/local/data/zahrat/workshop/dent_output/chexpert-swap-normal/pleural_effusion/seed2901/lambda_t_star5/style.png,0.033910036,0.85563827,0.793214,0.67013586,0.5545555949211121,0.2928164005279541,0.13260288536548615,0.10139903426170349,0.07177441567182541,0.05104631185531616,0.6940707,0.83652353,0.8715097,0.90378743,0.9085382223129272,0.8207203149795532,0.7765198945999146,0.7915439009666443,0.7519762516021729,0.7257079482078552
1750,/usr/local/data/zahrat/workshop/dent_output/chexpert-swap-normal/pleural_effusion/seed1750/lambda_t_star5/style.png,0.037731912,0.9771477,0.9764664,0.7617455,0.5970993638038635,0.16227032244205475,0.12063179910182953,0.0912778452038765,0.06778810173273087,0.05204383283853531,0.17854793,0.30621088,0.1341395,0.10427579,0.138490229845047,0.1847427934408188,0.18397921323776245,0.17805802822113037,0.17901629209518433,0.17441901564598083
1797,/usr/local/data/zahrat/workshop/dent_output/chexpert-swap-normal/pleural_effusion/seed1797/lambda_t_star5/style.png,0.030507097,0.899302,0.41390437,0.34244806,0.27489814162254333,0.13651613891124725,0.08625511825084686,0.05714204162359238,0.04436342418193817,0.03523389250040054,0.10548527,0.054455932,0.11917348,0.14495412,0.29956457018852234,0.24781624972820282,0.16452650725841522,0.1357787698507309,0.1270178258419037,0.11558496952056885
1518,/usr/local/data/zahrat/workshop/dent_output/chexpert-swap-normal/pleural_effusion/seed1518/lambda_t_star5/style.png,0.04402379,0.93433017,0.6565542,0.4346048,0.3521011769771576,0.34993693232536316,0.2930786907672882,0.16701802611351013,0.09466385841369629,0.05844982713460922,0.060319316,0.1604,0.049472474,0.05785778,0.6656150221824646,0.6140464544296265,0.5629287958145142,0.5544425249099731,0.0754069834947586,0.06578944623470306
2333,/usr/local/data/zahrat/workshop/dent_output/chexpert-swap-normal/pleural_effusion/seed2333/lambda_t_star5/style.png,0.051335756,0.9588561,0.9303074,0.9314614,0.8759238719940186,0.16020144522190094,0.1310815066099167,0.1086086854338646,0.08593276888132095,0.0649750605225563,0.058884397,0.116030246,0.25890678,0.32464856,0.7371794581413269,0.8111891746520996,0.14277321100234985,0.10328646749258041,0.0713656097650528,0.06572141498327255
3060,/usr/local/data/zahrat/workshop/dent_output/chexpert-swap-normal/pleural_effusion/seed3060/lambda_t_star5/style.png,0.056881636,0.9589771,0.930968,0.8415931,0.4737463593482971,0.3023807406425476,0.2137448489665985,0.1290590614080429,0.10085652023553848,0.07466700673103333,0.088760376,0.11630757,0.1379562,0.17419226,0.1597418487071991,0.14754316210746765,0.14113406836986542,0.13354112207889557,0.10529305785894394,0.10625217109918594
2528,/usr/local/data/zahrat/workshop/dent_output/chexpert-swap-normal/pleural_effusion/seed2528/lambda_t_star5/style.png,0.15854739,0.8869843,0.7468764,0.6943824,0.6613838076591492,0.5133652687072754,0.47580772638320923,0.4351806342601776,0.3620346486568451,0.2543300688266754,0.11450044,0.10477796,0.08811584,0.16433369,0.1421481817960739,0.15054543316364288,0.12497381120920181,0.13624189794063568,0.12647856771945953,0.12364422529935837
3210,/usr/local/data/zahrat/workshop/dent_output/chexpert-swap-normal/pleural_effusion/seed3210/lambda_t_star5/style.png,0.19941033,0.96474606,0.97302276,0.92714256,0.9227398633956909,0.7231472134590149,0.6333103179931641,0.5082542300224304,0.424617737531662,0.30832648277282715,0.27823886,0.23081751,0.4896789,0.5233723,0.5239119529724121,0.6238861680030823,0.5133655071258545,0.4099859595298767,0.3848413825035095,0.3274982273578644
2041,/usr/local/data/zahrat/workshop/dent_output/chexpert-swap-normal/pleural_effusion/seed2041/lambda_t_star5/style.png,0.20725979,0.90580934,0.9284663,0.9432344,0.9135714769363403,0.7349011898040771,0.47097069025039673,0.302350789308548,0.25489339232444763,0.21205006539821625,0.6006842,0.79198736,0.7880413,0.81829304,0.7414098978042603,0.7888965606689453,0.7570862770080566,0.7264406085014343,0.6836282014846802,0.6699913740158081
2518,/usr/local/data/zahrat/workshop/dent_output/chexpert-swap-normal/pleural_effusion/seed2518/lambda_t_star5/style.png,0.42371556,0.46207985,0.43358064,0.39854163,0.41980138421058655,0.42921197414398193,0.44753921031951904,0.4291941225528717,0.4209621846675873,0.4183740019798279,0.7364673,0.60264003,0.6089077,0.61296636,0.6307905316352844,0.7108592987060547,0.7807456851005554,0.7728074789047241,0.7561675310134888,0.7464142441749573
2372,/usr/local/data/zahrat/workshop/dent_output/chexpert-swap-normal/pleural_effusion/seed2372/lambda_t_star5/style.png,0.027645404,0.9805612,0.96792465,0.9497753,0.9620175957679749,0.736145555973053,0.5163489580154419,0.2242310643196106,0.07727102935314178,0.03873661160469055,0.1563382,0.92145544,0.78713405,0.16199976,0.4159431457519531,0.25649288296699524,0.2179431915283203,0.21227212250232697,0.17654754221439362,0.1756005734205246
1891,/usr/local/data/zahrat/workshop/dent_output/chexpert-swap-normal/pleural_effusion/seed1891/lambda_t_star5/style.png,0.045330826,0.8131334,0.62417924,0.53370386,0.47872745990753174,0.28628024458885193,0.15209923684597015,0.0974111407995224,0.06939953565597534,0.056833695620298386,0.7753962,0.87864155,0.82994276,0.84041613,0.8435733318328857,0.8390315175056458,0.8049768209457397,0.7622953653335571,0.7704330086708069,0.7655052542686462
3261,/usr/local/data/zahrat/workshop/dent_output/chexpert-swap-normal/pleural_effusion/seed3261/lambda_t_star5/style.png,0.044976067,0.89528906,0.77944255,0.7563435,0.4377363622188568,0.3479035496711731,0.19161927700042725,0.12103268504142761,0.08765242248773575,0.06427260488271713,0.27371204,0.12266219,0.06899775,0.51150644,0.33276426792144775,0.4497225284576416,0.4513394832611084,0.41224974393844604,0.37352654337882996,0.30387499928474426
2706,/usr/local/data/zahrat/workshop/dent_output/chexpert-swap-normal/pleural_effusion/seed2706/lambda_t_star5/style.png,0.17775446,0.8611905,0.88429713,0.87523687,0.827549934387207,0.5426628589630127,0.46909111738204956,0.3906342089176178,0.33913150429725647,0.2641505002975464,0.23832087,0.62524265,0.6650214,0.6828926,0.7218348979949951,0.7041568160057068,0.6111345887184143,0.405410498380661,0.2683514356613159,0.22912302613258362
2739,/usr/local/data/zahrat/workshop/dent_output/chexpert-swap-normal/pleural_effusion/seed2739/lambda_t_star5/style.png,0.5502054,0.923555,0.9220674,0.9342658,0.776909589767456,0.7377309203147888,0.7123595476150513,0.692756712436676,0.664915919303894,0.6297166347503662,0.04213413,0.5679086,0.5129235,0.49322605,0.4385450780391693,0.32590633630752563,0.177117720246315,0.07802795618772507,0.05687636137008667,0.05054808780550957
3356,/usr/local/data/zahrat/workshop/dent_output/chexpert-swap-normal/pleural_effusion/seed3356/lambda_t_star5/style.png,0.04264641,0.9451407,0.91866463,0.8282497,0.7616698145866394,0.7220093607902527,0.47182178497314453,0.21935607492923737,0.1136653795838356,0.06747878342866898,0.5934656,0.46510956,0.6758308,0.6366933,0.7390882968902588,0.41173505783081055,0.4577867090702057,0.3695947527885437,0.5685004591941833,0.5896875858306885
2741,/usr/local/data/zahrat/workshop/dent_output/chexpert-swap-normal/pleural_effusion/seed2741/lambda_t_star5/style.png,0.1739741,0.9174749,0.82448727,0.70462245,0.5516670346260071,0.4557793438434601,0.3745683431625366,0.31758779287338257,0.2678861916065216,0.21683533489704132,0.11897078,0.80432177,0.7950393,0.8558812,0.8676689863204956,0.7673522233963013,0.2815433144569397,0.264534056186676,0.19498777389526367,0.16065452992916107
2714,/usr/local/data/zahrat/workshop/dent_output/chexpert-swap-normal/pleural_effusion/seed2714/lambda_t_star5/style.png,0.034414776,0.968333,0.91236585,0.6270107,0.2430347204208374,0.15900501608848572,0.14529524743556976,0.06240363419055939,0.049581654369831085,0.04082851484417915,0.64577496,0.8172995,0.77962035,0.8541096,0.8448745608329773,0.8273606300354004,0.8369311094284058,0.8650225400924683,0.7960586547851562,0.7155492305755615
2464,/usr/local/data/zahrat/workshop/dent_output/chexpert-swap-normal/pleural_effusion/seed2464/lambda_t_star5/style.png,0.037303496,0.96957,0.5524045,0.50220275,0.3468966782093048,0.12395203858613968,0.1648554652929306,0.12474769353866577,0.07206135988235474,0.051321402192115784,0.13661557,0.36498195,0.27263406,0.90898657,0.6454899311065674,0.8831869959831238,0.21640394628047943,0.18169938027858734,0.17830196022987366,0.14718075096607208
3163,/usr/local/data/zahrat/workshop/dent_output/chexpert-swap-normal/pleural_effusion/seed3163/lambda_t_star5/style.png,0.21167745,0.9916169,0.9885534,0.9574691,0.9371960163116455,0.807162880897522,0.6331486701965332,0.5329591035842896,0.46321597695350647,0.33420702815055847,0.107891575,0.098130204,0.045274273,0.08278758,0.48382821679115295,0.14120477437973022,0.1136217936873436,0.1163908913731575,0.09475391358137131,0.09505213797092438
2719,/usr/local/data/zahrat/workshop/dent_output/chexpert-swap-normal/pleural_effusion/seed2719/lambda_t_star5/style.png,0.013767691,0.95377874,0.87916404,0.8276863,0.3270818293094635,0.08050638437271118,0.0429554246366024,0.026214459910988808,0.02004408836364746,0.016396479681134224,0.07842801,0.23541057,0.14921002,0.10407755,0.09468165040016174,0.08940703421831131,0.09326916933059692,0.07350905239582062,0.06869891285896301,0.0695866122841835
2954,/usr/local/data/zahrat/workshop/dent_output/chexpert-swap-normal/pleural_effusion/seed2954/lambda_t_star5/style.png,0.077418335,0.9041807,0.8137023,0.46423122,0.35036829113960266,0.1861761063337326,0.15755248069763184,0.12156514823436737,0.10720627754926682,0.09185614436864853,0.0872504,0.18021266,0.09695973,0.09048067,0.07810014486312866,0.081998810172081,0.0772327333688736,0.08358951658010483,0.09104811400175095,0.0852542594075203
2317,/usr/local/data/zahrat/workshop/dent_output/chexpert-swap-normal/pleural_effusion/seed2317/lambda_t_star5/style.png,0.06369658,0.52003384,0.21536924,0.15128192,0.11673896759748459,0.1348038911819458,0.1066056564450264,0.09181417524814606,0.08000785857439041,0.07154874503612518,0.07237893,0.040551517,0.06891859,0.06529372,0.06979344040155411,0.08273240178823471,0.08307568728923798,0.07990274578332901,0.08216086030006409,0.07664089649915695
3030,/usr/local/data/zahrat/workshop/dent_output/chexpert-swap-normal/pleural_effusion/seed3030/lambda_t_star5/style.png,0.10416887,0.97224617,0.9618086,0.90690535,0.7920088171958923,0.7228823900222778,0.5218589305877686,0.27145394682884216,0.204393208026886,0.13744741678237915,0.60019934,0.8234875,0.86795455,0.9374768,0.9229957461357117,0.8638814091682434,0.8383616209030151,0.8220196962356567,0.7913191318511963,0.6913021206855774
3086,/usr/local/data/zahrat/workshop/dent_output/chexpert-swap-normal/pleural_effusion/seed3086/lambda_t_star5/style.png,0.075263225,0.5315971,0.37807438,0.26285017,0.17020729184150696,0.14441519975662231,0.11786001175642014,0.09935394674539566,0.09097815304994583,0.07893223315477371,0.24761887,0.07751381,0.10854147,0.113662675,0.11682210117578506,0.13903355598449707,0.15495838224887848,0.19603051245212555,0.2131645381450653,0.2691211402416229
2683,/usr/local/data/zahrat/workshop/dent_output/chexpert-swap-normal/pleural_effusion/seed2683/lambda_t_star5/style.png,0.05077201,0.84549904,0.3726976,0.33175287,0.24554091691970825,0.15020208060741425,0.1005961000919342,0.08463764190673828,0.07497256994247437,0.06591247022151947,0.20331627,0.6054299,0.5340197,0.40452564,0.24304081499576569,0.2533642053604126,0.26975372433662415,0.24855835735797882,0.22197158634662628,0.20654286444187164
3189,/usr/local/data/zahrat/workshop/dent_output/chexpert-swap-normal/pleural_effusion/seed3189/lambda_t_star5/style.png,0.17207718,0.9270623,0.9227614,0.8714268,0.7700425386428833,0.6639471650123596,0.5495157241821289,0.4578229784965515,0.32915163040161133,0.2201191782951355,0.22064959,0.89577705,0.8431852,0.8812672,0.8710178136825562,0.8623837232589722,0.8154042363166809,0.4670010805130005,0.4029959738254547,0.3176060616970062
1981,/usr/local/data/zahrat/workshop/dent_output/chexpert-swap-normal/pleural_effusion/seed1981/lambda_t_star5/style.png,0.0334188,0.45854667,0.22635716,0.53088,0.2699064314365387,0.1349581480026245,0.11809741705656052,0.06990042328834534,0.05423639714717865,0.043169960379600525,0.72985846,0.7456075,0.81947654,0.7949249,0.898821234703064,0.7765604853630066,0.7977626919746399,0.7727993130683899,0.7752677798271179,0.7739537954330444
2599,/usr/local/data/zahrat/workshop/dent_output/chexpert-swap-normal/pleural_effusion/seed2599/lambda_t_star5/style.png,0.04609245,0.331746,0.2459989,0.19929422,0.14396756887435913,0.14058436453342438,0.11929162591695786,0.09955447912216187,0.08268257230520248,0.062297407537698746,0.03980478,0.050855752,0.062343825,0.050697315,0.05035938322544098,0.052803754806518555,0.053260739892721176,0.047336697578430176,0.04622659832239151,0.04361288994550705
3310,/usr/local/data/zahrat/workshop/dent_output/chexpert-swap-normal/pleural_effusion/seed3310/lambda_t_star5/style.png,0.32084045,0.8940274,0.8593305,0.78192335,0.766057014465332,0.69957435131073,0.61273193359375,0.5416222214698792,0.4977051913738251,0.4159128665924072,0.12466064,0.10226819,0.09508897,0.19465017,0.23449280858039856,0.24937370419502258,0.22185182571411133,0.17747552692890167,0.14877422153949738,0.1326742023229599
2039,/usr/local/data/zahrat/workshop/dent_output/chexpert-swap-normal/pleural_effusion/seed2039/lambda_t_star5/style.png,0.057121634,0.90082425,0.9227221,0.8053871,0.5271379947662354,0.20809224247932434,0.14361342787742615,0.10538541525602341,0.08404166996479034,0.06789722293615341,0.12046372,0.80502594,0.46036616,0.50918436,0.32665327191352844,0.12753883004188538,0.10659801214933395,0.10283474624156952,0.0925467386841774,0.10845798254013062
2045,/usr/local/data/zahrat/workshop/dent_output/chexpert-swap-normal/pleural_effusion/seed2045/lambda_t_star5/style.png,0.45206255,0.88330334,0.7057542,0.69052386,0.6727492809295654,0.6453487277030945,0.5834667682647705,0.5328653454780579,0.49638625979423523,0.47779011726379395,0.013357095,0.02316496,0.023978027,0.019656446,0.013662013225257397,0.014020109549164772,0.013760506175458431,0.014444376341998577,0.014968562871217728,0.014798339456319809
2320,/usr/local/data/zahrat/workshop/dent_output/chexpert-swap-normal/pleural_effusion/seed2320/lambda_t_star5/style.png,0.14034024,0.9607608,0.954169,0.9451193,0.9232267141342163,0.8187599182128906,0.7755350470542908,0.5816839933395386,0.3532114624977112,0.2319074422121048,0.036854852,0.74451333,0.7555794,0.55612844,0.5376693606376648,0.4890156686306,0.049882594496011734,0.043038081377744675,0.040705565363168716,0.03794420510530472
2393,/usr/local/data/zahrat/workshop/dent_output/chexpert-swap-normal/pleural_effusion/seed2393/lambda_t_star5/style.png,0.16940704,0.63651574,0.4265221,0.3088237,0.2811955511569977,0.22892768681049347,0.22681358456611633,0.214407816529274,0.20778512954711914,0.18136917054653168,0.026704367,0.05269357,0.03382861,0.043474037,0.03601472079753876,0.0322258360683918,0.029199600219726562,0.027044428512454033,0.02597537450492382,0.026798095554113388
1794,/usr/local/data/zahrat/workshop/dent_output/chexpert-swap-normal/pleural_effusion/seed1794/lambda_t_star5/style.png,0.066572286,0.97683775,0.9416776,0.8385595,0.5354220867156982,0.23275408148765564,0.14708387851715088,0.10515600442886353,0.08755418658256531,0.07329607754945755,0.10315003,0.8322005,0.7869505,0.7955834,0.6779084801673889,0.5486116409301758,0.22476717829704285,0.17549623548984528,0.13572625815868378,0.11158066987991333
2617,/usr/local/data/zahrat/workshop/dent_output/chexpert-swap-normal/pleural_effusion/seed2617/lambda_t_star5/style.png,0.044130817,0.8384974,0.72499937,0.65001214,0.596227765083313,0.5059491991996765,0.32653185725212097,0.16663017868995667,0.08289630711078644,0.06110265105962753,0.091187224,0.12119448,0.18731852,0.16610979,0.1365918070077896,0.12783534824848175,0.09342537820339203,0.09307805448770523,0.08350494503974915,0.08689779788255692
2765,/usr/local/data/zahrat/workshop/dent_output/chexpert-swap-normal/pleural_effusion/seed2765/lambda_t_star5/style.png,0.5948425,0.9484448,0.9303819,0.921975,0.9276851415634155,0.8758328557014465,0.8066152930259705,0.731054425239563,0.6560173630714417,0.6144700050354004,0.7037975,0.43080866,0.43569064,0.547985,0.5385124683380127,0.5888229012489319,0.6445562243461609,0.6827461123466492,0.718397319316864,0.7054770588874817
2299,/usr/local/data/zahrat/workshop/dent_output/chexpert-swap-normal/pleural_effusion/seed2299/lambda_t_star5/style.png,0.06176868,0.9633044,0.8877264,0.4034338,0.36742448806762695,0.2547304630279541,0.1768462359905243,0.12397405505180359,0.1008601263165474,0.08173654228448868,0.67253816,0.17838453,0.8094564,0.796658,0.8019663095474243,0.7750819325447083,0.7861410975456238,0.7926779389381409,0.7727564573287964,0.7186720967292786
2522,/usr/local/data/zahrat/workshop/dent_output/chexpert-swap-normal/pleural_effusion/seed2522/lambda_t_star5/style.png,0.0964035,0.98883283,0.93956864,0.92754084,0.4734724462032318,0.3489222824573517,0.24473896622657776,0.2003166675567627,0.1696852743625641,0.1197657361626625,0.1882071,0.10837782,0.30830756,0.373704,0.19535480439662933,0.20656101405620575,0.1900576502084732,0.1942397803068161,0.18259814381599426,0.1841866821050644
2781,/usr/local/data/zahrat/workshop/dent_output/chexpert-swap-normal/pleural_effusion/seed2781/lambda_t_star5/style.png,0.27353984,0.93863434,0.9377589,0.87187684,0.7600441575050354,0.4656670391559601,0.3860594928264618,0.34658369421958923,0.3498245179653168,0.3119862973690033,0.321963,0.7775988,0.6866193,0.5036248,0.34840503334999084,0.4170278310775757,0.4386958181858063,0.4583173394203186,0.42521363496780396,0.3385321795940399
3339,/usr/local/data/zahrat/workshop/dent_output/chexpert-swap-normal/pleural_effusion/seed3339/lambda_t_star5/style.png,0.22706074,0.32297745,0.31222638,0.23681265,0.22451649606227875,0.22593648731708527,0.2333982288837433,0.2243701070547104,0.23352040350437164,0.2294091433286667,0.014613294,0.10987015,0.16112222,0.033512447,0.02036932483315468,0.019029539078474045,0.017394058406352997,0.01720600202679634,0.017016196623444557,0.015183714218437672
2542,/usr/local/data/zahrat/workshop/dent_output/chexpert-swap-normal/pleural_effusion/seed2542/lambda_t_star5/style.png,0.08837296,0.8436441,0.7798608,0.6897011,0.6927849650382996,0.5707768201828003,0.4585890471935272,0.3466855585575104,0.21469686925411224,0.13882550597190857,0.860851,0.7453726,0.7631993,0.8435171,0.8633512258529663,0.8690384030342102,0.8734784722328186,0.8604996800422668,0.8691554665565491,0.8624178171157837
3229,/usr/local/data/zahrat/workshop/dent_output/chexpert-swap-normal/pleural_effusion/seed3229/lambda_t_star5/style.png,0.050353847,0.97145647,0.85904473,0.82546765,0.761985182762146,0.29909154772758484,0.20846708118915558,0.11967209726572037,0.07635607570409775,0.06101632118225098,0.14077385,0.864236,0.7814124,0.76580846,0.77491295337677,0.7487461566925049,0.6327690482139587,0.5901111960411072,0.48587068915367126,0.22817698121070862
1608,/usr/local/data/zahrat/workshop/dent_output/chexpert-swap-normal/pleural_effusion/seed1608/lambda_t_star5/style.png,0.039026678,0.8663127,0.77906287,0.722881,0.3123196065425873,0.15325681865215302,0.11880723387002945,0.08534729480743408,0.06476527452468872,0.04816775023937225,0.8130075,0.89803946,0.8675829,0.85874873,0.8558803200721741,0.8450222611427307,0.8517155647277832,0.8356971740722656,0.8231055736541748,0.8082102537155151
1630,/usr/local/data/zahrat/workshop/dent_output/chexpert-swap-normal/pleural_effusion/seed1630/lambda_t_star5/style.png,0.06530726,0.82517046,0.7364183,0.7436987,0.6826462149620056,0.4420788884162903,0.13699977099895477,0.08337835967540741,0.07038431614637375,0.06555146723985672,0.039547108,0.100790314,0.08111059,0.0617951,0.05029792711138725,0.04371752217411995,0.04197810962796211,0.040220532566308975,0.03908519446849823,0.0374717190861702
2820,/usr/local/data/zahrat/workshop/dent_output/chexpert-swap-normal/pleural_effusion/seed2820/lambda_t_star5/style.png,0.28341845,0.9555625,0.9039,0.85564053,0.8405162692070007,0.8318365812301636,0.8114028573036194,0.7212090492248535,0.592897355556488,0.4648476839065552,0.87172556,0.84447706,0.87738585,0.8202544,0.8645533323287964,0.8726088404655457,0.9169083833694458,0.9254196286201477,0.9155648946762085,0.8933504223823547
2930,/usr/local/data/zahrat/workshop/dent_output/chexpert-swap-normal/pleural_effusion/seed2930/lambda_t_star5/style.png,0.1354971,0.30110043,0.67432934,0.5313864,0.4924623668193817,0.5545992851257324,0.21383525431156158,0.18405216932296753,0.15439864993095398,0.14097243547439575,0.2615346,0.078128256,0.5347276,0.87035495,0.8550310730934143,0.5155851244926453,0.3599069118499756,0.3404448330402374,0.30329006910324097,0.26266321539878845
2467,/usr/local/data/zahrat/workshop/dent_output/chexpert-swap-normal/pleural_effusion/seed2467/lambda_t_star5/style.png,0.060440045,0.9281772,0.9216208,0.5700179,0.48234081268310547,0.28968584537506104,0.21660937368869781,0.17067895829677582,0.11565631628036499,0.08264526724815369,0.08404924,0.8200734,0.8046713,0.67136335,0.7000424265861511,0.7042770385742188,0.6404175758361816,0.38387084007263184,0.18343132734298706,0.1306280642747879
2415,/usr/local/data/zahrat/workshop/dent_output/chexpert-swap-normal/pleural_effusion/seed2415/lambda_t_star5/style.png,0.05648481,0.95088786,0.8748588,0.62762386,0.42162996530532837,0.29300105571746826,0.20497773587703705,0.1525842696428299,0.11236769706010818,0.0771087035536766,0.06596385,0.7099296,0.41555303,0.6913752,0.6178849935531616,0.10338085889816284,0.07208459079265594,0.0654296949505806,0.06086945906281471,0.06785275787115097
1586,/usr/local/data/zahrat/workshop/dent_output/chexpert-swap-normal/pleural_effusion/seed1586/lambda_t_star5/style.png,0.18017754,0.48492888,0.45239258,0.45901182,0.5619962811470032,0.3182312250137329,0.3028012216091156,0.2761925458908081,0.2490047663450241,0.19237020611763,0.21160735,0.27574706,0.3468617,0.27546355,0.27215543389320374,0.24360555410385132,0.24358093738555908,0.23901186883449554,0.2458365559577942,0.224265456199646
2601,/usr/local/data/zahrat/workshop/dent_output/chexpert-swap-normal/pleural_effusion/seed2601/lambda_t_star5/style.png,0.049518965,0.91622853,0.840988,0.8608175,0.8301156759262085,0.5742992162704468,0.42999687790870667,0.29297730326652527,0.1826508641242981,0.07790683954954147,0.11473859,0.65834486,0.7396446,0.76825655,0.8245714902877808,0.2392035722732544,0.27956944704055786,0.20223969221115112,0.16480574011802673,0.12205507606267929
3021,/usr/local/data/zahrat/workshop/dent_output/chexpert-swap-normal/pleural_effusion/seed3021/lambda_t_star5/style.png,0.10890165,0.9810178,0.9586776,0.8848933,0.8353115320205688,0.6902095675468445,0.5410616397857666,0.3528803288936615,0.2225426435470581,0.14891177415847778,0.09112065,0.25398472,0.2072296,0.740867,0.5977867245674133,0.33239322900772095,0.24548131227493286,0.10947549343109131,0.09826145321130753,0.09952336549758911
2878,/usr/local/data/zahrat/workshop/dent_output/chexpert-swap-normal/pleural_effusion/seed2878/lambda_t_star5/style.png,0.49713758,0.87452334,0.86560524,0.83980787,0.8352289199829102,0.8080304861068726,0.7920942902565002,0.7713467478752136,0.6853446364402771,0.5862817764282227,0.07807944,0.12519875,0.18096922,0.19863541,0.127870574593544,0.10898877680301666,0.11347442865371704,0.10093778371810913,0.0909748375415802,0.07636253535747528
3200,/usr/local/data/zahrat/workshop/dent_output/chexpert-swap-normal/pleural_effusion/seed3200/lambda_t_star5/style.png,0.5687972,0.9897787,0.9786406,0.9728423,0.9685570001602173,0.9544972777366638,0.9541396498680115,0.9214910864830017,0.8249017596244812,0.7093151211738586,0.22379504,0.6267086,0.7334587,0.7162818,0.6940320134162903,0.7072237133979797,0.21130265295505524,0.22027578949928284,0.21797025203704834,0.2164580374956131
3370,/usr/local/data/zahrat/workshop/dent_output/chexpert-swap-normal/pleural_effusion/seed3370/lambda_t_star5/style.png,0.18214966,0.29849195,0.2675866,0.38828972,0.3621385097503662,0.3198850750923157,0.2926237881183624,0.2629615366458893,0.23762258887290955,0.2042568475008011,0.23152402,0.9019173,0.9331661,0.87063426,0.6723484992980957,0.5789213180541992,0.2782896161079407,0.26084789633750916,0.43292662501335144,0.30286017060279846
1865,/usr/local/data/zahrat/workshop/dent_output/chexpert-swap-normal/pleural_effusion/seed1865/lambda_t_star5/style.png,0.64073044,0.6879384,0.77224165,0.7518297,0.7633287906646729,0.7070435285568237,0.711056113243103,0.7050590515136719,0.6782525181770325,0.6566593647003174,0.599997,0.83018255,0.8179789,0.6914469,0.6312737464904785,0.5545145869255066,0.46693626046180725,0.5806166529655457,0.609411895275116,0.5920299291610718
2364,/usr/local/data/zahrat/workshop/dent_output/chexpert-swap-normal/pleural_effusion/seed2364/lambda_t_star5/style.png,0.49337456,0.98717415,0.98445225,0.9785436,0.9139812588691711,0.8536245822906494,0.8005497455596924,0.7278227210044861,0.6638418436050415,0.5894575119018555,0.026250552,0.052510966,0.02536485,0.02881872,0.05043819174170494,0.04840710014104843,0.040501538664102554,0.03878099098801613,0.033364757895469666,0.028672244399785995
2203,/usr/local/data/zahrat/workshop/dent_output/chexpert-swap-normal/pleural_effusion/seed2203/lambda_t_star5/style.png,0.027366422,0.9176921,0.86776626,0.86744356,0.6886430978775024,0.680992066860199,0.5611122250556946,0.23598146438598633,0.05423029139637947,0.03547012060880661,0.7934782,0.10811497,0.5656683,0.7484843,0.7627657055854797,0.7800467014312744,0.7846776843070984,0.7840033769607544,0.7822639346122742,0.7962567806243896
2759,/usr/local/data/zahrat/workshop/dent_output/chexpert-swap-normal/pleural_effusion/seed2759/lambda_t_star5/style.png,0.11002709,0.25124088,0.16209552,0.14666179,0.15134480595588684,0.143049418926239,0.12457684427499771,0.12200184911489487,0.1132991686463356,0.11404530704021454,0.11560156,0.07288471,0.05862366,0.09660768,0.10294345021247864,0.10895219445228577,0.12724709510803223,0.1686093509197235,0.1396334171295166,0.11771827191114426
3367,/usr/local/data/zahrat/workshop/dent_output/chexpert-swap-normal/pleural_effusion/seed3367/lambda_t_star5/style.png,0.017771339,0.9592662,0.11279627,0.09612819,0.06160591170191765,0.04224838688969612,0.033757131546735764,0.027123739942908287,0.023981232196092606,0.02141442522406578,0.9077521,0.9060644,0.90156174,0.8779265,0.8939231634140015,0.9135412573814392,0.912973940372467,0.9129286408424377,0.9130358099937439,0.9134690165519714
2861,/usr/local/data/zahrat/workshop/dent_output/chexpert-swap-normal/pleural_effusion/seed2861/lambda_t_star5/style.png,0.068094246,0.98744917,0.9806435,0.9409479,0.7822365164756775,0.5354301929473877,0.37251338362693787,0.2228909581899643,0.1532387137413025,0.10020692646503448,0.8017816,0.76221836,0.6874528,0.58367366,0.6749139428138733,0.7499812841415405,0.7519597411155701,0.7614531517028809,0.783309817314148,0.7995380759239197
3174,/usr/local/data/zahrat/workshop/dent_output/chexpert-swap-normal/pleural_effusion/seed3174/lambda_t_star5/style.png,0.01955338,0.9813742,0.9717013,0.9520873,0.9298226833343506,0.8870150446891785,0.4845127761363983,0.07553556561470032,0.03888268768787384,0.026596520096063614,0.13696285,0.10161042,0.10177766,0.14724678,0.2435925453901291,0.2147928774356842,0.20254729688167572,0.2077006846666336,0.15591338276863098,0.16166114807128906
2004,/usr/local/data/zahrat/workshop/dent_output/chexpert-swap-normal/pleural_effusion/seed2004/lambda_t_star5/style.png,0.06731478,0.83317006,0.4702436,0.4201635,0.40294304490089417,0.2665959596633911,0.20735162496566772,0.12885713577270508,0.0983443483710289,0.07990925014019012,0.06761759,0.07363854,0.05577764,0.05509058,0.06918570399284363,0.08349716663360596,0.08417407423257828,0.07565728574991226,0.07319775223731995,0.07640501111745834
3276,/usr/local/data/zahrat/workshop/dent_output/chexpert-swap-normal/pleural_effusion/seed3276/lambda_t_star5/style.png,0.055179644,0.8461949,0.84502375,0.50080526,0.20083265006542206,0.15930327773094177,0.09774696081876755,0.07584740966558456,0.07802952826023102,0.0643087774515152,0.058177795,0.7326259,0.06140426,0.1869388,0.17492693662643433,0.1548815816640854,0.0972299799323082,0.07433045655488968,0.06583405286073685,0.061373669654130936
2172,/usr/local/data/zahrat/workshop/dent_output/chexpert-swap-normal/pleural_effusion/seed2172/lambda_t_star5/style.png,0.14922753,0.9616492,0.95581937,0.86488456,0.45562946796417236,0.339985728263855,0.2668982744216919,0.23646697402000427,0.2042144387960434,0.1712070256471634,0.04002742,0.08652959,0.09785161,0.061240014,0.06127743422985077,0.059290334582328796,0.05343654379248619,0.051667165011167526,0.047654058784246445,0.04083351790904999
3233,/usr/local/data/zahrat/workshop/dent_output/chexpert-swap-normal/pleural_effusion/seed3233/lambda_t_star5/style.png,0.21351852,0.39841932,0.39316472,0.2849866,0.30514299869537354,0.26059553027153015,0.25515061616897583,0.2475808560848236,0.23479785025119781,0.2179601490497589,0.42407337,0.52287734,0.41737399,0.2300483,0.3597513735294342,0.39260077476501465,0.4204815924167633,0.4372882843017578,0.44409170746803284,0.45724746584892273
3228,/usr/local/data/zahrat/workshop/dent_output/chexpert-swap-normal/pleural_effusion/seed3228/lambda_t_star5/style.png,0.018502377,0.9493001,0.94218,0.7933677,0.5672153830528259,0.22808071970939636,0.07032763957977295,0.03496192768216133,0.023851681500673294,0.020543113350868225,0.7340044,0.8860635,0.91656816,0.9504516,0.9556617736816406,0.9645302295684814,0.7874729037284851,0.7210697531700134,0.7309663891792297,0.7309029698371887
1696,/usr/local/data/zahrat/workshop/dent_output/chexpert-swap-normal/pleural_effusion/seed1696/lambda_t_star5/style.png,0.13953117,0.7283145,0.7588454,0.30898795,0.29222625494003296,0.1861448734998703,0.1606576144695282,0.16041535139083862,0.15230664610862732,0.14614731073379517,0.11208388,0.20355527,0.21796733,0.283359,0.23634536564350128,0.28505995869636536,0.23570089042186737,0.21527722477912903,0.17301829159259796,0.13986961543560028
2776,/usr/local/data/zahrat/workshop/dent_output/chexpert-swap-normal/pleural_effusion/seed2776/lambda_t_star5/style.png,0.023485843,0.6365195,0.5890845,0.4435858,0.22372184693813324,0.1002747043967247,0.06654991954565048,0.054453637450933456,0.042117685079574585,0.030242284759879112,0.1406252,0.21297005,0.8059308,0.41431093,0.4307825565338135,0.31951427459716797,0.3821793794631958,0.3685010075569153,0.17123132944107056,0.12356870621442795
2927,/usr/local/data/zahrat/workshop/dent_output/chexpert-swap-normal/pleural_effusion/seed2927/lambda_t_star5/style.png,0.21752124,0.97567606,0.9563095,0.94935143,0.941158652305603,0.8710565567016602,0.8011519908905029,0.658122181892395,0.49615368247032166,0.3475382626056671,0.11321047,0.47466046,0.11992405,0.2093667,0.18124182522296906,0.2032056301832199,0.15293854475021362,0.09978898614645004,0.12465696781873703,0.11681929975748062
2327,/usr/local/data/zahrat/workshop/dent_output/chexpert-swap-normal/pleural_effusion/seed2327/lambda_t_star5/style.png,0.10206052,0.9140021,0.91425484,0.853582,0.7432718276977539,0.5999563932418823,0.4785233438014984,0.322225958108902,0.18892014026641846,0.13147200644016266,0.4548302,0.7175003,0.7906914,0.81539774,0.8416926860809326,0.8239390850067139,0.6847586035728455,0.5810621380805969,0.5471546053886414,0.4744511842727661
1524,/usr/local/data/zahrat/workshop/dent_output/chexpert-swap-normal/pleural_effusion/seed1524/lambda_t_star5/style.png,0.026346188,0.905987,0.87856436,0.89698094,0.6813061833381653,0.3125452995300293,0.11221334338188171,0.06407444924116135,0.04385250434279442,0.034378185868263245,0.12255804,0.10781636,0.09771729,0.12230934,0.14623913168907166,0.14840857684612274,0.12804846465587616,0.12423362582921982,0.11652738600969315,0.11297452449798584
2802,/usr/local/data/zahrat/workshop/dent_output/chexpert-swap-normal/pleural_effusion/seed2802/lambda_t_star5/style.png,0.061396293,0.92532206,0.9239602,0.8156274,0.34846293926239014,0.16578494012355804,0.1271066963672638,0.10258178412914276,0.09138602763414383,0.07366349548101425,0.084792614,0.4739381,0.3505742,0.22811781,0.16908001899719238,0.17217843234539032,0.16073240339756012,0.13019344210624695,0.10777497291564941,0.09337621927261353
3273,/usr/local/data/zahrat/workshop/dent_output/chexpert-swap-normal/pleural_effusion/seed3273/lambda_t_star5/style.png,0.36475724,0.41555628,0.67745113,0.6112649,0.5857200622558594,0.580295205116272,0.5149707794189453,0.4425242245197296,0.41321811079978943,0.3996139168739319,0.49352846,0.65335846,0.3350059,0.3872493,0.23907816410064697,0.23771493136882782,0.2753792107105255,0.5415645241737366,0.5437189340591431,0.5227356553077698
2186,/usr/local/data/zahrat/workshop/dent_output/chexpert-swap-normal/pleural_effusion/seed2186/lambda_t_star5/style.png,0.025074031,0.9159749,0.7741065,0.6896557,0.5207222104072571,0.07106754928827286,0.048910368233919144,0.0382441021502018,0.03470076993107796,0.028559690341353416,0.7133723,0.8249612,0.74728334,0.8180425,0.8240566849708557,0.7754722237586975,0.7096083164215088,0.7048624753952026,0.7179145812988281,0.7146426439285278
2877,/usr/local/data/zahrat/workshop/dent_output/chexpert-swap-normal/pleural_effusion/seed2877/lambda_t_star5/style.png,0.023483798,0.89690065,0.7382039,0.4381236,0.3793738782405853,0.15314969420433044,0.09420225024223328,0.0545320063829422,0.037059180438518524,0.028670532628893852,0.15238777,0.79941106,0.87698793,0.8814089,0.30067992210388184,0.22709111869335175,0.16974034905433655,0.16611957550048828,0.16906218230724335,0.17038209736347198
2576,/usr/local/data/zahrat/workshop/dent_output/chexpert-swap-normal/pleural_effusion/seed2576/lambda_t_star5/style.png,0.025012668,0.94795114,0.8626556,0.57842964,0.16865083575248718,0.1015038937330246,0.061874184757471085,0.04302428662776947,0.03391005098819733,0.03036545217037201,0.1940964,0.9144223,0.5638536,0.31052485,0.38624292612075806,0.3675813674926758,0.26871737837791443,0.22046108543872833,0.21738502383232117,0.20977060496807098
3058,/usr/local/data/zahrat/workshop/dent_output/chexpert-swap-normal/pleural_effusion/seed3058/lambda_t_star5/style.png,0.18792132,0.9468733,0.93719995,0.93906987,0.8897926211357117,0.8861728310585022,0.7590247392654419,0.6549392938613892,0.49660205841064453,0.3373267948627472,0.24171336,0.59933674,0.4292114,0.55564326,0.5768635272979736,0.6293948888778687,0.6059622168540955,0.5524162650108337,0.3929670453071594,0.301201194524765
1539,/usr/local/data/zahrat/workshop/dent_output/chexpert-swap-normal/pleural_effusion/seed1539/lambda_t_star5/style.png,0.3247104,0.5461728,0.41725537,0.50184494,0.6429852247238159,0.6213892102241516,0.5298588871955872,0.49148643016815186,0.43534114956855774,0.36634042859077454,0.07370395,0.35573274,0.26328027,0.14988051,0.08049309998750687,0.0658293068408966,0.06889478862285614,0.06850506365299225,0.07441021502017975,0.07129260152578354
2090,/usr/local/data/zahrat/workshop/dent_output/chexpert-swap-normal/pleural_effusion/seed2090/lambda_t_star5/style.png,0.049079776,0.97927684,0.8501496,0.7011116,0.7513706684112549,0.6755051612854004,0.444134384393692,0.23662132024765015,0.13458485901355743,0.07346657663583755,0.499907,0.053951893,0.14513539,0.793399,0.542709231376648,0.5353165864944458,0.525875985622406,0.5191634297370911,0.5138633847236633,0.5047234892845154
1565,/usr/local/data/zahrat/workshop/dent_output/chexpert-swap-normal/pleural_effusion/seed1565/lambda_t_star5/style.png,0.28797698,0.93307,0.7957154,0.6740946,0.652472734451294,0.5328895449638367,0.43701472878456116,0.4231427013874054,0.3891630470752716,0.3477180004119873,0.6482395,0.88554394,0.88501376,0.74741304,0.6435545086860657,0.6070409417152405,0.5681382417678833,0.5820061564445496,0.6719400882720947,0.6905427575111389
2696,/usr/local/data/zahrat/workshop/dent_output/chexpert-swap-normal/pleural_effusion/seed2696/lambda_t_star5/style.png,0.19203995,0.9257192,0.52484775,0.35548183,0.27080637216567993,0.2433050125837326,0.22672736644744873,0.2234189808368683,0.21218185126781464,0.20282483100891113,0.024390884,0.06722997,0.037439674,0.02595003,0.028849778696894646,0.03263932466506958,0.0269787535071373,0.024895336478948593,0.026185398921370506,0.02408248744904995
2048,/usr/local/data/zahrat/workshop/dent_output/chexpert-swap-normal/pleural_effusion/seed2048/lambda_t_star5/style.png,0.24935715,0.9471896,0.956324,0.9499702,0.9429211020469666,0.858735978603363,0.7398422360420227,0.6246099472045898,0.45936548709869385,0.3071792721748352,0.84762526,0.58292574,0.85100377,0.8875924,0.8552172780036926,0.8412216901779175,0.8492943048477173,0.8659971952438354,0.8542612791061401,0.8489106893539429
3035,/usr/local/data/zahrat/workshop/dent_output/chexpert-swap-normal/pleural_effusion/seed3035/lambda_t_star5/style.png,0.06257005,0.57927036,0.33464628,0.26641157,0.21086576581001282,0.16532239317893982,0.12308109551668167,0.0979950949549675,0.0959019884467125,0.0771583840250969,0.48104736,0.81511885,0.811832,0.8209212,0.8144255876541138,0.7409054636955261,0.6783515810966492,0.6273123025894165,0.5989861488342285,0.5733606219291687
3191,/usr/local/data/zahrat/workshop/dent_output/chexpert-swap-normal/pleural_effusion/seed3191/lambda_t_star5/style.png,0.13487785,0.9101702,0.9398274,0.86481893,0.8084979057312012,0.7751525640487671,0.598074734210968,0.49771547317504883,0.3606855273246765,0.2034570574760437,0.14751159,0.15520109,0.20693442,0.14295335,0.11510417610406876,0.12039937824010849,0.11761562526226044,0.12481577694416046,0.12694890797138214,0.12981835007667542
2852,/usr/local/data/zahrat/workshop/dent_output/chexpert-swap-normal/pleural_effusion/seed2852/lambda_t_star5/style.png,0.031032419,0.9360095,0.85816795,0.7816478,0.612911581993103,0.11028774082660675,0.09178534150123596,0.07086607813835144,0.05629444494843483,0.0397932268679142,0.72962284,0.97001857,0.91301954,0.79662174,0.7856147289276123,0.8186651468276978,0.8149396181106567,0.8321805596351624,0.8166106343269348,0.7775614261627197
1673,/usr/local/data/zahrat/workshop/dent_output/chexpert-swap-normal/pleural_effusion/seed1673/lambda_t_star5/style.png,0.16498186,0.354213,0.28990436,0.21970083,0.19040997326374054,0.20480506122112274,0.2006310671567917,0.20382378995418549,0.18496349453926086,0.17100843787193298,0.010683643,0.020769248,0.02259643,0.021447206,0.01780071295797825,0.01680832728743553,0.014196455478668213,0.018151743337512016,0.01672540232539177,0.0116845378652215
2495,/usr/local/data/zahrat/workshop/dent_output/chexpert-swap-normal/pleural_effusion/seed2495/lambda_t_star5/style.png,0.036638297,0.9163031,0.7413755,0.090961166,0.07665272802114487,0.05955912917852402,0.05164641514420509,0.049075670540332794,0.04527616873383522,0.042002711445093155,0.121513195,0.1865004,0.12746447,0.09990751,0.13324898481369019,0.11493926495313644,0.08494441211223602,0.08112971484661102,0.09061636030673981,0.1204836443066597
3009,/usr/local/data/zahrat/workshop/dent_output/chexpert-swap-normal/pleural_effusion/seed3009/lambda_t_star5/style.png,0.337992,0.8376721,0.74942917,0.6918201,0.7032298445701599,0.6483510136604309,0.5788649320602417,0.5153145790100098,0.44717538356781006,0.37598004937171936,0.022423534,0.040340453,0.041331537,0.02658108,0.028543107211589813,0.030767960473895073,0.031250350177288055,0.031215764582157135,0.027995040640234947,0.026556065306067467
2676,/usr/local/data/zahrat/workshop/dent_output/chexpert-swap-normal/pleural_effusion/seed2676/lambda_t_star5/style.png,0.14461689,0.9720538,0.951509,0.9207448,0.7377110719680786,0.3168296813964844,0.23303426802158356,0.23508891463279724,0.21009951829910278,0.17679262161254883,0.45622793,0.54111975,0.2683481,0.3631541,0.6232174634933472,0.5636029243469238,0.5308812260627747,0.5125827789306641,0.46454906463623047,0.4429471790790558
3185,/usr/local/data/zahrat/workshop/dent_output/chexpert-swap-normal/pleural_effusion/seed3185/lambda_t_star5/style.png,0.027366886,0.87000364,0.84510326,0.33851627,0.0985281765460968,0.056164804846048355,0.04837757349014282,0.04176463186740875,0.0372161939740181,0.03328896686434746,0.11607033,0.092166334,0.15013921,0.10893752,0.10066533833742142,0.11210915446281433,0.14560045301914215,0.1587272584438324,0.13233806192874908,0.1291404515504837
2813,/usr/local/data/zahrat/workshop/dent_output/chexpert-swap-normal/pleural_effusion/seed2813/lambda_t_star5/style.png,0.074790105,0.28120273,0.13152519,0.121877275,0.1130165383219719,0.10115339607000351,0.0952250063419342,0.09154298901557922,0.08351828157901764,0.0849306583404541,0.039217196,0.19219987,0.51968825,0.42550638,0.28926804661750793,0.2717309296131134,0.20651878416538239,0.1437978893518448,0.08423053473234177,0.04872824624180794
2552,/usr/local/data/zahrat/workshop/dent_output/chexpert-swap-normal/pleural_effusion/seed2552/lambda_t_star5/style.png,0.14943895,0.9478809,0.9235119,0.73005754,0.5472637414932251,0.43482497334480286,0.3183686435222626,0.28481975197792053,0.2357066422700882,0.19209350645542145,0.9077679,0.8492708,0.92198604,0.9114392,0.9114419221878052,0.8820248246192932,0.901191234588623,0.9123724699020386,0.9073830246925354,0.9089142084121704
3291,/usr/local/data/zahrat/workshop/dent_output/chexpert-swap-normal/pleural_effusion/seed3291/lambda_t_star5/style.png,0.022006547,0.9116437,0.8475224,0.70337325,0.1720304936170578,0.07306268811225891,0.043874215334653854,0.031517721712589264,0.026986438781023026,0.024790722876787186,0.32747027,0.8126623,0.8588944,0.8072219,0.7896435260772705,0.7719347476959229,0.7295399308204651,0.7013985514640808,0.4746067523956299,0.3627511262893677
1919,/usr/local/data/zahrat/workshop/dent_output/chexpert-swap-normal/pleural_effusion/seed1919/lambda_t_star5/style.png,0.3924524,0.9145383,0.9084603,0.8877276,0.8339549899101257,0.7328939437866211,0.5892817378044128,0.5000216364860535,0.45049548149108887,0.40591883659362793,0.71673965,0.83769965,0.85364884,0.8201611,0.8780829906463623,0.8600627183914185,0.8549026250839233,0.8138228058815002,0.7554839849472046,0.7406842708587646
3187,/usr/local/data/zahrat/workshop/dent_output/chexpert-swap-normal/pleural_effusion/seed3187/lambda_t_star5/style.png,0.053879574,0.9368301,0.75604457,0.49244988,0.2994140684604645,0.22250042855739594,0.15809109807014465,0.11806797981262207,0.08435499668121338,0.06601379811763763,0.16588706,0.8622317,0.82925045,0.87739027,0.4471100866794586,0.29768773913383484,0.3390933573246002,0.3001505732536316,0.24863798916339874,0.23169775307178497
1906,/usr/local/data/zahrat/workshop/dent_output/chexpert-swap-normal/pleural_effusion/seed1906/lambda_t_star5/style.png,0.009565063,0.64534974,0.23385604,0.1685531,0.04155907779932022,0.030527876690030098,0.024041282013058662,0.01662825234234333,0.014366830699145794,0.01230678427964449,0.08373349,0.5418568,0.07143242,0.06302475,0.07505200803279877,0.09100828319787979,0.09861024469137192,0.09817203879356384,0.09392722696065903,0.08585302531719208
3039,/usr/local/data/zahrat/workshop/dent_output/chexpert-swap-normal/pleural_effusion/seed3039/lambda_t_star5/style.png,0.41266233,0.9667732,0.9444039,0.93791556,0.9224259257316589,0.8439005017280579,0.8079646229743958,0.7694956660270691,0.6560523509979248,0.5136196613311768,0.7702411,0.8794794,0.91459644,0.94523257,0.9106450080871582,0.7775403261184692,0.7988337278366089,0.774975597858429,0.7721743583679199,0.7781203985214233
3306,/usr/local/data/zahrat/workshop/dent_output/chexpert-swap-normal/pleural_effusion/seed3306/lambda_t_star5/style.png,0.44609264,0.97041154,0.95038474,0.9362574,0.9020617604255676,0.8664712309837341,0.790224015712738,0.7048698663711548,0.5985100269317627,0.5029588937759399,0.83607566,0.87196815,0.856797,0.89755505,0.8986049294471741,0.8886066675186157,0.8960068821907043,0.8832652568817139,0.869694173336029,0.8498969078063965
2249,/usr/local/data/zahrat/workshop/dent_output/chexpert-swap-normal/pleural_effusion/seed2249/lambda_t_star5/style.png,0.023760533,0.96853954,0.95417255,0.8963961,0.89118891954422,0.5833808183670044,0.06726314127445221,0.046454526484012604,0.0358211025595665,0.029474424198269844,0.032498322,0.21451734,0.03386218,0.03290244,0.03886513039469719,0.0388578437268734,0.03520970419049263,0.03107120841741562,0.03298691287636757,0.03295576944947243
3289,/usr/local/data/zahrat/workshop/dent_output/chexpert-swap-normal/pleural_effusion/seed3289/lambda_t_star5/style.png,0.10760663,0.98567384,0.9478149,0.94242543,0.8965026140213013,0.8133603930473328,0.6957573890686035,0.5301153063774109,0.2827427387237549,0.16680940985679626,0.3440375,0.49637473,0.3012166,0.18541776,0.25732898712158203,0.23775163292884827,0.7448831796646118,0.6049519777297974,0.41391807794570923,0.4502221643924713
2898,/usr/local/data/zahrat/workshop/dent_output/chexpert-swap-normal/pleural_effusion/seed2898/lambda_t_star5/style.png,0.15112245,0.95626694,0.9221778,0.8743997,0.8421723246574402,0.8464308381080627,0.8261799216270447,0.7572395205497742,0.6676211357116699,0.39963677525520325,0.09494702,0.1599165,0.1264142,0.12757629,0.12640893459320068,0.14110234379768372,0.16349898278713226,0.18979956209659576,0.16312116384506226,0.12155525386333466
2194,/usr/local/data/zahrat/workshop/dent_output/chexpert-swap-normal/pleural_effusion/seed2194/lambda_t_star5/style.png,0.011294936,0.854592,0.21989724,0.16672744,0.07444249838590622,0.04806681349873543,0.029922541230916977,0.02203279361128807,0.01870555244386196,0.014325088821351528,0.084969826,0.09701379,0.07871749,0.08135357,0.07292570173740387,0.07631610333919525,0.07890588790178299,0.07997018843889236,0.08427909016609192,0.08524591475725174
2824,/usr/local/data/zahrat/workshop/dent_output/chexpert-swap-normal/pleural_effusion/seed2824/lambda_t_star5/style.png,0.06051883,0.9749547,0.9717306,0.9569481,0.9147146344184875,0.7802954316139221,0.33858105540275574,0.1900491565465927,0.14282499253749847,0.09290282428264618,0.43954578,0.35164565,0.50288135,0.5754022,0.5715711116790771,0.6595199108123779,0.591180682182312,0.5078685879707336,0.498975545167923,0.4522928297519684
2196,/usr/local/data/zahrat/workshop/dent_output/chexpert-swap-normal/pleural_effusion/seed2196/lambda_t_star5/style.png,0.08571767,0.8949292,0.9213149,0.8151382,0.6409645080566406,0.4664863348007202,0.3730243146419525,0.20345556735992432,0.16096748411655426,0.11647769063711166,0.045198634,0.8706194,0.8594998,0.8843956,0.8948466777801514,0.9023388028144836,0.7937352061271667,0.5907163619995117,0.20245105028152466,0.0696035698056221
3231,/usr/local/data/zahrat/workshop/dent_output/chexpert-swap-normal/pleural_effusion/seed3231/lambda_t_star5/style.png,0.01511391,0.92583627,0.3855214,0.37622496,0.18235766887664795,0.12234418094158173,0.046703796833753586,0.027035171166062355,0.022953644394874573,0.017990458756685257,0.118862316,0.90311,0.8411747,0.6833224,0.622127115726471,0.5045105814933777,0.5759445428848267,0.526599645614624,0.4373181164264679,0.146051287651062
2491,/usr/local/data/zahrat/workshop/dent_output/chexpert-swap-normal/pleural_effusion/seed2491/lambda_t_star5/style.png,0.42918897,0.9517632,0.87837476,0.9011503,0.8999655842781067,0.8978354930877686,0.8845140933990479,0.8527418971061707,0.7423217296600342,0.5670804381370544,0.061426893,0.4409042,0.6206926,0.21608646,0.07558998465538025,0.06798712909221649,0.06816796213388443,0.07317149639129639,0.07193947583436966,0.06631971150636673
1908,/usr/local/data/zahrat/workshop/dent_output/chexpert-swap-normal/pleural_effusion/seed1908/lambda_t_star5/style.png,0.15485595,0.8881142,0.7571788,0.7161906,0.6000729203224182,0.3941599428653717,0.2922438979148865,0.23278503119945526,0.20306725800037384,0.1818351298570633,0.115537696,0.7772611,0.8038247,0.81720895,0.6815928816795349,0.27697741985321045,0.2644231915473938,0.2234411984682083,0.14520074427127838,0.12261424958705902
2141,/usr/local/data/zahrat/workshop/dent_output/chexpert-swap-normal/pleural_effusion/seed2141/lambda_t_star5/style.png,0.023032103,0.8377788,0.3125176,0.07306554,0.0436006598174572,0.035959392786026,0.03112618625164032,0.029544176533818245,0.026578569784760475,0.025561537593603134,0.31199437,0.4424145,0.16519327,0.8594461,0.8709468245506287,0.8743961453437805,0.8729485869407654,0.8698975443840027,0.766986608505249,0.5934387445449829
1894,/usr/local/data/zahrat/workshop/dent_output/chexpert-swap-normal/pleural_effusion/seed1894/lambda_t_star5/style.png,0.021455329,0.8847128,0.73370504,0.68881935,0.07985000312328339,0.04927278310060501,0.03817853704094887,0.03372584283351898,0.029040904715657234,0.024546533823013306,0.063018985,0.21927488,0.31175828,0.6992583,0.1774137020111084,0.15220274031162262,0.12220285087823868,0.09820013493299484,0.08795622736215591,0.0679330974817276
3220,/usr/local/data/zahrat/workshop/dent_output/chexpert-swap-normal/pleural_effusion/seed3220/lambda_t_star5/style.png,0.088181585,0.8634873,0.6935284,0.6859054,0.6976401805877686,0.5842075347900391,0.5859026312828064,0.4975358545780182,0.3495740294456482,0.19237062335014343,0.086983494,0.10798864,0.09592648,0.08403319,0.09442117065191269,0.1092454195022583,0.10999912768602371,0.11807301640510559,0.1175767332315445,0.10567112267017365
1645,/usr/local/data/zahrat/workshop/dent_output/chexpert-swap-normal/pleural_effusion/seed1645/lambda_t_star5/style.png,0.09374977,0.26905796,0.22848298,0.20783658,0.17061202228069305,0.15011321008205414,0.1435176581144333,0.1252974569797516,0.1203850731253624,0.10108304023742676,0.08344984,0.3836658,0.21917371,0.10537225,0.10898201167583466,0.10689010471105576,0.1021193116903305,0.09771686792373657,0.0949186459183693,0.09782331436872482
2263,/usr/local/data/zahrat/workshop/dent_output/chexpert-swap-normal/pleural_effusion/seed2263/lambda_t_star5/style.png,0.054821037,0.9547194,0.87025434,0.5073772,0.35302314162254333,0.28942275047302246,0.14561395347118378,0.09811456501483917,0.07839158177375793,0.06668372452259064,0.13492674,0.70483243,0.78737086,0.6607173,0.13103973865509033,0.10226188600063324,0.14340640604496002,0.12646709382534027,0.14676731824874878,0.13822415471076965
2874,/usr/local/data/zahrat/workshop/dent_output/chexpert-swap-normal/pleural_effusion/seed2874/lambda_t_star5/style.png,0.04384754,0.95161605,0.92396265,0.8621941,0.250243604183197,0.126862034201622,0.08945683389902115,0.07502879202365875,0.06068337708711624,0.052335962653160095,0.16878222,0.19519223,0.23022136,0.21450351,0.2551635801792145,0.23737579584121704,0.24217039346694946,0.2040550857782364,0.2154628038406372,0.18997561931610107
1873,/usr/local/data/zahrat/workshop/dent_output/chexpert-swap-normal/pleural_effusion/seed1873/lambda_t_star5/style.png,0.23761371,0.79751015,0.57734174,0.35343382,0.2998339831829071,0.325189471244812,0.35954979062080383,0.36181604862213135,0.3446831703186035,0.2792448401451111,0.040463354,0.09137975,0.07153492,0.070016146,0.057405803352594376,0.059324782341718674,0.053727887570858,0.05229134112596512,0.053698863834142685,0.05101390555500984
1853,/usr/local/data/zahrat/workshop/dent_output/chexpert-swap-normal/pleural_effusion/seed1853/lambda_t_star5/style.png,0.075724006,0.63401467,0.66915214,0.56782883,0.4647742509841919,0.3444790542125702,0.3133659362792969,0.2242727428674698,0.17070674896240234,0.10875467211008072,0.37769473,0.24808748,0.7546429,0.626652,0.5954653024673462,0.4711475074291229,0.5676660537719727,0.5212963819503784,0.47170937061309814,0.3943302631378174
2826,/usr/local/data/zahrat/workshop/dent_output/chexpert-swap-normal/pleural_effusion/seed2826/lambda_t_star5/style.png,0.23138554,0.9466991,0.92308,0.8926109,0.888634443283081,0.8513538837432861,0.7593808770179749,0.6665328741073608,0.4502980709075928,0.3291722238063812,0.11748178,0.658313,0.6048843,0.5533197,0.6681278347969055,0.6642946004867554,0.5580732226371765,0.3394709825515747,0.23581570386886597,0.19725731015205383
2043,/usr/local/data/zahrat/workshop/dent_output/chexpert-swap-normal/pleural_effusion/seed2043/lambda_t_star5/style.png,0.018685475,0.7846414,0.052969046,0.05829801,0.047020334750413895,0.04080487787723541,0.03355028107762337,0.030417386442422867,0.026175113394856453,0.02282877452671528,0.6663297,0.6115372,0.72736704,0.69550186,0.703929603099823,0.7337023615837097,0.7091392278671265,0.7287248373031616,0.7247945666313171,0.6502177119255066
2672,/usr/local/data/zahrat/workshop/dent_output/chexpert-swap-normal/pleural_effusion/seed2672/lambda_t_star5/style.png,0.07627371,0.6750518,0.5663209,0.2658225,0.1630004346370697,0.12679286301136017,0.1203448623418808,0.10242845863103867,0.08637768030166626,0.08365292847156525,0.07795668,0.071784675,0.07598641,0.07947888,0.09178884327411652,0.0984993427991867,0.0953064039349556,0.08997148275375366,0.09137681871652603,0.08137170970439911
2682,/usr/local/data/zahrat/workshop/dent_output/chexpert-swap-normal/pleural_effusion/seed2682/lambda_t_star5/style.png,0.049088094,0.9821895,0.9577851,0.9173547,0.7008775472640991,0.750682532787323,0.7693958282470703,0.3817337453365326,0.20888371765613556,0.0923534706234932,0.80875295,0.5850968,0.58382285,0.5212636,0.48120036721229553,0.43840885162353516,0.8222272992134094,0.8284468054771423,0.8260682225227356,0.8163180351257324
2053,/usr/local/data/zahrat/workshop/dent_output/chexpert-swap-normal/pleural_effusion/seed2053/lambda_t_star5/style.png,0.097717725,0.9522783,0.94182825,0.87670803,0.600591778755188,0.6822372674942017,0.6158064007759094,0.3780069649219513,0.2378222793340683,0.14495377242565155,0.3606923,0.8732789,0.9147523,0.91083676,0.900046706199646,0.3436882495880127,0.45662975311279297,0.47676944732666016,0.5286248326301575,0.43015238642692566
1864,/usr/local/data/zahrat/workshop/dent_output/chexpert-swap-normal/pleural_effusion/seed1864/lambda_t_star5/style.png,0.24566147,0.92754996,0.9295256,0.92554975,0.909285306930542,0.864718496799469,0.7065028548240662,0.5210979580879211,0.4734002947807312,0.3768252432346344,0.060596295,0.8204366,0.69813925,0.60822946,0.5892886519432068,0.3949820399284363,0.36068350076675415,0.12703587114810944,0.08595585078001022,0.06784513592720032
1836,/usr/local/data/zahrat/workshop/dent_output/chexpert-swap-normal/pleural_effusion/seed1836/lambda_t_star5/style.png,0.040191382,0.7485291,0.5243033,0.32912713,0.2473841905593872,0.1362224519252777,0.0777113288640976,0.06147783249616623,0.05601039528846741,0.0469331294298172,0.0525988,0.036363997,0.05648688,0.41703454,0.3228582739830017,0.3096500039100647,0.2509824335575104,0.1570187211036682,0.07111595571041107,0.05173106864094734
1506,/usr/local/data/zahrat/workshop/dent_output/chexpert-swap-normal/pleural_effusion/seed1506/lambda_t_star5/style.png,0.030394642,0.8713832,0.8592856,0.9099139,0.4637252390384674,0.2847680151462555,0.1401553750038147,0.08215862512588501,0.05608079209923744,0.03718775883316994,0.03251985,0.72645825,0.0378995,0.054716777,0.0700707957148552,0.05339321494102478,0.04682637378573418,0.042129334062337875,0.03902256116271019,0.03351300209760666
3047,/usr/local/data/zahrat/workshop/dent_output/chexpert-swap-normal/pleural_effusion/seed3047/lambda_t_star5/style.png,0.0643717,0.9128709,0.8401559,0.58636576,0.6315341591835022,0.6226862072944641,0.658665657043457,0.5501928925514221,0.46524715423583984,0.27701711654663086,0.5072118,0.2628755,0.7747266,0.63469106,0.5586808919906616,0.522398054599762,0.5447506308555603,0.5443903803825378,0.5358694791793823,0.4485149681568146
2355,/usr/local/data/zahrat/workshop/dent_output/chexpert-swap-normal/pleural_effusion/seed2355/lambda_t_star5/style.png,0.029315034,0.95347756,0.9371756,0.43265167,0.17630384862422943,0.12363669276237488,0.0855889767408371,0.06788082420825958,0.04685584828257561,0.03589598089456558,0.26369494,0.9312368,0.94925517,0.31562546,0.4376826286315918,0.391915500164032,0.4036617577075958,0.4072609543800354,0.37451109290122986,0.33373647928237915
2634,/usr/local/data/zahrat/workshop/dent_output/chexpert-swap-normal/pleural_effusion/seed2634/lambda_t_star5/style.png,0.011035042,0.37110817,0.1649013,0.09278552,0.27773502469062805,0.053186364471912384,0.023827308788895607,0.018715636804699898,0.014672097750008106,0.012593449093401432,0.2633185,0.2325121,0.24034613,0.18320717,0.3962413966655731,0.3978077471256256,0.465061217546463,0.4635660648345947,0.3870074450969696,0.2903796136379242
2142,/usr/local/data/zahrat/workshop/dent_output/chexpert-swap-normal/pleural_effusion/seed2142/lambda_t_star5/style.png,0.4719544,0.9790567,0.97753114,0.9614271,0.959663987159729,0.9383650422096252,0.894781231880188,0.8454845547676086,0.7616715431213379,0.641288161277771,0.9133445,0.905987,0.93028474,0.9382313,0.9352771043777466,0.9322038888931274,0.9292755126953125,0.9130701422691345,0.9109585285186768,0.9148975610733032
2102,/usr/local/data/zahrat/workshop/dent_output/chexpert-swap-normal/pleural_effusion/seed2102/lambda_t_star5/style.png,0.18940452,0.9828294,0.94689745,0.67556715,0.5160965919494629,0.40770551562309265,0.3097132444381714,0.2668624222278595,0.30199605226516724,0.22675733268260956,0.06437332,0.13264208,0.08873593,0.12982069,0.1477741003036499,0.1371697187423706,0.14595912396907806,0.14794793725013733,0.1622714251279831,0.0977078303694725
2891,/usr/local/data/zahrat/workshop/dent_output/chexpert-swap-normal/pleural_effusion/seed2891/lambda_t_star5/style.png,0.65629613,0.7968799,0.8791917,0.8007256,0.7751663327217102,0.7781376838684082,0.7925759553909302,0.757752001285553,0.7150453329086304,0.7051217555999756,0.86857355,0.8916653,0.8320665,0.8915417,0.9199755787849426,0.929887056350708,0.9215212464332581,0.8372669219970703,0.8741546273231506,0.8725606799125671
2969,/usr/local/data/zahrat/workshop/dent_output/chexpert-swap-normal/pleural_effusion/seed2969/lambda_t_star5/style.png,0.31147185,0.97113526,0.96346575,0.9350991,0.6342641711235046,0.6023463010787964,0.5629241466522217,0.5050652623176575,0.44754451513290405,0.363908976316452,0.4307645,0.67024034,0.24201347,0.797159,0.8609640002250671,0.8328255414962769,0.7925528883934021,0.6232056021690369,0.4948578178882599,0.4577098786830902
1877,/usr/local/data/zahrat/workshop/dent_output/chexpert-swap-normal/pleural_effusion/seed1877/lambda_t_star5/style.png,0.034424625,0.9515026,0.9149667,0.89688975,0.6623238921165466,0.4740581214427948,0.31640034914016724,0.17094683647155762,0.08973736315965652,0.05503401160240173,0.8651264,0.81746393,0.79866576,0.8065417,0.8047354817390442,0.8453199863433838,0.8652446269989014,0.861023485660553,0.8707970976829529,0.8700164556503296
2646,/usr/local/data/zahrat/workshop/dent_output/chexpert-swap-normal/pleural_effusion/seed2646/lambda_t_star5/style.png,0.1566404,0.97802687,0.9210158,0.7840691,0.6719908714294434,0.5873716473579407,0.45724302530288696,0.3201369643211365,0.23375727236270905,0.17808839678764343,0.09249872,0.17282984,0.18647036,0.13684939,0.09210410714149475,0.1123579889535904,0.10390853136777878,0.09687015414237976,0.11476325243711472,0.10185644775629044
3137,/usr/local/data/zahrat/workshop/dent_output/chexpert-swap-normal/pleural_effusion/seed3137/lambda_t_star5/style.png,0.21703972,0.977842,0.9621165,0.94266933,0.935255765914917,0.7726104855537415,0.5955830216407776,0.5225775837898254,0.445864737033844,0.3460195064544678,0.13470623,0.41291916,0.24989985,0.21492139,0.24791164696216583,0.27952736616134644,0.2015947848558426,0.16683317720890045,0.13571971654891968,0.13703814148902893
3298,/usr/local/data/zahrat/workshop/dent_output/chexpert-swap-normal/pleural_effusion/seed3298/lambda_t_star5/style.png,0.665297,0.9773655,0.9710419,0.97165763,0.9538702964782715,0.9427863955497742,0.9073904752731323,0.887290358543396,0.8572402000427246,0.8026291728019714,0.6254664,0.65067804,0.58388364,0.64832544,0.694821298122406,0.6987395286560059,0.7702831029891968,0.7395716905593872,0.7047057151794434,0.6703314781188965
1968,/usr/local/data/zahrat/workshop/dent_output/chexpert-swap-normal/pleural_effusion/seed1968/lambda_t_star5/style.png,0.06385877,0.9213432,0.6977529,0.5608017,0.42539718747138977,0.3919881284236908,0.21299344301223755,0.13287051022052765,0.11569210886955261,0.08799241483211517,0.22951661,0.8849063,0.85753334,0.8954191,0.8494855761528015,0.7368417978286743,0.6570051908493042,0.466356486082077,0.33918511867523193,0.3186134994029999
2016,/usr/local/data/zahrat/workshop/dent_output/chexpert-swap-normal/pleural_effusion/seed2016/lambda_t_star5/style.png,0.098440535,0.93472844,0.9244975,0.87841827,0.8152998685836792,0.7219696044921875,0.5603355169296265,0.35082900524139404,0.17325395345687866,0.12835614383220673,0.7061634,0.8646566,0.9115186,0.92154264,0.9441370964050293,0.9410927295684814,0.9413699507713318,0.9211374521255493,0.8447075486183167,0.826452910900116
2325,/usr/local/data/zahrat/workshop/dent_output/chexpert-swap-normal/pleural_effusion/seed2325/lambda_t_star5/style.png,0.2804529,0.98559856,0.97295827,0.89216423,0.6814016699790955,0.517316997051239,0.45597854256629944,0.3993246853351593,0.382637083530426,0.30984067916870117,0.0515942,0.6816068,0.2955184,0.06693012,0.051887672394514084,0.06444930285215378,0.06526333838701248,0.05903897434473038,0.05246106907725334,0.05158517137169838
2569,/usr/local/data/zahrat/workshop/dent_output/chexpert-swap-normal/pleural_effusion/seed2569/lambda_t_star5/style.png,0.054216884,0.84737146,0.8741714,0.7959712,0.57387375831604,0.2448255866765976,0.16087515652179718,0.10884068161249161,0.08727964758872986,0.06119946017861366,0.04757608,0.03902362,0.03516956,0.049664836,0.05962859466671944,0.07112498581409454,0.06486604362726212,0.06300291419029236,0.05927783250808716,0.056493207812309265
3068,/usr/local/data/zahrat/workshop/dent_output/chexpert-swap-normal/pleural_effusion/seed3068/lambda_t_star5/style.png,0.15157638,0.9533757,0.94995993,0.85154116,0.7403706312179565,0.710471510887146,0.680608868598938,0.6046021580696106,0.42675626277923584,0.24339845776557922,0.38968924,0.28694606,0.6297998,0.69718397,0.6732732057571411,0.6884632110595703,0.6833298802375793,0.5945097208023071,0.5119836330413818,0.445109099149704
2297,/usr/local/data/zahrat/workshop/dent_output/chexpert-swap-normal/pleural_effusion/seed2297/lambda_t_star5/style.png,0.027447432,0.8172013,0.8492665,0.7120477,0.6721854209899902,0.695543646812439,0.42204082012176514,0.11415410786867142,0.054305125027894974,0.036926962435245514,0.28371832,0.83237326,0.8726567,0.8169365,0.6195405721664429,0.499685138463974,0.47814199328422546,0.465587317943573,0.39991745352745056,0.36911457777023315
3270,/usr/local/data/zahrat/workshop/dent_output/chexpert-swap-normal/pleural_effusion/seed3270/lambda_t_star5/style.png,0.1678662,0.56122696,0.300672,0.2410636,0.2311049848794937,0.20764243602752686,0.20581500232219696,0.18473155796527863,0.18248510360717773,0.17959405481815338,0.10221364,0.29338115,0.8856274,0.58691037,0.7236575484275818,0.659371018409729,0.39963313937187195,0.1253233402967453,0.10967027395963669,0.11342296004295349
2213,/usr/local/data/zahrat/workshop/dent_output/chexpert-swap-normal/pleural_effusion/seed2213/lambda_t_star5/style.png,0.16963254,0.9551706,0.9472473,0.8874127,0.6930438876152039,0.6185227036476135,0.5360308885574341,0.44296887516975403,0.3070090413093567,0.22217853367328644,0.03582089,0.80277956,0.48394176,0.4382403,0.18513956665992737,0.10549397021532059,0.06578707695007324,0.0579337440431118,0.039534516632556915,0.03763756901025772
3213,/usr/local/data/zahrat/workshop/dent_output/chexpert-swap-normal/pleural_effusion/seed3213/lambda_t_star5/style.png,0.04056661,0.9414565,0.87280625,0.88885593,0.8768028020858765,0.7325645089149475,0.5334413051605225,0.3211747109889984,0.14558695256710052,0.06928230077028275,0.88156384,0.94424784,0.910935,0.8959216,0.9079461693763733,0.9284265637397766,0.9144664406776428,0.9041143655776978,0.9040496349334717,0.8920858502388
3061,/usr/local/data/zahrat/workshop/dent_output/chexpert-swap-normal/pleural_effusion/seed3061/lambda_t_star5/style.png,0.45713687,0.9621162,0.9431365,0.936628,0.9377936124801636,0.9084477424621582,0.8641641139984131,0.7950619459152222,0.7493999600410461,0.625121533870697,0.93374485,0.9041598,0.94264495,0.9775185,0.9741737246513367,0.9644982814788818,0.9539331793785095,0.9482859969139099,0.9439220428466797,0.9429386854171753
3225,/usr/local/data/zahrat/workshop/dent_output/chexpert-swap-normal/pleural_effusion/seed3225/lambda_t_star5/style.png,0.32360166,0.9779716,0.95774657,0.958975,0.95354825258255,0.8764452338218689,0.7945734262466431,0.7056306004524231,0.583866536617279,0.4555479884147644,0.82972085,0.8227623,0.81653273,0.81199867,0.799544095993042,0.8373825550079346,0.8509972095489502,0.8338770270347595,0.8353671431541443,0.8335075378417969
2880,/usr/local/data/zahrat/workshop/dent_output/chexpert-swap-normal/pleural_effusion/seed2880/lambda_t_star5/style.png,0.035078738,0.96889144,0.95743644,0.8321787,0.7769593000411987,0.753580629825592,0.6249749660491943,0.3794475495815277,0.17683161795139313,0.06209426373243332,0.11522523,0.17568263,0.13408892,0.10860279,0.08506719022989273,0.07026860862970352,0.07964447140693665,0.10680414736270905,0.12000495940446854,0.1279495358467102
3193,/usr/local/data/zahrat/workshop/dent_output/chexpert-swap-normal/pleural_effusion/seed3193/lambda_t_star5/style.png,0.08562178,0.98564065,0.9838414,0.9757323,0.934655487537384,0.9007052779197693,0.5041738152503967,0.29867419600486755,0.1770327389240265,0.12012764811515808,0.8165264,0.7566326,0.8238064,0.8306614,0.8001580834388733,0.7939388155937195,0.7935959696769714,0.7987927198410034,0.8081670999526978,0.8146892189979553
2817,/usr/local/data/zahrat/workshop/dent_output/chexpert-swap-normal/pleural_effusion/seed2817/lambda_t_star5/style.png,0.045796096,0.67650235,0.28599638,0.32374442,0.26022037863731384,0.19215452671051025,0.11881548166275024,0.09381929039955139,0.06521834433078766,0.053701139986515045,0.02960763,0.63678354,0.06187225,0.06306952,0.05714062228798866,0.05309523642063141,0.05543840676546097,0.05225100368261337,0.04010346159338951,0.03587521240115166
1653,/usr/local/data/zahrat/workshop/dent_output/chexpert-swap-normal/pleural_effusion/seed1653/lambda_t_star5/style.png,0.113472044,0.88733923,0.8886579,0.9003126,0.8652893304824829,0.4660968482494354,0.2961895763874054,0.20805789530277252,0.17246167361736298,0.12833112478256226,0.1039887,0.113531254,0.12617324,0.15649125,0.16831816732883453,0.12942038476467133,0.1074521616101265,0.10479902476072311,0.10492108017206192,0.10335375368595123
2158,/usr/local/data/zahrat/workshop/dent_output/chexpert-swap-normal/pleural_effusion/seed2158/lambda_t_star5/style.png,0.09597728,0.94621795,0.9578688,0.90644115,0.8106128573417664,0.37332963943481445,0.2507862448692322,0.18223369121551514,0.14540354907512665,0.1248883381485939,0.034450617,0.1499252,0.08920397,0.10057237,0.15980839729309082,0.0778535008430481,0.11346212774515152,0.08350647240877151,0.06329481303691864,0.03856271132826805
2469,/usr/local/data/zahrat/workshop/dent_output/chexpert-swap-normal/pleural_effusion/seed2469/lambda_t_star5/style.png,0.21626906,0.9433304,0.34918576,0.4103839,0.43159037828445435,0.3906894028186798,0.3630346655845642,0.2971760332584381,0.2739197909832001,0.2383580207824707,0.022431428,0.06431271,0.1009681,0.04256567,0.057948119938373566,0.036200150847435,0.029350651428103447,0.025835182517766953,0.025880062952637672,0.024918438866734505
3073,/usr/local/data/zahrat/workshop/dent_output/chexpert-swap-normal/pleural_effusion/seed3073/lambda_t_star5/style.png,0.3268496,0.97302824,0.8985844,0.86596054,0.728446364402771,0.6885507106781006,0.6899835467338562,0.6667734980583191,0.5720592141151428,0.45173725485801697,0.9459944,0.8101845,0.66855496,0.75404656,0.9206383228302002,0.9380054473876953,0.9495676755905151,0.9409699440002441,0.9397083520889282,0.9478927254676819
2396,/usr/local/data/zahrat/workshop/dent_output/chexpert-swap-normal/pleural_effusion/seed2396/lambda_t_star5/style.png,0.040904593,0.9746406,0.95915055,0.94599396,0.6023519039154053,0.3774360120296478,0.2357574850320816,0.13462835550308228,0.08361602574586868,0.05571987107396126,0.7849661,0.7881688,0.72538054,0.7862912,0.7847285866737366,0.7962867021560669,0.8060060739517212,0.7696295380592346,0.7749164700508118,0.774457573890686
2367,/usr/local/data/zahrat/workshop/dent_output/chexpert-swap-normal/pleural_effusion/seed2367/lambda_t_star5/style.png,0.010883031,0.9780782,0.9788036,0.8998061,0.4369770288467407,0.0437280610203743,0.024034548550844193,0.019749628379940987,0.016536938026547432,0.014749781228601933,0.38842276,0.53399026,0.64778614,0.65834486,0.7033714652061462,0.6087157130241394,0.6337721347808838,0.5873667597770691,0.4840347170829773,0.45308852195739746
2219,/usr/local/data/zahrat/workshop/dent_output/chexpert-swap-normal/pleural_effusion/seed2219/lambda_t_star5/style.png,0.080458894,0.9179008,0.8796988,0.8548074,0.5053690075874329,0.36015379428863525,0.30870357155799866,0.23692269623279572,0.19939139485359192,0.13438858091831207,0.29798988,0.27346233,0.21092659,0.3201344,0.37581080198287964,0.29966479539871216,0.3507588505744934,0.3359539210796356,0.38178086280822754,0.39314091205596924
2516,/usr/local/data/zahrat/workshop/dent_output/chexpert-swap-normal/pleural_effusion/seed2516/lambda_t_star5/style.png,0.47588697,0.9807585,0.97512573,0.9715845,0.9566658735275269,0.8931669592857361,0.8510929346084595,0.8148723244667053,0.6933324337005615,0.5781348943710327,0.93095374,0.93850434,0.9289327,0.9319495,0.9342962503433228,0.9403409957885742,0.9244943857192993,0.9308107495307922,0.9278334379196167,0.9326817989349365
2257,/usr/local/data/zahrat/workshop/dent_output/chexpert-swap-normal/pleural_effusion/seed2257/lambda_t_star5/style.png,0.033345222,0.7840389,0.74625605,0.5553322,0.4932714104652405,0.3623647689819336,0.15396928787231445,0.06340324133634567,0.04842044413089752,0.04375455155968666,0.3884078,0.602653,0.78874385,0.7053778,0.6341302990913391,0.5280957221984863,0.4899987578392029,0.5027737617492676,0.4594370722770691,0.4325093626976013
1777,/usr/local/data/zahrat/workshop/dent_output/chexpert-swap-normal/pleural_effusion/seed1777/lambda_t_star5/style.png,0.14628603,0.65207905,0.6900986,0.667801,0.5725844502449036,0.4828557074069977,0.3739847242832184,0.2838185727596283,0.22274479269981384,0.17832334339618683,0.21652211,0.055102408,0.16507718,0.23071751,0.1995324343442917,0.2010934054851532,0.23129704594612122,0.2117002308368683,0.23362426459789276,0.23374922573566437
2934,/usr/local/data/zahrat/workshop/dent_output/chexpert-swap-normal/pleural_effusion/seed2934/lambda_t_star5/style.png,0.1295114,0.5974045,0.6172705,0.520401,0.44671037793159485,0.3216862082481384,0.24125710129737854,0.18624435365200043,0.1605556309223175,0.13529281318187714,0.3889702,0.2067212,0.3277262,0.32599655,0.37723463773727417,0.46320441365242004,0.4633336663246155,0.48389899730682373,0.46238973736763,0.43234091997146606
2262,/usr/local/data/zahrat/workshop/dent_output/chexpert-swap-normal/pleural_effusion/seed2262/lambda_t_star5/style.png,0.013563629,0.917475,0.354615,0.080772206,0.035529449582099915,0.0338948629796505,0.027629924938082695,0.022916322574019432,0.020253900438547134,0.01765289530158043,0.41691044,0.41184375,0.6436516,0.6650752,0.7274610996246338,0.7580944895744324,0.706275999546051,0.6633554100990295,0.5590060949325562,0.47347137331962585
1517,/usr/local/data/zahrat/workshop/dent_output/chexpert-swap-normal/pleural_effusion/seed1517/lambda_t_star5/style.png,0.08904915,0.968238,0.8876297,0.8512248,0.6349614262580872,0.5770151615142822,0.44623759388923645,0.253691166639328,0.1940954625606537,0.13429094851016998,0.12070787,0.054618698,0.04696574,0.05009989,0.06291110068559647,0.07193625718355179,0.09205061942338943,0.09744494408369064,0.10235648602247238,0.10619493573904037
2023,/usr/local/data/zahrat/workshop/dent_output/chexpert-swap-normal/pleural_effusion/seed2023/lambda_t_star5/style.png,0.027317656,0.939016,0.3992364,0.22496851,0.1185489371418953,0.10022412985563278,0.06597196310758591,0.046339984983205795,0.03820457309484482,0.03292793408036232,0.35535395,0.76467615,0.07266846,0.7329746,0.7112614512443542,0.7098793387413025,0.6869012117385864,0.5898817181587219,0.3693133592605591,0.3599240779876709
1654,/usr/local/data/zahrat/workshop/dent_output/chexpert-swap-normal/pleural_effusion/seed1654/lambda_t_star5/style.png,0.023398628,0.909369,0.7194254,0.5642496,0.7166772484779358,0.4002738893032074,0.1063276082277298,0.050388045608997345,0.041138723492622375,0.03278922662138939,0.03847243,0.05580295,0.059922148,0.055393055,0.06435507535934448,0.05846807360649109,0.05066058412194252,0.04515707120299339,0.04391958937048912,0.04134296998381615
3373,/usr/local/data/zahrat/workshop/dent_output/chexpert-swap-normal/pleural_effusion/seed3373/lambda_t_star5/style.png,0.28541112,0.9137306,0.8691173,0.8212354,0.6465112566947937,0.5465445518493652,0.5101601481437683,0.4168131351470947,0.34526121616363525,0.31353217363357544,0.30647582,0.73656756,0.6969253,0.61385757,0.5998755097389221,0.5423446893692017,0.4716032147407532,0.49423614144325256,0.39854830503463745,0.3674130439758301
2598,/usr/local/data/zahrat/workshop/dent_output/chexpert-swap-normal/pleural_effusion/seed2598/lambda_t_star5/style.png,0.05377796,0.89378494,0.7885036,0.45312515,0.15666411817073822,0.09542422741651535,0.08885321766138077,0.07449087500572205,0.0650411993265152,0.05775491148233414,0.8720451,0.8123427,0.91812694,0.92481434,0.9191895127296448,0.8553391695022583,0.8578364253044128,0.8663660883903503,0.8775103688240051,0.8772395849227905
1606,/usr/local/data/zahrat/workshop/dent_output/chexpert-swap-normal/pleural_effusion/seed1606/lambda_t_star5/style.png,0.11276377,0.9114931,0.83708453,0.78268594,0.6578009724617004,0.5472977757453918,0.4065256416797638,0.2574174106121063,0.1821075826883316,0.14205919206142426,0.71749675,0.5555064,0.6576317,0.6852546,0.6908596158027649,0.6879220604896545,0.7214842438697815,0.755527913570404,0.7572774887084961,0.7534937262535095
2509,/usr/local/data/zahrat/workshop/dent_output/chexpert-swap-normal/pleural_effusion/seed2509/lambda_t_star5/style.png,0.05571995,0.9876265,0.96698385,0.90665054,0.845890462398529,0.62484210729599,0.4568958580493927,0.2420787811279297,0.13751615583896637,0.08102922886610031,0.2106628,0.79825777,0.8063668,0.73752964,0.5842379927635193,0.6440525650978088,0.6682160496711731,0.6574704647064209,0.5446969270706177,0.34507879614830017
2894,/usr/local/data/zahrat/workshop/dent_output/chexpert-swap-normal/pleural_effusion/seed2894/lambda_t_star5/style.png,0.18054849,0.91290903,0.7695818,0.68470824,0.6445010900497437,0.6781232953071594,0.7031840682029724,0.6456534266471863,0.5204694867134094,0.3165520131587982,0.11206547,0.86764365,0.88788,0.717007,0.7675876021385193,0.6139534711837769,0.6170517206192017,0.5965328812599182,0.27373242378234863,0.19259601831436157
1902,/usr/local/data/zahrat/workshop/dent_output/chexpert-swap-normal/pleural_effusion/seed1902/lambda_t_star5/style.png,0.044843726,0.9742217,0.932701,0.74952906,0.23442305624485016,0.11244022846221924,0.1034061387181282,0.0898841843008995,0.06693070381879807,0.05384029448032379,0.48515257,0.7145079,0.8152403,0.711264,0.7780135869979858,0.7416079044342041,0.7889879941940308,0.7036958932876587,0.6222359538078308,0.5652869939804077
1718,/usr/local/data/zahrat/workshop/dent_output/chexpert-swap-normal/pleural_effusion/seed1718/lambda_t_star5/style.png,0.047202982,0.2525371,0.09128098,0.083275944,0.06342548877000809,0.05816648155450821,0.05340205132961273,0.04915524274110794,0.04799947515130043,0.047775957733392715,0.17440636,0.71889275,0.6258744,0.71505237,0.2773106098175049,0.25060948729515076,0.3120788037776947,0.2616807520389557,0.22867989540100098,0.19326169788837433
2308,/usr/local/data/zahrat/workshop/dent_output/chexpert-swap-normal/pleural_effusion/seed2308/lambda_t_star5/style.png,0.019176958,0.9711529,0.9609523,0.825491,0.49576514959335327,0.3174741268157959,0.16312560439109802,0.08169066905975342,0.04326745122671127,0.028587300330400467,0.14542145,0.8675726,0.7869256,0.778438,0.7656432390213013,0.8122509717941284,0.8163161277770996,0.7255712747573853,0.15952113270759583,0.1335708200931549
3026,/usr/local/data/zahrat/workshop/dent_output/chexpert-swap-normal/pleural_effusion/seed3026/lambda_t_star5/style.png,0.055340648,0.944657,0.9242501,0.9242974,0.8272308707237244,0.724053144454956,0.5212671756744385,0.3614765703678131,0.26320695877075195,0.13275200128555298,0.115303494,0.12261923,0.09905175,0.08223811,0.0931781455874443,0.1541670709848404,0.19232745468616486,0.15505631268024445,0.1728554368019104,0.13839411735534668
2554,/usr/local/data/zahrat/workshop/dent_output/chexpert-swap-normal/pleural_effusion/seed2554/lambda_t_star5/style.png,0.053174354,0.9499844,0.91110843,0.91026866,0.7678077220916748,0.44426479935646057,0.1930801421403885,0.13476106524467468,0.09467731416225433,0.06922263652086258,0.047130633,0.059683144,0.07565382,0.046837274,0.04897290840744972,0.052968304604291916,0.0541701577603817,0.06316200643777847,0.057029902935028076,0.05476439744234085
3054,/usr/local/data/zahrat/workshop/dent_output/chexpert-swap-normal/pleural_effusion/seed3054/lambda_t_star5/style.png,0.7560828,0.9872213,0.9849401,0.98564494,0.9679131507873535,0.9719545245170593,0.9672175049781799,0.9641897678375244,0.9339134693145752,0.8669571280479431,0.07160527,0.40888453,0.33755437,0.22942047,0.153686061501503,0.09199696779251099,0.08459822833538055,0.09014159440994263,0.08733902126550674,0.07550255209207535
2749,/usr/local/data/zahrat/workshop/dent_output/chexpert-swap-normal/pleural_effusion/seed2749/lambda_t_star5/style.png,0.04081444,0.90715456,0.82976395,0.8225214,0.11983326077461243,0.07988320291042328,0.06999310106039047,0.06202540919184685,0.05339578539133072,0.04770032688975334,0.086164184,0.67845184,0.67335874,0.20577821,0.14185881614685059,0.1288892924785614,0.13445274531841278,0.11659649014472961,0.10169267654418945,0.08956940472126007
2746,/usr/local/data/zahrat/workshop/dent_output/chexpert-swap-normal/pleural_effusion/seed2746/lambda_t_star5/style.png,0.3888885,0.93758124,0.92165977,0.9217486,0.8894703388214111,0.8223698139190674,0.7286813259124756,0.6532081365585327,0.587857186794281,0.47262048721313477,0.05500468,0.08946175,0.086725585,0.07196309,0.08767779171466827,0.08577334880828857,0.07996708154678345,0.08567962795495987,0.07043471932411194,0.06314629316329956
3267,/usr/local/data/zahrat/workshop/dent_output/chexpert-swap-normal/pleural_effusion/seed3267/lambda_t_star5/style.png,0.056029018,0.9433685,0.85839415,0.5718348,0.549312174320221,0.1320679634809494,0.09559836983680725,0.08556394279003143,0.07363037765026093,0.05739688500761986,0.053431276,0.04871652,0.07410773,0.06781286,0.057952720671892166,0.056824713945388794,0.05536800995469093,0.061944276094436646,0.05872112512588501,0.05245025083422661
2846,/usr/local/data/zahrat/workshop/dent_output/chexpert-swap-normal/pleural_effusion/seed2846/lambda_t_star5/style.png,0.12549514,0.96929383,0.9595799,0.9547903,0.9215165972709656,0.8638731837272644,0.7872499823570251,0.49128657579421997,0.2959688901901245,0.19251234829425812,0.9587034,0.95973206,0.9350572,0.95727265,0.9460702538490295,0.9494003057479858,0.9467936754226685,0.9498732686042786,0.956123411655426,0.9573517441749573
3111,/usr/local/data/zahrat/workshop/dent_output/chexpert-swap-normal/pleural_effusion/seed3111/lambda_t_star5/style.png,0.15820037,0.40933797,0.2830404,0.23685007,0.2241889089345932,0.22419215738773346,0.2275720238685608,0.19346030056476593,0.1902051419019699,0.17683278024196625,0.11650812,0.270102,0.19590487,0.13071215,0.15137118101119995,0.14781203866004944,0.12953774631023407,0.11576426029205322,0.10752851516008377,0.10624286532402039
1529,/usr/local/data/zahrat/workshop/dent_output/chexpert-swap-normal/pleural_effusion/seed1529/lambda_t_star5/style.png,0.18247105,0.95733297,0.9646032,0.93860304,0.7494224905967712,0.6020775437355042,0.5823323726654053,0.5297947525978088,0.4090609848499298,0.27470651268959045,0.76944983,0.9077361,0.93507725,0.92512625,0.9102455377578735,0.8232285380363464,0.7886154055595398,0.7874051332473755,0.7747011184692383,0.782797634601593
3119,/usr/local/data/zahrat/workshop/dent_output/chexpert-swap-normal/pleural_effusion/seed3119/lambda_t_star5/style.png,0.026861161,0.76502055,0.8295255,0.8264132,0.7202082872390747,0.5710350871086121,0.595982015132904,0.06246096268296242,0.03824992850422859,0.030957821756601334,0.94561696,0.92473316,0.9568729,0.9528121,0.9513108730316162,0.9659206867218018,0.9661307334899902,0.9655373692512512,0.9579374194145203,0.9527538418769836
2139,/usr/local/data/zahrat/workshop/dent_output/chexpert-swap-normal/pleural_effusion/seed2139/lambda_t_star5/style.png,0.01940193,0.25118083,0.0742062,0.059668593,0.05295173078775406,0.05447943136096001,0.0447484515607357,0.03636854887008667,0.02943422831594944,0.023338165134191513,0.9273204,0.81394607,0.89507616,0.9162538,0.9354912638664246,0.9555209279060364,0.96068274974823,0.9602480530738831,0.9619404077529907,0.9546751976013184
3255,/usr/local/data/zahrat/workshop/dent_output/chexpert-swap-normal/pleural_effusion/seed3255/lambda_t_star5/style.png,0.07658546,0.9831291,0.961846,0.9510056,0.8684646487236023,0.7085843086242676,0.6699429750442505,0.5417614579200745,0.30072054266929626,0.13711120188236237,0.7753983,0.8123056,0.82222056,0.81870717,0.8208927512168884,0.849951982498169,0.8473467826843262,0.8690637350082397,0.8675942420959473,0.8192941546440125
2007,/usr/local/data/zahrat/workshop/dent_output/chexpert-swap-normal/pleural_effusion/seed2007/lambda_t_star5/style.png,0.027613487,0.84840286,0.6749525,0.5293052,0.20700745284557343,0.10719653218984604,0.08011279255151749,0.053568966686725616,0.04247266799211502,0.034819409251213074,0.032749955,0.1427783,0.60949403,0.5574595,0.10100504755973816,0.04847964644432068,0.03995521739125252,0.03829536214470863,0.03284906595945358,0.03248833119869232
2791,/usr/local/data/zahrat/workshop/dent_output/chexpert-swap-normal/pleural_effusion/seed2791/lambda_t_star5/style.png,0.061885767,0.9851185,0.9809842,0.97443753,0.9419775009155273,0.7798885703086853,0.6360301375389099,0.3458455801010132,0.1578826904296875,0.08949832618236542,0.7624589,0.64671844,0.6853907,0.6607649,0.7167374491691589,0.72556072473526,0.7721572518348694,0.7707421183586121,0.7710909843444824,0.7697890996932983
1549,/usr/local/data/zahrat/workshop/dent_output/chexpert-swap-normal/pleural_effusion/seed1549/lambda_t_star5/style.png,0.057689957,0.50490934,0.40606838,0.49028376,0.42625728249549866,0.24396561086177826,0.14929036796092987,0.10605883598327637,0.0774727463722229,0.0605781190097332,0.2253734,0.8485272,0.8521271,0.6419202,0.7011140584945679,0.6968475580215454,0.6243178248405457,0.5242854952812195,0.3920755386352539,0.23738519847393036
3075,/usr/local/data/zahrat/workshop/dent_output/chexpert-swap-normal/pleural_effusion/seed3075/lambda_t_star5/style.png,0.1273248,0.4062305,0.38079765,0.36344042,0.274172306060791,0.21351908147335052,0.1887744963169098,0.1723887175321579,0.15821141004562378,0.14246083796024323,0.8496426,0.8873353,0.86844707,0.83085716,0.8696478009223938,0.8240439295768738,0.8258618712425232,0.8466969132423401,0.8420871496200562,0.8512755632400513
1965,/usr/local/data/zahrat/workshop/dent_output/chexpert-swap-normal/pleural_effusion/seed1965/lambda_t_star5/style.png,0.27506423,0.9410923,0.94074786,0.87197185,0.8424125909805298,0.691395103931427,0.6362504363059998,0.5723310112953186,0.44979411363601685,0.35992076992988586,0.77634156,0.6999879,0.7806344,0.8371705,0.8099812269210815,0.7162997722625732,0.8185173869132996,0.8934935331344604,0.8006973266601562,0.7765550017356873
2651,/usr/local/data/zahrat/workshop/dent_output/chexpert-swap-normal/pleural_effusion/seed2651/lambda_t_star5/style.png,0.022672147,0.7999565,0.1511405,0.19199826,0.16370046138763428,0.12169387191534042,0.07590942084789276,0.0516277551651001,0.035776715725660324,0.027569299563765526,0.819133,0.8728393,0.8408915,0.8899213,0.8776607513427734,0.8467671275138855,0.8315533399581909,0.8270968198776245,0.8119845986366272,0.8167067170143127
3364,/usr/local/data/zahrat/workshop/dent_output/chexpert-swap-normal/pleural_effusion/seed3364/lambda_t_star5/style.png,0.10490386,0.8438555,0.7574065,0.70081764,0.2953418791294098,0.217643603682518,0.17900721728801727,0.14984247088432312,0.12800054252147675,0.11570823192596436,0.061567396,0.120917246,0.10424128,0.08995811,0.06793121248483658,0.0626409649848938,0.06587350368499756,0.07631321251392365,0.0938563272356987,0.0775383710861206
1593,/usr/local/data/zahrat/workshop/dent_output/chexpert-swap-normal/pleural_effusion/seed1593/lambda_t_star5/style.png,0.016556904,0.98811185,0.97020197,0.95079637,0.9579801559448242,0.713097333908081,0.153769388794899,0.0574427992105484,0.03446188569068909,0.021869760006666183,0.11720291,0.9007524,0.89420617,0.7943612,0.8639785647392273,0.8712339401245117,0.829580545425415,0.7630819082260132,0.36448532342910767,0.16503480076789856
2644,/usr/local/data/zahrat/workshop/dent_output/chexpert-swap-normal/pleural_effusion/seed2644/lambda_t_star5/style.png,0.7755795,0.9881486,0.9880227,0.9849123,0.9837889671325684,0.9786598086357117,0.9731006026268005,0.9204729795455933,0.8717153072357178,0.8387194871902466,0.8185454,0.8128819,0.7932142,0.8313909,0.831777036190033,0.8175822496414185,0.8197830319404602,0.8302313089370728,0.8252910375595093,0.8177885413169861
2110,/usr/local/data/zahrat/workshop/dent_output/chexpert-swap-normal/pleural_effusion/seed2110/lambda_t_star5/style.png,0.056564428,0.7890567,0.80357623,0.75216454,0.6415027379989624,0.4000209867954254,0.22673717141151428,0.11830919235944748,0.08289359509944916,0.0687994658946991,0.16147095,0.8811905,0.7736908,0.8065612,0.5954784750938416,0.5344398021697998,0.4989519715309143,0.3852435052394867,0.3219154179096222,0.19134238362312317
2608,/usr/local/data/zahrat/workshop/dent_output/chexpert-swap-normal/pleural_effusion/seed2608/lambda_t_star5/style.png,0.06535182,0.887484,0.772667,0.67287236,0.5776229500770569,0.42753395438194275,0.245711550116539,0.15461835265159607,0.11347758769989014,0.08807888627052307,0.8913594,0.84998435,0.83306277,0.8969046,0.8915566205978394,0.8815902471542358,0.8888053297996521,0.8921337723731995,0.8992683291435242,0.899302065372467
2060,/usr/local/data/zahrat/workshop/dent_output/chexpert-swap-normal/pleural_effusion/seed2060/lambda_t_star5/style.png,0.12847477,0.93612945,0.894638,0.8269842,0.71152663230896,0.6415225863456726,0.3891112506389618,0.2551584541797638,0.20382264256477356,0.16028165817260742,0.8833158,0.71163213,0.7130219,0.6607193,0.7565041780471802,0.8037149906158447,0.84648597240448,0.8552019000053406,0.8676741719245911,0.8798414468765259
2175,/usr/local/data/zahrat/workshop/dent_output/chexpert-swap-normal/pleural_effusion/seed2175/lambda_t_star5/style.png,0.08612546,0.95464504,0.9284518,0.92370385,0.8969305753707886,0.8810723423957825,0.8417437076568604,0.6387590765953064,0.18589898943901062,0.11819122731685638,0.04197926,0.23002495,0.4373291,0.16603783,0.14402800798416138,0.05488665774464607,0.044749919325113297,0.052604250609874725,0.048638470470905304,0.04768937826156616
2283,/usr/local/data/zahrat/workshop/dent_output/chexpert-swap-normal/pleural_effusion/seed2283/lambda_t_star5/style.png,0.043217227,0.88946813,0.8643208,0.87153053,0.8426811099052429,0.14827588200569153,0.08185993880033493,0.0790044516324997,0.08188086003065109,0.05962984263896942,0.052312635,0.6538057,0.10974561,0.34706816,0.12597329914569855,0.08537770807743073,0.07429707795381546,0.06466461718082428,0.054575856775045395,0.05051757022738457
2614,/usr/local/data/zahrat/workshop/dent_output/chexpert-swap-normal/pleural_effusion/seed2614/lambda_t_star5/style.png,0.12547393,0.9735903,0.9454356,0.92127514,0.8793008327484131,0.6640377044677734,0.5753334760665894,0.41591012477874756,0.22589421272277832,0.17518386244773865,0.58549947,0.122471616,0.14646931,0.43378243,0.46867868304252625,0.5114038586616516,0.47738948464393616,0.5464789271354675,0.5395437479019165,0.5952166318893433
2252,/usr/local/data/zahrat/workshop/dent_output/chexpert-swap-normal/pleural_effusion/seed2252/lambda_t_star5/style.png,0.38338107,0.9500489,0.9018304,0.85586685,0.7902622222900391,0.8046767115592957,0.7546535134315491,0.6504018902778625,0.5776464343070984,0.48045462369918823,0.14839283,0.6394454,0.59820986,0.51283133,0.4176645874977112,0.38877052068710327,0.3698529899120331,0.27186375856399536,0.23406730592250824,0.18770581483840942
1724,/usr/local/data/zahrat/workshop/dent_output/chexpert-swap-normal/pleural_effusion/seed1724/lambda_t_star5/style.png,0.10825142,0.7508833,0.6447321,0.63236713,0.6080467700958252,0.5479857921600342,0.4608103930950165,0.33539387583732605,0.2184363156557083,0.14660899341106415,0.10720205,0.3024807,0.32794133,0.49706477,0.7179217338562012,0.5359538197517395,0.25439026951789856,0.1865626573562622,0.14219079911708832,0.11701998859643936
1969,/usr/local/data/zahrat/workshop/dent_output/chexpert-swap-normal/pleural_effusion/seed1969/lambda_t_star5/style.png,0.056424525,0.67150855,0.29926202,0.15543556,0.12707474827766418,0.11608187854290009,0.07934636622667313,0.07624444365501404,0.07601572573184967,0.07108188420534134,0.08152469,0.124988705,0.15234725,0.11727102,0.11982312798500061,0.10459832847118378,0.09503886848688126,0.09153589606285095,0.09257736057043076,0.09782823175191879
2914,/usr/local/data/zahrat/workshop/dent_output/chexpert-swap-normal/pleural_effusion/seed2914/lambda_t_star5/style.png,0.057482827,0.8858592,0.594412,0.5568701,0.25681447982788086,0.23189149796962738,0.18836231529712677,0.1465119570493698,0.10920924693346024,0.0830441415309906,0.046565033,0.88667923,0.40647143,0.1090667,0.08521297574043274,0.06886905431747437,0.05750435218214989,0.05358511954545975,0.05129436403512955,0.047495026141405106
1999,/usr/local/data/zahrat/workshop/dent_output/chexpert-swap-normal/pleural_effusion/seed1999/lambda_t_star5/style.png,0.07176645,0.9607641,0.90359217,0.8708884,0.889263927936554,0.8391162157058716,0.33846721053123474,0.24352934956550598,0.16497497260570526,0.10811209678649902,0.29459286,0.50432694,0.626027,0.46358112,0.4751622676849365,0.40700289607048035,0.3272897005081177,0.3572189509868622,0.3219682276248932,0.3012980818748474
3122,/usr/local/data/zahrat/workshop/dent_output/chexpert-swap-normal/pleural_effusion/seed3122/lambda_t_star5/style.png,0.11228796,0.53500193,0.3426587,0.53198385,0.4235196113586426,0.329502135515213,0.23899203538894653,0.1989905685186386,0.16573873162269592,0.12386203557252884,0.033579614,0.033933185,0.038771145,0.03226171,0.03445042669773102,0.036829229444265366,0.03653251752257347,0.035905271768569946,0.0378509946167469,0.035212863236665726
3092,/usr/local/data/zahrat/workshop/dent_output/chexpert-swap-normal/pleural_effusion/seed3092/lambda_t_star5/style.png,0.08468026,0.9363182,0.4349522,0.3191293,0.27710360288619995,0.24400551617145538,0.2124033272266388,0.1721205711364746,0.14157509803771973,0.11410629004240036,0.041098434,0.706421,0.69375896,0.7602695,0.848166286945343,0.8083949685096741,0.7737239003181458,0.6904736757278442,0.051787469536066055,0.044743988662958145
2859,/usr/local/data/zahrat/workshop/dent_output/chexpert-swap-normal/pleural_effusion/seed2859/lambda_t_star5/style.png,0.094786234,0.6817795,0.2801379,0.2754943,0.17291826009750366,0.1196422204375267,0.09728249162435532,0.0971876010298729,0.10367868095636368,0.0991862565279007,0.07281841,0.1938889,0.056131195,0.08503331,0.10209886729717255,0.11889803409576416,0.10159530490636826,0.10175058245658875,0.09149757027626038,0.08754334598779678
2899,/usr/local/data/zahrat/workshop/dent_output/chexpert-swap-normal/pleural_effusion/seed2899/lambda_t_star5/style.png,0.054327395,0.8534239,0.74398327,0.6966315,0.6692525148391724,0.566814661026001,0.32873862981796265,0.16161049902439117,0.09757941216230392,0.06915654987096786,0.880472,0.90114534,0.8720782,0.8443577,0.8473648428916931,0.8273599147796631,0.8462203145027161,0.8484746813774109,0.8578411936759949,0.8708969354629517
2100,/usr/local/data/zahrat/workshop/dent_output/chexpert-swap-normal/pleural_effusion/seed2100/lambda_t_star5/style.png,0.66784394,0.96380115,0.94187987,0.94405717,0.9610365033149719,0.9454318881034851,0.9092192649841309,0.874944269657135,0.8294792175292969,0.7727531790733337,0.9051253,0.8375941,0.8706986,0.82509655,0.885352611541748,0.8733553886413574,0.8774309158325195,0.8969041109085083,0.90099036693573,0.9051034450531006
2523,/usr/local/data/zahrat/workshop/dent_output/chexpert-swap-normal/pleural_effusion/seed2523/lambda_t_star5/style.png,0.040561896,0.97622675,0.9458328,0.60361665,0.2849138081073761,0.18651877343654633,0.10710828006267548,0.07881633192300797,0.06131028011441231,0.050088852643966675,0.06444292,0.07002574,0.14779252,0.066988364,0.09369327127933502,0.08846279978752136,0.10131321102380753,0.1028652936220169,0.08512238413095474,0.0751873254776001
3000,/usr/local/data/zahrat/workshop/dent_output/chexpert-swap-normal/pleural_effusion/seed3000/lambda_t_star5/style.png,0.12981114,0.8225915,0.727583,0.5073435,0.42561569809913635,0.3104611337184906,0.2428731918334961,0.19438353180885315,0.1671108454465866,0.1471375674009323,0.07065725,0.6633455,0.67000324,0.1524508,0.12943117320537567,0.13481642305850983,0.12798410654067993,0.10253599286079407,0.09293124079704285,0.0707644447684288
2979,/usr/local/data/zahrat/workshop/dent_output/chexpert-swap-normal/pleural_effusion/seed2979/lambda_t_star5/style.png,0.03578986,0.9575606,0.9622147,0.95718426,0.9603657722473145,0.8913359642028809,0.3042505979537964,0.10471313446760178,0.06929735839366913,0.046092886477708817,0.24402511,0.9191989,0.9429387,0.9445452,0.9422640204429626,0.9469250440597534,0.9556786417961121,0.9701799154281616,0.6693590879440308,0.30556046962738037
1533,/usr/local/data/zahrat/workshop/dent_output/chexpert-swap-normal/pleural_effusion/seed1533/lambda_t_star5/style.png,0.044470947,0.89747256,0.82939476,0.83428276,0.7287386655807495,0.4652833342552185,0.29145753383636475,0.20986276865005493,0.11962012201547623,0.06990665942430496,0.21876174,0.78337944,0.6675672,0.62550366,0.6397833228111267,0.7437530755996704,0.7897161245346069,0.713710367679596,0.4895974397659302,0.2855837047100067
2521,/usr/local/data/zahrat/workshop/dent_output/chexpert-swap-normal/pleural_effusion/seed2521/lambda_t_star5/style.png,0.048168976,0.9138465,0.82835037,0.8745072,0.8982673287391663,0.6373957991600037,0.2980792224407196,0.1416376531124115,0.09235060214996338,0.06653449684381485,0.111141756,0.37431285,0.062225133,0.06442428,0.09566027671098709,0.119229756295681,0.1422874927520752,0.12028121203184128,0.11691951751708984,0.11100874096155167
2277,/usr/local/data/zahrat/workshop/dent_output/chexpert-swap-normal/pleural_effusion/seed2277/lambda_t_star5/style.png,0.034796327,0.9283952,0.83656245,0.37626702,0.1438601315021515,0.1306620091199875,0.10077748447656631,0.06741569936275482,0.05296004191040993,0.042656801640987396,0.51486206,0.89901817,0.8379155,0.5333821,0.539053201675415,0.5668293833732605,0.5338854193687439,0.5488078594207764,0.5434542894363403,0.561972975730896
2964,/usr/local/data/zahrat/workshop/dent_output/chexpert-swap-normal/pleural_effusion/seed2964/lambda_t_star5/style.png,0.009335234,0.978226,0.9453671,0.24002773,0.03048590198159218,0.02330901101231575,0.018880659714341164,0.015180748887360096,0.013151828199625015,0.010824241675436497,0.88870525,0.89890534,0.8680247,0.84793216,0.8835057616233826,0.8843100070953369,0.8880980014801025,0.893520176410675,0.8976302742958069,0.8923682570457458
1545,/usr/local/data/zahrat/workshop/dent_output/chexpert-swap-normal/pleural_effusion/seed1545/lambda_t_star5/style.png,0.014688521,0.68135333,0.4987398,0.475482,0.51807701587677,0.3033832907676697,0.1371578872203827,0.04879526048898697,0.025120627135038376,0.018625658005475998,0.7904073,0.7248237,0.7187079,0.739903,0.7649563550949097,0.7658781409263611,0.7700722217559814,0.7942103147506714,0.7872152924537659,0.7845092415809631
1624,/usr/local/data/zahrat/workshop/dent_output/chexpert-swap-normal/pleural_effusion/seed1624/lambda_t_star5/style.png,0.06192703,0.96882194,0.9338566,0.89968777,0.8359063863754272,0.3674686551094055,0.2411486953496933,0.1684652864933014,0.11441977322101593,0.0791180357336998,0.07722765,0.5288514,0.5422429,0.5869856,0.5712651014328003,0.4118003845214844,0.22178027033805847,0.15724894404411316,0.12935519218444824,0.09211576730012894
3135,/usr/local/data/zahrat/workshop/dent_output/chexpert-swap-normal/pleural_effusion/seed3135/lambda_t_star5/style.png,0.030841805,0.82113445,0.837221,0.7952418,0.6034456491470337,0.24243198335170746,0.15845204889774323,0.10052564740180969,0.06369885057210922,0.04488756135106087,0.21273299,0.6791985,0.74243706,0.8582554,0.8396665453910828,0.6937134861946106,0.49669015407562256,0.29098638892173767,0.25624704360961914,0.2629169821739197
2208,/usr/local/data/zahrat/workshop/dent_output/chexpert-swap-normal/pleural_effusion/seed2208/lambda_t_star5/style.png,0.3984583,0.98825336,0.95979583,0.9295936,0.9668881893157959,0.970554769039154,0.964282214641571,0.9341714382171631,0.8658208847045898,0.661139726638794,0.09106736,0.6742181,0.7022637,0.42964494,0.24782076478004456,0.17765848338603973,0.13972920179367065,0.10240442305803299,0.09459792822599411,0.09765363484621048
1738,/usr/local/data/zahrat/workshop/dent_output/chexpert-swap-normal/pleural_effusion/seed1738/lambda_t_star5/style.png,0.068146035,0.9258137,0.8544996,0.7106274,0.34045878052711487,0.218367800116539,0.1407451331615448,0.11188539117574692,0.09125904738903046,0.07717904448509216,0.03932499,0.0839976,0.15174279,0.07851433,0.06840331107378006,0.052465468645095825,0.05479186773300171,0.05144745111465454,0.046466756612062454,0.04160594940185547
3064,/usr/local/data/zahrat/workshop/dent_output/chexpert-swap-normal/pleural_effusion/seed3064/lambda_t_star5/style.png,0.020422315,0.961385,0.94412655,0.8396965,0.11131970584392548,0.03273538127541542,0.030093884095549583,0.026950204744935036,0.025517119094729424,0.022298630326986313,0.63845414,0.65528256,0.65213275,0.67262685,0.7840455174446106,0.7686259150505066,0.7798689603805542,0.7400327324867249,0.7080590128898621,0.6520209312438965
2837,/usr/local/data/zahrat/workshop/dent_output/chexpert-swap-normal/pleural_effusion/seed2837/lambda_t_star5/style.png,0.025802854,0.85309094,0.11948819,0.08449335,0.08675947040319443,0.07758581638336182,0.05444521829485893,0.04410765692591667,0.036728620529174805,0.03050624392926693,0.62978315,0.5197969,0.5971531,0.583614,0.645216703414917,0.7042801976203918,0.7033286690711975,0.7258829474449158,0.7006754875183105,0.6829671263694763
2438,/usr/local/data/zahrat/workshop/dent_output/chexpert-swap-normal/pleural_effusion/seed2438/lambda_t_star5/style.png,0.21169215,0.2606151,0.22713697,0.21665922,0.3715786635875702,0.3805418312549591,0.3413284420967102,0.29173192381858826,0.25481995940208435,0.22670163214206696,0.033565506,0.035845585,0.02818519,0.03205154,0.03559369593858719,0.030763518065214157,0.03121885098516941,0.034023188054561615,0.03479667752981186,0.033358942717313766
3118,/usr/local/data/zahrat/workshop/dent_output/chexpert-swap-normal/pleural_effusion/seed3118/lambda_t_star5/style.png,0.46752074,0.61642003,0.5036799,0.55844295,0.5371752977371216,0.5160412192344666,0.48636722564697266,0.4720815122127533,0.48972201347351074,0.49113383889198303,0.20379524,0.9372809,0.94136065,0.43714514,0.810137152671814,0.4114421606063843,0.30153560638427734,0.25201496481895447,0.2630402147769928,0.2287328541278839
2858,/usr/local/data/zahrat/workshop/dent_output/chexpert-swap-normal/pleural_effusion/seed2858/lambda_t_star5/style.png,0.017389128,0.6753916,0.4686633,0.07961706,0.04275919497013092,0.03361574187874794,0.03434612229466438,0.029413240030407906,0.025289086624979973,0.020508665591478348,0.08372629,0.124144815,0.09089169,0.11323429,0.13988417387008667,0.11832251399755478,0.11673589795827866,0.09969452768564224,0.0975683256983757,0.09054398536682129
1627,/usr/local/data/zahrat/workshop/dent_output/chexpert-swap-normal/pleural_effusion/seed1627/lambda_t_star5/style.png,0.09135918,0.6339564,0.7168645,0.7052118,0.365439236164093,0.3617709279060364,0.27397188544273376,0.20008240640163422,0.16564783453941345,0.12524594366550446,0.9376306,0.42416185,0.5177099,0.811473,0.9130871295928955,0.9230788946151733,0.9359994530677795,0.9351509809494019,0.9389711022377014,0.9384334683418274
2803,/usr/local/data/zahrat/workshop/dent_output/chexpert-swap-normal/pleural_effusion/seed2803/lambda_t_star5/style.png,0.14807682,0.7353519,0.37584257,0.30115384,0.250161349773407,0.2082349807024002,0.18599940836429596,0.16982422769069672,0.1509736329317093,0.14580599963665009,0.035954162,0.488041,0.1594596,0.101662666,0.07818835973739624,0.06870965659618378,0.060514647513628006,0.051555320620536804,0.044365398585796356,0.039361827075481415
1542,/usr/local/data/zahrat/workshop/dent_output/chexpert-swap-normal/pleural_effusion/seed1542/lambda_t_star5/style.png,0.04053148,0.9015195,0.8631532,0.25902107,0.18852370977401733,0.08480828255414963,0.07274334877729416,0.06259772926568985,0.05467219278216362,0.04655485972762108,0.5861156,0.5210564,0.87588406,0.8798159,0.8989062905311584,0.797896683216095,0.7998959422111511,0.7512575387954712,0.6811617016792297,0.6320337057113647
1562,/usr/local/data/zahrat/workshop/dent_output/chexpert-swap-normal/pleural_effusion/seed1562/lambda_t_star5/style.png,0.03012438,0.96769845,0.61415005,0.34072796,0.20596151053905487,0.1441957801580429,0.07180186361074448,0.06003855541348457,0.04878269508481026,0.0386977382004261,0.8795431,0.9159962,0.90748245,0.9193528,0.9130600690841675,0.9188538193702698,0.9035930037498474,0.8878229856491089,0.8859474062919617,0.8797904849052429
2808,/usr/local/data/zahrat/workshop/dent_output/chexpert-swap-normal/pleural_effusion/seed2808/lambda_t_star5/style.png,0.044354018,0.9246667,0.8593295,0.76968557,0.6589875221252441,0.6979133486747742,0.6910380125045776,0.6854735016822815,0.5824474692344666,0.1670953631401062,0.03764909,0.82167345,0.7597929,0.085268155,0.06131425127387047,0.053831636905670166,0.0474369041621685,0.044880449771881104,0.04520859196782112,0.03939908370375633
1713,/usr/local/data/zahrat/workshop/dent_output/chexpert-swap-normal/pleural_effusion/seed1713/lambda_t_star5/style.png,0.121178,0.9948354,0.9861325,0.905243,0.8422039151191711,0.8457461595535278,0.7656020522117615,0.5190027952194214,0.3859821856021881,0.22851693630218506,0.56733376,0.8094688,0.8816862,0.80806667,0.8158668875694275,0.8024189472198486,0.7337563037872314,0.6571164727210999,0.5980098247528076,0.548949658870697
2149,/usr/local/data/zahrat/workshop/dent_output/chexpert-swap-normal/pleural_effusion/seed2149/lambda_t_star5/style.png,0.09059273,0.22189255,0.16474515,0.12364954,0.117911696434021,0.09641718864440918,0.10925807803869247,0.1002066507935524,0.10141052305698395,0.09848816692829132,0.06920721,0.07187757,0.07695164,0.12076851,0.11339268833398819,0.11028596013784409,0.09463639557361603,0.08333609253168106,0.08556307107210159,0.0784975066781044
2513,/usr/local/data/zahrat/workshop/dent_output/chexpert-swap-normal/pleural_effusion/seed2513/lambda_t_star5/style.png,0.03611385,0.975276,0.8525607,0.55534333,0.4742271602153778,0.3859117925167084,0.12503178417682648,0.07848824560642242,0.06026836484670639,0.048086632043123245,0.91944695,0.9009509,0.9216637,0.94260556,0.9449370503425598,0.9372072219848633,0.9462713003158569,0.946186900138855,0.9397230744361877,0.9306600689888
3101,/usr/local/data/zahrat/workshop/dent_output/chexpert-swap-normal/pleural_effusion/seed3101/lambda_t_star5/style.png,0.07354492,0.95490515,0.93810123,0.943789,0.5513736009597778,0.44556865096092224,0.26729509234428406,0.19480939209461212,0.13944372534751892,0.10534058511257172,0.17623515,0.51299214,0.22603935,0.48609108,0.3595835566520691,0.39612630009651184,0.28297901153564453,0.24897366762161255,0.21640390157699585,0.18319715559482574
2983,/usr/local/data/zahrat/workshop/dent_output/chexpert-swap-normal/pleural_effusion/seed2983/lambda_t_star5/style.png,0.04982958,0.9652233,0.97262055,0.9316272,0.8697251081466675,0.40641114115715027,0.20595601201057434,0.11724080890417099,0.08464965969324112,0.0616067536175251,0.16679586,0.68729633,0.5507327,0.83035,0.7672063112258911,0.7721000909805298,0.6856825351715088,0.3133511543273926,0.26154255867004395,0.19332033395767212
3037,/usr/local/data/zahrat/workshop/dent_output/chexpert-swap-normal/pleural_effusion/seed3037/lambda_t_star5/style.png,0.024839828,0.8693194,0.73855734,0.71772826,0.714605987071991,0.6521577835083008,0.5425319671630859,0.2820467948913574,0.07450923323631287,0.03398018702864647,0.6059367,0.7927119,0.76313853,0.7738812,0.7947741746902466,0.7523142099380493,0.7530878186225891,0.7298003435134888,0.6933500170707703,0.6481114029884338
1748,/usr/local/data/zahrat/workshop/dent_output/chexpert-swap-normal/pleural_effusion/seed1748/lambda_t_star5/style.png,0.053513512,0.9503754,0.9023489,0.5686985,0.4177829921245575,0.32123807072639465,0.2505677044391632,0.15973269939422607,0.09766703844070435,0.07331708073616028,0.5157414,0.12373489,0.6039638,0.79661155,0.793159008026123,0.7457717657089233,0.6983693242073059,0.6716251373291016,0.6384381651878357,0.5296752452850342
1825,/usr/local/data/zahrat/workshop/dent_output/chexpert-swap-normal/pleural_effusion/seed1825/lambda_t_star5/style.png,0.35297668,0.8993565,0.9091584,0.8908379,0.8591607213020325,0.7816330790519714,0.667801022529602,0.5610926151275635,0.4891805946826935,0.4181421101093292,0.18986678,0.7801329,0.45391217,0.5060224,0.5772406458854675,0.3906361758708954,0.334377259016037,0.2942192852497101,0.251167356967926,0.21807828545570374
2892,/usr/local/data/zahrat/workshop/dent_output/chexpert-swap-normal/pleural_effusion/seed2892/lambda_t_star5/style.png,0.09133329,0.94758105,0.89505446,0.8355013,0.6949441432952881,0.4296315610408783,0.3085044324398041,0.225197434425354,0.16532956063747406,0.12421073764562607,0.7700147,0.816358,0.7876862,0.72931963,0.7517412304878235,0.7945920825004578,0.8078410625457764,0.810821533203125,0.7727802991867065,0.7664034962654114
2799,/usr/local/data/zahrat/workshop/dent_output/chexpert-swap-normal/pleural_effusion/seed2799/lambda_t_star5/style.png,0.09309113,0.8850148,0.8858827,0.864226,0.7639716863632202,0.7118709087371826,0.5463125109672546,0.276970773935318,0.16896505653858185,0.11990407109260559,0.05340685,0.16169135,0.07173868,0.048756313,0.056282587349414825,0.05657191202044487,0.06132281571626663,0.06577865034341812,0.06026512384414673,0.05597233399748802
2900,/usr/local/data/zahrat/workshop/dent_output/chexpert-swap-normal/pleural_effusion/seed2900/lambda_t_star5/style.png,0.07855564,0.9659452,0.9588861,0.9257364,0.5605529546737671,0.3503015339374542,0.2698058784008026,0.20972073078155518,0.13513843715190887,0.10531497001647949,0.044047154,0.512768,0.43522033,0.32119972,0.1452186405658722,0.08278267085552216,0.06973489373922348,0.04873092845082283,0.044803436845541,0.045161645859479904
3028,/usr/local/data/zahrat/workshop/dent_output/chexpert-swap-normal/pleural_effusion/seed3028/lambda_t_star5/style.png,0.4151926,0.45703447,0.4356471,0.48475245,0.4253637194633484,0.41484570503234863,0.41404369473457336,0.4178667366504669,0.4127429723739624,0.41529300808906555,0.4250334,0.5586647,0.38200444,0.36020067,0.3786192536354065,0.37233245372772217,0.5664497017860413,0.4479731023311615,0.4323413372039795,0.4188810884952545
2405,/usr/local/data/zahrat/workshop/dent_output/chexpert-swap-normal/pleural_effusion/seed2405/lambda_t_star5/style.png,0.08301763,0.5208957,0.46008527,0.22696735,0.14742185175418854,0.11764764040708542,0.12319439649581909,0.10857604444026947,0.09671489149332047,0.08669207245111465,0.040562406,0.026482904,0.026333747,0.024611302,0.029566481709480286,0.053248800337314606,0.04235133156180382,0.044639796018600464,0.040383994579315186,0.038837116211652756
3321,/usr/local/data/zahrat/workshop/dent_output/chexpert-swap-normal/pleural_effusion/seed3321/lambda_t_star5/style.png,0.043822736,0.7505773,0.74381983,0.58551127,0.4128534495830536,0.23694239556789398,0.1876833587884903,0.12740769982337952,0.0894620418548584,0.06415725499391556,0.05935182,0.47268614,0.21750969,0.40872324,0.12763561308383942,0.08979503065347672,0.08199135959148407,0.08015994727611542,0.06408312171697617,0.05932750925421715
2433,/usr/local/data/zahrat/workshop/dent_output/chexpert-swap-normal/pleural_effusion/seed2433/lambda_t_star5/style.png,0.12837978,0.68266225,0.41019678,0.24211816,0.17868672311306,0.14420726895332336,0.13560980558395386,0.1252196878194809,0.1273040920495987,0.12388185411691666,0.06313963,0.038170774,0.040670156,0.04773625,0.0479438453912735,0.04889330267906189,0.05893094465136528,0.06197243183851242,0.0643305554986,0.0671141967177391
2923,/usr/local/data/zahrat/workshop/dent_output/chexpert-swap-normal/pleural_effusion/seed2923/lambda_t_star5/style.png,0.35412693,0.7989293,0.65312034,0.57436115,0.5659855008125305,0.4659070074558258,0.43068069219589233,0.40412184596061707,0.3832843005657196,0.36054202914237976,0.07316673,0.14319183,0.2389578,0.16273378,0.10396722704172134,0.07623785734176636,0.08576261252164841,0.0950997993350029,0.09190945327281952,0.09334396570920944
2903,/usr/local/data/zahrat/workshop/dent_output/chexpert-swap-normal/pleural_effusion/seed2903/lambda_t_star5/style.png,0.02790327,0.93530744,0.87953293,0.85984755,0.4516112208366394,0.2738076150417328,0.16635727882385254,0.08494563400745392,0.054426632821559906,0.03919726237654686,0.31296644,0.19192801,0.27083328,0.22492832,0.11558900028467178,0.24255619943141937,0.3417542278766632,0.38112038373947144,0.3829939663410187,0.331635057926178
3280,/usr/local/data/zahrat/workshop/dent_output/chexpert-swap-normal/pleural_effusion/seed3280/lambda_t_star5/style.png,0.115816355,0.9675723,0.96666145,0.9646581,0.9124675393104553,0.8154051899909973,0.444955438375473,0.35078665614128113,0.2965737581253052,0.19653235375881195,0.7124464,0.83108765,0.82482404,0.767262,0.7171587944030762,0.7685427069664001,0.7919985055923462,0.7671680450439453,0.7425330877304077,0.7221478819847107
2674,/usr/local/data/zahrat/workshop/dent_output/chexpert-swap-normal/pleural_effusion/seed2674/lambda_t_star5/style.png,0.1661844,0.9634842,0.96331316,0.9317046,0.8494898080825806,0.8069740533828735,0.7412005066871643,0.6479890942573547,0.41911429166793823,0.23631727695465088,0.30378705,0.7683948,0.42081067,0.6005402,0.6751890182495117,0.6741708517074585,0.6780993342399597,0.37990933656692505,0.2852465808391571,0.2936725914478302
2307,/usr/local/data/zahrat/workshop/dent_output/chexpert-swap-normal/pleural_effusion/seed2307/lambda_t_star5/style.png,0.05299308,0.9091683,0.8505098,0.80554587,0.7529957890510559,0.2940930128097534,0.20071616768836975,0.14348003268241882,0.09671466052532196,0.06798539310693741,0.03231753,0.0653816,0.050871383,0.034363575,0.03674640133976936,0.03625072166323662,0.03772260621190071,0.036060746759176254,0.035692762583494186,0.032771091908216476
1676,/usr/local/data/zahrat/workshop/dent_output/chexpert-swap-normal/pleural_effusion/seed1676/lambda_t_star5/style.png,0.041857935,0.98207754,0.9557011,0.9404063,0.9079264998435974,0.5901179313659668,0.4503249526023865,0.26544269919395447,0.11724993586540222,0.06281431019306183,0.85088265,0.9207508,0.8471401,0.8885714,0.8918665051460266,0.8628478050231934,0.8665225505828857,0.8621277213096619,0.8544740676879883,0.8483574986457825
2414,/usr/local/data/zahrat/workshop/dent_output/chexpert-swap-normal/pleural_effusion/seed2414/lambda_t_star5/style.png,0.06057626,0.9218469,0.62869245,0.45449024,0.36202430725097656,0.3643561899662018,0.40374845266342163,0.27487075328826904,0.19030475616455078,0.10425641387701035,0.050452277,0.07378094,0.1356097,0.08910994,0.09210673719644547,0.06976403295993805,0.059712886810302734,0.05469760298728943,0.05291898176074028,0.04897763952612877
2963,/usr/local/data/zahrat/workshop/dent_output/chexpert-swap-normal/pleural_effusion/seed2963/lambda_t_star5/style.png,0.029525466,0.18387675,0.20214882,0.1583565,0.10431550443172455,0.09908316284418106,0.07748624682426453,0.059285540133714676,0.04731176048517227,0.039164986461400986,0.07519522,0.08972114,0.082579024,0.089108214,0.06441321223974228,0.06903135031461716,0.07611404359340668,0.08977706730365753,0.09402787685394287,0.08577576279640198
1927,/usr/local/data/zahrat/workshop/dent_output/chexpert-swap-normal/pleural_effusion/seed1927/lambda_t_star5/style.png,0.10758982,0.7803459,0.63864017,0.42810768,0.3521471321582794,0.2686581015586853,0.2221849262714386,0.1843622326850891,0.15024638175964355,0.12385837733745575,0.9190051,0.88821375,0.89095145,0.9214093,0.9213542342185974,0.9241688847541809,0.9310429692268372,0.9246801733970642,0.9200234413146973,0.9174019694328308
2154,/usr/local/data/zahrat/workshop/dent_output/chexpert-swap-normal/pleural_effusion/seed2154/lambda_t_star5/style.png,0.086864434,0.9203722,0.8725761,0.42828494,0.26108941435813904,0.19044558703899384,0.1783446967601776,0.15109148621559143,0.1274484246969223,0.10123709589242935,0.097715825,0.6555411,0.42389676,0.6170283,0.4283081889152527,0.14299628138542175,0.1271713674068451,0.10497675091028214,0.09536996483802795,0.10488342493772507
2798,/usr/local/data/zahrat/workshop/dent_output/chexpert-swap-normal/pleural_effusion/seed2798/lambda_t_star5/style.png,0.025009051,0.68273157,0.6117413,0.42492187,0.3552786409854889,0.32530441880226135,0.15316233038902283,0.06336276233196259,0.04432012513279915,0.03444497659802437,0.08392026,0.41256145,0.2412646,0.6384282,0.565401554107666,0.5464904308319092,0.5292767882347107,0.27146854996681213,0.14312613010406494,0.0986308678984642
3166,/usr/local/data/zahrat/workshop/dent_output/chexpert-swap-normal/pleural_effusion/seed3166/lambda_t_star5/style.png,0.05163262,0.9600307,0.96044374,0.5828098,0.36613729596138,0.24304316937923431,0.17500343918800354,0.12993022799491882,0.1029636561870575,0.06825567036867142,0.20800556,0.5470882,0.7644836,0.37628737,0.36661040782928467,0.3691311180591583,0.391573041677475,0.3566938638687134,0.3078462481498718,0.2727019190788269
1557,/usr/local/data/zahrat/workshop/dent_output/chexpert-swap-normal/pleural_effusion/seed1557/lambda_t_star5/style.png,0.033270426,0.9684465,0.916734,0.48063108,0.27828139066696167,0.1483840048313141,0.09095277637243271,0.06184606999158859,0.04645926505327225,0.038055170327425,0.025899984,0.86185634,0.061905526,0.05626108,0.057685691863298416,0.04028579965233803,0.027958078309893608,0.027915384620428085,0.027089470997452736,0.02625764161348343
2913,/usr/local/data/zahrat/workshop/dent_output/chexpert-swap-normal/pleural_effusion/seed2913/lambda_t_star5/style.png,0.3266407,0.6926166,0.7235999,0.6606448,0.6248777508735657,0.5208072066307068,0.4291292428970337,0.37907013297080994,0.35003048181533813,0.3358142375946045,0.18058701,0.18346336,0.18814288,0.14687751,0.1771521121263504,0.1756783276796341,0.19158127903938293,0.18989771604537964,0.18989625573158264,0.19068241119384766
3129,/usr/local/data/zahrat/workshop/dent_output/chexpert-swap-normal/pleural_effusion/seed3129/lambda_t_star5/style.png,0.5709198,0.9141957,0.8771693,0.85789055,0.8455949425697327,0.8589629530906677,0.8398748636245728,0.8234935998916626,0.7298942804336548,0.6764772534370422,0.884084,0.9042197,0.87158316,0.8693292,0.8868765830993652,0.8869963884353638,0.8968961834907532,0.8828163146972656,0.8900715112686157,0.8881502151489258
1708,/usr/local/data/zahrat/workshop/dent_output/chexpert-swap-normal/pleural_effusion/seed1708/lambda_t_star5/style.png,0.15447609,0.96467793,0.9464911,0.830769,0.6768152713775635,0.5158957839012146,0.40835341811180115,0.2751733362674713,0.219918891787529,0.17765775322914124,0.65620124,0.77101773,0.760731,0.7532815,0.7599282264709473,0.7397115230560303,0.7196804881095886,0.7210767269134521,0.7051885724067688,0.6724556088447571
2772,/usr/local/data/zahrat/workshop/dent_output/chexpert-swap-normal/pleural_effusion/seed2772/lambda_t_star5/style.png,0.023133721,0.558193,0.10220358,0.096064195,0.0624815858900547,0.0543074905872345,0.04699127376079559,0.03678686544299126,0.030209792777895927,0.02743872068822384,0.026823524,0.94589174,0.9297061,0.89036363,0.8574689030647278,0.7616875767707825,0.060099951922893524,0.03908628597855568,0.029958050698041916,0.026458287611603737
2099,/usr/local/data/zahrat/workshop/dent_output/chexpert-swap-normal/pleural_effusion/seed2099/lambda_t_star5/style.png,0.10807468,0.98323625,0.97888523,0.95548314,0.9036005139350891,0.8117547035217285,0.5740464329719543,0.3889785408973694,0.2688784599304199,0.16238942742347717,0.37360644,0.79634964,0.7397372,0.5576394,0.6203442811965942,0.5910239815711975,0.5491374731063843,0.5148983001708984,0.4435584843158722,0.40204527974128723
2700,/usr/local/data/zahrat/workshop/dent_output/chexpert-swap-normal/pleural_effusion/seed2700/lambda_t_star5/style.png,0.03438616,0.917923,0.8810038,0.11625078,0.0823938399553299,0.07619453221559525,0.07312873750925064,0.0596659854054451,0.0573878176510334,0.04295262321829796,0.04262041,0.920108,0.9165259,0.7819028,0.07149086147546768,0.037257637828588486,0.0392342247068882,0.040639329701662064,0.039122309535741806,0.03976047411561012
2176,/usr/local/data/zahrat/workshop/dent_output/chexpert-swap-normal/pleural_effusion/seed2176/lambda_t_star5/style.png,0.08032722,0.94353515,0.7830579,0.54122627,0.48829129338264465,0.439499169588089,0.42199137806892395,0.2657783329486847,0.17661593854427338,0.12048091739416122,0.8769401,0.8537648,0.8921484,0.8707085,0.8998068571090698,0.9107992649078369,0.9055367112159729,0.9052010774612427,0.8892876505851746,0.8738067746162415
3114,/usr/local/data/zahrat/workshop/dent_output/chexpert-swap-normal/pleural_effusion/seed3114/lambda_t_star5/style.png,0.24399805,0.8830194,0.8133498,0.74201006,0.6700683832168579,0.5952936410903931,0.5045154690742493,0.42826318740844727,0.3473352789878845,0.28352412581443787,0.08428667,0.21824178,0.12297369,0.07183283,0.07897751033306122,0.08524320274591446,0.08497187495231628,0.08772171288728714,0.08532362431287766,0.09302585572004318
1555,/usr/local/data/zahrat/workshop/dent_output/chexpert-swap-normal/pleural_effusion/seed1555/lambda_t_star5/style.png,0.123981,0.9357085,0.91076505,0.87430966,0.8442197442054749,0.8346922397613525,0.6392107605934143,0.347663938999176,0.20210596919059753,0.15901575982570648,0.04964888,0.09417703,0.04455373,0.085172266,0.09075074642896652,0.09512480348348618,0.081232450902462,0.07001012563705444,0.06309350579977036,0.05566427484154701
2167,/usr/local/data/zahrat/workshop/dent_output/chexpert-swap-normal/pleural_effusion/seed2167/lambda_t_star5/style.png,0.030067785,0.4364464,0.1105619,0.043395173,0.03964924067258835,0.03910839185118675,0.0420367605984211,0.04293062165379524,0.036449167877435684,0.03270012512803078,0.862836,0.7182041,0.91482294,0.8871498,0.8818612098693848,0.8835351467132568,0.8895166516304016,0.8803413510322571,0.87163907289505,0.868840754032135
3318,/usr/local/data/zahrat/workshop/dent_output/chexpert-swap-normal/pleural_effusion/seed3318/lambda_t_star5/style.png,0.10168706,0.4631413,0.5401347,0.4581389,0.293192058801651,0.27874597907066345,0.22557467222213745,0.17932145297527313,0.14746370911598206,0.1179581880569458,0.028300617,0.15023781,0.47014102,0.03583167,0.035823721438646317,0.03571048006415367,0.03303922340273857,0.02964179217815399,0.028791628777980804,0.030725816264748573
1776,/usr/local/data/zahrat/workshop/dent_output/chexpert-swap-normal/pleural_effusion/seed1776/lambda_t_star5/style.png,0.39589396,0.87177926,0.7327123,0.6219885,0.4847877323627472,0.4531362056732178,0.48432624340057373,0.4924846887588501,0.4686844050884247,0.43486443161964417,0.92650735,0.7679469,0.8466036,0.8832036,0.9050742387771606,0.9060013890266418,0.9181215763092041,0.9247797727584839,0.9280598759651184,0.9277893304824829
1817,/usr/local/data/zahrat/workshop/dent_output/chexpert-swap-normal/pleural_effusion/seed1817/lambda_t_star5/style.png,0.57351553,0.9332247,0.88908464,0.85481745,0.8385190963745117,0.7977295517921448,0.7313496470451355,0.7354800701141357,0.6962386965751648,0.6382917165756226,0.8348106,0.8124064,0.79157263,0.809353,0.8357158899307251,0.8601869940757751,0.8644344806671143,0.8513378500938416,0.8418290615081787,0.8392760753631592
1895,/usr/local/data/zahrat/workshop/dent_output/chexpert-swap-normal/pleural_effusion/seed1895/lambda_t_star5/style.png,0.015502769,0.8258989,0.68037224,0.046387658,0.032573483884334564,0.02690349519252777,0.024802519008517265,0.02461879514157772,0.021853962913155556,0.019518163055181503,0.63567126,0.11714224,0.07508573,0.5218361,0.5542314052581787,0.674613893032074,0.6642009019851685,0.6825706362724304,0.6502696871757507,0.6252597570419312
3244,/usr/local/data/zahrat/workshop/dent_output/chexpert-swap-normal/pleural_effusion/seed3244/lambda_t_star5/style.png,0.07068544,0.9595117,0.91220766,0.61465245,0.5429708361625671,0.18646498024463654,0.1526254117488861,0.11986438184976578,0.10185917466878891,0.07601495832204819,0.030355848,0.24116006,0.19863515,0.19632414,0.06155434250831604,0.04450962319970131,0.039174407720565796,0.03748040273785591,0.03572101518511772,0.03378772363066673
2013,/usr/local/data/zahrat/workshop/dent_output/chexpert-swap-normal/pleural_effusion/seed2013/lambda_t_star5/style.png,0.068868905,0.8788666,0.77941126,0.59997785,0.3586168587207794,0.5749300122261047,0.5492492318153381,0.2813511788845062,0.1612226516008377,0.11523444950580597,0.080230415,0.054676577,0.05488671,0.090377025,0.1031256839632988,0.07816030830144882,0.08721864223480225,0.08797325193881989,0.07923926413059235,0.07339911162853241
3123,/usr/local/data/zahrat/workshop/dent_output/chexpert-swap-normal/pleural_effusion/seed3123/lambda_t_star5/style.png,0.097552925,0.9514299,0.96090925,0.9536035,0.9345762729644775,0.9046410322189331,0.49910515546798706,0.32122597098350525,0.1930593103170395,0.137526273727417,0.19034399,0.143137,0.15206298,0.31426138,0.308854877948761,0.3718582093715668,0.3323177099227905,0.2911355793476105,0.25001150369644165,0.22708207368850708
2570,/usr/local/data/zahrat/workshop/dent_output/chexpert-swap-normal/pleural_effusion/seed2570/lambda_t_star5/style.png,0.10228921,0.9208628,0.83124286,0.7859321,0.6844256520271301,0.5677371621131897,0.5018210411071777,0.4333929419517517,0.36100804805755615,0.18722864985466003,0.5028578,0.85847795,0.72723377,0.78788024,0.6999307870864868,0.6349982619285583,0.6554325222969055,0.6052430272102356,0.5888878107070923,0.5539920330047607
2463,/usr/local/data/zahrat/workshop/dent_output/chexpert-swap-normal/pleural_effusion/seed2463/lambda_t_star5/style.png,0.06166654,0.93564516,0.94849324,0.8316607,0.732387900352478,0.687808096408844,0.6594091057777405,0.5863040089607239,0.34397217631340027,0.11917369812726974,0.6121992,0.71638227,0.8546438,0.75640726,0.7568324208259583,0.800923764705658,0.8030532002449036,0.7761181592941284,0.7149747014045715,0.6702989935874939
2138,/usr/local/data/zahrat/workshop/dent_output/chexpert-swap-normal/pleural_effusion/seed2138/lambda_t_star5/style.png,0.025524471,0.7708804,0.5714149,0.3700821,0.24316401779651642,0.15435194969177246,0.07532462477684021,0.052444830536842346,0.03931855037808418,0.03288846090435982,0.9164908,0.94042784,0.9497104,0.9410395,0.9439978003501892,0.9366167783737183,0.9294508695602417,0.9175565242767334,0.913090705871582,0.9183499813079834
3312,/usr/local/data/zahrat/workshop/dent_output/chexpert-swap-normal/pleural_effusion/seed3312/lambda_t_star5/style.png,0.039955426,0.9785211,0.93940777,0.88762826,0.8856952786445618,0.8785359859466553,0.37069663405418396,0.13521185517311096,0.09401413798332214,0.0588088296353817,0.36868718,0.80153245,0.7750808,0.27960646,0.32651573419570923,0.22060348093509674,0.18298347294330597,0.24044625461101532,0.4104630947113037,0.4038688838481903
2711,/usr/local/data/zahrat/workshop/dent_output/chexpert-swap-normal/pleural_effusion/seed2711/lambda_t_star5/style.png,0.013513071,0.86105114,0.7685097,0.59433186,0.330220490694046,0.21672804653644562,0.0832052007317543,0.04088037088513374,0.02361871488392353,0.017781414091587067,0.16740845,0.40574235,0.32468322,0.455481,0.4161882996559143,0.2608003318309784,0.21842703223228455,0.2085929661989212,0.18613798916339874,0.18902119994163513
2794,/usr/local/data/zahrat/workshop/dent_output/chexpert-swap-normal/pleural_effusion/seed2794/lambda_t_star5/style.png,0.071748465,0.96670824,0.9569108,0.95918566,0.9232770204544067,0.35464227199554443,0.2113465815782547,0.15782225131988525,0.1274232268333435,0.0912104994058609,0.9111569,0.93075323,0.9372137,0.95058185,0.9031237363815308,0.9055739045143127,0.911625862121582,0.9064324498176575,0.9088192582130432,0.9056930541992188
3300,/usr/local/data/zahrat/workshop/dent_output/chexpert-swap-normal/pleural_effusion/seed3300/lambda_t_star5/style.png,0.018373748,0.93667036,0.7423948,0.31593227,0.2542980909347534,0.06548784673213959,0.042590562254190445,0.03398990258574486,0.028221091255545616,0.022223012521862984,0.86218435,0.8168299,0.83838063,0.8121552,0.7952943444252014,0.8432731628417969,0.8472090363502502,0.8551450967788696,0.8544295430183411,0.859338641166687
2347,/usr/local/data/zahrat/workshop/dent_output/chexpert-swap-normal/pleural_effusion/seed2347/lambda_t_star5/style.png,0.10302236,0.90462077,0.8784394,0.84947884,0.7007344365119934,0.44894012808799744,0.32081884145736694,0.23714028298854828,0.1703430712223053,0.1274101585149765,0.9409925,0.9343125,0.93138504,0.91469747,0.9046995043754578,0.9109418988227844,0.9191626310348511,0.9241659641265869,0.9350430965423584,0.9426610469818115
1603,/usr/local/data/zahrat/workshop/dent_output/chexpert-swap-normal/pleural_effusion/seed1603/lambda_t_star5/style.png,0.23256283,0.9836802,0.9784685,0.9668258,0.923775315284729,0.9506320357322693,0.8586372137069702,0.6635602712631226,0.49354931712150574,0.3379361927509308,0.7372442,0.7465263,0.7609361,0.76526403,0.8090247511863708,0.7958071827888489,0.8469395637512207,0.8182241916656494,0.7972095608711243,0.7573575377464294
3094,/usr/local/data/zahrat/workshop/dent_output/chexpert-swap-normal/pleural_effusion/seed3094/lambda_t_star5/style.png,0.02441403,0.9529856,0.95283943,0.94377434,0.9258844256401062,0.732609212398529,0.2786289155483246,0.11049610376358032,0.06497015058994293,0.03607025370001793,0.056800514,0.13112816,0.10263381,0.09079451,0.09899356961250305,0.09583732485771179,0.0771854817867279,0.08076673746109009,0.0661102831363678,0.061005644500255585
3046,/usr/local/data/zahrat/workshop/dent_output/chexpert-swap-normal/pleural_effusion/seed3046/lambda_t_star5/style.png,0.08751922,0.95867276,0.9431874,0.9336484,0.9062948226928711,0.8444632887840271,0.6413140892982483,0.4963551163673401,0.2451421618461609,0.13143210113048553,0.19995372,0.8416664,0.81341773,0.75393635,0.7394787669181824,0.6830666065216064,0.3181694746017456,0.24627311527729034,0.2653687000274658,0.2319243997335434
2753,/usr/local/data/zahrat/workshop/dent_output/chexpert-swap-normal/pleural_effusion/seed2753/lambda_t_star5/style.png,0.13072728,0.6598594,0.72980833,0.7084784,0.6003498435020447,0.4168700575828552,0.27223697304725647,0.20873673260211945,0.1794835478067398,0.14786860346794128,0.068054795,0.15034887,0.17795032,0.15659252,0.15009063482284546,0.13188505172729492,0.10931520164012909,0.10044148564338684,0.09215378761291504,0.08266106992959976
3326,/usr/local/data/zahrat/workshop/dent_output/chexpert-swap-normal/pleural_effusion/seed3326/lambda_t_star5/style.png,0.0451344,0.5185356,0.5692007,0.2145261,0.09978342056274414,0.06836391985416412,0.059552066028118134,0.051891814917325974,0.0459393747150898,0.049005843698978424,0.032870077,0.2302717,0.15488356,0.045836817,0.034732259809970856,0.03991660475730896,0.04160292446613312,0.04144563525915146,0.03690491244196892,0.03684113174676895
2924,/usr/local/data/zahrat/workshop/dent_output/chexpert-swap-normal/pleural_effusion/seed2924/lambda_t_star5/style.png,0.18236394,0.988684,0.9749596,0.9743518,0.9781991243362427,0.9549992084503174,0.8992995619773865,0.5967493057250977,0.37034016847610474,0.28086674213409424,0.57512337,0.817323,0.8541914,0.85266674,0.8745672106742859,0.857125997543335,0.7836160063743591,0.7289755940437317,0.6154898405075073,0.5816092491149902
2058,/usr/local/data/zahrat/workshop/dent_output/chexpert-swap-normal/pleural_effusion/seed2058/lambda_t_star5/style.png,0.08879149,0.88429236,0.740062,0.6927013,0.3904862701892853,0.23206305503845215,0.15321218967437744,0.12489109486341476,0.10769905894994736,0.0995832234621048,0.03683978,0.03509132,0.03715969,0.04874642,0.04434867203235626,0.06470656394958496,0.05742787942290306,0.04273629188537598,0.04119695723056793,0.03923313692212105
2562,/usr/local/data/zahrat/workshop/dent_output/chexpert-swap-normal/pleural_effusion/seed2562/lambda_t_star5/style.png,0.11551748,0.9895465,0.92886454,0.6831866,0.7619660496711731,0.4706655442714691,0.25156402587890625,0.19528119266033173,0.18603642284870148,0.15837202966213226,0.11533731,0.6249922,0.37353903,0.37351164,0.3248360753059387,0.33796098828315735,0.2588655948638916,0.1701665073633194,0.14209450781345367,0.1337733417749405
2335,/usr/local/data/zahrat/workshop/dent_output/chexpert-swap-normal/pleural_effusion/seed2335/lambda_t_star5/style.png,0.07131134,0.5216261,0.3946983,0.14717524,0.1281254142522812,0.11475835740566254,0.10419238358736038,0.09367933869361877,0.08571524173021317,0.07744596153497696,0.18877807,0.82390267,0.22743838,0.40740383,0.4293157458305359,0.5031973719596863,0.3364730179309845,0.22565118968486786,0.21840055286884308,0.17021696269512177
2147,/usr/local/data/zahrat/workshop/dent_output/chexpert-swap-normal/pleural_effusion/seed2147/lambda_t_star5/style.png,0.076936565,0.96523774,0.95480245,0.9545428,0.9112415313720703,0.8688864707946777,0.5342069268226624,0.26165783405303955,0.1659260243177414,0.10906091332435608,0.023394646,0.03250791,0.031144392,0.032314714,0.033872272819280624,0.03002971038222313,0.028420861810445786,0.027062570676207542,0.02744167484343052,0.025547463446855545
3383,/usr/local/data/zahrat/workshop/dent_output/chexpert-swap-normal/pleural_effusion/seed3383/lambda_t_star5/style.png,0.06297783,0.94311595,0.9301823,0.9193294,0.890074610710144,0.5379961729049683,0.36185404658317566,0.2102241963148117,0.13668400049209595,0.08868478983640671,0.8590509,0.9112147,0.8777731,0.85550606,0.8416572213172913,0.8707295656204224,0.8717612624168396,0.8796501755714417,0.884879469871521,0.8736982941627502
1558,/usr/local/data/zahrat/workshop/dent_output/chexpert-swap-normal/pleural_effusion/seed1558/lambda_t_star5/style.png,0.16814922,0.8192748,0.76387465,0.7490468,0.7386681437492371,0.6820008754730225,0.5987780690193176,0.4627039134502411,0.3022572994232178,0.20805376768112183,0.04669608,0.26739642,0.1881433,0.14995733,0.11134342104196548,0.0960150957107544,0.09012618660926819,0.08044973015785217,0.06390205025672913,0.052464574575424194
1843,/usr/local/data/zahrat/workshop/dent_output/chexpert-swap-normal/pleural_effusion/seed1843/lambda_t_star5/style.png,0.021611078,0.9717997,0.7678752,0.11604121,0.07031755149364471,0.05967250466346741,0.0478869266808033,0.03535669669508934,0.0287393257021904,0.025875963270664215,0.05977014,0.93355006,0.9450941,0.9552233,0.9607763886451721,0.13839024305343628,0.08123832941055298,0.08767592906951904,0.084429070353508,0.0702301636338234
3138,/usr/local/data/zahrat/workshop/dent_output/chexpert-swap-normal/pleural_effusion/seed3138/lambda_t_star5/style.png,0.12071871,0.63045245,0.4947982,0.33410245,0.2635616362094879,0.20617181062698364,0.19889894127845764,0.1653735488653183,0.15099786221981049,0.13559576869010925,0.027210899,0.04763466,0.020635318,0.021498716,0.023270027711987495,0.025476068258285522,0.027034159749746323,0.02919047139585018,0.02803262323141098,0.030135400593280792
3162,/usr/local/data/zahrat/workshop/dent_output/chexpert-swap-normal/pleural_effusion/seed3162/lambda_t_star5/style.png,0.07084431,0.9650321,0.8438671,0.90853983,0.8978645205497742,0.5598415732383728,0.2668669819831848,0.2251606285572052,0.24158667027950287,0.131142720580101,0.87561226,0.8830399,0.91286665,0.9151524,0.9012849926948547,0.9214043617248535,0.9194345474243164,0.9137119054794312,0.9127612113952637,0.8980492353439331
3391,/usr/local/data/zahrat/workshop/dent_output/chexpert-swap-normal/pleural_effusion/seed3391/lambda_t_star5/style.png,0.030578282,0.936885,0.9165995,0.7746945,0.6397591829299927,0.44265127182006836,0.15646420419216156,0.0839189887046814,0.05667346715927124,0.044400013983249664,0.5780095,0.92535126,0.9340832,0.92046744,0.9230000972747803,0.9254544377326965,0.9063844680786133,0.8398392200469971,0.8103808760643005,0.7192529439926147
1826,/usr/local/data/zahrat/workshop/dent_output/chexpert-swap-normal/pleural_effusion/seed1826/lambda_t_star5/style.png,0.06295594,0.95942897,0.91439736,0.8980274,0.8370279669761658,0.6606382131576538,0.4306904673576355,0.296504944562912,0.16926388442516327,0.09364602714776993,0.17422377,0.8163908,0.8241206,0.81074154,0.22573143243789673,0.44965919852256775,0.3431302011013031,0.48066720366477966,0.28033050894737244,0.20072324573993683
2030,/usr/local/data/zahrat/workshop/dent_output/chexpert-swap-normal/pleural_effusion/seed2030/lambda_t_star5/style.png,0.024960328,0.36852753,0.11573268,0.08673276,0.061168137937784195,0.05317888781428337,0.046409543603658676,0.040120381861925125,0.03496762365102768,0.02936999499797821,0.20409448,0.86096424,0.8259261,0.8603449,0.8750079870223999,0.8479445576667786,0.8263788223266602,0.7443135976791382,0.5302323698997498,0.30109134316444397
2381,/usr/local/data/zahrat/workshop/dent_output/chexpert-swap-normal/pleural_effusion/seed2381/lambda_t_star5/style.png,0.042845685,0.8824999,0.5539158,0.6657309,0.3323158919811249,0.06250026822090149,0.058918893337249756,0.05129094049334526,0.05064787715673447,0.0452953465282917,0.07420303,0.19287679,0.18390201,0.14929573,0.11592420935630798,0.3358916938304901,0.11014445871114731,0.09112267196178436,0.09317989647388458,0.09458910673856735
1688,/usr/local/data/zahrat/workshop/dent_output/chexpert-swap-normal/pleural_effusion/seed1688/lambda_t_star5/style.png,0.20200227,0.9820057,0.9348451,0.9517155,0.9351722002029419,0.9160423874855042,0.87445467710495,0.7346279621124268,0.592465877532959,0.39911898970603943,0.12236897,0.7064761,0.90439665,0.919698,0.7096932530403137,0.10460998862981796,0.12345010042190552,0.13843517005443573,0.14078742265701294,0.13513265550136566
3065,/usr/local/data/zahrat/workshop/dent_output/chexpert-swap-normal/pleural_effusion/seed3065/lambda_t_star5/style.png,0.04620202,0.7300454,0.73011297,0.56454057,0.4714554250240326,0.35758304595947266,0.25358304381370544,0.16593989729881287,0.09434796869754791,0.06864098459482193,0.11571919,0.51796305,0.2561063,0.16966401,0.12804213166236877,0.12698957324028015,0.1135026067495346,0.10225221514701843,0.10857906937599182,0.11534406244754791
2793,/usr/local/data/zahrat/workshop/dent_output/chexpert-swap-normal/pleural_effusion/seed2793/lambda_t_star5/style.png,0.12175256,0.9734875,0.94612604,0.92784506,0.7966458797454834,0.5137644410133362,0.4196103811264038,0.36717042326927185,0.3038650453090668,0.2013336718082428,0.8892746,0.94174886,0.9672599,0.9368459,0.9223998785018921,0.9139320850372314,0.8988773226737976,0.8878045678138733,0.8933095335960388,0.8956254720687866
2371,/usr/local/data/zahrat/workshop/dent_output/chexpert-swap-normal/pleural_effusion/seed2371/lambda_t_star5/style.png,0.042022,0.8442806,0.7442417,0.5799629,0.25198110938072205,0.16535618901252747,0.13240446150302887,0.10066777467727661,0.07613886147737503,0.05246132239699364,0.07089054,0.3655297,0.678987,0.55868006,0.3906969726085663,0.1603161096572876,0.10521171987056732,0.08814288675785065,0.08370296657085419,0.07823672890663147
3179,/usr/local/data/zahrat/workshop/dent_output/chexpert-swap-normal/pleural_effusion/seed3179/lambda_t_star5/style.png,0.043573912,0.93586844,0.91726375,0.54619044,0.23029424250125885,0.1536867767572403,0.10146452486515045,0.07951875030994415,0.06531806290149689,0.05680609494447708,0.17654398,0.63106394,0.7810962,0.86224806,0.6328805685043335,0.3390877842903137,0.1960725635290146,0.1722184717655182,0.1608213484287262,0.16934895515441895
2694,/usr/local/data/zahrat/workshop/dent_output/chexpert-swap-normal/pleural_effusion/seed2694/lambda_t_star5/style.png,0.04748947,0.686983,0.401737,0.28250915,0.1369556188583374,0.10512341558933258,0.08632984757423401,0.07137155532836914,0.05945250764489174,0.05413829907774925,0.05013822,0.8148358,0.85780853,0.893386,0.4940299093723297,0.20719607174396515,0.10245836526155472,0.07446800917387009,0.05875317379832268,0.058704447001218796
2401,/usr/local/data/zahrat/workshop/dent_output/chexpert-swap-normal/pleural_effusion/seed2401/lambda_t_star5/style.png,0.093379535,0.96529216,0.94577885,0.92247355,0.7929796576499939,0.6742632389068604,0.46190986037254333,0.2580249011516571,0.18277408182621002,0.12856440246105194,0.8821701,0.8648522,0.88666403,0.8644925,0.8128988146781921,0.8208349347114563,0.8457896709442139,0.8517916798591614,0.8622614741325378,0.8730176091194153
2064,/usr/local/data/zahrat/workshop/dent_output/chexpert-swap-normal/pleural_effusion/seed2064/lambda_t_star5/style.png,0.11143725,0.9422966,0.87996244,0.36716047,0.2508373260498047,0.18962106108665466,0.17836502194404602,0.15526479482650757,0.1422204226255417,0.12910322844982147,0.1817867,0.6837894,0.41514835,0.77655745,0.740818440914154,0.6313101649284363,0.5743868350982666,0.49429866671562195,0.4107986092567444,0.26704642176628113
2056,/usr/local/data/zahrat/workshop/dent_output/chexpert-swap-normal/pleural_effusion/seed2056/lambda_t_star5/style.png,0.06365289,0.9580215,0.9487331,0.910069,0.7505890130996704,0.7171550989151001,0.40103137493133545,0.20850136876106262,0.12951695919036865,0.0981287807226181,0.5194427,0.8681191,0.8401182,0.86543214,0.8753926753997803,0.8312810063362122,0.7192639112472534,0.7411106824874878,0.6564347147941589,0.5781576037406921
1710,/usr/local/data/zahrat/workshop/dent_output/chexpert-swap-normal/pleural_effusion/seed1710/lambda_t_star5/style.png,0.07553951,0.9623089,0.9636449,0.8485714,0.5637866854667664,0.42077815532684326,0.3012109100818634,0.25637033581733704,0.1694093495607376,0.10424638539552689,0.040773116,0.80274636,0.74805135,0.17860271,0.0895170196890831,0.053015612065792084,0.04648921638727188,0.045615844428539276,0.041803713887929916,0.04190628603100777
2635,/usr/local/data/zahrat/workshop/dent_output/chexpert-swap-normal/pleural_effusion/seed2635/lambda_t_star5/style.png,0.1669388,0.95252675,0.9023337,0.8381806,0.8191120624542236,0.6317436695098877,0.41676223278045654,0.28021240234375,0.21020594239234924,0.1887621283531189,0.073883824,0.20190376,0.22925667,0.15670747,0.203389972448349,0.2331669181585312,0.21361638605594635,0.11622317880392075,0.09450343996286392,0.08295764774084091
3169,/usr/local/data/zahrat/workshop/dent_output/chexpert-swap-normal/pleural_effusion/seed3169/lambda_t_star5/style.png,0.048677817,0.9713,0.97190577,0.97316056,0.967972993850708,0.7046480774879456,0.5901806950569153,0.36232566833496094,0.15550807118415833,0.07537423819303513,0.25874284,0.94700944,0.90944666,0.928826,0.9263796806335449,0.8028073906898499,0.661569356918335,0.4866534471511841,0.3905148208141327,0.26594874262809753
3283,/usr/local/data/zahrat/workshop/dent_output/chexpert-swap-normal/pleural_effusion/seed3283/lambda_t_star5/style.png,0.03021493,0.9207617,0.60948366,0.26328394,0.18606950342655182,0.05639267340302467,0.0486699678003788,0.045407734811306,0.03910047188401222,0.037084974348545074,0.23643106,0.2294401,0.2512327,0.37372428,0.5040101408958435,0.49908673763275146,0.47264695167541504,0.40152227878570557,0.36393070220947266,0.3005754351615906
3029,/usr/local/data/zahrat/workshop/dent_output/chexpert-swap-normal/pleural_effusion/seed3029/lambda_t_star5/style.png,0.18617038,0.927237,0.89871925,0.90647644,0.8739286065101624,0.8483155369758606,0.7340165376663208,0.6950896978378296,0.5055279731750488,0.29812946915626526,0.28485498,0.50132763,0.5317783,0.5818562,0.5961472392082214,0.554469645023346,0.5412722229957581,0.5276985168457031,0.44252723455429077,0.3856508433818817
2693,/usr/local/data/zahrat/workshop/dent_output/chexpert-swap-normal/pleural_effusion/seed2693/lambda_t_star5/style.png,0.27328265,0.983422,0.9738463,0.96952313,0.954623281955719,0.9202805757522583,0.8456588983535767,0.6869814991950989,0.5797460079193115,0.40448805689811707,0.10422049,0.7234585,0.24265352,0.10777853,0.10972125828266144,0.08906970918178558,0.09068962186574936,0.11166857928037643,0.12453138083219528,0.12031546980142593
1513,/usr/local/data/zahrat/workshop/dent_output/chexpert-swap-normal/pleural_effusion/seed1513/lambda_t_star5/style.png,0.33641562,0.98415864,0.98958325,0.96809286,0.8714093565940857,0.7411080002784729,0.6413085460662842,0.5954062938690186,0.5186711549758911,0.4365062713623047,0.14821076,0.9063327,0.74109703,0.6721226,0.3668465316295624,0.3117130696773529,0.2342585176229477,0.2314811646938324,0.1785488873720169,0.1748005896806717
2730,/usr/local/data/zahrat/workshop/dent_output/chexpert-swap-normal/pleural_effusion/seed2730/lambda_t_star5/style.png,0.031467617,0.8772938,0.40655544,0.15278518,0.0728759765625,0.06421221792697906,0.05010963976383209,0.043199848383665085,0.04216078296303749,0.0351962149143219,0.8825534,0.7984033,0.8946977,0.90309787,0.8954223990440369,0.8631851673126221,0.8776482939720154,0.8745563626289368,0.872934103012085,0.8798077702522278
2383,/usr/local/data/zahrat/workshop/dent_output/chexpert-swap-normal/pleural_effusion/seed2383/lambda_t_star5/style.png,0.009189256,0.73299587,0.7805911,0.35306373,0.23599955439567566,0.0745772272348404,0.021666543558239937,0.015504740178585052,0.012989978305995464,0.011072087101638317,0.45402196,0.84942466,0.8395895,0.8139922,0.7808865308761597,0.7643498182296753,0.7769055366516113,0.6617376208305359,0.5622068047523499,0.5331842303276062
2135,/usr/local/data/zahrat/workshop/dent_output/chexpert-swap-normal/pleural_effusion/seed2135/lambda_t_star5/style.png,0.10306606,0.92286646,0.8659988,0.8585422,0.8425151109695435,0.8640272617340088,0.34366509318351746,0.2385970950126648,0.1872352957725525,0.14235863089561462,0.22316043,0.8177515,0.88740206,0.8520798,0.8550983667373657,0.8246775269508362,0.7245330810546875,0.5243800282478333,0.33315542340278625,0.2837403416633606
1623,/usr/local/data/zahrat/workshop/dent_output/chexpert-swap-normal/pleural_effusion/seed1623/lambda_t_star5/style.png,0.035979457,0.88852775,0.39624664,0.4095133,0.4903124272823334,0.28007760643959045,0.14978677034378052,0.08344706147909164,0.06123465672135353,0.04308620095252991,0.08210552,0.9300346,0.9463204,0.92280823,0.8305774331092834,0.1292414665222168,0.11212517321109772,0.08156991004943848,0.08525549620389938,0.07719264924526215
2985,/usr/local/data/zahrat/workshop/dent_output/chexpert-swap-normal/pleural_effusion/seed2985/lambda_t_star5/style.png,0.04200281,0.79351175,0.7756313,0.75347555,0.5336487889289856,0.35710281133651733,0.21420031785964966,0.13317009806632996,0.0914800837635994,0.06275414675474167,0.13217485,0.5931603,0.5162077,0.25350806,0.212919682264328,0.20213665068149567,0.19314445555210114,0.17659199237823486,0.16053321957588196,0.14024661481380463
2046,/usr/local/data/zahrat/workshop/dent_output/chexpert-swap-normal/pleural_effusion/seed2046/lambda_t_star5/style.png,0.04022263,0.9399154,0.8919931,0.8544146,0.5579760074615479,0.3488823473453522,0.2119716852903366,0.1256333887577057,0.07932260632514954,0.05447226017713547,0.8907349,0.84875506,0.8349963,0.8657791,0.9062843918800354,0.9106751680374146,0.9106819033622742,0.9027954339981079,0.904296875,0.8955931067466736
2640,/usr/local/data/zahrat/workshop/dent_output/chexpert-swap-normal/pleural_effusion/seed2640/lambda_t_star5/style.png,0.20955811,0.3867226,0.37832132,0.3034287,0.32575488090515137,0.3083176910877228,0.29302945733070374,0.25986263155937195,0.2497989982366562,0.23283971846103668,0.06131121,0.123436525,0.060116444,0.05867976,0.08402121067047119,0.09000225365161896,0.09324391931295395,0.07401897013187408,0.07399389147758484,0.06407111883163452
2751,/usr/local/data/zahrat/workshop/dent_output/chexpert-swap-normal/pleural_effusion/seed2751/lambda_t_star5/style.png,0.19449519,0.51545316,0.27539665,0.24785538,0.21613702178001404,0.20834611356258392,0.20449967682361603,0.19955559074878693,0.2025405913591385,0.20016905665397644,0.403145,0.84712064,0.5293626,0.24008095,0.33672502636909485,0.32867690920829773,0.4482249617576599,0.48611029982566833,0.3842771053314209,0.44705063104629517
3208,/usr/local/data/zahrat/workshop/dent_output/chexpert-swap-normal/pleural_effusion/seed3208/lambda_t_star5/style.png,0.03415246,0.7457289,0.6016463,0.47326335,0.43623313307762146,0.3930729031562805,0.30904632806777954,0.18986713886260986,0.09610520303249359,0.05477546900510788,0.07772434,0.8077271,0.31113186,0.84828043,0.8827755451202393,0.8721632361412048,0.8833589553833008,0.10178669542074203,0.08522307872772217,0.07877358794212341
2341,/usr/local/data/zahrat/workshop/dent_output/chexpert-swap-normal/pleural_effusion/seed2341/lambda_t_star5/style.png,0.05065415,0.18361937,0.12518689,0.09613439,0.0697924941778183,0.06013917177915573,0.05760227143764496,0.05565983057022095,0.05381873995065689,0.05267699435353279,0.06133075,0.44197837,0.38055745,0.28557736,0.27829059958457947,0.23200275003910065,0.17498134076595306,0.10336636751890182,0.08311304450035095,0.06819700449705124
1541,/usr/local/data/zahrat/workshop/dent_output/chexpert-swap-normal/pleural_effusion/seed1541/lambda_t_star5/style.png,0.11409776,0.5548805,0.46202773,0.3348773,0.2566909193992615,0.25398680567741394,0.18411457538604736,0.15101775527000427,0.12510915100574493,0.12533076107501984,0.18241201,0.17683348,0.19459389,0.14340019,0.10463603585958481,0.12725508213043213,0.17224322259426117,0.1835356056690216,0.19306322932243347,0.18763959407806396
2648,/usr/local/data/zahrat/workshop/dent_output/chexpert-swap-normal/pleural_effusion/seed2648/lambda_t_star5/style.png,0.11822494,0.92583895,0.79728484,0.8077625,0.6903558373451233,0.5163615345954895,0.27186399698257446,0.19507256150245667,0.14874237775802612,0.12903836369514465,0.029523028,0.02288559,0.028839707,0.028979342,0.03150085732340813,0.05444921553134918,0.0552544929087162,0.04228654131293297,0.035218268632888794,0.02860725112259388
2843,/usr/local/data/zahrat/workshop/dent_output/chexpert-swap-normal/pleural_effusion/seed2843/lambda_t_star5/style.png,0.069711104,0.88096696,0.8471415,0.8814171,0.44768160581588745,0.49475881457328796,0.45807936787605286,0.3953900635242462,0.2587473392486572,0.10757972300052643,0.21068062,0.8710141,0.7999545,0.8013906,0.4993742108345032,0.25776612758636475,0.24506573379039764,0.24110671877861023,0.2349046915769577,0.22601835429668427
1980,/usr/local/data/zahrat/workshop/dent_output/chexpert-swap-normal/pleural_effusion/seed1980/lambda_t_star5/style.png,0.082096905,0.97701675,0.95390594,0.77567357,0.6705807447433472,0.5770981311798096,0.4691959619522095,0.34794411063194275,0.20821288228034973,0.12139303237199783,0.098223425,0.28220662,0.4530401,0.37202412,0.47366398572921753,0.39067667722702026,0.3517448902130127,0.30093979835510254,0.1561562418937683,0.11985322833061218
3379,/usr/local/data/zahrat/workshop/dent_output/chexpert-swap-normal/pleural_effusion/seed3379/lambda_t_star5/style.png,0.04139849,0.97790796,0.93266976,0.93245816,0.7439731359481812,0.39389586448669434,0.19187384843826294,,,,0.12076943,0.7969835,0.7981853,0.60708535,0.2114723175764084,0.13913503289222717,0.14117476344108582,,,
2340,/usr/local/data/zahrat/workshop/dent_output/chexpert-swap-normal/pleural_effusion/seed2340/lambda_t_star5/style.png,0.04195908,0.9598382,0.935498,0.9435756,0.8791258931159973,0.8535128831863403,0.28811877965927124,0.12260688096284866,0.07982112467288971,0.059154774993658066,0.2079702,0.8554467,0.9687271,0.8125198,0.8235799074172974,0.737504243850708,0.48028334975242615,0.20401343703269958,0.20553885400295258,0.19967028498649597
2324,/usr/local/data/zahrat/workshop/dent_output/chexpert-swap-normal/pleural_effusion/seed2324/lambda_t_star5/style.png,0.22422162,0.6711812,0.27658534,0.34864956,0.3484590947628021,0.3223932087421417,0.31345462799072266,0.2775800824165344,0.25585654377937317,0.25223079323768616,0.025231645,0.17241803,0.102460414,0.12652132,0.07579472661018372,0.03870369866490364,0.03512677550315857,0.02897099032998085,0.029993651434779167,0.028405414894223213
1938,/usr/local/data/zahrat/workshop/dent_output/chexpert-swap-normal/pleural_effusion/seed1938/lambda_t_star5/style.png,0.05086892,0.94596153,0.6242799,0.32995313,0.2482789307832718,0.12581123411655426,0.09719609469175339,0.08119838684797287,0.06881953775882721,0.05647406727075577,0.10784406,0.7048743,0.39454293,0.58674675,0.24278321862220764,0.2733919322490692,0.24870096147060394,0.22979424893856049,0.2614772915840149,0.1372138261795044
3144,/usr/local/data/zahrat/workshop/dent_output/chexpert-swap-normal/pleural_effusion/seed3144/lambda_t_star5/style.png,0.019592578,0.90966976,0.9202852,0.9178354,0.3686191141605377,0.06984680145978928,0.04963008686900139,0.03683369606733322,0.028262706473469734,0.02530774660408497,0.14189611,0.3900664,0.70722216,0.7970849,0.8860141038894653,0.8647426962852478,0.8572808504104614,0.7791237235069275,0.6029171943664551,0.2764888405799866
2220,/usr/local/data/zahrat/workshop/dent_output/chexpert-swap-normal/pleural_effusion/seed2220/lambda_t_star5/style.png,0.5584116,0.9564489,0.9553106,0.940553,0.9360385537147522,0.9308589100837708,0.9316026568412781,0.9097806811332703,0.8506840467453003,0.7136155366897583,0.79775685,0.9175369,0.8628057,0.75241137,0.773028552532196,0.7679798007011414,0.7506236433982849,0.833972692489624,0.8016908764839172,0.7935770153999329
2665,/usr/local/data/zahrat/workshop/dent_output/chexpert-swap-normal/pleural_effusion/seed2665/lambda_t_star5/style.png,0.031081237,0.6394225,0.09221889,0.08098398,0.04423844814300537,0.04637522250413895,0.04320432245731354,0.03792766109108925,0.03656113147735596,0.03278643637895584,0.09322601,0.25388896,0.12740824,0.11715052,0.11487503349781036,0.1254827380180359,0.11617875844240189,0.12275463342666626,0.11927611380815506,0.10941132158041
3171,/usr/local/data/zahrat/workshop/dent_output/chexpert-swap-normal/pleural_effusion/seed3171/lambda_t_star5/style.png,0.06290094,0.9773796,0.9549992,0.95378906,0.9308812022209167,0.7185360193252563,0.5663205981254578,0.3226625323295593,0.1969091147184372,0.10745615512132645,0.84871215,0.8792633,0.8392239,0.8322202,0.8379213213920593,0.8333844542503357,0.8218254446983337,0.8481562733650208,0.8449539542198181,0.8467899560928345
2481,/usr/local/data/zahrat/workshop/dent_output/chexpert-swap-normal/pleural_effusion/seed2481/lambda_t_star5/style.png,0.59618735,0.94242525,0.9285591,0.9027973,0.895896315574646,0.8936322331428528,0.8912689089775085,0.8873165249824524,0.8460999727249146,0.724183976650238,0.8141916,0.8617398,0.85815626,0.8263334,0.8962531089782715,0.8534592390060425,0.8449094295501709,0.8337472677230835,0.8241682648658752,0.8156753778457642
3388,/usr/local/data/zahrat/workshop/dent_output/chexpert-swap-normal/pleural_effusion/seed3388/lambda_t_star5/style.png,0.5345912,0.908786,0.87129086,0.8038732,0.7711666822433472,0.7360889315605164,0.6935333013534546,0.6734123826026917,0.632709801197052,0.5741472244262695,0.0671509,0.047865137,0.10794173,0.07687031,0.08609681576490402,0.09045065939426422,0.0916343405842781,0.08562992513179779,0.06937368959188461,0.0663243904709816
2091,/usr/local/data/zahrat/workshop/dent_output/chexpert-swap-normal/pleural_effusion/seed2091/lambda_t_star5/style.png,0.02970204,0.44893762,0.08823654,0.08043453,0.07527483999729156,0.06796585023403168,0.061976782977581024,0.04785989224910736,0.04162216931581497,0.03310990706086159,0.059829492,0.22693332,0.08614716,0.0938956,0.09391602128744125,0.0848221629858017,0.07783737778663635,0.06942491233348846,0.06373211741447449,0.060211457312107086
2010,/usr/local/data/zahrat/workshop/dent_output/chexpert-swap-normal/pleural_effusion/seed2010/lambda_t_star5/style.png,0.022770353,0.98115474,0.87852895,0.9323541,0.9399632215499878,0.1832839697599411,0.06464119255542755,0.04710964113473892,0.038043320178985596,0.029191261157393456,0.7264317,0.887219,0.76639366,0.7832837,0.7721066474914551,0.7654125690460205,0.756747841835022,0.7470565438270569,0.7423523664474487,0.7278410196304321
2029,/usr/local/data/zahrat/workshop/dent_output/chexpert-swap-normal/pleural_effusion/seed2029/lambda_t_star5/style.png,0.028442139,0.9176166,0.9388209,0.9351122,0.9194477200508118,0.9284635782241821,0.1955251395702362,0.079360231757164,0.055612463504076004,0.04038386419415474,0.07503462,0.92877245,0.6295556,0.16941799,0.18474595248699188,0.13518348336219788,0.12190259248018265,0.1107289120554924,0.08951699733734131,0.08187833428382874
1714,/usr/local/data/zahrat/workshop/dent_output/chexpert-swap-normal/pleural_effusion/seed1714/lambda_t_star5/style.png,0.060221102,0.92346424,0.84006476,0.78459644,0.6980484127998352,0.5535882711410522,0.32038941979408264,0.17335587739944458,0.10059171915054321,0.0765404924750328,0.029409686,0.040649697,0.042581696,0.03852266,0.034587472677230835,0.040129248052835464,0.03861208260059357,0.0381842702627182,0.035407569259405136,0.03424690291285515
1547,/usr/local/data/zahrat/workshop/dent_output/chexpert-swap-normal/pleural_effusion/seed1547/lambda_t_star5/style.png,0.11175658,0.74126005,0.87766427,0.7432195,0.48439234495162964,0.35637807846069336,0.29967206716537476,0.22007039189338684,0.172988623380661,0.13684271275997162,0.032971222,0.3546915,0.031058554,0.047032524,0.06939855962991714,0.060094352811574936,0.04987912252545357,0.044366318732500076,0.039525363594293594,0.035028062760829926
2590,/usr/local/data/zahrat/workshop/dent_output/chexpert-swap-normal/pleural_effusion/seed2590/lambda_t_star5/style.png,0.11017402,0.8513019,0.3367054,0.14770311,0.12836867570877075,0.12930616736412048,0.1262131631374359,0.12260813266038895,0.1160128116607666,0.1131858229637146,0.06488087,0.1655394,0.07366455,0.11664674,0.20970840752124786,0.22195513546466827,0.1382724642753601,0.10164167732000351,0.08675733953714371,0.06805182248353958
1973,/usr/local/data/zahrat/workshop/dent_output/chexpert-swap-normal/pleural_effusion/seed1973/lambda_t_star5/style.png,0.039110687,0.94228727,0.91660154,0.9166709,0.7960187792778015,0.20092971622943878,0.12040410935878754,0.08808352053165436,0.05915898084640503,0.047275103628635406,0.94005215,0.9126723,0.9205255,0.93725663,0.9420822858810425,0.932567298412323,0.9336512088775635,0.9369417428970337,0.934256911277771,0.9353538751602173
2221,/usr/local/data/zahrat/workshop/dent_output/chexpert-swap-normal/pleural_effusion/seed2221/lambda_t_star5/style.png,0.06412592,0.95034295,0.90757775,0.60492265,0.4315456449985504,0.2472207099199295,0.14717882871627808,0.12553933262825012,0.09710745513439178,0.08081231266260147,0.03163308,0.048865315,0.045901123,0.05535376,0.048556383699178696,0.04989539459347725,0.049507349729537964,0.04204152897000313,0.03945346176624298,0.03714500367641449
2349,/usr/local/data/zahrat/workshop/dent_output/chexpert-swap-normal/pleural_effusion/seed2349/lambda_t_star5/style.png,0.09149076,0.9276702,0.872464,0.37381288,0.2999003529548645,0.2414998710155487,0.21454332768917084,0.17358839511871338,0.14231446385383606,0.10541169345378876,0.038088646,0.18066898,0.082487494,0.047109094,0.049135658890008926,0.04384089261293411,0.042609263211488724,0.04313874989748001,0.041519634425640106,0.04186813905835152
1685,/usr/local/data/zahrat/workshop/dent_output/chexpert-swap-normal/pleural_effusion/seed1685/lambda_t_star5/style.png,0.17801161,0.9602069,0.9568424,0.9538001,0.9325882792472839,0.7989550828933716,0.7023757696151733,0.5924504399299622,0.45801645517349243,0.2865179181098938,0.85063833,0.7832426,0.83121073,0.8026108,0.7762334942817688,0.8111975789070129,0.8258979916572571,0.8397723436355591,0.8460754752159119,0.8507242202758789
1947,/usr/local/data/zahrat/workshop/dent_output/chexpert-swap-normal/pleural_effusion/seed1947/lambda_t_star5/style.png,0.09529568,0.8995312,0.8462942,0.8531848,0.4103862941265106,0.32787880301475525,0.26329305768013,0.21313954889774323,0.156988263130188,0.11796552687883377,0.042046368,0.17972986,0.07090877,0.068014465,0.061390701681375504,0.06372376531362534,0.057217590510845184,0.05528315156698227,0.0541829913854599,0.04805523157119751
2905,/usr/local/data/zahrat/workshop/dent_output/chexpert-swap-normal/pleural_effusion/seed2905/lambda_t_star5/style.png,0.08031262,0.9833913,0.81466115,0.44636098,0.23313459753990173,0.15837818384170532,0.12228231877088547,0.10326100885868073,0.09286262840032578,0.08382190018892288,0.07471333,0.053266376,0.08905136,0.13719246,0.0960165411233902,0.1129719465970993,0.09765000641345978,0.10129499435424805,0.10373355448246002,0.08396106958389282
2517,/usr/local/data/zahrat/workshop/dent_output/chexpert-swap-normal/pleural_effusion/seed2517/lambda_t_star5/style.png,0.08225072,0.89071804,0.7963564,0.58155555,0.44246914982795715,0.30604904890060425,0.20960670709609985,0.1650269478559494,0.1298225075006485,0.0975232869386673,0.060829423,0.78518146,0.7396395,0.6078822,0.26811110973358154,0.22205182909965515,0.1901135891675949,0.1368904560804367,0.09351485222578049,0.09076108038425446
1515,/usr/local/data/zahrat/workshop/dent_output/chexpert-swap-normal/pleural_effusion/seed1515/lambda_t_star5/style.png,0.028749432,0.93814737,0.9558453,0.86494166,0.16247649490833282,0.10329337418079376,0.053782664239406586,0.03966734930872917,0.034210287034511566,0.029890917241573334,0.027630074,0.09869577,0.21945535,0.02003896,0.01943003386259079,0.04532124847173691,0.034668657928705215,0.0324070118367672,0.030549751594662666,0.031804159283638
2943,/usr/local/data/zahrat/workshop/dent_output/chexpert-swap-normal/pleural_effusion/seed2943/lambda_t_star5/style.png,0.23539649,0.97877455,0.9007643,0.79569966,0.7757514119148254,0.7545658946037292,0.700291097164154,0.5795422196388245,0.4424569308757782,0.31346818804740906,0.8486279,0.84241605,0.8626691,0.87047225,0.8649821281433105,0.8361620903015137,0.8283838033676147,0.8537442684173584,0.8552171587944031,0.8554139137268066
2797,/usr/local/data/zahrat/workshop/dent_output/chexpert-swap-normal/pleural_effusion/seed2797/lambda_t_star5/style.png,0.18946208,0.8496588,0.80955523,0.7108288,0.7069083452224731,0.5342357754707336,0.4718867540359497,0.39091649651527405,0.32752525806427,0.2477705478668213,0.78327405,0.58895355,0.7328771,0.7462913,0.7140529751777649,0.720349133014679,0.790761411190033,0.7944162487983704,0.8077435493469238,0.7985950708389282
3369,/usr/local/data/zahrat/workshop/dent_output/chexpert-swap-normal/pleural_effusion/seed3369/lambda_t_star5/style.png,0.0849244,0.91421854,0.82226497,0.66887236,0.6274547576904297,0.4582482874393463,0.196827694773674,0.12396232783794403,0.10255057364702225,0.09142020344734192,0.111537844,0.17053582,0.08683449,0.104654945,0.1718733310699463,0.16663122177124023,0.14387275278568268,0.1467144787311554,0.1258881539106369,0.12453489750623703
1828,/usr/local/data/zahrat/workshop/dent_output/chexpert-swap-normal/pleural_effusion/seed1828/lambda_t_star5/style.png,0.04255759,0.8673706,0.81686443,0.48629454,0.3479672372341156,0.23858384788036346,0.1480792760848999,0.08748675882816315,0.06201384589076042,0.051194824278354645,0.03189053,0.09579868,0.06095076,0.079651676,0.05685066804289818,0.05090973153710365,0.04614070802927017,0.039866864681243896,0.033713433891534805,0.030593566596508026
3366,/usr/local/data/zahrat/workshop/dent_output/chexpert-swap-normal/pleural_effusion/seed3366/lambda_t_star5/style.png,0.018569201,0.8525185,0.82129896,0.25150558,0.11755289137363434,0.07683006674051285,0.05459752678871155,0.043175335973501205,0.030473969876766205,0.026144221425056458,0.1328519,0.19478935,0.10360191,0.48949614,0.16075552999973297,0.07800275832414627,0.143488347530365,0.19816087186336517,0.18695078790187836,0.1645599752664566
2435,/usr/local/data/zahrat/workshop/dent_output/chexpert-swap-normal/pleural_effusion/seed2435/lambda_t_star5/style.png,0.036809362,0.75400203,0.13502856,0.108683124,0.10465776920318604,0.10071063786745071,0.0724392831325531,0.05706511065363884,0.05029446259140968,0.041590966284275055,0.28640634,0.8999561,0.78567547,0.7484282,0.811829686164856,0.8190425634384155,0.8171403408050537,0.3394589126110077,0.36212068796157837,0.2885299324989319
1598,/usr/local/data/zahrat/workshop/dent_output/chexpert-swap-normal/pleural_effusion/seed1598/lambda_t_star5/style.png,0.16709064,0.18397826,0.28286794,0.23698904,0.23006181418895721,0.22513139247894287,0.19961300492286682,0.19497889280319214,0.19351375102996826,0.18496280908584595,0.03265301,0.03540901,0.041254707,0.040447455,0.049442168325185776,0.04672425985336304,0.039085015654563904,0.03263378515839577,0.03438498452305794,0.0349205881357193
3048,/usr/local/data/zahrat/workshop/dent_output/chexpert-swap-normal/pleural_effusion/seed3048/lambda_t_star5/style.png,0.040750127,0.94186693,0.895491,0.24106725,0.17666302621364594,0.1356251835823059,0.10219913721084595,0.08321446180343628,0.06520926207304001,0.051408108323812485,0.10146381,0.87874955,0.7666509,0.5727911,0.16769646108150482,0.13553866744041443,0.10453029721975327,0.10187610238790512,0.09738576412200928,0.10481297969818115
2710,/usr/local/data/zahrat/workshop/dent_output/chexpert-swap-normal/pleural_effusion/seed2710/lambda_t_star5/style.png,0.15680939,0.22729546,0.26156113,0.34876847,0.2995155155658722,0.2626568078994751,0.25160476565361023,0.22401289641857147,0.1976478099822998,0.17924967408180237,0.03956826,0.06401921,0.076138295,0.08232135,0.07373380661010742,0.07150749117136002,0.06736457347869873,0.05679766461253166,0.04921010136604309,0.042734190821647644
1896,/usr/local/data/zahrat/workshop/dent_output/chexpert-swap-normal/pleural_effusion/seed1896/lambda_t_star5/style.png,0.027012976,0.790641,0.64150745,0.37278455,0.11811644583940506,0.04938497021794319,0.03756769374012947,0.03873501718044281,0.032932914793491364,0.03085486777126789,0.16841783,0.20569028,0.8794377,0.75840974,0.8401803970336914,0.7184747457504272,0.6251601576805115,0.5217048525810242,0.2868293523788452,0.25417569279670715
1587,/usr/local/data/zahrat/workshop/dent_output/chexpert-swap-normal/pleural_effusion/seed1587/lambda_t_star5/style.png,0.07044047,0.7509729,0.75642914,0.7283393,0.7597272992134094,0.6847174763679504,0.3446372449398041,0.2399621158838272,0.18099012970924377,0.11721514910459518,0.6568019,0.9092576,0.9015089,0.89638025,0.928674578666687,0.7293601632118225,0.7650395631790161,0.7051608562469482,0.692864179611206,0.6491752862930298
2997,/usr/local/data/zahrat/workshop/dent_output/chexpert-swap-normal/pleural_effusion/seed2997/lambda_t_star5/style.png,0.07277524,0.7849054,0.84969664,0.865662,0.8203374147415161,0.7615454196929932,0.5698750019073486,0.32786306738853455,0.19153381884098053,0.11398950219154358,0.7776063,0.8076939,0.8455704,0.81357527,0.7916704416275024,0.8300352096557617,0.8082329034805298,0.8182446360588074,0.797508180141449,0.7975842356681824
3057,/usr/local/data/zahrat/workshop/dent_output/chexpert-swap-normal/pleural_effusion/seed3057/lambda_t_star5/style.png,0.051343486,0.96504587,0.9687057,0.6427806,0.4244312047958374,0.2688083350658417,0.12115105986595154,0.08913333714008331,0.08493063598871231,0.06794621795415878,0.043575544,0.90043896,0.22070503,0.17164426,0.07009631395339966,0.04724244773387909,0.04652436822652817,0.043560221791267395,0.04622854292392731,0.04446009546518326
3275,/usr/local/data/zahrat/workshop/dent_output/chexpert-swap-normal/pleural_effusion/seed3275/lambda_t_star5/style.png,0.048722353,0.9420111,0.88135034,0.76976347,0.6437516212463379,0.4920913279056549,0.4195515811443329,0.2460116297006607,0.1359095722436905,0.07558367401361465,0.43195778,0.7062213,0.7040034,0.63861006,0.5489296317100525,0.37326765060424805,0.34782156348228455,0.35517269372940063,0.41006776690483093,0.4209883511066437
2011,/usr/local/data/zahrat/workshop/dent_output/chexpert-swap-normal/pleural_effusion/seed2011/lambda_t_star5/style.png,0.092910394,0.23919073,0.15761806,0.14652644,0.123779296875,0.11709855496883392,0.10453915596008301,0.0987590029835701,0.09647820889949799,0.0979723185300827,0.034709007,0.060919505,0.071256325,0.05061879,0.048843421041965485,0.046966079622507095,0.0486801378428936,0.04327220842242241,0.04378984123468399,0.03689141198992729
3045,/usr/local/data/zahrat/workshop/dent_output/chexpert-swap-normal/pleural_effusion/seed3045/lambda_t_star5/style.png,0.45537645,0.97568583,0.9738608,0.931774,0.8974384069442749,0.8912056088447571,0.8751318454742432,0.8548687100410461,0.7769094705581665,0.638329267501831,0.07990273,0.75817627,0.5124336,0.16195004,0.17979921400547028,0.18660429120063782,0.21180786192417145,0.10924606025218964,0.08155643939971924,0.07508312910795212
2346,/usr/local/data/zahrat/workshop/dent_output/chexpert-swap-normal/pleural_effusion/seed2346/lambda_t_star5/style.png,0.040682543,0.95403713,0.94574064,0.5844663,0.32294192910194397,0.19900469481945038,0.1196453720331192,0.08382336050271988,0.06522085517644882,0.05218895152211189,0.07493494,0.8387211,0.6926759,0.6432533,0.7078062295913696,0.6959584951400757,0.5425131916999817,0.20622816681861877,0.09690126031637192,0.08137844502925873
2494,/usr/local/data/zahrat/workshop/dent_output/chexpert-swap-normal/pleural_effusion/seed2494/lambda_t_star5/style.png,0.13113268,0.89547336,0.8349951,0.7951041,0.7596096396446228,0.5908531546592712,0.2989841401576996,0.2173265814781189,0.18005116283893585,0.15679720044136047,0.11536251,0.8635045,0.89472646,0.7596477,0.5952605605125427,0.3115958571434021,0.17623589932918549,0.15147539973258972,0.13774053752422333,0.12684516608715057
2343,/usr/local/data/zahrat/workshop/dent_output/chexpert-swap-normal/pleural_effusion/seed2343/lambda_t_star5/style.png,0.05745034,0.8705811,0.7906924,0.67156255,0.45271119475364685,0.31896111369132996,0.1954246312379837,0.1205337643623352,0.09603077173233032,0.07292207330465317,0.049888503,0.07043739,0.10184642,0.12525956,0.15928241610527039,0.14048783481121063,0.13126805424690247,0.11964103579521179,0.0967312902212143,0.07000377774238586
1502,/usr/local/data/zahrat/workshop/dent_output/chexpert-swap-normal/pleural_effusion/seed1502/lambda_t_star5/style.png,0.11568996,0.24322067,0.20655894,0.18044324,0.15887591242790222,0.1538568139076233,0.14833351969718933,0.13811735808849335,0.12737852334976196,0.11729366332292557,0.014011054,0.0333788,0.039554,0.034947645,0.035351499915122986,0.030628621578216553,0.026222199201583862,0.021397795528173447,0.017125779762864113,0.015268187038600445
2211,/usr/local/data/zahrat/workshop/dent_output/chexpert-swap-normal/pleural_effusion/seed2211/lambda_t_star5/style.png,0.031797633,0.8397332,0.803023,0.7548164,0.18626795709133148,0.14423179626464844,0.12355174869298935,0.08199772983789444,0.05596737563610077,0.0396079495549202,0.03694369,0.046323318,0.04849422,0.035143357,0.03269832581281662,0.031986940652132034,0.03444729372859001,0.03660022094845772,0.035517413169145584,0.036658670753240585
1745,/usr/local/data/zahrat/workshop/dent_output/chexpert-swap-normal/pleural_effusion/seed1745/lambda_t_star5/style.png,0.048819155,0.93499607,0.5726,0.5926413,0.4766926169395447,0.2645741105079651,0.15325725078582764,0.10797084122896194,0.07533904165029526,0.05726814642548561,0.08279667,0.3332852,0.090648785,0.09731559,0.11485687643289566,0.11574195325374603,0.11992168426513672,0.11635451018810272,0.09815733879804611,0.08010786026716232
3124,/usr/local/data/zahrat/workshop/dent_output/chexpert-swap-normal/pleural_effusion/seed3124/lambda_t_star5/style.png,0.18676358,0.33934087,0.34153026,0.3687739,0.26400843262672424,0.29891881346702576,0.2553642690181732,0.23815636336803436,0.21036826074123383,0.19669166207313538,0.7950049,0.69684225,0.5805061,0.89699525,0.9369330406188965,0.8710648417472839,0.7224044799804688,0.5616930723190308,0.7740457057952881,0.7921303510665894
3132,/usr/local/data/zahrat/workshop/dent_output/chexpert-swap-normal/pleural_effusion/seed3132/lambda_t_star5/style.png,0.37787375,0.8159581,0.7432578,0.744014,0.7171827554702759,0.6792885661125183,0.590817391872406,0.49632328748703003,0.43173280358314514,0.40057334303855896,0.059270814,0.118193105,0.099006504,0.090419084,0.06560998409986496,0.07292921841144562,0.07116511464118958,0.07027027010917664,0.0731886699795723,0.06902024894952774
2584,/usr/local/data/zahrat/workshop/dent_output/chexpert-swap-normal/pleural_effusion/seed2584/lambda_t_star5/style.png,0.05866026,0.598404,0.3893224,0.18178675,0.19586040079593658,0.17352497577667236,0.1155490055680275,0.09257814288139343,0.07804994285106659,0.07091139256954193,0.9175078,0.89878505,0.909492,0.91439474,0.906625509262085,0.9002742767333984,0.9033960700035095,0.9093003869056702,0.9128106832504272,0.9100087285041809
2643,/usr/local/data/zahrat/workshop/dent_output/chexpert-swap-normal/pleural_effusion/seed2643/lambda_t_star5/style.png,0.21159548,0.97745824,0.96708685,0.9051128,0.6962190866470337,0.5957741737365723,0.4256458580493927,0.3239254653453827,0.2817121148109436,0.25164172053337097,0.89221185,0.89577055,0.852925,0.9342918,0.9346962571144104,0.9437041878700256,0.9497089385986328,0.9262990951538086,0.918830156326294,0.9060730934143066
2496,/usr/local/data/zahrat/workshop/dent_output/chexpert-swap-normal/pleural_effusion/seed2496/lambda_t_star5/style.png,0.122134045,0.1962592,0.16746946,0.18782523,0.1684989631175995,0.14661647379398346,0.13532410562038422,0.1316903978586197,0.12395887076854706,0.12378253787755966,0.032257974,0.04480564,0.04658553,0.061587162,0.05236363783478737,0.057367026805877686,0.05198490247130394,0.047518134117126465,0.04514137655496597,0.036102067679166794
2844,/usr/local/data/zahrat/workshop/dent_output/chexpert-swap-normal/pleural_effusion/seed2844/lambda_t_star5/style.png,0.04217156,0.85221785,0.81454676,0.77973557,0.7608448266983032,0.785793125629425,0.49367931485176086,0.26296466588974,0.13790622353553772,0.07853281497955322,0.7637141,0.8025195,0.77781075,0.8355535,0.8827689290046692,0.8574118614196777,0.8348056674003601,0.7920173406600952,0.7705556750297546,0.7715191841125488
3017,/usr/local/data/zahrat/workshop/dent_output/chexpert-swap-normal/pleural_effusion/seed3017/lambda_t_star5/style.png,0.05785453,0.42489076,0.2604708,0.3151466,0.2155437469482422,0.10429710894823074,0.10518848896026611,0.08854801952838898,0.08330162614583969,0.06574093550443649,0.044015158,0.692496,0.6147058,0.07945621,0.05701420083642006,0.0501527339220047,0.0511416420340538,0.0477391816675663,0.048729680478572845,0.04492322355508804
2604,/usr/local/data/zahrat/workshop/dent_output/chexpert-swap-normal/pleural_effusion/seed2604/lambda_t_star5/style.png,0.07757842,0.9759144,0.9715466,0.95761174,0.9420243501663208,0.909563422203064,0.8035289645195007,0.4494275450706482,0.1796761304140091,0.0979621410369873,0.6886718,0.7364054,0.64973724,0.6870047,0.7185273170471191,0.6614841818809509,0.7288568019866943,0.6921176314353943,0.6608021259307861,0.6742927432060242
1842,/usr/local/data/zahrat/workshop/dent_output/chexpert-swap-normal/pleural_effusion/seed1842/lambda_t_star5/style.png,0.034951385,0.8897491,0.91469526,0.9246434,0.8597339391708374,0.8457801342010498,0.665408194065094,0.3480372428894043,0.15015257894992828,0.0760459378361702,0.13565318,0.8263325,0.8207894,0.77656406,0.7860161662101746,0.15698620676994324,0.18468667566776276,0.18569599092006683,0.18902356922626495,0.1564541757106781
1614,/usr/local/data/zahrat/workshop/dent_output/chexpert-swap-normal/pleural_effusion/seed1614/lambda_t_star5/style.png,0.12984861,0.47042745,0.3040487,0.22103074,0.18442806601524353,0.1980942189693451,0.18452589213848114,0.17023901641368866,0.15969325602054596,0.13987323641777039,0.029324364,0.052539885,0.064852044,0.08928061,0.11433742940425873,0.26103657484054565,0.04172332584857941,0.03461043909192085,0.0320170521736145,0.029733806848526
2812,/usr/local/data/zahrat/workshop/dent_output/chexpert-swap-normal/pleural_effusion/seed2812/lambda_t_star5/style.png,0.029904956,0.8116799,0.6995966,0.384901,0.19803279638290405,0.1537761390209198,0.11752694845199585,0.07662145048379898,0.049425773322582245,0.037072036415338516,0.77488697,0.7850199,0.8083531,0.8261568,0.8307176232337952,0.8392166495323181,0.8537808656692505,0.839825451374054,0.7747737765312195,0.778587818145752
1569,/usr/local/data/zahrat/workshop/dent_output/chexpert-swap-normal/pleural_effusion/seed1569/lambda_t_star5/style.png,0.021486752,0.9333726,0.9225613,0.9056842,0.8194488883018494,0.6531508564949036,0.2328246533870697,0.10739927738904953,0.05446873605251312,0.0317532978951931,0.41477415,0.15464388,0.5578404,0.40379634,0.6136151552200317,0.7912656664848328,0.6287252306938171,0.5412524938583374,0.4734528958797455,0.448462575674057
2960,/usr/local/data/zahrat/workshop/dent_output/chexpert-swap-normal/pleural_effusion/seed2960/lambda_t_star5/style.png,0.43435353,0.62805885,0.72912353,0.57014006,0.5408458709716797,0.51778644323349,0.49468231201171875,0.46669870615005493,0.4570254981517792,0.4396480619907379,0.79725045,0.3447106,0.92334217,0.84112656,0.6239541172981262,0.6489116549491882,0.6954601407051086,0.7837784290313721,0.7963868379592896,0.7921013236045837
1781,/usr/local/data/zahrat/workshop/dent_output/chexpert-swap-normal/pleural_effusion/seed1781/lambda_t_star5/style.png,0.026067536,0.96909404,0.9225948,0.93930143,0.8229582905769348,0.19758830964565277,0.09309139847755432,0.06904243677854538,0.05098511651158333,0.03546011075377464,0.056527555,0.05966676,0.04591372,0.05040471,0.05330716446042061,0.05950096622109413,0.06737764924764633,0.06632115691900253,0.061982762068510056,0.05888675898313522
2807,/usr/local/data/zahrat/workshop/dent_output/chexpert-swap-normal/pleural_effusion/seed2807/lambda_t_star5/style.png,0.08731168,0.67455274,0.5687836,0.45467627,0.41245037317276,0.2681771516799927,0.19203871488571167,0.1465512365102768,0.12667188048362732,0.10339570790529251,0.054625988,0.13213405,0.43291062,0.29669678,0.14078789949417114,0.13922950625419617,0.1270884871482849,0.08537491410970688,0.07084601372480392,0.06104929745197296
3018,/usr/local/data/zahrat/workshop/dent_output/chexpert-swap-normal/pleural_effusion/seed3018/lambda_t_star5/style.png,0.1221563,0.9743391,0.97547185,0.9406517,0.8886977434158325,0.8477481007575989,0.7286636829376221,0.46341589093208313,0.31977561116218567,0.19158156216144562,0.16968025,0.17090386,0.13145556,0.15473373,0.33715397119522095,0.30772483348846436,0.24867218732833862,0.19893766939640045,0.2034890502691269,0.20638518035411835
2587,/usr/local/data/zahrat/workshop/dent_output/chexpert-swap-normal/pleural_effusion/seed2587/lambda_t_star5/style.png,0.06906972,0.3808094,0.13515909,0.11167165,0.11264504492282867,0.11603140085935593,0.0988105833530426,0.09097570925951004,0.08296437561511993,0.07183118909597397,0.23214187,0.4649223,0.6525967,0.6588246,0.45384058356285095,0.26047787070274353,0.21604225039482117,0.2704077959060669,0.23105143010616302,0.21978631615638733
2473,/usr/local/data/zahrat/workshop/dent_output/chexpert-swap-normal/pleural_effusion/seed2473/lambda_t_star5/style.png,0.028943745,0.8687876,0.73698753,0.24464652,0.07784903794527054,0.06466201692819595,0.053058922290802,0.04744762182235718,0.03887339308857918,0.03463089466094971,0.064642444,0.7221311,0.7073699,0.43337405,0.22620534896850586,0.07925064116716385,0.06768375635147095,0.07834713906049728,0.07029636949300766,0.06408227980136871
1719,/usr/local/data/zahrat/workshop/dent_output/chexpert-swap-normal/pleural_effusion/seed1719/lambda_t_star5/style.png,0.014751037,0.9560127,0.24414268,0.10660837,0.06406132131814957,0.05521852895617485,0.035119228065013885,0.028376266360282898,0.021604005247354507,0.01718507520854473,0.17292082,0.9340003,0.8474634,0.8908508,0.5911562442779541,0.23130033910274506,0.18583466112613678,0.15809078514575958,0.14538106322288513,0.1701577603816986
2514,/usr/local/data/zahrat/workshop/dent_output/chexpert-swap-normal/pleural_effusion/seed2514/lambda_t_star5/style.png,0.02531958,0.98220533,0.8986718,0.2371286,0.0655093565583229,0.05806462839245796,0.04652443528175354,0.03828605264425278,0.03322156146168709,0.0295256320387125,0.45100892,0.73421204,0.74976224,0.8586652,0.8761726021766663,0.862594485282898,0.8206248879432678,0.4610616862773895,0.4422500729560852,0.4168698191642761
3246,/usr/local/data/zahrat/workshop/dent_output/chexpert-swap-normal/pleural_effusion/seed3246/lambda_t_star5/style.png,0.023418952,0.9587669,0.6785459,0.44221956,0.22590309381484985,0.16960866749286652,0.12341930717229843,0.05941309407353401,0.04165329784154892,0.03179588168859482,0.1180368,0.31750152,0.2949464,0.31232226,0.2862350344657898,0.2238999307155609,0.1677311211824417,0.12716041505336761,0.12623736262321472,0.11648319661617279
2770,/usr/local/data/zahrat/workshop/dent_output/chexpert-swap-normal/pleural_effusion/seed2770/lambda_t_star5/style.png,0.35454643,0.52477825,0.52909094,0.53240895,0.5012057423591614,0.47553643584251404,0.3878225088119507,0.35283607244491577,0.3645694851875305,0.3775881230831146,0.19938153,0.88435465,0.658533,0.23467636,0.15517853200435638,0.18040043115615845,0.21844978630542755,0.21635061502456665,0.22772639989852905,0.20121228694915771
2062,/usr/local/data/zahrat/workshop/dent_output/chexpert-swap-normal/pleural_effusion/seed2062/lambda_t_star5/style.png,0.11004244,0.9817723,0.9609931,0.89943117,0.8033660054206848,0.6754636764526367,0.4847860634326935,0.33175864815711975,0.20364664494991302,0.13868050277233124,0.8589451,0.6031618,0.6310743,0.9006841,0.8477888703346252,0.8677483797073364,0.8699984550476074,0.8676871657371521,0.8632786273956299,0.8620290160179138
2150,/usr/local/data/zahrat/workshop/dent_output/chexpert-swap-normal/pleural_effusion/seed2150/lambda_t_star5/style.png,0.017612316,0.83761746,0.80058056,0.3197031,0.11732477694749832,0.047572724521160126,0.03197794407606125,0.027646251022815704,0.024170519784092903,0.02143443562090397,0.13556068,0.7711965,0.92681056,0.1602843,0.16427524387836456,0.18527695536613464,0.2074369192123413,0.19828549027442932,0.1766456812620163,0.146592915058136
1595,/usr/local/data/zahrat/workshop/dent_output/chexpert-swap-normal/pleural_effusion/seed1595/lambda_t_star5/style.png,0.041436803,0.55306005,0.43513376,0.34140134,0.18087702989578247,0.10815700143575668,0.08041850477457047,0.07098118215799332,0.05625582113862038,0.04932698234915733,0.4346602,0.44051763,0.6509278,0.70994794,0.7350494861602783,0.7549272179603577,0.7483114004135132,0.7405163049697876,0.6413930654525757,0.4648425281047821
2160,/usr/local/data/zahrat/workshop/dent_output/chexpert-swap-normal/pleural_effusion/seed2160/lambda_t_star5/style.png,0.048728514,0.94197375,0.68831575,0.67215115,0.2670939564704895,0.20666657388210297,0.15325871109962463,0.10461501032114029,0.08407063782215118,0.06185213476419449,0.45211726,0.7167371,0.83332294,0.85440457,0.8618452548980713,0.8926221132278442,0.9004870057106018,0.8964343667030334,0.7264894843101501,0.5385850667953491
3053,/usr/local/data/zahrat/workshop/dent_output/chexpert-swap-normal/pleural_effusion/seed3053/lambda_t_star5/style.png,0.051204544,0.38517502,0.23989566,0.23373623,0.14971429109573364,0.11315122246742249,0.09042704105377197,0.07786297053098679,0.06992428749799728,0.06559006124734879,0.24379745,0.9069848,0.9209801,0.53379256,0.6241994500160217,0.5326923131942749,0.5368497371673584,0.41565343737602234,0.3488155007362366,0.28668734431266785
2851,/usr/local/data/zahrat/workshop/dent_output/chexpert-swap-normal/pleural_effusion/seed2851/lambda_t_star5/style.png,0.19160722,0.97518796,0.9646118,0.96078765,0.9473057985305786,0.904392659664154,0.6951245665550232,0.6441617608070374,0.47774773836135864,0.3281075358390808,0.3714559,0.8307534,0.78623873,0.8743401,0.7927184104919434,0.6741381287574768,0.6390911340713501,0.6243830919265747,0.5521363615989685,0.44156163930892944
3354,/usr/local/data/zahrat/workshop/dent_output/chexpert-swap-normal/pleural_effusion/seed3354/lambda_t_star5/style.png,0.12177627,0.42935783,0.35208836,0.30443117,0.25095486640930176,0.22821682691574097,0.2036232352256775,0.17933155596256256,0.15071327984333038,0.1354372501373291,0.018517483,0.047355585,0.034074206,0.026742375,0.026178177446126938,0.025049757212400436,0.022307753562927246,0.01870560832321644,0.018827633932232857,0.019193468615412712
2986,/usr/local/data/zahrat/workshop/dent_output/chexpert-swap-normal/pleural_effusion/seed2986/lambda_t_star5/style.png,0.02613803,0.7727305,0.46834162,0.40224543,0.09167037159204483,0.06951877474784851,0.05284802243113518,0.047364991158246994,0.03808421641588211,0.03148160129785538,0.9793022,0.05994247,0.96370757,0.9809966,0.9760092496871948,0.976246178150177,0.9771859645843506,0.9778416156768799,0.9777807593345642,0.9792293310165405
2057,/usr/local/data/zahrat/workshop/dent_output/chexpert-swap-normal/pleural_effusion/seed2057/lambda_t_star5/style.png,0.25782835,0.9583661,0.95840377,0.9509483,0.8891410827636719,0.7952477931976318,0.7218140363693237,0.649487316608429,0.581888735294342,0.4535291790962219,0.36599573,0.6186123,0.4530616,0.6130813,0.5661500692367554,0.6108404397964478,0.6103935241699219,0.6638006567955017,0.6311224102973938,0.5125325918197632
1625,/usr/local/data/zahrat/workshop/dent_output/chexpert-swap-normal/pleural_effusion/seed1625/lambda_t_star5/style.png,0.06856444,0.9554108,0.9198031,0.818443,0.9016609191894531,0.6802933812141418,0.43765518069267273,0.2279343605041504,0.13874457776546478,0.08973853290081024,0.42446172,0.7117701,0.7195415,0.71118057,0.7189885973930359,0.7345942258834839,0.7537274956703186,0.7090070247650146,0.6428078413009644,0.5157118439674377
1711,/usr/local/data/zahrat/workshop/dent_output/chexpert-swap-normal/pleural_effusion/seed1711/lambda_t_star5/style.png,0.0603986,0.92692643,0.8433887,0.73236024,0.7315199971199036,0.6876649856567383,0.6365222334861755,0.539673388004303,0.3911017179489136,0.14288948476314545,0.05316055,0.17281385,0.3564966,0.24963301,0.21010799705982208,0.1660415232181549,0.11250194907188416,0.08823332190513611,0.07729277014732361,0.060591280460357666
1963,/usr/local/data/zahrat/workshop/dent_output/chexpert-swap-normal/pleural_effusion/seed1963/lambda_t_star5/style.png,0.018475035,0.6642755,0.7790993,0.30157375,0.10197446495294571,0.0779179260134697,0.051143668591976166,0.03434591740369797,0.02680431678891182,0.021854352205991745,0.5737931,0.8238508,0.6363826,0.5925624,0.5707757472991943,0.5941222310066223,0.476809561252594,0.43941572308540344,0.45790305733680725,0.5264027118682861
2729,/usr/local/data/zahrat/workshop/dent_output/chexpert-swap-normal/pleural_effusion/seed2729/lambda_t_star5/style.png,0.04511777,0.81725496,0.70580995,0.7093825,0.703668475151062,0.7685731649398804,0.41971302032470703,0.19613854587078094,0.10429483652114868,0.0652899518609047,0.20795606,0.8120533,0.18503307,0.10231128,0.16772867739200592,0.27068379521369934,0.37530291080474854,0.3588893413543701,0.30796679854393005,0.26588016748428345
1566,/usr/local/data/zahrat/workshop/dent_output/chexpert-swap-normal/pleural_effusion/seed1566/lambda_t_star5/style.png,0.11985635,0.8542034,0.6183151,0.47636,0.3436793088912964,0.25346073508262634,0.21526534855365753,0.18426768481731415,0.1697973608970642,0.14540505409240723,0.8107446,0.36361486,0.83185995,0.9013444,0.937917947769165,0.9428040981292725,0.9358553886413574,0.8749631643295288,0.8439063429832458,0.8327853083610535
1793,/usr/local/data/zahrat/workshop/dent_output/chexpert-swap-normal/pleural_effusion/seed1793/lambda_t_star5/style.png,0.021898087,0.8808133,0.45248762,0.09071552,0.07612338662147522,0.0541260801255703,0.046071138232946396,0.0376574732363224,0.03368119150400162,0.02676401473581791,0.3345604,0.56151557,0.4096288,0.56515,0.6486848592758179,0.6960235834121704,0.6901411414146423,0.6091920137405396,0.5680683255195618,0.47839856147766113
1677,/usr/local/data/zahrat/workshop/dent_output/chexpert-swap-normal/pleural_effusion/seed1677/lambda_t_star5/style.png,0.10290437,0.8792749,0.70314425,0.59105855,0.2643096148967743,0.18711569905281067,0.16611027717590332,0.1592286229133606,0.1526489406824112,0.13301736116409302,0.06349902,0.8059062,0.71340716,0.21397543,0.15749293565750122,0.1385616958141327,0.13069148361682892,0.11720939725637436,0.0965878888964653,0.07729338109493256
2886,/usr/local/data/zahrat/workshop/dent_output/chexpert-swap-normal/pleural_effusion/seed2886/lambda_t_star5/style.png,0.09671585,0.5458789,0.1324198,0.14018157,0.1304001361131668,0.11712630838155746,0.11100088804960251,0.10864901542663574,0.10460422933101654,0.10219714045524597,0.043593947,0.6636709,0.41514587,0.06378148,0.05599247291684151,0.05805429071187973,0.05543309822678566,0.05121738091111183,0.05035046488046646,0.047739189118146896
2130,/usr/local/data/zahrat/workshop/dent_output/chexpert-swap-normal/pleural_effusion/seed2130/lambda_t_star5/style.png,0.15136613,0.95090854,0.9315246,0.91226405,0.8457040786743164,0.7556504011154175,0.6779037714004517,0.5261421799659729,0.43663421273231506,0.2779531478881836,0.6795687,0.18218818,0.17298806,0.15310557,0.1904785931110382,0.3622949421405792,0.7524471282958984,0.7464700937271118,0.7835134863853455,0.7232598662376404
1961,/usr/local/data/zahrat/workshop/dent_output/chexpert-swap-normal/pleural_effusion/seed1961/lambda_t_star5/style.png,0.08640401,0.8624164,0.7869508,0.89404255,0.8956481218338013,0.3940943777561188,0.2833540737628937,0.1628296822309494,0.11901748180389404,0.09940154105424881,0.78253466,0.83823204,0.8258145,0.80615294,0.8214624524116516,0.7743859887123108,0.7751693725585938,0.7427431344985962,0.7750150561332703,0.7773334383964539
3222,/usr/local/data/zahrat/workshop/dent_output/chexpert-swap-normal/pleural_effusion/seed3222/lambda_t_star5/style.png,0.047937065,0.6112745,0.53022397,0.20453985,0.1506778597831726,0.11537765711545944,0.0629679337143898,0.06123988330364227,0.055324360728263855,0.049972593784332275,0.027416714,0.07637912,0.09596329,0.06201888,0.06024472042918205,0.04705796018242836,0.037919145077466965,0.03539180010557175,0.031073713675141335,0.028493935242295265
3319,/usr/local/data/zahrat/workshop/dent_output/chexpert-swap-normal/pleural_effusion/seed3319/lambda_t_star5/style.png,0.66408366,0.97308546,0.9397833,0.86021876,0.7980060577392578,0.8026856780052185,0.8309398889541626,0.8205519914627075,0.7992516756057739,0.7552806735038757,0.15046084,0.5064459,0.25652152,0.27397296,0.20675116777420044,0.18948596715927124,0.21751229465007782,0.2093082219362259,0.1863771677017212,0.1629229336977005
2838,/usr/local/data/zahrat/workshop/dent_output/chexpert-swap-normal/pleural_effusion/seed2838/lambda_t_star5/style.png,0.01767229,0.55702573,0.07161405,0.18527626,0.13369233906269073,0.09154096990823746,0.05216728150844574,0.036307863891124725,0.028256261721253395,0.0219865795224905,0.39180207,0.57446337,0.49940038,0.649154,0.5852624177932739,0.45280933380126953,0.49477341771125793,0.5053904056549072,0.46195968985557556,0.46419042348861694
2244,/usr/local/data/zahrat/workshop/dent_output/chexpert-swap-normal/pleural_effusion/seed2244/lambda_t_star5/style.png,0.4325037,0.96044916,0.951498,0.9567531,0.9095430970191956,0.8950461745262146,0.774097740650177,0.6822955012321472,0.5713902711868286,0.48610568046569824,0.7516517,0.89117754,0.87412876,0.8739623,0.8766556978225708,0.876817524433136,0.8833810687065125,0.8641510605812073,0.855541467666626,0.8280988335609436
3249,/usr/local/data/zahrat/workshop/dent_output/chexpert-swap-normal/pleural_effusion/seed3249/lambda_t_star5/style.png,0.068225384,0.69804925,0.30017793,0.14370275,0.1151401698589325,0.10831146687269211,0.10392624139785767,0.09999825805425644,0.08531340956687927,0.07565655559301376,0.054561313,0.4632765,0.188408,0.15001412,0.13221921026706696,0.08503884822130203,0.07203391194343567,0.06142222508788109,0.05618106573820114,0.058808691799640656
2480,/usr/local/data/zahrat/workshop/dent_output/chexpert-swap-normal/pleural_effusion/seed2480/lambda_t_star5/style.png,0.10819815,0.9886326,0.9147655,0.9105966,0.868852972984314,0.7041186690330505,0.5339892506599426,0.31662502884864807,0.22674928605556488,0.14663471281528473,0.062387995,0.7934648,0.8883323,0.9354809,0.9364382028579712,0.9317190647125244,0.6811047196388245,0.10704764723777771,0.08059126138687134,0.07245559245347977
2073,/usr/local/data/zahrat/workshop/dent_output/chexpert-swap-normal/pleural_effusion/seed2073/lambda_t_star5/style.png,0.11722812,0.78207827,0.50002223,0.39376703,0.3217163681983948,0.321249395608902,0.1896391063928604,0.17105165123939514,0.1476525515317917,0.1330912709236145,0.86664516,0.89979154,0.81585205,0.8739095,0.8617691993713379,0.8803075551986694,0.8726011514663696,0.8796913027763367,0.8889250755310059,0.889362096786499
2005,/usr/local/data/zahrat/workshop/dent_output/chexpert-swap-normal/pleural_effusion/seed2005/lambda_t_star5/style.png,0.016803356,0.27665135,0.10989508,0.08754445,0.050914209336042404,0.03665892407298088,0.032164592295885086,0.026923127472400665,0.023427531123161316,0.01946953870356083,0.14493793,0.103053756,0.8813179,0.84080315,0.8444488644599915,0.8471269607543945,0.5624586343765259,0.2765797972679138,0.21425090730190277,0.15879561007022858
1546,/usr/local/data/zahrat/workshop/dent_output/chexpert-swap-normal/pleural_effusion/seed1546/lambda_t_star5/style.png,0.11545239,0.7770437,0.7816819,0.7710623,0.6056413650512695,0.3703724145889282,0.2820394039154053,0.2109808325767517,0.17084941267967224,0.14679785072803497,0.07836452,0.36258885,0.3605045,0.6674944,0.28596770763397217,0.18314559757709503,0.14244641363620758,0.10241680592298508,0.10030816495418549,0.08087024837732315
1637,/usr/local/data/zahrat/workshop/dent_output/chexpert-swap-normal/pleural_effusion/seed1637/lambda_t_star5/style.png,0.21555224,0.38194048,0.33051127,0.30391273,0.29053065180778503,0.2665365934371948,0.26083073019981384,0.24263381958007812,0.243763729929924,0.2207360714673996,0.14805862,0.8845943,0.89124584,0.8997895,0.8950628042221069,0.8490546345710754,0.5589087009429932,0.37237733602523804,0.25104662775993347,0.18147625029087067
2018,/usr/local/data/zahrat/workshop/dent_output/chexpert-swap-normal/pleural_effusion/seed2018/lambda_t_star5/style.png,0.050363157,0.69672227,0.26707163,0.13446222,0.12321185320615768,0.09676223248243332,0.08657892048358917,0.07334958016872406,0.06349614262580872,0.0596269816160202,0.040389817,0.077422984,0.05109704,0.11115561,0.13221171498298645,0.10427844524383545,0.07627557218074799,0.07186964899301529,0.05724595487117767,0.05004008486866951
2701,/usr/local/data/zahrat/workshop/dent_output/chexpert-swap-normal/pleural_effusion/seed2701/lambda_t_star5/style.png,0.25363797,0.9730085,0.905664,0.8078729,0.6806226372718811,0.6394165754318237,0.606704831123352,0.5858232378959656,0.5125311613082886,0.4066082835197449,0.72335595,0.86516094,0.7953847,0.7854521,0.7819488644599915,0.7400214672088623,0.7537973523139954,0.7187854051589966,0.6962937116622925,0.6969542503356934
1870,/usr/local/data/zahrat/workshop/dent_output/chexpert-swap-normal/pleural_effusion/seed1870/lambda_t_star5/style.png,0.08298529,0.6537652,0.5924492,0.5500596,0.3629511594772339,0.29552191495895386,0.17285959422588348,0.12220359593629837,0.11389099806547165,0.1007532924413681,0.61532027,0.8067076,0.78112227,0.6494209,0.6441623568534851,0.6916586756706238,0.7117859125137329,0.690181314945221,0.6574623584747314,0.6133514046669006
3150,/usr/local/data/zahrat/workshop/dent_output/chexpert-swap-normal/pleural_effusion/seed3150/lambda_t_star5/style.png,0.05282472,0.8256746,0.83759403,0.60639894,0.4720908999443054,0.37624025344848633,0.24995310604572296,0.16604956984519958,0.11529435962438583,0.06725279241800308,0.3842248,0.75835204,0.76460105,0.57887816,0.7334604859352112,0.6481191515922546,0.5645753741264343,0.5571801662445068,0.5435241460800171,0.43789470195770264
1778,/usr/local/data/zahrat/workshop/dent_output/chexpert-swap-normal/pleural_effusion/seed1778/lambda_t_star5/style.png,0.04695909,0.9578654,0.96913224,0.9429952,0.9547256231307983,0.6076751351356506,0.3938124179840088,0.22935377061367035,0.15427103638648987,0.07020115852355957,0.094799116,0.0723495,0.07915555,0.14001302,0.5415034294128418,0.3215930163860321,0.2630996108055115,0.18435931205749512,0.15014582872390747,0.10552410036325455
3333,/usr/local/data/zahrat/workshop/dent_output/chexpert-swap-normal/pleural_effusion/seed3333/lambda_t_star5/style.png,0.1556357,0.51172227,0.4508923,0.4515617,0.5368137359619141,0.510037362575531,0.4428333342075348,0.2792464792728424,0.20922385156154633,0.187217578291893,0.09690258,0.08939579,0.28797147,0.44220498,0.7002735137939453,0.07433327287435532,0.10650835931301117,0.07347863167524338,0.08015720546245575,0.0849635973572731
2179,/usr/local/data/zahrat/workshop/dent_output/chexpert-swap-normal/pleural_effusion/seed2179/lambda_t_star5/style.png,0.028772712,0.771037,0.7374273,0.34185737,0.0919724553823471,0.06230224668979645,0.060664307326078415,0.051918189972639084,0.043905116617679596,0.03643632307648659,0.34457073,0.4206868,0.2862635,0.3108736,0.27040335536003113,0.24374417960643768,0.2849031984806061,0.3204873502254486,0.31138598918914795,0.32395488023757935
1949,/usr/local/data/zahrat/workshop/dent_output/chexpert-swap-normal/pleural_effusion/seed1949/lambda_t_star5/style.png,0.9417404,0.981561,0.9830631,0.9789346,0.9791096448898315,0.9732919931411743,0.9655394554138184,0.9625811576843262,0.9614526629447937,0.9554452896118164,0.0317424,0.4347758,0.2175226,0.029575028,0.03132672235369682,0.028524819761514664,0.03196997195482254,0.03644697740674019,0.03396774083375931,0.03217462822794914
3025,/usr/local/data/zahrat/workshop/dent_output/chexpert-swap-normal/pleural_effusion/seed3025/lambda_t_star5/style.png,0.06659101,0.9263935,0.9009107,0.7053965,0.6028707027435303,0.4407235085964203,0.3527955710887909,0.26971375942230225,0.22084800899028778,0.12270341068506241,0.08680454,0.13617344,0.4923024,0.86061895,0.8816803097724915,0.08521156013011932,0.08660748600959778,0.08533000200986862,0.08288996666669846,0.09527364373207092
1640,/usr/local/data/zahrat/workshop/dent_output/chexpert-swap-normal/pleural_effusion/seed1640/lambda_t_star5/style.png,0.023476738,0.9337715,0.91540474,0.8827838,0.7664457559585571,0.19914387166500092,0.09420778602361679,0.06269049644470215,0.048103757202625275,0.032853830605745316,0.080193006,0.2634149,0.2382754,0.082077645,0.06874014437198639,0.09034615010023117,0.08059559762477875,0.08845129609107971,0.08427543938159943,0.08685150742530823
3361,/usr/local/data/zahrat/workshop/dent_output/chexpert-swap-normal/pleural_effusion/seed3361/lambda_t_star5/style.png,0.050461907,0.83153975,0.86350983,0.8465824,0.4240126311779022,0.27498361468315125,0.24195413291454315,0.17329268157482147,0.11576662212610245,0.07521368563175201,0.22468194,0.46093324,0.7170557,0.4379475,0.39544567465782166,0.41168731451034546,0.3574027121067047,0.3078913390636444,0.3035314977169037,0.24549880623817444
1805,/usr/local/data/zahrat/workshop/dent_output/chexpert-swap-normal/pleural_effusion/seed1805/lambda_t_star5/style.png,0.051036503,0.976502,0.8873702,0.72859216,0.5742267966270447,0.19068093597888947,0.1096918061375618,0.09109404683113098,0.07664350420236588,0.06129405274987221,0.82814354,0.7547972,0.82030964,0.77088594,0.780568540096283,0.8147516250610352,0.8280085325241089,0.8392462730407715,0.837100625038147,0.8357020020484924
2568,/usr/local/data/zahrat/workshop/dent_output/chexpert-swap-normal/pleural_effusion/seed2568/lambda_t_star5/style.png,0.053028483,0.94727105,0.9268559,0.846794,0.5226444005966187,0.24435919523239136,0.11286865919828415,0.0859207883477211,0.07305828481912613,0.06156365945935249,0.85215443,0.9068293,0.8869805,0.82910997,0.8064908385276794,0.830243706703186,0.8389277458190918,0.8434387445449829,0.849568784236908,0.8479859828948975
2066,/usr/local/data/zahrat/workshop/dent_output/chexpert-swap-normal/pleural_effusion/seed2066/lambda_t_star5/style.png,0.10430169,0.4413615,0.58949095,0.65229815,0.6332401037216187,0.6206054091453552,0.4581613838672638,0.3943469524383545,0.28443604707717896,0.1782108098268509,0.825979,0.72795355,0.84034836,0.85106325,0.8381905555725098,0.8508224487304688,0.8534079194068909,0.8494081497192383,0.8478814959526062,0.8343855738639832
3190,/usr/local/data/zahrat/workshop/dent_output/chexpert-swap-normal/pleural_effusion/seed3190/lambda_t_star5/style.png,0.09389807,0.9816399,0.95797974,0.9614523,0.8869078755378723,0.8066652417182922,0.7919574975967407,0.4627070724964142,0.2794959545135498,0.14723490178585052,0.21153888,0.85521257,0.43070903,0.47757915,0.4136369526386261,0.2606155276298523,0.2802925705909729,0.2656288743019104,0.2711475193500519,0.24380244314670563
3158,/usr/local/data/zahrat/workshop/dent_output/chexpert-swap-normal/pleural_effusion/seed3158/lambda_t_star5/style.png,0.07915906,0.9309309,0.8174623,0.7847444,0.7594093680381775,0.6887843608856201,0.2990981340408325,0.18752673268318176,0.1635615974664688,0.1137482076883316,0.08196902,0.9291237,0.91861194,0.2674225,0.39590898156166077,0.24688106775283813,0.2298482060432434,0.14612193405628204,0.12647630274295807,0.1224687248468399
1560,/usr/local/data/zahrat/workshop/dent_output/chexpert-swap-normal/pleural_effusion/seed1560/lambda_t_star5/style.png,0.14932472,0.9546151,0.9596787,0.9550674,0.9143244624137878,0.8433940410614014,0.6380151510238647,0.4527919292449951,0.3363681137561798,0.21850667893886566,0.06910893,0.18391031,0.106417276,0.07371891,0.10015494376420975,0.10538243502378464,0.09299862384796143,0.08191616833209991,0.08492419123649597,0.07193876057863235
1935,/usr/local/data/zahrat/workshop/dent_output/chexpert-swap-normal/pleural_effusion/seed1935/lambda_t_star5/style.png,0.1005233,0.92388326,0.76709867,0.3972702,0.2913486659526825,0.23552943766117096,0.2060661017894745,0.164337620139122,0.12636840343475342,0.10410138964653015,0.013700839,0.024811534,0.024552712,0.02183121,0.018830565735697746,0.016878729686141014,0.01794743351638317,0.01615593582391739,0.015644559636712074,0.014564109034836292
2680,/usr/local/data/zahrat/workshop/dent_output/chexpert-swap-normal/pleural_effusion/seed2680/lambda_t_star5/style.png,0.0071140183,0.8520379,0.6834195,0.5878231,0.08381157368421555,0.015337792225182056,0.011410520412027836,0.009652441367506981,0.008960745297372341,0.007749681826680899,0.24783099,0.7990865,0.85582775,0.8616306,0.8252159953117371,0.7808955311775208,0.5760570764541626,0.2456744760274887,0.22526223957538605,0.22752849757671356
1791,/usr/local/data/zahrat/workshop/dent_output/chexpert-swap-normal/pleural_effusion/seed1791/lambda_t_star5/style.png,0.060604338,0.9182837,0.8896304,0.64830256,0.4079373776912689,0.32250866293907166,0.20398136973381042,0.15441471338272095,0.11324456334114075,0.08500755578279495,0.6429558,0.7147906,0.7285947,0.7218788,0.7053354382514954,0.6739572882652283,0.6811339855194092,0.6789472699165344,0.6687760353088379,0.6640030741691589
2094,/usr/local/data/zahrat/workshop/dent_output/chexpert-swap-normal/pleural_effusion/seed2094/lambda_t_star5/style.png,0.018332183,0.8844969,0.8771807,0.85649043,0.8399953246116638,0.7837544679641724,0.7325410842895508,0.4668261408805847,0.09738779813051224,0.03578352555632591,0.64578164,0.9264157,0.62448514,0.6344362,0.6957412958145142,0.7199892401695251,0.7275197505950928,0.6621966361999512,0.6170672178268433,0.5909749269485474
1693,/usr/local/data/zahrat/workshop/dent_output/chexpert-swap-normal/pleural_effusion/seed1693/lambda_t_star5/style.png,0.12766826,0.9270137,0.8939751,0.83020097,0.789330005645752,0.7186629176139832,0.5203572511672974,0.302107572555542,0.22283434867858887,0.17874884605407715,0.16045128,0.14821163,0.25749478,0.21139528,0.20101769268512726,0.19932134449481964,0.185029536485672,0.19327116012573242,0.1825440227985382,0.1689036339521408
2044,/usr/local/data/zahrat/workshop/dent_output/chexpert-swap-normal/pleural_effusion/seed2044/lambda_t_star5/style.png,0.12664726,0.9594858,0.9349422,0.87351835,0.7484197616577148,0.6477570533752441,0.47601112723350525,0.36127424240112305,0.26326385140419006,0.1861146092414856,0.122456715,0.16452348,0.19934402,0.17450497,0.18307754397392273,0.16566231846809387,0.14471501111984253,0.12750650942325592,0.12656782567501068,0.1263287365436554
2957,/usr/local/data/zahrat/workshop/dent_output/chexpert-swap-normal/pleural_effusion/seed2957/lambda_t_star5/style.png,0.058389146,0.4984922,0.25054398,0.1722703,0.10776660591363907,0.08931264281272888,0.0792679637670517,0.07572125643491745,0.07156367599964142,0.06623340398073196,0.02683323,0.056920584,0.060538348,0.06570081,0.08153471350669861,0.07232959568500519,0.06558404117822647,0.056501276791095734,0.04703179746866226,0.035295166075229645
2459,/usr/local/data/zahrat/workshop/dent_output/chexpert-swap-normal/pleural_effusion/seed2459/lambda_t_star5/style.png,0.27244744,0.9688158,0.9709212,0.9775799,0.9611330628395081,0.6879578828811646,0.5599714517593384,0.4244576394557953,0.39703792333602905,0.30086198449134827,0.08023885,0.8264516,0.756143,0.25778538,0.19716612994670868,0.1187007948756218,0.10420341789722443,0.10498742014169693,0.11133628338575363,0.09073939919471741
2342,/usr/local/data/zahrat/workshop/dent_output/chexpert-swap-normal/pleural_effusion/seed2342/lambda_t_star5/style.png,0.03269437,0.77446365,0.40950716,0.39815125,0.22147251665592194,0.17675749957561493,0.12539051473140717,0.0961441844701767,0.06232037767767906,0.045767854899168015,0.048831925,0.69629526,0.7778631,0.71838576,0.7608066201210022,0.6123674511909485,0.34197181463241577,0.09273424744606018,0.08839258551597595,0.06709283590316772
2475,/usr/local/data/zahrat/workshop/dent_output/chexpert-swap-normal/pleural_effusion/seed2475/lambda_t_star5/style.png,0.01829609,0.92860323,0.7160072,0.31858113,0.2918461263179779,0.0686962753534317,0.04319734498858452,0.030925538390874863,0.024225588887929916,0.021645868197083473,0.06266479,0.2993095,0.053733997,0.048568502,0.06899650394916534,0.08100228011608124,0.0706917867064476,0.06829281151294708,0.07051084190607071,0.06474865227937698
3286,/usr/local/data/zahrat/workshop/dent_output/chexpert-swap-normal/pleural_effusion/seed3286/lambda_t_star5/style.png,0.072512306,0.7645092,0.38905236,0.24935727,0.19626279175281525,0.16016888618469238,0.13158729672431946,0.10718788951635361,0.09095638990402222,0.08191327750682831,0.30106393,0.32966265,0.7104741,0.46656245,0.5096585154533386,0.4735524356365204,0.4220164716243744,0.5037974119186401,0.4030246436595917,0.3578256368637085
1976,/usr/local/data/zahrat/workshop/dent_output/chexpert-swap-normal/pleural_effusion/seed1976/lambda_t_star5/style.png,0.020385278,0.94600207,0.74768627,0.49699813,0.33331960439682007,0.23995502293109894,0.13788321614265442,0.06683816015720367,0.04611381143331528,0.03394278138875961,0.7966563,0.7364154,0.79188854,0.8192777,0.8138175010681152,0.8160160183906555,0.8183961510658264,0.8171069025993347,0.806672215461731,0.8015632033348083
2689,/usr/local/data/zahrat/workshop/dent_output/chexpert-swap-normal/pleural_effusion/seed2689/lambda_t_star5/style.png,0.04960852,0.6153777,0.40002623,0.2328192,0.14888723194599152,0.09949330240488052,0.08376629650592804,0.07173191756010056,0.06665672361850739,0.06142418831586838,0.7970337,0.74388576,0.7958651,0.79749185,0.8055264949798584,0.7952098846435547,0.8009147644042969,0.8005899786949158,0.8005915880203247,0.8053405284881592
1874,/usr/local/data/zahrat/workshop/dent_output/chexpert-swap-normal/pleural_effusion/seed1874/lambda_t_star5/style.png,0.6777415,0.6033762,0.83050627,0.8706318,0.863295316696167,0.8535739183425903,0.8629846572875977,0.762040913105011,0.7273141741752625,0.6939990520477295,0.7944042,0.8413001,0.9191822,0.88611287,0.8870058655738831,0.810694694519043,0.7910082936286926,0.7771918773651123,0.7673673629760742,0.7759994268417358
1629,/usr/local/data/zahrat/workshop/dent_output/chexpert-swap-normal/pleural_effusion/seed1629/lambda_t_star5/style.png,0.079630755,0.8761726,0.9345036,0.932335,0.9192425012588501,0.8078166246414185,0.657588541507721,0.4317318797111511,0.24976201355457306,0.14928561449050903,0.11415701,0.9048687,0.2785027,0.6325032,0.6735198497772217,0.6973804831504822,0.6469928622245789,0.443488210439682,0.15810196101665497,0.14159320294857025
2125,/usr/local/data/zahrat/workshop/dent_output/chexpert-swap-normal/pleural_effusion/seed2125/lambda_t_star5/style.png,0.05335633,0.81931704,0.529489,0.32572713,0.21654905378818512,0.15057943761348724,0.14258985221385956,0.10869702696800232,0.0914061963558197,0.0748727098107338,0.031624798,0.09810197,0.041681204,0.037175134,0.03616156801581383,0.03748295083642006,0.036744944751262665,0.03624068573117256,0.03412169590592384,0.031657204031944275
3070,/usr/local/data/zahrat/workshop/dent_output/chexpert-swap-normal/pleural_effusion/seed3070/lambda_t_star5/style.png,0.2774248,0.942824,0.9274248,0.88423747,0.7784891724586487,0.7440437078475952,0.7436389923095703,0.6620766520500183,0.5109959244728088,0.4291365146636963,0.57538366,0.9330191,0.8224484,0.6215451,0.8049259781837463,0.7742135524749756,0.7542262673377991,0.7322899103164673,0.6882299780845642,0.654649019241333
3113,/usr/local/data/zahrat/workshop/dent_output/chexpert-swap-normal/pleural_effusion/seed3113/lambda_t_star5/style.png,0.0720621,0.93702376,0.88206846,0.9076003,0.8826195001602173,0.7894982099533081,0.5985687375068665,0.3123787045478821,0.16083373129367828,0.10445617139339447,0.19238108,0.6955956,0.67608863,0.693377,0.6814611554145813,0.6125437617301941,0.35521337389945984,0.23354311287403107,0.22776736319065094,0.2093067318201065
1814,/usr/local/data/zahrat/workshop/dent_output/chexpert-swap-normal/pleural_effusion/seed1814/lambda_t_star5/style.png,0.062419496,0.9440759,0.7175997,0.8830802,0.8610959053039551,0.7362675070762634,0.614266574382782,0.25292322039604187,0.13175071775913239,0.09010174870491028,0.8667076,0.9074367,0.9237504,0.9154694,0.91742342710495,0.926194965839386,0.9157736301422119,0.9078839421272278,0.898407518863678,0.8815658092498779
3334,/usr/local/data/zahrat/workshop/dent_output/chexpert-swap-normal/pleural_effusion/seed3334/lambda_t_star5/style.png,0.06021967,0.66068,0.7387622,0.6455698,0.2917533218860626,0.1602679342031479,0.11553724110126495,0.08491543680429459,0.07624751329421997,0.07363883405923843,0.76762885,0.8900329,0.8740248,0.87431026,0.8255360722541809,0.8408913612365723,0.8147690296173096,0.7928798794746399,0.7829492092132568,0.7717466354370117
1726,/usr/local/data/zahrat/workshop/dent_output/chexpert-swap-normal/pleural_effusion/seed1726/lambda_t_star5/style.png,0.12990227,0.9150062,0.85732275,0.72059035,0.5568251609802246,0.47861093282699585,0.3817455768585205,0.256292462348938,0.19565901160240173,0.15286976099014282,0.11477569,0.2820684,0.336252,0.32985595,0.3345988690853119,0.3437066674232483,0.2867179214954376,0.2685319483280182,0.16975469887256622,0.1345604658126831
1954,/usr/local/data/zahrat/workshop/dent_output/chexpert-swap-normal/pleural_effusion/seed1954/lambda_t_star5/style.png,0.10218334,0.9551324,0.92108595,0.82172316,0.7769437432289124,0.6442487239837646,0.47398170828819275,0.420364111661911,0.40428584814071655,0.1918898969888687,0.1796815,0.92101014,0.91562206,0.9441811,0.9274259805679321,0.8043107986450195,0.27853837609291077,0.23930829763412476,0.20913541316986084,0.20366808772087097
3059,/usr/local/data/zahrat/workshop/dent_output/chexpert-swap-normal/pleural_effusion/seed3059/lambda_t_star5/style.png,0.01620922,0.37273452,0.17171049,0.08459109,0.08497341722249985,0.04201342165470123,0.028565693646669388,0.022214556112885475,0.019620561972260475,0.017992287874221802,0.086240225,0.09798414,0.118617624,0.09656787,0.08661205321550369,0.08576474338769913,0.08794102072715759,0.09121299535036087,0.0863267332315445,0.08994349092245102
2778,/usr/local/data/zahrat/workshop/dent_output/chexpert-swap-normal/pleural_effusion/seed2778/lambda_t_star5/style.png,0.47674632,0.9609174,0.9364577,0.92880404,0.9359338879585266,0.917291522026062,0.8782224655151367,0.8365460634231567,0.8028171062469482,0.7192527055740356,0.33310562,0.7911181,0.8652516,0.81533116,0.6598178744316101,0.8350277543067932,0.7212637066841125,0.6556103229522705,0.637364387512207,0.5195677876472473
1769,/usr/local/data/zahrat/workshop/dent_output/chexpert-swap-normal/pleural_effusion/seed1769/lambda_t_star5/style.png,0.2107856,0.9184974,0.8641841,0.8393203,0.7654697299003601,0.7069334387779236,0.5969020128250122,0.442923367023468,0.3335002660751343,0.25514405965805054,0.06153063,0.6815504,0.7001742,0.16835652,0.15004689991474152,0.12968720495700836,0.10449467599391937,0.09224105626344681,0.08704668283462524,0.07514578849077225
2786,/usr/local/data/zahrat/workshop/dent_output/chexpert-swap-normal/pleural_effusion/seed2786/lambda_t_star5/style.png,0.03337792,0.54286516,0.48806503,0.25163174,0.12126632779836655,0.09882122278213501,0.07953719794750214,0.06322723627090454,0.05240972712635994,0.04231065884232521,0.40333194,0.20136975,0.14244041,0.4816889,0.6363204717636108,0.48056918382644653,0.5163055658340454,0.4903055429458618,0.48188838362693787,0.4304698407649994
3304,/usr/local/data/zahrat/workshop/dent_output/chexpert-swap-normal/pleural_effusion/seed3304/lambda_t_star5/style.png,0.04800552,0.9729604,0.9530926,0.90607274,0.8550084829330444,0.6443256139755249,0.4229222238063812,0.23044276237487793,0.13966912031173706,0.08734572678804398,0.08599703,0.263849,0.71925503,0.17201443,0.11885176599025726,0.13283582031726837,0.09939749538898468,0.1029728353023529,0.09204036742448807,0.08927493542432785
2780,/usr/local/data/zahrat/workshop/dent_output/chexpert-swap-normal/pleural_effusion/seed2780/lambda_t_star5/style.png,0.13170616,0.9716162,0.979541,0.9801319,0.9840307235717773,0.9822145104408264,0.9375076293945312,0.8003653883934021,0.6501396894454956,0.2962940037250519,0.88648313,0.8632574,0.7943316,0.8234131,0.8480970859527588,0.8951838612556458,0.8685052394866943,0.8791353106498718,0.8828215003013611,0.8862395286560059
2699,/usr/local/data/zahrat/workshop/dent_output/chexpert-swap-normal/pleural_effusion/seed2699/lambda_t_star5/style.png,0.2632509,0.4384477,0.41184974,0.4636257,0.38683512806892395,0.37208670377731323,0.3527173697948456,0.3286094069480896,0.3132813274860382,0.28053873777389526,0.07738936,0.08909999,0.097968295,0.08416513,0.11082570999860764,0.1209854707121849,0.12238530814647675,0.09956512600183487,0.06672441959381104,0.07146047800779343
1731,/usr/local/data/zahrat/workshop/dent_output/chexpert-swap-normal/pleural_effusion/seed1731/lambda_t_star5/style.png,0.038749967,0.6708361,0.24830309,0.19368526,0.2187485247850418,0.24462485313415527,0.11632595211267471,0.07292920351028442,0.060222454369068146,0.046658050268888474,0.08924187,0.78992236,0.8425488,0.83079296,0.8587128520011902,0.8517255187034607,0.8323032259941101,0.5263824462890625,0.16787724196910858,0.10189802199602127
2871,/usr/local/data/zahrat/workshop/dent_output/chexpert-swap-normal/pleural_effusion/seed2871/lambda_t_star5/style.png,0.020127406,0.94917756,0.8697062,0.7745888,0.6640403270721436,0.3686721920967102,0.16196900606155396,0.05909078195691109,0.03837401419878006,0.026667743921279907,0.11068207,0.84469384,0.8397463,0.88760865,0.8625041246414185,0.8125721216201782,0.7320910096168518,0.5842289328575134,0.11668754369020462,0.11559748649597168
2767,/usr/local/data/zahrat/workshop/dent_output/chexpert-swap-normal/pleural_effusion/seed2767/lambda_t_star5/style.png,0.28078392,0.970543,0.9532794,0.9434279,0.9182742834091187,0.8743484020233154,0.8144545555114746,0.6710507273674011,0.5319034457206726,0.3979496359825134,0.40777957,0.19953312,0.1784211,0.6568131,0.6323943138122559,0.6516255736351013,0.6944959163665771,0.7018139362335205,0.623035192489624,0.5927707552909851
2499,/usr/local/data/zahrat/workshop/dent_output/chexpert-swap-normal/pleural_effusion/seed2499/lambda_t_star5/style.png,0.030907026,0.8987788,0.7111301,0.4356633,0.16405323147773743,0.11061611771583557,0.0816388875246048,0.06392333656549454,0.04955228045582771,0.040007881820201874,0.11287606,0.6425979,0.23960085,0.2282362,0.19996994733810425,0.16743440926074982,0.15187270939350128,0.13445428013801575,0.13958171010017395,0.12465890496969223
1941,/usr/local/data/zahrat/workshop/dent_output/chexpert-swap-normal/pleural_effusion/seed1941/lambda_t_star5/style.png,0.04000554,0.905009,0.88744843,0.79929703,0.7029793858528137,0.5556133389472961,0.3470113277435303,0.16604942083358765,0.08675722032785416,0.053614288568496704,0.87317055,0.8900801,0.91921365,0.93727267,0.9413990378379822,0.9500359296798706,0.9503387808799744,0.9364622831344604,0.9220886826515198,0.9010310173034668
2407,/usr/local/data/zahrat/workshop/dent_output/chexpert-swap-normal/pleural_effusion/seed2407/lambda_t_star5/style.png,0.19775558,0.95828867,0.91516566,0.81369865,0.5975658297538757,0.5467250347137451,0.5013245940208435,0.423374205827713,0.3435540199279785,0.24747483432292938,0.08058513,0.09216082,0.10027417,0.22729294,0.09137968719005585,0.09582182765007019,0.10321193933486938,0.10062934458255768,0.09304841607809067,0.08697260916233063
1860,/usr/local/data/zahrat/workshop/dent_output/chexpert-swap-normal/pleural_effusion/seed1860/lambda_t_star5/style.png,0.040566962,0.8480115,0.8894166,0.8302919,0.8329620957374573,0.32512083649635315,0.13104091584682465,0.11617955565452576,0.0690828487277031,0.05629123002290726,0.32155138,0.78520036,0.6266235,0.6404285,0.7441851496696472,0.7364707589149475,0.556967556476593,0.49524685740470886,0.5113884806632996,0.41310495138168335
1730,/usr/local/data/zahrat/workshop/dent_output/chexpert-swap-normal/pleural_effusion/seed1730/lambda_t_star5/style.png,0.113811195,0.9726505,0.97541434,0.97071666,0.9691550731658936,0.9668002724647522,0.8626903891563416,0.6217113733291626,0.370644211769104,0.20701077580451965,0.72812855,0.8546557,0.90760034,0.70838624,0.7820271253585815,0.7740349769592285,0.8225222229957581,0.7954521179199219,0.7829232811927795,0.7504804134368896
2932,/usr/local/data/zahrat/workshop/dent_output/chexpert-swap-normal/pleural_effusion/seed2932/lambda_t_star5/style.png,0.081770994,0.97392696,0.9584838,0.9108964,0.8953073024749756,0.7211294770240784,0.7058262228965759,0.569934606552124,0.40678444504737854,0.21058399975299835,0.107888855,0.5319127,0.6655556,0.2308899,0.25585076212882996,0.1271231323480606,0.11830470710992813,0.12443596869707108,0.11922109872102737,0.11545949429273605
2451,/usr/local/data/zahrat/workshop/dent_output/chexpert-swap-normal/pleural_effusion/seed2451/lambda_t_star5/style.png,0.049412757,0.97231776,0.9604947,0.95011497,0.9245908856391907,0.8981227278709412,0.7913022637367249,0.6850626468658447,0.35455799102783203,0.11162909865379333,0.14521672,0.24820384,0.1517626,0.19789328,0.17616136372089386,0.2634150981903076,0.1678827852010727,0.16703492403030396,0.14985838532447815,0.14456209540367126
2737,/usr/local/data/zahrat/workshop/dent_output/chexpert-swap-normal/pleural_effusion/seed2737/lambda_t_star5/style.png,0.496817,0.9599521,0.94257784,0.8967684,0.8832494020462036,0.9014809131622314,0.8612305521965027,0.8460847735404968,0.8211631774902344,0.7332231402397156,0.15379652,0.53228927,0.09808383,0.12490869,0.1840931624174118,0.22266244888305664,0.22747132182121277,0.18141338229179382,0.1550447642803192,0.16025817394256592
1743,/usr/local/data/zahrat/workshop/dent_output/chexpert-swap-normal/pleural_effusion/seed1743/lambda_t_star5/style.png,0.2599232,0.9893211,0.9872224,0.9769778,0.8992558121681213,0.8152753114700317,0.764987051486969,0.6790053844451904,0.5294109582901001,0.39796918630599976,0.20763102,0.5601738,0.41315857,0.35639113,0.38993722200393677,0.4012582302093506,0.3545420467853546,0.322259783744812,0.24789077043533325,0.2253393828868866
1857,/usr/local/data/zahrat/workshop/dent_output/chexpert-swap-normal/pleural_effusion/seed1857/lambda_t_star5/style.png,0.07326107,0.9510333,0.80960333,0.4299827,0.27301743626594543,0.20011672377586365,0.1651797890663147,0.1368800401687622,0.1151251494884491,0.09137509763240814,0.1689381,0.3916085,0.69245416,0.6366863,0.7033765316009521,0.6460778713226318,0.5752276182174683,0.3289315700531006,0.26056617498397827,0.23788323998451233
3165,/usr/local/data/zahrat/workshop/dent_output/chexpert-swap-normal/pleural_effusion/seed3165/lambda_t_star5/style.png,0.04681703,0.89443254,0.854129,0.59876066,0.2251582145690918,0.12237414717674255,0.08514215797185898,0.07372333854436874,0.06659680604934692,0.061924565583467484,0.10299312,0.2564569,0.14868344,0.14471607,0.1255391538143158,0.11130306869745255,0.1049400195479393,0.11083811521530151,0.10770166665315628,0.10410867631435394
2238,/usr/local/data/zahrat/workshop/dent_output/chexpert-swap-normal/pleural_effusion/seed2238/lambda_t_star5/style.png,0.2914046,0.9796315,0.9665372,0.95161945,0.9413004517555237,0.9272634983062744,0.783690333366394,0.7072315216064453,0.6385549902915955,0.49690404534339905,0.03882394,0.557099,0.03315707,0.041265856,0.03817646950483322,0.038338541984558105,0.03863518685102463,0.036893535405397415,0.03853485733270645,0.04023776575922966
2756,/usr/local/data/zahrat/workshop/dent_output/chexpert-swap-normal/pleural_effusion/seed2756/lambda_t_star5/style.png,0.05798274,0.95486474,0.95494974,0.9665759,0.8719938397407532,0.4512365162372589,0.2516329884529114,0.19222192466259003,0.12677177786827087,0.0807686373591423,0.092999026,0.81505144,0.81551886,0.4662568,0.3755994439125061,0.18395456671714783,0.07685372233390808,0.09230061620473862,0.08662185817956924,0.08877885341644287
2294,/usr/local/data/zahrat/workshop/dent_output/chexpert-swap-normal/pleural_effusion/seed2294/lambda_t_star5/style.png,0.039649997,0.9614566,0.8679084,0.5348176,0.50810706615448,0.4313000440597534,0.21762432157993317,0.1652023196220398,0.09670604765415192,0.06058107316493988,0.8892395,0.7798772,0.8820964,0.7890572,0.8778310418128967,0.8833006024360657,0.8755186796188354,0.8851708173751831,0.8901175856590271,0.8887609243392944
2406,/usr/local/data/zahrat/workshop/dent_output/chexpert-swap-normal/pleural_effusion/seed2406/lambda_t_star5/style.png,0.061737347,0.7357384,0.41737434,0.2816306,0.3007306456565857,0.34252408146858215,0.2877882421016693,0.2028464525938034,0.13420268893241882,0.08879981935024261,0.049046632,0.05640069,0.5112136,0.3001438,0.05506812036037445,0.05095626413822174,0.05160035192966461,0.05016379803419113,0.05065147206187248,0.047151368111371994
1816,/usr/local/data/zahrat/workshop/dent_output/chexpert-swap-normal/pleural_effusion/seed1816/lambda_t_star5/style.png,0.15199761,0.92588645,0.5096573,0.46076578,0.39246153831481934,0.32392022013664246,0.2878795862197876,0.2427055835723877,0.20779356360435486,0.1743069589138031,0.18024355,0.5238467,0.19895764,0.18684727,0.1858215630054474,0.2034544199705124,0.20683681964874268,0.22193503379821777,0.2318272590637207,0.21850727498531342
2272,/usr/local/data/zahrat/workshop/dent_output/chexpert-swap-normal/pleural_effusion/seed2272/lambda_t_star5/style.png,0.2331434,0.9543062,0.9278093,0.8053937,0.7284984588623047,0.656890869140625,0.5882613658905029,0.510832667350769,0.4488053321838379,0.3413446843624115,0.90115863,0.9162395,0.88942903,0.93656904,0.9362982511520386,0.9300709962844849,0.9120325446128845,0.9056806564331055,0.9035845398902893,0.9035102128982544
1692,/usr/local/data/zahrat/workshop/dent_output/chexpert-swap-normal/pleural_effusion/seed1692/lambda_t_star5/style.png,0.044705078,0.89060843,0.91145736,0.88441575,0.6995875239372253,0.6888973116874695,0.629540741443634,0.5327797532081604,0.1089649349451065,0.06594762951135635,0.1203971,0.24335863,0.13777605,0.111214094,0.10700441896915436,0.12300799787044525,0.13858497142791748,0.15325382351875305,0.14694558084011078,0.13983871042728424
2668,/usr/local/data/zahrat/workshop/dent_output/chexpert-swap-normal/pleural_effusion/seed2668/lambda_t_star5/style.png,0.24427998,0.7839225,0.63774586,0.4397775,0.3401373326778412,0.32031989097595215,0.29475346207618713,0.2694641351699829,0.2563711404800415,0.2536787986755371,0.058903713,0.13980989,0.8358195,0.8441838,0.8225231766700745,0.7530405521392822,0.1136021614074707,0.0842641070485115,0.06590332090854645,0.06019758805632591
2453,/usr/local/data/zahrat/workshop/dent_output/chexpert-swap-normal/pleural_effusion/seed2453/lambda_t_star5/style.png,0.3796386,0.98030233,0.974329,0.97268146,0.9232603907585144,0.8750572204589844,0.8107659220695496,0.7301921248435974,0.6186474561691284,0.4796389043331146,0.17217548,0.48788267,0.57160544,0.60200256,0.5399441719055176,0.558245837688446,0.5468509793281555,0.4800621569156647,0.3084658086299896,0.25063401460647583
2457,/usr/local/data/zahrat/workshop/dent_output/chexpert-swap-normal/pleural_effusion/seed2457/lambda_t_star5/style.png,0.055703267,0.91933686,0.91380215,0.5562862,0.3083820939064026,0.24987167119979858,0.2368844747543335,0.17969156801700592,0.12329034507274628,0.07629454880952835,0.9526235,0.9309242,0.9261968,0.90022933,0.9281733632087708,0.9217454195022583,0.9257494211196899,0.9397177696228027,0.9441264867782593,0.9496570825576782
1604,/usr/local/data/zahrat/workshop/dent_output/chexpert-swap-normal/pleural_effusion/seed1604/lambda_t_star5/style.png,0.036230803,0.91939646,0.48985872,0.2569815,0.1635228395462036,0.15323156118392944,0.1157134398818016,0.08645698428153992,0.06673169136047363,0.04855010285973549,0.92123777,0.9053553,0.9055113,0.8992032,0.9076351523399353,0.9139583110809326,0.9069210290908813,0.9046868085861206,0.9107418060302734,0.9198734164237976
2134,/usr/local/data/zahrat/workshop/dent_output/chexpert-swap-normal/pleural_effusion/seed2134/lambda_t_star5/style.png,0.030114755,0.9321197,0.9060163,0.8091196,0.6944460868835449,0.2537466883659363,0.10178515315055847,0.06978694349527359,0.052700530737638474,0.03980587422847748,0.8745172,0.52965695,0.66468686,0.728887,0.7929773330688477,0.819908618927002,0.8830397129058838,0.8629099130630493,0.8623031973838806,0.8584405183792114
2384,/usr/local/data/zahrat/workshop/dent_output/chexpert-swap-normal/pleural_effusion/seed2384/lambda_t_star5/style.png,0.17794205,0.97652245,0.92766047,0.9122574,0.74376380443573,0.6448919177055359,0.5332944393157959,0.422532856464386,0.30846044421195984,0.24052327871322632,0.06550016,0.5414492,0.5264187,0.11837422,0.13450659811496735,0.11259543150663376,0.08428379148244858,0.07416068762540817,0.07106432318687439,0.05822824686765671
2106,/usr/local/data/zahrat/workshop/dent_output/chexpert-swap-normal/pleural_effusion/seed2106/lambda_t_star5/style.png,0.08649305,0.97721714,0.9189577,0.85999507,0.8411005735397339,0.395751029253006,0.2962837219238281,0.21680569648742676,0.14802846312522888,0.10602044314146042,0.16934639,0.68168676,0.90404284,0.92146343,0.4192391335964203,0.25956785678863525,0.283726304769516,0.27386870980262756,0.24153098464012146,0.21402262151241302
1664,/usr/local/data/zahrat/workshop/dent_output/chexpert-swap-normal/pleural_effusion/seed1664/lambda_t_star5/style.png,0.18194991,0.8955745,0.76944643,0.41485924,0.39295658469200134,0.35546815395355225,0.32069453597068787,0.2712864279747009,0.24403688311576843,0.21436835825443268,0.033763904,0.08428599,0.060674418,0.18372083,0.26493310928344727,0.13996060192584991,0.07964401692152023,0.06259020417928696,0.04968958720564842,0.04054629057645798
1998,/usr/local/data/zahrat/workshop/dent_output/chexpert-swap-normal/pleural_effusion/seed1998/lambda_t_star5/style.png,0.035732057,0.7484572,0.79402053,0.66322964,0.3883475363254547,0.2796064615249634,0.23870417475700378,0.15405425429344177,0.0790242999792099,0.04998594522476196,0.05424244,0.05154547,0.039833743,0.64035165,0.6855370402336121,0.0411386638879776,0.055205244570970535,0.062107186764478683,0.05904869735240936,0.059177134186029434
2104,/usr/local/data/zahrat/workshop/dent_output/chexpert-swap-normal/pleural_effusion/seed2104/lambda_t_star5/style.png,0.28893432,0.96082914,0.86761403,0.6390804,0.6126394271850586,0.6401415467262268,0.4961187541484833,0.4464721381664276,0.41543909907341003,0.3455241620540619,0.039614484,0.064608015,0.04341591,0.102542765,0.11390332132577896,0.08567486703395844,0.06271777302026749,0.05473282188177109,0.052579935640096664,0.055904876440763474
2093,/usr/local/data/zahrat/workshop/dent_output/chexpert-swap-normal/pleural_effusion/seed2093/lambda_t_star5/style.png,0.054388918,0.54527944,0.4151132,0.1908185,0.13931481540203094,0.11336366087198257,0.09548551589250565,0.07757780700922012,0.0745840072631836,0.06178859993815422,0.12645404,0.9314341,0.8807165,0.9062077,0.9123164415359497,0.9145883321762085,0.8352779746055603,0.4549380838871002,0.2746868133544922,0.18456456065177917
1641,/usr/local/data/zahrat/workshop/dent_output/chexpert-swap-normal/pleural_effusion/seed1641/lambda_t_star5/style.png,0.026523672,0.9016284,0.91946876,0.7609689,0.4594079852104187,0.23948203027248383,0.07691115140914917,0.0437028668820858,0.036362942308187485,0.02967149019241333,0.9122041,0.854788,0.8937714,0.8953754,0.9107863306999207,0.9016723036766052,0.9044597148895264,0.9128376245498657,0.9160820245742798,0.9191046953201294
2447,/usr/local/data/zahrat/workshop/dent_output/chexpert-swap-normal/pleural_effusion/seed2447/lambda_t_star5/style.png,0.03962891,0.8467232,0.87880504,0.7528257,0.4069021940231323,0.1998356133699417,0.11564386636018753,0.08645664900541306,0.06428311765193939,0.047721777111291885,0.17560007,0.50930774,0.70034856,0.7239856,0.6331696510314941,0.5366017818450928,0.5024906396865845,0.4195697009563446,0.29150691628456116,0.21834340691566467
3168,/usr/local/data/zahrat/workshop/dent_output/chexpert-swap-normal/pleural_effusion/seed3168/lambda_t_star5/style.png,0.05543713,0.5725434,0.36550775,0.21770242,0.18594017624855042,0.1525774747133255,0.1122623011469841,0.08698919415473938,0.07235443592071533,0.06008128076791763,0.027943913,0.019797629,0.020317892,0.032780237,0.03401624411344528,0.03764871135354042,0.03495010361075401,0.03082803450524807,0.03428971394896507,0.02786724828183651
3378,/usr/local/data/zahrat/workshop/dent_output/chexpert-swap-normal/pleural_effusion/seed3378/lambda_t_star5/style.png,0.0684996,0.93993735,0.9245477,0.9124319,0.9021390080451965,0.8606300354003906,,,,,0.9014761,0.9483703,0.9287626,0.92648494,0.9070695042610168,0.9137930274009705,,,,
2784,/usr/local/data/zahrat/workshop/dent_output/chexpert-swap-normal/pleural_effusion/seed2784/lambda_t_star5/style.png,0.045131776,0.94297546,0.92852336,0.5843527,0.3606172502040863,0.184060737490654,0.1408943384885788,0.08670564740896225,0.06876827776432037,0.05481083318591118,0.053377196,0.8914187,0.74101067,0.20057853,0.06794444471597672,0.06590859591960907,0.07088901102542877,0.06750782579183578,0.06400191783905029,0.054003503173589706
2958,/usr/local/data/zahrat/workshop/dent_output/chexpert-swap-normal/pleural_effusion/seed2958/lambda_t_star5/style.png,0.07326606,0.9440513,0.9359007,0.9359369,0.9281324744224548,0.9111070036888123,0.7398484945297241,0.4099360406398773,0.23646238446235657,0.13240717351436615,0.17397718,0.65413684,0.14501472,0.3738569,0.27091169357299805,0.3043375313282013,0.3297348916530609,0.23183150589466095,0.18648147583007812,0.1703445017337799
3360,/usr/local/data/zahrat/workshop/dent_output/chexpert-swap-normal/pleural_effusion/seed3360/lambda_t_star5/style.png,0.18202613,0.44493157,0.42429838,0.44074705,0.4740450382232666,0.44926774501800537,0.3427155315876007,0.32050585746765137,0.30007779598236084,0.24431531131267548,0.77946275,0.90148073,0.88140434,0.87333554,0.8748646974563599,0.8927143216133118,0.8644543290138245,0.8392187356948853,0.8139737248420715,0.806138277053833
2597,/usr/local/data/zahrat/workshop/dent_output/chexpert-swap-normal/pleural_effusion/seed2597/lambda_t_star5/style.png,0.096017726,0.9044298,0.9163347,0.8908576,0.5538570880889893,0.2607051432132721,0.20880326628684998,0.15664897859096527,0.13817130029201508,0.11532121151685715,0.048759244,0.054092452,0.053443767,0.07453487,0.06778460741043091,0.06485294550657272,0.06312953680753708,0.06038029119372368,0.056926049292087555,0.054507575929164886
1511,/usr/local/data/zahrat/workshop/dent_output/chexpert-swap-normal/pleural_effusion/seed1511/lambda_t_star5/style.png,0.020265808,0.52059203,0.1592571,0.05494798,0.05145501345396042,0.0440218485891819,0.041135139763355255,0.03971537575125694,0.03483283147215843,0.026040269061923027,0.8883478,0.90597725,0.92972237,0.912526,0.9001469612121582,0.8983213901519775,0.8983611464500427,0.8997809290885925,0.8973127603530884,0.8959961533546448
1886,/usr/local/data/zahrat/workshop/dent_output/chexpert-swap-normal/pleural_effusion/seed1886/lambda_t_star5/style.png,0.24147145,0.9713092,0.90659505,0.92921704,0.8959535360336304,0.8704643249511719,0.8351355791091919,0.7775365710258484,0.619133710861206,0.3836852014064789,0.04660557,0.40831703,0.50843334,0.22423933,0.13192300498485565,0.09510587155818939,0.08852344751358032,0.07235497236251831,0.06314966827630997,0.057241737842559814
2681,/usr/local/data/zahrat/workshop/dent_output/chexpert-swap-normal/pleural_effusion/seed2681/lambda_t_star5/style.png,0.13133524,0.30808458,0.37620637,0.393852,0.3765610158443451,0.3424699008464813,0.2878377139568329,0.23406119644641876,0.19422811269760132,0.15010949969291687,0.12380645,0.44689897,0.3929605,0.33446074,0.3515132665634155,0.31268545985221863,0.3476903438568115,0.19513869285583496,0.16655683517456055,0.15217478573322296
2198,/usr/local/data/zahrat/workshop/dent_output/chexpert-swap-normal/pleural_effusion/seed2198/lambda_t_star5/style.png,0.16479932,0.54708874,0.20642085,0.18883042,0.21426168084144592,0.2316838800907135,0.22487100958824158,0.2006714791059494,0.18435253202915192,0.1691208928823471,0.097321905,0.64415634,0.18486868,0.15909773,0.11648500710725784,0.0961010530591011,0.12248232960700989,0.1222473755478859,0.11779879778623581,0.12305959314107895
2260,/usr/local/data/zahrat/workshop/dent_output/chexpert-swap-normal/pleural_effusion/seed2260/lambda_t_star5/style.png,0.08362096,0.727703,0.65968597,0.5694672,0.15856288373470306,0.12173470109701157,0.09412030130624771,0.0894409567117691,0.08875472843647003,0.09272738546133041,0.30725086,0.7222922,0.63135785,0.6143271,0.3662624955177307,0.33499929308891296,0.30944904685020447,0.3067016303539276,0.3017001748085022,0.30285412073135376
1537,/usr/local/data/zahrat/workshop/dent_output/chexpert-swap-normal/pleural_effusion/seed1537/lambda_t_star5/style.png,0.081337444,0.98758465,0.9762347,0.8601697,0.8736098408699036,0.879806399345398,0.7078340649604797,0.43772000074386597,0.2387772649526596,0.13619539141654968,0.06351914,0.8093267,0.93119067,0.7162261,0.24273131787776947,0.10042820125818253,0.0974823608994484,0.07919131219387054,0.07293597608804703,0.06904403120279312
1802,/usr/local/data/zahrat/workshop/dent_output/chexpert-swap-normal/pleural_effusion/seed1802/lambda_t_star5/style.png,0.16204879,0.9041353,0.8928067,0.8275043,0.6837738156318665,0.5902363061904907,0.43227431178092957,0.32571104168891907,0.25304049253463745,0.2052312195301056,0.10198717,0.13815391,0.11744484,0.1919024,0.15825438499450684,0.16709041595458984,0.1654340624809265,0.12917132675647736,0.14195895195007324,0.11157664656639099
2659,/usr/local/data/zahrat/workshop/dent_output/chexpert-swap-normal/pleural_effusion/seed2659/lambda_t_star5/style.png,0.0187203,0.9475754,0.92014474,0.8716579,0.4413740634918213,0.21618668735027313,0.1319989413022995,0.07505185902118683,0.04181770607829094,0.024529486894607544,0.08608134,0.16501346,0.8659565,0.8576504,0.13378185033798218,0.10710185766220093,0.14479607343673706,0.12741583585739136,0.10950637608766556,0.09746052324771881
2873,/usr/local/data/zahrat/workshop/dent_output/chexpert-swap-normal/pleural_effusion/seed2873/lambda_t_star5/style.png,0.15435265,0.9851638,0.91959375,0.84117556,0.7182762026786804,0.622668981552124,0.6000839471817017,0.3457557260990143,0.24164395034313202,0.1811874955892563,0.1108799,0.17570584,0.09521681,0.12791257,0.604107677936554,0.6937955021858215,0.6022043228149414,0.1918172687292099,0.17463938891887665,0.14186100661754608
1994,/usr/local/data/zahrat/workshop/dent_output/chexpert-swap-normal/pleural_effusion/seed1994/lambda_t_star5/style.png,0.2623799,0.96361965,0.9630432,0.8617575,0.8458722233772278,0.7786150574684143,0.7718490958213806,0.7355967164039612,0.5821762084960938,0.3913893401622772,0.90411913,0.92988634,0.89577466,0.9061567,0.9249385595321655,0.928327202796936,0.9182659983634949,0.905623733997345,0.8873826861381531,0.9051697254180908
2990,/usr/local/data/zahrat/workshop/dent_output/chexpert-swap-normal/pleural_effusion/seed2990/lambda_t_star5/style.png,0.0262847,0.59413236,0.15525502,0.10160784,0.07224656641483307,0.05102395638823509,0.03918569162487984,0.03728501498699188,0.03285248950123787,0.029255246743559837,0.12316563,0.14966919,0.14703,0.20554996,0.2051660567522049,0.18879550695419312,0.1677890121936798,0.1648327112197876,0.1687585562467575,0.1488821804523468
1553,/usr/local/data/zahrat/workshop/dent_output/chexpert-swap-normal/pleural_effusion/seed1553/lambda_t_star5/style.png,0.07411858,0.8220455,0.79323554,0.7592038,0.6346644163131714,0.6079678535461426,0.5122201442718506,0.23464921116828918,0.17069530487060547,0.10385454446077347,0.84334165,0.88000286,0.8754558,0.93715537,0.9342528581619263,0.9389782547950745,0.918156087398529,0.9067855477333069,0.89586341381073,0.867670476436615
2488,/usr/local/data/zahrat/workshop/dent_output/chexpert-swap-normal/pleural_effusion/seed2488/lambda_t_star5/style.png,0.04953715,0.916054,0.63221717,0.39110968,0.32640233635902405,0.20228822529315948,0.15316107869148254,0.10903938859701157,0.08060937374830246,0.06420432776212692,0.87187594,0.86329794,0.89132506,0.86185914,0.8744956851005554,0.8520290851593018,0.8654245138168335,0.8681926131248474,0.8679112792015076,0.8664999604225159
2478,/usr/local/data/zahrat/workshop/dent_output/chexpert-swap-normal/pleural_effusion/seed2478/lambda_t_star5/style.png,0.03374272,0.21010529,0.0900857,0.09137197,0.07767302542924881,0.07874579727649689,0.05213472992181778,0.04583302512764931,0.0443832129240036,0.03901917487382889,0.07592103,0.80146676,0.09328853,0.051182263,0.07551079243421555,0.09298934787511826,0.07336107641458511,0.09131201356649399,0.08489426225423813,0.08585678786039352
3079,/usr/local/data/zahrat/workshop/dent_output/chexpert-swap-normal/pleural_effusion/seed3079/lambda_t_star5/style.png,0.08848174,0.6589746,0.5703177,0.67868996,0.3660719692707062,0.18374162912368774,0.1762264519929886,0.14163975417613983,0.11484485119581223,0.10358207672834396,0.9325827,0.83615565,0.85381126,0.8734083,0.8971025943756104,0.8924912214279175,0.924527108669281,0.9322064518928528,0.9313390254974365,0.9329970479011536
2075,/usr/local/data/zahrat/workshop/dent_output/chexpert-swap-normal/pleural_effusion/seed2075/lambda_t_star5/style.png,0.008547971,0.73114467,0.5551839,0.03447196,0.02230015955865383,0.017130659893155098,0.01406294759362936,0.013018853962421417,0.010656250640749931,0.009749685414135456,0.8002665,0.75716203,0.8482668,0.8757365,0.8481205701828003,0.8404214382171631,0.8418985605239868,0.8171643614768982,0.8006063103675842,0.8051613569259644
2743,/usr/local/data/zahrat/workshop/dent_output/chexpert-swap-normal/pleural_effusion/seed2743/lambda_t_star5/style.png,0.071392596,0.92246175,0.885081,0.73125273,0.41265684366226196,0.21826909482479095,0.16298668086528778,0.12064910680055618,0.10134054720401764,0.08968715369701385,0.09402168,0.5559188,0.4896956,0.5148476,0.5072804689407349,0.6583883166313171,0.23337909579277039,0.13955961167812347,0.09855011850595474,0.09033295512199402
1861,/usr/local/data/zahrat/workshop/dent_output/chexpert-swap-normal/pleural_effusion/seed1861/lambda_t_star5/style.png,0.06400195,0.9452582,0.9141832,0.6003777,0.23533995449543,0.2208661586046219,0.17946548759937286,0.15976421535015106,0.14306533336639404,0.10606268793344498,0.8974955,0.9082826,0.89524674,0.89201444,0.9118465185165405,0.9252562522888184,0.9255877137184143,0.9101287722587585,0.909006655216217,0.9025951027870178
2690,/usr/local/data/zahrat/workshop/dent_output/chexpert-swap-normal/pleural_effusion/seed2690/lambda_t_star5/style.png,0.035142623,0.942655,0.96192276,0.95490015,0.9359791278839111,0.4294615387916565,0.1786031872034073,0.11279244720935822,0.09670447558164597,0.05410829931497574,0.17376958,0.87833565,0.81160223,0.79939646,0.7712589502334595,0.5850880742073059,0.47037872672080994,0.33290064334869385,0.26433858275413513,0.242779940366745
1850,/usr/local/data/zahrat/workshop/dent_output/chexpert-swap-normal/pleural_effusion/seed1850/lambda_t_star5/style.png,0.048270516,0.837163,0.75363773,0.69695723,0.5508750081062317,0.14785884320735931,0.09914540499448776,0.08775793015956879,0.06939512491226196,0.05911598727107048,0.032498308,0.14060707,0.080673106,0.05208216,0.05077293887734413,0.044033683836460114,0.04557914659380913,0.04372043535113335,0.04138413816690445,0.032807234674692154
2637,/usr/local/data/zahrat/workshop/dent_output/chexpert-swap-normal/pleural_effusion/seed2637/lambda_t_star5/style.png,0.23219569,0.58165944,0.5006429,0.5178937,0.38117918372154236,0.34837672114372253,0.33819931745529175,0.3199761211872101,0.28051993250846863,0.25795337557792664,0.054619405,0.032246247,0.048295084,0.05314105,0.04860828444361687,0.052312105894088745,0.05264003947377205,0.05944396182894707,0.06730029731988907,0.06254885345697403
2193,/usr/local/data/zahrat/workshop/dent_output/chexpert-swap-normal/pleural_effusion/seed2193/lambda_t_star5/style.png,0.3992426,0.98517597,0.95210797,0.94310325,0.9339543581008911,0.9212806820869446,0.8739737272262573,0.7589632868766785,0.5283308029174805,0.46870777010917664,0.7667302,0.7722077,0.89039516,0.8523696,0.9022114872932434,0.9041365385055542,0.8772175908088684,0.7788611650466919,0.7698333859443665,0.7722449898719788
1844,/usr/local/data/zahrat/workshop/dent_output/chexpert-swap-normal/pleural_effusion/seed1844/lambda_t_star5/style.png,0.048503496,0.9729125,0.9711104,0.699211,0.3330463767051697,0.14122845232486725,0.0996866375207901,0.07976454496383667,0.0673249363899231,0.059470243752002716,0.8243624,0.8595965,0.82173043,0.78134644,0.7779799103736877,0.8175683617591858,0.8186323642730713,0.8258745670318604,0.8245452642440796,0.8324175477027893
2727,/usr/local/data/zahrat/workshop/dent_output/chexpert-swap-normal/pleural_effusion/seed2727/lambda_t_star5/style.png,0.021938998,0.42045775,0.3174187,0.08458461,0.03934808075428009,0.03471102938055992,0.03345821052789688,0.034760527312755585,0.030525263398885727,0.02506840042769909,0.022177888,0.030186241,0.02601549,0.028782504,0.028212973847985268,0.025023821741342545,0.024780746549367905,0.023330187425017357,0.022011814638972282,0.0227019265294075
2760,/usr/local/data/zahrat/workshop/dent_output/chexpert-swap-normal/pleural_effusion/seed2760/lambda_t_star5/style.png,0.14138465,0.9399931,0.3600104,0.26007745,0.2550668716430664,0.20598407089710236,0.19052158296108246,0.18123239278793335,0.1557982712984085,0.1547870635986328,0.22262977,0.26969206,0.2775466,0.19074526,0.22112315893173218,0.2700454890727997,0.2791754901409149,0.29214248061180115,0.2806461751461029,0.26656511425971985
1716,/usr/local/data/zahrat/workshop/dent_output/chexpert-swap-normal/pleural_effusion/seed1716/lambda_t_star5/style.png,0.074274994,0.85088044,0.5725277,0.3484985,0.2783885896205902,0.22679755091667175,0.16489897668361664,0.12339048087596893,0.10498750954866409,0.08689410239458084,0.046347637,0.94327766,0.076385364,0.052692175,0.046529341489076614,0.0392378568649292,0.03873471915721893,0.04592018201947212,0.044012583792209625,0.04379771277308464
1505,/usr/local/data/zahrat/workshop/dent_output/chexpert-swap-normal/pleural_effusion/seed1505/lambda_t_star5/style.png,0.062642515,0.80651873,0.63513464,0.3400801,0.3258444666862488,0.20189334452152252,0.13862738013267517,0.10177908837795258,0.0874151885509491,0.07473239302635193,0.06925696,0.29436526,0.2528061,0.122157976,0.09574637562036514,0.09755508601665497,0.09156165271997452,0.0885269045829773,0.08714956045150757,0.08346595615148544
1706,/usr/local/data/zahrat/workshop/dent_output/chexpert-swap-normal/pleural_effusion/seed1706/lambda_t_star5/style.png,0.063450605,0.9427433,0.76448804,0.43121618,0.15735496580600739,0.18233750760555267,0.13116157054901123,0.116310715675354,0.10616344958543777,0.09045573323965073,0.8346842,0.861705,0.902022,0.9391523,0.9243584871292114,0.8914044499397278,0.886071503162384,0.8749964237213135,0.8619267344474792,0.8512881398200989
1764,/usr/local/data/zahrat/workshop/dent_output/chexpert-swap-normal/pleural_effusion/seed1764/lambda_t_star5/style.png,0.16972685,0.9587892,0.8942655,0.78362757,0.673682451248169,0.5630368590354919,0.45454367995262146,0.4050940275192261,0.3397587835788727,0.24073630571365356,0.20411673,0.4772751,0.6228813,0.62294036,0.5021989345550537,0.3563682436943054,0.26350143551826477,0.23872189223766327,0.20306798815727234,0.21058440208435059
2493,/usr/local/data/zahrat/workshop/dent_output/chexpert-swap-normal/pleural_effusion/seed2493/lambda_t_star5/style.png,0.17826867,0.93741614,0.89202267,0.87453246,0.8633635640144348,0.82073974609375,0.6630187630653381,0.3744184076786041,0.28906604647636414,0.2208208590745926,0.89143354,0.938841,0.9005578,0.8664983,0.8414694666862488,0.8572728633880615,0.8622855544090271,0.8877789378166199,0.8953991532325745,0.893466591835022
1709,/usr/local/data/zahrat/workshop/dent_output/chexpert-swap-normal/pleural_effusion/seed1709/lambda_t_star5/style.png,0.19760059,0.95916057,0.9645385,0.95303494,0.9116321206092834,0.8714091777801514,0.7119023203849792,0.6352007389068604,0.5075203776359558,0.3473452925682068,0.14233673,0.6219782,0.35996893,0.35701466,0.37255433201789856,0.34537461400032043,0.34375330805778503,0.3153524696826935,0.20817865431308746,0.13217760622501373
1597,/usr/local/data/zahrat/workshop/dent_output/chexpert-swap-normal/pleural_effusion/seed1597/lambda_t_star5/style.png,0.015138404,0.8271845,0.8000992,0.6216507,0.4381982088088989,0.26633918285369873,0.1719665229320526,0.058874696493148804,0.029489239677786827,0.019597996026277542,0.81946915,0.933254,0.9558676,0.9437173,0.9111430644989014,0.8373972773551941,0.8015202879905701,0.8400729298591614,0.8380488753318787,0.8270331621170044
1863,/usr/local/data/zahrat/workshop/dent_output/chexpert-swap-normal/pleural_effusion/seed1863/lambda_t_star5/style.png,0.015249065,0.85907173,0.7684303,0.62205046,0.16481433808803558,0.06310586631298065,0.039616528898477554,0.02832912653684616,0.022946203127503395,0.018285470083355904,0.059533708,0.61211944,0.9215576,0.8898261,0.7984023690223694,0.45534899830818176,0.39000463485717773,0.14077255129814148,0.10341109335422516,0.06545278429985046
1967,/usr/local/data/zahrat/workshop/dent_output/chexpert-swap-normal/pleural_effusion/seed1967/lambda_t_star5/style.png,0.07759358,0.69399285,0.41854185,0.39878702,0.2911668121814728,0.22800478339195251,0.19215311110019684,0.148167684674263,0.11661087721586227,0.0956396833062172,0.053533528,0.9302434,0.70759666,0.5498576,0.3066689968109131,0.09239596128463745,0.0508517362177372,0.05076499283313751,0.05079767480492592,0.052645012736320496
2222,/usr/local/data/zahrat/workshop/dent_output/chexpert-swap-normal/pleural_effusion/seed2222/lambda_t_star5/style.png,0.107979916,0.97191656,0.9563533,0.9525403,0.934725821018219,0.9071354269981384,0.8713544607162476,0.8168996572494507,0.6923795938491821,0.39964425563812256,0.76362497,0.9136245,0.8553202,0.7234916,0.7392144799232483,0.7003194093704224,0.7648327946662903,0.7760928869247437,0.7807604074478149,0.7811979055404663
1948,/usr/local/data/zahrat/workshop/dent_output/chexpert-swap-normal/pleural_effusion/seed1948/lambda_t_star5/style.png,0.07126693,0.39550996,0.23787162,0.24571984,0.1362367570400238,0.1057240292429924,0.1039816290140152,0.09624755382537842,0.08978386223316193,0.08231339603662491,0.16262013,0.4899066,0.30839697,0.1681148,0.2377994805574417,0.23663920164108276,0.26844462752342224,0.17821398377418518,0.15920543670654297,0.15734007954597473
2129,/usr/local/data/zahrat/workshop/dent_output/chexpert-swap-normal/pleural_effusion/seed2129/lambda_t_star5/style.png,0.38795233,0.843997,0.7017373,0.5289438,0.45164740085601807,0.42861777544021606,0.42407524585723877,0.4121176302433014,0.406444251537323,0.3927600383758545,0.1669735,0.11225296,0.29492444,0.28008306,0.3767856955528259,0.3215521275997162,0.3018384873867035,0.27404943108558655,0.2484801709651947,0.18449094891548157
3341,/usr/local/data/zahrat/workshop/dent_output/chexpert-swap-normal/pleural_effusion/seed3341/lambda_t_star5/style.png,0.0133366175,0.92938125,0.5748,0.078312434,0.04274221882224083,0.027276882901787758,0.02223227731883526,0.01718597672879696,0.01547221653163433,0.014067727141082287,0.36794284,0.2157651,0.69284594,0.72124755,0.7503350973129272,0.7253391146659851,0.7128371596336365,0.6963403224945068,0.6042877435684204,0.47297728061676025
2610,/usr/local/data/zahrat/workshop/dent_output/chexpert-swap-normal/pleural_effusion/seed2610/lambda_t_star5/style.png,0.09097252,0.611851,0.39398217,0.3385196,0.2672286927700043,0.22582943737506866,0.19612091779708862,0.17349600791931152,0.1402132660150528,0.11175470054149628,0.032799594,0.2896518,0.49854523,0.07463007,0.0691353902220726,0.057822417467832565,0.047009509056806564,0.04782676696777344,0.040167950093746185,0.033682797104120255
2575,/usr/local/data/zahrat/workshop/dent_output/chexpert-swap-normal/pleural_effusion/seed2575/lambda_t_star5/style.png,0.1432883,0.96376204,0.94398856,0.78903484,0.8289007544517517,0.6037316918373108,0.3981631398200989,0.2976545989513397,0.2622171938419342,0.21334713697433472,0.088967405,0.5610461,0.58823603,0.5794547,0.7610448002815247,0.7196689248085022,0.47447940707206726,0.12483163177967072,0.10120940208435059,0.10018620640039444
2159,/usr/local/data/zahrat/workshop/dent_output/chexpert-swap-normal/pleural_effusion/seed2159/lambda_t_star5/style.png,0.02761284,0.9787796,0.95877826,0.96635145,0.94361412525177,0.9436466097831726,0.8323558568954468,0.5192228555679321,0.14886410534381866,0.053217411041259766,0.06314494,0.234365,0.12155808,0.104798555,0.09827570617198944,0.08552195876836777,0.09621839970350266,0.0894557312130928,0.08406370133161545,0.07185927778482437
3209,/usr/local/data/zahrat/workshop/dent_output/chexpert-swap-normal/pleural_effusion/seed3209/lambda_t_star5/style.png,0.03230855,0.88965493,0.6236119,0.5037178,0.3213080167770386,0.22409386932849884,0.1079641580581665,0.05543757975101471,0.042715538293123245,0.03732451796531677,0.029890426,0.30716833,0.7401305,0.740731,0.705111563205719,0.6519101858139038,0.6219170689582825,0.043780528008937836,0.03233400732278824,0.031569238752126694
1519,/usr/local/data/zahrat/workshop/dent_output/chexpert-swap-normal/pleural_effusion/seed1519/lambda_t_star5/style.png,0.45529458,0.7224956,0.6838115,0.6212416,0.6094613075256348,0.6246283054351807,0.5780520439147949,0.5571199655532837,0.5252975821495056,0.4813659191131592,0.9534569,0.97084236,0.97030413,0.9600201,0.9586032032966614,0.9613254070281982,0.9590583443641663,0.9551824331283569,0.9550349712371826,0.9557626247406006
3182,/usr/local/data/zahrat/workshop/dent_output/chexpert-swap-normal/pleural_effusion/seed3182/lambda_t_star5/style.png,0.07448002,0.96246135,0.34366268,0.39332598,0.3057120442390442,0.23389896750450134,0.21128159761428833,0.1754090040922165,0.13554248213768005,0.10000688582658768,0.09809611,0.05312641,0.1423293,0.15341507,0.13717395067214966,0.13118132948875427,0.12625063955783844,0.11274205893278122,0.12878210842609406,0.11743476986885071
2605,/usr/local/data/zahrat/workshop/dent_output/chexpert-swap-normal/pleural_effusion/seed2605/lambda_t_star5/style.png,0.10155185,0.96869475,0.93466604,0.8899257,0.8099222779273987,0.6470420360565186,0.31604087352752686,0.17436020076274872,0.13251422345638275,0.11241371184587479,0.35018742,0.94394046,0.78841496,0.86303544,0.8645670413970947,0.7669845223426819,0.5033131837844849,0.5225588083267212,0.4694419205188751,0.34123072028160095
3149,/usr/local/data/zahrat/workshop/dent_output/chexpert-swap-normal/pleural_effusion/seed3149/lambda_t_star5/style.png,0.035542812,0.9033564,0.7529202,0.6280572,0.49140456318855286,0.2895910441875458,0.1819254457950592,0.10012786835432053,0.05839749798178673,0.042898669838905334,0.91289854,0.8865726,0.88186485,0.8863397,0.8997675776481628,0.9156390428543091,0.9176802635192871,0.9140225052833557,0.9104102253913879,0.9141092896461487
2609,/usr/local/data/zahrat/workshop/dent_output/chexpert-swap-normal/pleural_effusion/seed2609/lambda_t_star5/style.png,0.075498626,0.9474012,0.7959275,0.4064981,0.22442956268787384,0.15051722526550293,0.11713545769453049,0.09554633498191833,0.08965657651424408,0.08368182927370071,0.021904472,0.066973075,0.060381453,0.032532983,0.025195162743330002,0.02648489736020565,0.0242010448127985,0.022591469809412956,0.022897254675626755,0.023320769891142845
2334,/usr/local/data/zahrat/workshop/dent_output/chexpert-swap-normal/pleural_effusion/seed2334/lambda_t_star5/style.png,0.09134618,0.9356317,0.7575681,0.8432094,0.6191386580467224,0.3947044610977173,0.2547304332256317,0.182152658700943,0.15046633780002594,0.12161289155483246,0.12716995,0.083083,0.12988858,0.10049513,0.10804225504398346,0.1115291640162468,0.11306586861610413,0.12296956777572632,0.1316496729850769,0.1289139837026596
2092,/usr/local/data/zahrat/workshop/dent_output/chexpert-swap-normal/pleural_effusion/seed2092/lambda_t_star5/style.png,0.034790985,0.58487785,0.43395355,0.26767334,0.15184135735034943,0.10258612781763077,0.07238133251667023,0.06246764957904816,0.05008918046951294,0.04093353450298309,0.057474535,0.09713082,0.065299526,0.06600273,0.07444024085998535,0.0691191703081131,0.06435785442590714,0.061985574662685394,0.062099456787109375,0.06271190196275711
2362,/usr/local/data/zahrat/workshop/dent_output/chexpert-swap-normal/pleural_effusion/seed2362/lambda_t_star5/style.png,0.50107986,0.9713212,0.9705467,0.9617561,0.95867919921875,0.9554596543312073,0.9096179008483887,0.8096886873245239,0.7331503033638,0.6395570635795593,0.14426863,0.79729927,0.7765052,0.75874835,0.7383966445922852,0.7549877166748047,0.7232771515846252,0.5915667414665222,0.22982844710350037,0.15470698475837708
1988,/usr/local/data/zahrat/workshop/dent_output/chexpert-swap-normal/pleural_effusion/seed1988/lambda_t_star5/style.png,0.123528905,0.931505,0.8481813,0.7764748,0.759745717048645,0.6677613258361816,0.5922365784645081,0.392820805311203,0.1880849152803421,0.1433066874742508,0.09370663,0.4342514,0.20339218,0.16105933,0.134602352976799,0.18514768779277802,0.19045644998550415,0.17618367075920105,0.12229874730110168,0.10397645831108093
1639,/usr/local/data/zahrat/workshop/dent_output/chexpert-swap-normal/pleural_effusion/seed1639/lambda_t_star5/style.png,0.037733987,0.8603463,0.87422734,0.87506896,0.8041894435882568,0.7167045474052429,0.43005791306495667,0.16000540554523468,0.0883999913930893,0.05188283324241638,0.10406248,0.05539374,0.43258068,0.047322836,0.07031465321779251,0.07612167298793793,0.09226508438587189,0.09820207208395004,0.09558882564306259,0.09914060682058334
2806,/usr/local/data/zahrat/workshop/dent_output/chexpert-swap-normal/pleural_effusion/seed2806/lambda_t_star5/style.png,0.01840042,0.14370689,0.11104784,0.08778383,0.08719909191131592,0.07129283994436264,0.04875117167830467,0.03675226867198944,0.030966391786932945,0.02460898458957672,0.07866169,0.19621436,0.12688315,0.068646915,0.06931743025779724,0.0668778046965599,0.06219685450196266,0.06524811685085297,0.06457041949033737,0.06273526698350906
2487,/usr/local/data/zahrat/workshop/dent_output/chexpert-swap-normal/pleural_effusion/seed2487/lambda_t_star5/style.png,0.012766025,0.6905281,0.19044332,0.10062447,0.07868241518735886,0.04165225476026535,0.031093942001461983,0.021599087864160538,0.016980327665805817,0.014239637181162834,0.15535152,0.9350441,0.1816199,0.1251309,0.1790197789669037,0.22378835082054138,0.2642744481563568,0.26221978664398193,0.22620922327041626,0.20214487612247467
3202,/usr/local/data/zahrat/workshop/dent_output/chexpert-swap-normal/pleural_effusion/seed3202/lambda_t_star5/style.png,0.0175641,0.7165016,0.35019398,0.1799297,0.1398317664861679,0.08672215044498444,0.041381947696208954,0.030889231711626053,0.025704659521579742,0.020885488018393517,0.09245778,0.07840245,0.07125727,0.12517443,0.12643107771873474,0.1308370977640152,0.12104245275259018,0.11223944276571274,0.10048765689134598,0.09529328346252441
3226,/usr/local/data/zahrat/workshop/dent_output/chexpert-swap-normal/pleural_effusion/seed3226/lambda_t_star5/style.png,0.14754806,0.90945643,0.8994842,0.90165097,0.8931206464767456,0.7155598998069763,0.45645660161972046,0.3255029022693634,0.24781933426856995,0.19321151077747345,0.47136813,0.6097589,0.4176058,0.33753818,0.5174695253372192,0.6011239886283875,0.6113907694816589,0.5583769083023071,0.5433846712112427,0.49638330936431885
3268,/usr/local/data/zahrat/workshop/dent_output/chexpert-swap-normal/pleural_effusion/seed3268/lambda_t_star5/style.png,0.2512807,0.7536915,0.74015176,0.44637725,0.4368709921836853,0.44391223788261414,0.43133577704429626,0.41057848930358887,0.34500086307525635,0.2801358997821808,0.03787343,0.09742408,0.094814114,0.07183035,0.05015517398715019,0.04985855147242546,0.05119295045733452,0.05463080480694771,0.048758119344711304,0.04130503907799721
2358,/usr/local/data/zahrat/workshop/dent_output/chexpert-swap-normal/pleural_effusion/seed2358/lambda_t_star5/style.png,0.12257352,0.22155836,0.17663656,0.16317882,0.1460113376379013,0.142445906996727,0.14279328286647797,0.1354273110628128,0.1293526142835617,0.12749524414539337,0.015357609,0.031142602,0.03544641,0.024173573,0.023928925395011902,0.022225040942430496,0.020519474521279335,0.01806880719959736,0.017430223524570465,0.01624017395079136
2339,/usr/local/data/zahrat/workshop/dent_output/chexpert-swap-normal/pleural_effusion/seed2339/lambda_t_star5/style.png,0.6564711,0.9443253,0.9067945,0.859434,0.8037453293800354,0.7952072620391846,0.7694264650344849,0.7575884461402893,0.7483808398246765,0.6933265328407288,0.28069618,0.29073372,0.50138587,0.45076665,0.5126379132270813,0.5167562365531921,0.4711129069328308,0.4308815896511078,0.383918434381485,0.38234150409698486
1523,/usr/local/data/zahrat/workshop/dent_output/chexpert-swap-normal/pleural_effusion/seed1523/lambda_t_star5/style.png,0.3459394,0.9417147,0.92251474,0.90905917,0.8664838075637817,0.7805142402648926,0.7015002369880676,0.5812276005744934,0.4604584574699402,0.4040050804615021,0.45801064,0.27388301,0.31878838,0.38768315,0.42388856410980225,0.5419718623161316,0.550518810749054,0.48066070675849915,0.4749316871166229,0.47449991106987
2311,/usr/local/data/zahrat/workshop/dent_output/chexpert-swap-normal/pleural_effusion/seed2311/lambda_t_star5/style.png,0.025942873,0.96311474,0.9017745,0.6270468,0.4776743948459625,0.31919482350349426,0.1761675477027893,0.09230784326791763,0.0495227687060833,0.0319204144179821,0.050473377,0.55134535,0.21064378,0.06847289,0.07345670461654663,0.07202432304620743,0.05746356025338173,0.06106945499777794,0.05632919818162918,0.0572885163128376
1767,/usr/local/data/zahrat/workshop/dent_output/chexpert-swap-normal/pleural_effusion/seed1767/lambda_t_star5/style.png,0.07990473,0.93862563,0.9055428,0.9189529,0.9152374863624573,0.5568158030509949,0.22297385334968567,0.13951227068901062,0.1112712025642395,0.09279506653547287,0.8336111,0.9376433,0.9422512,0.9352125,0.9078631401062012,0.9032257795333862,0.915826678276062,0.9069218635559082,0.8351306915283203,0.8340569734573364
2536,/usr/local/data/zahrat/workshop/dent_output/chexpert-swap-normal/pleural_effusion/seed2536/lambda_t_star5/style.png,0.40517035,0.96619594,0.9368487,0.89417577,0.8174882531166077,0.6973044872283936,0.6310039162635803,0.5766991376876831,0.5327404141426086,0.4822821319103241,0.34878862,0.7198327,0.67662525,0.6403646,0.6327025294303894,0.5652295351028442,0.399416983127594,0.4157750606536865,0.4040442407131195,0.38805994391441345
1993,/usr/local/data/zahrat/workshop/dent_output/chexpert-swap-normal/pleural_effusion/seed1993/lambda_t_star5/style.png,0.13874681,0.96463835,0.95958287,0.9114536,0.6284348964691162,0.4566044807434082,0.3365393877029419,0.24117626249790192,0.17800015211105347,0.16251075267791748,0.09688762,0.70670927,0.3263241,0.17590456,0.18231314420700073,0.24229921400547028,0.20827171206474304,0.15315084159374237,0.1321403682231903,0.1271987110376358
3272,/usr/local/data/zahrat/workshop/dent_output/chexpert-swap-normal/pleural_effusion/seed3272/lambda_t_star5/style.png,0.3992879,0.9631887,0.9637738,0.94072074,0.9033769965171814,0.8421275019645691,0.7805531620979309,0.673939049243927,0.5356117486953735,0.4673043191432953,0.119608946,0.15536101,0.15052749,0.24280722,0.21825014054775238,0.17916785180568695,0.1595810502767563,0.1570846438407898,0.14145009219646454,0.11427844315767288
2976,/usr/local/data/zahrat/workshop/dent_output/chexpert-swap-normal/pleural_effusion/seed2976/lambda_t_star5/style.png,0.27642784,0.80429834,0.76861024,0.61460936,0.5524097084999084,0.4765337109565735,0.4652649462223053,0.41653573513031006,0.3787144124507904,0.3354654312133789,0.06587914,0.24195537,0.36356458,0.34596375,0.26112794876098633,0.1375669687986374,0.131954625248909,0.1115693673491478,0.09791897982358932,0.07750262320041656
1540,/usr/local/data/zahrat/workshop/dent_output/chexpert-swap-normal/pleural_effusion/seed1540/lambda_t_star5/style.png,0.027580606,0.8232395,0.4764047,0.15803136,0.11115396022796631,0.11232881247997284,0.06743457168340683,0.048802100121974945,0.0397261418402195,0.03369470313191414,0.83443713,0.7716631,0.83993447,0.7845906,0.8199113607406616,0.8576329350471497,0.8444148302078247,0.8551854491233826,0.839144766330719,0.83474200963974
2889,/usr/local/data/zahrat/workshop/dent_output/chexpert-swap-normal/pleural_effusion/seed2889/lambda_t_star5/style.png,0.12946434,0.9281761,0.8749036,0.7769969,0.6729660034179688,0.5897500514984131,0.3687498867511749,0.26589852571487427,0.21214982867240906,0.17199213802814484,0.034703624,0.039837644,0.037733167,0.0420674,0.06606248766183853,0.0625796765089035,0.06139839440584183,0.055427394807338715,0.046681247651576996,0.0416710302233696
3302,/usr/local/data/zahrat/workshop/dent_output/chexpert-swap-normal/pleural_effusion/seed3302/lambda_t_star5/style.png,0.042899806,0.9290289,0.9619626,0.93686295,0.6415972113609314,0.49335139989852905,0.6274247765541077,0.5470839142799377,0.3422744870185852,0.08312130719423294,0.1192516,0.81812185,0.80830157,0.7858052,0.8212093114852905,0.3729614317417145,0.14193224906921387,0.16905218362808228,0.14770272374153137,0.13353309035301208
2449,/usr/local/data/zahrat/workshop/dent_output/chexpert-swap-normal/pleural_effusion/seed2449/lambda_t_star5/style.png,0.057655666,0.90199494,0.89122945,0.8146238,0.7933034300804138,0.7877000570297241,0.3863375782966614,0.27111712098121643,0.16367937624454498,0.09097020328044891,0.07914538,0.47739005,0.25466827,0.16326615,0.22771766781806946,0.2984585165977478,0.21296918392181396,0.14051443338394165,0.12968651950359344,0.09342877566814423
2883,/usr/local/data/zahrat/workshop/dent_output/chexpert-swap-normal/pleural_effusion/seed2883/lambda_t_star5/style.png,0.03137409,0.8542322,0.7749228,0.6567442,0.5740714073181152,0.3262050747871399,0.14051035046577454,0.09897387772798538,0.06307453662157059,0.04435994103550911,0.19849944,0.76389617,0.62661725,0.34032735,0.20563581585884094,0.28930017352104187,0.584830105304718,0.6276224851608276,0.3978878855705261,0.29361507296562195
2404,/usr/local/data/zahrat/workshop/dent_output/chexpert-swap-normal/pleural_effusion/seed2404/lambda_t_star5/style.png,0.059853993,0.9790294,0.9612027,0.87809706,0.6204810738563538,0.2994482219219208,0.1453091949224472,0.10602511465549469,0.07887586951255798,0.06998532265424728,0.09313134,0.15905413,0.29112887,0.5952571,0.4981466233730316,0.48299193382263184,0.46718981862068176,0.4092510938644409,0.29179462790489197,0.12378580868244171
1605,/usr/local/data/zahrat/workshop/dent_output/chexpert-swap-normal/pleural_effusion/seed1605/lambda_t_star5/style.png,0.049318533,0.95705336,0.9562426,0.91638356,0.552689254283905,0.29394349455833435,0.21472632884979248,0.1291041374206543,0.09011723101139069,0.06485748291015625,0.8761601,0.7850183,0.8057709,0.8308803,0.8433512449264526,0.8657814264297485,0.8701251745223999,0.8756831288337708,0.8692941069602966,0.8688052892684937
3307,/usr/local/data/zahrat/workshop/dent_output/chexpert-swap-normal/pleural_effusion/seed3307/lambda_t_star5/style.png,0.1714021,0.9859977,0.98109263,0.9580185,0.9455501437187195,0.7514346837997437,0.6972237825393677,0.6526117920875549,0.5399243831634521,0.32866162061691284,0.2865743,0.3122852,0.29836828,0.2572062,0.2245369702577591,0.29483336210250854,0.3235333263874054,0.3159976601600647,0.3009389042854309,0.29364368319511414
