pid,0,1,2,3,4,5,6,7,8,9,10,11,12,13,14,15,16,17,18,19,20,21,22,23,24,25,26,27,28,29,30,31,32,33,34,35,36,37,38,39,40,41,42,43,44,45,46,47,48
1500,0.0001242576981894672,0.0002966944011859596,0.0005015194183215499,0.0007659589755348861,0.0010947497794404626,0.001461169682443142,0.0018965251510962844,0.002389452187344432,0.0029493027832359076,0.003580385120585561,0.004297565668821335,0.005117644555866718,0.006098227575421333,0.007090138271450996,0.008158662356436253,0.009354706853628159,0.010588758625090122,0.011895007453858852,0.013375900685787201,0.01475108414888382,0.016420692205429077,0.018171798437833786,0.020163221284747124,0.022291159257292747,0.024563461542129517,0.027020905166864395,0.029703043401241302,0.03242224082350731,0.03498461842536926,0.037833940237760544,0.04098714515566826,0.04444783553481102,0.04786038026213646,0.051532771438360214,0.055467426776885986,0.06010599434375763,0.06498046219348907,0.07045808434486389,0.07651227712631226,0.08339302241802216,0.09094732254743576,0.09998194873332977,0.11010812222957611,0.12003985047340393,0.13086137175559998,0.14039838314056396,0.14888189733028412,0.15851840376853943,0.17294788360595703
1501,0.00015855277888476849,0.00039100460708141327,0.0006858431152068079,0.0010549904545769095,0.001508565153926611,0.0019906472880393267,0.0025956477038562298,0.003246397478505969,0.003969200886785984,0.004845434334129095,0.005833373870700598,0.006951199844479561,0.008189961314201355,0.009531657211482525,0.011034108698368073,0.01273181289434433,0.01462938915938139,0.01683756150305271,0.01918121799826622,0.021632110700011253,0.024632731452584267,0.02779165282845497,0.03131837397813797,0.03479801490902901,0.03824811428785324,0.04203265905380249,0.04601214826107025,0.05041155219078064,0.0548597127199173,0.05985095351934433,0.06495517492294312,0.07027897983789444,0.07583563774824142,0.08142611384391785,0.08701824396848679,0.09265828132629395,0.09867984056472778,0.1051531657576561,0.11189606785774231,0.11895714700222015,0.1252121478319168,0.1310449093580246,0.13644397258758545,0.14297357201576233,0.14919723570346832,0.1554337739944458,0.16144150495529175,0.169042706489563,0.17936761677265167
1502,0.00011050280591007322,0.0002703707432374358,0.00046582103823311627,0.000734708970412612,0.0010568528668954968,0.0014448696747422218,0.0019020126201212406,0.002371524227783084,0.0028914264403283596,0.0034663178957998753,0.004129070322960615,0.004894123412668705,0.005647551268339157,0.00649290019646287,0.00741138681769371,0.008344603702425957,0.009479491971433163,0.010573129169642925,0.01185055822134018,0.013178306631743908,0.014663171954452991,0.016162414103746414,0.017659001052379608,0.019197378307580948,0.02063947543501854,0.02236868441104889,0.02414005994796753,0.026137463748455048,0.02805870771408081,0.03014054335653782,0.03231018781661987,0.03473580628633499,0.03709869831800461,0.03997400030493736,0.043040573596954346,0.046064116060733795,0.04919891804456711,0.05197262763977051,0.05491907149553299,0.05776455998420715,0.06045064330101013,0.06285843998193741,0.06508573889732361,0.06719221919775009,0.06934250891208649,0.07124823331832886,0.07309997081756592,0.0745815560221672,0.07566151767969131
1503,0.0001320348383160308,0.0003429105272516608,0.0006059156148694456,0.0009473333484493196,0.0013336257543414831,0.0018024164019152522,0.0023080045357346535,0.0029119730461388826,0.0035730621311813593,0.004303040914237499,0.005107820499688387,0.0060730124823749065,0.0072510200552642345,0.00864243134856224,0.010171494446694851,0.0120418481528759,0.01403002254664898,0.016221703961491585,0.01837322860956192,0.020846817642450333,0.02353023737668991,0.026399798691272736,0.029412657022476196,0.032605044543743134,0.03580404818058014,0.039062388241291046,0.042316317558288574,0.04563828557729721,0.04884811490774155,0.05219653248786926,0.055538058280944824,0.05916905775666237,0.06275130063295364,0.06644800305366516,0.07046233117580414,0.07470278441905975,0.07900406420230865,0.08347751200199127,0.08820953965187073,0.09361942112445831,0.0996428057551384,0.10642934590578079,0.11333607882261276,0.12086503207683563,0.128400519490242,0.13611602783203125,0.14329169690608978,0.15095005929470062,0.15788692235946655
1504,0.0001306489430135116,0.00031910784309729934,0.000543910835403949,0.0008354802848771214,0.001193483592942357,0.0015993143897503614,0.0020615283865481615,0.0025358954444527626,0.003107484895735979,0.0036390547174960375,0.004250914789736271,0.004910620860755444,0.005638227332383394,0.0064325714483857155,0.007358024828135967,0.008373809978365898,0.009452411904931068,0.010645206086337566,0.012019324116408825,0.013397644273936749,0.014986991882324219,0.016657434403896332,0.0184540506452322,0.020562179386615753,0.02299613133072853,0.025784354656934738,0.02883806824684143,0.032127782702445984,0.03571278601884842,0.03922707214951515,0.04277936741709709,0.047008637338876724,0.05138622596859932,0.05587124079465866,0.0605630949139595,0.06545781344175339,0.07029767334461212,0.0757179781794548,0.08127427101135254,0.08753182739019394,0.09401825070381165,0.10147221386432648,0.1101025640964508,0.12008614838123322,0.1306598037481308,0.1424349695444107,0.15466177463531494,0.16831716895103455,0.1833612620830536
1505,0.00014957215171307325,0.00036561820888891816,0.0006490253144875169,0.0010114260949194431,0.0014184755273163319,0.0019018277525901794,0.002464193617925048,0.003081850241869688,0.0037543356884270906,0.004502984695136547,0.005314236506819725,0.006186242680996656,0.007198935840278864,0.008302857168018818,0.009499630890786648,0.010693764314055443,0.012040841393172741,0.013397353701293468,0.014873374253511429,0.01634986698627472,0.01810784637928009,0.01990630105137825,0.021739188581705093,0.023733098059892654,0.02584858052432537,0.028094112873077393,0.03051391988992691,0.03313563019037247,0.03586384281516075,0.03894298896193504,0.04217586666345596,0.045539237558841705,0.04968841373920441,0.054085396230220795,0.0589248389005661,0.06386293470859528,0.06918761134147644,0.07501590996980667,0.08120580017566681,0.0881320983171463,0.09555695205926895,0.10359346866607666,0.11220526695251465,0.12107689678668976,0.13006454706192017,0.13937979936599731,0.1491185873746872,0.15846368670463562,0.16834285855293274
1506,0.00013798123109154403,0.00032163315336219966,0.000565356167498976,0.0008381212246604264,0.00117306609172374,0.0015842037973925471,0.002016933634877205,0.002493267646059394,0.003069627098739147,0.003684139344841242,0.0043446943163871765,0.005089763551950455,0.005878042429685593,0.006709481123834848,0.007573356386274099,0.008584851399064064,0.009669019840657711,0.010765837505459785,0.012067552655935287,0.013416931964457035,0.014817431569099426,0.016415143385529518,0.01816542074084282,0.0202065110206604,0.02243974432349205,0.025050316005945206,0.02784351445734501,0.03082231432199478,0.03457994386553764,0.038395438343286514,0.04266229271888733,0.04729003459215164,0.05247681215405464,0.05814950540661812,0.06467539817094803,0.07165512442588806,0.07891680300235748,0.08664948493242264,0.0949154645204544,0.10392668098211288,0.1137399822473526,0.12485761195421219,0.13557450473308563,0.14636801183223724,0.1570388376712799,0.16761238873004913,0.17630410194396973,0.18317411839962006,0.19204670190811157
1507,0.0001668179756961763,0.0004011857381556183,0.000691012479364872,0.0010893448488786817,0.001493745599873364,0.002013035351410508,0.0025563561357557774,0.003182303626090288,0.0038260086439549923,0.004597288090735674,0.005441146437078714,0.006330536212772131,0.007240140810608864,0.00830208882689476,0.009450815618038177,0.01075828354805708,0.012055974453687668,0.013459589332342148,0.014899848029017448,0.01654602773487568,0.018268384039402008,0.020106513053178787,0.022065073251724243,0.02430887334048748,0.026708658784627914,0.028923068195581436,0.031248461455106735,0.03373907506465912,0.03629299998283386,0.039186928421258926,0.0420696884393692,0.04563017189502716,0.0491439551115036,0.05267775058746338,0.05707267299294472,0.061759233474731445,0.06686132401227951,0.07200364768505096,0.07817403227090836,0.085204117000103,0.09220986068248749,0.09929477423429489,0.10617666691541672,0.11360299587249756,0.12072993814945221,0.1286626160144806,0.1357758790254593,0.1431177407503128,0.15040351450443268
1508,0.00013701865100301802,0.000336024328134954,0.0005716459127143025,0.0008928509196266532,0.001227888511493802,0.0016551135340705514,0.0021260338835418224,0.0026266402564942837,0.003175269113853574,0.0037957646418362856,0.004464554600417614,0.005240581929683685,0.005932120606303215,0.006744525395333767,0.007708420045673847,0.00876842811703682,0.009887591935694218,0.011414018459618092,0.013112496584653854,0.015053171664476395,0.017514530569314957,0.02017062157392502,0.02326490730047226,0.02692369744181633,0.031125063076615334,0.03602060675621033,0.04153657332062721,0.04746897891163826,0.053765568882226944,0.060728952288627625,0.06830897182226181,0.076361283659935,0.08443154394626617,0.0930229127407074,0.10148847103118896,0.11001145094633102,0.11867116391658783,0.1274142861366272,0.1366911232471466,0.14567887783050537,0.15482059121131897,0.16394676268100739,0.1737082600593567,0.18216077983379364,0.19017446041107178,0.1975523978471756,0.20522335171699524,0.21237815916538239,0.22124473750591278
1509,0.00014596334949601442,0.0003688829892780632,0.0006235386244952679,0.0009567420929670334,0.0013433446874842048,0.0017957728123292327,0.0022723327856510878,0.002812560647726059,0.003426083829253912,0.004071004688739777,0.004792308900505304,0.0055586472153663635,0.006457348354160786,0.0073089804500341415,0.008328812196850777,0.009516270831227303,0.010791530832648277,0.012158277444541454,0.013739396817982197,0.015495420433580875,0.01752661168575287,0.019803201779723167,0.02213941514492035,0.024769475683569908,0.027442730963230133,0.030620329082012177,0.034289710223674774,0.038238026201725006,0.04258099943399429,0.04699236899614334,0.05180821195244789,0.0568745881319046,0.06222156435251236,0.06767309457063675,0.07361757755279541,0.07977750152349472,0.08664500713348389,0.0935187116265297,0.10093942284584045,0.10873336344957352,0.11656218767166138,0.12451578676700592,0.13327279686927795,0.14358055591583252,0.1548483669757843,0.167265385389328,0.18133029341697693,0.19517211616039276,0.21025606989860535
1510,0.00012700451770797372,0.0002969166380353272,0.0005142274312674999,0.0007688110345043242,0.0010658404789865017,0.0013871706323698163,0.0017711619148030877,0.002166464924812317,0.0026523550041019917,0.0031689945608377457,0.0037220141384750605,0.0043212734162807465,0.004924329929053783,0.005537581630051136,0.006253233179450035,0.006952932104468346,0.007791624404489994,0.008721730671823025,0.009712377563118935,0.010840865783393383,0.012037919834256172,0.013324197381734848,0.014852629974484444,0.01652570813894272,0.018435906618833542,0.02061760053038597,0.023087117820978165,0.025578899309039116,0.028193097561597824,0.03132626414299011,0.03456711396574974,0.03787296637892723,0.041532836854457855,0.04552797973155975,0.04976557195186615,0.054654404520988464,0.05982796102762222,0.06583474576473236,0.07232677936553955,0.07923184335231781,0.08742298185825348,0.09608195722103119,0.10526198148727417,0.1142105907201767,0.12376855313777924,0.1340070217847824,0.14352379739284515,0.1537477970123291,0.16466793417930603
1511,0.00016375709674321115,0.00040292576886713505,0.0007128856377676129,0.0011267669033259153,0.0015716744819656014,0.002065391978248954,0.0025928684044629335,0.003163481829687953,0.0038390234112739563,0.0045291050337255,0.005292894784361124,0.00606413371860981,0.006983601022511721,0.007984083145856857,0.009121755138039589,0.010414160788059235,0.011888031847774982,0.013595669530332088,0.015620610676705837,0.017800223082304,0.020162397995591164,0.02274881675839424,0.02562722936272621,0.02872072160243988,0.03213343396782875,0.035877447575330734,0.039687395095825195,0.043673478066921234,0.047959767282009125,0.05278146266937256,0.057579971849918365,0.06255261600017548,0.06773889064788818,0.07303609699010849,0.07824704796075821,0.08319836109876633,0.08831989020109177,0.09387637674808502,0.09893244504928589,0.1041489988565445,0.10885260999202728,0.11315429210662842,0.11760136485099792,0.12210344523191452,0.12722563743591309,0.13048815727233887,0.1332360804080963,0.13557443022727966,0.1387965828180313
1512,0.00012396916281431913,0.00030390790197998285,0.0005347572732716799,0.0008517628302797675,0.0011911247856914997,0.001574899535626173,0.001986465882509947,0.0024205471854656935,0.0029288530349731445,0.003401116468012333,0.003947149030864239,0.004526647739112377,0.005130302626639605,0.005819406360387802,0.006528346799314022,0.0073343245312571526,0.00823736097663641,0.009209907613694668,0.010273771360516548,0.01156800240278244,0.01301420759409666,0.014639034867286682,0.016344690695405006,0.01813676208257675,0.020275581628084183,0.022695111110806465,0.0252534169703722,0.027966031804680824,0.030953235924243927,0.03418048098683357,0.03767808526754379,0.04134184867143631,0.04506158083677292,0.049094680696725845,0.05320658162236214,0.05764287710189819,0.061989717185497284,0.06644363701343536,0.07043939083814621,0.07497916370630264,0.08018244802951813,0.08593831956386566,0.0922301858663559,0.09885185956954956,0.10583044588565826,0.11281783133745193,0.12045344710350037,0.12850211560726166,0.1396009922027588
1513,0.00013959736679680645,0.0003539801691658795,0.0006077758735045791,0.00093806505901739,0.0013164379633963108,0.001739721279591322,0.0022071246057748795,0.0027248230762779713,0.0033238993491977453,0.003928995691239834,0.0045850807800889015,0.005350703373551369,0.006289101671427488,0.0073289708234369755,0.008456220850348473,0.009822117164731026,0.01124555617570877,0.01291203685104847,0.014678586274385452,0.016765620559453964,0.019017040729522705,0.02122274786233902,0.023597873747348785,0.02608584612607956,0.028982412070035934,0.03220340237021446,0.0354098416864872,0.03888757899403572,0.04244258999824524,0.04669111222028732,0.05098831281065941,0.055939748883247375,0.06135908514261246,0.06706057488918304,0.07297880202531815,0.07917776703834534,0.08611579984426498,0.09322088956832886,0.10076872259378433,0.10916680842638016,0.11843043565750122,0.12813660502433777,0.1372220367193222,0.1465453803539276,0.1566419154405594,0.16536037623882294,0.17314882576465607,0.17913445830345154,0.18893176317214966
1514,0.00012809367035515606,0.00031173485331237316,0.000538798572961241,0.00081757822772488,0.0011563394218683243,0.0014987224712967873,0.0019012272823601961,0.0023493075277656317,0.0028634427580982447,0.0033752478193491697,0.003925153985619545,0.004511220380663872,0.005201029125601053,0.0059548188000917435,0.006731808185577393,0.007590635679662228,0.008540753275156021,0.009585553780198097,0.010599697940051556,0.011656172573566437,0.01272425428032875,0.01384260505437851,0.015033144503831863,0.016209043562412262,0.017483219504356384,0.018713627010583878,0.020047765225172043,0.021545346826314926,0.023017454892396927,0.024568073451519012,0.026064306497573853,0.027717208489775658,0.029324494302272797,0.030982524156570435,0.032711151987314224,0.03456265851855278,0.036481961607933044,0.03851068764925003,0.04054572805762291,0.04272209107875824,0.045557282865047455,0.04858587682247162,0.05201885104179382,0.05561213195323944,0.05973295122385025,0.06434950232505798,0.06939621269702911,0.07504862546920776,0.08155461400747299
1515,0.00011619149154284969,0.00028413248946890235,0.0004754193942062557,0.00070978730218485,0.0009761908440850675,0.0012995295692235231,0.001655177096836269,0.0020138034597039223,0.0023790630511939526,0.0028372835367918015,0.0032916730269789696,0.0037620081566274166,0.004309211857616901,0.004900533240288496,0.005528965499252081,0.006265843752771616,0.0071067046374082565,0.008000096306204796,0.008957614190876484,0.009990797378122807,0.01112221647053957,0.012402275577187538,0.013848123140633106,0.015456786379218102,0.017233824357390404,0.0191640667617321,0.021388143301010132,0.023952990770339966,0.02682449296116829,0.029811684042215347,0.03345134109258652,0.037637412548065186,0.04242788255214691,0.047627635300159454,0.0537169948220253,0.06068935617804527,0.06925266236066818,0.07864566147327423,0.08945491164922714,0.10125385969877243,0.11378507316112518,0.12685708701610565,0.14075708389282227,0.1549936830997467,0.16971325874328613,0.18449769914150238,0.1994454562664032,0.21366360783576965,0.22742590308189392
1516,0.00013806809147354215,0.00034505000803619623,0.0006009655771777034,0.0009305616840720177,0.0012892386876046658,0.0016898586181923747,0.0021183500066399574,0.0025881738401949406,0.003128349781036377,0.0036396123468875885,0.0041948892176151276,0.004942790139466524,0.005573747213929892,0.006273269187659025,0.006909660063683987,0.007646841928362846,0.008360331878066063,0.009125064127147198,0.010024459101259708,0.010924785397946835,0.011943181976675987,0.01300765760242939,0.014173757284879684,0.015375211834907532,0.016673721373081207,0.018036168068647385,0.0195118747651577,0.02108626812696457,0.02289063110947609,0.024749916046857834,0.02693294733762741,0.029323898255825043,0.03197551891207695,0.03504910692572594,0.0384017713367939,0.04185675457119942,0.04567435383796692,0.049602970480918884,0.05440404266119003,0.05935376510024071,0.0648144781589508,0.07096792012453079,0.07770691066980362,0.08584766089916229,0.09541164338588715,0.10564850270748138,0.11505074799060822,0.12209665775299072,0.13110625743865967
1517,0.00012181789497844875,0.00028746502357535064,0.00048280786722898483,0.0007310418295674026,0.0010089237475767732,0.001317107118666172,0.0016725693130865693,0.002063243417069316,0.0024540857411921024,0.002882292727008462,0.003371060360223055,0.0038894889876246452,0.004407632630318403,0.005110542289912701,0.005728214047849178,0.006500530987977982,0.007370595820248127,0.00835439283400774,0.00942198559641838,0.010621663182973862,0.011945905163884163,0.013367082923650742,0.014867354184389114,0.01644360087811947,0.01812652125954628,0.019856316968798637,0.02169196307659149,0.023668870329856873,0.025940395891666412,0.028322504833340645,0.03094083070755005,0.033989593386650085,0.03689361363649368,0.03965022787451744,0.04232200235128403,0.04511517286300659,0.04778745397925377,0.05061207711696625,0.05352271348237991,0.056604739278554916,0.0598805695772171,0.06328434497117996,0.06714847683906555,0.07174722850322723,0.07694810628890991,0.08146506547927856,0.08487017452716827,0.08816452324390411,0.09237441420555115
1518,0.00013720872811973095,0.00033697299659252167,0.0005986359901726246,0.0009167980751954019,0.0013042259961366653,0.0017684877384454012,0.002309857401996851,0.0029249773360788822,0.00364334206096828,0.0045387884601950645,0.005563411861658096,0.006661814171820879,0.008037598803639412,0.009520823135972023,0.011166415177285671,0.012961077503859997,0.014838826842606068,0.01692061498761177,0.01922016404569149,0.021639537066221237,0.024187345057725906,0.026768460869789124,0.029389092698693275,0.03199341893196106,0.03462810069322586,0.0373484343290329,0.040198516100645065,0.04295387864112854,0.04611796885728836,0.04933664947748184,0.05275697261095047,0.0559416338801384,0.058894068002700806,0.061975471675395966,0.06507942080497742,0.06836310029029846,0.07167398184537888,0.07487401366233826,0.07804588973522186,0.08142070472240448,0.08489218354225159,0.08905692398548126,0.09327971190214157,0.09925107657909393,0.10630013793706894,0.11613751947879791,0.12615087628364563,0.13666267693042755,0.14719250798225403
1519,0.0001458083133911714,0.00036268727853894234,0.0006422311998903751,0.0010054202284663916,0.0013820535968989134,0.0018246712861582637,0.002361901802942157,0.0029522553086280823,0.003583682933822274,0.004270871635526419,0.004987739492207766,0.005829093046486378,0.006724108941853046,0.007677367888391018,0.008712667040526867,0.009920317679643631,0.011258506216108799,0.012640249915421009,0.014298882335424423,0.016059299930930138,0.01819678209722042,0.02055436745285988,0.023223288357257843,0.026296116411685944,0.029350370168685913,0.03260834142565727,0.036181628704071045,0.0403306782245636,0.044390544295310974,0.04861243814229965,0.05311307683587074,0.05797608196735382,0.06311687082052231,0.06853464990854263,0.07410626113414764,0.07946131378412247,0.08482616394758224,0.08993560820817947,0.09510556608438492,0.1001497134566307,0.10489761084318161,0.10924080014228821,0.1134144589304924,0.11771640926599503,0.12197469174861908,0.12654998898506165,0.13102756440639496,0.13602283596992493,0.1411747932434082
1520,0.00014518258103635162,0.00037175248144194484,0.0006341469706967473,0.0009882135782390833,0.0014014653861522675,0.0018664997769519687,0.0024016983807086945,0.0029646623879671097,0.0035895556211471558,0.004270906560122967,0.005036703310906887,0.0058656055480241776,0.006783230230212212,0.007778153754770756,0.008905639871954918,0.010157887823879719,0.011534015648066998,0.013094495981931686,0.01489352434873581,0.016835248097777367,0.018891893327236176,0.021007157862186432,0.023028284311294556,0.025104623287916183,0.027079042047262192,0.028993338346481323,0.03117581643164158,0.03356807306408882,0.03574167937040329,0.038116201758384705,0.04058855026960373,0.04343817010521889,0.04625017195940018,0.048900991678237915,0.05139448121190071,0.054501380771398544,0.05759419500827789,0.06083138287067413,0.06398582458496094,0.06752441078424454,0.07123051583766937,0.07526390254497528,0.07964931428432465,0.08438869565725327,0.08887475728988647,0.09310702979564667,0.09694593399763107,0.10159808397293091,0.10832473635673523
1521,0.0001443148939870298,0.00036279307096265256,0.0006384635926224291,0.001005829544737935,0.0014892953913658857,0.001982608577236533,0.0026226716581732035,0.0032794494181871414,0.003984062001109123,0.004798895679414272,0.005695423111319542,0.006655080243945122,0.0076435524970293045,0.008686192333698273,0.009906018152832985,0.01108224131166935,0.01231357455253601,0.013633569702506065,0.015036693774163723,0.016580278053879738,0.018434548750519753,0.020176809281110764,0.021908655762672424,0.02370201051235199,0.02569369599223137,0.027681054547429085,0.0296412855386734,0.03187183663249016,0.034011080861091614,0.03645285591483116,0.038957562297582626,0.04148111119866371,0.044526003301143646,0.047429073601961136,0.05040445551276207,0.05351676791906357,0.05670393258333206,0.059881679713726044,0.06361261755228043,0.06791339814662933,0.0723705142736435,0.07838292419910431,0.08542603254318237,0.09364546835422516,0.10357913374900818,0.1135270893573761,0.12413402646780014,0.13524341583251953,0.15137846767902374
1522,0.00012786962906830013,0.0003234267933294177,0.0005541627760976553,0.0008788144332356751,0.0012297602370381355,0.0016620352398604155,0.0021287547424435616,0.0026747530791908503,0.0032560538966208696,0.003945412114262581,0.0046363514848053455,0.005407274235039949,0.0062424237839877605,0.007135450374335051,0.008147007785737514,0.009355997666716576,0.010671932250261307,0.012009669095277786,0.013495661318302155,0.015148548409342766,0.016935544088482857,0.018906094133853912,0.02096053771674633,0.023052163422107697,0.025352664291858673,0.02787238359451294,0.0305891465395689,0.03344552591443062,0.0365651398897171,0.03983079642057419,0.04322677478194237,0.0466158352792263,0.05038009211421013,0.054400164633989334,0.05869128182530403,0.063457190990448,0.06853093206882477,0.0742226243019104,0.08063982427120209,0.08767357468605042,0.09538614749908447,0.10435877740383148,0.11544277518987656,0.12734517455101013,0.1390962153673172,0.14856696128845215,0.1578393578529358,0.17074193060398102,0.1896999627351761
1523,0.00014694768469780684,0.00036990895750932395,0.0006521352333948016,0.0010072991717606783,0.0014372384175658226,0.001909277169033885,0.0024717168416827917,0.0031052425038069487,0.0038889863062649965,0.0047521768137812614,0.005714337341487408,0.0068319193087518215,0.008089043200016022,0.009464451111853123,0.011007189750671387,0.012675996869802475,0.014524908736348152,0.016614563763141632,0.018810130655765533,0.021066587418317795,0.023412803187966347,0.026025906205177307,0.028823252767324448,0.03160793334245682,0.03444424644112587,0.0377388596534729,0.041175100952386856,0.04465356469154358,0.04846970736980438,0.052135057747364044,0.056048907339572906,0.06045009195804596,0.06534148007631302,0.07057874649763107,0.07553617656230927,0.08032894134521484,0.08540695905685425,0.0908501148223877,0.09644405543804169,0.10271422564983368,0.10955682396888733,0.11674784868955612,0.12508246302604675,0.1344520002603531,0.14461660385131836,0.15605154633522034,0.16947172582149506,0.1823062151670456,0.19915403425693512
1524,0.00011902196274604648,0.0003036752459593117,0.0005179962608963251,0.0008137585246004164,0.0011205512564629316,0.0014756133314222097,0.0018592358101159334,0.0022661008406430483,0.002721637487411499,0.003184207249432802,0.003711046651005745,0.004261949099600315,0.004831486381590366,0.005424985196441412,0.006049087271094322,0.006727634929120541,0.007457170635461807,0.008237207308411598,0.00903649628162384,0.009915213100612164,0.01093433890491724,0.011974524706602097,0.013253492303192616,0.01465581450611353,0.016241729259490967,0.018056409433484077,0.020258218050003052,0.02258508838713169,0.024956582114100456,0.02728835865855217,0.02998042106628418,0.032829996198415756,0.036058682948350906,0.03936003893613815,0.04289187863469124,0.0467737540602684,0.05042057856917381,0.05431988835334778,0.058714594691991806,0.06419665366411209,0.07006019353866577,0.07644562423229218,0.08315858244895935,0.09039844572544098,0.09857983887195587,0.10731373727321625,0.11643503606319427,0.12578031420707703,0.13566358387470245
1525,0.00013304068124853075,0.00034084252547472715,0.0006135022849775851,0.0009420278947800398,0.0013216097140684724,0.0017547706374898553,0.002262645401060581,0.0028074360452592373,0.0034169587306678295,0.004066960886120796,0.004802369046956301,0.0055435821413993835,0.006385062821209431,0.007250132039189339,0.008210111409425735,0.009160762652754784,0.010186869651079178,0.011311421170830727,0.012573792599141598,0.013892119750380516,0.015271935611963272,0.01681479439139366,0.018461987376213074,0.020254626870155334,0.022173374891281128,0.024269502609968185,0.026564789935946465,0.029340064153075218,0.03218000382184982,0.03509995713829994,0.03795180469751358,0.04116780683398247,0.044508375227451324,0.04796840250492096,0.05209744721651077,0.05682091414928436,0.06172873079776764,0.0665414035320282,0.07151451706886292,0.07615604996681213,0.08010933548212051,0.08363229781389236,0.08679120242595673,0.09003867208957672,0.09312638640403748,0.09666872769594193,0.10050538927316666,0.10525979101657867,0.11026057600975037
1526,0.00016189344751182944,0.0004052435979247093,0.000729203165974468,0.0011458543594926596,0.0016413023695349693,0.002203507348895073,0.0028635705821216106,0.0035729811061173677,0.0044435542076826096,0.005330258049070835,0.006325577385723591,0.007432672195136547,0.008631340228021145,0.009933773428201675,0.011252844706177711,0.01276897918432951,0.014488594606518745,0.016288448125123978,0.018317420035600662,0.020369939506053925,0.022536249831318855,0.024975966662168503,0.027621811255812645,0.030520834028720856,0.033750083297491074,0.037294257432222366,0.041057977825403214,0.045295119285583496,0.04933600127696991,0.05387408658862114,0.05846197158098221,0.06332661956548691,0.06841865181922913,0.07355426251888275,0.07900717854499817,0.08447732031345367,0.09025835990905762,0.09631898254156113,0.1025448888540268,0.10929638147354126,0.1163451075553894,0.12372756004333496,0.13105088472366333,0.13993880152702332,0.14868688583374023,0.15621429681777954,0.1638633757829666,0.171280637383461,0.18436460196971893
1527,0.00022431349498219788,0.0006051376694813371,0.0011003216495737433,0.001688928110525012,0.0022895948495715857,0.002986321924254298,0.0037499822210520506,0.0046099708415567875,0.005565819796174765,0.006590590346604586,0.0076587307266891,0.008806401863694191,0.01004908885806799,0.011460473760962486,0.012931141071021557,0.014572407118976116,0.016243036836385727,0.0180157870054245,0.020056381821632385,0.02210269123315811,0.024291878566145897,0.02680644951760769,0.029493050649762154,0.03198601305484772,0.03442729637026787,0.03730782866477966,0.040655139833688736,0.044161342084407806,0.047746218740940094,0.051283251494169235,0.05533066391944885,0.05930722504854202,0.06326743960380554,0.06731706112623215,0.07215171307325363,0.07723632454872131,0.08312802761793137,0.0888030007481575,0.09479344636201859,0.10132724046707153,0.1087537631392479,0.11610034108161926,0.12309442460536957,0.13046573102474213,0.137911856174469,0.14497651159763336,0.15092530846595764,0.15674114227294922,0.16412606835365295
1528,0.00013026854139752686,0.0003294938651379198,0.0005726702511310577,0.000873954442795366,0.0012083700858056545,0.001597739988937974,0.0019847629591822624,0.002433320740237832,0.002931748516857624,0.0034053437411785126,0.003937982954084873,0.004459818359464407,0.004994051996618509,0.005544119514524937,0.006123377941548824,0.006742480676621199,0.007406221702694893,0.00807704497128725,0.008761472068727016,0.009477892890572548,0.01020858809351921,0.010983925312757492,0.011747721582651138,0.01261848397552967,0.013596303761005402,0.014599751681089401,0.015823980793356895,0.017223572358489037,0.018882544711232185,0.020693499594926834,0.022610347718000412,0.02489602565765381,0.027556046843528748,0.030557522550225258,0.03396347165107727,0.03805790841579437,0.04298081621527672,0.04809991270303726,0.053944941610097885,0.060311973094940186,0.06748288869857788,0.07591661810874939,0.08507409691810608,0.09543492645025253,0.10555531829595566,0.11715555191040039,0.12993070483207703,0.14670458436012268,0.1698472648859024
1529,0.0001286394108319655,0.00030966574558988214,0.0005421563982963562,0.0008444018894806504,0.0011876090429723263,0.0015932248206809163,0.002046053297817707,0.0025685541331768036,0.003142981557175517,0.0038053630851209164,0.004511312581598759,0.005403089337050915,0.006402797065675259,0.0075253332033753395,0.008713383227586746,0.01013198308646679,0.011623849160969257,0.013148533180356026,0.014876197092235088,0.01662442646920681,0.018661459907889366,0.020905012264847755,0.023223156109452248,0.026001017540693283,0.02879900485277176,0.03197409585118294,0.035726066678762436,0.03977017104625702,0.04409843310713768,0.04875209182500839,0.053841035813093185,0.05937882885336876,0.06496162712574005,0.07114047557115555,0.07765881717205048,0.08432787656784058,0.09126840531826019,0.09879188239574432,0.10672134160995483,0.1142081543803215,0.12171465903520584,0.12980224192142487,0.13893860578536987,0.1485072374343872,0.15745525062084198,0.16666880249977112,0.1758202612400055,0.18403716385364532,0.1930457502603531
1530,0.0001236565294675529,0.00031104200752452016,0.0005663707852363586,0.0008815667242743075,0.0012513735564425588,0.0016840309835970402,0.002182550495490432,0.002751728054136038,0.0034088401589542627,0.004162525292485952,0.004951127339154482,0.005840496625751257,0.006644616834819317,0.007620742544531822,0.008764933794736862,0.010087880305945873,0.011493969708681107,0.013006889261305332,0.014741465449333191,0.01665608584880829,0.018752258270978928,0.021027710288763046,0.023423638194799423,0.02618349716067314,0.02941674366593361,0.03282706066966057,0.03649967163801193,0.04017858952283859,0.04378093406558037,0.04723328351974487,0.051178332418203354,0.055432774126529694,0.05958350747823715,0.06393975764513016,0.06858766078948975,0.07318492233753204,0.07810065150260925,0.08311933279037476,0.08829039335250854,0.09355038404464722,0.09886323660612106,0.10395076125860214,0.1094275414943695,0.11533357948064804,0.1208919808268547,0.1262701004743576,0.1312921643257141,0.13637778162956238,0.14360426366329193
1531,0.00011908692249562591,0.0003019456344190985,0.0005488881142809987,0.0008609616197645664,0.0012383341090753675,0.0016528040869161487,0.0021203879732638597,0.0026016326155513525,0.003183579072356224,0.00382051570340991,0.004453430883586407,0.005193289369344711,0.005968748591840267,0.006783665623515844,0.007683669216930866,0.008709391579031944,0.00991713535040617,0.011246048845350742,0.012739024125039577,0.014303332194685936,0.015914300456643105,0.01770794950425625,0.019517993554472923,0.021571097895503044,0.02387176640331745,0.026311680674552917,0.0289936400949955,0.03193726763129234,0.03497743606567383,0.03824913501739502,0.04165489226579666,0.04485568404197693,0.04796408489346504,0.05127725750207901,0.05490652844309807,0.05845659226179123,0.06209529563784599,0.0659865215420723,0.06994512677192688,0.07425786554813385,0.07865394651889801,0.08335427194833755,0.08832267671823502,0.09381546080112457,0.09934552013874054,0.1045951396226883,0.1094919964671135,0.11458703130483627,0.11961493641138077
1532,0.00011751538841053843,0.00028243858832865953,0.00048336180043406785,0.0007458564941771328,0.0010164800332859159,0.0013676353264600039,0.0017583498265594244,0.002141770673915744,0.002577095292508602,0.0030369150917977095,0.003487600479274988,0.004038338549435139,0.004617086611688137,0.005178309977054596,0.00577034754678607,0.00647399015724659,0.007226212415844202,0.007986141368746758,0.008828062564134598,0.00965003203600645,0.010599425062537193,0.011601995676755905,0.012668952345848083,0.013928303495049477,0.015267066657543182,0.0168607160449028,0.018600039184093475,0.020547227934002876,0.022692682221531868,0.02501567080616951,0.027849551290273666,0.03135961294174194,0.035350095480680466,0.03979437053203583,0.045027777552604675,0.05058996379375458,0.05681310221552849,0.06319941580295563,0.06956538558006287,0.07605579495429993,0.08149685710668564,0.08656235784292221,0.09147228300571442,0.09546796977519989,0.09869486093521118,0.1010148674249649,0.1035623773932457,0.10587412118911743,0.10832209885120392
1533,0.00014621987065766007,0.0003742074186448008,0.0006627344992011786,0.0010283116716891527,0.00141972117125988,0.0018491862574592233,0.0023209601640701294,0.0028426016215234995,0.003369854297488928,0.003923654556274414,0.004495332948863506,0.005092873238027096,0.0057900515384972095,0.006508485414087772,0.007314793765544891,0.0082026906311512,0.009161598980426788,0.010154800489544868,0.011143593117594719,0.012177400290966034,0.01325748860836029,0.01437221560627222,0.015647120773792267,0.016905955970287323,0.018358636647462845,0.019983936101198196,0.021703563630580902,0.023736784234642982,0.02578558400273323,0.027953170239925385,0.03024645522236824,0.03296470642089844,0.03597092628479004,0.03957284241914749,0.0440080352127552,0.049101077020168304,0.0552176795899868,0.06235279142856598,0.06988926231861115,0.07817263156175613,0.0872638151049614,0.09706694632768631,0.10751365125179291,0.11889577656984329,0.1310165524482727,0.1421474814414978,0.15228186547756195,0.16446630656719208,0.17784084379673004
1534,0.0001543113321531564,0.0003940379829145968,0.0007027972023934126,0.0011153145460411906,0.0015970723470672965,0.0022088566329330206,0.002919258549809456,0.003698142012581229,0.004547727294266224,0.0054695745930075645,0.006521875504404306,0.007707927376031876,0.009055820293724537,0.010593002662062645,0.012239152565598488,0.014034943655133247,0.016075892373919487,0.01830599270761013,0.020687449723482132,0.023157084360718727,0.025829603895545006,0.028746284544467926,0.03214137628674507,0.03548777475953102,0.039057761430740356,0.04289894178509712,0.04701931029558182,0.05141088366508484,0.05605565384030342,0.06086551025509834,0.06595223397016525,0.07114838063716888,0.07674042135477066,0.08261289447546005,0.0885496437549591,0.09453783929347992,0.10064665228128433,0.10715600103139877,0.11370138823986053,0.12030383944511414,0.12703880667686462,0.13437028229236603,0.14221979677677155,0.14990173280239105,0.1575765311717987,0.1646357625722885,0.17177531123161316,0.1780126690864563,0.18563245236873627
1535,0.00016170559683814645,0.00037405890179798007,0.0006234084139578044,0.0009161133202724159,0.0013125441037118435,0.0017366732936352491,0.0021697368938475847,0.002623166423290968,0.0031403733883053064,0.0036461553536355495,0.004235117696225643,0.004844070412218571,0.005424044094979763,0.006063536275178194,0.006716956850141287,0.007480795495212078,0.008272350765764713,0.009098971262574196,0.010026006028056145,0.010914582759141922,0.012038028798997402,0.01327300351113081,0.014543941244482994,0.016021624207496643,0.01773310825228691,0.01948789693415165,0.02156316116452217,0.02386900782585144,0.02647332474589348,0.0294483732432127,0.03275546804070473,0.03635586425662041,0.0401778444647789,0.04431724175810814,0.04931417107582092,0.05477934703230858,0.06115452200174332,0.0689001977443695,0.078170046210289,0.08744212985038757,0.09743063896894455,0.10885844379663467,0.12051480263471603,0.13332998752593994,0.1462535709142685,0.15977750718593597,0.1720317155122757,0.18372945487499237,0.19631919264793396
1536,0.00014448785805143416,0.0003554244467522949,0.0006205210811458528,0.0009704608237370849,0.001370235113427043,0.0018306751735508442,0.0023705149069428444,0.0028961999341845512,0.0034822504967451096,0.004103661514818668,0.004765260964632034,0.005522320047020912,0.0064360955730080605,0.007174433674663305,0.00801345519721508,0.008898253552615643,0.009931189939379692,0.010977832600474358,0.012143542990088463,0.013397893868386745,0.014733947813510895,0.01632043346762657,0.017981266602873802,0.019763458520174026,0.02161055989563465,0.023662203922867775,0.025852981954813004,0.02814510464668274,0.030666345730423927,0.03360260650515556,0.036749668419361115,0.04014057666063309,0.04371122643351555,0.047581613063812256,0.05175403505563736,0.056291427463293076,0.06100812181830406,0.06592785567045212,0.07073845714330673,0.0759887844324112,0.08130976557731628,0.08675248175859451,0.09332751482725143,0.10049092769622803,0.10759896039962769,0.11384037137031555,0.11890475451946259,0.1241953894495964,0.12995390594005585
1537,0.0001278357085539028,0.00030995375709608197,0.0005579281132668257,0.0008634987170808017,0.0012223878875374794,0.0016262575518339872,0.002106411149725318,0.002617732621729374,0.003151289187371731,0.0037899217568337917,0.004571724683046341,0.005355324596166611,0.006297330372035503,0.007147038821130991,0.008079144172370434,0.009092973545193672,0.010089144110679626,0.01113684382289648,0.012213973328471184,0.013231197372078896,0.014299239963293076,0.015537824481725693,0.016795363277196884,0.018240317702293396,0.019857903942465782,0.021776549518108368,0.023774385452270508,0.026101496070623398,0.028687670826911926,0.03107784502208233,0.03373859077692032,0.03676322102546692,0.04021967574954033,0.043968141078948975,0.047698456794023514,0.051866255700588226,0.056354820728302,0.0613575354218483,0.06669123470783234,0.07252268493175507,0.07893656194210052,0.08573678880929947,0.09223195910453796,0.09922592341899872,0.10740721225738525,0.11516468226909637,0.12329027056694031,0.13292479515075684,0.14376848936080933
1538,0.00013680271513294429,0.0003289750893600285,0.0005837662611156702,0.0009107014629989862,0.0012666331604123116,0.001662908704020083,0.0020990222692489624,0.0025528150144964457,0.003087607678025961,0.0036681825295090675,0.0043143476359546185,0.005021011922508478,0.005777202546596527,0.0066420999355614185,0.007556090131402016,0.008589010685682297,0.009761429391801357,0.011111211031675339,0.012519864365458488,0.014099426567554474,0.01578976772725582,0.017518911510705948,0.01951371505856514,0.021793721243739128,0.02437339909374714,0.027210233733057976,0.030684281140565872,0.03459235280752182,0.03876393288373947,0.04367761313915253,0.048985935747623444,0.054758790880441666,0.0608815997838974,0.06764471530914307,0.07505461573600769,0.08326398581266403,0.09241616725921631,0.10249312967061996,0.11267556995153427,0.12375229597091675,0.13549156486988068,0.1474640816450119,0.16065551340579987,0.17461086809635162,0.18960434198379517,0.20533430576324463,0.2206043004989624,0.23637127876281738,0.2536551356315613
1539,0.00013023448991589248,0.00031567172845825553,0.000545992748811841,0.0008221009629778564,0.0011575783137232065,0.0015306335408240557,0.0019045821391046047,0.0023350901901721954,0.0028038932941854,0.003292402718216181,0.0038272219244390726,0.00449603283777833,0.005242070183157921,0.006093204021453857,0.007064695470035076,0.008220565505325794,0.009651172906160355,0.011131415143609047,0.012620496563613415,0.01431954000145197,0.016208117827773094,0.018168270587921143,0.020248454064130783,0.022498469799757004,0.02496284805238247,0.02761944942176342,0.030240993946790695,0.03305897116661072,0.036214958876371384,0.03981306031346321,0.04369908571243286,0.048067446798086166,0.05245523154735565,0.057409465312957764,0.06251537799835205,0.06832985579967499,0.07460372895002365,0.08100567758083344,0.08838927745819092,0.09585659205913544,0.10362248867750168,0.11146245896816254,0.12017183005809784,0.129928857088089,0.1406000852584839,0.15036195516586304,0.1603006273508072,0.17136336863040924,0.18543559312820435
1540,0.00014755065785720944,0.00036300442297942936,0.0006800586124882102,0.0011102601420134306,0.0016665171133354306,0.002403642749413848,0.0032866066321730614,0.004398290067911148,0.0055990987457334995,0.0070012230426073074,0.00846012867987156,0.009885137900710106,0.01140239555388689,0.012851379811763763,0.014379301108419895,0.01611143909394741,0.017915863543748856,0.019726671278476715,0.0217242781072855,0.02407299168407917,0.026443449780344963,0.028689738363027573,0.031056387349963188,0.033592864871025085,0.03589698672294617,0.0382588729262352,0.041004642844200134,0.04411236196756363,0.04758121818304062,0.051178038120269775,0.055115338414907455,0.059339653700590134,0.0636761412024498,0.06793959438800812,0.0723721832036972,0.0767291784286499,0.08138693124055862,0.08586670458316803,0.09032897651195526,0.09499577432870865,0.10013741999864578,0.10572151094675064,0.1116110160946846,0.11794862896203995,0.1251250058412552,0.13279223442077637,0.14117756485939026,0.15094295144081116,0.1613558828830719
1541,0.00011161286965943873,0.0002616093261167407,0.00045127677731215954,0.0007041115313768387,0.001004221849143505,0.0013919189805164933,0.0018940726295113564,0.0024491033982485533,0.0031000026501715183,0.0038834759034216404,0.004805266857147217,0.005892273038625717,0.0071428632363677025,0.008620326407253742,0.010281646624207497,0.012154210358858109,0.014202083460986614,0.016447948291897774,0.018888887017965317,0.021484216675162315,0.024425577372312546,0.02755621448159218,0.030829187482595444,0.03428833559155464,0.03834123909473419,0.04239432141184807,0.04669443517923355,0.05139365419745445,0.056278109550476074,0.061418622732162476,0.0666968822479248,0.07223592698574066,0.07806997001171112,0.08400733768939972,0.09088058769702911,0.09838677942752838,0.10694578289985657,0.11680854856967926,0.12824474275112152,0.14100098609924316,0.1543547809123993,0.16757872700691223,0.18146912753582,0.19564221799373627,0.2107640504837036,0.2260158360004425,0.24091364443302155,0.25544536113739014,0.2708424925804138
1542,0.00013997415953781456,0.00037484613130800426,0.0007025061058811843,0.0011260228930041194,0.001664766576141119,0.0023319420870393515,0.003107750089839101,0.004006066359579563,0.005090497434139252,0.0061663975939154625,0.007337530143558979,0.008482800796627998,0.009833868592977524,0.011173293925821781,0.012630259618163109,0.014266795478761196,0.016112787649035454,0.018224913626909256,0.02049107477068901,0.02297411859035492,0.02573395147919655,0.028578851372003555,0.031347163021564484,0.034169405698776245,0.037067510187625885,0.039998456835746765,0.04298834875226021,0.04595787823200226,0.04906576871871948,0.052424781024456024,0.05614333227276802,0.059877075254917145,0.0638701468706131,0.06800718605518341,0.07261991500854492,0.07726453989744186,0.08200052380561829,0.08655065298080444,0.09065621346235275,0.09517700970172882,0.0995890349149704,0.10358932614326477,0.10701698064804077,0.11012439429759979,0.11238221824169159,0.11481522768735886,0.1172485500574112,0.11991238594055176,0.12349355220794678
1543,0.0001608983293408528,0.0004276485415175557,0.0007758861174806952,0.0012245501857250929,0.0017564567970111966,0.002400242490693927,0.003135241335257888,0.003953867591917515,0.004856336396187544,0.00582710187882185,0.00691166240721941,0.008148816414177418,0.009527906775474548,0.010867694392800331,0.012284884229302406,0.013898169621825218,0.015656834468245506,0.01743251271545887,0.019317656755447388,0.02131587080657482,0.02354016900062561,0.025744417682290077,0.02815486118197441,0.03065379336476326,0.033287499099969864,0.03611144796013832,0.03892207890748978,0.04202764108777046,0.04525281488895416,0.04879208281636238,0.05242142826318741,0.056189849972724915,0.06022820994257927,0.06396263837814331,0.06804066151380539,0.0724368542432785,0.07684950530529022,0.0813559889793396,0.08582796901464462,0.09160156548023224,0.09793151915073395,0.10444823652505875,0.11142630875110626,0.11871875077486038,0.12588384747505188,0.1329069584608078,0.1384754329919815,0.14312085509300232,0.1486562341451645
1544,0.00014873941836412996,0.00036698501207865775,0.0006675840704701841,0.0010360535234212875,0.00147333275526762,0.0019507594406604767,0.0025200461968779564,0.00315896631218493,0.003883292665705085,0.004702044650912285,0.005550183821469545,0.0065023405477404594,0.007558015175163746,0.008668411523103714,0.00992643367499113,0.011161327362060547,0.012516768649220467,0.014151651412248611,0.015787722542881966,0.017694368958473206,0.01970943622291088,0.02206384390592575,0.0246456079185009,0.02750096283853054,0.0304994136095047,0.03375548869371414,0.03729325532913208,0.04137473553419113,0.04580027982592583,0.05081024765968323,0.05610653758049011,0.061318207532167435,0.06690870970487595,0.07231748849153519,0.07802116125822067,0.08358386904001236,0.08885734528303146,0.09424224495887756,0.1000075414776802,0.10559707134962082,0.1112077385187149,0.11750729382038116,0.12428054213523865,0.13098295032978058,0.1380186527967453,0.14563392102718353,0.15316890180110931,0.16092057526111603,0.16941791772842407
1545,0.00012992980191484094,0.00033283550874330103,0.0005900933174416423,0.0009317741496488452,0.0013034987496212125,0.0017481528921052814,0.0022491132840514183,0.0028109729755669832,0.003485900815576315,0.004226703196763992,0.005040953867137432,0.00591646321117878,0.006846338510513306,0.007835065945982933,0.008855593390762806,0.009987777099013329,0.011236293241381645,0.012609962373971939,0.014113548211753368,0.015740428119897842,0.017561931163072586,0.019568080082535744,0.021750880405306816,0.024160832166671753,0.02675226517021656,0.02943599224090576,0.032216280698776245,0.03509223088622093,0.038422416895627975,0.042120374739170074,0.04647715389728546,0.05104660987854004,0.05506686121225357,0.06079006940126419,0.06742292642593384,0.07409532368183136,0.07993629574775696,0.08642980456352234,0.09283699840307236,0.0989142432808876,0.10540751367807388,0.1111055463552475,0.11649160087108612,0.12196606397628784,0.12777531147003174,0.13385091722011566,0.14009103178977966,0.14660435914993286,0.1544647216796875
1546,0.00014452988398261368,0.0003460361622273922,0.00062643236014992,0.0009670417057350278,0.0013897836906835437,0.0018877573311328888,0.0024156193248927593,0.00304971425794065,0.003686177544295788,0.004399967845529318,0.005200132727622986,0.006124068982899189,0.007121912203729153,0.008166279643774033,0.009348354302346706,0.010506939142942429,0.011727968230843544,0.013098866678774357,0.014550904743373394,0.01613042689859867,0.017752839252352715,0.019563818350434303,0.02134302258491516,0.023109104484319687,0.02494930475950241,0.02696782723069191,0.028818435966968536,0.030919507145881653,0.032991793006658554,0.03527534008026123,0.0377315953373909,0.040418047457933426,0.043385930359363556,0.04640676826238632,0.04974904656410217,0.05367814004421234,0.05785373970866203,0.06209021806716919,0.06629937887191772,0.0714322030544281,0.07723493129014969,0.0829569548368454,0.08922165632247925,0.09708606451749802,0.10535524040460587,0.11451452225446701,0.12394393980503082,0.13386929035186768,0.1453239768743515
1547,0.0001248799089808017,0.0003087480436079204,0.0005380690563470125,0.0008031516917981207,0.0011284130159765482,0.0014889403246343136,0.0018890459323301911,0.002287246286869049,0.002694991184398532,0.003150590229779482,0.003642268944531679,0.004160878248512745,0.004708088468760252,0.00528504466637969,0.0058634039014577866,0.0065417662262916565,0.0072436099871993065,0.007999827153980732,0.008889283053576946,0.009787751361727715,0.010888144373893738,0.012190703302621841,0.013614337891340256,0.01510873157531023,0.016937769949436188,0.01900497078895569,0.021290188655257225,0.023855404928326607,0.026777837425470352,0.03017984703183174,0.034200191497802734,0.03860412910580635,0.04371806979179382,0.04944384843111038,0.05572275072336197,0.06250835210084915,0.06906598061323166,0.07597099244594574,0.0825883150100708,0.08881670981645584,0.0946103185415268,0.0998389720916748,0.10522301495075226,0.10974318534135818,0.11439391225576401,0.11894842237234116,0.12304560095071793,0.12663646042346954,0.12906767427921295
1548,0.0001286267943214625,0.0003316059010103345,0.0005850016605108976,0.0009197433828376234,0.0013103318633511662,0.0017440079245716333,0.002275565406307578,0.0028547625988721848,0.0035435992758721113,0.004250498488545418,0.005004866514354944,0.0058881379663944244,0.0068809399381279945,0.007893407717347145,0.008961399085819721,0.0102348318323493,0.01163218542933464,0.013117367401719093,0.01467091217637062,0.016223935410380363,0.017810126766562462,0.0194842666387558,0.02127966471016407,0.023176409304142,0.02511466294527054,0.027155347168445587,0.02933131903409958,0.03156126290559769,0.033963892608881,0.03648741543292999,0.039080049842596054,0.041631825268268585,0.04416797310113907,0.046849898993968964,0.04974877089262009,0.053130608052015305,0.05656983703374863,0.06061181426048279,0.06497883796691895,0.0699688047170639,0.07568064332008362,0.08223341405391693,0.09007050096988678,0.09883511066436768,0.10849158465862274,0.11872044205665588,0.12956389784812927,0.14059874415397644,0.15430685877799988
1549,0.0001456416939618066,0.0003778937680181116,0.0006714084884151816,0.001049492391757667,0.0014748143730685115,0.0019643912091851234,0.002522183582186699,0.0031256163492798805,0.0037934910506010056,0.004474376793950796,0.005240826401859522,0.006095637567341328,0.0069966865703463554,0.00796724297106266,0.009057016111910343,0.010195245034992695,0.011503235436975956,0.01293041743338108,0.014501158148050308,0.016287410631775856,0.018100237473845482,0.02022678218781948,0.0226164311170578,0.025179821997880936,0.028083709999918938,0.03131267800927162,0.03505413979291916,0.03927261382341385,0.04418237879872322,0.04972283914685249,0.05562115088105202,0.06202838569879532,0.0693240612745285,0.07722614705562592,0.08538579940795898,0.09446677565574646,0.1039380133152008,0.11354543268680573,0.12345182150602341,0.13356083631515503,0.1447896659374237,0.15636825561523438,0.16812527179718018,0.1812991201877594,0.1950376331806183,0.20808124542236328,0.22023291885852814,0.23111185431480408,0.2424379289150238
1550,0.0001442342036170885,0.0003692926838994026,0.0006703886319883168,0.0010394547134637833,0.0014976812526583672,0.0019757384434342384,0.0025603368412703276,0.003211789298802614,0.003962027840316296,0.004809091333299875,0.0057088457979261875,0.006770461797714233,0.007946533150970936,0.00918953213840723,0.01068651769310236,0.01234043762087822,0.014191891998052597,0.016116565093398094,0.018218396231532097,0.020632941275835037,0.0231887586414814,0.02610725164413452,0.029024654999375343,0.03226178139448166,0.03566870465874672,0.03931482881307602,0.043086275458335876,0.04712658375501633,0.05167542025446892,0.05662066116929054,0.0621185339987278,0.06782266497612,0.0739925354719162,0.08006808161735535,0.0863739624619484,0.09334449470043182,0.10118526965379715,0.10876066982746124,0.1166059821844101,0.1243581622838974,0.13237755000591278,0.14101910591125488,0.1501571238040924,0.1597420871257782,0.16926363110542297,0.1780039221048355,0.18701288104057312,0.19826321303844452,0.21217210590839386
1551,0.00014748447574675083,0.000372441194485873,0.0006363994907587767,0.0009902401361614466,0.0013700362760573626,0.0017834748141467571,0.0022011972032487392,0.0026521962136030197,0.003162040840834379,0.0036918064579367638,0.004244172014296055,0.004924183711409569,0.005634586326777935,0.006376867648214102,0.007273158524185419,0.00839256215840578,0.00975425448268652,0.011402842588722706,0.01322576031088829,0.015076639130711555,0.01714179292321205,0.019504573196172714,0.022088542580604553,0.024661676958203316,0.02775595150887966,0.03116939589381218,0.03500764071941376,0.03904898092150688,0.04368331655859947,0.04866965115070343,0.05374551936984062,0.05921996384859085,0.06502199172973633,0.0707806646823883,0.07674065232276917,0.08291597664356232,0.08922182768583298,0.09496234357357025,0.09992286562919617,0.10446815192699432,0.10863421857357025,0.11239627003669739,0.11590811610221863,0.1188470721244812,0.12119124084711075,0.12338299304246902,0.1258384883403778,0.1291600614786148,0.1321977972984314
1552,0.00011739649926312268,0.0002789145219139755,0.0004808912635780871,0.0007194983772933483,0.0009995299624279141,0.0012959286104887724,0.0016598696820437908,0.002025244291871786,0.00244698254391551,0.0029025834519416094,0.003405023133382201,0.004002696834504604,0.0046707941219210625,0.005421348847448826,0.006167748011648655,0.006970738992094994,0.007894077338278294,0.008841622620821,0.009772317484021187,0.01081413310021162,0.011903149075806141,0.013178395107388496,0.014504911378026009,0.016057543456554413,0.017826946452260017,0.019815003499388695,0.022055253386497498,0.02447260357439518,0.02727268636226654,0.03044636733829975,0.03386928141117096,0.03766894340515137,0.04195341467857361,0.04658488929271698,0.051719579845666885,0.057874567806720734,0.06464426219463348,0.07172724604606628,0.07973067462444305,0.08904563635587692,0.09817686676979065,0.10745605826377869,0.11719874292612076,0.12735877931118011,0.13772909343242645,0.14697138965129852,0.15566280484199524,0.16356626152992249,0.17159439623355865
1553,0.00012301637616474181,0.00032711372477933764,0.0006112929549999535,0.0009944287594407797,0.0014559394912794232,0.0019816444255411625,0.002619118895381689,0.003354667453095317,0.004193077329546213,0.005179352127015591,0.006251210812479258,0.007520155515521765,0.008860466070473194,0.010365623049438,0.01202891394495964,0.013917108997702599,0.015918616205453873,0.017880339175462723,0.019844135269522667,0.02187548205256462,0.02412029542028904,0.026456084102392197,0.029057063162326813,0.031792882829904556,0.034553978592157364,0.03765125945210457,0.04083332046866417,0.04421396180987358,0.04770829528570175,0.05103512853384018,0.0545903705060482,0.05850376933813095,0.06270835548639297,0.06721994280815125,0.07192926108837128,0.07664649188518524,0.0814066082239151,0.0865183174610138,0.09211035072803497,0.09806007146835327,0.10410459339618683,0.11084491014480591,0.11775851249694824,0.12539544701576233,0.1340823471546173,0.14293049275875092,0.15293575823307037,0.1645120084285736,0.17829197645187378
1554,0.00015493165119551122,0.0003895900445058942,0.0006858908454887569,0.0010583943221718073,0.00145880994386971,0.001930261729285121,0.0023865459952503443,0.0029196483083069324,0.0035011188592761755,0.004116351716220379,0.004767438396811485,0.005528937093913555,0.006338473409414291,0.007248370908200741,0.008196290582418442,0.009219701401889324,0.010389566421508789,0.011664064601063728,0.013011215254664421,0.014505598694086075,0.015926644206047058,0.017595304176211357,0.01956218294799328,0.02206776849925518,0.024739528074860573,0.027625886723399162,0.030642081052064896,0.03384893760085106,0.03747754916548729,0.04151981323957443,0.045403242111206055,0.04901512712240219,0.052559152245521545,0.056481800973415375,0.059988364577293396,0.06329955160617828,0.0665285736322403,0.06955220550298691,0.07285325229167938,0.07628938555717468,0.07975010573863983,0.08320388942956924,0.08667811006307602,0.0899309441447258,0.09311044216156006,0.09575305879116058,0.09858544170856476,0.10239998251199722,0.1066095158457756
1555,0.0001148429510067217,0.0002764395030681044,0.00047438390902243555,0.0007276862161234021,0.0010131965391337872,0.0013332811649888754,0.0016779769212007523,0.0020742276683449745,0.002527507022023201,0.0029927254654467106,0.0034500048495829105,0.00398538401350379,0.0045361872762441635,0.005115613806992769,0.005682687275111675,0.00633981404826045,0.007029727101325989,0.007696283049881458,0.008472984656691551,0.009272731840610504,0.010101484134793282,0.010908856987953186,0.01177466195076704,0.012744402512907982,0.013767764903604984,0.0147731713950634,0.01588672585785389,0.017029430717229843,0.018293606117367744,0.019786396995186806,0.021304689347743988,0.023162048310041428,0.02532246522605419,0.02793675661087036,0.030853988602757454,0.03445710986852646,0.038607463240623474,0.04354926943778992,0.04933327063918114,0.056269530206918716,0.0645052120089531,0.07410482317209244,0.08500223606824875,0.09814977645874023,0.11204484105110168,0.12649965286254883,0.14013457298278809,0.15149615705013275,0.16383135318756104
1556,0.00010578182991594076,0.0002474513603374362,0.0004185936413705349,0.0006430315552279353,0.0008968302281573415,0.0012133424170315266,0.0015678969211876392,0.0019516244065016508,0.0023996150121092796,0.0029033259488642216,0.0034197208005934954,0.004040536470711231,0.004704344552010298,0.005407588556408882,0.006226512137800455,0.007059124298393726,0.008043210953474045,0.009225988760590553,0.010477999225258827,0.011905168183147907,0.01347547210752964,0.015290459617972374,0.017201267182826996,0.019386611878871918,0.02185790240764618,0.024585440754890442,0.027481941506266594,0.030548706650733948,0.03407590463757515,0.03777763620018959,0.04223804548382759,0.04721040278673172,0.05296749621629715,0.05985092371702194,0.06666392087936401,0.07380179315805435,0.0812264084815979,0.08897364884614944,0.0969611406326294,0.1053866595029831,0.11406334489583969,0.12349076569080353,0.13323408365249634,0.1431930810213089,0.15393953025341034,0.1659046709537506,0.17942392826080322,0.19547846913337708,0.2151859998703003
1557,0.00012368409079499543,0.0003032067324966192,0.0005067310994490981,0.0007683222065679729,0.001059595961123705,0.0013932767324149609,0.0017499615205451846,0.0021269964054226875,0.002528359415009618,0.0029676612466573715,0.003430080134421587,0.003938751760870218,0.004508324898779392,0.005167297553271055,0.005889516789466143,0.006756349466741085,0.007760023698210716,0.008911872282624245,0.01009085401892662,0.011290007270872593,0.012655433267354965,0.014081831090152264,0.015509654767811298,0.01704091764986515,0.018929842859506607,0.020790912210941315,0.022835472598671913,0.025078274309635162,0.027579814195632935,0.030458752065896988,0.033281970769166946,0.03638691082596779,0.039582509547472,0.04302198439836502,0.046721190214157104,0.0507967509329319,0.054863106459379196,0.058860182762145996,0.0635891705751419,0.0686795637011528,0.07451003789901733,0.08118359744548798,0.08815491944551468,0.09611689299345016,0.10533726215362549,0.1162286251783371,0.1275913119316101,0.13954994082450867,0.15373311936855316
1558,0.00013232429046183825,0.0003139549517072737,0.0005269631510600448,0.0007980898953974247,0.001101469504646957,0.0014661344466730952,0.001867879880592227,0.0023416588082909584,0.0028995766770094633,0.003548144828528166,0.004207841120660305,0.004943213891237974,0.005767398979514837,0.006665652617812157,0.007673073559999466,0.008836464025080204,0.010115436278283596,0.011486414819955826,0.012917520478367805,0.014546750113368034,0.01606508530676365,0.017692407593131065,0.019354458898305893,0.02118556760251522,0.022945160046219826,0.024955209344625473,0.027108652517199516,0.02946523204445839,0.03193431347608566,0.034488700330257416,0.0376187339425087,0.041040271520614624,0.044691506773233414,0.04884950816631317,0.05321391299366951,0.05783121660351753,0.06300504505634308,0.06859715282917023,0.07440425455570221,0.0802755281329155,0.08602005243301392,0.09212857484817505,0.0982268750667572,0.10340288281440735,0.10781712830066681,0.1116698682308197,0.11479829251766205,0.11720851063728333,0.1207629144191742
1559,0.00015825200534891337,0.0004083033709321171,0.0007305903127416968,0.0011758944019675255,0.0017733580898493528,0.0024793806951493025,0.0033066687174141407,0.004137852694839239,0.005064039956778288,0.006017906125634909,0.006987336091697216,0.007987776771187782,0.008960546925663948,0.00992424227297306,0.010922922752797604,0.012009301222860813,0.013148564845323563,0.014254228211939335,0.01545305922627449,0.016748446971178055,0.01817716285586357,0.019736040383577347,0.021472405642271042,0.023358812555670738,0.025464359670877457,0.027900751680135727,0.030724644660949707,0.03414895012974739,0.037984054535627365,0.04200135916471481,0.04626719281077385,0.05123130604624748,0.05615777149796486,0.0615706592798233,0.06728286296129227,0.07322703301906586,0.07938912510871887,0.08586415648460388,0.0925813615322113,0.10002823173999786,0.10755017399787903,0.11471498757600784,0.12201741337776184,0.12995152175426483,0.1381133496761322,0.14596442878246307,0.15408793091773987,0.162150576710701,0.17059609293937683
1560,0.00013111736916471273,0.0002948339970316738,0.0004959976649843156,0.000754868087824434,0.0010450398549437523,0.0013709316262975335,0.0017413271125406027,0.0021121976897120476,0.002551532816141844,0.0030448297038674355,0.0035339370369911194,0.0041156308725476265,0.004765543155372143,0.005484820809215307,0.0063110226765275,0.007218561135232449,0.008211737498641014,0.009242234751582146,0.010384256020188332,0.011754976585507393,0.01313017401844263,0.014615826308727264,0.016206791624426842,0.017979713156819344,0.019883962348103523,0.021939747035503387,0.024224702268838882,0.026658710092306137,0.029421091079711914,0.032440412789583206,0.03558199480175972,0.03899920731782913,0.04293333366513252,0.047007132321596146,0.05094311386346817,0.05509194731712341,0.05939279496669769,0.06370683759450912,0.06829345971345901,0.07307340204715729,0.07763131707906723,0.08227033913135529,0.08692954480648041,0.0910940170288086,0.0970739796757698,0.10305674374103546,0.10946224629878998,0.11540086567401886,0.12229923903942108
1561,0.00014824754907749593,0.0003525933716446161,0.0006072665564715862,0.0009345025755465031,0.0013368147192522883,0.0018175756558775902,0.0023341411724686623,0.0028306194581091404,0.0034012345131486654,0.004003049805760384,0.004637882579118013,0.0053533161990344524,0.006090834736824036,0.006864419672638178,0.007766262628138065,0.008650725707411766,0.00967025849968195,0.010702311992645264,0.011820566840469837,0.012875898741185665,0.013866571709513664,0.014997334219515324,0.016158953309059143,0.01744142919778824,0.018869508057832718,0.02051086165010929,0.022249113768339157,0.024175412952899933,0.026303699240088463,0.02849619835615158,0.03076341561973095,0.03322399780154228,0.03606967628002167,0.03870616853237152,0.041626811027526855,0.04485813528299332,0.048241011798381805,0.05186886340379715,0.0559658445417881,0.06009116768836975,0.06425018608570099,0.06889644265174866,0.07419270277023315,0.07926769554615021,0.08489109575748444,0.09164482355117798,0.09988903254270554,0.10829727351665497,0.11825288087129593
1562,0.00013622948608826846,0.0003241419908590615,0.0005679402966052294,0.0008808014681562781,0.0012560286559164524,0.001694766920991242,0.002197857014834881,0.002770948689430952,0.003365715267136693,0.00399047089740634,0.004634600132703781,0.005325031001120806,0.006079059559851885,0.006871561519801617,0.007765048183500767,0.008755714632570744,0.0098412549123168,0.01103786751627922,0.012353837490081787,0.013798788189888,0.015387101098895073,0.017128953710198402,0.01888929307460785,0.020780321210622787,0.022755082696676254,0.024882644414901733,0.027324212715029716,0.029896289110183716,0.03258514031767845,0.03553379327058792,0.03859167546033859,0.041737694293260574,0.045183002948760986,0.04921451956033707,0.05320468917489052,0.057591792196035385,0.06200364977121353,0.06650646030902863,0.07106336951255798,0.07526040822267532,0.07983660697937012,0.08441720902919769,0.08915149420499802,0.09471920132637024,0.10129578411579132,0.10713760554790497,0.11333052068948746,0.12011505663394928,0.12871021032333374
1563,0.00012024941679555923,0.00030670122941955924,0.0005396075430326164,0.0008165990584529936,0.0011323110666126013,0.0015164718497544527,0.0019050783012062311,0.0023144790902733803,0.0027634098660200834,0.0032644348684698343,0.003772441763430834,0.0043444326147437096,0.004932784475386143,0.005613211542367935,0.0063399458304047585,0.007127497345209122,0.008028564043343067,0.008987335488200188,0.010053690522909164,0.011207737028598785,0.012528762221336365,0.013975256122648716,0.015525493770837784,0.01723633147776127,0.01895575225353241,0.02089545875787735,0.02308090776205063,0.025345735251903534,0.02785065397620201,0.030852310359477997,0.033960096538066864,0.037357866764068604,0.041042014956474304,0.04514153674244881,0.04943419247865677,0.053981244564056396,0.05817294493317604,0.062488339841365814,0.06676438450813293,0.07108905166387558,0.07525527477264404,0.07908939570188522,0.08192753046751022,0.08433575928211212,0.08651988208293915,0.08999885618686676,0.09369971603155136,0.09780697524547577,0.10337235778570175
1564,0.00014577356341760606,0.0003518870798870921,0.0005869845626875758,0.0008748359396122396,0.001176576828584075,0.0015616759192198515,0.001954294741153717,0.0024291747249662876,0.002965324092656374,0.0035380800254642963,0.004174059722572565,0.004925660323351622,0.0057796332985162735,0.006723558064550161,0.007719630375504494,0.0088058365508914,0.010036823339760303,0.011336379684507847,0.012834400869905949,0.014407479204237461,0.01613704115152359,0.018149856477975845,0.020259127020835876,0.022444484755396843,0.02459435723721981,0.027080656960606575,0.029658280313014984,0.03234840929508209,0.035072557628154755,0.037928033620119095,0.041071683168411255,0.04431956261396408,0.04738495126366615,0.050543397665023804,0.053778380155563354,0.0570487380027771,0.06010357290506363,0.06312896311283112,0.06660652160644531,0.07005134224891663,0.07368022948503494,0.07771562039852142,0.0817483440041542,0.08665956556797028,0.09215332567691803,0.09814940392971039,0.10431480407714844,0.11060413718223572,0.11864447593688965
1565,0.00013278033293318003,0.0003150318516418338,0.0005317525938153267,0.0008041540859267116,0.0011316367890685797,0.001526444568298757,0.0019325616303831339,0.002410066779702902,0.0029536590445786715,0.0035702036693692207,0.004240639042109251,0.005076075904071331,0.005915763322263956,0.006781982257962227,0.007806961424648762,0.009029923006892204,0.010268238373100758,0.011615879833698273,0.01312318816781044,0.014766165055334568,0.016751404851675034,0.01896221935749054,0.021433500573039055,0.024131203070282936,0.027175938710570335,0.030759569257497787,0.03464793041348457,0.03922928869724274,0.043968357145786285,0.048855844885110855,0.05412854999303818,0.05990312248468399,0.06564739346504211,0.0712602436542511,0.07670219242572784,0.08197268843650818,0.0868312418460846,0.09142094850540161,0.09574266523122787,0.09963562339544296,0.10301410406827927,0.10626016557216644,0.10922970622777939,0.11200807243585587,0.11503111571073532,0.11815306544303894,0.12197443842887878,0.1275218278169632,0.13466127216815948
1566,0.00014116860984358937,0.00034844630863517523,0.0006117309676483274,0.000953169132117182,0.0013316706754267216,0.001764872344210744,0.002223195508122444,0.0027233611326664686,0.0032634069211781025,0.0038247606717050076,0.0044287219643592834,0.0051027871668338776,0.00582886440679431,0.006580362096428871,0.007379335351288319,0.00816376693546772,0.00909457914531231,0.01012005377560854,0.01120431162416935,0.012298258021473885,0.013605368323624134,0.014947821386158466,0.01638958603143692,0.01795448362827301,0.01967061311006546,0.02149592712521553,0.023348093032836914,0.025325698778033257,0.02746465429663658,0.029676973819732666,0.03194278106093407,0.03444783389568329,0.036885667592287064,0.0394340455532074,0.04213181883096695,0.04473692923784256,0.047544240951538086,0.05053817108273506,0.05361127108335495,0.056812796741724014,0.059904105961322784,0.06313872337341309,0.06702814996242523,0.07200044393539429,0.07805200666189194,0.085306316614151,0.09416411072015762,0.10655917972326279,0.12195048481225967
1567,9.768396557774395e-05,0.00023171371140051633,0.0003900115843862295,0.0006028603529557586,0.0008603300084359944,0.0011573602678254247,0.0015144646167755127,0.0019200551323592663,0.0023686871863901615,0.0028761480934917927,0.0034488490782678127,0.004212554544210434,0.0050820764154195786,0.006037888117134571,0.007160473614931107,0.0084108030423522,0.009786762297153473,0.011229809373617172,0.012857839465141296,0.014595914632081985,0.01653936505317688,0.01849464699625969,0.02060394361615181,0.022960714995861053,0.02529330737888813,0.02785993553698063,0.03052561543881893,0.03341718018054962,0.036720797419548035,0.04072854667901993,0.04516899958252907,0.05034894123673439,0.05620625987648964,0.06297501176595688,0.07109352946281433,0.08045041561126709,0.09122761338949203,0.10325748473405838,0.11674366146326065,0.13167348504066467,0.1478598266839981,0.16521967947483063,0.18387830257415771,0.20357565581798553,0.22459876537322998,0.24635489284992218,0.2683947682380676,0.2910873293876648,0.31881505250930786
1568,0.00013211155601311475,0.00033203483326360583,0.0005776318721473217,0.0008897208608686924,0.0012580108596011996,0.0016590564046055079,0.0021482077427208424,0.0026876204647123814,0.0032860571518540382,0.003985881805419922,0.004769819788634777,0.005643214099109173,0.0066337790340185165,0.0077353473752737045,0.008925339207053185,0.010298618115484715,0.011849959380924702,0.013367002829909325,0.01505427435040474,0.016837328672409058,0.018772434443235397,0.020825471729040146,0.023114793002605438,0.02559925615787506,0.028274133801460266,0.03113771602511406,0.03443329036235809,0.037793874740600586,0.04138195887207985,0.04531931132078171,0.04967936873435974,0.054253872483968735,0.05909275263547897,0.06450656801462173,0.07044682651758194,0.07610785216093063,0.08246089518070221,0.08864521235227585,0.09529124945402145,0.10312537848949432,0.11184392869472504,0.12119244039058685,0.13173907995224,0.14268682897090912,0.15293142199516296,0.16155636310577393,0.1699087917804718,0.18157744407653809,0.19733889400959015
1569,0.00011850791634060442,0.0003040695155505091,0.000538063992280513,0.0008401669911108911,0.0011686659418046474,0.001562902587465942,0.001991227502003312,0.002436954528093338,0.0029106561560183764,0.003442247398197651,0.0040395623072981834,0.004643584601581097,0.005321266129612923,0.006046066526323557,0.006816778797656298,0.0076527344062924385,0.008611820638179779,0.009717588312923908,0.010869783349335194,0.012173784896731377,0.013643831014633179,0.015386085957288742,0.01723848655819893,0.019414585083723068,0.021989470347762108,0.024943161755800247,0.028284043073654175,0.03226876258850098,0.0370008759200573,0.04228152334690094,0.04800361394882202,0.05467347428202629,0.06187167018651962,0.06942595541477203,0.07778288424015045,0.08673611283302307,0.09579585492610931,0.10426115244626999,0.11400170624256134,0.12552215158939362,0.13693572580814362,0.1482478380203247,0.15803302824497223,0.16576609015464783,0.17329779267311096,0.179430291056633,0.18496578931808472,0.19025984406471252,0.19511926174163818
1570,0.0001448376860935241,0.00033619606983847916,0.0005765201058238745,0.0008697438752278686,0.0012052323436364532,0.0016426746733486652,0.002018245402723551,0.002482968382537365,0.0030058128759264946,0.003520500846207142,0.004029272589832544,0.004572220146656036,0.005129806697368622,0.005633973050862551,0.006147978827357292,0.006819687318056822,0.0073836976662278175,0.007981741800904274,0.008594097569584846,0.009186030365526676,0.009914526715874672,0.010655069723725319,0.011495135724544525,0.012449711561203003,0.01348539162427187,0.014681778848171234,0.01599515974521637,0.0175773948431015,0.019441042095422745,0.02153272181749344,0.02404836006462574,0.027230627834796906,0.030697137117385864,0.03475690633058548,0.03936752676963806,0.04483496770262718,0.04967861995100975,0.054671041667461395,0.06159652769565582,0.06856293976306915,0.07686842978000641,0.08549477159976959,0.09413072466850281,0.10330401360988617,0.11286789923906326,0.12206080555915833,0.13015535473823547,0.13908030092716217,0.15251964330673218
1571,8.973968215286732e-05,0.0002257111918879673,0.0004074273747391999,0.0006440612487494946,0.0009098019800148904,0.0012256561312824488,0.0015951492823660374,0.0020226086489856243,0.0024931083898991346,0.0030744720716029406,0.0037575990427285433,0.004510524682700634,0.005352853797376156,0.0063181426376104355,0.007376095280051231,0.008579659275710583,0.009920471347868443,0.011321019381284714,0.01287083886563778,0.014651942998170853,0.016566289588809013,0.018747372552752495,0.021137647330760956,0.023679431527853012,0.02650861069560051,0.02951478213071823,0.03277692198753357,0.03606525808572769,0.039514798671007156,0.04326209798455238,0.04716687649488449,0.05172601714730263,0.056589335203170776,0.06199400871992111,0.06762737035751343,0.07349494844675064,0.07963472604751587,0.08635811507701874,0.09305943548679352,0.10004189610481262,0.10740258544683456,0.11538983136415482,0.12439762055873871,0.13519708812236786,0.14776776731014252,0.163068026304245,0.18219652771949768,0.20546218752861023,0.23143531382083893
1572,0.00011862328392453492,0.00030096928821876645,0.0005308815743774176,0.0008183333557099104,0.0011146049946546555,0.0014592574443668127,0.0018227215623483062,0.0022497044410556555,0.0026691858656704426,0.003104075789451599,0.0035656788386404514,0.0040891882963478565,0.004623440094292164,0.005222363397479057,0.005823981948196888,0.006473432295024395,0.007339791394770145,0.008282256312668324,0.009371045976877213,0.01061184424906969,0.011917026713490486,0.013459006324410439,0.015218221582472324,0.017238799482584,0.019616762176156044,0.022158492356538773,0.025189628824591637,0.028434373438358307,0.03234146535396576,0.03691476956009865,0.04190836101770401,0.047599051147699356,0.05433505401015282,0.06163514032959938,0.06962570548057556,0.0783897191286087,0.08747522532939911,0.09742877632379532,0.10763475298881531,0.1182146891951561,0.12921293079853058,0.1404927372932434,0.15215283632278442,0.1647833287715912,0.17788365483283997,0.19021575152873993,0.20087340474128723,0.2108256220817566,0.2227213978767395
1573,0.00012324487033765763,0.0003130096010863781,0.0005566012114286423,0.0008913516066968441,0.0012608951656147838,0.0016893307911232114,0.0021754251793026924,0.0026872074231505394,0.003330306150019169,0.004004934336990118,0.004810844082385302,0.005686519201844931,0.006637556478381157,0.007628615014255047,0.008713253773748875,0.010014583356678486,0.011518052779138088,0.01322915218770504,0.015108661726117134,0.017114311456680298,0.018995191901922226,0.02109939604997635,0.02327580749988556,0.02561279945075512,0.02823583409190178,0.03085595928132534,0.03382156789302826,0.0371384397149086,0.040186960250139236,0.043496184051036835,0.04716113209724426,0.05083926022052765,0.05515351891517639,0.05995238572359085,0.06523824483156204,0.07041682302951813,0.07612263411283493,0.0820590928196907,0.0896749496459961,0.09830030798912048,0.10725700855255127,0.1160479485988617,0.12524746358394623,0.13438785076141357,0.14506013691425323,0.15683633089065552,0.16796022653579712,0.1800159364938736,0.19138067960739136
1574,0.0001296547707170248,0.0003209329443052411,0.0005432755569927394,0.0008267888333648443,0.001157216727733612,0.0015459014102816582,0.0019461603369563818,0.0023797424510121346,0.002878824481740594,0.003441779175773263,0.003993169870227575,0.004620406776666641,0.005371028557419777,0.006181097589433193,0.007113717496395111,0.008115272037684917,0.009225715883076191,0.010551819577813148,0.012095838785171509,0.013767910189926624,0.015663351863622665,0.017832521349191666,0.020217344164848328,0.022821852937340736,0.025646638125181198,0.028692195191979408,0.031706441193819046,0.03504357486963272,0.03868037462234497,0.042763613164424896,0.04707271605730057,0.051739443093538284,0.05687566101551056,0.06237083673477173,0.06819601356983185,0.07435111701488495,0.08026181161403656,0.08635909855365753,0.0928167849779129,0.10023365914821625,0.10908747464418411,0.1183684915304184,0.12826544046401978,0.13801613450050354,0.1475079357624054,0.1557753086090088,0.16255880892276764,0.16854962706565857,0.17745041847229004
1575,0.0001648251200094819,0.00041008612606674433,0.000719185802154243,0.0010900432243943214,0.0015406981110572815,0.002079273108392954,0.0026887808926403522,0.0033413683995604515,0.004117147531360388,0.00495902169495821,0.0059662191197276115,0.006993929855525494,0.008183067664504051,0.009535900317132473,0.01095474325120449,0.012599527835845947,0.014227047562599182,0.016070572659373283,0.01810934767127037,0.02005261555314064,0.02214985527098179,0.024182356894016266,0.026284366846084595,0.028678620234131813,0.03131874278187752,0.034055862575769424,0.03667210787534714,0.03973992168903351,0.04285011067986488,0.04637289419770241,0.050243694335222244,0.05447659268975258,0.059065017849206924,0.06441740691661835,0.07009011507034302,0.07581866532564163,0.0818745493888855,0.08826801925897598,0.09410446882247925,0.10024643689393997,0.10573618859052658,0.11214376986026764,0.11867814511060715,0.12532038986682892,0.1314215511083603,0.13642460107803345,0.14157921075820923,0.1460552215576172,0.15278032422065735
1576,0.00010740314610302448,0.00025441349134780467,0.00043386040488258004,0.0006580197950825095,0.0009129816316999495,0.0012041347799822688,0.0015278065111488104,0.0018772983457893133,0.002240042435005307,0.002626414643600583,0.0030794236809015274,0.003545169485732913,0.004064570181071758,0.004623078741133213,0.005248625762760639,0.005892603192478418,0.006669865921139717,0.007503699976950884,0.008388620801270008,0.009476003237068653,0.010547266341745853,0.011773667298257351,0.013099503703415394,0.014595495536923409,0.016214046627283096,0.018130600452423096,0.020278925076127052,0.022473979741334915,0.02491512894630432,0.02776234596967697,0.030609283596277237,0.03390168398618698,0.03719452768564224,0.04046062380075455,0.04370950534939766,0.04688521474599838,0.05004894360899925,0.053514692932367325,0.05720037966966629,0.060880452394485474,0.06457781046628952,0.06830363720655441,0.07171730697154999,0.07549348473548889,0.0791582390666008,0.08326658606529236,0.0875721126794815,0.09174302220344543,0.09521225094795227
1577,0.0001392314297845587,0.000335162621922791,0.0006214602617546916,0.0009911403758451343,0.0014943791320547462,0.002094449009746313,0.002887420356273651,0.0037092287093400955,0.004635858815163374,0.005700536537915468,0.0069506228901445866,0.008354270830750465,0.009799023158848286,0.011383585631847382,0.01301141269505024,0.014699764549732208,0.016564931720495224,0.018386036157608032,0.02025832049548626,0.022206874564290047,0.024568118155002594,0.026782583445310593,0.029189668595790863,0.031780000776052475,0.03438282757997513,0.03712622448801994,0.03998519852757454,0.043085597455501556,0.0466555617749691,0.050121501088142395,0.053888991475105286,0.05804289132356644,0.06236501783132553,0.06702909618616104,0.0717838853597641,0.0765497162938118,0.08141864836215973,0.08662065863609314,0.0917772725224495,0.09751397371292114,0.10336857289075851,0.10916402190923691,0.11507865786552429,0.12152035534381866,0.12853533029556274,0.135970801115036,0.14341028034687042,0.15152056515216827,0.16156814992427826
1578,0.00013377817231230438,0.00033285177778452635,0.0005863513797521591,0.000907337642274797,0.0012801273260265589,0.0017568302573636174,0.00226584542542696,0.002795502543449402,0.003445227164775133,0.004169960971921682,0.00492835883051157,0.0058438777923583984,0.006804102100431919,0.00789912510663271,0.009093252010643482,0.010405668057501316,0.01182159036397934,0.013479147106409073,0.015435941517353058,0.017624326050281525,0.020026234909892082,0.022662760689854622,0.02577570453286171,0.029141683131456375,0.033080071210861206,0.03750287741422653,0.04222739487886429,0.04735482484102249,0.052617959678173065,0.05837841331958771,0.06428980082273483,0.07046055793762207,0.07729096710681915,0.08444038033485413,0.09176972508430481,0.09957131743431091,0.1071740984916687,0.11517219245433807,0.12323510646820068,0.13169844448566437,0.14117532968521118,0.1521224081516266,0.16246670484542847,0.17398354411125183,0.18549245595932007,0.19680330157279968,0.20843403041362762,0.22021794319152832,0.23414592444896698
1579,0.00014591601211577654,0.00039635150460526347,0.000740254414267838,0.0011870627058669925,0.0017540563130751252,0.00245199934579432,0.0032259472645819187,0.004066765308380127,0.005027639679610729,0.006088605150580406,0.007318978197872639,0.00858250167220831,0.009868537075817585,0.011272624135017395,0.012795896269381046,0.014360658824443817,0.01608961820602417,0.01806648261845112,0.020243490114808083,0.022739600390195847,0.025527892634272575,0.028616685420274734,0.031881045550107956,0.035305432975292206,0.03902976214885712,0.04304421693086624,0.04740113392472267,0.05169839784502983,0.055835481733083725,0.06006120890378952,0.06442245095968246,0.06890711933374405,0.07347404956817627,0.0783357247710228,0.08314575999975204,0.08793546259403229,0.09283056110143661,0.09800651669502258,0.10370917618274689,0.10987395793199539,0.11690371483564377,0.12490211427211761,0.13394010066986084,0.14242370426654816,0.15249578654766083,0.1621706485748291,0.1717604398727417,0.17977285385131836,0.19121110439300537
1580,0.0001363192859571427,0.0003281565732322633,0.0005764946108683944,0.0008811589796096087,0.0012109095696359873,0.0015869354829192162,0.002003357745707035,0.0024634848814457655,0.0029833652079105377,0.003513169474899769,0.004074126482009888,0.004682803992182016,0.0053371405228972435,0.00598485441878438,0.006649996619671583,0.007402017712593079,0.008273907005786896,0.00915201660245657,0.010073021985590458,0.011050178669393063,0.012142078951001167,0.013401433825492859,0.014659387990832329,0.0159936361014843,0.01749708689749241,0.01912742666900158,0.020862020552158356,0.022756142541766167,0.024805016815662384,0.027271732687950134,0.03014342114329338,0.03345221281051636,0.03734724596142769,0.041853051632642746,0.04702252894639969,0.053075022995471954,0.059769853949546814,0.06725411862134933,0.07565457373857498,0.08559788763523102,0.09584725648164749,0.10663130134344101,0.11785025149583817,0.12928849458694458,0.1395917534828186,0.1480940580368042,0.15464092791080475,0.16091778874397278,0.17684373259544373
1581,0.00015333488408941776,0.00040754908695816994,0.0007469125557690859,0.001188616268336773,0.0016997053753584623,0.002286248840391636,0.00288577051833272,0.00351070798933506,0.004248178564012051,0.005006592720746994,0.005822469014674425,0.00672524468973279,0.007595473900437355,0.008574205450713634,0.009640088304877281,0.010699143633246422,0.011764563620090485,0.012898414395749569,0.014221152290701866,0.015637535601854324,0.017107589170336723,0.018866823986172676,0.02074706181883812,0.022770807147026062,0.02515823021531105,0.02764163166284561,0.030399056151509285,0.03342305123806,0.036797910928726196,0.04070603847503662,0.04532570391893387,0.05057693272829056,0.05654100328683853,0.06359351426362991,0.07178080081939697,0.08123869448900223,0.09184803813695908,0.10321061313152313,0.11553685367107391,0.12867358326911926,0.141607865691185,0.15435123443603516,0.16864368319511414,0.18457269668579102,0.20147892832756042,0.21823552250862122,0.2322196215391159,0.24575284123420715,0.26138055324554443
1582,0.00012194382725283504,0.0003043542383238673,0.0005503097781911492,0.0008544966694898903,0.0011836406774818897,0.0015703062526881695,0.001987451920285821,0.002440262585878372,0.0029387467075139284,0.003506978042423725,0.004018832463771105,0.00460734823718667,0.005277301650494337,0.005943771451711655,0.006659180391579866,0.007436710875481367,0.008324125781655312,0.00927622988820076,0.010305359028279781,0.011458531022071838,0.012776341289281845,0.014272351749241352,0.016012363135814667,0.017828771844506264,0.01986834779381752,0.022179091349244118,0.024641424417495728,0.027495551854372025,0.03059029020369053,0.03410831838846207,0.037970323115587234,0.04203708469867706,0.04640037566423416,0.05120519548654556,0.0565110445022583,0.06215754151344299,0.06805935502052307,0.07373112440109253,0.07897719740867615,0.08409123867750168,0.08921130746603012,0.09374356269836426,0.09761281311511993,0.10154572129249573,0.10538466274738312,0.10948242992162704,0.11299514770507812,0.1165303960442543,0.12111503630876541
1583,0.00013288420450408012,0.0003134105645585805,0.0005467685405164957,0.0008331730496138334,0.00116896559484303,0.0015291229356080294,0.0019232025370001793,0.002336351200938225,0.002797480672597885,0.003316815011203289,0.003827451728284359,0.004416488576680422,0.005094067193567753,0.005770040675997734,0.006521300878375769,0.007313957437872887,0.008138605393469334,0.009037965908646584,0.010040299035608768,0.011114452034235,0.012283973395824432,0.013586345128715038,0.015009772032499313,0.01650712825357914,0.01809454709291458,0.019961301237344742,0.022198595106601715,0.024599114432930946,0.027109600603580475,0.02968764677643776,0.032547637820243835,0.0357683002948761,0.03914383426308632,0.04281292110681534,0.046691205352544785,0.050953831523656845,0.05542531609535217,0.060308147221803665,0.06524401903152466,0.07062757760286331,0.07676391303539276,0.08294035494327545,0.0888764038681984,0.09477954357862473,0.09999445825815201,0.10572877526283264,0.11164389550685883,0.11773711442947388,0.12417207658290863
1584,0.0001232974318554625,0.00030590168898925185,0.0005115499370731413,0.0007821872713975608,0.0010707373730838299,0.0014097122475504875,0.0017864613328129053,0.0021088882349431515,0.0024651926942169666,0.0028617270290851593,0.0032732184045016766,0.00366795901209116,0.004104493651539087,0.004538172855973244,0.004993954673409462,0.005471216049045324,0.005974593572318554,0.0065108416602015495,0.007111781742423773,0.007708508986979723,0.00838552787899971,0.009080951102077961,0.009832861833274364,0.010713402181863785,0.011596918106079102,0.012728231959044933,0.013941707089543343,0.015171168372035027,0.016560789197683334,0.018162623047828674,0.019925866276025772,0.021985046565532684,0.024301869794726372,0.026889877393841743,0.02980676479637623,0.03341172635555267,0.03756849840283394,0.04226095229387283,0.048057518899440765,0.05472443997859955,0.062198884785175323,0.0706474632024765,0.0800415575504303,0.08992155641317368,0.09898238629102707,0.10689020901918411,0.11338596045970917,0.12072195112705231,0.1287338137626648
1585,0.00014115819067228585,0.00032197567634284496,0.0005485801957547665,0.0008167066262103617,0.0011233080876991153,0.001468671951442957,0.001852508052252233,0.0022514876909554005,0.0026979423128068447,0.003198951715603471,0.003703705035150051,0.004300099331885576,0.004912383854389191,0.0056106410920619965,0.006322846282273531,0.0071191443130373955,0.008016567677259445,0.00903669185936451,0.010115665383636951,0.011388055048882961,0.01284109242260456,0.01445856411010027,0.01622239127755165,0.018259339034557343,0.020347893238067627,0.022807719185948372,0.025732429698109627,0.02867462858557701,0.03183745965361595,0.03544527292251587,0.03926882892847061,0.04354524984955788,0.04807822406291962,0.05288007855415344,0.058026425540447235,0.0635039210319519,0.06934381276369095,0.07569891214370728,0.08169898390769958,0.08766524493694305,0.09373509138822556,0.0995422825217247,0.10482831299304962,0.11045181751251221,0.11556185036897659,0.12090372294187546,0.12628310918807983,0.132298544049263,0.1379358172416687
1586,0.0001349403173662722,0.0003840107819996774,0.0007536041084676981,0.0012494234833866358,0.0018457267433404922,0.0025472501292824745,0.003370520658791065,0.004312912933528423,0.0053788297809660435,0.006547231692820787,0.007802282925695181,0.009182045236229897,0.010680100880563259,0.012301911599934101,0.014202823862433434,0.016289813444018364,0.018485145643353462,0.020813101902604103,0.023255912587046623,0.025866299867630005,0.02866174280643463,0.03170369192957878,0.03489159420132637,0.038109153509140015,0.04183877632021904,0.04594312980771065,0.05052614584565163,0.05550629645586014,0.06117098033428192,0.067836694419384,0.07527995109558105,0.08376742154359818,0.09357590973377228,0.10438700765371323,0.11666502058506012,0.13026940822601318,0.14495854079723358,0.1603408008813858,0.1763666868209839,0.19260287284851074,0.2093091607093811,0.22505709528923035,0.23898907005786896,0.25309038162231445,0.26625046133995056,0.2783852517604828,0.29076623916625977,0.3019266724586487,0.31637677550315857
1587,0.00016017335292417556,0.000418802083004266,0.0007138068904168904,0.001116856117732823,0.0015979575691744685,0.002113657770678401,0.0027611965779215097,0.0034972629509866238,0.004288286902010441,0.005209495313465595,0.006330749951303005,0.007591377943754196,0.009061533957719803,0.010882103815674782,0.013017414137721062,0.015208061784505844,0.01756722666323185,0.019914008677005768,0.02249402366578579,0.025160327553749084,0.02807769551873207,0.03126861900091171,0.03442348167300224,0.037593621760606766,0.041013795882463455,0.044708654284477234,0.048723239451646805,0.05287203565239906,0.056958261877298355,0.06105559691786766,0.06521552056074142,0.07002972066402435,0.07492079585790634,0.08035365492105484,0.08560235798358917,0.09148351103067398,0.09747614711523056,0.1036456972360611,0.11110260337591171,0.119349904358387,0.12858031690120697,0.1386355757713318,0.14963079988956451,0.1618792861700058,0.17356199026107788,0.1850264072418213,0.19735443592071533,0.20796753466129303,0.22080370783805847
1588,0.00014127956819720566,0.0003623119555413723,0.0006159391487017274,0.0009533235570415854,0.001337264315225184,0.001841651275753975,0.0024081598967313766,0.0030329404398798943,0.003790708491578698,0.0046104262582957745,0.005562746897339821,0.006689335219562054,0.007947107776999474,0.009282059967517853,0.0107867531478405,0.012525340542197227,0.014469277113676071,0.01660737209022045,0.01890837401151657,0.021614903584122658,0.024423927068710327,0.027319053187966347,0.03053666651248932,0.033768679946660995,0.03723647817969322,0.04108995571732521,0.045070018619298935,0.04912492632865906,0.053268998861312866,0.05763526260852814,0.0624689906835556,0.06717631965875626,0.07206734269857407,0.0771169513463974,0.08218163996934891,0.08712247014045715,0.09189805388450623,0.0966070368885994,0.10133638978004456,0.10640519112348557,0.11150693893432617,0.11663927882909775,0.12218084931373596,0.12885606288909912,0.13555556535720825,0.14299272000789642,0.15075725317001343,0.16011051833629608,0.17261852324008942
1589,0.00011883048864547163,0.00028909798129461706,0.0005237914156168699,0.0007929697167128325,0.001106595853343606,0.0014503317652270198,0.0018571583786979318,0.002261893358081579,0.0026881881058216095,0.003139644395560026,0.0036245849914848804,0.0041060312651097775,0.0046407380141317844,0.005193100310862064,0.005803177133202553,0.006414755247533321,0.007095442619174719,0.007783398497849703,0.00851779617369175,0.009276062250137329,0.010161330923438072,0.011077718809247017,0.012054862454533577,0.013135148212313652,0.01446908712387085,0.015793658792972565,0.01733698695898056,0.01885882578790188,0.020706279203295708,0.022678129374980927,0.02462114952504635,0.026775378733873367,0.02891051024198532,0.03142961859703064,0.034136105328798294,0.03698677942156792,0.039570629596710205,0.04215948283672333,0.045034464448690414,0.0477520227432251,0.050890687853097916,0.05419886112213135,0.05745221674442291,0.06102541834115982,0.06477983295917511,0.06849426031112671,0.0718693658709526,0.07511579990386963,0.07935968041419983
1590,0.0001458124752389267,0.00035652643418870866,0.0006055984413251281,0.000950617017224431,0.0013288941700011492,0.001787705929018557,0.002313305390998721,0.002927471650764346,0.003631873521953821,0.004501611925661564,0.005487586371600628,0.006601376924663782,0.007825715467333794,0.009154995903372765,0.010511264204978943,0.012011049315333366,0.013948938809335232,0.015807174146175385,0.01762082800269127,0.019669020548462868,0.021872244775295258,0.024361860007047653,0.026894934475421906,0.029413172975182533,0.03217226639389992,0.03517111390829086,0.03824126720428467,0.04152974113821983,0.04481858015060425,0.048220109194517136,0.05165128409862518,0.05546729639172554,0.05977247282862663,0.06432369351387024,0.06913259625434875,0.07399189472198486,0.0794326439499855,0.08482639491558075,0.09045393019914627,0.09573809057474136,0.10049844533205032,0.10452335327863693,0.108457550406456,0.11199862509965897,0.11516567319631577,0.11871340870857239,0.12312528491020203,0.12799081206321716,0.1333715319633484
1591,0.00013186727301217616,0.0003228000132367015,0.0005748770199716091,0.0008696879376657307,0.001184759195894003,0.0015525175258517265,0.0019442586926743388,0.0023713938426226377,0.002827159594744444,0.0032978816889226437,0.0037779519334435463,0.004320034757256508,0.004887653049081564,0.005462636239826679,0.0060282982885837555,0.006662880070507526,0.00728681730106473,0.007959585636854172,0.008625511080026627,0.009359637275338173,0.010191509500145912,0.011027048341929913,0.011887213215231895,0.012806597165763378,0.013772735372185707,0.014845355413854122,0.01601386070251465,0.01721346005797386,0.01838759146630764,0.019771158695220947,0.021355800330638885,0.02289981208741665,0.024746514856815338,0.026701852679252625,0.028973523527383804,0.031545814126729965,0.03417709469795227,0.03718383610248566,0.04068012908101082,0.04441843181848526,0.04798135533928871,0.05201654136180878,0.05626861751079559,0.06066916137933731,0.06496775895357132,0.06899343430995941,0.0733080580830574,0.07939469069242477,0.08921194076538086
1592,0.00012949736264999956,0.0003374236111994833,0.0006060682353563607,0.0009799463441595435,0.0014234862755984068,0.001935735810548067,0.0024866743478924036,0.003107046242803335,0.0038087645079940557,0.0045746625401079655,0.005425496958196163,0.006438481621444225,0.00752525869756937,0.008764337748289108,0.010196012444794178,0.01189083606004715,0.013789260759949684,0.015778418630361557,0.01786639168858528,0.020145270973443985,0.022499479353427887,0.024881845340132713,0.027426261454820633,0.03008648008108139,0.032898299396038055,0.03591933473944664,0.03920735418796539,0.04253370314836502,0.04596860706806183,0.04945429787039757,0.053335342556238174,0.057211048901081085,0.06096910685300827,0.0646807923913002,0.0684553012251854,0.07264017313718796,0.0772959440946579,0.08243637531995773,0.08795502781867981,0.09458886086940765,0.10270514339208603,0.11288698017597198,0.12429118901491165,0.1376771628856659,0.15314984321594238,0.16912120580673218,0.1856032907962799,0.20217573642730713,0.21681301295757294
1593,0.00013985933037474751,0.0003318042727187276,0.000587238697335124,0.0009274453041143715,0.001337402150966227,0.001847508829087019,0.0023830034770071507,0.003017920535057783,0.003720230422914028,0.004443940240889788,0.005248125642538071,0.006137497257441282,0.007091831415891647,0.008058936335146427,0.009042119607329369,0.010160351172089577,0.01140680443495512,0.012737303040921688,0.01410386897623539,0.015659043565392494,0.01718737930059433,0.01901041530072689,0.02087213285267353,0.02282925881445408,0.025022942572832108,0.027285076677799225,0.029776811599731445,0.032129235565662384,0.03467097133398056,0.0373147688806057,0.03990913927555084,0.042925573885440826,0.04580215737223625,0.04889776557683945,0.05188515782356262,0.05511702224612236,0.058191947638988495,0.061422303318977356,0.0648556798696518,0.06869111955165863,0.07258060574531555,0.0768645703792572,0.08122529089450836,0.08524075895547867,0.08973497897386551,0.09404490888118744,0.09809516370296478,0.10208307951688766,0.10768885910511017
1594,0.0001290441578021273,0.00033202237682417035,0.0005739258485846221,0.0008992976509034634,0.0012600143672898412,0.0016780855366960168,0.0021718800999224186,0.0026968203019350767,0.003257802687585354,0.0038871068973094225,0.004530715756118298,0.0052298279479146,0.005927066318690777,0.006624763831496239,0.007353398483246565,0.008106565102934837,0.008916910737752914,0.00966265145689249,0.010428456589579582,0.01122593879699707,0.012000484392046928,0.012961873784661293,0.013894989155232906,0.014839963056147099,0.015844715759158134,0.017008310183882713,0.01830407977104187,0.019598010927438736,0.021035924553871155,0.02251497097313404,0.02425222471356392,0.026235168799757957,0.02831593155860901,0.03072251006960869,0.033485159277915955,0.03676464408636093,0.04085332900285721,0.04581335186958313,0.05173651874065399,0.05903343856334686,0.06816056370735168,0.07962730526924133,0.09341533482074738,0.10947036743164062,0.12477735430002213,0.13846838474273682,0.14990246295928955,0.16091281175613403,0.17433372139930725
1595,0.00013471893907990307,0.0003491695097181946,0.0006340788677334785,0.0010062134824693203,0.0014172142837196589,0.0019052987918257713,0.002430482767522335,0.003059112699702382,0.003686367766931653,0.004414728377014399,0.00518526928499341,0.005953534971922636,0.0068184444680809975,0.007742574438452721,0.00879519060254097,0.010022285394370556,0.011339636519551277,0.012807630933821201,0.014457234181463718,0.01614636369049549,0.01797156035900116,0.02005293034017086,0.022275034338235855,0.024696748703718185,0.02740655653178692,0.03028549812734127,0.0333913154900074,0.03650878369808197,0.0398874506354332,0.04321322962641716,0.04688461497426033,0.051572613418102264,0.056513283401727676,0.06226511299610138,0.06839165836572647,0.07526883482933044,0.08257117867469788,0.09102074801921844,0.10033288598060608,0.10981324315071106,0.11990439891815186,0.13018471002578735,0.14156818389892578,0.1534462422132492,0.16614848375320435,0.18046817183494568,0.19521436095237732,0.2097117304801941,0.22588638961315155
1596,0.00015227842959575355,0.00042049254989251494,0.0008031860925257206,0.0012999923201277852,0.001889785984531045,0.002630219329148531,0.0034895800054073334,0.00443158857524395,0.005496418569236994,0.006675015669316053,0.008019656874239445,0.009452922269701958,0.0108186649158597,0.012312191538512707,0.013816267251968384,0.015554027631878853,0.01739381067454815,0.019438471645116806,0.02144561894237995,0.023390648886561394,0.025428639724850655,0.02743520215153694,0.029774479568004608,0.03210929036140442,0.034862175583839417,0.03770040348172188,0.040792085230350494,0.04403246194124222,0.047538433223962784,0.051223721355199814,0.05514045059680939,0.05905282869935036,0.06364336609840393,0.0687900111079216,0.07414588332176208,0.07991141825914383,0.08591773360967636,0.09241506457328796,0.09884433448314667,0.1046450287103653,0.11057053506374359,0.11618154495954514,0.12133024632930756,0.12654532492160797,0.13099634647369385,0.13539761304855347,0.13944172859191895,0.1439802646636963,0.15055830776691437
1597,0.00013132748426869512,0.0003201523213647306,0.00056025868980214,0.000875934783834964,0.0012347432784736156,0.0016595544293522835,0.002143513411283493,0.0026778224855661392,0.0032703159376978874,0.0039383843541145325,0.004628738854080439,0.005410655401647091,0.006286954041570425,0.0071728769689798355,0.008192973211407661,0.009308593347668648,0.010474920272827148,0.011810323223471642,0.013223006390035152,0.014788124710321426,0.016550980508327484,0.018550291657447815,0.020794499665498734,0.023261783644557,0.025797167792916298,0.02841704711318016,0.031204253435134888,0.034107133746147156,0.03707072138786316,0.040203846991062164,0.043489210307598114,0.046812504529953,0.05007774382829666,0.053565386682748795,0.05700572580099106,0.06027526035904884,0.06359878182411194,0.06679088622331619,0.07018105685710907,0.0733754113316536,0.0764925479888916,0.07956736534833908,0.08281952142715454,0.08641308546066284,0.09002979844808578,0.09418254345655441,0.09848101437091827,0.1035667210817337,0.1103305071592331
1598,0.00011628349602688104,0.0002822898095473647,0.000500531867146492,0.0007469325792044401,0.0010713886003941298,0.0014143763110041618,0.0018269247375428677,0.0022511722054332495,0.0027490342035889626,0.0031949214171618223,0.003682988928630948,0.004208240192383528,0.004790690261870623,0.005332747474312782,0.005949772894382477,0.006552450358867645,0.007236117497086525,0.007982604205608368,0.008818439207971096,0.009640051983296871,0.01061418280005455,0.011786885559558868,0.013151772320270538,0.01461821235716343,0.016429778188467026,0.018675390630960464,0.021213360130786896,0.024041011929512024,0.027460642158985138,0.03125031292438507,0.03537184000015259,0.04004542529582977,0.04523151367902756,0.05033520236611366,0.055214859545230865,0.06044642627239227,0.06596676260232925,0.0718739703297615,0.07803382724523544,0.08403035998344421,0.09039263427257538,0.09686648845672607,0.10389196872711182,0.11165568232536316,0.1197037324309349,0.12762098014354706,0.13502104580402374,0.14191851019859314,0.1488201916217804
1599,0.00014773113070987165,0.0003785975859500468,0.0006434685783460736,0.0009903281461447477,0.0014146327739581466,0.0018716828199103475,0.0024131338577717543,0.002982525387778878,0.0036232024431228638,0.004302389919757843,0.005034886300563812,0.005810831673443317,0.006657382473349571,0.007608397398144007,0.00861306395381689,0.009730787947773933,0.011057703755795956,0.0123192323371768,0.013718387112021446,0.01528538390994072,0.016996927559375763,0.018941804766654968,0.02091434970498085,0.02312033623456955,0.025548234581947327,0.028142908588051796,0.031014084815979004,0.03416736423969269,0.03722832351922989,0.04055580496788025,0.04424821957945824,0.04822402447462082,0.052292775362730026,0.0566973052918911,0.061320170760154724,0.06625407189130783,0.07171636074781418,0.07701446861028671,0.08250837028026581,0.08792321383953094,0.0929512307047844,0.09832728654146194,0.10353915393352509,0.108791783452034,0.1137152686715126,0.11817047744989395,0.12202227115631104,0.12738828361034393,0.135244682431221
1600,0.00011457820801297203,0.0002745516540016979,0.00045820482773706317,0.0006988310487940907,0.000962191610597074,0.001273212837986648,0.001612066407687962,0.001988766249269247,0.0024130037054419518,0.00289224018342793,0.0033949771896004677,0.003957979381084442,0.004583543166518211,0.005197914782911539,0.005856386385858059,0.006686042994260788,0.007525837980210781,0.008462503552436829,0.009439760819077492,0.010495602153241634,0.01163521222770214,0.012779463082551956,0.01411040686070919,0.015415040776133537,0.01683223620057106,0.018456580117344856,0.020314300432801247,0.02233744040131569,0.024652734398841858,0.02724531479179859,0.03043769672513008,0.034215182065963745,0.03856077790260315,0.04342520609498024,0.04921654984354973,0.055704038590192795,0.06297347694635391,0.07114940881729126,0.07954047620296478,0.08774171769618988,0.09512775391340256,0.10203444212675095,0.10858482867479324,0.11452138423919678,0.12007132917642593,0.12561994791030884,0.13137109577655792,0.1364748775959015,0.14075879752635956
1601,0.00017016188940033317,0.0003988454700447619,0.0006762435659766197,0.0010426075896248221,0.0014713486889377236,0.0019042298663407564,0.0024235593155026436,0.002970668487250805,0.003583998419344425,0.004199059680104256,0.004895488265901804,0.005625593475997448,0.006382590625435114,0.007292470429092646,0.008136608637869358,0.008970919996500015,0.009834355674684048,0.010823031887412071,0.011903916485607624,0.013080908916890621,0.014320180751383305,0.015759654343128204,0.017310289666056633,0.019243484362959862,0.02122955024242401,0.02339434064924717,0.025550775229930878,0.02825353667140007,0.030998816713690758,0.03395722433924675,0.03709147125482559,0.040065035223960876,0.04323671758174896,0.046565473079681396,0.04959404841065407,0.052595775574445724,0.05549835413694382,0.05883913114666939,0.062177013605833054,0.06611854583024979,0.0707072764635086,0.07627134025096893,0.08147500455379486,0.08745516836643219,0.09305167943239212,0.09823831915855408,0.1026250422000885,0.10580505430698395,0.1113312691450119
1602,0.00013704097364097834,0.0003082119219470769,0.0005425337003543973,0.0008196127600967884,0.0011532609350979328,0.0015078869182616472,0.001888008788228035,0.00228748912923038,0.002756452653557062,0.0032301307655870914,0.0037191465962678194,0.004250288940966129,0.0048228101804852486,0.00548544293269515,0.006200101226568222,0.006996591575443745,0.007783480919897556,0.008686673827469349,0.00967161450535059,0.010722564533352852,0.012017413042485714,0.013391369953751564,0.014921046793460846,0.016455739736557007,0.0181485116481781,0.019833343103528023,0.02189905196428299,0.02414543367922306,0.02650996297597885,0.028842603787779808,0.031147222965955734,0.03339487314224243,0.03587133437395096,0.038315609097480774,0.0406145378947258,0.043033599853515625,0.04553529992699623,0.0481894351541996,0.051015861332416534,0.05398721620440483,0.057001207023859024,0.06019183248281479,0.06387680023908615,0.0682799369096756,0.07266654819250107,0.07762127369642258,0.08251261711120605,0.08797544240951538,0.09492997080087662
1603,0.00014410661242436618,0.00036154076224192977,0.0006286540301516652,0.0009611257119104266,0.0013631003675982356,0.0018668214324861765,0.0024582170881330967,0.0030515422113239765,0.0037103588692843914,0.004430025815963745,0.005218487232923508,0.0061163026839494705,0.007125492207705975,0.008241689763963223,0.009488443844020367,0.011000460013747215,0.012691294774413109,0.014590200036764145,0.016717921942472458,0.018887056037783623,0.02102026715874672,0.023269521072506905,0.02580231986939907,0.02844809740781784,0.03140580281615257,0.034568771719932556,0.03766077756881714,0.04080764576792717,0.04431020841002464,0.04798121377825737,0.051645323634147644,0.055403344333171844,0.05917578935623169,0.06296642124652863,0.06708700209856033,0.0716763585805893,0.07640218734741211,0.08141190558671951,0.08673077821731567,0.09255028516054153,0.0986606627702713,0.10505634546279907,0.11192239820957184,0.11943959444761276,0.12709355354309082,0.13563703000545502,0.14430463314056396,0.15344659984111786,0.16296471655368805
1604,0.00012902540038339794,0.00032445587567053735,0.0005749378469772637,0.0008877608925104141,0.0012743666302412748,0.0017348347464576364,0.002231364604085684,0.0027928436174988747,0.0034021269530057907,0.00403309240937233,0.004693224094808102,0.005425853654742241,0.00626278854906559,0.00713036535307765,0.007987156510353088,0.00895085372030735,0.009899390861392021,0.011004273779690266,0.012184951454401016,0.013472337275743484,0.014967916533350945,0.01660703495144844,0.018491407856345177,0.02041415497660637,0.022728459909558296,0.02503604255616665,0.02746923267841339,0.03010166436433792,0.03282177448272705,0.03580998256802559,0.03885447606444359,0.04214295744895935,0.04534120857715607,0.04844750463962555,0.051792044192552567,0.05569016933441162,0.059755951166152954,0.0643843337893486,0.06913809478282928,0.07408813387155533,0.07956182211637497,0.08481823652982712,0.09043847024440765,0.09685034304857254,0.10389841347932816,0.1105838268995285,0.11726215481758118,0.12469367682933807,0.13494767248630524
1605,0.0001440562045900151,0.0003553502610884607,0.0006269899313338101,0.0009727327851578593,0.0013902406208217144,0.0018445445457473397,0.002349107526242733,0.0029401390347629786,0.0035915630869567394,0.004238327033817768,0.004886303097009659,0.005641626194119453,0.006458314135670662,0.007315609138458967,0.00814187154173851,0.00898500345647335,0.00997624360024929,0.011063668876886368,0.012194031849503517,0.013401291333138943,0.014715176075696945,0.01619769260287285,0.01784394308924675,0.01985512115061283,0.022047076374292374,0.024266431108117104,0.02674945816397667,0.029349524527788162,0.03246164694428444,0.03571062535047531,0.03914613276720047,0.04300159588456154,0.04728546366095543,0.051358096301555634,0.05561297386884689,0.0602092519402504,0.06535270810127258,0.07042878121137619,0.07586224377155304,0.08195418119430542,0.08798268437385559,0.09424509108066559,0.10095223039388657,0.10650601983070374,0.11133181303739548,0.11471286416053772,0.11638058722019196,0.11747664213180542,0.1214148998260498
1606,0.00012612203136086464,0.000298216356895864,0.0005303552024997771,0.0007956326589919627,0.0011033343616873026,0.0014618588611483574,0.0018151989206671715,0.002208140678703785,0.002601617481559515,0.003043960314244032,0.0035305980127304792,0.004024391062557697,0.004562688060104847,0.005111183971166611,0.005712189245969057,0.006377117708325386,0.007195492275059223,0.007901739329099655,0.008805425837635994,0.009654228575527668,0.010619819164276123,0.01165694184601307,0.0128144770860672,0.014077998697757721,0.015514735132455826,0.017101647332310677,0.01889483816921711,0.020611688494682312,0.022320160642266273,0.024334561079740524,0.02665029466152191,0.029129697009921074,0.031603340059518814,0.034553494304418564,0.03760096803307533,0.040798120200634,0.0440254881978035,0.04783283919095993,0.05172497034072876,0.055970922112464905,0.06005910411477089,0.06470729410648346,0.07010938227176666,0.07627281546592712,0.08315527439117432,0.09171821177005768,0.10174013674259186,0.11343156546354294,0.12723810970783234
1607,0.00013505795504897833,0.00033244266523979604,0.0006141260964795947,0.0009603616199456155,0.0013803201727569103,0.0018460009014233947,0.002314412035048008,0.002875041216611862,0.003444323781877756,0.004036892671138048,0.004641543608158827,0.005286445841193199,0.005973321385681629,0.006716208532452583,0.00749741168692708,0.00839011836796999,0.00941065140068531,0.010438697412610054,0.011695213615894318,0.01300061121582985,0.014516746625304222,0.01623232290148735,0.018136467784643173,0.020304929465055466,0.02265993319451809,0.025453761219978333,0.028678812086582184,0.032308779656887054,0.03642883524298668,0.04132260009646416,0.046315230429172516,0.051673922687768936,0.05718817189335823,0.06294567883014679,0.06917355209589005,0.0756576806306839,0.08228888362646103,0.08884532749652863,0.09498195350170135,0.10105129331350327,0.10729153454303741,0.11442866921424866,0.12241799384355545,0.13157919049263,0.14141565561294556,0.15201568603515625,0.16209758818149567,0.17172886431217194,0.18226315081119537
1608,0.0001487260451540351,0.00036793010076507926,0.0006473508547060192,0.000984057318419218,0.0014327026437968016,0.0019807061180472374,0.0025771730579435825,0.003252538153901696,0.003990732133388519,0.004781572613865137,0.0056871636770665646,0.006648379843682051,0.007736644241958857,0.008954178541898727,0.010204466059803963,0.011414770968258381,0.012473239563405514,0.013775340281426907,0.015149944461882114,0.01674090512096882,0.018451860174536705,0.020314650610089302,0.022234659641981125,0.02418839931488037,0.026213906705379486,0.028491126373410225,0.03074933961033821,0.03343452140688896,0.03619123250246048,0.03926915302872658,0.04257276654243469,0.04612456262111664,0.04978073015809059,0.05395107343792915,0.058248791843652725,0.06262891739606857,0.06703398376703262,0.07134202122688293,0.0757310539484024,0.0799863412976265,0.0848117470741272,0.08962815999984741,0.09474990516901016,0.10059165209531784,0.10625270009040833,0.11307808756828308,0.12046265602111816,0.1290990561246872,0.1382971704006195
1609,0.00011672344407998025,0.0002873678458854556,0.0004929802380502224,0.0007625482394360006,0.0010865575168281794,0.0014293738640844822,0.0018037687987089157,0.0022149612195789814,0.0026756117586046457,0.0031503993086516857,0.003669748082756996,0.004228121135383844,0.004815141670405865,0.005446183495223522,0.006106918212026358,0.006858763750642538,0.007693791761994362,0.008625278249382973,0.009614499285817146,0.010716734454035759,0.011870063841342926,0.013102442026138306,0.014434355311095715,0.01582874171435833,0.0175618939101696,0.019530611112713814,0.02187429554760456,0.024476874619722366,0.02715880796313286,0.030268901959061623,0.03380688279867172,0.03749634325504303,0.041523560881614685,0.04582300782203674,0.050319358706474304,0.05498546361923218,0.05973421037197113,0.06464643776416779,0.06976179778575897,0.07499898970127106,0.07964534312486649,0.08446350693702698,0.08923666179180145,0.09341495484113693,0.09729522466659546,0.10120350867509842,0.10548234730958939,0.11050891131162643,0.11676875501871109
1610,0.00013212701014708728,0.00032965143327601254,0.0006001102738082409,0.0009479551808908582,0.0013458906905725598,0.0018107319483533502,0.00232730433344841,0.0028462710324674845,0.0034238568041473627,0.00402255542576313,0.004589115269482136,0.00522654177621007,0.005852621980011463,0.006495162844657898,0.007222615648061037,0.008006774820387363,0.008888715878129005,0.00983078870922327,0.010869037359952927,0.012031003832817078,0.01327565684914589,0.014856447465717793,0.01663474552333355,0.01872275397181511,0.02106756716966629,0.023664657026529312,0.026566283777356148,0.029779016971588135,0.03314001113176346,0.03669658303260803,0.04041191563010216,0.044080473482608795,0.04772433266043663,0.051609575748443604,0.05538732185959816,0.059263817965984344,0.06338763982057571,0.06774453073740005,0.07218948751688004,0.07679197192192078,0.08117513358592987,0.08562357723712921,0.08964439481496811,0.09367189556360245,0.09819599986076355,0.10219264030456543,0.10648723691701889,0.1119573563337326,0.11735330522060394
1611,0.0001571799220982939,0.00037819574936293066,0.0006601910572499037,0.0009822928113862872,0.001342854229733348,0.0017749853432178497,0.0022624952252954245,0.0028733948711305857,0.0035143783316016197,0.004263130947947502,0.00502677820622921,0.005872542504221201,0.006763199344277382,0.00772420410066843,0.008784792385995388,0.009967096149921417,0.011269297450780869,0.012722598388791084,0.014371631667017937,0.01617124304175377,0.018100755289196968,0.02009468339383602,0.02252517268061638,0.025109369307756424,0.02793068438768387,0.030863910913467407,0.03377431631088257,0.03670376539230347,0.03974839299917221,0.04292786493897438,0.04616236314177513,0.04942762479186058,0.05279805511236191,0.056176744401454926,0.05985044687986374,0.06330017745494843,0.06699434667825699,0.07057592272758484,0.07425219565629959,0.07812918722629547,0.0820627212524414,0.08645492792129517,0.09072432667016983,0.09529992938041687,0.10157837718725204,0.10788328945636749,0.11466744542121887,0.12346944212913513,0.13376030325889587
1612,0.00013212623889558017,0.0003387144533917308,0.0005936759407632053,0.0009106133948080242,0.0012833040673285723,0.0016957017360255122,0.002177600748836994,0.0026985930744558573,0.0032523558475077152,0.0038544265553355217,0.004438215866684914,0.005107853561639786,0.005636113695800304,0.006235535256564617,0.0068602971732616425,0.007487243507057428,0.008167492225766182,0.008900921791791916,0.009702003560960293,0.010521534830331802,0.011386185884475708,0.012405346147716045,0.013596701435744762,0.014801906421780586,0.01621374674141407,0.017907435074448586,0.019915467128157616,0.02188488095998764,0.023912519216537476,0.026266273111104965,0.028621871024370193,0.030601132661104202,0.0332183912396431,0.03590782359242439,0.03897155821323395,0.04171331971883774,0.04481453448534012,0.047755204141139984,0.05092742294073105,0.054305002093315125,0.05762834846973419,0.06127151846885681,0.0653505027294159,0.0697985365986824,0.07441029697656631,0.07912766933441162,0.0832301527261734,0.08825312554836273,0.09475533664226532
1613,0.00012971714022569358,0.00031567717087455094,0.0005490051116794348,0.0008405411499552429,0.0011978279799222946,0.0016073014121502638,0.0020781001076102257,0.0025662074331194162,0.0031193438917398453,0.0037204092368483543,0.004332582466304302,0.005050262436270714,0.005858147516846657,0.0067811524495482445,0.0077253649942576885,0.008752414956688881,0.009859388694167137,0.011202342808246613,0.01257086731493473,0.01408997643738985,0.01585087738931179,0.01784597709774971,0.019959555938839912,0.022155148908495903,0.02455623634159565,0.027115099132061005,0.02988419681787491,0.03294166177511215,0.03610597923398018,0.03949969261884689,0.043182775378227234,0.046909529715776443,0.050728678703308105,0.05468356981873512,0.05904924497008324,0.06339672207832336,0.068059042096138,0.07281452417373657,0.07753360271453857,0.08234182745218277,0.08671747893095016,0.09150160104036331,0.09691943228244781,0.10252927243709564,0.10846850275993347,0.11495020240545273,0.12059610337018967,0.12614485621452332,0.1318749189376831
1614,0.00012673166929744184,0.00030540471198037267,0.0005430550081655383,0.0008284547366201878,0.0011886395514011383,0.001594190951436758,0.0020537497475743294,0.0025746154133230448,0.003111632540822029,0.003712134435772896,0.00440692063421011,0.005075723864138126,0.005857173353433609,0.006602600682526827,0.0074261389672756195,0.008245892822742462,0.009150565601885319,0.010078842751681805,0.011047000996768475,0.01213151030242443,0.013317001052200794,0.014493393711745739,0.015747327357530594,0.01712251640856266,0.01860019378364086,0.02011018805205822,0.021760687232017517,0.023471496999263763,0.025403425097465515,0.027530809864401817,0.029775511473417282,0.03227706626057625,0.0351191982626915,0.03806031867861748,0.04095139354467392,0.04413840174674988,0.047144439071416855,0.050291165709495544,0.05381053686141968,0.057144246995449066,0.060473453253507614,0.06280221790075302,0.06456508487462997,0.06637471914291382,0.0681471973657608,0.07008425146341324,0.0720294862985611,0.07392869889736176,0.07577531784772873
1615,0.00012599317415151745,0.0003246499109081924,0.0005573990056291223,0.0008681979961693287,0.0012185171945020556,0.0015994706191122532,0.0020451992750167847,0.0025159993674606085,0.003054920583963394,0.003638686379417777,0.004209236241877079,0.004874593112617731,0.0055244178511202335,0.006296386010944843,0.0070652649737894535,0.008019175380468369,0.008977185934782028,0.010091339237987995,0.011299055069684982,0.012672723270952702,0.014307601377367973,0.016045887023210526,0.01789456605911255,0.019940875470638275,0.022181589156389236,0.024699779227375984,0.027494896203279495,0.030677184462547302,0.033783819526433945,0.03697129711508751,0.04024899750947952,0.04359468072652817,0.047136493027210236,0.051089126616716385,0.05529974028468132,0.059725500643253326,0.06457418203353882,0.06905623525381088,0.07376271486282349,0.07892579585313797,0.08452152460813522,0.09036222100257874,0.09656120836734772,0.10249122977256775,0.1085193082690239,0.11465197056531906,0.12050692737102509,0.12614977359771729,0.13256029784679413
1616,0.00014421346713788807,0.0003749495081137866,0.0006205221288837492,0.0009639753261581063,0.0013933161972090602,0.0018304067198187113,0.0023566086310893297,0.0029706680215895176,0.003635940607637167,0.004334151744842529,0.0051475027576088905,0.006038954481482506,0.007037780713289976,0.008116418495774269,0.009315013885498047,0.010707838460803032,0.012484066188335419,0.014047368429601192,0.015800869092345238,0.017565060406923294,0.019441362470388412,0.021535908803343773,0.023590369150042534,0.02595018409192562,0.028396068140864372,0.03123369812965393,0.034065522253513336,0.03716710954904556,0.04041176289319992,0.04364554584026337,0.046912699937820435,0.05046830326318741,0.053891539573669434,0.057765569537878036,0.06166824698448181,0.0653948038816452,0.06936650723218918,0.07366631180047989,0.0780644491314888,0.08259591460227966,0.08762442320585251,0.09288789331912994,0.09867166727781296,0.10496879369020462,0.11122750490903854,0.11752943694591522,0.12309853732585907,0.1286836862564087,0.13438671827316284
1617,0.0001061595103237778,0.00025346907204948366,0.00043369497871026397,0.0006489273509941995,0.000912385294213891,0.0011821286752820015,0.0015006111934781075,0.0018434323137626052,0.0022456604056060314,0.0026753623969852924,0.0031195476185530424,0.003577667288482189,0.004111174028366804,0.004638671875,0.0051950011402368546,0.00581331504508853,0.006475438363850117,0.007197657600045204,0.007871443405747414,0.0086195208132267,0.009406941942870617,0.010217970237135887,0.011065252125263214,0.011962195858359337,0.012872982770204544,0.01375897228717804,0.014702631160616875,0.015650305896997452,0.01665123924612999,0.01766711100935936,0.018755868077278137,0.019975101575255394,0.021137863397598267,0.022482186555862427,0.023733537644147873,0.02508988231420517,0.026735007762908936,0.028482645750045776,0.03068419173359871,0.032894764095544815,0.03559299558401108,0.038517192006111145,0.04188111051917076,0.04540529474616051,0.04913035035133362,0.05292292684316635,0.05691642314195633,0.06181168183684349,0.06844916194677353
1618,0.00011746246309485286,0.00028552566072903574,0.00047721737064421177,0.0007370528182946146,0.0010102334199473262,0.0013028273824602365,0.001664252020418644,0.0020087193697690964,0.0023924987763166428,0.0027987370267510414,0.0032021277584135532,0.003629834158346057,0.004094305448234081,0.0045708538964390755,0.005095828790217638,0.005648466292768717,0.00623364420607686,0.006854751612991095,0.007514416240155697,0.0083228200674057,0.0091625414788723,0.010045603848993778,0.011195387691259384,0.012375929392874241,0.013639950193464756,0.01511536817997694,0.016780786216259003,0.018525410443544388,0.020277535542845726,0.022199414670467377,0.024223284795880318,0.02647889405488968,0.0287636611610651,0.03113109990954399,0.03361538425087929,0.0359533317387104,0.038186367601156235,0.04060249775648117,0.04290979355573654,0.04531598836183548,0.047579824924468994,0.04991970211267471,0.05236274003982544,0.05469418317079544,0.05765455216169357,0.06068785488605499,0.06372566521167755,0.06735680997371674,0.0731416642665863
1619,0.0001096858613891527,0.0002604006149340421,0.000434862362453714,0.0006728268344886601,0.0009728334844112396,0.0013151339953765273,0.0017005731351673603,0.0021489912178367376,0.0026599913835525513,0.003231062088161707,0.0038322461768984795,0.004509789869189262,0.005330652929842472,0.006178135983645916,0.007147382013499737,0.008203920908272266,0.009316178038716316,0.010591736063361168,0.011875038966536522,0.013321536593139172,0.014881469309329987,0.01656949147582054,0.018407270312309265,0.020310014486312866,0.02235349267721176,0.02485792525112629,0.027280502021312714,0.029951216652989388,0.03277204930782318,0.0359526053071022,0.039383284747600555,0.043329183012247086,0.047756414860486984,0.05272689834237099,0.058430105447769165,0.06449113041162491,0.07120941579341888,0.07926417887210846,0.088657908141613,0.0993461161851883,0.11103150248527527,0.12387153506278992,0.13856807351112366,0.15483233332633972,0.17129211127758026,0.18588675558567047,0.19900113344192505,0.2109595239162445,0.22640281915664673
1620,0.00010856935114134103,0.000252171594183892,0.00043925439240410924,0.0006696106283925474,0.0009248395217582583,0.0012183699291199446,0.0015239787753671408,0.0018752068281173706,0.0022530138958245516,0.0026555201038718224,0.0030692084692418575,0.003542753402143717,0.004007286392152309,0.0045581660233438015,0.005081756506115198,0.005663088522851467,0.0062873475253582,0.006903059780597687,0.007602919824421406,0.00833304226398468,0.009077134542167187,0.009889273904263973,0.01067559514194727,0.01161589752882719,0.012637753039598465,0.013641178607940674,0.014744888991117477,0.016057582572102547,0.017338797450065613,0.01864071562886238,0.020002886652946472,0.021380113437771797,0.022975172847509384,0.02481522411108017,0.02657032012939453,0.0287858285009861,0.03123003989458084,0.034172460436820984,0.03782074898481369,0.041685767471790314,0.04599784314632416,0.05055798962712288,0.0556362085044384,0.060435377061367035,0.06483837962150574,0.0697421059012413,0.0738961473107338,0.07869171351194382,0.08501401543617249
1621,0.00014068032032810152,0.0003416143881622702,0.0006009172648191452,0.0009522275067865849,0.001345534110441804,0.0017979748081415892,0.002280806191265583,0.0028351082000881433,0.0034178784117102623,0.004082661587744951,0.004769002087414265,0.005608137231320143,0.006448414642363787,0.007345091551542282,0.008256703615188599,0.009279918856918812,0.010405451990664005,0.011568058282136917,0.01286985818296671,0.014365501701831818,0.01588590070605278,0.01743888109922409,0.018937207758426666,0.02065725065767765,0.02245563268661499,0.024501623585820198,0.026848752051591873,0.029380928725004196,0.032614752650260925,0.036044057458639145,0.0397932343184948,0.04375674948096275,0.047908421605825424,0.05225289613008499,0.056851375848054886,0.0614016130566597,0.06622610986232758,0.07091687619686127,0.07557504624128342,0.08105316013097763,0.08706995844841003,0.09364168345928192,0.09944163262844086,0.10630323737859726,0.1136094182729721,0.1210717260837555,0.12865838408470154,0.13653302192687988,0.14518681168556213
1622,0.000134450921905227,0.00029504322446882725,0.000502628565300256,0.0007646608864888549,0.0010380232706665993,0.0013577479403465986,0.0017079070676118135,0.0021202759817242622,0.0025628695730119944,0.003082397859543562,0.0036096894182264805,0.004228478297591209,0.004871664568781853,0.005618230439722538,0.006440740544348955,0.0073550245724618435,0.008398900739848614,0.009533865377306938,0.010884374380111694,0.01227630116045475,0.013868208043277264,0.01546574104577303,0.017418157309293747,0.0194952804595232,0.021925415843725204,0.024743471294641495,0.027809523046016693,0.031031440943479538,0.03439655154943466,0.037854596972465515,0.041776131838560104,0.04561009258031845,0.0497208796441555,0.05441749840974808,0.059092190116643906,0.06367490440607071,0.06869295239448547,0.07434176653623581,0.0806301012635231,0.08781523257493973,0.0950266569852829,0.10286517441272736,0.11099519580602646,0.11987258493900299,0.12847189605236053,0.13688571751117706,0.14398738741874695,0.15156103670597076,0.16319896280765533
1623,0.00014293365529738367,0.0003688301658257842,0.000677620992064476,0.0010336438426747918,0.0014438972575590014,0.0019220436224713922,0.0024289372377097607,0.003012239234521985,0.003652425715699792,0.004397200420498848,0.005187191069126129,0.006095447577536106,0.007093575783073902,0.008126321248710155,0.009278824552893639,0.01052436325699091,0.01192969549447298,0.01335524395108223,0.014980889856815338,0.0167612973600626,0.018574276939034462,0.020785104483366013,0.023166246712207794,0.025852110236883163,0.028719685971736908,0.03188926726579666,0.03544599190354347,0.03897262364625931,0.04254425689578056,0.046018924564123154,0.04962936416268349,0.05305023491382599,0.05701400339603424,0.06104913353919983,0.0650787279009819,0.06898719072341919,0.07275809347629547,0.07688046246767044,0.08150118589401245,0.08603885024785995,0.0907231941819191,0.09526947885751724,0.09978380799293518,0.10363006591796875,0.1073853000998497,0.11131704598665237,0.11540138721466064,0.11870352923870087,0.12376531958580017
1624,0.00012601760681718588,0.0003110041725449264,0.0005653352709487081,0.0008793108863756061,0.0012382779968902469,0.001679517445154488,0.002170549938455224,0.0027684865053743124,0.0033835177309811115,0.004095643758773804,0.0049255480989813805,0.0058687785640358925,0.006971478462219238,0.008095452561974525,0.009386741556227207,0.01082083024084568,0.012466765940189362,0.014382955618202686,0.01662357896566391,0.018998585641384125,0.021764883771538734,0.025103501975536346,0.028940655291080475,0.032960694283246994,0.037452973425388336,0.04239464923739433,0.04787903279066086,0.05368207395076752,0.059743039309978485,0.06608207523822784,0.07309508323669434,0.08030685037374496,0.08831329643726349,0.09648940712213516,0.10504819452762604,0.11351603269577026,0.12256975471973419,0.13169607520103455,0.14110347628593445,0.14963768422603607,0.15809230506420135,0.16645127534866333,0.17426782846450806,0.18241655826568604,0.19164574146270752,0.20093345642089844,0.2101162075996399,0.2207110971212387,0.23381826281547546
1625,0.00013158086221665144,0.00032127919257618487,0.0005339705967344344,0.0008183493046090007,0.0011552143841981888,0.0015096997376531363,0.001963293179869652,0.002441614866256714,0.002959177829325199,0.003545639105141163,0.004222756251692772,0.004990069195628166,0.005886274389922619,0.006819920614361763,0.007857194170355797,0.009091607294976711,0.010524557903409004,0.012075317092239857,0.013760215602815151,0.01552683487534523,0.01747954823076725,0.0196693018078804,0.02214716374874115,0.02485598251223564,0.027713730931282043,0.030758250504732132,0.03404776751995087,0.037809908390045166,0.04162979871034622,0.04592355340719223,0.050660308450460434,0.055337026715278625,0.06029763072729111,0.06632576882839203,0.07290434837341309,0.08035309612751007,0.08826567232608795,0.09706394374370575,0.10627404600381851,0.11521224677562714,0.12434221804141998,0.13348788022994995,0.14264047145843506,0.15233805775642395,0.16261281073093414,0.17185579240322113,0.17876222729682922,0.18505485355854034,0.19284147024154663
1626,0.00011074540816480294,0.00027988056535832584,0.00047606840962544084,0.0007432374986819923,0.0010202053235843778,0.0013517513871192932,0.0017448754515498877,0.0021687624976038933,0.0026095693465322256,0.0030562528409063816,0.003561865072697401,0.0041302344761788845,0.004725088365375996,0.005396548192948103,0.006038040854036808,0.006839584559202194,0.007668242324143648,0.008568322286009789,0.009485971182584763,0.01046391949057579,0.011606521904468536,0.01280862744897604,0.014081595465540886,0.015472028404474258,0.016933251172304153,0.01852971687912941,0.02033371664583683,0.022506901994347572,0.024994898587465286,0.027844566851854324,0.03134167194366455,0.035022392868995667,0.03896452113986015,0.043138664215803146,0.04747166112065315,0.05204743519425392,0.0567091628909111,0.061440322548151016,0.06607028841972351,0.07101249694824219,0.07644481956958771,0.08217937499284744,0.08742263168096542,0.0924779549241066,0.09778539836406708,0.10289452224969864,0.1077413558959961,0.11211752146482468,0.11708608269691467
1627,0.00012302710092626512,0.0003152452118229121,0.0005384042160585523,0.0008235033601522446,0.0011341385543346405,0.0014885050477460027,0.0019100946374237537,0.0023698052391409874,0.002837082603946328,0.0034049255773425102,0.003959187772125006,0.004618993028998375,0.005280995741486549,0.006007669493556023,0.006761459633708,0.007670439779758453,0.008654157631099224,0.009705785661935806,0.01089690811932087,0.01209351047873497,0.013607659377157688,0.015127340331673622,0.016943681985139847,0.018944188952445984,0.021150901913642883,0.023521799594163895,0.026041513308882713,0.028680231422185898,0.03164380043745041,0.035028260201215744,0.038302231580019,0.04164151847362518,0.04513229429721832,0.048874106258153915,0.052759721875190735,0.057151444256305695,0.061758484691381454,0.0672813430428505,0.07332743704319,0.08023124933242798,0.08741340041160583,0.09536398947238922,0.10551106184720993,0.11758439242839813,0.13097426295280457,0.14636319875717163,0.1607671082019806,0.1745758354663849,0.19041474163532257
1628,0.00012990196410100907,0.00031886674696579576,0.0005585221806541085,0.000852549506817013,0.0012094018748030066,0.0015962794423103333,0.0020580096170306206,0.00253394921310246,0.003040753770619631,0.003600527998059988,0.004235329106450081,0.004915162455290556,0.005672735627740622,0.006438267882913351,0.007282991893589497,0.00821704976260662,0.00929680373519659,0.010447503067553043,0.011657433584332466,0.01302615087479353,0.014565849676728249,0.016242481768131256,0.01828085072338581,0.020531341433525085,0.022973500192165375,0.025664903223514557,0.028710195794701576,0.03210092708468437,0.035826411098241806,0.0398879200220108,0.04412267357110977,0.04868611693382263,0.05355909839272499,0.058605439960956573,0.0637078508734703,0.06908565014600754,0.0747152641415596,0.0806133896112442,0.0867757797241211,0.09366177022457123,0.1013735979795456,0.10922558605670929,0.11791227757930756,0.12762762606143951,0.13709497451782227,0.14582572877407074,0.15419307351112366,0.1615157276391983,0.1685943305492401
1629,0.00011716270819306374,0.0002942450519185513,0.0005218497244641185,0.0007959891809150577,0.0011108991457149386,0.0014780595665797591,0.00188258639536798,0.0023720425087958574,0.0028653661720454693,0.0034534509759396315,0.004109978675842285,0.004840770736336708,0.005659698974341154,0.006663232576102018,0.007717476692050695,0.008907530456781387,0.010237088426947594,0.011714850552380085,0.013265084475278854,0.014877581037580967,0.01677807979285717,0.018744802102446556,0.020867863669991493,0.02297758311033249,0.025166461244225502,0.027723820880055428,0.030394267290830612,0.03309309855103493,0.03603188320994377,0.039097800850868225,0.04226722940802574,0.04566463828086853,0.04931492730975151,0.05312870815396309,0.05716414377093315,0.06156977266073227,0.06633846461772919,0.07101766765117645,0.07592920958995819,0.0814577043056488,0.08682727813720703,0.09264582395553589,0.0990961343050003,0.10544036328792572,0.11128762364387512,0.11638190597295761,0.12144673615694046,0.12611275911331177,0.13175296783447266
1630,0.0001273353409487754,0.0003311756590846926,0.0006092455005273223,0.0009534212294965982,0.0013475370360538363,0.001790148438885808,0.0022384647745639086,0.0027415049262344837,0.0032843458466231823,0.00389614119194448,0.004488177597522736,0.005164072383195162,0.005880574230104685,0.006723872851580381,0.007563699036836624,0.008437946438789368,0.009397249668836594,0.010388344526290894,0.011529017239809036,0.012750063091516495,0.014050248079001904,0.015641653910279274,0.01721048355102539,0.018982665613293648,0.020837124437093735,0.022794578224420547,0.02495885267853737,0.027260631322860718,0.029832586646080017,0.032724782824516296,0.03585251048207283,0.039223670959472656,0.04319167509675026,0.04701951891183853,0.05136752501130104,0.056290801614522934,0.061871789395809174,0.06758422404527664,0.07342003285884857,0.079515740275383,0.08634411543607712,0.09299825876951218,0.09972585737705231,0.10638684034347534,0.11348724365234375,0.12019284814596176,0.12635746598243713,0.13303422927856445,0.14107964932918549
1631,0.0001432934805052355,0.0003578980977181345,0.0006316755316220224,0.000976242299657315,0.0013938865158706903,0.0018708286806941032,0.0024324231781065464,0.0030028303153812885,0.0037065334618091583,0.0045302375219762325,0.005375028122216463,0.0063891224563121796,0.007515050936490297,0.008838553912937641,0.010273280553519726,0.011913646943867207,0.013707393780350685,0.01571507379412651,0.01769619807600975,0.020007936283946037,0.022454941645264626,0.02511187642812729,0.027915040031075478,0.03085983917117119,0.034141987562179565,0.0375896692276001,0.04126725718379021,0.04554775357246399,0.05033932253718376,0.055646561086177826,0.061440009623765945,0.0675179585814476,0.07432010769844055,0.08163570612668991,0.08884231001138687,0.09503500163555145,0.1006823182106018,0.10589443147182465,0.11118010431528091,0.11579029262065887,0.11962507665157318,0.1233910471200943,0.1270534247159958,0.13055363297462463,0.13438348472118378,0.13775253295898438,0.1414366215467453,0.14617376029491425,0.1515948474407196
1632,0.00012413377407938242,0.0002923097345046699,0.000491006881929934,0.0007327713537961245,0.0009989446261897683,0.0012739369412884116,0.0015974324196577072,0.001957971602678299,0.0023493622429668903,0.0027424925938248634,0.003187135560438037,0.0036612118128687143,0.0042028832249343395,0.0047877999022603035,0.005401051137596369,0.006074966862797737,0.00682508759200573,0.007626954931765795,0.008528425358235836,0.009369196370244026,0.010342342779040337,0.011382590048015118,0.012685297057032585,0.013927805237472057,0.015425974503159523,0.016964389011263847,0.01880519464612007,0.020522022619843483,0.022465083748102188,0.024872325360774994,0.0275539793074131,0.030592914670705795,0.03417583927512169,0.03812336176633835,0.042498134076595306,0.047096170485019684,0.052654657512903214,0.05859120190143585,0.064711794257164,0.07109613716602325,0.07780903577804565,0.08476204425096512,0.09160003811120987,0.09844829142093658,0.10495329648256302,0.11116333305835724,0.1172797828912735,0.12360464781522751,0.13083311915397644
1633,0.00013435988512355834,0.00034562437213025987,0.0006066585192456841,0.0009419599082320929,0.0013616180513054132,0.0018424584995955229,0.002421218901872635,0.0030774082988500595,0.0038481727242469788,0.0047042490914464,0.005628927610814571,0.006720241624861956,0.007912841625511646,0.009316427633166313,0.010754316113889217,0.012443767860531807,0.014346033334732056,0.016467085108160973,0.018792610615491867,0.02133484184741974,0.024373658001422882,0.02761196903884411,0.03117012232542038,0.03510025888681412,0.03928320109844208,0.043824538588523865,0.04877009615302086,0.05407612398266792,0.05972662195563316,0.06538985669612885,0.07141253352165222,0.07821596413850784,0.0856153592467308,0.0931447446346283,0.10103420168161392,0.10988857597112656,0.11944600194692612,0.1291954070329666,0.13943199813365936,0.1500599980354309,0.1611935794353485,0.17443901300430298,0.18919505178928375,0.20479841530323029,0.22067248821258545,0.23457467555999756,0.24612626433372498,0.25653135776519775,0.272197425365448
1634,0.00013833875709678978,0.00037530940608121455,0.0006584819639101624,0.0010421222541481256,0.0014655377017334104,0.0019462864147499204,0.0024634336587041616,0.003051816252991557,0.003669246332719922,0.004341013729572296,0.005112870130687952,0.005959614180028439,0.006895611993968487,0.007979788817465305,0.009170742705464363,0.010568227618932724,0.012246333062648773,0.014093436300754547,0.01605493575334549,0.018095629289746284,0.02029687911272049,0.022802606225013733,0.02544652670621872,0.028247568756341934,0.03128141537308693,0.034459225833415985,0.03794718161225319,0.041637834161520004,0.045532628893852234,0.04973146691918373,0.05393927916884422,0.058545101433992386,0.0627385824918747,0.06698335707187653,0.07134798914194107,0.07571963965892792,0.08016008138656616,0.08479373157024384,0.0895254909992218,0.09420827031135559,0.09894438832998276,0.10350622981786728,0.10815580934286118,0.11290839314460754,0.11685731261968613,0.12105061113834381,0.12477407604455948,0.12799441814422607,0.1321924477815628
1635,0.00013295096869114786,0.0003274808404967189,0.0005810410948470235,0.0008783750818111002,0.0012179831974208355,0.0015901238657534122,0.00200114818289876,0.0024546992499381304,0.002915638964623213,0.0033981744199991226,0.003938430920243263,0.004568017553538084,0.00523020327091217,0.005921771749854088,0.00663640396669507,0.007455132901668549,0.008414608426392078,0.009449951350688934,0.010675182566046715,0.01194637268781662,0.013171224854886532,0.014420410618185997,0.015663355588912964,0.017126023769378662,0.018675316125154495,0.020486844703555107,0.02234499156475067,0.024468474090099335,0.02682679146528244,0.02939295582473278,0.0323418527841568,0.03586239367723465,0.03977339342236519,0.04435962811112404,0.0494488850235939,0.055017124861478806,0.06131498143076897,0.06843136996030807,0.0765102282166481,0.08583349734544754,0.09622770547866821,0.10855147242546082,0.1226905882358551,0.1367843747138977,0.15266865491867065,0.16780433058738708,0.17868587374687195,0.18720346689224243,0.19680950045585632
1636,0.000135711336042732,0.00033727148547768593,0.0005648286314681172,0.0008892754558473825,0.0012856994289904833,0.0017445972189307213,0.002271247562021017,0.0028527455870062113,0.003491482697427273,0.00424338411539793,0.005012225825339556,0.005808916874229908,0.006639416795223951,0.007507686503231525,0.008414085954427719,0.009302710182964802,0.010357900522649288,0.011428043246269226,0.012623999267816544,0.014029084704816341,0.01554257981479168,0.0173085555434227,0.019255613908171654,0.021562209352850914,0.02410823293030262,0.02701631933450699,0.030243610963225365,0.03365546464920044,0.037688709795475006,0.04214058071374893,0.047126974910497665,0.05222973972558975,0.057778507471084595,0.06366755068302155,0.0700855404138565,0.07581903040409088,0.0817524641752243,0.08799941837787628,0.09480457007884979,0.10071098804473877,0.10568475723266602,0.11030728369951248,0.11516138911247253,0.12008260935544968,0.12549510598182678,0.1312844306230545,0.13653962314128876,0.14166107773780823,0.14598460495471954
1637,0.00015780044486746192,0.00038905590190552175,0.0006531944964081049,0.0009934917325153947,0.0013698129914700985,0.0018214934971183538,0.002369388472288847,0.00292116217315197,0.0034875422716140747,0.00415412150323391,0.004870743490755558,0.005694282241165638,0.006622903048992157,0.0076437462121248245,0.008755110204219818,0.009968479163944721,0.011325119994580746,0.012777053751051426,0.014553878456354141,0.016441572457551956,0.0184982568025589,0.020734403282403946,0.023261552676558495,0.025927478447556496,0.02866906113922596,0.03187641128897667,0.03507140651345253,0.03839757293462753,0.041846513748168945,0.045118335634469986,0.04853265732526779,0.05209248512983322,0.05538613349199295,0.058635927736759186,0.062025286257267,0.06552597880363464,0.06879805773496628,0.07224937528371811,0.07560505717992783,0.07876412570476532,0.08171586692333221,0.08471199870109558,0.08762169629335403,0.09060680121183395,0.09377596527338028,0.09705767780542374,0.10073733329772949,0.1048375740647316,0.10946863889694214
1638,0.0001286880433326587,0.00032222724985331297,0.0005507536116056144,0.0008633857360109687,0.0012445265892893076,0.0016945051029324532,0.0021623224020004272,0.0026824651286005974,0.00328401243314147,0.0039350008592009544,0.004627825226634741,0.00540270796045661,0.0062295496463775635,0.007171222940087318,0.008066953159868717,0.009017975069582462,0.010026877745985985,0.01108279824256897,0.012163449078798294,0.01331421546638012,0.01446107029914856,0.015742456540465355,0.01706824079155922,0.01848406158387661,0.01999479904770851,0.021704768761992455,0.023494597524404526,0.025515763089060783,0.027826134115457535,0.030290953814983368,0.03295522928237915,0.03597200661897659,0.03905215859413147,0.042507871985435486,0.04606008529663086,0.050180159509181976,0.05461263656616211,0.05921987444162369,0.06407824903726578,0.06916075944900513,0.0747411772608757,0.08080674707889557,0.08682937920093536,0.09331681579351425,0.09946822375059128,0.10657474398612976,0.11356422305107117,0.1194276213645935,0.12664861977100372
1639,0.00013975863112136722,0.00033444230211898685,0.0005792899755761027,0.0009076799615286291,0.0012530827661976218,0.001662346301600337,0.0021027778275310993,0.0025862993206828833,0.003145509399473667,0.003774823620915413,0.004474637098610401,0.0052398922853171825,0.006042915396392345,0.006947145331650972,0.00801626592874527,0.009266783483326435,0.010611273348331451,0.012231724336743355,0.014018623158335686,0.016138406470417976,0.018328893929719925,0.020882587879896164,0.023521732538938522,0.026694413274526596,0.030021488666534424,0.03360922634601593,0.03717835620045662,0.04091943800449371,0.04480843245983124,0.049111731350421906,0.05358990281820297,0.05771217495203018,0.06183075159788132,0.0662115216255188,0.07058727741241455,0.07577963173389435,0.08097068965435028,0.08635814487934113,0.09192919731140137,0.09865405410528183,0.1065421998500824,0.11530591547489166,0.1248328685760498,0.1350637674331665,0.1455751657485962,0.1587344855070114,0.17407727241516113,0.18833202123641968,0.20390108227729797
1640,0.00014112962526269257,0.000329422065988183,0.00056304014287889,0.0008398115169256926,0.0011601131409406662,0.0015190006233751774,0.001906182966195047,0.0023189536295831203,0.0027703354135155678,0.0032559018582105637,0.0038117910735309124,0.004373755771666765,0.005093744024634361,0.005871892906725407,0.006622018292546272,0.007454519160091877,0.00835941731929779,0.009302597492933273,0.010410312563180923,0.011572010815143585,0.012906976044178009,0.014244388788938522,0.015730194747447968,0.017274396494030952,0.01881580241024494,0.020396918058395386,0.022198492661118507,0.02393416129052639,0.02581202983856201,0.027926336973905563,0.03005356714129448,0.0324174165725708,0.034913260489702225,0.037933893501758575,0.04138418287038803,0.045192260295152664,0.04962670058012009,0.054537951946258545,0.060137029737234116,0.06663088500499725,0.07374197989702225,0.08180777728557587,0.09162343293428421,0.10232612490653992,0.11394873261451721,0.1252361387014389,0.13468670845031738,0.14323848485946655,0.15285202860832214
1641,0.0001410008844686672,0.00036018030368722975,0.000626071821898222,0.000965203158557415,0.0013435492292046547,0.0017442530952394009,0.002184011274948716,0.0026834802702069283,0.0031532305292785168,0.003696329891681671,0.004283488728106022,0.004910814110189676,0.0055890982039272785,0.006281404290348291,0.006968683563172817,0.0077664232812821865,0.00858334917575121,0.009419040754437447,0.01040027104318142,0.011482447385787964,0.01266487967222929,0.013930844143033028,0.015339262783527374,0.016891667619347572,0.018639422953128815,0.020487409085035324,0.022549206390976906,0.02462746575474739,0.026746423915028572,0.02921423502266407,0.03192101791501045,0.03503027558326721,0.03820037841796875,0.041685137897729874,0.04510056972503662,0.048770103603601456,0.05259255692362785,0.05671900138258934,0.061299391090869904,0.06589850038290024,0.07062626630067825,0.0752483606338501,0.08058260381221771,0.0866464227437973,0.09234745800495148,0.09750933945178986,0.10248689353466034,0.10713312774896622,0.11492586135864258
1642,0.00014213414397090673,0.0003381242277100682,0.0005801348597742617,0.0008826828561723232,0.0012378538958728313,0.0016581814270466566,0.0021008888725191355,0.0026063479017466307,0.0030739097855985165,0.0035465203691273928,0.004026683978736401,0.004561766982078552,0.005019255913794041,0.005554689560085535,0.006095179356634617,0.006633868906646967,0.00722782127559185,0.007903434336185455,0.008637432008981705,0.0094401054084301,0.010306809097528458,0.011209731921553612,0.012216695584356785,0.013343342579901218,0.014517021365463734,0.015889963135123253,0.01738772541284561,0.019075607880949974,0.02084774523973465,0.022938698530197144,0.025266585871577263,0.027856552973389626,0.03099236637353897,0.03423834964632988,0.037663303315639496,0.04143857955932617,0.04531143605709076,0.04921048879623413,0.053215447813272476,0.057281743735075,0.06167313829064369,0.06600728631019592,0.07099918276071548,0.07607860863208771,0.0818263590335846,0.08776591718196869,0.0950695052742958,0.10342739522457123,0.11358831822872162
1643,0.00014793174341320992,0.00035459891660138965,0.000626756576821208,0.0009833992226049304,0.0014734033029526472,0.0018754387274384499,0.0023607558105140924,0.0028435306157916784,0.003409827593713999,0.003968050703406334,0.004636981524527073,0.005379227455705404,0.006203401368111372,0.00713117653504014,0.008193607442080975,0.009373101405799389,0.010627026669681072,0.011993919499218464,0.01351438369601965,0.015138154849410057,0.01683160662651062,0.018489280715584755,0.020268945023417473,0.022011902183294296,0.024135420098900795,0.0262957401573658,0.02866995334625244,0.031016111373901367,0.033909186720848083,0.03723962977528572,0.04079798609018326,0.04454411566257477,0.048665981739759445,0.05275854840874672,0.05720320716500282,0.062121760100126266,0.06768798828125,0.07332638651132584,0.07961557805538177,0.0868307501077652,0.09385255724191666,0.10255017876625061,0.11198873817920685,0.12263172119855881,0.13284721970558167,0.14285163581371307,0.1526898443698883,0.1620965451002121,0.1706089824438095
1644,0.00011399939830880612,0.00027636336744762957,0.0004764240002259612,0.0007329017389565706,0.0009993198327720165,0.001317586051300168,0.0016579906223341823,0.001986623043194413,0.00237719202414155,0.0027993866242468357,0.003247997025027871,0.003741329535841942,0.00426566693931818,0.004839204251766205,0.00548951979726553,0.0061420863494277,0.00692021194845438,0.00773928128182888,0.008715298026800156,0.009864539839327335,0.011134644970297813,0.01273266226053238,0.01445108000189066,0.01643185317516327,0.01852516084909439,0.02065393701195717,0.02309258095920086,0.025674548000097275,0.02858525887131691,0.03174964711070061,0.035233356058597565,0.039056818932294846,0.042795330286026,0.046785276383161545,0.05074424669146538,0.0550384558737278,0.05925548076629639,0.06369207054376602,0.06721939891576767,0.07037879526615143,0.07322613894939423,0.07607334107160568,0.0786886215209961,0.08113522827625275,0.08350887149572372,0.08623667806386948,0.0887143462896347,0.09071208536624908,0.09229551255702972
1645,0.00011432481551310048,0.000278894673101604,0.0004906944814138114,0.0007529468857683241,0.0010731923393905163,0.0014415699988603592,0.0018370634643360972,0.0022638970986008644,0.0027631449047476053,0.003247188637033105,0.003778742626309395,0.004359348677098751,0.00502835912629962,0.005696059204638004,0.00641294801607728,0.007176730781793594,0.00800888892263174,0.008911756798624992,0.009918667376041412,0.010986968874931335,0.012169227004051208,0.013633737340569496,0.015214143320918083,0.016984911635518074,0.01903960481286049,0.021178051829338074,0.023250872269272804,0.025849105790257454,0.02882891520857811,0.031826384365558624,0.03491491824388504,0.03812440112233162,0.041545480489730835,0.045318081974983215,0.049534872174263,0.05394544452428818,0.05855558067560196,0.06351523846387863,0.06831783056259155,0.07369321584701538,0.0783017948269844,0.08229237049818039,0.08635544776916504,0.09086195379495621,0.09458154439926147,0.09817784279584885,0.10273388028144836,0.10828466713428497,0.1148061603307724
1646,0.00010887224925681949,0.0002693200658541173,0.0004648938775062561,0.0007142351241782308,0.0010076400358229876,0.0013570990413427353,0.0017439387738704681,0.002123521873727441,0.002590644173324108,0.0030999488662928343,0.0036479560658335686,0.004242282826453447,0.004911545664072037,0.005550944246351719,0.006224016193300486,0.006956828758120537,0.007724883034825325,0.008597971871495247,0.009547182358801365,0.01050279475748539,0.01152450405061245,0.012520793825387955,0.013603491708636284,0.01479002833366394,0.0161274503916502,0.017630483955144882,0.01914714276790619,0.02074301615357399,0.022616688162088394,0.024490827694535255,0.02638735994696617,0.02823355793952942,0.030233699828386307,0.032292503863573074,0.03446612134575844,0.036897897720336914,0.03954461216926575,0.042162854224443436,0.04503253847360611,0.04807662218809128,0.05088599771261215,0.05371702089905739,0.056564897298812866,0.0591997429728508,0.062259890139102936,0.0653517097234726,0.06832360476255417,0.07117552310228348,0.07410971820354462
1647,0.00011917461961274967,0.0002945396408904344,0.000514713698066771,0.0007694482919760048,0.0010645883157849312,0.0014063292182981968,0.0017520864494144917,0.0021353329066187143,0.002544789109379053,0.0029981336556375027,0.0034663225524127483,0.003966751508414745,0.004510174971073866,0.0050924355164170265,0.005662539508193731,0.006292420439422131,0.007029886823147535,0.007797545753419399,0.008618336170911789,0.00961633026599884,0.010668983682990074,0.011888193897902966,0.013302861712872982,0.014894927851855755,0.016893839463591576,0.019145188853144646,0.021753959357738495,0.024800056591629982,0.028270041570067406,0.03204137831926346,0.0362008735537529,0.04033864662051201,0.044364362955093384,0.04856664314866066,0.05227681249380112,0.055578023195266724,0.05886704474687576,0.061905913054943085,0.06482008099555969,0.06777907907962799,0.07091763615608215,0.0739569216966629,0.0773753821849823,0.08069060742855072,0.08390508592128754,0.08658857643604279,0.08886491507291794,0.09094379842281342,0.09291845560073853
1648,0.00014739681500941515,0.000362651189789176,0.0006599628832191229,0.0010444446234032512,0.0015044943429529667,0.0020136390812695026,0.002610703930258751,0.003259569639340043,0.0040255337953567505,0.004908007103949785,0.00590177346020937,0.007163468282669783,0.008678070269525051,0.010138411074876785,0.011759222485125065,0.013568324036896229,0.01552411075681448,0.0177360437810421,0.020083095878362656,0.02271169051527977,0.025360142812132835,0.027959832921624184,0.03079936094582081,0.03368959575891495,0.03691880777478218,0.040013864636421204,0.04328719154000282,0.04674721509218216,0.05018666014075279,0.053496092557907104,0.05665132775902748,0.05989545211195946,0.06280873715877533,0.06569980084896088,0.0686645656824112,0.07172887772321701,0.0750732570886612,0.07853680104017258,0.08223967254161835,0.08604989945888519,0.0905880481004715,0.09626491367816925,0.1029132530093193,0.10977426171302795,0.11713220179080963,0.12451037764549255,0.1313752979040146,0.1387556940317154,0.14657795429229736
1649,0.00012954270641785115,0.0003395254607312381,0.0006108929519541562,0.0009726682910695672,0.0013948655687272549,0.0018923802999779582,0.0024854671210050583,0.0031416951678693295,0.003861496224999428,0.004656445700675249,0.005565031431615353,0.006484507583081722,0.007560125086456537,0.00868970062583685,0.009976183995604515,0.011315770447254181,0.012747888453304768,0.0142717519775033,0.015894198790192604,0.01771906390786171,0.019745271652936935,0.0220562145113945,0.024586159735918045,0.027320388704538345,0.030274424701929092,0.03344300761818886,0.03680112212896347,0.040480099618434906,0.04459541290998459,0.04902829974889755,0.05392779782414436,0.05932929739356041,0.06471986323595047,0.07086087763309479,0.07731352746486664,0.08446048200130463,0.0923067107796669,0.10062119364738464,0.10950563848018646,0.11878304183483124,0.12868496775627136,0.13873480260372162,0.14913733303546906,0.15962716937065125,0.1693873405456543,0.17909647524356842,0.18877717852592468,0.19940128922462463,0.20958968997001648
1650,0.00013905733067076653,0.0003328376333229244,0.0006005943287163973,0.0009191705612465739,0.0012821829877793789,0.001676851650699973,0.0021332455798983574,0.002566868206486106,0.0030834923963993788,0.0036184359341859818,0.004153585061430931,0.004771990701556206,0.005365678109228611,0.006031051743775606,0.0067308805882930756,0.00743500329554081,0.008287034928798676,0.009117703884840012,0.010051039978861809,0.011021447367966175,0.012027941644191742,0.013181395828723907,0.014467750675976276,0.015753813087940216,0.017145615071058273,0.018611624836921692,0.020321328192949295,0.02206886000931263,0.023973967880010605,0.025935839861631393,0.02812970243394375,0.030503252521157265,0.03314973786473274,0.03587772697210312,0.038854219019412994,0.04224001616239548,0.04577687382698059,0.049846019595861435,0.05420093610882759,0.0590142086148262,0.06417490541934967,0.0706341564655304,0.07801933586597443,0.08559852838516235,0.09372662752866745,0.10454355180263519,0.11582533270120621,0.12752765417099,0.13957783579826355
1651,0.0001327603531535715,0.0003278807853348553,0.0005760106141678989,0.0008870091987773776,0.0012365597067400813,0.0016454525757580996,0.00209221662953496,0.0026116794906556606,0.003158939303830266,0.003763354616239667,0.004347098991274834,0.0050611975602805614,0.005821288097649813,0.006633255165070295,0.007582324557006359,0.008716752752661705,0.009981669485569,0.011391416192054749,0.013150266371667385,0.01497478038072586,0.01709124445915222,0.019586779177188873,0.022394467145204544,0.025359543040394783,0.02875693142414093,0.03282799571752548,0.03728765249252319,0.04224961996078491,0.04762508347630501,0.053783759474754333,0.06015901267528534,0.06694204360246658,0.07403511554002762,0.08153117448091507,0.08907518535852432,0.09760023653507233,0.10618230700492859,0.11504944413900375,0.12436023354530334,0.13379481434822083,0.1435682773590088,0.15365703403949738,0.16316959261894226,0.17289796471595764,0.18199574947357178,0.1917484998703003,0.20144613087177277,0.20992520451545715,0.2178819626569748
1652,0.00012718619836959988,0.00032477351487614214,0.0005743098445236683,0.0009096580324694514,0.001254468341358006,0.0016675513470545411,0.0021354472264647484,0.0026169754564762115,0.003148650750517845,0.0037195158656686544,0.00430828845128417,0.005015673115849495,0.005764900241047144,0.006564415525645018,0.007473300211131573,0.008458025753498077,0.009513979777693748,0.010797481052577496,0.012096155434846878,0.013544131070375443,0.01520448550581932,0.017174016684293747,0.019194703549146652,0.021472441032528877,0.023947354406118393,0.026547003537416458,0.029527783393859863,0.03271440789103508,0.036258406937122345,0.04002838581800461,0.04410837963223457,0.048602182418107986,0.05311909317970276,0.0580596923828125,0.06290144473314285,0.06784454733133316,0.07277435809373856,0.07797109335660934,0.083268903195858,0.08899861574172974,0.09516806900501251,0.1020837128162384,0.10960648953914642,0.11801332235336304,0.12725688517093658,0.13762181997299194,0.14841750264167786,0.1599617451429367,0.1740119308233261
1653,0.00013554150064010173,0.000331851071678102,0.0005705261137336493,0.0008743711514398456,0.0012426101602613926,0.0016626426950097084,0.0021289156284183264,0.0026695618871599436,0.0032438989728689194,0.0038838782347738743,0.004597350023686886,0.005405988544225693,0.00631550932303071,0.007349761202931404,0.008512265980243683,0.009907734580338001,0.011476021260023117,0.013038461096584797,0.014962786808609962,0.017000291496515274,0.019337575882673264,0.021901853382587433,0.02457156404852867,0.02736702933907509,0.030224423855543137,0.03340370953083038,0.03679913282394409,0.04040221869945526,0.04395081847906113,0.04736313968896866,0.05088502913713455,0.05444116145372391,0.05850500240921974,0.062411896884441376,0.06635831296443939,0.070549376308918,0.0752912312746048,0.07994264364242554,0.08456578850746155,0.08955641090869904,0.09441777318716049,0.09980712831020355,0.1055026575922966,0.11202439665794373,0.11813144385814667,0.12504900991916656,0.1337018758058548,0.14089448750019073,0.14932115375995636
1654,0.00015586247900500894,0.0003894288674928248,0.0006485824123956263,0.0009665395482443273,0.0012945444323122501,0.0016590328887104988,0.0020130996126681566,0.0024290853179991245,0.0028598273638635874,0.003282274818047881,0.0038367100059986115,0.004390968009829521,0.005029806401580572,0.005756069906055927,0.006553295999765396,0.007282252889126539,0.007989932782948017,0.009058919735252857,0.009849732741713524,0.010657611303031445,0.011574181728065014,0.012630296871066093,0.01370193436741829,0.014975590631365776,0.016393059864640236,0.01797676458954811,0.019978275522589684,0.022536303848028183,0.0253145694732666,0.02854391559958458,0.03276076912879944,0.03688187152147293,0.04146750271320343,0.04643850028514862,0.05167996510863304,0.0579170361161232,0.06436128169298172,0.07186128944158554,0.0796016976237297,0.08828478306531906,0.09619182348251343,0.10381390154361725,0.11143548786640167,0.1184837743639946,0.12507827579975128,0.13187095522880554,0.13938099145889282,0.14782795310020447,0.156721830368042
1655,0.00012795912334695458,0.0003228986170142889,0.0005634855479001999,0.0008835181943140924,0.0012652755249291658,0.0016907774843275547,0.0022093658335506916,0.002800780115649104,0.0034469959791749716,0.004161233548074961,0.00492746802046895,0.005819737911224365,0.006822926923632622,0.007989050820469856,0.00940303597599268,0.01095240656286478,0.012744592502713203,0.014795247465372086,0.017063507810235023,0.019688641652464867,0.022669125348329544,0.02589673362672329,0.029539795592427254,0.03355738893151283,0.037594832479953766,0.04195016995072365,0.04678516089916229,0.052093155682086945,0.05766618251800537,0.06329797208309174,0.06915570795536041,0.07506915926933289,0.0811406821012497,0.08713558316230774,0.09287245571613312,0.09868596494197845,0.10545671731233597,0.11250512301921844,0.11929410696029663,0.1260908544063568,0.13238567113876343,0.13853511214256287,0.14498455822467804,0.15171341598033905,0.1579296886920929,0.16263069212436676,0.16610586643218994,0.1683109551668167,0.17099110782146454
1656,0.0001515756011940539,0.00037674326449632645,0.0006437795236706734,0.0009789313189685345,0.0012922213645651937,0.0016355873085558414,0.0020306999795138836,0.002443429082632065,0.0029051057063043118,0.0034393726382404566,0.003975260071456432,0.004583637695759535,0.005268325097858906,0.005966021679341793,0.006767861545085907,0.007552726194262505,0.008457046002149582,0.009486370719969273,0.01066872663795948,0.011933444999158382,0.013296538963913918,0.01490902341902256,0.016690298914909363,0.01852746307849884,0.020814772695302963,0.022986460477113724,0.025376224890351295,0.027943354099988937,0.03073320910334587,0.03363391384482384,0.03665363788604736,0.03954193741083145,0.042589589953422546,0.04545973986387253,0.048249777406454086,0.05103971064090729,0.053812842816114426,0.057101957499980927,0.060293640941381454,0.0637132003903389,0.06759212911128998,0.07174448668956757,0.07635342329740524,0.08176162093877792,0.08793146908283234,0.09484492987394333,0.1017213985323906,0.10802413523197174,0.11823679506778717
1657,0.0001321596937486902,0.0003196597972419113,0.0005673769628629088,0.0008436561329290271,0.0011943777790293097,0.0015913924435153604,0.0020343689247965813,0.002555110026150942,0.0031512982677668333,0.0037612076848745346,0.004460393916815519,0.005292463582009077,0.00618826923891902,0.007195529527962208,0.008276695385575294,0.0094522126019001,0.010716540738940239,0.011986814439296722,0.013359272852540016,0.01484790351241827,0.016484366729855537,0.01848767139017582,0.02063460275530815,0.022867415100336075,0.025493666529655457,0.028305472806096077,0.03116661123931408,0.03432919830083847,0.03757283836603165,0.04103140905499458,0.044883064925670624,0.04913318157196045,0.053909942507743835,0.05971655994653702,0.06617410480976105,0.07267890125513077,0.07992716878652573,0.08768070489168167,0.0956159234046936,0.10371071845293045,0.11221437156200409,0.120598204433918,0.1291048675775528,0.13710418343544006,0.14557212591171265,0.15245738625526428,0.1593114584684372,0.16659711301326752,0.17510497570037842
1658,0.00013722637959290296,0.00032905847183428705,0.0005718486499972641,0.0008898192318156362,0.001225748797878623,0.0016171090537682176,0.002020050073042512,0.0024701585061848164,0.002978809643536806,0.003512430703267455,0.004108840599656105,0.004755477886646986,0.005428265780210495,0.00613947119563818,0.00689343549311161,0.007740571163594723,0.008684894070029259,0.009578166529536247,0.010616842657327652,0.011657491326332092,0.012816856615245342,0.014144647866487503,0.015569621697068214,0.017122631892561913,0.018712254241108894,0.02063446305692196,0.02266591601073742,0.024912945926189423,0.027333024889230728,0.030092190951108932,0.0328071154654026,0.035539254546165466,0.038170311599969864,0.040913768112659454,0.04367084056138992,0.046518489718437195,0.04924796521663666,0.051942937076091766,0.0547400638461113,0.057573676109313965,0.06037452071905136,0.06396844983100891,0.06781384348869324,0.07226284593343735,0.07642632722854614,0.08014612644910812,0.08385291695594788,0.0872872918844223,0.09072490781545639
1659,0.00011439665831858292,0.0002619814476929605,0.0004334510304033756,0.0006406751344911754,0.0008811407024040818,0.0011542851570993662,0.0014343814691528678,0.001743014669045806,0.0020765610970556736,0.0024073440581560135,0.0028012171387672424,0.0032095604110509157,0.0035864675883203745,0.004004438873380423,0.004515390377491713,0.004986781161278486,0.005548087414354086,0.006133308634161949,0.006810869090259075,0.007566481363028288,0.008444109931588173,0.009315580129623413,0.010366084054112434,0.0115425456315279,0.012741143815219402,0.014186741784214973,0.015728339552879333,0.017375340685248375,0.019193101674318314,0.02122926339507103,0.023487303406000137,0.026037879288196564,0.028742719441652298,0.03160170465707779,0.034472543746232986,0.03760058805346489,0.04071234539151192,0.04381806403398514,0.04705154523253441,0.050242308527231216,0.05331888794898987,0.056158844381570816,0.0587802454829216,0.061462387442588806,0.0639813095331192,0.06647197902202606,0.06895244121551514,0.07122411578893661,0.07340576499700546
1660,0.000191725033801049,0.0005145148606970906,0.0008933990611694753,0.0014231465756893158,0.002008332870900631,0.0026697851717472076,0.0034234165214002132,0.0042247045785188675,0.005148346535861492,0.006159311160445213,0.007278095465153456,0.008455054834485054,0.009758520871400833,0.011278963647782803,0.012838484719395638,0.01456043403595686,0.01647348515689373,0.018466591835021973,0.020809682086110115,0.023035164922475815,0.025372248142957687,0.02794625796377659,0.030491875484585762,0.03343610465526581,0.036221522837877274,0.03956082835793495,0.04298507049679756,0.04639434814453125,0.050536174327135086,0.054565783590078354,0.05899003893136978,0.0639595165848732,0.06907067447900772,0.07419026643037796,0.07972370088100433,0.08596189320087433,0.09252887219190598,0.0988207459449768,0.10563302785158157,0.11242152750492096,0.11980258673429489,0.12807898223400116,0.13759294152259827,0.1475006490945816,0.1576497107744217,0.1683303415775299,0.17817425727844238,0.18844124674797058,0.20388469099998474
1661,0.00012898180284537375,0.0003259765508119017,0.0005516220116987824,0.0008545108139514923,0.0012027114862576127,0.0016052029095590115,0.0020800200290977955,0.002571648918092251,0.0031351426150649786,0.003770579816773534,0.0044296616688370705,0.005179047584533691,0.005955135449767113,0.006902168970555067,0.007804234512150288,0.008797533810138702,0.009839683771133423,0.011051435023546219,0.012385442852973938,0.013643801212310791,0.015085166320204735,0.016759667545557022,0.01857195794582367,0.02059320919215679,0.022678114473819733,0.024925261735916138,0.027348794043064117,0.029990162700414658,0.03296412155032158,0.03622988611459732,0.03968061879277229,0.04375886917114258,0.04844158887863159,0.05357231944799423,0.05913552641868591,0.06509588658809662,0.0713336169719696,0.07809007167816162,0.08483176678419113,0.09140360355377197,0.09744030237197876,0.10384924709796906,0.11027216911315918,0.11706788092851639,0.12398636341094971,0.13064442574977875,0.13748376071453094,0.1437695473432541,0.1498500108718872
1662,0.00011092439672211185,0.0002575252437964082,0.0004364940105006099,0.0006670347065664828,0.0009162465576082468,0.001213167211972177,0.001541049568913877,0.001900314586237073,0.002295898972079158,0.0027522090822458267,0.0031636017374694347,0.0036867139860987663,0.0042280163615942,0.004813327454030514,0.00543755991384387,0.006097735837101936,0.006841341964900494,0.007597541902214289,0.008452968671917915,0.009390568360686302,0.010429481975734234,0.011519722640514374,0.01292442623525858,0.014452498406171799,0.0161075908690691,0.01792985387146473,0.019931349903345108,0.022260507568717003,0.02473289892077446,0.02759595960378647,0.03058943711221218,0.03374302759766579,0.0368320494890213,0.03999156504869461,0.043678950518369675,0.047242868691682816,0.051102831959724426,0.05511172115802765,0.05970853939652443,0.06501702219247818,0.07043303549289703,0.07561332732439041,0.08003173023462296,0.0844070166349411,0.08844246715307236,0.09167468547821045,0.09492739289999008,0.0980440303683281,0.10178688913583755
1663,0.00011250691022723913,0.0002814240870065987,0.00048314573359675705,0.0007255331729538739,0.0010259987320750952,0.0013706324389204383,0.0017175007378682494,0.002082204446196556,0.002501244191080332,0.002917536534368992,0.0034265206195414066,0.003887788625434041,0.004415071103721857,0.004962848499417305,0.005541845224797726,0.006172338500618935,0.006942313630133867,0.00768388994038105,0.008523134514689445,0.009395388886332512,0.010396433994174004,0.011630178429186344,0.012889453209936619,0.01420106552541256,0.01569421961903572,0.017254004254937172,0.01899660751223564,0.02096061408519745,0.02305542677640915,0.025249667465686798,0.02744254469871521,0.02982329949736595,0.03224032372236252,0.03476083651185036,0.037287637591362,0.040190279483795166,0.043046317994594574,0.045837581157684326,0.048920080065727234,0.05181639641523361,0.05431712791323662,0.056867726147174835,0.0591595321893692,0.06147234886884689,0.06384280323982239,0.06543605029582977,0.06616565585136414,0.06726691871881485,0.07047650963068008
1664,0.00011356527102179825,0.00027150497771799564,0.00045275624142959714,0.000687992200255394,0.0009611222194507718,0.0012589989928528666,0.0015953215770423412,0.001945588504895568,0.002355879871174693,0.002815641462802887,0.003284442238509655,0.0038475128822028637,0.004468862898647785,0.005161918234080076,0.005925034172832966,0.006906386464834213,0.008054682984948158,0.009202851913869381,0.010628591291606426,0.01207374595105648,0.013673631474375725,0.015316727571189404,0.017163382843136787,0.019024914130568504,0.020955799147486687,0.023048732429742813,0.025228852406144142,0.027412042021751404,0.029549721628427505,0.03179865702986717,0.033969879150390625,0.036217913031578064,0.0386253297328949,0.04107053577899933,0.04376278817653656,0.04641573131084442,0.049105703830718994,0.052042968571186066,0.05531881004571915,0.05919533967971802,0.06346291303634644,0.06812241673469543,0.07342886924743652,0.0796695128083229,0.08635150641202927,0.09319663047790527,0.09956799447536469,0.10621102154254913,0.1140768751502037
1665,0.00014017945795785636,0.0003373917134013027,0.0005625472986139357,0.0008489023894071579,0.001175695564597845,0.0015420678537338972,0.0019204821437597275,0.0023596787359565496,0.002789510879665613,0.003310524858534336,0.003832997987046838,0.004498297348618507,0.005207085516303778,0.006019565276801586,0.006884597707539797,0.007994011044502258,0.009176578372716904,0.010568585246801376,0.012168020941317081,0.013882564380764961,0.015724077820777893,0.017869560047984123,0.020154325291514397,0.022761574015021324,0.025740696117281914,0.029111618176102638,0.032762106508016586,0.03652077168226242,0.04070335626602173,0.04490606486797333,0.0494229793548584,0.05393505096435547,0.05875987187027931,0.06373733282089233,0.06880664825439453,0.07420074939727783,0.08002200722694397,0.08608628064393997,0.09280133247375488,0.10019650310277939,0.10841423273086548,0.11755625903606415,0.12695220112800598,0.13726891577243805,0.14798787236213684,0.15813325345516205,0.1668054461479187,0.17626982927322388,0.1877632737159729
1666,0.00015062848979141563,0.00041236545075662434,0.0007765291375108063,0.0012365671573206782,0.00180360721424222,0.0024537737481296062,0.003136678598821163,0.0039467578753829,0.004752324894070625,0.005736744962632656,0.006871461868286133,0.008212985470890999,0.009778459556400776,0.011604287661612034,0.013500867411494255,0.015805499628186226,0.018280141055583954,0.020977267995476723,0.023918259888887405,0.027026589959859848,0.03028016723692417,0.03362785652279854,0.037147797644138336,0.04091843590140343,0.044672127813100815,0.04878729581832886,0.05281607061624527,0.05679434537887573,0.060690924525260925,0.0645800530910492,0.06843686103820801,0.07248017191886902,0.07717936486005783,0.08218873292207718,0.08735639601945877,0.09329432994127274,0.09995244443416595,0.10692114382982254,0.11504717171192169,0.12368852645158768,0.13303108513355255,0.1431940346956253,0.1533263623714447,0.16471685469150543,0.17800232768058777,0.19212977588176727,0.20591041445732117,0.22069379687309265,0.23535221815109253
1667,0.00011071781045757234,0.00028561209910549223,0.000501926988363266,0.0007957820198498666,0.0011287420056760311,0.0015008931513875723,0.001901017501950264,0.0023732627741992474,0.0028787439223378897,0.0034535801969468594,0.004039519000798464,0.004661033395677805,0.005304346792399883,0.0060399379581213,0.00679060211405158,0.007513348013162613,0.008362969383597374,0.00922301970422268,0.010077092796564102,0.01101523544639349,0.012003714218735695,0.013008981943130493,0.014105433598160744,0.01524486392736435,0.016432158648967743,0.017726507037878036,0.01919710263609886,0.02073512226343155,0.022441746667027473,0.02423558011651039,0.02611282840371132,0.028147587552666664,0.030513953417539597,0.03304576501250267,0.035947393625974655,0.0391962006688118,0.04260730743408203,0.0460628941655159,0.049504354596138,0.05328068509697914,0.05761994048953056,0.0627606064081192,0.06891686469316483,0.07544316351413727,0.08136504143476486,0.08608046174049377,0.08795475959777832,0.08944209665060043,0.09321745485067368
1668,0.00014155145618133247,0.00034520658664405346,0.0005844202823936939,0.0008837650530040264,0.0012475301045924425,0.0016270040068775415,0.002089074347168207,0.002593841403722763,0.0031592436134815216,0.0037300349213182926,0.004347659647464752,0.005042494274675846,0.005744580179452896,0.006472674198448658,0.007248293608427048,0.008163492195308208,0.009122701361775398,0.010200894437730312,0.011438949033617973,0.012799159623682499,0.01439286395907402,0.016252830624580383,0.018311578780412674,0.02066410332918167,0.023330366238951683,0.0264294296503067,0.029884472489356995,0.0335034541785717,0.037425704300403595,0.04128071293234825,0.04562290012836456,0.050161637365818024,0.05497346445918083,0.060019299387931824,0.0655805915594101,0.07123131304979324,0.07676398754119873,0.082268625497818,0.08794596046209335,0.0936095118522644,0.09943459928035736,0.10512858629226685,0.11015036702156067,0.11456204950809479,0.11874634027481079,0.1222265362739563,0.12514998018741608,0.1272227168083191,0.13005296885967255
1669,0.00013962527737021446,0.00033637048909440637,0.0005838886136189103,0.0009036902920342982,0.0012777694500982761,0.0016995889600366354,0.002177587943151593,0.0026740585453808308,0.0032270257361233234,0.003783277003094554,0.004417533986270428,0.0052171070128679276,0.0060494388453662395,0.00704038143157959,0.00812629796564579,0.009343484416604042,0.01078818365931511,0.01234938483685255,0.01415954902768135,0.01623276248574257,0.018523598089814186,0.02081293985247612,0.023265205323696136,0.0261345524340868,0.028962505981326103,0.03230612352490425,0.03597251698374748,0.03994033485651016,0.04422888159751892,0.048607755452394485,0.053214602172374725,0.05830176919698715,0.0636991411447525,0.06937902420759201,0.07575107365846634,0.08304394781589508,0.09094513952732086,0.09990154206752777,0.10967421531677246,0.12040913105010986,0.13109354674816132,0.14199236035346985,0.1525212973356247,0.163051575422287,0.17181558907032013,0.18083323538303375,0.1875542402267456,0.19511833786964417,0.20555950701236725
1670,0.0001094524486688897,0.00026618759147822857,0.0004622644919436425,0.000687427818775177,0.000962868973147124,0.0012701841769739985,0.0016277951654046774,0.002043422544375062,0.002474165055900812,0.002976567717269063,0.0035802056081593037,0.004200774244964123,0.004885316360741854,0.005592886358499527,0.006291447672992945,0.0070588476955890656,0.007947121746838093,0.008845016360282898,0.009868713095784187,0.010810949839651585,0.011900676414370537,0.013034501112997532,0.014255817048251629,0.015533354133367538,0.016826171427965164,0.01824624091386795,0.019750921055674553,0.021205006167292595,0.022822221741080284,0.024571120738983154,0.02643619105219841,0.028288058936595917,0.03018190711736679,0.03214395046234131,0.03432755172252655,0.03690515458583832,0.03958563506603241,0.042651254683732986,0.04588150978088379,0.049984462559223175,0.05523552745580673,0.061176806688308716,0.06742668151855469,0.07476192712783813,0.08176067471504211,0.08863150328397751,0.09592761844396591,0.10232692956924438,0.10862748324871063
1671,0.00011855200864374638,0.0002758244809228927,0.0004698137636296451,0.0007025459199212492,0.0009567626984789968,0.0012650309363380075,0.001571222790516913,0.0019046016968786716,0.0022826006170362234,0.002686002291738987,0.0030947313643991947,0.003522569080814719,0.003985948860645294,0.004493991378694773,0.004990192595869303,0.005577801261097193,0.0061539700254797935,0.006789901293814182,0.007474926300346851,0.008216206915676594,0.009054318070411682,0.009976554661989212,0.010995360091328621,0.012116067111492157,0.013342112302780151,0.014610584825277328,0.016079962253570557,0.017562061548233032,0.019095726311206818,0.02078532800078392,0.022810596972703934,0.024938475340604782,0.027515750378370285,0.030207235366106033,0.033108919858932495,0.03631521388888359,0.03973761945962906,0.043232083320617676,0.046350523829460144,0.04993816837668419,0.05343233048915863,0.05683375895023346,0.06000276654958725,0.06298962235450745,0.06636523455381393,0.06909547746181488,0.07104375958442688,0.07195832580327988,0.07447497546672821
1672,0.00014436256606131792,0.0003624801174737513,0.0006462975288741291,0.0009938336443156004,0.001399373635649681,0.0018875969108194113,0.002429056679829955,0.003030399326235056,0.0037383916787803173,0.004536207765340805,0.005497264675796032,0.006652322597801685,0.007928229868412018,0.009420718997716904,0.011050793342292309,0.01297525130212307,0.01518758200109005,0.017594173550605774,0.020514290779829025,0.023824306204915047,0.027326639741659164,0.031123310327529907,0.035593725740909576,0.04045412316918373,0.04570896178483963,0.051415376365184784,0.05756939947605133,0.06416065245866776,0.07116123288869858,0.07838490605354309,0.08513248711824417,0.09171389043331146,0.09846976399421692,0.10548900812864304,0.11289193481206894,0.12018665671348572,0.12777064740657806,0.13460420072078705,0.14110435545444489,0.1470867544412613,0.15314163267612457,0.15862734615802765,0.16383489966392517,0.16994735598564148,0.17717322707176208,0.184642493724823,0.19295410811901093,0.20158007740974426,0.21211111545562744
1673,0.00011942737910430878,0.0002904551802203059,0.0005017791409045458,0.0007715196697972715,0.0010761317098513246,0.0014095762744545937,0.0017966123996302485,0.002213782863691449,0.0026069805026054382,0.0030516001861542463,0.0035211096983402967,0.004025914706289768,0.0045162285678088665,0.005090354010462761,0.00566275417804718,0.006248596124351025,0.0068693943321704865,0.007574656046926975,0.008310147561132908,0.009143728762865067,0.00994233787059784,0.010978924110531807,0.011965163052082062,0.013031341135501862,0.014227960258722305,0.015599277801811695,0.01706121861934662,0.018677007406949997,0.020535262301564217,0.022363394498825073,0.02429000847041607,0.026387564837932587,0.02850032038986683,0.03098350018262863,0.033580951392650604,0.036138005554676056,0.03884664550423622,0.041647449135780334,0.04482032358646393,0.04804489016532898,0.05168180912733078,0.05586908012628555,0.06102289259433746,0.06660425662994385,0.07242275774478912,0.07843144237995148,0.08378854393959045,0.08904188126325607,0.09513716399669647
1674,0.00014971820928622037,0.00038762640906497836,0.0006751552573405206,0.0010195355862379074,0.0014170052018016577,0.0018910905346274376,0.002372192218899727,0.002920823870226741,0.0035153694916516542,0.004123552702367306,0.004794672131538391,0.005518461111932993,0.006297406740486622,0.00715150311589241,0.008029510267078876,0.009121243841946125,0.010291076265275478,0.011624624952673912,0.013107234612107277,0.014852823689579964,0.01684853620827198,0.01905507594347,0.021585067734122276,0.024596113711595535,0.027777722105383873,0.031470347195863724,0.03547617420554161,0.03985171020030975,0.0444076806306839,0.04939320310950279,0.05444953590631485,0.05985839664936066,0.06519510596990585,0.07041744142770767,0.07579702883958817,0.08191167563199997,0.08832453191280365,0.09518836438655853,0.10191945731639862,0.10898073017597198,0.11598602682352066,0.12332257628440857,0.13175909221172333,0.14198237657546997,0.1521974503993988,0.1649901121854782,0.17687612771987915,0.188068225979805,0.201347216963768
1675,0.00011053443449782208,0.00027100241277366877,0.00045275839511305094,0.0006768152816221118,0.0009407628094777465,0.0012448617490008473,0.0015700188232585788,0.0018942977767437696,0.0023160302080214024,0.0026788210961967707,0.0030670217238366604,0.003470391733571887,0.0039038558024913073,0.004380349535495043,0.004851081408560276,0.005394890438765287,0.005920514464378357,0.006541069597005844,0.00716586597263813,0.00785222090780735,0.00850456953048706,0.009258871898055077,0.010124307125806808,0.01106686145067215,0.01208777166903019,0.013161607086658478,0.014458749443292618,0.015814609825611115,0.017298739403486252,0.018840884789824486,0.020598430186510086,0.02259822189807892,0.024660401046276093,0.026939544826745987,0.029396098107099533,0.0320487804710865,0.034731946885585785,0.03749368339776993,0.04031500220298767,0.04286406561732292,0.04547949135303497,0.04847978055477142,0.05127309262752533,0.05465681850910187,0.058226510882377625,0.06195077300071716,0.06574676930904388,0.06985481083393097,0.07380148768424988
1676,0.0001530769222881645,0.00039006632869131863,0.0006836596876382828,0.0010826822835952044,0.0015728251310065389,0.002117755124345422,0.002701210556551814,0.0033226211089640856,0.003955588676035404,0.00474235974252224,0.005553995259106159,0.0065149967558681965,0.007587350904941559,0.008941763080656528,0.01044490933418274,0.012079943902790546,0.014099076390266418,0.016323788091540337,0.01874499022960663,0.021255062893033028,0.023864177986979485,0.026569008827209473,0.029440276324748993,0.03274131566286087,0.03625992685556412,0.04004061222076416,0.04429135471582413,0.04880312457680702,0.05383874848484993,0.059327382594347,0.06511034816503525,0.07102266699075699,0.07663425803184509,0.08217784762382507,0.08719244599342346,0.09178300201892853,0.09619675576686859,0.10073276609182358,0.10605858266353607,0.11242371797561646,0.1186760663986206,0.12574245035648346,0.13338173925876617,0.14152735471725464,0.15044181048870087,0.16042234003543854,0.1734764128923416,0.18672803044319153,0.20006047189235687
1677,0.00014207884669303894,0.00034172824234701693,0.0006194679299369454,0.0009521288448013365,0.0013631476322188973,0.0018118361476808786,0.002308084862306714,0.0028513562865555286,0.003457703161984682,0.004087348468601704,0.004762321710586548,0.005543520674109459,0.006325236521661282,0.007269940339028835,0.008353672921657562,0.009437540546059608,0.010677487589418888,0.012150592170655727,0.013721506111323833,0.015511048026382923,0.01744159311056137,0.019624585285782814,0.022065825760364532,0.024841969832777977,0.027866480872035027,0.03135870397090912,0.03530247509479523,0.03960004821419716,0.04430024325847626,0.04954526945948601,0.055231738835573196,0.06087503582239151,0.06675904244184494,0.07252028584480286,0.0783514678478241,0.08403618633747101,0.08944422006607056,0.09477279335260391,0.10005173087120056,0.10524939000606537,0.11087797582149506,0.11600878089666367,0.12100747972726822,0.12620621919631958,0.13142231106758118,0.1361532062292099,0.1411934345960617,0.14586225152015686,0.1512693464756012
1678,0.0001250104105565697,0.00030941018485464156,0.0005201856838539243,0.0007910410640761256,0.0010994457406923175,0.0014676919672638178,0.0018430419731885195,0.002262570895254612,0.002713587135076523,0.003170412965118885,0.0036871195770800114,0.0042429352179169655,0.004807193297892809,0.005485111847519875,0.006133625283837318,0.006963672116398811,0.00785917416214943,0.008874911814928055,0.010053634643554688,0.011411773040890694,0.012914005666971207,0.014651576057076454,0.016545036807656288,0.01851545087993145,0.02083958312869072,0.023372722789645195,0.026187418028712273,0.02904423326253891,0.03206479549407959,0.03525761514902115,0.03871844708919525,0.04315781593322754,0.04745209589600563,0.05210607871413231,0.05682835727930069,0.06201416999101639,0.06709624826908112,0.072384312748909,0.07728669792413712,0.08251694589853287,0.08756034821271896,0.09239594638347626,0.09687428176403046,0.10124314576387405,0.10497462749481201,0.10864097625017166,0.1120239794254303,0.11497730016708374,0.11719079315662384
1679,0.00011841178638860583,0.0003148088580928743,0.0005474283825606108,0.0008819390786811709,0.0012585498625412583,0.0016919274348765612,0.0021864648442715406,0.002695032162591815,0.0032786002848297358,0.00386855099350214,0.004503331147134304,0.005197383929044008,0.00594618683680892,0.006711157970130444,0.007553618401288986,0.008362090215086937,0.009297870099544525,0.010341053828597069,0.011532694101333618,0.012830376625061035,0.014192040078341961,0.015571096912026405,0.017019392922520638,0.01877666264772415,0.020801160484552383,0.022995952516794205,0.025583967566490173,0.028392506763339043,0.03156808018684387,0.03514957055449486,0.038922183215618134,0.04311573505401611,0.04789818823337555,0.05289866775274277,0.058082181960344315,0.06381066143512726,0.06972464174032211,0.0758332759141922,0.08176851272583008,0.08761857450008392,0.09393483400344849,0.10042838007211685,0.1067369133234024,0.11305828392505646,0.11874891072511673,0.12485867738723755,0.1309266835451126,0.1366478055715561,0.14414627850055695
1680,0.00014588286285288632,0.0003977305896114558,0.0007408889359794557,0.0012025847099721432,0.0016931340796872973,0.0023180271964520216,0.0030383681878447533,0.0038585381116718054,0.004868019372224808,0.0058718156069517136,0.0069249714724719524,0.008099334314465523,0.009349596686661243,0.010691048577427864,0.01219127420336008,0.013917054980993271,0.01568787172436714,0.017659125849604607,0.019822152331471443,0.02219429798424244,0.024711649864912033,0.027276868000626564,0.03029957041144371,0.033209189772605896,0.03648582100868225,0.040001142770051956,0.04371632635593414,0.04738842695951462,0.05110542103648186,0.054996974766254425,0.058953091502189636,0.06317757070064545,0.06748522818088531,0.07221294194459915,0.07727696001529694,0.08232618868350983,0.08794225752353668,0.0942745953798294,0.10067097842693329,0.10765425860881805,0.11542481184005737,0.1237512081861496,0.13061994314193726,0.13662555813789368,0.14279389381408691,0.14787983894348145,0.15192754566669464,0.15533240139484406,0.16079258918762207
1681,0.0001316273119300604,0.0003286839637439698,0.0005781010258942842,0.0009022325975820422,0.0012899378780275583,0.001792263938114047,0.0023465475533157587,0.002961017657071352,0.003663857001811266,0.004432014189660549,0.0052634794265031815,0.006241129245609045,0.007276237476617098,0.008434406481683254,0.009653965011239052,0.010979707352817059,0.012526548467576504,0.014142309315502644,0.015926871448755264,0.01796935684978962,0.02020101808011532,0.022696789354085922,0.025335311889648438,0.028230492025613785,0.031548868864774704,0.03511098772287369,0.03892438858747482,0.04275849461555481,0.046256497502326965,0.04981926083564758,0.05366840958595276,0.05749548599123955,0.06145127862691879,0.0655517727136612,0.06996824592351913,0.07478675246238708,0.07950621843338013,0.08413976430892944,0.08965982496738434,0.09592141211032867,0.10246878862380981,0.10992921888828278,0.11819371581077576,0.12722262740135193,0.13665667176246643,0.14588212966918945,0.15481145679950714,0.16288861632347107,0.17159774899482727
1682,0.00012805328879039735,0.000320208549965173,0.0005657481378875673,0.0008907916489988565,0.0012843289878219366,0.0017561707645654678,0.0023004417307674885,0.0029087900184094906,0.0035785259678959846,0.004306319169700146,0.005082874093204737,0.0059328582137823105,0.006944489665329456,0.00811197329312563,0.009506803937256336,0.011010519228875637,0.01290426217019558,0.01508549228310585,0.017517797648906708,0.02020394057035446,0.023459112271666527,0.026818497106432915,0.030670052394270897,0.034632157534360886,0.03890614211559296,0.04358146712183952,0.04868076369166374,0.053823716938495636,0.059203460812568665,0.06427128612995148,0.06987939774990082,0.07583300024271011,0.08184610307216644,0.08757083117961884,0.09318051487207413,0.09884898364543915,0.10443411022424698,0.1098674088716507,0.11538040637969971,0.12050338834524155,0.12574848532676697,0.13119308650493622,0.13654367625713348,0.14250236749649048,0.14810343086719513,0.15416380763053894,0.16071704030036926,0.16892069578170776,0.17942316830158234
1683,0.00019108076230622828,0.0005024404963478446,0.0009634356829337776,0.0015713970642536879,0.0023100064136087894,0.003147275187075138,0.004188107326626778,0.005319956690073013,0.00659961998462677,0.008115686476230621,0.009669093415141106,0.01143276784569025,0.013275835663080215,0.015232732519507408,0.01730932667851448,0.019494934007525444,0.02198156900703907,0.024403002113103867,0.02692384645342827,0.029552534222602844,0.03222395107150078,0.034829817712306976,0.03755669295787811,0.04029931128025055,0.04317954555153847,0.046276018023490906,0.049556151032447815,0.05264107882976532,0.0560041181743145,0.059690434485673904,0.06350631266832352,0.06758363544940948,0.07165440917015076,0.07556411623954773,0.07936808466911316,0.08335413038730621,0.08753681182861328,0.0912993997335434,0.09444120526313782,0.0973837599158287,0.1004619151353836,0.10365118831396103,0.10731728374958038,0.11119524389505386,0.11460120975971222,0.1184086725115776,0.12317703664302826,0.12866592407226562,0.1340586394071579
1684,0.0001222103601321578,0.0002920707920566201,0.0004988067084923387,0.0007615899667143822,0.0010893074795603752,0.001425241120159626,0.0018286812119185925,0.002278875559568405,0.002793210791423917,0.0033583189360797405,0.003999235108494759,0.004679522011429071,0.005409622564911842,0.006217850837856531,0.007135826162993908,0.008096300065517426,0.009131355211138725,0.010356240905821323,0.011658956296741962,0.013312695547938347,0.015128618106245995,0.017127957195043564,0.019327592104673386,0.02178644947707653,0.024301176890730858,0.02715916372835636,0.030232634395360947,0.03357921913266182,0.037141233682632446,0.041101180016994476,0.045064203441143036,0.049508485943078995,0.05437702313065529,0.05968513712286949,0.06503184139728546,0.07072117924690247,0.07671114057302475,0.08410634100437164,0.09210684150457382,0.101164311170578,0.1111399382352829,0.12224497646093369,0.13566237688064575,0.15005558729171753,0.16514329612255096,0.17570091784000397,0.1835525780916214,0.18976156413555145,0.1985471248626709
1685,0.00015132687985897064,0.00038071052404120564,0.0006793521461077034,0.0010624321876093745,0.0015015588141977787,0.002007015747949481,0.002552450867369771,0.0031455797143280506,0.0037653478793799877,0.004407220520079136,0.005166046321392059,0.005798269994556904,0.006572553887963295,0.0073781260289251804,0.008206259459257126,0.009143027476966381,0.010317382402718067,0.011575778014957905,0.013161062262952328,0.014904226176440716,0.016610637307167053,0.018571119755506516,0.020621590316295624,0.022952347993850708,0.02548067271709442,0.02793850749731064,0.03062058612704277,0.0333416685461998,0.03603821247816086,0.03900738060474396,0.04207679629325867,0.045376747846603394,0.04867254197597504,0.05238247290253639,0.05680087208747864,0.061858512461185455,0.06784383952617645,0.074433833360672,0.08180458098649979,0.08973540365695953,0.09902255237102509,0.10923974215984344,0.1201687753200531,0.13168811798095703,0.14470359683036804,0.15852655470371246,0.17208342254161835,0.1831955909729004,0.19683045148849487
1686,0.00013109477004036307,0.00031271640909835696,0.00053432397544384,0.0008173774695023894,0.0011624055914580822,0.0015660601202398539,0.002032738644629717,0.0025482766795903444,0.0031256861984729767,0.0038056140765547752,0.004531560465693474,0.005389682482928038,0.006300786044448614,0.0074080489575862885,0.008642646484076977,0.010044565424323082,0.011580411344766617,0.013300725258886814,0.015161549672484398,0.017319029197096825,0.019631151109933853,0.022129422053694725,0.02491180971264839,0.027928877621889114,0.03109983541071415,0.03417709469795227,0.03733571991324425,0.0403713621199131,0.04363422468304634,0.046720560640096664,0.04997531324625015,0.053350284695625305,0.05664268136024475,0.060222212225198746,0.06401903182268143,0.06838490068912506,0.07302580773830414,0.07801105082035065,0.0835793986916542,0.09038384258747101,0.09820671379566193,0.10686291754245758,0.1161545142531395,0.12597434222698212,0.1341099739074707,0.14056548476219177,0.1451970636844635,0.1488538235425949,0.1529935896396637
1687,0.00013911988935433328,0.0003631192375905812,0.0006540128961205482,0.0010118079371750355,0.0014543260913342237,0.0019564428366720676,0.002538832137361169,0.003208664245903492,0.003962852992117405,0.004841231741011143,0.005811239592730999,0.006891869939863682,0.007953097112476826,0.00903671607375145,0.010195435956120491,0.011427465826272964,0.012790393084287643,0.014075539074838161,0.015517311170697212,0.01708354614675045,0.018554627895355225,0.02008466050028801,0.021936234086751938,0.024046076461672783,0.026360955089330673,0.028551194816827774,0.030823539942502975,0.033215418457984924,0.03572550788521767,0.03822888806462288,0.04088824987411499,0.043662771582603455,0.04663414508104324,0.05007366091012955,0.05380188301205635,0.05787206441164017,0.06273691356182098,0.06808386743068695,0.07465841621160507,0.08242648839950562,0.09140688180923462,0.10249946266412735,0.11483597010374069,0.1285848617553711,0.1443248689174652,0.1566876322031021,0.16546985507011414,0.17361876368522644,0.188146710395813
1688,0.00015600935148540884,0.0003795894153881818,0.0006684407126158476,0.0010371292009949684,0.0015009240014478564,0.0020456123165786266,0.0026869322173297405,0.0033730859868228436,0.004182218108326197,0.005025424528867006,0.006056535057723522,0.0071907443925738335,0.008419234305620193,0.009953844361007214,0.011667340062558651,0.013668283820152283,0.015964414924383163,0.018215229734778404,0.02103136107325554,0.023938655853271484,0.027086453512310982,0.030669469386339188,0.03474557772278786,0.03910444676876068,0.0436285100877285,0.048643723130226135,0.05409066379070282,0.05946510285139084,0.06532911956310272,0.07174976170063019,0.07839025557041168,0.0851912721991539,0.09154725074768066,0.09796561300754547,0.1044359803199768,0.11113796383142471,0.11671889573335648,0.1216493546962738,0.12597040832042694,0.13080960512161255,0.135654017329216,0.14037200808525085,0.145053893327713,0.15012341737747192,0.15575936436653137,0.16095604002475739,0.16692593693733215,0.17210623621940613,0.17877228558063507
1689,0.00013446412049233913,0.0003592823923099786,0.0006651681615039706,0.0010715622920542955,0.0015422222204506397,0.002081492217257619,0.002674397546797991,0.003276779083535075,0.0038852656725794077,0.004610169213265181,0.005363353993743658,0.006208472419530153,0.007107795216143131,0.008036588318645954,0.009032733738422394,0.010145721957087517,0.011288510635495186,0.012610815465450287,0.014000807888805866,0.015463686548173428,0.0172492153942585,0.01901988498866558,0.020856335759162903,0.022921331226825714,0.025177935138344765,0.027525752782821655,0.030093282461166382,0.03293982893228531,0.03607430309057236,0.03955275937914848,0.04369174689054489,0.04825747758150101,0.05329561233520508,0.05888010188937187,0.06457453966140747,0.0710570365190506,0.07789847254753113,0.08505052328109741,0.09302571415901184,0.10139288008213043,0.10888861864805222,0.11616542935371399,0.12316574156284332,0.13029548525810242,0.13762956857681274,0.14435389637947083,0.1506652981042862,0.15718135237693787,0.16567306220531464
1690,0.000128105646581389,0.0003322309348732233,0.0005978455301374197,0.0009273718460462987,0.0013280053390190005,0.0017956777010113,0.00237688678316772,0.002973835216835141,0.00370490038767457,0.0044968025758862495,0.0053895460441708565,0.006321053020656109,0.007475913967937231,0.008724948391318321,0.010133374482393265,0.011713736690580845,0.013483409769833088,0.01558919157832861,0.01779972016811371,0.02035800740122795,0.023068353533744812,0.02562747150659561,0.028529491275548935,0.031697724014520645,0.035046931356191635,0.038401637226343155,0.042131491005420685,0.04605630785226822,0.050306204706430435,0.054960183799266815,0.059735581278800964,0.06494492292404175,0.0706145241856575,0.0768197774887085,0.08314566314220428,0.08957718312740326,0.09702432155609131,0.10505153983831406,0.11374276876449585,0.12242989242076874,0.13063953816890717,0.13892464339733124,0.14902667701244354,0.16073335707187653,0.17437118291854858,0.1915551871061325,0.2099681794643402,0.2301269769668579,0.25093990564346313
1691,0.0001331875828327611,0.0003298716328572482,0.000573602388612926,0.0008936854428611696,0.0012852696236222982,0.0017283556517213583,0.002239250112324953,0.00279831001535058,0.0034242519177496433,0.004121210426092148,0.004826921969652176,0.005595879629254341,0.00645731296390295,0.007348182611167431,0.008326572366058826,0.009304838255047798,0.010452713817358017,0.01167658343911171,0.012928728014230728,0.014330229721963406,0.01590804010629654,0.017632387578487396,0.0195289459079504,0.021597065031528473,0.0239571500569582,0.026239419355988503,0.028664084151387215,0.031256310641765594,0.0339602492749691,0.036833152174949646,0.03961048275232315,0.04294131323695183,0.04618401825428009,0.04959147796034813,0.05318518728017807,0.057020917534828186,0.060972198843955994,0.06543312966823578,0.07008346915245056,0.07561769336462021,0.08132247626781464,0.08773984760046005,0.09523431211709976,0.10383743047714233,0.11179479956626892,0.1187092587351799,0.12289885431528091,0.12607984244823456,0.13281896710395813
1692,0.0001352369727101177,0.0003178806509822607,0.0005533258663490415,0.000854264188092202,0.00120677356608212,0.0015847858740016818,0.002006120514124632,0.0024660974740982056,0.002970924833789468,0.003460528329014778,0.004038464743643999,0.0046449825167655945,0.005291823297739029,0.005985660012811422,0.006762588396668434,0.007650796324014664,0.008619925938546658,0.00968588050454855,0.010889686644077301,0.012165676802396774,0.013633866794407368,0.01528487354516983,0.017034854739904404,0.018898651003837585,0.020946841686964035,0.02321215532720089,0.025823373347520828,0.028574444353580475,0.03155314922332764,0.03483390435576439,0.037972889840602875,0.04116746783256531,0.04464389383792877,0.04813330993056297,0.051629580557346344,0.05547775700688362,0.05927491933107376,0.06309296190738678,0.06726337969303131,0.07116430997848511,0.07509423792362213,0.0794205367565155,0.0835484191775322,0.08787292242050171,0.09230592846870422,0.09704545885324478,0.10143695771694183,0.10549347847700119,0.10930931568145752
1693,0.00013815858983434737,0.000331710500176996,0.0005816557677462697,0.0009051737142726779,0.0012456291588023305,0.0016400421736761928,0.002089709509164095,0.0025665624998509884,0.003103103954344988,0.0036795935593545437,0.004312152974307537,0.004943410400301218,0.005686628632247448,0.0064566656947135925,0.007257466204464436,0.008193239569664001,0.009177248924970627,0.010222617536783218,0.011406071484088898,0.012569848448038101,0.013991769403219223,0.015611391514539719,0.01715698465704918,0.018754608929157257,0.020513802766799927,0.022515760734677315,0.024355746805667877,0.026498371735215187,0.028824705630540848,0.03146972134709358,0.034386444836854935,0.03760401904582977,0.04088588058948517,0.0442672036588192,0.04794829711318016,0.051956143230199814,0.056433163583278656,0.06196229159832001,0.06796088069677353,0.07480420172214508,0.08303878456354141,0.09322398155927658,0.10453952103853226,0.11705926060676575,0.12899380922317505,0.14155900478363037,0.15191340446472168,0.16220736503601074,0.17549337446689606
1694,0.00012262209202162921,0.0002951174392364919,0.0005136094987392426,0.0007857679738663137,0.0011027180589735508,0.0014784829691052437,0.0019092869479209185,0.002413701731711626,0.0030052787624299526,0.0036888536997139454,0.00447770394384861,0.005408619064837694,0.006473723333328962,0.007775463163852692,0.00928124412894249,0.011066349223256111,0.01322855707257986,0.015914155170321465,0.018942637369036674,0.02213786169886589,0.025411456823349,0.02901708334684372,0.032602641731500626,0.03604672849178314,0.039947643876075745,0.04430347681045532,0.04901295527815819,0.0536409392952919,0.05841388553380966,0.06337051838636398,0.06871044635772705,0.07422560453414917,0.07977385818958282,0.08543796092271805,0.09084681421518326,0.09645102173089981,0.10234767198562622,0.10815998911857605,0.11389651894569397,0.11996447294950485,0.12630172073841095,0.1329091638326645,0.13950267434120178,0.14602318406105042,0.15199971199035645,0.1578344702720642,0.1623980700969696,0.16517455875873566,0.17001084983348846
1695,0.000134500369313173,0.00035370030673220754,0.0006239587673917413,0.0009704936528578401,0.0013649128377437592,0.0018046853365376592,0.0023227701894938946,0.0028686693403869867,0.003433327190577984,0.004042455460876226,0.004673840943723917,0.00541476346552372,0.006212286651134491,0.007157560437917709,0.008135685697197914,0.009339210577309132,0.010536469519138336,0.011940397322177887,0.013573364354670048,0.015389127656817436,0.017625339329242706,0.019895965233445168,0.022287962958216667,0.024853941053152084,0.027928443625569344,0.031001608818769455,0.03450286388397217,0.03856360912322998,0.04337790608406067,0.048855073750019073,0.05504220724105835,0.061415575444698334,0.06811517477035522,0.07503921538591385,0.08231692016124725,0.08954416960477829,0.09805908054113388,0.10713928192853928,0.11719247698783875,0.12739095091819763,0.13852602243423462,0.1496303379535675,0.16119754314422607,0.17427471280097961,0.1882483959197998,0.20085366070270538,0.21087896823883057,0.21959440410137177,0.22921030223369598
1696,0.00010421856859466061,0.00026098068337887526,0.0004501946677919477,0.0006863594753667712,0.0009493525139987469,0.0012581807095557451,0.0015923164319247007,0.001943780342116952,0.002336174016818404,0.0027745948173105717,0.0032264641486108303,0.003690771758556366,0.004227482248097658,0.004831450060009956,0.005459676496684551,0.00611729035153985,0.006876323837786913,0.007731362711638212,0.008598119020462036,0.009648045524954796,0.010764909908175468,0.012022299692034721,0.013330264948308468,0.014756283722817898,0.016351748257875443,0.018053296953439713,0.019958078861236572,0.02199222706258297,0.02410731464624405,0.026540283113718033,0.029212908819317818,0.03220006451010704,0.035441890358924866,0.03882916644215584,0.04229748994112015,0.045741256326436996,0.04948709160089493,0.05336972698569298,0.05797654017806053,0.06300462782382965,0.06828603148460388,0.0736548975110054,0.07922419160604477,0.08539345860481262,0.0915263369679451,0.09759211540222168,0.10328958183526993,0.10850420594215393,0.11316283047199249
1697,0.00013480527559295297,0.0003098506713286042,0.0005495815421454608,0.0008551603532396257,0.0011946226004511118,0.001580008422024548,0.002007163129746914,0.0024807783775031567,0.00296776182949543,0.003509639296680689,0.004090312402695417,0.004729363601654768,0.005432401783764362,0.0061176372691988945,0.006914366967976093,0.007749288808554411,0.008693864569067955,0.009742243215441704,0.010847248136997223,0.012016233056783676,0.013312960974872112,0.01469083409756422,0.016264859586954117,0.017982974648475647,0.019793083891272545,0.021885361522436142,0.024225950241088867,0.026791121810674667,0.029493220150470734,0.03255436569452286,0.03586936369538307,0.03923354297876358,0.04262102395296097,0.04647593945264816,0.05027464032173157,0.05444017052650452,0.059296708554029465,0.064936563372612,0.07176873087882996,0.08011094480752945,0.09030576050281525,0.10240604728460312,0.11693058907985687,0.1345556080341339,0.1529770791530609,0.1716267615556717,0.19114434719085693,0.2119712233543396,0.2371402084827423
1698,0.00013316945114638656,0.00036546593764796853,0.0006790797342546284,0.001083625596947968,0.0015440868446603417,0.0020975740626454353,0.002695110160857439,0.0033525903709232807,0.004127610474824905,0.004949575290083885,0.00588637450709939,0.006870628800243139,0.00793237704783678,0.009063404984772205,0.010316465049982071,0.011780869215726852,0.01331995241343975,0.014921645633876324,0.016627276316285133,0.018470823764801025,0.020354975014925003,0.022437527775764465,0.024693327024579048,0.027429096400737762,0.030310995876789093,0.03341648727655411,0.03676404058933258,0.04021022841334343,0.04399345815181732,0.048271648585796356,0.05301855131983757,0.05805586650967598,0.06323231011629105,0.06886899471282959,0.07492922246456146,0.08083505183458328,0.08777454495429993,0.09382020682096481,0.09950873255729675,0.10598104447126389,0.11198840290307999,0.11714935302734375,0.12255869805812836,0.12788306176662445,0.13277414441108704,0.13755956292152405,0.14213255047798157,0.14701250195503235,0.1519761085510254
1699,0.00017993948131334037,0.0004478739283513278,0.0008042101399041712,0.001243055914528668,0.0017392004374414682,0.002311352174729109,0.0029356966260820627,0.003625615034252405,0.00440586730837822,0.005246514454483986,0.006169481668621302,0.007091670297086239,0.008166649378836155,0.009278032928705215,0.010478729382157326,0.011813949793577194,0.01329538132995367,0.014832807704806328,0.016356445848941803,0.017995649948716164,0.01993858441710472,0.021967783570289612,0.02406635507941246,0.026406744495034218,0.028697654604911804,0.03114648535847664,0.03378293663263321,0.03638860583305359,0.03924466297030449,0.04236937686800957,0.045279256999492645,0.048560746014118195,0.051848337054252625,0.05536562204360962,0.05883455649018288,0.06252379715442657,0.06630656123161316,0.07041897624731064,0.0753074362874031,0.08089227974414825,0.08734436333179474,0.09493084251880646,0.10452134907245636,0.11577725410461426,0.1285480111837387,0.14351949095726013,0.15972018241882324,0.17801448702812195,0.2051238864660263
1700,0.00012964282359462231,0.0003372388309799135,0.0005954502266831696,0.0009287468856200576,0.0012995455181226134,0.0017118825344368815,0.0021605906076729298,0.0026691057719290257,0.003187243826687336,0.0037169603165239096,0.004309350159019232,0.004936804994940758,0.0055906870402395725,0.006317663937807083,0.007090267259627581,0.007935822941362858,0.008799763396382332,0.009723548777401447,0.01072169840335846,0.011845557019114494,0.012996451929211617,0.014294279739260674,0.015589455142617226,0.017005454748868942,0.018572475761175156,0.020273391157388687,0.0220418032258749,0.023953143507242203,0.026131445541977882,0.028564782813191414,0.03130098432302475,0.03447742015123367,0.038080569356679916,0.04219573736190796,0.046864330768585205,0.05254201591014862,0.05768565088510513,0.06399175524711609,0.07075564563274384,0.07758687436580658,0.08485453575849533,0.09262237697839737,0.09974703192710876,0.10698818415403366,0.11355448514223099,0.11963030695915222,0.1253737211227417,0.1318007856607437,0.14068926870822906
1701,0.00014548693434335291,0.0003382290597073734,0.0005755776073783636,0.0008602739544585347,0.0011702931951731443,0.0015616974560543895,0.0019962559454143047,0.002551189623773098,0.0031830838415771723,0.003908321727067232,0.0046266489662230015,0.005313191097229719,0.005923205520957708,0.006681361701339483,0.007359466049820185,0.008107723668217659,0.008741884492337704,0.009554663673043251,0.010455876588821411,0.011419547721743584,0.012298022396862507,0.013308237306773663,0.014298352412879467,0.015329258516430855,0.016565188765525818,0.017874404788017273,0.019310249015688896,0.021002663299441338,0.022604502737522125,0.024513065814971924,0.02680455707013607,0.029343873262405396,0.032105617225170135,0.0352264903485775,0.0386582687497139,0.04226074367761612,0.04596194997429848,0.0500122606754303,0.054241541773080826,0.058608636260032654,0.06266005337238312,0.06604361534118652,0.069756418466568,0.07375684380531311,0.07740268111228943,0.08130046725273132,0.08483989536762238,0.08832339942455292,0.09173572063446045
1702,0.00016447374946437776,0.00040430165245197713,0.0007248024339787662,0.0011399394134059548,0.0016361050074920058,0.0022233815398067236,0.0028737280517816544,0.0036481621209532022,0.004545262083411217,0.005550199653953314,0.0066713811829686165,0.007959935814142227,0.009433355182409286,0.011037463322281837,0.01264137588441372,0.014460117556154728,0.016381580382585526,0.01845293492078781,0.02049512043595314,0.02275805175304413,0.024996275082230568,0.027397431433200836,0.030050834640860558,0.03256882727146149,0.034903500229120255,0.037432797253131866,0.040022581815719604,0.04266751930117607,0.0454341322183609,0.048353809863328934,0.05135481432080269,0.054415013641119,0.05799184739589691,0.061615537852048874,0.0658145323395729,0.07049266993999481,0.07547065615653992,0.0802135095000267,0.0855017602443695,0.09069044888019562,0.0963134914636612,0.10237184911966324,0.10851345956325531,0.11493223905563354,0.1209607794880867,0.12794946134090424,0.13423773646354675,0.1398743838071823,0.14706729352474213
1703,0.0001336321874987334,0.00032692329841665924,0.0005843098042532802,0.0008894624188542366,0.0012525964993983507,0.0016606573481112719,0.0021399371325969696,0.0026463707908988,0.003219237783923745,0.0038347747176885605,0.00450859684497118,0.005244716070592403,0.006026936694979668,0.006916374433785677,0.007934297434985638,0.00895129144191742,0.010157328099012375,0.011505058035254478,0.012969516217708588,0.014647040516138077,0.016440104693174362,0.018520988523960114,0.02085157111287117,0.02366757020354271,0.02678370103240013,0.03016430139541626,0.034168172627687454,0.03827065974473953,0.0429232120513916,0.048307277262210846,0.05372482165694237,0.0598309226334095,0.06627261638641357,0.07300414144992828,0.08028747141361237,0.08739042282104492,0.09419821947813034,0.10059035569429398,0.10763485729694366,0.11347340792417526,0.11901338398456573,0.12477582693099976,0.13066311180591583,0.13637296855449677,0.14122042059898376,0.1465422362089157,0.15096160769462585,0.1549345850944519,0.15910686552524567
1704,0.00011194461694685742,0.00029380482737906277,0.0005337356124073267,0.0008516105590388179,0.0012027798220515251,0.0016227507730945945,0.002089033368974924,0.0026059839874505997,0.0031862379983067513,0.0038358373567461967,0.004540771245956421,0.005361748859286308,0.006283064838498831,0.007307454943656921,0.008414994925260544,0.009675798937678337,0.011108401231467724,0.012781285680830479,0.01448097825050354,0.016382645815610886,0.018531469628214836,0.02109646424651146,0.023773744702339172,0.026801100000739098,0.030178382992744446,0.0339503288269043,0.037886396050453186,0.04229339212179184,0.046782463788986206,0.05106011778116226,0.0555555522441864,0.060425762087106705,0.0652303397655487,0.0703793317079544,0.0756324976682663,0.08107559382915497,0.08622481673955917,0.09173670411109924,0.0974259078502655,0.10250632464885712,0.10775233805179596,0.11311498284339905,0.11858661472797394,0.12389595061540604,0.12863005697727203,0.13341593742370605,0.13839814066886902,0.14348284900188446,0.14863969385623932
1705,0.00016785546904429793,0.0004158621886745095,0.0007244406151585281,0.0010986827546730638,0.0015411745989695191,0.002076174598187208,0.002641000784933567,0.003254472278058529,0.0038896698970347643,0.004579165484756231,0.00536456098780036,0.006231518462300301,0.007055230438709259,0.007994937710464,0.009123783558607101,0.010323256254196167,0.011758907698094845,0.013327530585229397,0.015155075117945671,0.017053954303264618,0.01913357898592949,0.02161041647195816,0.02434409223496914,0.027099929749965668,0.030368490144610405,0.03377537429332733,0.03746241703629494,0.041604917496442795,0.045914098620414734,0.050219446420669556,0.05456452816724777,0.05962079018354416,0.0652640089392662,0.07071283459663391,0.07646586000919342,0.08238467574119568,0.08848516643047333,0.0947955846786499,0.100928395986557,0.10767635703086853,0.11425722390413284,0.12206979095935822,0.13054582476615906,0.14039115607738495,0.14946410059928894,0.15866515040397644,0.16590718924999237,0.17412424087524414,0.1879943162202835
1706,0.00013180288078729063,0.00033480621641501784,0.0005941531853750348,0.0009266197448596358,0.0013375438284128904,0.0018135663121938705,0.0023150532506406307,0.002850517863407731,0.0035089810844510794,0.004220977425575256,0.004964868538081646,0.0058108544908463955,0.006688543129712343,0.007591778412461281,0.00857436005026102,0.00957014225423336,0.01069530751556158,0.011920923367142677,0.013345216400921345,0.014925580471754074,0.01666462980210781,0.018485652282834053,0.020559433847665787,0.022709613665938377,0.02522016316652298,0.02825940027832985,0.03134208917617798,0.03484262153506279,0.03867025300860405,0.04281268268823624,0.04738733172416687,0.052896566689014435,0.05937987193465233,0.06612076610326767,0.07331488281488419,0.08077538013458252,0.08902454376220703,0.09751178324222565,0.10660184919834137,0.11646595597267151,0.12527550756931305,0.13256752490997314,0.1406906396150589,0.1478775143623352,0.15459668636322021,0.161575585603714,0.1680603325366974,0.17516611516475677,0.18265311419963837
1707,0.00012614711886271834,0.0003041221643798053,0.0005454383790493011,0.0008274223655462265,0.001164400251582265,0.001558816758915782,0.0020159510895609856,0.0024993133265525103,0.0030383134726434946,0.0036394617054611444,0.0042777229100465775,0.005022735334932804,0.0057710870169103146,0.006582404486835003,0.007477525155991316,0.008459022268652916,0.009441735222935677,0.010485954582691193,0.011807108297944069,0.013165590353310108,0.014613045379519463,0.0163265410810709,0.01821264624595642,0.02047315239906311,0.02290968783199787,0.025691289454698563,0.028752917423844337,0.03202495351433754,0.03564254939556122,0.0398104190826416,0.04414539784193039,0.04882579669356346,0.05344376713037491,0.05819496512413025,0.06349529325962067,0.06878713518381119,0.07376082241535187,0.07940994203090668,0.08545637130737305,0.09227323532104492,0.09918651729822159,0.10627734661102295,0.11465969681739807,0.12341302633285522,0.13377459347248077,0.14468981325626373,0.1564604789018631,0.16687026619911194,0.177523672580719
1708,0.00015109030937310308,0.0003514458076097071,0.0006076699355617166,0.0009311172179877758,0.001296352595090866,0.0017099687829613686,0.002167174592614174,0.002699723467230797,0.0032398710027337074,0.0038664275780320168,0.004521756898611784,0.0052111949771642685,0.005980334244668484,0.006773944012820721,0.007573360577225685,0.00837826170027256,0.009238913655281067,0.010148839093744755,0.011154231615364552,0.012242765165865421,0.013363419100642204,0.014525171369314194,0.01584649458527565,0.017389416694641113,0.01909901387989521,0.020934246480464935,0.022856729105114937,0.02477424591779709,0.02694481611251831,0.029341690242290497,0.031949955970048904,0.034758616238832474,0.037826843559741974,0.04104146733880043,0.0445285364985466,0.04810481145977974,0.05194418132305145,0.05579013004899025,0.059897590428590775,0.06471852958202362,0.06968201696872711,0.07447388768196106,0.0796792209148407,0.08553054928779602,0.09265264868736267,0.10030795633792877,0.1098691076040268,0.12201075255870819,0.13744360208511353
1709,0.00013888470130041242,0.0003437067789491266,0.0006308023585006595,0.0009979165624827147,0.0014464556006714702,0.0019310740754008293,0.002508742269128561,0.0031445366330444813,0.0038266091141849756,0.004579510539770126,0.005386250093579292,0.0062120272777974606,0.007109728641808033,0.008092823438346386,0.009141653776168823,0.01026700995862484,0.011519541963934898,0.012873515486717224,0.01451887097209692,0.0162962693721056,0.018367387354373932,0.02051869034767151,0.023032614961266518,0.025819946080446243,0.028836432844400406,0.03226643428206444,0.036329809576272964,0.040879253298044205,0.046051423996686935,0.05198533833026886,0.05831310525536537,0.06526519358158112,0.07292184233665466,0.08100847154855728,0.09004765748977661,0.099855937063694,0.1101459264755249,0.12091328948736191,0.1319957673549652,0.14264000952243805,0.15376007556915283,0.164328470826149,0.17445796728134155,0.18423865735530853,0.19407197833061218,0.20413118600845337,0.21308717131614685,0.22092995047569275,0.2273489385843277
1710,0.0001299156283494085,0.000329198082908988,0.0005691187107004225,0.0008708396926522255,0.0012188716791570187,0.001637582783587277,0.0020963496062904596,0.0026078904047608376,0.003161118132993579,0.003762325271964073,0.004404678009450436,0.005101770628243685,0.00588702829554677,0.006735532078891993,0.007658081129193306,0.008661681786179543,0.00984283909201622,0.01115572638809681,0.01267215982079506,0.014346279203891754,0.016244009137153625,0.0184769406914711,0.020789194852113724,0.02344568818807602,0.026315636932849884,0.029741358011960983,0.033076897263526917,0.03665695711970329,0.04041939973831177,0.044260915368795395,0.048124149441719055,0.051811035722494125,0.05572015792131424,0.05963259935379028,0.063431516289711,0.06727218627929688,0.07130856812000275,0.07545129209756851,0.07977216690778732,0.08436498045921326,0.08902387320995331,0.09394118189811707,0.09922172874212265,0.10476373881101608,0.1107809990644455,0.11720067262649536,0.12400175631046295,0.13155731558799744,0.1404486745595932
1711,0.00012909907673019916,0.0003141238703392446,0.000549342657905072,0.0008488018647767603,0.0012106705689802766,0.0016320511931553483,0.002101215301081538,0.002610818948596716,0.0031856088899075985,0.003859539981931448,0.004601669497787952,0.005385863594710827,0.00625118613243103,0.0071728965267539024,0.008214082568883896,0.009298657067120075,0.010543624870479107,0.011871162801980972,0.013285180553793907,0.014740467071533203,0.016353338956832886,0.018135637044906616,0.019898712635040283,0.021726198494434357,0.023542065173387527,0.025474390015006065,0.02753533236682415,0.02969593182206154,0.03193456679582596,0.03403090685606003,0.03628837689757347,0.03860478848218918,0.040995411574840546,0.04368716478347778,0.046663083136081696,0.049886684864759445,0.05317619442939758,0.057235825806856155,0.061681848019361496,0.06620623916387558,0.07134201377630234,0.07720902562141418,0.08388437330722809,0.09130170941352844,0.09808549284934998,0.10606828331947327,0.11409461498260498,0.12217488884925842,0.13041704893112183
1712,0.00014230886881705374,0.0003451655793469399,0.0006033503450453281,0.0009434556122869253,0.001308922772295773,0.0017150682397186756,0.002157469280064106,0.002586902119219303,0.0030447409953922033,0.003587116487324238,0.004240816459059715,0.004895807709544897,0.0056127337738871574,0.006433702073991299,0.0074344538152217865,0.008577361702919006,0.00994064100086689,0.011420928873121738,0.01338186115026474,0.015227207913994789,0.01713097281754017,0.01927422732114792,0.02179720252752304,0.02422274276614189,0.026981797069311142,0.03003648668527603,0.03376323729753494,0.037522561848163605,0.04141954332590103,0.04554484412074089,0.04963522404432297,0.05392315983772278,0.05834635719656944,0.06294561922550201,0.0674719363451004,0.07219868153333664,0.07655128836631775,0.08077377080917358,0.08579186350107193,0.09082949161529541,0.0961843803524971,0.10185793042182922,0.10742107033729553,0.11358539015054703,0.12017083913087845,0.1263391375541687,0.13348639011383057,0.14105066657066345,0.1506585031747818
1713,0.0001554192858748138,0.0004323565517552197,0.0008412417373619974,0.0012792326742783189,0.0017851514276117086,0.0023473252076655626,0.0029850814025849104,0.0036721406504511833,0.004452211782336235,0.0052475035190582275,0.006184958387166262,0.007294946350157261,0.00840404350310564,0.00969113688915968,0.011005115695297718,0.012350496836006641,0.013889607042074203,0.01554935984313488,0.01750301942229271,0.01956244185566902,0.022004028782248497,0.0245019793510437,0.027261750772595406,0.030247889459133148,0.03360623121261597,0.03734121099114418,0.041203271597623825,0.04534687101840973,0.049349747598171234,0.05358212813735008,0.058051012456417084,0.06215977668762207,0.0669548511505127,0.07282570004463196,0.0791882798075676,0.08613225817680359,0.09327676892280579,0.10055588185787201,0.10847027599811554,0.1164892241358757,0.124331995844841,0.1316545009613037,0.13810184597969055,0.14335346221923828,0.14821286499500275,0.15167683362960815,0.15386852622032166,0.1566237509250641,0.16183063387870789
1714,0.00012480953591875732,0.000287762435618788,0.0004860272165387869,0.0007442374480888247,0.001031899475492537,0.0013509546406567097,0.0016634194180369377,0.0020282259210944176,0.002410836983472109,0.002806288655847311,0.0031621463131159544,0.0035437247715890408,0.003989165648818016,0.00437704473733902,0.004794825334101915,0.005290794651955366,0.005808757618069649,0.006378467194736004,0.006973881274461746,0.007659386843442917,0.00841483660042286,0.009221561253070831,0.010065177455544472,0.010975716635584831,0.011939317919313908,0.013031963258981705,0.01423816941678524,0.015386311337351799,0.016651563346385956,0.018035782501101494,0.01956198364496231,0.02107594534754753,0.022643407806754112,0.02439333125948906,0.026112591847777367,0.028079640120267868,0.03002951294183731,0.03198135271668434,0.034000150859355927,0.03600906580686569,0.03806344047188759,0.04037518426775932,0.04266328364610672,0.04519197717308998,0.0474478080868721,0.049433544278144836,0.05135654658079147,0.05357850342988968,0.05581400543451309
1715,0.00011246167559875175,0.0002690040855668485,0.0004814337007701397,0.0007405867800116539,0.0010516711045056581,0.001432244200259447,0.0018453389639034867,0.0022780820727348328,0.0028053168207406998,0.0033553955145180225,0.003983583766967058,0.004682193044573069,0.005438155494630337,0.006190817803144455,0.006977606564760208,0.007846448570489883,0.008840655907988548,0.009894665330648422,0.011181420646607876,0.012516450136899948,0.014085281640291214,0.0158311128616333,0.017635976895689964,0.019752798601984978,0.02189462259411812,0.02433883771300316,0.02718287706375122,0.029974602162837982,0.03313818201422691,0.03638358414173126,0.03978177532553673,0.04327383637428284,0.04659062623977661,0.05007212609052658,0.05388475954532623,0.057652175426483154,0.06183156371116638,0.06649268418550491,0.07173769176006317,0.07739759981632233,0.08364637196063995,0.09053518623113632,0.09871405363082886,0.10717208683490753,0.11487319320440292,0.12151476740837097,0.12648585438728333,0.13251549005508423,0.14190112054347992
1716,0.00013316329568624496,0.00032814571750350296,0.0005860344972461462,0.0009384867735207081,0.0013480334309861064,0.0018293769098818302,0.0023591998033225536,0.0029786766972392797,0.003598423907533288,0.004262114409357309,0.004919007420539856,0.00565626984462142,0.006421148311346769,0.007285604253411293,0.00815537292510271,0.009198767133057117,0.010339646600186825,0.011567441746592522,0.013191401958465576,0.015164615586400032,0.017304955050349236,0.019912002608180046,0.022681912407279015,0.025690946727991104,0.0289686881005764,0.03246823698282242,0.036335304379463196,0.04041994735598564,0.04492130130529404,0.04980968311429024,0.05536536127328873,0.06180931255221367,0.06881584227085114,0.07565714418888092,0.08331456780433655,0.091078981757164,0.0994144082069397,0.10804317146539688,0.11690005660057068,0.12559741735458374,0.13458073139190674,0.1437169760465622,0.15281090140342712,0.16108360886573792,0.16940747201442719,0.17695537209510803,0.18363671004772186,0.19033010303974152,0.1966819316148758
1717,0.00010214605572400615,0.0002819708315655589,0.0005335408495739102,0.0008361490326933563,0.0011831434676423669,0.0016000132309272885,0.002088509500026703,0.00262557715177536,0.0032097375951707363,0.0038219569250941277,0.0044861165806651115,0.0052643828094005585,0.006172691471874714,0.007080265786498785,0.0080865528434515,0.009297825396060944,0.010714121162891388,0.012273376807570457,0.014016762375831604,0.015977786853909492,0.01801341399550438,0.020352069288492203,0.022931259125471115,0.02556399628520012,0.0285663865506649,0.03187517449259758,0.03550609201192856,0.039351243525743484,0.0434880293905735,0.04786265641450882,0.052715856581926346,0.05812695622444153,0.06352417916059494,0.06959018111228943,0.0762595683336258,0.08318953961133957,0.09007568657398224,0.09689655900001526,0.10365819931030273,0.1110931932926178,0.11862261593341827,0.12557776272296906,0.13264910876750946,0.1402241438627243,0.14767229557037354,0.15600468218326569,0.16440992057323456,0.17391929030418396,0.18443122506141663
1718,0.00012215779861435294,0.00030327498097904027,0.0005566012114286423,0.000848873401992023,0.0012168141547590494,0.0016327719204127789,0.002070092363283038,0.0025662430562078953,0.0030935681425035,0.0036826080176979303,0.004252652637660503,0.004929491318762302,0.0056460704654455185,0.006479437462985516,0.0073123229667544365,0.008264586329460144,0.009244488552212715,0.010343288071453571,0.011598403565585613,0.012922179885208607,0.014408797025680542,0.016026590019464493,0.017861824482679367,0.019766749814152718,0.02188483253121376,0.024205032736063004,0.026722675189375877,0.0294045303016901,0.0325777605175972,0.03630474582314491,0.04026389494538307,0.04464688152074814,0.04958920180797577,0.05498166382312775,0.06120236963033676,0.06800328195095062,0.07554784417152405,0.08445694297552109,0.09432747960090637,0.10533853620290756,0.11795986443758011,0.13246724009513855,0.14968754351139069,0.16934743523597717,0.1897805780172348,0.21099761128425598,0.22953805327415466,0.24548083543777466,0.263516902923584
1719,0.00012807015446014702,0.0002995354006998241,0.0005152024095878005,0.0007839730242267251,0.0010993937030434608,0.0014688423834741116,0.0018835334340110421,0.0022880781907588243,0.002724657766520977,0.003162291832268238,0.0036525349132716656,0.004274892620742321,0.005130148958414793,0.006014884449541569,0.0067771733738482,0.0075640371069312096,0.008431069552898407,0.009283059276640415,0.010336277075111866,0.011607123538851738,0.013021822087466717,0.014658191241323948,0.016512077301740646,0.018833771347999573,0.02150736376643181,0.024475514888763428,0.027680251747369766,0.030890148133039474,0.034018807113170624,0.037512149661779404,0.041380174458026886,0.04512884467840195,0.04905729740858078,0.05317096412181854,0.057978976517915726,0.06299874186515808,0.06812763214111328,0.07354967296123505,0.0793709009885788,0.08554913103580475,0.09239938110113144,0.09986654669046402,0.10795262455940247,0.1166628822684288,0.1250859498977661,0.1330244541168213,0.138698011636734,0.1438349485397339,0.1503186672925949
1720,0.00014614875544793904,0.0003785368462558836,0.0006457646959461272,0.0010290065547451377,0.0014694479759782553,0.0019923285581171513,0.002604362554848194,0.003333521541208029,0.0041849371045827866,0.005175724625587463,0.006195558235049248,0.007342377677559853,0.008660282008349895,0.010098259896039963,0.011637527495622635,0.013513855636119843,0.015521528199315071,0.017796840518712997,0.020322510972619057,0.023335542529821396,0.026640523225069046,0.030072826892137527,0.03353209048509598,0.037375085055828094,0.04157254099845886,0.0458558015525341,0.05043669790029526,0.05544297769665718,0.060800693929195404,0.06656637787818909,0.07213354855775833,0.07748012989759445,0.08305736631155014,0.08855253458023071,0.09399071335792542,0.09935098886489868,0.10395142436027527,0.10897332429885864,0.11427692323923111,0.1190037950873375,0.12331090867519379,0.12779667973518372,0.1324017345905304,0.1368153691291809,0.14099730551242828,0.14568999409675598,0.1507343053817749,0.1562538743019104,0.16272148489952087
1721,0.00011892194743268192,0.000301894498988986,0.0005331352003850043,0.0008124713785946369,0.001151650445535779,0.0015334922354668379,0.0019315911922603846,0.0023925937712192535,0.0029067229479551315,0.0034951544366776943,0.0041061388328671455,0.004887288436293602,0.005736250430345535,0.006746772676706314,0.007871855050325394,0.00914010964334011,0.010648935101926327,0.012408716604113579,0.014501811936497688,0.01675444096326828,0.01942748762667179,0.022102799266576767,0.024707738310098648,0.027369774878025055,0.029976733028888702,0.032515496015548706,0.035187676548957825,0.03806556761264801,0.04082201048731804,0.04319394379854202,0.04568266496062279,0.047900449484586716,0.05018250271677971,0.05246312916278839,0.05473104119300842,0.056869491934776306,0.05898521840572357,0.06116652488708496,0.06351074576377869,0.06605792045593262,0.0685964822769165,0.07133788615465164,0.07420836389064789,0.07784333825111389,0.08121383190155029,0.08443403989076614,0.08750224113464355,0.09120656549930573,0.09489420056343079
1722,0.00013838557060807943,0.0003453402896411717,0.0005981212016195059,0.0009218670893460512,0.0012994952267035842,0.0017036749050021172,0.002132558263838291,0.0025748356711119413,0.0030428613536059856,0.003577441442757845,0.004161105491220951,0.004760569892823696,0.005376482382416725,0.0060742925852537155,0.006793518550693989,0.007588454056531191,0.008534078486263752,0.009525415487587452,0.010669665411114693,0.011896391399204731,0.013260657899081707,0.014801563695073128,0.016408398747444153,0.018298564478754997,0.02036283165216446,0.0226407703012228,0.025110896676778793,0.027721693739295006,0.03068084642291069,0.033833637833595276,0.03710182383656502,0.04031920060515404,0.0436786450445652,0.04759346693754196,0.051547516137361526,0.05581121891736984,0.06009123474359512,0.06433376669883728,0.0688871443271637,0.07412974536418915,0.07940986007452011,0.0846315324306488,0.0904914066195488,0.09676064550876617,0.10319790244102478,0.1090300902724266,0.11362482607364655,0.11841315776109695,0.12526151537895203
1723,0.0001380451285513118,0.0003492432297207415,0.000587952381465584,0.0009051652159541845,0.0012594962026923895,0.001683378010056913,0.0021407881285995245,0.002703320235013962,0.003343978663906455,0.0040487670339643955,0.004894077777862549,0.005846657324582338,0.006960854399949312,0.008303244598209858,0.009809520095586777,0.011530635878443718,0.013365236110985279,0.01532527431845665,0.017472490668296814,0.019687263295054436,0.021911751478910446,0.024319220334291458,0.02662120945751667,0.029176566749811172,0.031824514269828796,0.03456275165081024,0.037292249500751495,0.039913494139909744,0.04265822470188141,0.045749958604574203,0.04891393333673477,0.051946744322776794,0.05493529886007309,0.057327065616846085,0.059837210923433304,0.062214404344558716,0.06427480280399323,0.06635411828756332,0.06850499659776688,0.07089778780937195,0.07313425838947296,0.07529677450656891,0.0777428075671196,0.08004167675971985,0.08247727900743484,0.08469203859567642,0.08710099756717682,0.08993154764175415,0.09340666234493256
1724,0.00012792569759767503,0.00033958995481953025,0.0006089166272431612,0.0009253022726625204,0.001317088957875967,0.001770718372426927,0.0022931143175810575,0.0029027073178440332,0.0035674278624355793,0.004304142668843269,0.005137995816767216,0.006015435792505741,0.006992973852902651,0.008038319647312164,0.009223135188221931,0.010525163263082504,0.011879859492182732,0.013505024835467339,0.015189696103334427,0.017155788838863373,0.019387956708669662,0.021791553124785423,0.024522656574845314,0.027577988803386688,0.0310392864048481,0.03463109955191612,0.038625650107860565,0.04275062307715416,0.04734788462519646,0.052153535187244415,0.057123154401779175,0.06263336539268494,0.06858822703361511,0.07510276138782501,0.08240288496017456,0.0897718146443367,0.09752818942070007,0.10528142005205154,0.11412294209003448,0.12391109019517899,0.13505683839321136,0.1476256251335144,0.16147483885288239,0.17606526613235474,0.1915670931339264,0.20759257674217224,0.22362378239631653,0.23966120183467865,0.25682708621025085
1725,0.00013857927115168422,0.0003569256514310837,0.000609568553045392,0.0009422196890227497,0.0014183814637362957,0.0019401602912694216,0.002567065181210637,0.003224031999707222,0.004029155243188143,0.004895941354334354,0.005845446139574051,0.006763485725969076,0.007827079854905605,0.008945804089307785,0.01024007797241211,0.011506387032568455,0.012873457744717598,0.014386864379048347,0.015860486775636673,0.017375154420733452,0.01907668076455593,0.02088095061480999,0.022664790973067284,0.02464228868484497,0.026813356205821037,0.028887202963232994,0.03112706169486046,0.03362322598695755,0.03614428639411926,0.0389370359480381,0.04213723540306091,0.04584289714694023,0.049714088439941406,0.053983837366104126,0.058690574020147324,0.0644974559545517,0.07109387218952179,0.07840847223997116,0.08623450994491577,0.09412387013435364,0.10196347534656525,0.11019909381866455,0.11814224720001221,0.12525342404842377,0.131236732006073,0.13720469176769257,0.14223173260688782,0.1472078263759613,0.15327395498752594
1726,0.0001295864931307733,0.0003165961825288832,0.0005418728105723858,0.0008220975287258625,0.0011654256377369165,0.0015555628342553973,0.002009423915296793,0.002484938595443964,0.0030511815566569567,0.0036748824641108513,0.004356559365987778,0.005128222517669201,0.0060020131058990955,0.0068996562622487545,0.007915103808045387,0.009059149771928787,0.010423952713608742,0.011798325926065445,0.013300027698278427,0.01494806632399559,0.01668618805706501,0.018619533628225327,0.0207842867821455,0.02296553924679756,0.025302249938249588,0.027840808033943176,0.030342310667037964,0.03304051607847214,0.03595492243766785,0.03916250169277191,0.0423106849193573,0.045669201761484146,0.04906446486711502,0.05262956768274307,0.05594511702656746,0.0596843957901001,0.06342481821775436,0.06734953820705414,0.07162994146347046,0.07607550919055939,0.08151806145906448,0.08857375383377075,0.09683465212583542,0.10573417693376541,0.11546248197555542,0.12624554336071014,0.13694094121456146,0.14848686754703522,0.16141968965530396
1727,0.00014246672799345106,0.0003573497524484992,0.0006266454001888633,0.000961983110755682,0.0013700916897505522,0.0018452771473675966,0.0023708962835371494,0.00295774987898767,0.003603122429922223,0.004317606799304485,0.005123811308294535,0.006038314197212458,0.007063549943268299,0.00811736285686493,0.009226921945810318,0.010408488102257252,0.011809991672635078,0.013181678019464016,0.014810382388532162,0.01657899096608162,0.01857028715312481,0.020869698375463486,0.023385386914014816,0.02620961144566536,0.029299193993210793,0.03243710473179817,0.03587574511766434,0.03922775387763977,0.04274197667837143,0.046634625643491745,0.050639741122722626,0.054911598563194275,0.059507861733436584,0.06456586718559265,0.07001000642776489,0.07517730444669724,0.08070871978998184,0.08666520565748215,0.09280269593000412,0.09893646836280823,0.10519692301750183,0.11259136348962784,0.12064613401889801,0.12921172380447388,0.1378873586654663,0.14729192852973938,0.15720884501934052,0.16915449500083923,0.18326053023338318
1728,0.0001411648845532909,0.00033634150167927146,0.0005552928196266294,0.0008283164352178574,0.0011621463345363736,0.0015471546212211251,0.0019780604634433985,0.002464644145220518,0.0030232169665396214,0.0036160291638225317,0.004226940684020519,0.00496088620275259,0.005765910260379314,0.006608353927731514,0.007598020136356354,0.008612067438662052,0.009757875464856625,0.010949447751045227,0.012180284596979618,0.013423135504126549,0.01469480525702238,0.01601455546915531,0.017349103465676308,0.018896089866757393,0.020492037758231163,0.02203790657222271,0.02359490469098091,0.02510366030037403,0.0269786324352026,0.02907140552997589,0.03124452382326126,0.03368036821484566,0.03633604198694229,0.039278339594602585,0.04245695471763611,0.04649762064218521,0.05104559659957886,0.05604664236307144,0.06153634935617447,0.0679621547460556,0.07523074001073837,0.0835828185081482,0.09307775646448135,0.10380271077156067,0.11523100733757019,0.12642933428287506,0.13850700855255127,0.15060293674468994,0.1643935889005661
1729,0.0002936011296696961,0.0005238935700617731,0.0008267570519819856,0.0011662133038043976,0.0015710359439253807,0.0020009984727948904,0.0024827842134982347,0.0030716019682586193,0.0036762477830052376,0.004283289425075054,0.004927826579660177,0.005609389394521713,0.006372385658323765,0.007209098897874355,0.008177394978702068,0.009249698370695114,0.01048363745212555,0.011904888786375523,0.013487627729773521,0.015063975006341934,0.01675444468855858,0.018598085269331932,0.020617973059415817,0.022662686184048653,0.024997802451252937,0.027418561279773712,0.02973616123199463,0.03243999928236008,0.03529251366853714,0.03843146190047264,0.04218043386936188,0.04614308848977089,0.05061446502804756,0.05547532066702843,0.06066995859146118,0.06750092655420303,0.07422342151403427,0.08162577450275421,0.08900151401758194,0.09702986478805542,0.10494907200336456,0.11309653520584106,0.12152260541915894,0.13032318651676178,0.13857781887054443,0.14608027040958405,0.1523648351430893,0.15841814875602722,0.16812998056411743
1730,0.00015678931958973408,0.000348486821167171,0.000591758347582072,0.0008547209436073899,0.0011811703443527222,0.001530156354419887,0.001884151715785265,0.00235464028082788,0.002872208599001169,0.00344899226911366,0.004063239321112633,0.004768601153045893,0.005495267454534769,0.006430437322705984,0.007389032747596502,0.00843057781457901,0.009700007736682892,0.010982200503349304,0.012537491507828236,0.014120695181190968,0.01612759940326214,0.018342282623052597,0.02055770717561245,0.0230427123606205,0.02590217813849449,0.029041564092040062,0.03249483183026314,0.036441631615161896,0.04110037535429001,0.04582924023270607,0.05113864317536354,0.05669689178466797,0.06273539364337921,0.06957200169563293,0.07696382701396942,0.0847218930721283,0.09324804693460464,0.10246789455413818,0.11283232271671295,0.12422904372215271,0.13615688681602478,0.14842489361763,0.1611165553331375,0.17373773455619812,0.183915376663208,0.19030410051345825,0.19448423385620117,0.1996527463197708,0.21799501776695251
1731,0.0001412789715686813,0.0003449654032010585,0.000615590310189873,0.0009542434709146619,0.0014020466478541493,0.0019204803975299,0.0025155784096568823,0.003218393074348569,0.003988135140389204,0.004856373183429241,0.005853645969182253,0.006897922605276108,0.008037550374865532,0.009351187385618687,0.010722951032221317,0.012150762602686882,0.013835808262228966,0.015581507235765457,0.017589136958122253,0.019764145836234093,0.02224985510110855,0.024854876101017,0.027574216946959496,0.030629251152276993,0.03382115811109543,0.03702263906598091,0.04045221582055092,0.04443592578172684,0.048470333218574524,0.05233033746480942,0.055976398289203644,0.05979738384485245,0.0637611448764801,0.06807858496904373,0.07298043370246887,0.07848372310400009,0.08408642560243607,0.08946860581636429,0.09475314617156982,0.09936916828155518,0.10372962057590485,0.10881558805704117,0.11363652348518372,0.11894191056489944,0.12382146716117859,0.12872564792633057,0.1328694224357605,0.13690298795700073,0.14105772972106934
1732,0.00011967425962211564,0.00028727902099490166,0.0005056094960309565,0.000798189896158874,0.0011122215073555708,0.0014619396533817053,0.001913210260681808,0.002391763962805271,0.002937255660071969,0.003500469261780381,0.004157307557761669,0.004891463089734316,0.005656925030052662,0.006518661044538021,0.007403552997857332,0.008423315361142159,0.009528156369924545,0.010752502828836441,0.012014863081276417,0.013220731168985367,0.014537148177623749,0.015893150120973587,0.01739320158958435,0.018955493345856667,0.020540751516819,0.022274743765592575,0.024020502343773842,0.025792043656110764,0.0276869498193264,0.029838919639587402,0.03214031457901001,0.034831155091524124,0.03774036467075348,0.041072458028793335,0.045126333832740784,0.04983288049697876,0.05537905544042587,0.061906974762678146,0.06912566721439362,0.07664580643177032,0.08519544452428818,0.09395068883895874,0.10277017205953598,0.11054150760173798,0.11770880222320557,0.12297588586807251,0.12588168680667877,0.12809701263904572,0.13407179713249207
1733,0.00014729845861438662,0.0003574688744265586,0.0006243025418370962,0.0009477470302954316,0.0012999825412407517,0.0017133455257862806,0.0021710877772420645,0.0026576220989227295,0.0032053212635219097,0.0037854372058063745,0.00442671962082386,0.005114166531711817,0.005922691430896521,0.006768772378563881,0.007747921161353588,0.00874780397862196,0.00989370048046112,0.011012924835085869,0.012340009212493896,0.013798339292407036,0.015300460159778595,0.016969073563814163,0.018864672631025314,0.020928775891661644,0.023128366097807884,0.02566881850361824,0.02824598178267479,0.031070232391357422,0.03433932363986969,0.03787963092327118,0.041758760809898376,0.04617927968502045,0.05062657594680786,0.055522091686725616,0.060354072600603104,0.06553106755018234,0.0705263689160347,0.07562076300382614,0.08133983612060547,0.08650746941566467,0.09208638966083527,0.09834714233875275,0.10438564419746399,0.11025755107402802,0.11617319285869598,0.12353794276714325,0.13038277626037598,0.1358794867992401,0.14275698363780975
1734,0.00013331897207535803,0.0003299208474345505,0.0005676444270648062,0.0009087963844649494,0.001283522811718285,0.0017524402355775237,0.0023145279847085476,0.0029738862067461014,0.0037299590185284615,0.004682960920035839,0.0057900152169167995,0.007130476646125317,0.008612705394625664,0.010277032852172852,0.01199586782604456,0.013804484158754349,0.015735622495412827,0.01759689301252365,0.019546955823898315,0.021838312968611717,0.02426062524318695,0.02700570598244667,0.029962899163365364,0.032839298248291016,0.03587996959686279,0.03916487097740173,0.042692434042692184,0.04621458053588867,0.05009426921606064,0.05425030738115311,0.05858433246612549,0.06313271820545197,0.06794662773609161,0.07265111804008484,0.07752319425344467,0.08245944231748581,0.08722345530986786,0.09231526404619217,0.09681535512208939,0.10132302343845367,0.10538747906684875,0.1091400533914566,0.11250625550746918,0.11572663486003876,0.11997446417808533,0.1250562071800232,0.13165797293186188,0.13977399468421936,0.15023456513881683
1735,0.00014519890828523785,0.00035125965951010585,0.0005928711034357548,0.0009333710186183453,0.0013060161145403981,0.0017735465662553906,0.002284401562064886,0.0029021603986620903,0.003615941386669874,0.004426851868629456,0.005342073272913694,0.00636416906490922,0.007533764932304621,0.008652076125144958,0.009907706640660763,0.011214537546038628,0.012612536549568176,0.01412460207939148,0.015713494271039963,0.017360882833600044,0.01911931298673153,0.02101365476846695,0.023143231868743896,0.025386162102222443,0.027691733092069626,0.03012215904891491,0.032660167664289474,0.03557194769382477,0.038748692721128464,0.04225132614374161,0.045881859958171844,0.04961574822664261,0.05277091637253761,0.05634037405252457,0.0599665492773056,0.06364135444164276,0.06732745468616486,0.07105100154876709,0.07473596930503845,0.07858812808990479,0.08254443854093552,0.08707836270332336,0.09159683436155319,0.09667394310235977,0.10157319903373718,0.10696110874414444,0.11228462308645248,0.11865969002246857,0.12427698075771332
1736,0.00013847334776073694,0.0003227614797651768,0.0005647731013596058,0.0008531681960448623,0.0011919030221179128,0.001613888773135841,0.0020756421145051718,0.0026143048889935017,0.003214010503143072,0.003939923830330372,0.004718618467450142,0.005637843627482653,0.00667871069163084,0.007743877358734608,0.00892470683902502,0.010239274241030216,0.011636154726147652,0.013087322004139423,0.01478884182870388,0.01648377999663353,0.018545007333159447,0.02077777497470379,0.023220455273985863,0.026015765964984894,0.029174260795116425,0.03247698396444321,0.036413222551345825,0.04071342572569847,0.04554060846567154,0.050622910261154175,0.056223150342702866,0.06181748956441879,0.06778743863105774,0.07374803721904755,0.0798531249165535,0.08618909120559692,0.09233741462230682,0.09884154051542282,0.1053936555981636,0.11133471131324768,0.11755792796611786,0.12281160056591034,0.12821759283542633,0.13324129581451416,0.1384107768535614,0.14386798441410065,0.14974282681941986,0.15621235966682434,0.1661413013935089
1737,0.00012510547821875662,0.0002855270868167281,0.0004810559912584722,0.0007399716996587813,0.001069139689207077,0.0014414377510547638,0.0018721597734838724,0.0023181752767413855,0.0028634886257350445,0.003438384737819433,0.004076121840626001,0.004725875332951546,0.005484939552843571,0.0062987287528812885,0.007184622809290886,0.008121075108647346,0.009234696626663208,0.01046284381300211,0.011998395435512066,0.013551054522395134,0.01524033211171627,0.017181191593408585,0.019262224435806274,0.021319756284356117,0.023586753755807877,0.026170695200562477,0.02886839210987091,0.031908512115478516,0.0352911651134491,0.03904647007584572,0.042857639491558075,0.047409795224666595,0.05230247229337692,0.05781279504299164,0.0635179877281189,0.06950046867132187,0.07567523419857025,0.08204425871372223,0.08791644871234894,0.09331526607275009,0.0982440859079361,0.10323210805654526,0.10785892605781555,0.11268390715122223,0.11718720197677612,0.12109333276748657,0.12417424470186234,0.12606653571128845,0.12840862572193146
1738,0.0001304693432757631,0.00031519136973656714,0.0005503313150256872,0.0008586178300902247,0.0012006070464849472,0.0016160828527063131,0.002048979513347149,0.0025575896725058556,0.0030544111505150795,0.003599458374083042,0.004159565083682537,0.004816051106899977,0.005460439249873161,0.0061426907777786255,0.006836826913058758,0.007603524252772331,0.008434951305389404,0.009210889227688313,0.010092003270983696,0.01096090953797102,0.011884789913892746,0.013036463409662247,0.014234315603971481,0.015527909621596336,0.016943734139204025,0.01865069940686226,0.020707616582512856,0.022956619039177895,0.02567155659198761,0.028643641620874405,0.03180075064301491,0.03566224128007889,0.039972759783267975,0.044930052012205124,0.05039311945438385,0.056634772568941116,0.06387510895729065,0.07216976583003998,0.08200719952583313,0.09357278048992157,0.10749933868646622,0.1250843107700348,0.14658482372760773,0.17297795414924622,0.20381571352481842,0.23505458235740662,0.2664808928966522,0.2974078059196472,0.3303849995136261
1739,0.00014017165813129395,0.00034234111080877483,0.0005931170890107751,0.0008839649963192642,0.001221225131303072,0.0016031635459512472,0.0020557257812470198,0.002568421885371208,0.003096319269388914,0.003712836652994156,0.004385075531899929,0.00512660713866353,0.005964789539575577,0.006914631463587284,0.007974660024046898,0.009223250672221184,0.01062726229429245,0.012187321670353413,0.013939084485173225,0.01587769202888012,0.017923947423696518,0.02017609402537346,0.02264263480901718,0.025261837989091873,0.028062619268894196,0.0311528742313385,0.03456616774201393,0.03790087252855301,0.0414753220975399,0.045462533831596375,0.049688465893268585,0.05418223887681961,0.059285473078489304,0.06503655016422272,0.07098006457090378,0.07712855190038681,0.08366402983665466,0.09061810374259949,0.09723896533250809,0.10456743836402893,0.11215490102767944,0.11995089799165726,0.12706556916236877,0.13479940593242645,0.14215585589408875,0.1488419771194458,0.15441440045833588,0.1611270010471344,0.17012420296669006
1740,0.0001049184356816113,0.00026002441882155836,0.0004381349717732519,0.0006706039421260357,0.0009445893811061978,0.0012642540968954563,0.0015924777835607529,0.0019641334656625986,0.0023865916300565004,0.0028516706079244614,0.0033159295562654734,0.0038740949239581823,0.004462854471057653,0.005069967359304428,0.005685186013579369,0.006386160850524902,0.007210788317024708,0.00806388258934021,0.009045426733791828,0.010032289661467075,0.011146614328026772,0.012339392676949501,0.013702317140996456,0.01502977591007948,0.016502877697348595,0.01810516230762005,0.01961212418973446,0.021272964775562286,0.022901460528373718,0.024684840813279152,0.02625071257352829,0.028128309175372124,0.029864158481359482,0.031850866973400116,0.033691875636577606,0.03565870225429535,0.037691980600357056,0.040103062987327576,0.04251118004322052,0.04477584734559059,0.04713273048400879,0.04929434508085251,0.0516238659620285,0.053970299661159515,0.056517817080020905,0.0592915304005146,0.062352925539016724,0.0660516768693924,0.07064947485923767
1741,0.00014515576185658574,0.00037295185029506683,0.0006552896811626852,0.0010282762814313173,0.001491180737502873,0.002042753854766488,0.002637398662045598,0.003289814805611968,0.003987433388829231,0.004753336310386658,0.005562456324696541,0.006557284854352474,0.007623758167028427,0.00881220493465662,0.01009359024465084,0.011697210371494293,0.013504818081855774,0.015640923753380775,0.01796536333858967,0.020450590178370476,0.02319532074034214,0.026199929416179657,0.029629956930875778,0.033112555742263794,0.03712015971541405,0.04151220619678497,0.04617324098944664,0.051131490617990494,0.05630618706345558,0.061795998364686966,0.06793579459190369,0.07425734400749207,0.08068192005157471,0.08769784867763519,0.09447617083787918,0.1013159528374672,0.10837991535663605,0.11565760523080826,0.1227584034204483,0.12983262538909912,0.13713909685611725,0.14404398202896118,0.15104642510414124,0.15857133269309998,0.16629797220230103,0.17565655708312988,0.18248829245567322,0.18893206119537354,0.20097245275974274
1742,0.0001467329275328666,0.0003665256081148982,0.0006412187940441072,0.0009865134488791227,0.0014038975350558758,0.0019366503693163395,0.002541099674999714,0.0032004942186176777,0.003996279090642929,0.004912941716611385,0.005950218066573143,0.0072343917563557625,0.008639377541840076,0.010309778153896332,0.0120816295966506,0.014039073139429092,0.01619628630578518,0.0187323410063982,0.021463068202137947,0.02447473630309105,0.02778542786836624,0.031488675624132156,0.03530513122677803,0.039617668837308884,0.04419051110744476,0.04861417040228844,0.053361330181360245,0.058375053107738495,0.06325241923332214,0.06847941875457764,0.07397031784057617,0.0791509598493576,0.0842570960521698,0.08978524804115295,0.09604668617248535,0.10247299820184708,0.10949037969112396,0.11649303138256073,0.12361687421798706,0.13055361807346344,0.13793551921844482,0.14572975039482117,0.15408141911029816,0.16321784257888794,0.1730409562587738,0.1827494502067566,0.19142401218414307,0.20073513686656952,0.21047769486904144
1743,0.000143425480928272,0.00035133460187353194,0.0006211281870491803,0.0009617958567105234,0.0013664555735886097,0.001827264903113246,0.002368513960391283,0.0029466175474226475,0.0036124801263213158,0.0042943209409713745,0.0050583165138959885,0.005929411854594946,0.006846959702670574,0.007884497754275799,0.008996001444756985,0.010214973241090775,0.011623471975326538,0.013189027085900307,0.014916382730007172,0.016849957406520844,0.019070586189627647,0.021425848826766014,0.02395062893629074,0.026691164821386337,0.02952410839498043,0.03266420587897301,0.036086514592170715,0.039831362664699554,0.04367159307003021,0.04745517671108246,0.0512659028172493,0.05506008118391037,0.05921028554439545,0.06355739384889603,0.06776691973209381,0.07224888354539871,0.07675120234489441,0.08123008906841278,0.08593308925628662,0.09103979170322418,0.09688559919595718,0.10326875746250153,0.10990365594625473,0.11692333221435547,0.12342055141925812,0.1295478790998459,0.13422627747058868,0.1384875327348709,0.14396579563617706
1744,0.00012801590492017567,0.00031868601217865944,0.0005950009799562395,0.001008679741062224,0.0014591813087463379,0.001914934255182743,0.002428571693599224,0.0029732591938227415,0.0035711494274437428,0.004207219462841749,0.004916259553283453,0.005630676168948412,0.006442224606871605,0.007338057272136211,0.008303087204694748,0.009296504780650139,0.010516883805394173,0.011826766654849052,0.013292989693582058,0.014812641777098179,0.01653006300330162,0.018304888159036636,0.020275775343179703,0.022398289293050766,0.02472638338804245,0.027292346581816673,0.030104655772447586,0.033200740814208984,0.036685481667518616,0.040836744010448456,0.04504735767841339,0.04984221234917641,0.055170562118291855,0.06053120642900467,0.06596730649471283,0.07190200686454773,0.078524649143219,0.08618351072072983,0.09524396061897278,0.10588017106056213,0.11793725192546844,0.1322239339351654,0.1478065550327301,0.16725794970989227,0.18824531137943268,0.2073626071214676,0.22454902529716492,0.24142086505889893,0.259050190448761
1745,0.00012922100722789764,0.0003123970818705857,0.0005362480296753347,0.0008231725078076124,0.001156646991148591,0.00156809960026294,0.0019671833142638206,0.002389959990978241,0.0028631514869630337,0.003388327546417713,0.003923128359019756,0.004572655074298382,0.005268128123134375,0.0060996366664767265,0.00698406808078289,0.007932597771286964,0.008985037915408611,0.01008214708417654,0.011357203125953674,0.012655844911932945,0.01414729654788971,0.015729786828160286,0.017482351511716843,0.019341763108968735,0.021554935723543167,0.023821134120225906,0.026192329823970795,0.02859288454055786,0.03100941702723503,0.03360646963119507,0.03643050044775009,0.03955192118883133,0.04291810840368271,0.04645361751317978,0.05026968941092491,0.05408699810504913,0.0579054057598114,0.062172140926122665,0.06684672087430954,0.07162897288799286,0.0772978663444519,0.08334998041391373,0.09031034260988235,0.09856022149324417,0.1078495904803276,0.116360142827034,0.12455585598945618,0.1318742036819458,0.13989028334617615
1746,0.00012807526218239218,0.00030892982613295317,0.0005392160965129733,0.0008220405434258282,0.00111039774492383,0.001468686736188829,0.0018797527300193906,0.00233486108481884,0.002840218134224415,0.0033957194536924362,0.004003117326647043,0.004661985673010349,0.00536597054451704,0.006102670915424824,0.006910913158208132,0.007713451981544495,0.008608677424490452,0.009415682405233383,0.01031874306499958,0.01133267767727375,0.012381301261484623,0.013402053155004978,0.014631027355790138,0.015802819281816483,0.017121383920311928,0.018515661358833313,0.020009871572256088,0.021584942936897278,0.023359330371022224,0.025120602920651436,0.02692597359418869,0.028928840532898903,0.030929844826459885,0.03316036984324455,0.03544875606894493,0.03751709312200546,0.039930231869220734,0.042452894151210785,0.044811904430389404,0.04711097106337547,0.04932328686118126,0.051677972078323364,0.05398865044116974,0.05644901469349861,0.05901231989264488,0.06156129762530327,0.06419558078050613,0.06673918664455414,0.0695769414305687
1747,0.00011936125520151109,0.00031852611573413014,0.000579621409997344,0.0009426621254533529,0.001360738999210298,0.0018274402245879173,0.002328384667634964,0.0028666022699326277,0.0035236624535173178,0.004171567969024181,0.004950371105223894,0.005757787264883518,0.006684568244963884,0.007745253387838602,0.008895901963114738,0.010156383737921715,0.01161344163119793,0.013074119575321674,0.014768533408641815,0.0165163092315197,0.01845412887632847,0.02052963711321354,0.022877048701047897,0.02537982538342476,0.028060076758265495,0.030931085348129272,0.03393605351448059,0.037027813494205475,0.040357805788517,0.0435730516910553,0.04696129262447357,0.05041488632559776,0.05421089753508568,0.05829666927456856,0.06259709596633911,0.06723678857088089,0.07216345518827438,0.07802069187164307,0.08492421358823776,0.09331081807613373,0.10322204232215881,0.1149551048874855,0.13029836118221283,0.14928790926933289,0.17040005326271057,0.1957021802663803,0.2245308756828308,0.2545190155506134,0.2818382680416107
1748,0.0001206740562338382,0.0003010164946317673,0.0005153537495061755,0.0008127255132421851,0.0011802911758422852,0.0016148838913068175,0.0021194289438426495,0.002717528957873583,0.0034130325075238943,0.00416550412774086,0.005045981612056494,0.005991027690470219,0.007065674290060997,0.00831487774848938,0.009591009467840195,0.010998064652085304,0.012447579763829708,0.014044702053070068,0.015891753137111664,0.017812535166740417,0.01995052397251129,0.022248923778533936,0.024436362087726593,0.026823095977306366,0.029322549700737,0.03188597038388252,0.03458181768655777,0.037301696836948395,0.039805300533771515,0.042419351637363434,0.045050956308841705,0.047710444778203964,0.050583839416503906,0.05325327813625336,0.05603573098778725,0.05925033986568451,0.06261823326349258,0.06655487418174744,0.07038995623588562,0.07471466064453125,0.07906578481197357,0.08398304134607315,0.08961150050163269,0.09547398239374161,0.10150520503520966,0.10763831436634064,0.11494915187358856,0.12213478982448578,0.12895755469799042
1749,0.0001279293210245669,0.00028861057944595814,0.00047315564006567,0.0007116817869246006,0.0009886104380711913,0.0012692108284682035,0.001587290083989501,0.001957776490598917,0.002348789479583502,0.0027098008431494236,0.003130462486296892,0.0036160899326205254,0.004106631502509117,0.004599539563059807,0.005089259706437588,0.005636133253574371,0.006207957398146391,0.006828848272562027,0.007483066990971565,0.008128149434924126,0.00883738324046135,0.009542803280055523,0.010316956788301468,0.011206998489797115,0.012062148191034794,0.013040130957961082,0.014077713713049889,0.015087070874869823,0.016216140240430832,0.017328619956970215,0.01860722154378891,0.019780674949288368,0.021204784512519836,0.022665105760097504,0.024250205606222153,0.025879070162773132,0.02783723920583725,0.02972228080034256,0.031703345477581024,0.033431828022003174,0.03534962981939316,0.03704801946878433,0.038745321333408356,0.04046003520488739,0.04178531467914581,0.04286854341626167,0.043394625186920166,0.04381144419312477,0.04474092274904251
1750,0.00012588730896823108,0.00028488668613135815,0.000485408614622429,0.0007290251669473946,0.0009958324953913689,0.0013128658756613731,0.0016509443521499634,0.001985515933483839,0.002366616390645504,0.002824801951646805,0.0033018491230905056,0.0037997672334313393,0.004384078085422516,0.004989729728549719,0.005656076595187187,0.006437111180275679,0.00727433618158102,0.008358938619494438,0.00957187358289957,0.010960260406136513,0.012659898027777672,0.014582130126655102,0.016622424125671387,0.018850646913051605,0.021306082606315613,0.024013901129364967,0.026770010590553284,0.029426585882902145,0.03238930553197861,0.03551815077662468,0.038740891963243484,0.041873909533023834,0.04507770016789436,0.04805755987763405,0.05128191411495209,0.054303593933582306,0.057739898562431335,0.06155594810843468,0.06560985743999481,0.07019048929214478,0.0752546489238739,0.08070138096809387,0.08738932013511658,0.09508834779262543,0.10340629518032074,0.1115952730178833,0.11852673441171646,0.12584979832172394,0.1379031240940094
1751,0.00013964661047793925,0.0003601292264647782,0.0006383841391652822,0.0010131383314728737,0.0014795626047998667,0.002026211004704237,0.002657469594851136,0.0033773044124245644,0.004247019998729229,0.005303259938955307,0.006408005952835083,0.007834489457309246,0.00928575824946165,0.010881350375711918,0.012652181088924408,0.014462422579526901,0.016537977382540703,0.01876765862107277,0.021376660093665123,0.024029217660427094,0.026968855410814285,0.02987152896821499,0.03282886743545532,0.036105625331401825,0.0393843948841095,0.04312121123075485,0.046826377511024475,0.05073002725839615,0.05490591377019882,0.05965288728475571,0.0646546334028244,0.06972786784172058,0.07540316879749298,0.08117805421352386,0.0873999074101448,0.09397587180137634,0.10096098482608795,0.10788294672966003,0.11500442028045654,0.12207311391830444,0.13010264933109283,0.1376529037952423,0.1464434713125229,0.15626047551631927,0.1665113866329193,0.175751194357872,0.18390443921089172,0.1934594213962555,0.20820726454257965
1752,0.0001423500943928957,0.0003791382478084415,0.0006695829215459526,0.0010302428854629397,0.001491219736635685,0.0020246582571417093,0.002607937902212143,0.003272636327892542,0.003975005820393562,0.004797420930117369,0.005615995265543461,0.006541844457387924,0.007510324940085411,0.008533402346074581,0.009598622098565102,0.010782723315060139,0.01190925668925047,0.013225745409727097,0.014678917825222015,0.016158577054739,0.01769905909895897,0.019469711929559708,0.021443961188197136,0.023481346666812897,0.025605935603380203,0.028062712401151657,0.030775200575590134,0.03357374295592308,0.03671155124902725,0.040324851870536804,0.04416565224528313,0.04845677316188812,0.053204502910375595,0.05833742022514343,0.06383368372917175,0.06965427845716476,0.07588694989681244,0.08223691582679749,0.08864633738994598,0.09574317932128906,0.10326369106769562,0.11232461035251617,0.12224516272544861,0.13292329013347626,0.14484728872776031,0.15751467645168304,0.16900862753391266,0.179056316614151,0.19138483703136444
1753,0.00011982281284872442,0.0002952424983959645,0.0005006512510590255,0.0007704456220380962,0.0010898872278630733,0.0014255082933232188,0.0018239226192235947,0.0022818665020167828,0.002745784120634198,0.0033244602382183075,0.003969309851527214,0.004686766304075718,0.005472351796925068,0.006284407339990139,0.007172780577093363,0.008122855797410011,0.009347283281385899,0.010693911463022232,0.012319386936724186,0.014204269275069237,0.016145911067724228,0.018222207203507423,0.02036750316619873,0.02268502302467823,0.025281541049480438,0.02821437269449234,0.03157176077365875,0.03512394428253174,0.039064355194568634,0.043158095329999924,0.047710686922073364,0.05249149352312088,0.05760865658521652,0.06248336285352707,0.0675627812743187,0.07302488386631012,0.07869888842105865,0.08465099334716797,0.09107951074838638,0.09796547144651413,0.10506749153137207,0.1120963990688324,0.11986427754163742,0.12871111929416656,0.1369747519493103,0.1441507637500763,0.15076428651809692,0.15648065507411957,0.1648731529712677
1754,0.0001054274762282148,0.00026195490499958396,0.0004609170136973262,0.0006998341996222734,0.0009933322435244918,0.0013260156847536564,0.001696025370620191,0.0021013207733631134,0.002530798316001892,0.003023869823664427,0.0035735697019845247,0.004138175398111343,0.004725745413452387,0.005369659047573805,0.00604383647441864,0.006755759473890066,0.007600495591759682,0.008563635870814323,0.0094559071585536,0.010531778447329998,0.01163540780544281,0.012899733148515224,0.014272547326982021,0.01571786217391491,0.017288826406002045,0.019114775583148003,0.02091909758746624,0.022916799411177635,0.024997428059577942,0.02725602313876152,0.029744908213615417,0.03251340985298157,0.03554004058241844,0.03890804573893547,0.04264804348349571,0.047192975878715515,0.052228495478630066,0.05789105221629143,0.06359437108039856,0.06973211467266083,0.07640987634658813,0.08377416431903839,0.09232950955629349,0.10205220431089401,0.11503507196903229,0.13137049973011017,0.1494145542383194,0.1669577658176422,0.17727108299732208
1755,0.00015217208419926465,0.0003963015042245388,0.0007081489311531186,0.0011154423700645566,0.0015945476479828358,0.0021701680961996317,0.0028649948071688414,0.003673369064927101,0.004580722190439701,0.005605006590485573,0.006754463538527489,0.007988323457539082,0.009441192261874676,0.01102485042065382,0.012839054688811302,0.01464826986193657,0.016773082315921783,0.019046681001782417,0.02157868631184101,0.02415585145354271,0.026911616325378418,0.02950812131166458,0.032368943095207214,0.035351648926734924,0.03900248929858208,0.043003395199775696,0.047403424978256226,0.052403874695301056,0.057807035744190216,0.06382361054420471,0.07009098678827286,0.0768238753080368,0.08380311727523804,0.09100477397441864,0.09813053905963898,0.10555648058652878,0.1128862053155899,0.11953528225421906,0.12604214251041412,0.13253244757652283,0.1388322412967682,0.14537176489830017,0.1517239511013031,0.1575276255607605,0.16299469769001007,0.1693861037492752,0.17582955956459045,0.18281196057796478,0.19422416388988495
1756,0.00011555320816114545,0.0002898750244639814,0.0005069702165201306,0.0007933125016279519,0.0010909189004451036,0.0014637475833296776,0.0019026612862944603,0.002366445492953062,0.002931770170107484,0.0034842470195144415,0.004131869412958622,0.004812254104763269,0.005578907206654549,0.006437537260353565,0.007332628592848778,0.008258584886789322,0.009260859340429306,0.010360343381762505,0.01159644778817892,0.012862732633948326,0.014175555668771267,0.015650678426027298,0.01708890311419964,0.018830232322216034,0.020657148212194443,0.02273375727236271,0.02497956156730652,0.02758115902543068,0.030385904014110565,0.03363143652677536,0.03714501112699509,0.04093177989125252,0.04494088888168335,0.04969670623540878,0.054939500987529755,0.060853783041238785,0.0668160617351532,0.07334616035223007,0.08020909130573273,0.08840076625347137,0.09682916104793549,0.10543956607580185,0.11504210531711578,0.12487867474555969,0.13440191745758057,0.14437872171401978,0.15265344083309174,0.15909019112586975,0.167547345161438
1757,0.00013435840082820505,0.0003199568600393832,0.0005668022204190493,0.0008790079155005515,0.0012009581550955772,0.0016045195516198874,0.0020516193471848965,0.002572455210611224,0.003114922670647502,0.003741675056517124,0.004410112276673317,0.005128816235810518,0.005935089662671089,0.0068542445078492165,0.007870059460401535,0.00889650359749794,0.010041717439889908,0.011298267170786858,0.012561164796352386,0.013840450905263424,0.015089505352079868,0.016477886587381363,0.01785866543650627,0.019366778433322906,0.020861757919192314,0.022559821605682373,0.024354638531804085,0.026234224438667297,0.028167784214019775,0.030278125777840614,0.03270471841096878,0.03532387688755989,0.03802579641342163,0.040750935673713684,0.04364660754799843,0.046758122742176056,0.05011462792754173,0.053576793521642685,0.05742017179727554,0.061811961233615875,0.06679341197013855,0.07267042994499207,0.07993994653224945,0.08830540627241135,0.09705424308776855,0.10463488847017288,0.11130504310131073,0.119764044880867,0.133202463388443
1758,0.00011264738714089617,0.0002681030600797385,0.0004457765899132937,0.0006537096342071891,0.0009004116291180253,0.0011731525883078575,0.0014739842154085636,0.0018058203859254718,0.002155338879674673,0.002524502808228135,0.0028977342881262302,0.003284857841208577,0.003714664839208126,0.004191537853330374,0.0046583740040659904,0.005156772676855326,0.005744273774325848,0.006377714686095715,0.007049219682812691,0.0077403876930475235,0.00851158332079649,0.009360447525978088,0.010249716229736805,0.011320451274514198,0.012356891296803951,0.013544287532567978,0.014825028367340565,0.016415635123848915,0.018233124166727066,0.020454106852412224,0.023199031129479408,0.02658560499548912,0.030477400869131088,0.03511530160903931,0.04037410393357277,0.04634004831314087,0.05285000801086426,0.059360601007938385,0.06597649306058884,0.07230235636234283,0.07759222388267517,0.08227455615997314,0.08626937121152878,0.08958111703395844,0.09363249689340591,0.09763825684785843,0.10147339850664139,0.10506433993577957,0.10741952061653137
1759,0.000138772142236121,0.0003206386463716626,0.0005585275357589126,0.0008636295096948743,0.0012207006802782416,0.0015893004601821303,0.0020465697161853313,0.0025768692139536142,0.003119127359241247,0.0037424892652779818,0.004399186000227928,0.0051002223044633865,0.005952051840722561,0.006819628179073334,0.007850393652915955,0.008943520486354828,0.010091831907629967,0.011358240619301796,0.012753870338201523,0.014366250485181808,0.016057508066296577,0.01795075461268425,0.019984889775514603,0.022261809557676315,0.024755794554948807,0.02746179886162281,0.03048260323703289,0.0337848886847496,0.03743399679660797,0.041360802948474884,0.045600369572639465,0.04999799281358719,0.05488184466958046,0.060280941426754,0.06606100499629974,0.07205669581890106,0.07866760343313217,0.08540906012058258,0.09243077039718628,0.09934929013252258,0.10638095438480377,0.11369327455759048,0.12071038782596588,0.1280452162027359,0.13494081795215607,0.140671506524086,0.14616775512695312,0.1504029631614685,0.15440325438976288
1760,0.00013997388305142522,0.0003351430350448936,0.0006005128379911184,0.0009310257737524807,0.0013429000973701477,0.001781102386303246,0.002189135644584894,0.0026359378825873137,0.0031290126498788595,0.0036901391576975584,0.004249293822795153,0.004906405694782734,0.005630705039948225,0.006398098077625036,0.007302412297576666,0.008252518251538277,0.009385945275425911,0.010640201158821583,0.012100844644010067,0.013820036314427853,0.0156714990735054,0.01785445772111416,0.02015363797545433,0.022812532261013985,0.025629958137869835,0.02876836620271206,0.03228578716516495,0.036171797662973404,0.04045350104570389,0.0447312593460083,0.048984676599502563,0.05363070219755173,0.05839529633522034,0.06377092003822327,0.06949739158153534,0.07572886347770691,0.08174201846122742,0.0884711816906929,0.09594891965389252,0.10403315722942352,0.1115272045135498,0.11955230683088303,0.12815997004508972,0.1369122713804245,0.1456727385520935,0.15395060181617737,0.16235944628715515,0.17161503434181213,0.18341541290283203
1761,0.00011628110951278359,0.00026903857360593975,0.0004651133203878999,0.0006933749536983669,0.0009946334175765514,0.0012875983957201242,0.0016287125181406736,0.0019708445761352777,0.0023490642197430134,0.002701457357034087,0.0031025386415421963,0.003505970351397991,0.0039248536340892315,0.00436127744615078,0.004803327843546867,0.005237821023911238,0.005708489567041397,0.006236504763364792,0.006752540357410908,0.007289359346032143,0.00779054407030344,0.008367184549570084,0.008854249492287636,0.009470947086811066,0.010213451460003853,0.010959407314658165,0.011825641617178917,0.012625751085579395,0.013475815765559673,0.014378417283296585,0.015463801100850105,0.0165916346013546,0.01758124865591526,0.018828637897968292,0.02028270810842514,0.021846259012818336,0.023469489067792892,0.02514636516571045,0.02716071717441082,0.029314331710338593,0.031518615782260895,0.03372306376695633,0.03619583323597908,0.03834560140967369,0.0400858074426651,0.041737932711839676,0.04287883639335632,0.04425623640418053,0.045669183135032654
1762,0.00012151560076745227,0.00031114465673454106,0.0005710305413231254,0.0008799750357866287,0.00125451001804322,0.0016876503359526396,0.002149690641090274,0.0027153175324201584,0.0033200872130692005,0.004027144052088261,0.0047828201204538345,0.005608370527625084,0.006591657176613808,0.0075932033360004425,0.008700799196958542,0.009837290272116661,0.01105421595275402,0.01239806693047285,0.014068729244172573,0.015967251732945442,0.018077678978443146,0.020440474152565002,0.022971689701080322,0.02585526928305626,0.028927944600582123,0.032059065997600555,0.03556552529335022,0.03920625150203705,0.043046243488788605,0.04748259857296944,0.052256111055612564,0.05699640139937401,0.06236045062541962,0.06771896779537201,0.07330332696437836,0.07856616377830505,0.08350405097007751,0.08856788277626038,0.09410686790943146,0.09986406564712524,0.10587438195943832,0.11318312585353851,0.12187028676271439,0.13270734250545502,0.14623330533504486,0.1571047306060791,0.16832919418811798,0.17949125170707703,0.19410021603107452
1763,0.00016118008352350444,0.00040318246465176344,0.0007125753909349442,0.0011000814847648144,0.0015465730102732778,0.002034358214586973,0.0025699420366436243,0.0031373773235827684,0.0037450788076967,0.0043048677034676075,0.004946614149957895,0.005620197393000126,0.006284068804234266,0.0069948481395840645,0.00764577928930521,0.008411379531025887,0.009190132841467857,0.010107230395078659,0.010962417349219322,0.011990372091531754,0.013082446530461311,0.014362882822751999,0.015612421557307243,0.017042238265275955,0.01847269758582115,0.01954212225973606,0.020750945433974266,0.022300340235233307,0.024012122303247452,0.025976017117500305,0.028111005201935768,0.03026868775486946,0.03246927261352539,0.034807417541742325,0.03767526522278786,0.040840014815330505,0.04417773708701134,0.04785820096731186,0.05214459449052811,0.05706222355365753,0.06200958043336868,0.06701669096946716,0.07213433086872101,0.07762305438518524,0.08387359976768494,0.09052614867687225,0.09795130789279938,0.10437233746051788,0.11068204045295715
1764,0.00014877284411340952,0.00036286827526055276,0.0006289851735346019,0.0009719834197312593,0.001347430981695652,0.0018242286751046777,0.002372089074924588,0.003031772095710039,0.0037513230927288532,0.004581694025546312,0.005482118111103773,0.006470938213169575,0.00753558287397027,0.008588949218392372,0.009710443206131458,0.01094214990735054,0.012427065521478653,0.013873834162950516,0.015459239482879639,0.01721493899822235,0.018963035196065903,0.02064063772559166,0.022585708647966385,0.024574503302574158,0.026630759239196777,0.02889026515185833,0.031233666464686394,0.033653922379016876,0.03627733141183853,0.03920402377843857,0.04217176511883736,0.04585878178477287,0.04982743039727211,0.05467270314693451,0.059613343328237534,0.06595473736524582,0.0735374167561531,0.082780621945858,0.09198155254125595,0.1023697480559349,0.11390888690948486,0.12530887126922607,0.13555094599723816,0.14590318500995636,0.15579205751419067,0.16482944786548615,0.17227619886398315,0.17830395698547363,0.18500681221485138
1765,0.0001308848150074482,0.00033174612326547503,0.0006097854929976165,0.0009398548863828182,0.0013235420919954777,0.0017622278537601233,0.0021976777352392673,0.0027244274970144033,0.0032421029172837734,0.003795865923166275,0.004421296063810587,0.00505405105650425,0.005752948112785816,0.006511901505291462,0.007359148934483528,0.00828474946320057,0.009339675307273865,0.01042247749865055,0.011550991795957088,0.012748148292303085,0.01405896246433258,0.015528525225818157,0.017055949196219444,0.018779616802930832,0.020607290789484978,0.022936327382922173,0.025303326547145844,0.02769312635064125,0.030587684363126755,0.03377155959606171,0.03707333654165268,0.040632572025060654,0.04479140043258667,0.04916781187057495,0.05429194122552872,0.06019007787108421,0.06614740937948227,0.07296142727136612,0.08033594489097595,0.08903945982456207,0.09861587733030319,0.10961582511663437,0.12232660502195358,0.13690170645713806,0.1542879343032837,0.17151221632957458,0.186996191740036,0.20104441046714783,0.21875233948230743
1766,0.00012676905316766351,0.0003345757722854614,0.0006093673873692751,0.0009737086948007345,0.0013973154127597809,0.0018537284340709448,0.002390362787991762,0.002997348550707102,0.00365210953168571,0.004346339497715235,0.005032520741224289,0.005848363507539034,0.006676896475255489,0.007612640969455242,0.008584571070969105,0.009678607806563377,0.01084993127733469,0.012184634804725647,0.013736608438193798,0.015330041758716106,0.01713900826871395,0.019236596301198006,0.021545831114053726,0.024164434522390366,0.027204688638448715,0.03075672686100006,0.03494715318083763,0.039685629308223724,0.045050088316202164,0.05097625032067299,0.05713756009936333,0.06373101472854614,0.07027695327997208,0.07717306911945343,0.08488335460424423,0.09348542988300323,0.10184898227453232,0.10961662232875824,0.11742536723613739,0.12606629729270935,0.1345607340335846,0.14378099143505096,0.1532001495361328,0.1628054529428482,0.17242926359176636,0.18190349638462067,0.19051966071128845,0.19924584031105042,0.21172845363616943
1767,0.0001519654761068523,0.00040611583972349763,0.0007327869534492493,0.0011442785616964102,0.0016770188231021166,0.002302909269928932,0.0030065742321312428,0.0038481189403682947,0.004786856938153505,0.0058342283591628075,0.006979158613830805,0.00829220935702324,0.00963713601231575,0.011036286130547523,0.012510035187005997,0.014081737957894802,0.015843892470002174,0.017838776111602783,0.019966211169958115,0.02237909846007824,0.025133837014436722,0.028168369084596634,0.0315726175904274,0.03525913134217262,0.039441462606191635,0.044252488762140274,0.04909897595643997,0.05402127653360367,0.05926375091075897,0.06456233561038971,0.07008546590805054,0.07591399550437927,0.08207088708877563,0.08864802122116089,0.09573951363563538,0.10270816832780838,0.10955459624528885,0.11739747226238251,0.12577539682388306,0.1344001591205597,0.14322730898857117,0.15210512280464172,0.16050831973552704,0.16847893595695496,0.17673002183437347,0.1841239035129547,0.19159357249736786,0.19809311628341675,0.20554004609584808
1768,0.00013703144213650376,0.0003393371880520135,0.0006090961396694183,0.0009621123317629099,0.0013441431801766157,0.0018126697978004813,0.0022757493425160646,0.0028428221121430397,0.003466611262410879,0.004159123171120882,0.004933035466820002,0.005840472877025604,0.006834929808974266,0.007903052493929863,0.009208150207996368,0.01060291938483715,0.012164429761469364,0.013887048698961735,0.015905361622571945,0.018065929412841797,0.020343482494354248,0.022878678515553474,0.02570473775267601,0.028747932985424995,0.03203928470611572,0.03544127196073532,0.03916765749454498,0.04339160397648811,0.04803027585148811,0.05278100445866585,0.057982586324214935,0.06332540512084961,0.06869275867938995,0.07457199692726135,0.08010683953762054,0.08549461513757706,0.09108777344226837,0.09707684069871902,0.1033678650856018,0.1102486252784729,0.11676652729511261,0.12270114570856094,0.1285621076822281,0.1355561912059784,0.14310023188591003,0.1520388126373291,0.16128568351268768,0.17273126542568207,0.18839958310127258
1769,0.00015639126650057733,0.00038410385604947805,0.000671390094794333,0.0010372218675911427,0.0014814704190939665,0.0019625902641564608,0.002524173352867365,0.003106185467913747,0.003785940119996667,0.004466813988983631,0.0052911024540662766,0.0062189968302845955,0.007238095626235008,0.008466937579214573,0.00976670440286398,0.011186188086867332,0.01280282624065876,0.014748074114322662,0.016895895823836327,0.019144514575600624,0.02146144211292267,0.02394726127386093,0.02623833157122135,0.028686540201306343,0.031415291130542755,0.03420215845108032,0.036851685494184494,0.03971268981695175,0.042552776634693146,0.04544903337955475,0.048126839101314545,0.05091714486479759,0.053779151290655136,0.056403666734695435,0.05892651528120041,0.06158244609832764,0.06426849961280823,0.06701343506574631,0.06994283199310303,0.07300753146409988,0.07589896768331528,0.07905479520559311,0.08261660486459732,0.08571373671293259,0.08905163407325745,0.09236320853233337,0.09520727396011353,0.09845484048128128,0.10128732770681381
1770,0.00013705750461667776,0.00033240055199712515,0.0005859247758053243,0.000964059610851109,0.001389995333738625,0.0019225932192057371,0.002481824718415737,0.003151928773149848,0.003925692290067673,0.004817252513021231,0.005750101059675217,0.006786742247641087,0.008026010356843472,0.009406582452356815,0.010904252529144287,0.012536069378256798,0.014369027689099312,0.016278401017189026,0.01831778883934021,0.02038458362221718,0.022624704986810684,0.025065410882234573,0.027785468846559525,0.030497804284095764,0.03333057463169098,0.03633081167936325,0.03940106928348541,0.04273800551891327,0.04623344913125038,0.050024550408124924,0.053930703550577164,0.05795440077781677,0.062225110828876495,0.06632445007562637,0.07060989737510681,0.07504831254482269,0.07973895967006683,0.08482407033443451,0.089881032705307,0.09506653249263763,0.10014493763446808,0.10511155426502228,0.11006588488817215,0.11497624218463898,0.1207958236336708,0.1273900866508484,0.1347557008266449,0.14168153703212738,0.15067745745182037
1771,0.00013756375119555742,0.0003289373707957566,0.0005614990368485451,0.0008395678596571088,0.0011794989695772529,0.0015610434347763658,0.0020023714751005173,0.0024931991938501596,0.003036691341549158,0.0036098514683544636,0.004247593693435192,0.005006845574826002,0.0058669825084507465,0.006747296079993248,0.00761516485363245,0.008582035079598427,0.009784357622265816,0.011183005757629871,0.012554903514683247,0.013939149677753448,0.015651823952794075,0.017373882234096527,0.019191717728972435,0.021281596273183823,0.02327553927898407,0.025561489164829254,0.027946271002292633,0.030623000115156174,0.03355471417307854,0.03664901480078697,0.04044688493013382,0.044675279408693314,0.05002747103571892,0.056130994111299515,0.06256166845560074,0.06945036351680756,0.07597509026527405,0.08278544992208481,0.08997807651758194,0.09678965061903,0.10295519232749939,0.1087363138794899,0.113892562687397,0.11973250657320023,0.12594018876552582,0.13279297947883606,0.1408451497554779,0.14889787137508392,0.1558958888053894
1772,0.00011438453657319769,0.00028625113191083074,0.0005079944967292249,0.0008041339460760355,0.0011683749035000801,0.0015749929007142782,0.0020575635135173798,0.0025517798494547606,0.0031121266074478626,0.0037146902177482843,0.004380420781672001,0.005127415060997009,0.005852723494172096,0.006695952732115984,0.007504364475607872,0.008368458598852158,0.009317224845290184,0.01028691790997982,0.011412177234888077,0.01255712192505598,0.013841798529028893,0.015107179060578346,0.01653468981385231,0.01800575852394104,0.019553501158952713,0.02110353112220764,0.02272026613354683,0.024449186399579048,0.026237275451421738,0.028097063302993774,0.030120089650154114,0.03246273845434189,0.03505418449640274,0.037881769239902496,0.041040919721126556,0.04439171403646469,0.04795743152499199,0.05211605504155159,0.05709049105644226,0.06229446083307266,0.067420095205307,0.07278908789157867,0.07920312881469727,0.08537260442972183,0.09067760407924652,0.09566845744848251,0.10046155750751495,0.10499589145183563,0.10886470228433609
1773,0.00012633763253688812,0.00028624344849959016,0.0005028745508752763,0.0007750907680019736,0.0011016495991498232,0.001460083993151784,0.001831797300837934,0.002276685554534197,0.0027350028976798058,0.0032345401123166084,0.0037851484958082438,0.004346349276602268,0.005013286601752043,0.005693439394235611,0.0064072031527757645,0.007222338113933802,0.008094056509435177,0.008995136246085167,0.009995580650866032,0.011089730076491833,0.012208739295601845,0.013410637155175209,0.014643914066255093,0.01584642380475998,0.017259221524000168,0.018809417262673378,0.020374339073896408,0.022025534883141518,0.023964572697877884,0.026089247316122055,0.02852822281420231,0.031070170924067497,0.033937327563762665,0.03712058067321777,0.0405663438141346,0.044666483998298645,0.0495113804936409,0.05492311716079712,0.06090114265680313,0.0679047703742981,0.07544930279254913,0.08368325233459473,0.0934084951877594,0.10426542162895203,0.11694984883069992,0.13100841641426086,0.14677904546260834,0.16444972157478333,0.18680787086486816
1774,0.00013764803588856012,0.00033376109786331654,0.0006137930904515088,0.0009813291253522038,0.0014019464142620564,0.0018581950571388006,0.002397586591541767,0.0029965369030833244,0.003684041555970907,0.004375685937702656,0.0051631024107337,0.0060236481949687,0.0070944433100521564,0.008164056576788425,0.009375003166496754,0.010829545557498932,0.012390561401844025,0.014366192743182182,0.016311295330524445,0.01844056323170662,0.02081064134836197,0.02364259958267212,0.026587694883346558,0.029670625925064087,0.033393606543540955,0.03723388910293579,0.041764289140701294,0.046511996537446976,0.0515662282705307,0.05727066099643707,0.06335434317588806,0.06944499909877777,0.07571209967136383,0.082356758415699,0.089368537068367,0.09639719128608704,0.1037343293428421,0.11040078103542328,0.11755350232124329,0.12506753206253052,0.1334783136844635,0.14170634746551514,0.14993365108966827,0.15778610110282898,0.16644646227359772,0.17525392770767212,0.1833515614271164,0.19182467460632324,0.20209288597106934
1775,0.00013206434960011393,0.0003191834839526564,0.0005756195751018822,0.0009091031970456243,0.001268863445147872,0.0016920259222388268,0.0021450866479426622,0.0026860509533435106,0.003229679772630334,0.0038210428319871426,0.004413463640958071,0.005058512091636658,0.005731731653213501,0.006406163796782494,0.007111480459570885,0.007771964650601149,0.008553564548492432,0.009464062750339508,0.010372336953878403,0.011312901973724365,0.01222269143909216,0.013295117765665054,0.014290224760770798,0.015399236232042313,0.016608193516731262,0.017900599166750908,0.019244015216827393,0.02058754488825798,0.02222493663430214,0.02412441372871399,0.026166656985878944,0.02849193848669529,0.030788924545049667,0.033450495451688766,0.03644717484712601,0.04023008793592453,0.044075291603803635,0.048294372856616974,0.05298931151628494,0.05765712261199951,0.06298313289880753,0.06946413218975067,0.07670128345489502,0.0834389328956604,0.09000269323587418,0.09646696597337723,0.10453125834465027,0.1123405322432518,0.1243637427687645
1776,0.00012200319179100916,0.0002831041638273746,0.0004945590626448393,0.0007583472761325538,0.0010752748930826783,0.001461007515899837,0.0018862516153603792,0.0023677200078964233,0.0029291471000760794,0.003510103328153491,0.0041073900647461414,0.004806546960026026,0.005583972204476595,0.00645060371607542,0.007305593229830265,0.00831728707998991,0.00941525213420391,0.010671142488718033,0.011930631473660469,0.013232368975877762,0.014642775990068913,0.016228973865509033,0.017696909606456757,0.019255325198173523,0.020916912704706192,0.02272968553006649,0.0246422179043293,0.026702776551246643,0.028887534514069557,0.031340230256319046,0.033930327743291855,0.03698062524199486,0.04011005163192749,0.0437740758061409,0.04772074893116951,0.05229601636528969,0.05735725164413452,0.06299620121717453,0.06910800188779831,0.0753987655043602,0.08188291639089584,0.08897094428539276,0.09659846127033234,0.10430137813091278,0.1124885082244873,0.12078365683555603,0.12989214062690735,0.13962000608444214,0.1504816710948944
1777,0.000112523979623802,0.0002806723059620708,0.00048339879140257835,0.000766389537602663,0.0010598491644486785,0.0014294334687292576,0.0018821216654032469,0.0023252542596310377,0.0028625992126762867,0.003451787866652012,0.004047853406518698,0.004762580618262291,0.005516834557056427,0.0063634528778493404,0.007329950109124184,0.008402260020375252,0.009724438190460205,0.011088112369179726,0.01275025587528944,0.014461515471339226,0.01622229814529419,0.01806013658642769,0.020086267963051796,0.022207757458090782,0.024399973452091217,0.026685433462262154,0.029115356504917145,0.031578414142131805,0.03433805704116821,0.037452638149261475,0.04073932394385338,0.04419839009642601,0.04792741686105728,0.051928527653217316,0.056114379316568375,0.06039866805076599,0.0646628737449646,0.06884336471557617,0.07291147112846375,0.07719478011131287,0.08087050914764404,0.08447275310754776,0.08794048428535461,0.09080231934785843,0.09357783943414688,0.09594796597957611,0.09787102043628693,0.09977322071790695,0.10135424882173538
1778,0.0001487487752456218,0.0003533582203090191,0.0006314697675406933,0.0009890167275443673,0.0013785359915345907,0.00183870829641819,0.00234530889429152,0.002909093163907528,0.003534893970936537,0.004252791870385408,0.0049029202200472355,0.005719830747693777,0.006569588091224432,0.007462496869266033,0.008457197807729244,0.00960523635149002,0.010839874856173992,0.012142667546868324,0.013628124259412289,0.0150539455935359,0.016821853816509247,0.018743574619293213,0.02076314389705658,0.023027753457427025,0.02560107782483101,0.0282950047403574,0.031240787357091904,0.03446323424577713,0.037938192486763,0.041574351489543915,0.045713938772678375,0.05034146085381508,0.055454056710004807,0.06115799769759178,0.06745825707912445,0.07437373697757721,0.08187583833932877,0.0897885262966156,0.09754286706447601,0.10546895116567612,0.11365561187267303,0.1233953982591629,0.1334911584854126,0.14407314360141754,0.15534839034080505,0.16493186354637146,0.17404717206954956,0.186412051320076,0.20664435625076294
1779,0.00012877279368694872,0.0002885248395614326,0.0005020982353016734,0.0007416035514324903,0.0009963049087673426,0.0013379944721236825,0.0017127440078184009,0.0021247458644211292,0.002607557224109769,0.0031615393236279488,0.003820105455815792,0.004534469917416573,0.005399423651397228,0.006451589986681938,0.007572311442345381,0.008940711617469788,0.010571522638201714,0.012540006078779697,0.014705589041113853,0.017066355794668198,0.019655678421258926,0.022632986307144165,0.025518663227558136,0.028827978298068047,0.03257044032216072,0.03647200018167496,0.04049988090991974,0.044515326619148254,0.048753801733255386,0.053619980812072754,0.058228496462106705,0.06303702294826508,0.06850743293762207,0.07408760488033295,0.07994647324085236,0.08629897981882095,0.09277383983135223,0.09903623908758163,0.10553257912397385,0.11197134852409363,0.11820414662361145,0.12451165914535522,0.13054856657981873,0.1362859159708023,0.14156176149845123,0.14688193798065186,0.15215489268302917,0.1570587456226349,0.16293150186538696
1780,0.0001229435292771086,0.00030862033599987626,0.0005320448544807732,0.000818216591142118,0.001143716392107308,0.0015064328908920288,0.0018873617518693209,0.002302198437973857,0.0027840202674269676,0.0032749164383858442,0.0037748999893665314,0.004389556590467691,0.005039474926888943,0.005725409835577011,0.006514681037515402,0.007364331744611263,0.00827812496572733,0.009335676208138466,0.01044569630175829,0.01172935776412487,0.0131073584780097,0.014792833477258682,0.01656712219119072,0.01863127388060093,0.020999262109398842,0.023619068786501884,0.02649497613310814,0.029632966965436935,0.03301185369491577,0.036715470254421234,0.04069361463189125,0.04538082331418991,0.05090072378516197,0.0571618378162384,0.063894122838974,0.07055865228176117,0.07828203588724136,0.08687227219343185,0.09628193080425262,0.10581019520759583,0.11533630639314651,0.12491124123334885,0.1359691619873047,0.14714232087135315,0.15795165300369263,0.16878074407577515,0.1783093810081482,0.18795406818389893,0.20199675858020782
1781,0.00013285686145536602,0.0002998767886310816,0.000518379732966423,0.0007609172025695443,0.0010469628032296896,0.0013695844681933522,0.0017304456559941173,0.0021199462935328484,0.0025258022360503674,0.002982595469802618,0.003532205708324909,0.004058851860463619,0.004560152534395456,0.00516354339197278,0.0057799373753368855,0.006470488850027323,0.007239720318466425,0.008025828748941422,0.008838284760713577,0.009778746403753757,0.010676858946681023,0.011732859537005424,0.012771038338541985,0.013918830081820488,0.015067750588059425,0.01624157279729843,0.0173006821423769,0.018368791788816452,0.019497426226735115,0.020740199834108353,0.02204301580786705,0.023391909897327423,0.025035301223397255,0.026688501238822937,0.028585046529769897,0.030667806044220924,0.03284461796283722,0.035062313079833984,0.037467703223228455,0.04003460705280304,0.04277427867054939,0.04590004310011864,0.04964830353856087,0.053176674991846085,0.05703463405370712,0.060514602810144424,0.06412815302610397,0.06834334135055542,0.0732782706618309
1782,0.0001214383592014201,0.0002994256210513413,0.0005074434448033571,0.0008036257349886,0.001167778274975717,0.0015629082918167114,0.0020367151591926813,0.0025642565451562405,0.0031695093493908644,0.0038425696548074484,0.004592945799231529,0.005352722480893135,0.006181009113788605,0.007162012159824371,0.008159319870173931,0.009308423846960068,0.01053810864686966,0.01184987835586071,0.013192434795200825,0.014708803035318851,0.01625378057360649,0.01790693774819374,0.019693469628691673,0.02173379436135292,0.023757189512252808,0.025876738131046295,0.02820681780576706,0.030458182096481323,0.032667387276887894,0.035042501986026764,0.03744054213166237,0.040105126798152924,0.04303793981671333,0.04612467810511589,0.049537211656570435,0.053070999681949615,0.05703677609562874,0.061201754957437515,0.06559833884239197,0.0706392303109169,0.07620535790920258,0.08189962804317474,0.08810446411371231,0.09480424225330353,0.10160847008228302,0.10802464932203293,0.11375655233860016,0.11962805688381195,0.1257752925157547
1783,0.00015045057807583362,0.0003696951607707888,0.0006527008954435587,0.0009915304835885763,0.001353844883851707,0.0017678888980299234,0.002266990952193737,0.002833424834534526,0.0034718429669737816,0.0042075663805007935,0.005072876811027527,0.006160695105791092,0.007405219599604607,0.008880499750375748,0.010546413250267506,0.012309413403272629,0.014375919476151466,0.0165347121655941,0.019105665385723114,0.02185244858264923,0.02464231476187706,0.027584536001086235,0.030774973332881927,0.03379420191049576,0.03693144768476486,0.04040376469492912,0.04363859444856644,0.0471014603972435,0.050486329942941666,0.0536995530128479,0.05697302147746086,0.06035500764846802,0.06375956535339355,0.06716818362474442,0.07115878909826279,0.07434754073619843,0.07770934700965881,0.08106084913015366,0.0844830721616745,0.08804477751255035,0.09171223640441895,0.09619761258363724,0.10071975737810135,0.10593730211257935,0.11158397048711777,0.11892053484916687,0.12749038636684418,0.13712523877620697,0.14793235063552856
1784,0.00012682401575148106,0.00029992617783136666,0.0005072042695246637,0.0007516276673413813,0.0010573467006906867,0.0014170333743095398,0.0018008078914135695,0.002214516280218959,0.0027041491121053696,0.003193514421582222,0.0037645953707396984,0.004398803226649761,0.005125099327415228,0.005875187925994396,0.006703683640807867,0.007607712410390377,0.008515428751707077,0.009554932825267315,0.01064982172101736,0.011857378296554089,0.013270699419081211,0.014875389635562897,0.016536198556423187,0.018249638378620148,0.02012499049305916,0.022186145186424255,0.024323441088199615,0.02652335911989212,0.028886035084724426,0.031244982033967972,0.033719100058078766,0.036205925047397614,0.03866109251976013,0.041092172265052795,0.04362090677022934,0.04604268819093704,0.04866459220647812,0.051627594977617264,0.05484921857714653,0.05855479836463928,0.06240799278020859,0.06666763871908188,0.07199934124946594,0.07778038084506989,0.08457047492265701,0.09247808903455734,0.10088486969470978,0.10965198278427124,0.12018249928951263
1785,0.00014113537326920778,0.00035054486943408847,0.0005996929248794913,0.0009331111796200275,0.001304010977037251,0.0017192094819620252,0.0022165144328027964,0.0027146588545292616,0.0032549933530390263,0.003882850054651499,0.004521026276051998,0.005261233076453209,0.0060579790733754635,0.006994117051362991,0.008074814453721046,0.00930389016866684,0.010681669227778912,0.012257612310349941,0.014029731042683125,0.01575833559036255,0.01773292012512684,0.019902531057596207,0.022306783124804497,0.02479662001132965,0.027602043002843857,0.03057887777686119,0.033787183463573456,0.03707638382911682,0.04046085849404335,0.044052306562662125,0.0479460209608078,0.05261692404747009,0.05774006247520447,0.06297558546066284,0.06889282166957855,0.07537887245416641,0.08208031952381134,0.08884255588054657,0.09591255336999893,0.10303797572851181,0.11047385632991791,0.11772805452346802,0.12551209330558777,0.13373999297618866,0.14291495084762573,0.15271122753620148,0.16277697682380676,0.1732129007577896,0.18579724431037903
1786,0.00013636572111863643,0.0003081739996559918,0.0005402844399213791,0.0008273111889138818,0.0011616091942414641,0.0015387252205982804,0.0020155543461441994,0.002566685201600194,0.0032518727239221334,0.003982654772698879,0.0047404030337929726,0.005699175875633955,0.006696826312690973,0.007863152772188187,0.009139163419604301,0.010484614409506321,0.011900899931788445,0.01346458401530981,0.01500919833779335,0.01666121557354927,0.01838802918791771,0.020091552287340164,0.02204435132443905,0.024003170430660248,0.026069127023220062,0.028412261977791786,0.030779920518398285,0.033415284007787704,0.03601119667291641,0.03868811950087547,0.04169866070151329,0.045131269842386246,0.04860594868659973,0.05238186940550804,0.05617120862007141,0.059883181005716324,0.06342311203479767,0.06691126525402069,0.07084104418754578,0.07475810497999191,0.07895076274871826,0.08314093947410583,0.0875559002161026,0.09267090260982513,0.09815631061792374,0.10423349589109421,0.11179666966199875,0.1201992779970169,0.12985041737556458
1787,0.00012102556502213702,0.00027676939498633146,0.0004823944764211774,0.0007349959341809154,0.0010193624766543508,0.0013447350356727839,0.0017091820482164621,0.00209829187951982,0.002538582542911172,0.003021980170160532,0.003500723745673895,0.004029685631394386,0.004545331932604313,0.005188323557376862,0.005805966444313526,0.0064537739381194115,0.007193896919488907,0.007972802966833115,0.008813037537038326,0.009819019585847855,0.010869288817048073,0.012045689858496189,0.013302018865942955,0.014788433909416199,0.016262060031294823,0.017921172082424164,0.019710656255483627,0.021570798009634018,0.023655753582715988,0.0259309783577919,0.0284713264554739,0.031120525673031807,0.03402034565806389,0.037427499890327454,0.04098217189311981,0.044568371027708054,0.04835261031985283,0.051982417702674866,0.055312830954790115,0.058961234986782074,0.06274010241031647,0.06625857949256897,0.06939898431301117,0.07268940657377243,0.07598219811916351,0.07928925007581711,0.08242473006248474,0.08560431003570557,0.08933624625205994
1788,0.00013672024942934513,0.00032827717950567603,0.0005799513892270625,0.0008960195700637996,0.0012888151686638594,0.0017145711462944746,0.0022183293476700783,0.002757687121629715,0.003401712281629443,0.004106253385543823,0.004836873151361942,0.005664775613695383,0.006576826795935631,0.007608472369611263,0.008688177913427353,0.009946209378540516,0.011320844292640686,0.012902764603495598,0.014863071963191032,0.016788752749562263,0.019143883138895035,0.021824827417731285,0.024895386770367622,0.02820536307990551,0.0319371372461319,0.03641825541853905,0.041256923228502274,0.046954426914453506,0.05303977429866791,0.05976630747318268,0.06671351939439774,0.07393433153629303,0.08177665621042252,0.08941084891557693,0.09759548306465149,0.10593979060649872,0.11455225199460983,0.12339547276496887,0.13211938738822937,0.1410513073205948,0.1497706025838852,0.15807265043258667,0.166477769613266,0.17380750179290771,0.1813131868839264,0.18950721621513367,0.1971888542175293,0.20518746972084045,0.21422676742076874
1789,0.00015902871382422745,0.0004203964490443468,0.0007509691640734673,0.001218325225636363,0.00176557048689574,0.0023837960325181484,0.0030644244980067015,0.0037866919301450253,0.004572461359202862,0.005429554730653763,0.006390308029949665,0.007400147616863251,0.00853322446346283,0.009746355004608631,0.011037765070796013,0.01239809487015009,0.013918235898017883,0.01565144956111908,0.017418500036001205,0.01929718628525734,0.021383125334978104,0.023572107776999474,0.02616523578763008,0.028904465958476067,0.0316513255238533,0.03449853137135506,0.0371895432472229,0.03996641933917999,0.04305039718747139,0.04637511819601059,0.04989328607916832,0.05352775752544403,0.05734600871801376,0.06181665509939194,0.06655322015285492,0.07145270705223083,0.0766962543129921,0.08224780857563019,0.088778555393219,0.09596533328294754,0.10411325842142105,0.11303841322660446,0.12473560869693756,0.1383519172668457,0.1539514660835266,0.1709786355495453,0.18866471946239471,0.20893621444702148,0.23170988261699677
1790,0.00016884825890883803,0.0003915277193300426,0.0006624926463700831,0.0010131999151781201,0.0014423639513552189,0.001933021005243063,0.0025107201654464006,0.003158579347655177,0.00394226610660553,0.004798641428351402,0.005772270727902651,0.006856822874397039,0.00805967953056097,0.009454834274947643,0.010886975564062595,0.012495022267103195,0.014363395050168037,0.016364067792892456,0.01868618279695511,0.02104419842362404,0.023642515763640404,0.026630442589521408,0.029759041965007782,0.03303319960832596,0.03665640950202942,0.040490664541721344,0.04446650296449661,0.04885793849825859,0.0534454882144928,0.05838058888912201,0.06371026486158371,0.07027754932641983,0.07725627720355988,0.08422179520130157,0.09118146449327469,0.09798219054937363,0.10523895174264908,0.11242404580116272,0.11922628432512283,0.12543565034866333,0.13122770190238953,0.13758698105812073,0.14346164464950562,0.1482378989458084,0.15311560034751892,0.15956753492355347,0.16615933179855347,0.17370453476905823,0.18247319757938385
1791,0.000121873221360147,0.0002976331452373415,0.0005037802620790899,0.0007739188149571419,0.0011063608108088374,0.0014810697175562382,0.0019262132700532675,0.0023692799732089043,0.0028313915245234966,0.0033193270210176706,0.003842949401587248,0.004392868373543024,0.004980043042451143,0.005571463610976934,0.006188132334500551,0.006901440676301718,0.007753560785204172,0.008620306849479675,0.009586263447999954,0.010626383125782013,0.011784070171415806,0.01298963651061058,0.014400538988411427,0.015849314630031586,0.01745852455496788,0.019227514043450356,0.021255385130643845,0.02347579412162304,0.026001926511526108,0.028972581028938293,0.03215332329273224,0.03576425462961197,0.0398397296667099,0.04460768401622772,0.04986324906349182,0.05568158999085426,0.06202729791402817,0.06852167844772339,0.07511445879936218,0.08118206262588501,0.08788308501243591,0.0948120728135109,0.10225988924503326,0.10994727909564972,0.11690404266119003,0.12326031178236008,0.13063743710517883,0.13767918944358826,0.14448469877243042
1792,0.0001254412200069055,0.000299660925520584,0.0005339449853636324,0.000811836333014071,0.0011247990187257528,0.001493880059570074,0.0018835414666682482,0.002332828240469098,0.0027948638889938593,0.003279256634414196,0.0037933606654405594,0.004394390620291233,0.004958420060575008,0.00553860142827034,0.006195713300257921,0.006957228295505047,0.007737347390502691,0.008698240853846073,0.00978439673781395,0.010922334156930447,0.012311817146837711,0.013958461582660675,0.015841536223888397,0.01794392615556717,0.020016629248857498,0.022329973056912422,0.024871770292520523,0.02755085751414299,0.030274994671344757,0.033163927495479584,0.03632380813360214,0.03906841576099396,0.04169365018606186,0.04422987997531891,0.04636167734861374,0.048601239919662476,0.05127982050180435,0.05378437042236328,0.056109510362148285,0.058201439678668976,0.05985825136303902,0.06147623062133789,0.06287112832069397,0.06475428491830826,0.06641468405723572,0.06798376888036728,0.0692840963602066,0.07022257894277573,0.0708041861653328
1793,0.00016628758748993278,0.00036824989365413785,0.0006169148255139589,0.0009408170590177178,0.001238625729456544,0.0016214095521718264,0.002035839017480612,0.0024915309622883797,0.0029666044283658266,0.003493769094347954,0.004050258547067642,0.004671985749155283,0.005340774543583393,0.006048876792192459,0.006910933181643486,0.007826841436326504,0.008840995840728283,0.0099050123244524,0.011083758436143398,0.012329213321208954,0.013582591898739338,0.015015491284430027,0.016532309353351593,0.018091771751642227,0.019881539046764374,0.02188301831483841,0.02375897765159607,0.02589905634522438,0.027985598891973495,0.030640318989753723,0.03344302251935005,0.03645747900009155,0.039989180862903595,0.04376737028360367,0.04778885096311569,0.05267731100320816,0.058021947741508484,0.06421657651662827,0.07083805650472641,0.07761701196432114,0.08515185117721558,0.09180647134780884,0.09884929656982422,0.10580667108297348,0.11248181760311127,0.11837232112884521,0.12368038296699524,0.12926095724105835,0.13536155223846436
1794,0.00013517381739802659,0.0003805019077844918,0.0007226245943456888,0.0010665931040421128,0.001483292318880558,0.0019372936803847551,0.0024949146900326014,0.0030879967380315065,0.00371414958499372,0.004412934184074402,0.005155475810170174,0.005992767866700888,0.00690052006393671,0.00791732594370842,0.008922126144170761,0.01004424411803484,0.011205816641449928,0.012493081390857697,0.013850186951458454,0.015426311641931534,0.017180629074573517,0.019041240215301514,0.021058999001979828,0.023334376513957977,0.025859128683805466,0.02862323820590973,0.031643252819776535,0.03492467850446701,0.03853205591440201,0.042329125106334686,0.04663347452878952,0.050949323922395706,0.056009627878665924,0.0613383948802948,0.06706661731004715,0.07335082441568375,0.07992077618837357,0.08628467470407486,0.0926014706492424,0.09883424639701843,0.10495105385780334,0.11200408637523651,0.11893291771411896,0.12541048228740692,0.131647527217865,0.13735613226890564,0.14279672503471375,0.14893296360969543,0.1565220057964325
1795,0.00013738617417402565,0.0003326398436911404,0.0005889374297112226,0.0008974295924417675,0.0012527788057923317,0.001653217594139278,0.002100910060107708,0.0025729797780513763,0.0030699041672050953,0.0036249717231839895,0.004252743441611528,0.0049796998500823975,0.005784914828836918,0.0065797423012554646,0.007530882954597473,0.00854243990033865,0.009737025015056133,0.011091380380094051,0.012658859603106976,0.01449579931795597,0.016609499230980873,0.0189634058624506,0.021781830117106438,0.024854812771081924,0.028123266994953156,0.031651820987463,0.03555421903729439,0.039745014160871506,0.04396622255444527,0.048198044300079346,0.05245425924658775,0.05683554336428642,0.061659932136535645,0.06677374243736267,0.07217562943696976,0.07780865579843521,0.08381682634353638,0.09021715819835663,0.09654486179351807,0.10341037809848785,0.11032682657241821,0.11777032911777496,0.12568162381649017,0.1345721185207367,0.14380015432834625,0.15179646015167236,0.15887966752052307,0.1677628606557846,0.18052038550376892
1796,0.00014331581769511104,0.0003672205493785441,0.0006891859229654074,0.00114240194670856,0.001648403238505125,0.002164011588320136,0.0027650888077914715,0.003403531853109598,0.004063182510435581,0.004753396846354008,0.005562925711274147,0.006436798721551895,0.00734361819922924,0.008347726427018642,0.009395486675202847,0.010638090781867504,0.011876387521624565,0.013397268950939178,0.01511383056640625,0.016941864043474197,0.019178051501512527,0.021439557895064354,0.023888099938631058,0.026987038552761078,0.030100692063570023,0.033666983246803284,0.03725438192486763,0.040929146111011505,0.044540487229824066,0.04864176735281944,0.05237393081188202,0.05663302540779114,0.06083116680383682,0.06490613520145416,0.06929995864629745,0.07422484457492828,0.07924286276102066,0.084762342274189,0.09020230919122696,0.09621448069810867,0.102847620844841,0.1098390519618988,0.11820825934410095,0.12787377834320068,0.1384902149438858,0.1497446447610855,0.1622018814086914,0.17654931545257568,0.19370800256729126
1797,0.00011476730287540704,0.0002884046989493072,0.0005034627392888069,0.0007839581230655313,0.0011070005130022764,0.001458756159991026,0.0018731991294771433,0.002308665541931987,0.002767726080492139,0.0033047678880393505,0.0038885753601789474,0.004482604097574949,0.005103699397295713,0.005827963352203369,0.006606632843613625,0.007372833788394928,0.008211610838770866,0.009141325950622559,0.010153835639357567,0.011295720003545284,0.012462952174246311,0.01372634619474411,0.01515718549489975,0.016700129956007004,0.01853623427450657,0.020590241998434067,0.02289038896560669,0.02548125945031643,0.028550636023283005,0.03239443898200989,0.03686395660042763,0.04209631681442261,0.047993868589401245,0.05461800843477249,0.06215226650238037,0.07020621001720428,0.07898832857608795,0.08848810940980911,0.09805189073085785,0.10781952738761902,0.11719843000173569,0.12663766741752625,0.13575153052806854,0.14427277445793152,0.15325599908828735,0.16121341288089752,0.16880443692207336,0.1754090040922165,0.18368682265281677
1798,0.00014260224997997284,0.00034147672704420984,0.0006036738632246852,0.0009184395312331617,0.0012824868317693472,0.0017398418858647346,0.0022506113164126873,0.0027128804940730333,0.0033013857901096344,0.0039888471364974976,0.004676462151110172,0.005472426302731037,0.006336471065878868,0.007269497960805893,0.008325026370584965,0.009557927958667278,0.010967799462378025,0.012599104084074497,0.014484354294836521,0.01639987900853157,0.01863478124141693,0.021067239344120026,0.023757867515087128,0.02678685635328293,0.030255351215600967,0.03385721892118454,0.03773597627878189,0.04175514727830887,0.04600423574447632,0.05058761686086655,0.05557343363761902,0.061156757175922394,0.06668508052825928,0.07274085283279419,0.07943013310432434,0.08572838455438614,0.09278044104576111,0.09994388371706009,0.10774803161621094,0.1149827241897583,0.12216322124004364,0.1281098574399948,0.1331101953983307,0.13776114583015442,0.142252579331398,0.14615768194198608,0.14960899949073792,0.15375231206417084,0.1580708920955658
1799,0.00013663640129379928,0.00032093492336571217,0.0005551464855670929,0.0008197535062208772,0.0011252041440457106,0.0014671334065496922,0.0018652721773833036,0.0022737178951501846,0.0027521918527781963,0.0032951021566987038,0.003908887039870024,0.0046110209077596664,0.005378772970288992,0.0062707290053367615,0.007226320914924145,0.008404292166233063,0.009710539132356644,0.01118165347725153,0.012725532986223698,0.014407339505851269,0.016388194635510445,0.018437713384628296,0.020584456622600555,0.022836610674858093,0.02525290474295616,0.0279526449739933,0.030653562396764755,0.033663637936115265,0.037006281316280365,0.04051942378282547,0.04438917711377144,0.04874926060438156,0.05378815904259682,0.059179291129112244,0.06507658958435059,0.07161962240934372,0.07813335210084915,0.08511314541101456,0.09254887700080872,0.10101055353879929,0.10936622321605682,0.11783687025308609,0.12590306997299194,0.13374656438827515,0.14157798886299133,0.1493854969739914,0.15768425166606903,0.16696980595588684,0.17844726145267487
1800,0.00011705956421792507,0.0002791107399389148,0.00048826707643456757,0.0007764314068481326,0.001077098771929741,0.0014675392303615808,0.0018478066194802523,0.0022387891076505184,0.0026706503704190254,0.0031528391409665346,0.0036197882145643234,0.004104636609554291,0.0046758754178881645,0.005287810228765011,0.005919551011174917,0.006559169385582209,0.0072641437873244286,0.007936001755297184,0.008677600882947445,0.009474359452724457,0.010242437943816185,0.011115850880742073,0.011987113393843174,0.012992242351174355,0.014187341555953026,0.015340825542807579,0.016564320772886276,0.017788071185350418,0.01917724497616291,0.02058997005224228,0.0221378393471241,0.023765360936522484,0.0254034623503685,0.027135323733091354,0.028923649340867996,0.030717883259058,0.03276807442307472,0.03509165346622467,0.037345483899116516,0.03981709107756615,0.0418839305639267,0.04456489533185959,0.04753919690847397,0.05108485370874405,0.05482817068696022,0.05817166715860367,0.0627262145280838,0.06799786537885666,0.07388341426849365
1801,0.00011902405822183937,0.00028623678372241557,0.0005170763470232487,0.000847412331495434,0.0012638100888580084,0.0017851060256361961,0.0024299495853483677,0.0031519760377705097,0.003933834843337536,0.004866183735430241,0.005803502164781094,0.00681389169767499,0.008154683746397495,0.009542199783027172,0.01103951595723629,0.012664856389164925,0.014477265998721123,0.0163340512663126,0.018475215882062912,0.02070320025086403,0.022894131019711494,0.02529909275472164,0.027769703418016434,0.030428115278482437,0.03310568630695343,0.03602013364434242,0.039163991808891296,0.042309049516916275,0.04560327157378197,0.04882069304585457,0.051966749131679535,0.05522405356168747,0.05872482806444168,0.0619928315281868,0.06481028348207474,0.06771102547645569,0.07051438093185425,0.07309470325708389,0.07552195340394974,0.07761651277542114,0.07978183031082153,0.0817265436053276,0.08377150446176529,0.0858321338891983,0.08788755536079407,0.08982548117637634,0.09165893495082855,0.09323402494192123,0.09476301074028015
1802,0.00013096575275994837,0.00032497054780833423,0.0005594189860858023,0.0008534310618415475,0.00117707927711308,0.001584419165737927,0.001990743912756443,0.0024816947989165783,0.003015667200088501,0.0036114808171987534,0.004308146424591541,0.005086292512714863,0.005968542769551277,0.007025114260613918,0.008173343725502491,0.009656159207224846,0.01122415903955698,0.012977383099496365,0.014913933351635933,0.0170369241386652,0.019404320046305656,0.02222626470029354,0.025305451825261116,0.0286516435444355,0.032404977828264236,0.036526329815387726,0.040816210210323334,0.04562528431415558,0.05032369866967201,0.055235326290130615,0.06007687747478485,0.06526673585176468,0.07048080861568451,0.07613904774188995,0.0821848213672638,0.08864818513393402,0.09491957724094391,0.10200909525156021,0.10928920656442642,0.11725136637687683,0.12552912533283234,0.13395270705223083,0.14275714755058289,0.1520075500011444,0.16128964722156525,0.171364426612854,0.18256424367427826,0.1938989758491516,0.20659011602401733
1803,0.00013324515020940453,0.0003070035018026829,0.0005226298817433417,0.0007916262256912887,0.0010722912847995758,0.0014181245351210237,0.0018016021931543946,0.002230938756838441,0.0027478018309921026,0.003279805649071932,0.003897323738783598,0.0045672631822526455,0.00533261289820075,0.0062123797833919525,0.007177726365625858,0.008293095044791698,0.009460223838686943,0.010651638731360435,0.011976485140621662,0.013344677165150642,0.014865659177303314,0.016459621489048004,0.018110454082489014,0.01971176639199257,0.02153579145669937,0.023688077926635742,0.025703096762299538,0.02794656902551651,0.030487511307001114,0.0329110249876976,0.03538096696138382,0.03798193484544754,0.04091532155871391,0.04383261874318123,0.04656410217285156,0.049672506749629974,0.05295562744140625,0.05641496181488037,0.0598970428109169,0.06337884813547134,0.06713159382343292,0.07100425660610199,0.07573890686035156,0.08143308758735657,0.08824758231639862,0.09517626464366913,0.10337379574775696,0.11293905228376389,0.12469640374183655
1804,0.0001294269459322095,0.00030395473004318774,0.0005208058864809573,0.0007924716919660568,0.0010972669115290046,0.0014540775446221232,0.0018295239424332976,0.0022395760752260685,0.0026868581771850586,0.003163352608680725,0.003662105882540345,0.004235857632011175,0.004847819451242685,0.005512245465070009,0.0061701321974396706,0.00690822396427393,0.00772723276168108,0.008541005663573742,0.009512979537248611,0.010587317869067192,0.011781731620430946,0.013088636100292206,0.014464804902672768,0.015999412164092064,0.0177800040692091,0.019748272374272346,0.021908707916736603,0.024036427959799767,0.026395466178655624,0.028875932097434998,0.03150307759642601,0.03441902622580528,0.03803205490112305,0.041968852281570435,0.04652818664908409,0.05158001184463501,0.05733773112297058,0.0634889006614685,0.07030890882015228,0.07835931330919266,0.08754360675811768,0.09792205691337585,0.10896685719490051,0.12209576368331909,0.13537125289440155,0.14729788899421692,0.15570899844169617,0.16379579901695251,0.1759893000125885
1805,0.00014793212176300585,0.00039071112405508757,0.0007084249518811703,0.0011083779390901327,0.0015531687531620264,0.002087084110826254,0.002694222144782543,0.0033907881006598473,0.00415858905762434,0.004957995843142271,0.005829687230288982,0.006802259013056755,0.00781629141420126,0.008932802826166153,0.010086453519761562,0.01150161400437355,0.012990936636924744,0.01472393237054348,0.01672181859612465,0.01874092034995556,0.020905151963233948,0.023310720920562744,0.025879371911287308,0.02870379202067852,0.03156260773539543,0.034730855375528336,0.03814089670777321,0.04166225716471672,0.04505462944507599,0.049015723168849945,0.053205303847789764,0.05795561894774437,0.0627991333603859,0.06813919544219971,0.0741458311676979,0.08025890588760376,0.08652836084365845,0.09399158507585526,0.10203126072883606,0.11008629202842712,0.11920569092035294,0.12993572652339935,0.1423383355140686,0.1567598283290863,0.17229725420475006,0.18665850162506104,0.20254844427108765,0.21984964609146118,0.23796522617340088
1806,0.0001701861183391884,0.000476938730571419,0.000857258215546608,0.0013434269931167364,0.001869626110419631,0.0024779257364571095,0.0032036984339356422,0.004021478816866875,0.004927800036966801,0.0059078168123960495,0.006897971034049988,0.008033236488699913,0.009297835640609264,0.010702264495193958,0.012185022234916687,0.013804490678012371,0.0156533382833004,0.01757304184138775,0.019667726010084152,0.021878419443964958,0.024352343752980232,0.027254216372966766,0.030154455453157425,0.03341106325387955,0.03672690689563751,0.040401771664619446,0.0442093200981617,0.04826224967837334,0.05266955494880676,0.05718529224395752,0.06160531938076019,0.06624019145965576,0.07108704745769501,0.07637818902730942,0.082097128033638,0.08828054368495941,0.0949028879404068,0.10258184373378754,0.11071199178695679,0.11934360861778259,0.12849874794483185,0.1396035999059677,0.15399859845638275,0.1698729395866394,0.1846255511045456,0.19912147521972656,0.21236826479434967,0.22574345767498016,0.2420249581336975
1807,0.00015837512910366058,0.00043753423960879445,0.0007749426877126098,0.0012385150184854865,0.001775716315023601,0.002304286230355501,0.0028719783294945955,0.0035075596533715725,0.004244133364409208,0.005025940015912056,0.0058168675750494,0.006741411983966827,0.00782287959009409,0.009021769277751446,0.01032288372516632,0.011771369725465775,0.013413265347480774,0.015320958569645882,0.01752491667866707,0.01999715529382229,0.02253507822751999,0.02548137865960598,0.02867521345615387,0.032005492597818375,0.0356435552239418,0.03954014554619789,0.043697506189346313,0.04847404733300209,0.05342865362763405,0.05863675847649574,0.06429378688335419,0.07038693130016327,0.07693059742450714,0.08385902643203735,0.0913202315568924,0.09877664595842361,0.106699138879776,0.11440683901309967,0.12262964248657227,0.12987828254699707,0.13572736084461212,0.14131221175193787,0.14729663729667664,0.15304534137248993,0.15882563591003418,0.16571155190467834,0.17340928316116333,0.18162916600704193,0.1906016618013382
1808,0.00013907520042266697,0.00034615700133144855,0.0005992575315758586,0.0009414447122253478,0.001333519583567977,0.0017977083334699273,0.0023290112148970366,0.002888989634811878,0.00353787443600595,0.004250640515238047,0.004989969078451395,0.005750900600105524,0.006542136427015066,0.007373125292360783,0.008257877081632614,0.00911652110517025,0.010122692212462425,0.011195758357644081,0.012379467487335205,0.013591086491942406,0.0148579441010952,0.016242176294326782,0.017750263214111328,0.019325044006109238,0.020967334508895874,0.022906998172402382,0.02505708485841751,0.027379442006349564,0.030118077993392944,0.03325333818793297,0.03693423420190811,0.04072786867618561,0.04520765691995621,0.05017222836613655,0.05565527826547623,0.06171869859099388,0.06824468076229095,0.07591421157121658,0.08411917090415955,0.09249724447727203,0.10189560800790787,0.1113784983754158,0.12068985402584076,0.13079029321670532,0.14070478081703186,0.1496521234512329,0.15652135014533997,0.16576336324214935,0.18034012615680695
1809,0.0001454601442674175,0.00032678034040145576,0.000562407192774117,0.0008650764939375222,0.001204170985147357,0.001604600576683879,0.002061359118670225,0.002572617493569851,0.003115670755505562,0.003719134721904993,0.004416435956954956,0.005182539578527212,0.006043947767466307,0.006942984648048878,0.007871907204389572,0.008972441777586937,0.010140742175281048,0.011427165009081364,0.012815468944609165,0.014300854876637459,0.01588432863354683,0.017489716410636902,0.019248267635703087,0.021225837990641594,0.02335178293287754,0.025631066411733627,0.028131460770964622,0.030914142727851868,0.034038178622722626,0.037432849407196045,0.04114978760480881,0.04517999291419983,0.04978272318840027,0.054999541491270065,0.060929201543331146,0.0674714669585228,0.07396823167800903,0.08142412453889847,0.0892883837223053,0.09822871536016464,0.10753624141216278,0.11672264337539673,0.1264081597328186,0.13598783314228058,0.14464259147644043,0.15275701880455017,0.16122201085090637,0.16903717815876007,0.1774972528219223
1810,0.00011281040497124195,0.0002579661668278277,0.0004552975296974182,0.0006762901321053505,0.0009260465740226209,0.0012370258336886764,0.001559303724206984,0.0018984643975272775,0.002283213660120964,0.0026931806933134794,0.0031177846249192953,0.003577561117708683,0.004086681641638279,0.004619143437594175,0.005148634314537048,0.005795381497591734,0.006452998146414757,0.007149556186050177,0.007926806807518005,0.008726788684725761,0.00959231797605753,0.010613498277962208,0.011652064509689808,0.012821594253182411,0.014051123522222042,0.01521867886185646,0.01654445193707943,0.01788765750825405,0.019203994423151016,0.02077260985970497,0.02223113551735878,0.023708734661340714,0.02531762421131134,0.026773326098918915,0.02837083861231804,0.03003517910838127,0.031641118228435516,0.03344498574733734,0.0353526771068573,0.037352487444877625,0.03951036185026169,0.041526250541210175,0.04350137338042259,0.045788876712322235,0.04785766080021858,0.05004136264324188,0.052078135311603546,0.05440627038478851,0.05794557183980942
1811,0.0001357797154923901,0.00034263654379174113,0.000600794970523566,0.0009274916956201196,0.0012812309432774782,0.0017203976167365909,0.0021954523399472237,0.002709956606850028,0.0032630935311317444,0.003869352862238884,0.004522218834608793,0.0051885368302464485,0.005883682519197464,0.006630155257880688,0.007394435815513134,0.008200039155781269,0.00907009094953537,0.01001740712672472,0.01106489822268486,0.012202008627355099,0.01342073455452919,0.014713884331285954,0.01613406091928482,0.017707116901874542,0.019480163231492043,0.021430393680930138,0.023513980209827423,0.02566896192729473,0.02788037806749344,0.03047122061252594,0.03305596858263016,0.036051854491233826,0.03877687081694603,0.041839588433504105,0.04527299478650093,0.04916416481137276,0.05359865352511406,0.05823171138763428,0.06341682374477386,0.06888332217931747,0.07447706162929535,0.08127587288618088,0.08813672512769699,0.09557509422302246,0.10329969227313995,0.11150919646024704,0.11993525922298431,0.12910418212413788,0.13692691922187805
1812,0.0001534761831862852,0.00040814909152686596,0.0006952335825189948,0.0010695736855268478,0.001495165517553687,0.001956118270754814,0.002477893140166998,0.0030704925302416086,0.003678511595353484,0.0043630171567201614,0.005104522220790386,0.00585609395056963,0.006712461356073618,0.0076003968715667725,0.008569572120904922,0.009611253626644611,0.010976498946547508,0.012419590726494789,0.013998789712786674,0.01582089252769947,0.0177316777408123,0.019615044817328453,0.02173902653157711,0.0240111593157053,0.026699431240558624,0.02930542826652527,0.03234872221946716,0.03589518740773201,0.04005782678723335,0.04418214038014412,0.048571132123470306,0.053467147052288055,0.05847170948982239,0.06380295008420944,0.06983259320259094,0.07607463002204895,0.08322829753160477,0.09059517085552216,0.09720926731824875,0.10365477949380875,0.10992996394634247,0.11629515141248703,0.12236325442790985,0.1281326711177826,0.13385991752147675,0.13927975296974182,0.1442834436893463,0.1488306224346161,0.15430080890655518
1813,0.00012092450197087601,0.0003105441282968968,0.0005545688909478486,0.0008501879638060927,0.0012045636540278792,0.0015908284112811089,0.0020246393978595734,0.002507537603378296,0.0030053926166146994,0.003550563007593155,0.0041495431214571,0.004758101888000965,0.005373787600547075,0.006013665348291397,0.00667916052043438,0.007371584884822369,0.008110156282782555,0.008850030601024628,0.009632752276957035,0.010421709157526493,0.011361222714185715,0.012387346476316452,0.013497726060450077,0.014700442552566528,0.01596483215689659,0.017410244792699814,0.01891433447599411,0.020610269159078598,0.02231578901410103,0.02404838800430298,0.025992678478360176,0.028042210265994072,0.03020637109875679,0.032679326832294464,0.03567786514759064,0.03906138613820076,0.043006423860788345,0.04729897901415825,0.052097152918577194,0.05713231489062309,0.062251389026641846,0.06794369965791702,0.07430028170347214,0.08167237043380737,0.09038777649402618,0.10002011805772781,0.11033469438552856,0.1222405806183815,0.13670851290225983
1814,0.0001540939265396446,0.0003922425676137209,0.0007204625871963799,0.0011897478252649307,0.0017485592979937792,0.002359898993745446,0.003014590125530958,0.0037467055954039097,0.00459830928593874,0.005473881494253874,0.006444589234888554,0.007631966378539801,0.008925914764404297,0.010023092851042747,0.011206313036382198,0.012716333381831646,0.014482958242297173,0.01648002862930298,0.018628546968102455,0.02106054127216339,0.023545967414975166,0.026533767580986023,0.029846686869859695,0.03343990072607994,0.036994725465774536,0.04086633771657944,0.045215487480163574,0.049924492835998535,0.05492815375328064,0.059997960925102234,0.06576555222272873,0.07198382914066315,0.07852277159690857,0.08487780392169952,0.09146445989608765,0.0980890616774559,0.10462311655282974,0.11127572506666183,0.11806266009807587,0.12426028400659561,0.1314651370048523,0.13837356865406036,0.14524340629577637,0.15152479708194733,0.15701378881931305,0.16166795790195465,0.16529422998428345,0.16886131465435028,0.1736365109682083
1815,0.00012047641939716414,0.0002975909737870097,0.0005278860917314887,0.0008355341269634664,0.0011805073590949178,0.00159191875718534,0.002061036415398121,0.002573486650362611,0.0031377626582980156,0.0037400764413177967,0.004431747831404209,0.0051827263087034225,0.006058521568775177,0.006986379623413086,0.008027014322578907,0.009155758656561375,0.010376464575529099,0.011781136505305767,0.013228603638708591,0.01483940053731203,0.016387345269322395,0.018244583159685135,0.020079590380191803,0.022074416279792786,0.024091457948088646,0.026408707723021507,0.029028937220573425,0.031703293323516846,0.034552253782749176,0.037634436041116714,0.04097055643796921,0.04462809860706329,0.0487540066242218,0.05282460153102875,0.057333193719387054,0.06269251555204391,0.06852219253778458,0.07446156442165375,0.08080248534679413,0.08740292489528656,0.09426957368850708,0.10180778801441193,0.10978929698467255,0.11739173531532288,0.12441197782754898,0.13133065402507782,0.13781747221946716,0.14425945281982422,0.1534123569726944
1816,0.00011806041584350169,0.0002963098813779652,0.0005280403420329094,0.000801011105068028,0.001126153045333922,0.0015054119285196066,0.0019364545587450266,0.0023879290092736483,0.0029086170252412558,0.0034912279807031155,0.00411581015214324,0.0048049818724393845,0.005535168573260307,0.006323452107608318,0.00730478810146451,0.008323627524077892,0.009501506574451923,0.010821329429745674,0.012220018543303013,0.013838067650794983,0.01564044877886772,0.017716769129037857,0.020014118403196335,0.02231365628540516,0.024885110557079315,0.027595186606049538,0.030469615012407303,0.03336331993341446,0.03648173809051514,0.039583511650562286,0.043172284960746765,0.04691746085882187,0.05128667131066322,0.055920399725437164,0.06116153299808502,0.06707090139389038,0.07403891533613205,0.0817621499300003,0.09058123081922531,0.1002030149102211,0.11222289502620697,0.12455299496650696,0.1368085891008377,0.14920176565647125,0.1603834331035614,0.17142441868782043,0.18261905014514923,0.1950899213552475,0.20782506465911865
1817,0.0001528821449028328,0.00037146167596802115,0.000641198712401092,0.0009545730426907539,0.0013195648789405823,0.0017287313239648938,0.0021578771993517876,0.0026352298445999622,0.0031516598537564278,0.003714268794283271,0.004295926075428724,0.004950503818690777,0.005686908960342407,0.006464982870966196,0.007392325438559055,0.008410662412643433,0.009588336572051048,0.010987193323671818,0.012542315758764744,0.014292832463979721,0.01621777005493641,0.018348809331655502,0.02077816054224968,0.02345803566277027,0.02648822031915188,0.029729366302490234,0.03336728364229202,0.03748996555805206,0.0420660674571991,0.04710615426301956,0.05242942273616791,0.058066144585609436,0.06394961476325989,0.07018555700778961,0.07656331360340118,0.08325045555830002,0.09040307998657227,0.09755786508321762,0.10453221201896667,0.11144201457500458,0.11862051486968994,0.12551845610141754,0.1318294107913971,0.1372893750667572,0.14174997806549072,0.14633260667324066,0.15132777392864227,0.15760478377342224,0.1647723913192749
1818,0.00012875320680905133,0.0003277371870353818,0.0005784481181763113,0.0008852275786921382,0.0012493154499679804,0.0016578922513872385,0.0021494317334145308,0.0026331418193876743,0.0032165669836103916,0.0038616727106273174,0.004549212288111448,0.005347470752894878,0.006154106929898262,0.00699834106490016,0.007967820391058922,0.009010544046759605,0.01026067603379488,0.011525812558829784,0.01298520527780056,0.014506639912724495,0.016219764947891235,0.018143828958272934,0.02033689245581627,0.022768385708332062,0.025455059483647346,0.028470270335674286,0.03196147084236145,0.035993073135614395,0.04005787521600723,0.04431391507387161,0.049224138259887695,0.05450768768787384,0.06027936935424805,0.06630992889404297,0.07296418398618698,0.08002543449401855,0.08740457892417908,0.09506447613239288,0.10277695953845978,0.11108691245317459,0.1193096786737442,0.12767556309700012,0.13743752241134644,0.14684036374092102,0.15574133396148682,0.16479593515396118,0.17341913282871246,0.18317601084709167,0.19620069861412048
1819,0.00013500265777111053,0.00030664552468806505,0.0005083492724224925,0.000747920828871429,0.0010369069641456008,0.001388002187013626,0.001753185410052538,0.0021625617519021034,0.002610797993838787,0.003103619208559394,0.00358560006134212,0.004144734237343073,0.00476866215467453,0.005561418831348419,0.0063792262226343155,0.007291850168257952,0.008239449001848698,0.009267611429095268,0.010473605245351791,0.011817636899650097,0.013269534334540367,0.014961544424295425,0.01692722924053669,0.0190231092274189,0.0212605819106102,0.023394761607050896,0.02579818107187748,0.028532125055789948,0.0311720110476017,0.03403066098690033,0.03685574606060982,0.0395316407084465,0.04286405071616173,0.04636210948228836,0.05039529502391815,0.054371658712625504,0.058577463030815125,0.06279799342155457,0.06742940098047256,0.07201505452394485,0.07632043212652206,0.08038114011287689,0.08462605625391006,0.08874285966157913,0.09246957302093506,0.09675973653793335,0.10108394175767899,0.10567468404769897,0.10916191339492798
1820,0.0001040620481944643,0.00025910401018336415,0.00045479307300411165,0.0006921128369867802,0.0009717304492369294,0.0012958034640178084,0.0016797506250441074,0.002075150376185775,0.0025387313216924667,0.0030686925165355206,0.003662584815174341,0.00435389531776309,0.005103147588670254,0.005887252744287252,0.006768951192498207,0.007746248506009579,0.008915504440665245,0.01032530888915062,0.011811359785497189,0.01349797286093235,0.015298692509531975,0.01723877526819706,0.01936887949705124,0.02171865850687027,0.02439449355006218,0.027380090206861496,0.030411727726459503,0.03379010409116745,0.03757835552096367,0.04153917729854584,0.04553195461630821,0.04966960847377777,0.05369024723768234,0.05803980678319931,0.06292250752449036,0.06783954799175262,0.07293234765529633,0.07786980271339417,0.08332999795675278,0.08910126239061356,0.09541113674640656,0.1017095223069191,0.10916018486022949,0.1171097531914711,0.12507139146327972,0.13347755372524261,0.1412566602230072,0.14912620186805725,0.15689831972122192
1821,0.00018111661483999342,0.0004515312903095037,0.000813885242678225,0.0012833437649533153,0.001823666738346219,0.00243176007643342,0.003091876395046711,0.0037926682271063328,0.004545418545603752,0.005346038844436407,0.006114230491220951,0.007016902789473534,0.00793895497918129,0.008843641728162766,0.009831452742218971,0.010795588605105877,0.011913847178220749,0.012990053743124008,0.014241310767829418,0.015676934272050858,0.01729426346719265,0.01915883459150791,0.02112005650997162,0.023243866860866547,0.02553042769432068,0.028141692280769348,0.03096839413046837,0.03390203416347504,0.03715520352125168,0.04084090143442154,0.044668152928352356,0.0490284189581871,0.05388708785176277,0.059344321489334106,0.06537385284900665,0.07161510735750198,0.07853654772043228,0.08516476303339005,0.09195314347743988,0.09840057790279388,0.10481427609920502,0.11048427224159241,0.11592602729797363,0.12162286788225174,0.12644203007221222,0.13060365617275238,0.13447828590869904,0.1386065036058426,0.14292150735855103
1822,0.00011671322863548994,0.0002797616471070796,0.0004825037613045424,0.0007215057848952711,0.0010046556126326323,0.0013253253418952227,0.0016986308619379997,0.0021216929890215397,0.0025490594562143087,0.0030425675213336945,0.003581912722438574,0.004165259189903736,0.0048281303606927395,0.005541594699025154,0.006258601788431406,0.0070413569919764996,0.00789392925798893,0.008787528611719608,0.009747149422764778,0.010755700059235096,0.01181485690176487,0.013049655593931675,0.014400104060769081,0.015693888068199158,0.01690792664885521,0.018197905272245407,0.019570834934711456,0.020886041224002838,0.02226199023425579,0.023506784811615944,0.02481558732688427,0.026248997077345848,0.02778446301817894,0.02928926981985569,0.030986066907644272,0.033029280602931976,0.03508386015892029,0.037511616945266724,0.04020657762885094,0.04330627992749214,0.04677300155162811,0.050321776419878006,0.05370590090751648,0.05754639208316803,0.06180500239133835,0.06653040647506714,0.07164781540632248,0.07821378856897354,0.08489186316728592
1823,0.00011559583072084934,0.0002806611591950059,0.00049213832244277,0.0007628507446497679,0.0010642067063599825,0.0014269250677898526,0.0018019068520516157,0.002227403223514557,0.0026880507357418537,0.0031684734858572483,0.003666319651529193,0.004192272201180458,0.004738914780318737,0.0053457883186638355,0.0059633925557136536,0.006675501354038715,0.00740031385794282,0.00828420277684927,0.009170392528176308,0.010007414035499096,0.010897497646510601,0.012016751803457737,0.013140840455889702,0.014284702017903328,0.015549177303910255,0.016895489767193794,0.0182722806930542,0.019884776324033737,0.02145281247794628,0.023381460458040237,0.02542830817401409,0.027675136923789978,0.03003549948334694,0.03277953714132309,0.035963982343673706,0.03985752537846565,0.04392225295305252,0.04868513345718384,0.05415802448987961,0.05938723683357239,0.06422358006238937,0.06906040012836456,0.07378025352954865,0.07833325117826462,0.08251354843378067,0.08619962632656097,0.08982346951961517,0.09372328966856003,0.09810485690832138
1824,0.0001306369958911091,0.0003310625907033682,0.0005626663332805037,0.000869777868501842,0.0011986253084614873,0.001555232098326087,0.0019616223871707916,0.00239933910779655,0.0028607361018657684,0.0033684077206999063,0.003955206833779812,0.004543436225503683,0.0051819621585309505,0.005899379961192608,0.00668006855994463,0.007516105659306049,0.008536580950021744,0.009602561593055725,0.010802495293319225,0.012206272222101688,0.013677210547029972,0.015469223260879517,0.01772111840546131,0.020160388201475143,0.02299550548195839,0.026196405291557312,0.029540035873651505,0.033467136323451996,0.03769254684448242,0.04210721328854561,0.047217581421136856,0.05255754292011261,0.05811428278684616,0.06427402794361115,0.07074882090091705,0.07785794138908386,0.08533032238483429,0.09293598681688309,0.10110518336296082,0.10927887260913849,0.11767198145389557,0.1273234784603119,0.13723236322402954,0.14653651416301727,0.1564527004957199,0.16698163747787476,0.17597903311252594,0.1845158338546753,0.19469012320041656
1825,0.00015938369324430823,0.0004022392677143216,0.0006855626124888659,0.0010718076955527067,0.0014914741041138768,0.002014770172536373,0.0025944954250007868,0.003245093859732151,0.004007309675216675,0.004850819706916809,0.005755004473030567,0.006818054243922234,0.007985055446624756,0.009280976839363575,0.010697633028030396,0.012217344716191292,0.01406152918934822,0.016016507521271706,0.01835624873638153,0.02067909575998783,0.023128651082515717,0.025731852278113365,0.028446346521377563,0.03134976327419281,0.03447311371564865,0.03776184469461441,0.04119130223989487,0.044745657593011856,0.048566821962594986,0.05246301367878914,0.05645164102315903,0.06073939800262451,0.06526783108711243,0.07014870643615723,0.07552358508110046,0.08113324642181396,0.08734108507633209,0.09381350129842758,0.10085218399763107,0.10874440521001816,0.11764642596244812,0.12735536694526672,0.13696184754371643,0.14671172201633453,0.1565926969051361,0.1675506830215454,0.17888064682483673,0.19237276911735535,0.20877951383590698
1826,0.00012505572522059083,0.0002974735398311168,0.0005131079233251512,0.0007871774723753333,0.0011111036874353886,0.0014814939349889755,0.0019105179235339165,0.0023884684778749943,0.0029231247026473284,0.0035253195092082024,0.004131748341023922,0.004796136170625687,0.0055258609354496,0.006308077368885279,0.007217413280159235,0.008210362866520882,0.009203338995575905,0.010359406471252441,0.011549798771739006,0.01292581669986248,0.014466566033661366,0.01619173027575016,0.018199605867266655,0.020425444468855858,0.02298157848417759,0.025943860411643982,0.02924032136797905,0.032885465770959854,0.03708360344171524,0.041735898703336716,0.04662135988473892,0.05220063030719757,0.05754586309194565,0.0630699172616005,0.06840596348047256,0.07437416166067123,0.08065684884786606,0.08656442165374756,0.09309612959623337,0.09975621104240417,0.10665280371904373,0.11408892273902893,0.1218402236700058,0.13045522570610046,0.13922008872032166,0.1481914520263672,0.15731775760650635,0.16572263836860657,0.17537087202072144
1827,0.00011366987746441737,0.000271772441919893,0.0004771293024532497,0.0007404479547403753,0.0010604257695376873,0.0014353110454976559,0.0018669536802917719,0.002298223553225398,0.0027931842487305403,0.0033323541283607483,0.0038558291271328926,0.004478989169001579,0.0051703373901546,0.005957644432783127,0.006807548459619284,0.007793955970555544,0.008923545479774475,0.010133905336260796,0.011450857855379581,0.012823984026908875,0.01435388345271349,0.016047965735197067,0.017848340794444084,0.01986151933670044,0.02200762927532196,0.02415444701910019,0.02645220421254635,0.02882218360900879,0.03140704333782196,0.03426602855324745,0.03730199486017227,0.04032326489686966,0.043827515095472336,0.047620199620723724,0.05160875245928764,0.055994827300310135,0.06064518168568611,0.06559081375598907,0.07035240530967712,0.07520279288291931,0.07983561605215073,0.08457896113395691,0.08951964229345322,0.0944991260766983,0.09940789639949799,0.10532994568347931,0.11050736159086227,0.11700120568275452,0.12441657483577728
1828,0.0001369613455608487,0.0003321834374219179,0.0006030915537849069,0.0009561663027852774,0.0013482391368597746,0.0017750946572050452,0.0022795358672738075,0.0028570282738655806,0.0034656887874007225,0.004175813402980566,0.004895862191915512,0.005749365780502558,0.00662717130035162,0.007640715688467026,0.008662626147270203,0.009822113439440727,0.010970041155815125,0.012195587158203125,0.01345799583941698,0.014886084944009781,0.016315627843141556,0.017910324037075043,0.019655482843518257,0.02162632718682289,0.023749940097332,0.026175033301115036,0.02884684130549431,0.03176727518439293,0.03499699756503105,0.0386599637567997,0.0426960363984108,0.0470842644572258,0.05178096890449524,0.05666046962141991,0.06148650124669075,0.06675295531749725,0.07224781811237335,0.07811068743467331,0.08388058841228485,0.08988678455352783,0.09592541307210922,0.10293932259082794,0.11052295565605164,0.11874355375766754,0.12738800048828125,0.13689538836479187,0.1472538411617279,0.15856432914733887,0.1709957718849182
1829,0.00016587837308179587,0.00044317665742710233,0.0007806736975908279,0.001220454229041934,0.0017147514736279845,0.002239325549453497,0.002903510117903352,0.0035921416711062193,0.004415618721395731,0.005357296671718359,0.006394925061613321,0.007559098768979311,0.008725788444280624,0.009965267032384872,0.011335121467709541,0.012827277183532715,0.01450157817453146,0.01618010178208351,0.017975520342588425,0.019903503358364105,0.021828938275575638,0.023822970688343048,0.025953179225325584,0.028331637382507324,0.030728138983249664,0.03328116983175278,0.035836704075336456,0.03877655789256096,0.04192478954792023,0.0452665239572525,0.048307329416275024,0.052026063203811646,0.056330617517232895,0.06050623208284378,0.06516510248184204,0.06956113129854202,0.07424328476190567,0.07910268753767014,0.08447972685098648,0.09020772576332092,0.0964943990111351,0.10369113832712173,0.11091229319572449,0.11801579594612122,0.12541930377483368,0.13195635378360748,0.137401282787323,0.14424015581607819,0.15296590328216553
1830,0.00012534449342638254,0.0002972004876937717,0.0005003891419619322,0.0007777964347042143,0.001104093506000936,0.0014853239990770817,0.0018909784266725183,0.0023642349988222122,0.0028857619035989046,0.003444468602538109,0.004023353569209576,0.004683522507548332,0.0053820256143808365,0.006076346151530743,0.0069302902556955814,0.007810224778950214,0.008817717432975769,0.009853886440396309,0.010895860381424427,0.012010132893919945,0.013048920780420303,0.01425384171307087,0.015591531991958618,0.017023928463459015,0.01874198205769062,0.02054896578192711,0.022650830447673798,0.02502685785293579,0.027702685445547104,0.0306716151535511,0.03417340666055679,0.03796786442399025,0.0426376648247242,0.047566212713718414,0.053472183644771576,0.06006776541471481,0.06740095466375351,0.07532159239053726,0.08348052948713303,0.09194808453321457,0.10056346654891968,0.10943416506052017,0.11878632009029388,0.12892526388168335,0.1391662210226059,0.14858858287334442,0.15709137916564941,0.16636604070663452,0.17696234583854675
1831,0.0001356403954559937,0.0003048763610422611,0.0005316083552315831,0.0007970721344463527,0.001108183292672038,0.0014616448897868395,0.0018611927516758442,0.0022968477569520473,0.00268832896836102,0.003153655445203185,0.0036540976725518703,0.004120705649256706,0.004686391446739435,0.005260744132101536,0.00585771631449461,0.006542966701090336,0.007276004645973444,0.008108783513307571,0.009018344804644585,0.010067267343401909,0.01119203120470047,0.012450644746422768,0.013881055638194084,0.015446467325091362,0.017278999090194702,0.019242174923419952,0.021513735875487328,0.02395428903400898,0.026772595942020416,0.029689809307456017,0.032785650342702866,0.03613288328051567,0.040012869983911514,0.0438944548368454,0.048098526895046234,0.05311513692140579,0.05834942311048508,0.06406047940254211,0.070133738219738,0.07667353004217148,0.08318345993757248,0.08988606929779053,0.09645912051200867,0.10323407500982285,0.10948222130537033,0.11527914553880692,0.12023850530385971,0.1248088926076889,0.12949949502944946
1832,0.00013255549129098654,0.00032243411988019943,0.0005454392521642148,0.0008738211472518742,0.0012387465685606003,0.001655580010265112,0.002125890925526619,0.0026998952962458134,0.003296155948191881,0.003963717259466648,0.004668154288083315,0.0055429222993552685,0.006430143490433693,0.0074640847742557526,0.00854938942939043,0.009757427498698235,0.011114273220300674,0.012573071755468845,0.014312582090497017,0.01626591943204403,0.018446672707796097,0.020999185740947723,0.023612912744283676,0.026462294161319733,0.02968471497297287,0.03316355496644974,0.03696533292531967,0.04092530533671379,0.04519062116742134,0.04947183281183243,0.05388331785798073,0.05848748981952667,0.06318952143192291,0.06779799610376358,0.07220246642827988,0.07607999444007874,0.079863041639328,0.08378341048955917,0.08800334483385086,0.09203851222991943,0.09611814469099045,0.10020874440670013,0.10519300401210785,0.11010749638080597,0.11521206796169281,0.11979860067367554,0.12270581722259521,0.1260582059621811,0.130476713180542
1833,0.00010143821418751031,0.0002730136038735509,0.0004866565577685833,0.00077159667853266,0.0010926786344498396,0.001474403659813106,0.001904721837490797,0.0023194996174424887,0.002834944985806942,0.0033305499237030745,0.0038527140859514475,0.004447214305400848,0.005102711729705334,0.005786986090242863,0.006467675790190697,0.007264541462063789,0.008094210177659988,0.008934903889894485,0.009818431921303272,0.01069571077823639,0.011606906540691853,0.012621443718671799,0.013564905151724815,0.014607790857553482,0.015916192904114723,0.017349671572446823,0.01900549978017807,0.020779982209205627,0.02288057655096054,0.02518715336918831,0.02780481055378914,0.03072662279009819,0.03401825949549675,0.037733227014541626,0.042111385613679886,0.0472252294421196,0.053189679980278015,0.05982038378715515,0.0672079548239708,0.07525179535150528,0.0842990055680275,0.09420158714056015,0.10511624813079834,0.11647018045186996,0.12732718884944916,0.1376051902770996,0.14654485881328583,0.15561167895793915,0.16583116352558136
1834,0.00014300977636594325,0.00033484474988654256,0.000605718931183219,0.0009040393633767962,0.0012486964697018266,0.00162225600797683,0.0020275041460990906,0.002486900892108679,0.002971015404909849,0.003459382336586714,0.0040177456103265285,0.004619397688657045,0.0052598463371396065,0.0059261019341647625,0.006616248283535242,0.007394365034997463,0.00833946280181408,0.009261921048164368,0.010402207262814045,0.011696575209498405,0.013064310885965824,0.01458500325679779,0.01616774871945381,0.017973072826862335,0.019851626828312874,0.022174030542373657,0.024856939911842346,0.02816368266940117,0.03211846947669983,0.03643089532852173,0.04101887345314026,0.046146735548973083,0.05181512236595154,0.05771232396364212,0.06409040093421936,0.07121966779232025,0.07840204238891602,0.08566699922084808,0.09346466511487961,0.10186859965324402,0.11053385585546494,0.11926843225955963,0.12822508811950684,0.13735798001289368,0.14619196951389313,0.15529906749725342,0.1639174222946167,0.17368212342262268,0.18357756733894348
1835,0.00012359203537926078,0.000298632076010108,0.0005249554524198174,0.0008147563203237951,0.0011404051911085844,0.0014957631938159466,0.0018823358695954084,0.0023338415194302797,0.002789126243442297,0.0032497472129762173,0.003750170348212123,0.0042597344145178795,0.004879536107182503,0.005520788952708244,0.006290833465754986,0.007160208187997341,0.00820430088788271,0.009462046436965466,0.010934627614915371,0.012562232092022896,0.014512274414300919,0.016756020486354828,0.01927829720079899,0.021933235228061676,0.024554485455155373,0.027529004961252213,0.030804749578237534,0.03417971357703209,0.03763808310031891,0.041463904082775116,0.04512668028473854,0.049202702939510345,0.053517960011959076,0.05782565474510193,0.06235864758491516,0.06752710044384003,0.07294347137212753,0.07912502437829971,0.0853009819984436,0.09077338874340057,0.0965471863746643,0.10284806787967682,0.10938329994678497,0.11630292236804962,0.12418220192193985,0.13116160035133362,0.13843101263046265,0.1450890302658081,0.15285024046897888
1836,0.0001382335613016039,0.0003204497043043375,0.0005688278470188379,0.0008582769660279155,0.0012106093345209956,0.0015775016508996487,0.0020027251448482275,0.0024563814513385296,0.0029437649063766003,0.003421996021643281,0.0039109522476792336,0.00446975976228714,0.005073619540780783,0.0057443114928901196,0.006365577690303326,0.0071421777829527855,0.00792426336556673,0.008774463087320328,0.009713050909340382,0.010650768876075745,0.01169865857809782,0.012821245938539505,0.014084686525166035,0.015608277171850204,0.01730308309197426,0.01913122832775116,0.02121897041797638,0.02342478558421135,0.02577296271920204,0.028091711923480034,0.03067202866077423,0.03350178524851799,0.03638959676027298,0.03985590487718582,0.043631624430418015,0.04747719690203667,0.051838360726833344,0.056464921683073044,0.06152426451444626,0.06726091355085373,0.07388970255851746,0.08134318888187408,0.08950638025999069,0.09833061695098877,0.108787402510643,0.12006160616874695,0.1288926899433136,0.1391216218471527,0.1597995162010193
1837,0.00014001299859955907,0.0003119146276731044,0.0005253977724350989,0.0007607091101817787,0.0010661956621333957,0.0013847020454704762,0.0017082225531339645,0.0020575695671141148,0.002452074084430933,0.0028597679920494556,0.0033194024581462145,0.003768780268728733,0.004248207435011864,0.004779237788170576,0.005297298543155193,0.0058945054188370705,0.006538224406540394,0.007201677188277245,0.007936425507068634,0.0087363850325346,0.009691540151834488,0.010653473436832428,0.011706135235726833,0.012852691113948822,0.014213122427463531,0.01561336312443018,0.017233923077583313,0.0188464242964983,0.020624855533242226,0.02261769399046898,0.02516617439687252,0.027885310351848602,0.030982695519924164,0.03424779698252678,0.0379878394305706,0.04211591184139252,0.04726644232869148,0.053113166242837906,0.05998224765062332,0.06847511231899261,0.07849094271659851,0.08992826193571091,0.10162412375211716,0.11483670771121979,0.12902885675430298,0.14169129729270935,0.15266858041286469,0.16366779804229736,0.17953911423683167
1838,0.00014371119323186576,0.0003463533066678792,0.0005698972381651402,0.0008701212354935706,0.0012024680618196726,0.0015945627819746733,0.0019993027672171593,0.0024379766546189785,0.0029129041358828545,0.0034384860191494226,0.003988103475421667,0.004606974311172962,0.00526625569909811,0.006024115718901157,0.006834906991571188,0.0077828774228692055,0.008823202922940254,0.010029586032032967,0.011468745768070221,0.013055101968348026,0.014873343519866467,0.016706306487321854,0.01892758347094059,0.021071773022413254,0.0231027789413929,0.025405529886484146,0.028059398755431175,0.030762746930122375,0.03363227844238281,0.03661133348941803,0.03963892534375191,0.04320409148931503,0.047120384871959686,0.051074571907520294,0.05511648207902908,0.05936923995614052,0.0636255294084549,0.06762778759002686,0.07212895900011063,0.07639322429895401,0.08072696626186371,0.08479858934879303,0.08902716636657715,0.09394685178995132,0.09942899644374847,0.1052347719669342,0.11154228448867798,0.11766605079174042,0.12589704990386963
1839,0.00014487659791484475,0.0003761106345336884,0.0006772901979275048,0.0010494261514395475,0.0015000151470303535,0.001980322878807783,0.0025058984756469727,0.003066598204895854,0.003731338307261467,0.0044152820482850075,0.005195070058107376,0.005996709689497948,0.0069060735404491425,0.007852362468838692,0.00879603810608387,0.009834724478423595,0.011048497632145882,0.012564104050397873,0.014215365052223206,0.016056258231401443,0.018290221691131592,0.020746998488903046,0.023691898211836815,0.02691088803112507,0.030444717034697533,0.03426845744252205,0.038445524871349335,0.042748209089040756,0.04716358706355095,0.05197785422205925,0.05689478665590286,0.06218281760811806,0.06735388189554214,0.07315903902053833,0.07906524091959,0.0854593887925148,0.0917203426361084,0.09777341037988663,0.10372473299503326,0.10977796465158463,0.11571849137544632,0.12200494110584259,0.1287420690059662,0.13562318682670593,0.14339642226696014,0.15049615502357483,0.1578170210123062,0.1656789779663086,0.1750292032957077
1840,0.00013915113231632859,0.00036434896173886955,0.0006905854679644108,0.0011191933881491423,0.0015705027617514133,0.00202773604542017,0.002534162951633334,0.0030900021083652973,0.0036547831259667873,0.004329267889261246,0.004974955692887306,0.005623803474009037,0.006320936139672995,0.007079741917550564,0.007928071543574333,0.008883906528353691,0.009990399703383446,0.011185603216290474,0.012360114604234695,0.013522814959287643,0.014865173026919365,0.016312841325998306,0.017774268984794617,0.019312815740704536,0.0209563709795475,0.022796466946601868,0.024770673364400864,0.027012374252080917,0.02950279414653778,0.03234047442674637,0.03568418323993683,0.03932803496718407,0.043584052473306656,0.04794378951191902,0.05287899821996689,0.058188363909721375,0.06377673149108887,0.07023020833730698,0.07689320296049118,0.0833880752325058,0.08882918953895569,0.09382382780313492,0.09892295300960541,0.10370099544525146,0.10796990990638733,0.1124856024980545,0.11734756827354431,0.12176980823278427,0.12685377895832062
1841,0.00012443456216715276,0.00028311830828897655,0.00047900370554998517,0.0007399205351248384,0.0010396046563982964,0.0013739187270402908,0.0017557503888383508,0.002199711976572871,0.002644264604896307,0.0031638576183468103,0.003715271595865488,0.004375931806862354,0.005064991302788258,0.00580248050391674,0.006624398287385702,0.0074820611625909805,0.00852552242577076,0.009566355496644974,0.010747586376965046,0.012008355930447578,0.013327356427907944,0.014779537916183472,0.01630394160747528,0.018068166449666023,0.019966179504990578,0.02209160104393959,0.024309322237968445,0.026569124311208725,0.029069075360894203,0.03157535940408707,0.03451135754585266,0.037501730024814606,0.0406995564699173,0.04394805431365967,0.04720764979720116,0.05055035278201103,0.054189570248126984,0.057713158428668976,0.0611196830868721,0.06525429338216782,0.06843656301498413,0.07121020555496216,0.07355207204818726,0.07644183188676834,0.07924851775169373,0.08230678737163544,0.08548395335674286,0.08856417238712311,0.09195005893707275
1842,0.00015390498447231948,0.0003921992320101708,0.00069559266557917,0.0010678122052922845,0.0014963161665946245,0.001993071986362338,0.0025272383354604244,0.0031516102608293295,0.003813775721937418,0.00449741818010807,0.0052560605108737946,0.006009257864207029,0.0068419803865253925,0.007871780544519424,0.0089907580986619,0.010178313590586185,0.011571547016501427,0.01316651701927185,0.015022413805127144,0.017036765813827515,0.01933632418513298,0.0216103233397007,0.024086087942123413,0.026540685445070267,0.029389530420303345,0.03192485496401787,0.03466145694255829,0.037653639912605286,0.041054628789424896,0.04454793781042099,0.048529405146837234,0.05262763798236847,0.05726457014679909,0.062438495457172394,0.06778290122747421,0.07396388053894043,0.08028227090835571,0.08698442578315735,0.09447181969881058,0.10247834026813507,0.11090642958879471,0.11995154619216919,0.12930959463119507,0.13819700479507446,0.1478670835494995,0.15565285086631775,0.16168972849845886,0.16672490537166595,0.17475467920303345
1843,0.00014216703129932284,0.00037275045178830624,0.0006778040551580489,0.001056572305969894,0.0014927203301340342,0.0019879178144037724,0.0025044630747288465,0.0030718096531927586,0.003718538675457239,0.004401680082082748,0.005233084782958031,0.006184793543070555,0.007210001349449158,0.008394051343202591,0.009523729793727398,0.010870331898331642,0.0123479338362813,0.013969777151942253,0.015735965222120285,0.01765570044517517,0.019807087257504463,0.02204647846519947,0.024600032716989517,0.027172844856977463,0.02990885078907013,0.03295256197452545,0.03649045526981354,0.04023432731628418,0.04464389756321907,0.0496768057346344,0.054377567023038864,0.059838131070137024,0.06562751531600952,0.07231862843036652,0.07916728407144547,0.08643387258052826,0.09416379779577255,0.1021566092967987,0.11148753017187119,0.12142743170261383,0.13180527091026306,0.1442359834909439,0.1570926308631897,0.16899538040161133,0.18006187677383423,0.18880437314510345,0.19738711416721344,0.2016875445842743,0.2132488489151001
1844,0.00014097546227276325,0.00031487183878198266,0.0005270725232549012,0.0008117958786897361,0.0011103033320978284,0.001487320871092379,0.001862724544480443,0.002262974390760064,0.0027499038260430098,0.003219286445528269,0.0037418475840240717,0.004394384101033211,0.005002256482839584,0.00566440261900425,0.006409836001694202,0.007217437960207462,0.008138357661664486,0.009098502807319164,0.010217009112238884,0.011435107327997684,0.012731455266475677,0.014331312850117683,0.016103161498904228,0.01815415546298027,0.02061694674193859,0.023553047329187393,0.026735641062259674,0.030223429203033447,0.033960096538066864,0.038226041942834854,0.042850155383348465,0.04800883308053017,0.05388227105140686,0.06048674136400223,0.06820489466190338,0.0766858235001564,0.08684758841991425,0.09754941612482071,0.10814916342496872,0.1189725399017334,0.12990543246269226,0.1407141238451004,0.15153706073760986,0.1622302383184433,0.17339368164539337,0.183929443359375,0.19377334415912628,0.20602674782276154,0.2205655425786972
1845,0.0001413541758665815,0.0003870245418511331,0.0006966389482840896,0.001112331636250019,0.0016040471382439137,0.0021939680445939302,0.0028582385275512934,0.003591709304600954,0.004393942654132843,0.005288036540150642,0.006222616881132126,0.0073378439992666245,0.0085742874071002,0.009911315515637398,0.01142620574682951,0.013029973953962326,0.014829715713858604,0.016795936971902847,0.018987029790878296,0.02142256684601307,0.02430596575140953,0.027401519939303398,0.031041216105222702,0.03496110811829567,0.03913470730185509,0.043699461966753006,0.04880467802286148,0.05394476279616356,0.05910252034664154,0.06491132825613022,0.0711374580860138,0.07801920920610428,0.08525525033473969,0.09315872937440872,0.10214102268218994,0.11160935461521149,0.1216372698545456,0.131538525223732,0.14122804999351501,0.15154150128364563,0.16291098296642303,0.17587144672870636,0.1904871165752411,0.20685802400112152,0.22387069463729858,0.24076040089130402,0.2551911473274231,0.2691263258457184,0.28216004371643066
1846,0.00014781320351175964,0.00035990329342894256,0.0006305041606537998,0.0009630965651012957,0.00136377674061805,0.0017975909868255258,0.002305906265974045,0.002880908316001296,0.003512459807097912,0.004174600820988417,0.004932820796966553,0.005782718304544687,0.006666683591902256,0.007642712444067001,0.008792493492364883,0.009943600744009018,0.011119320057332516,0.012301673181355,0.013672109693288803,0.015048941597342491,0.01652190089225769,0.01799321360886097,0.019478430971503258,0.021038949489593506,0.02263377420604229,0.02432994917035103,0.025993114337325096,0.02792830392718315,0.029736600816249847,0.03163819760084152,0.0338040292263031,0.03632508963346481,0.038673169910907745,0.04094909504055977,0.04375266283750534,0.04664022475481033,0.0498633086681366,0.05360761284828186,0.057432640343904495,0.06180819869041443,0.06690113246440887,0.0730685442686081,0.07994053512811661,0.08791130781173706,0.09534551203250885,0.10221807658672333,0.10817679017782211,0.11349489539861679,0.12027747929096222
1847,0.00013786612544208765,0.00033222977072000504,0.0005914829671382904,0.0009351416956633329,0.0013417784357443452,0.0018774523632600904,0.002489089034497738,0.0032381732016801834,0.0041669076308608055,0.005333504173904657,0.00676738191395998,0.008511131629347801,0.010237940587103367,0.012069737538695335,0.013989545404911041,0.016041617840528488,0.018189456313848495,0.020577870309352875,0.02302316576242447,0.02546520158648491,0.028348403051495552,0.03130292147397995,0.03433556482195854,0.03755701333284378,0.040412209928035736,0.043395157903432846,0.04658786579966545,0.049958813935518265,0.053713344037532806,0.05761004984378815,0.061497434973716736,0.06563806533813477,0.07060660421848297,0.076256163418293,0.08191220462322235,0.08767500519752502,0.09329663217067719,0.09956158697605133,0.10639576613903046,0.11371907591819763,0.12109421193599701,0.1290701925754547,0.1375327855348587,0.1464964896440506,0.1547822654247284,0.16183657944202423,0.16680002212524414,0.17095117270946503,0.17882540822029114
1848,0.0001347301877103746,0.00032923807157203555,0.0005661769537255168,0.0008970035123638809,0.0012523671612143517,0.0016481290804222226,0.00207856809720397,0.002537488006055355,0.003038711380213499,0.0035410989075899124,0.0041343048214912415,0.00475485622882843,0.005459682084619999,0.006176249124109745,0.007018272764980793,0.007989006116986275,0.009027793072164059,0.010179792530834675,0.01151286531239748,0.013030406087636948,0.01475817896425724,0.01666141301393509,0.018902994692325592,0.021292030811309814,0.023815389722585678,0.0264589861035347,0.029527753591537476,0.03259704262018204,0.036029547452926636,0.040012914687395096,0.04434975981712341,0.04914359003305435,0.054122183471918106,0.05920149385929108,0.06465601176023483,0.07048247754573822,0.0765632838010788,0.0823933407664299,0.08889022469520569,0.09499678760766983,0.10126415640115738,0.10841838270425797,0.11550253629684448,0.12273190170526505,0.1294020265340805,0.13505521416664124,0.14011456072330475,0.14509280025959015,0.15153731405735016
1849,0.00015159590111579746,0.0004054803284816444,0.0007499948260374367,0.0011773002333939075,0.0016726413741707802,0.0022305066231638193,0.0028385724872350693,0.0034778688568621874,0.004217506852000952,0.004996548406779766,0.005814538337290287,0.006684190593659878,0.0076506477780640125,0.008666270412504673,0.00979152973741293,0.010900654830038548,0.012099510990083218,0.01334749162197113,0.014845303259789944,0.01648903079330921,0.018135791644454002,0.01996421441435814,0.02182869054377079,0.02392418310046196,0.025975247845053673,0.02810206264257431,0.03028848022222519,0.03275858238339424,0.035166915506124496,0.03782186284661293,0.040672168135643005,0.043511372059583664,0.04661194980144501,0.04999440908432007,0.05368432402610779,0.05764063447713852,0.062111761420965195,0.06685380637645721,0.0720212385058403,0.07776063680648804,0.08436070382595062,0.0911092609167099,0.09803761541843414,0.10570760071277618,0.11448809504508972,0.12417667359113693,0.1345367729663849,0.14571045339107513,0.15914267301559448
1850,0.00011798738705692813,0.00028653256595134735,0.0005420763627626002,0.0008617918356321752,0.0012039102148264647,0.0015622334321960807,0.001994855236262083,0.002440122654661536,0.0029492287430912256,0.0035124574787914753,0.004078466445207596,0.0046694036573171616,0.005339409224689007,0.006032099947333336,0.0067566316574811935,0.0075502414256334305,0.008426427841186523,0.009310861118137836,0.010211465880274773,0.01129868533462286,0.012491700239479542,0.013763243332505226,0.015269389376044273,0.016932975500822067,0.018660694360733032,0.020747072994709015,0.022989042103290558,0.02552972175180912,0.02838444709777832,0.031485415995121,0.03496423736214638,0.03879200667142868,0.04258755221962929,0.046565040946006775,0.050596337765455246,0.05488516390323639,0.05920570343732834,0.064240463078022,0.06978759169578552,0.07590976357460022,0.08324688673019409,0.09207804501056671,0.10228236764669418,0.11478491127490997,0.1299111247062683,0.1462133377790451,0.1636618673801422,0.18229322135448456,0.20519238710403442
1851,0.00015654318849556148,0.00037651954335160553,0.000646529661025852,0.0010198416421189904,0.0014293532585725188,0.0018596886657178402,0.0023392639122903347,0.002853839425370097,0.003407497424632311,0.004046715330332518,0.004626298323273659,0.00532374856993556,0.006029800977557898,0.006828160025179386,0.007708689663559198,0.008768707513809204,0.010031679645180702,0.011501423083245754,0.013212851248681545,0.015183426439762115,0.017576776444911957,0.02025541663169861,0.023267626762390137,0.026714913547039032,0.030714981257915497,0.03530104458332062,0.0404752641916275,0.04561487212777138,0.0513143464922905,0.05716760456562042,0.06328602135181427,0.06969872117042542,0.07580836117267609,0.08177360892295837,0.08760176599025726,0.09248413145542145,0.09722570329904556,0.1018054187297821,0.10657660663127899,0.1109006404876709,0.11597178876399994,0.12148574739694595,0.12728798389434814,0.13352453708648682,0.13993950188159943,0.14584051072597504,0.1514410674571991,0.15737107396125793,0.1642860323190689
1852,0.0001426570233888924,0.00035129423486068845,0.0006034299731254578,0.0009133474086411297,0.0012638125335797668,0.0016881305491551757,0.0021165136713534594,0.002574460580945015,0.003165690926834941,0.0038123158738017082,0.00452258437871933,0.0053247325122356415,0.006188824772834778,0.007193434052169323,0.008244046941399574,0.009392166510224342,0.01074763759970665,0.012285141274333,0.014047801494598389,0.016093553975224495,0.018400821834802628,0.02101832628250122,0.023805683478713036,0.026797838509082794,0.03034309484064579,0.03384106978774071,0.03765786811709404,0.04211360588669777,0.04664067178964615,0.05135650932788849,0.05642107501626015,0.06168834865093231,0.06736087799072266,0.07298669219017029,0.07851342111825943,0.08410400152206421,0.08958640694618225,0.09566360712051392,0.10212726891040802,0.10823746770620346,0.11351922154426575,0.11964727193117142,0.12603417038917542,0.13360926508903503,0.14229831099510193,0.1512211710214615,0.16100913286209106,0.1732567846775055,0.18730950355529785
1853,0.00014003131946083158,0.0003591870190575719,0.0006477133720181882,0.001012362539768219,0.0014499267563223839,0.0019292021170258522,0.002516709268093109,0.0031783459708094597,0.003894466208294034,0.004707179497927427,0.005614007357507944,0.006718008778989315,0.008093776181340218,0.00954786129295826,0.011211677454411983,0.012867331504821777,0.014876517467200756,0.017151035368442535,0.019925901666283607,0.023169927299022675,0.026892265304923058,0.031181123107671738,0.035490840673446655,0.039969660341739655,0.044473689049482346,0.04926932975649834,0.05379687249660492,0.05818188190460205,0.06256338953971863,0.06695522367954254,0.07129427045583725,0.07586134970188141,0.08044370263814926,0.08466216921806335,0.08892423659563065,0.09350764751434326,0.09808562695980072,0.10248957574367523,0.10631199181079865,0.1101464033126831,0.1141263023018837,0.11822794377803802,0.12191981077194214,0.12596160173416138,0.13104961812496185,0.1361515372991562,0.1410122811794281,0.1473277509212494,0.15588662028312683
1854,0.00013363543257582933,0.000324574502883479,0.0005591604858636856,0.0008573710802011192,0.00117695692460984,0.0015644286759197712,0.002027238951995969,0.002469042083248496,0.002935144118964672,0.003479286562651396,0.0040120347402989864,0.004609247669577599,0.005261612590402365,0.0059137651696801186,0.006615624763071537,0.007439711596816778,0.008317559957504272,0.009206194430589676,0.010269501246511936,0.011324228718876839,0.012543946504592896,0.013953027315437794,0.015473784878849983,0.017157625406980515,0.018847471103072166,0.020845964550971985,0.023045450448989868,0.02548827975988388,0.02814556285738945,0.031076181679964066,0.03460967168211937,0.03855001553893089,0.043004728853702545,0.04812809079885483,0.053649649024009705,0.0600871704518795,0.06687618046998978,0.07463913410902023,0.08322273194789886,0.09303554892539978,0.10489840805530548,0.1191565990447998,0.1350618302822113,0.1512303501367569,0.16720595955848694,0.18201999366283417,0.19400328397750854,0.20618602633476257,0.22082649171352386
1855,0.00016184482956305146,0.0003697805805131793,0.0006207393598742783,0.0009275155607610941,0.001255980459973216,0.001638256711885333,0.002081782789900899,0.0025390777736902237,0.002985497238114476,0.003474500263109803,0.004013026598840952,0.0046053980477154255,0.005240685306489468,0.005963602103292942,0.0067833284847438335,0.0076676420867443085,0.008708538487553596,0.00986451655626297,0.011007687076926231,0.012315564788877964,0.013638278469443321,0.015229555778205395,0.01669636182487011,0.01814267784357071,0.01994105614721775,0.021830985322594643,0.02389955148100853,0.026079311966896057,0.028390325605869293,0.03075473941862583,0.033202968537807465,0.0358552522957325,0.03862468898296356,0.041394490748643875,0.04423784837126732,0.047046490013599396,0.050172410905361176,0.053597159683704376,0.05717702955007553,0.0608399398624897,0.06503327190876007,0.06977451592683792,0.07574187964200974,0.08109580725431442,0.08576991409063339,0.09544216096401215,0.10626193881034851,0.12047789990901947,0.1368800699710846
1856,0.0001807462831493467,0.0004775577690452337,0.0008475743234157562,0.0013632490299642086,0.0019803086761385202,0.0026573955547064543,0.0034872591495513916,0.004406703170388937,0.005450970493257046,0.006477040238678455,0.007674764841794968,0.009021103382110596,0.01046818494796753,0.012132459320127964,0.013595587573945522,0.015458572655916214,0.01758761703968048,0.01980198360979557,0.02239476516842842,0.02531927451491356,0.028359176591038704,0.0317242369055748,0.03551889955997467,0.03950324282050133,0.043913863599300385,0.04834363982081413,0.053090840578079224,0.05857143551111221,0.06440909206867218,0.07048717141151428,0.07627643644809723,0.08177031576633453,0.08725985139608383,0.09290489554405212,0.098789282143116,0.1048058494925499,0.11104541271924973,0.11678826808929443,0.12243585288524628,0.12924866378307343,0.13691474497318268,0.14625412225723267,0.1573900580406189,0.16908660531044006,0.18208526074886322,0.19484904408454895,0.2075873613357544,0.2212967872619629,0.24050942063331604
1857,0.00012700528895948082,0.0003357521491125226,0.0005894539644941688,0.0009286142303608358,0.0013231063494458795,0.0018087688367813826,0.002305638510733843,0.0028770682401955128,0.0034855068661272526,0.004171748645603657,0.004844583570957184,0.0055846478790044785,0.006371661089360714,0.007167760282754898,0.008042714558541775,0.009004862979054451,0.00999461766332388,0.01105196587741375,0.012114793062210083,0.013288579881191254,0.014557250775396824,0.015905098989605904,0.0174564141780138,0.01904008910059929,0.020655710250139236,0.022453656420111656,0.024491898715496063,0.026715798303484917,0.029095424339175224,0.031701378524303436,0.03453025966882706,0.03752974793314934,0.040553342550992966,0.0440550297498703,0.04790329933166504,0.05211442708969116,0.056992728263139725,0.062127962708473206,0.0673786848783493,0.07298498600721359,0.07897593080997467,0.08542118221521378,0.09264828264713287,0.10085107386112213,0.10884071886539459,0.11730629950761795,0.12672542035579681,0.1371360570192337,0.15090544521808624
1858,0.000171139050507918,0.0004490368883125484,0.0008110624039545655,0.0013019354082643986,0.001823983620852232,0.002446451922878623,0.003166019218042493,0.003957089968025684,0.004783759359270334,0.00565930362790823,0.00663656834512949,0.007639392279088497,0.008775000460445881,0.009957853704690933,0.011243395507335663,0.012660779990255833,0.014248168095946312,0.015947213396430016,0.017803506925702095,0.01975088007748127,0.0219104140996933,0.02414708025753498,0.026251787319779396,0.028590859845280647,0.031016701832413673,0.03389018401503563,0.037089623510837555,0.04034796357154846,0.044003769755363464,0.04819716885685921,0.05281287804245949,0.05804256349802017,0.06314274668693542,0.0685572624206543,0.0746418684720993,0.081057108938694,0.08774309605360031,0.09433194249868393,0.10152577608823776,0.107724130153656,0.11327417194843292,0.1192864328622818,0.1260441243648529,0.13219542801380157,0.13884566724300385,0.1457943618297577,0.15231281518936157,0.1594361811876297,0.1667860746383667
1859,0.0001394742721458897,0.00034433900145813823,0.0006129912799224257,0.0009673067252151668,0.001380789210088551,0.0018688822165131569,0.002352597191929817,0.002966859843581915,0.003603791119530797,0.004302686080336571,0.0050600506365299225,0.005860522855073214,0.006774934008717537,0.007734804879873991,0.008755132555961609,0.009939424693584442,0.011256624944508076,0.012591687962412834,0.014034674502909184,0.015568209812045097,0.01736227422952652,0.01924985647201538,0.02125610038638115,0.023452486842870712,0.025803515687584877,0.028657156974077225,0.03210867941379547,0.035959839820861816,0.040357548743486404,0.045296184718608856,0.05103021860122681,0.05702080577611923,0.06356041133403778,0.07093409448862076,0.07947129011154175,0.08831657469272614,0.09787291288375854,0.10808788239955902,0.11825553327798843,0.1273142546415329,0.13566769659519196,0.14292705059051514,0.14944466948509216,0.15514010190963745,0.1612369865179062,0.16670893132686615,0.17278197407722473,0.1800004094839096,0.18851697444915771
1860,0.00012496420822571963,0.00030596833676099777,0.0005434079212136567,0.0008516731322742999,0.0012097504222765565,0.0015732119791209698,0.0019830791279673576,0.0024253271985799074,0.002914085052907467,0.0034211205784231424,0.0039935545064508915,0.004584376700222492,0.005291099660098553,0.006119010969996452,0.007055611349642277,0.008245643228292465,0.009692356921732426,0.011383743956685066,0.01316092349588871,0.01501019112765789,0.016938913613557816,0.019173309206962585,0.021668031811714172,0.02444388158619404,0.02772555872797966,0.031185228377580643,0.034743309020996094,0.038562044501304626,0.04253996163606644,0.046909965574741364,0.05152668058872223,0.05653604120016098,0.061745695769786835,0.06804610043764114,0.07438062131404877,0.08198356628417969,0.09104607999324799,0.10057024657726288,0.11083470284938812,0.12075190991163254,0.1317501813173294,0.1425434648990631,0.15371108055114746,0.16677647829055786,0.17942503094673157,0.19287601113319397,0.20378988981246948,0.21364060044288635,0.22664430737495422
1861,0.00012871449871454388,0.0003270055167376995,0.0005677672452293336,0.0008822337840683758,0.0012466463958844543,0.0017106493469327688,0.0021999122109264135,0.0027359582018107176,0.0033577848225831985,0.003966975957155228,0.004687225446105003,0.0054206158965826035,0.00631129601970315,0.00717484625056386,0.007990235462784767,0.008870258927345276,0.009967431426048279,0.01124140527099371,0.012779505923390388,0.014524933882057667,0.016645167022943497,0.018973857164382935,0.02166452817618847,0.024828117340803146,0.028370097279548645,0.03238358721137047,0.03685466945171356,0.04165404662489891,0.0468282476067543,0.05250752717256546,0.05854806676506996,0.06509920954704285,0.07168620079755783,0.07813069224357605,0.08446286618709564,0.09049905091524124,0.09631035476922989,0.10175545513629913,0.10697875171899796,0.1115986704826355,0.11619433760643005,0.12103107571601868,0.12552063167095184,0.12948599457740784,0.13356855511665344,0.1378144919872284,0.14260537922382355,0.14730319380760193,0.15293145179748535
1862,0.00012051634257659316,0.0002985259925480932,0.0005193513352423906,0.0007748614298179746,0.0010598684893921018,0.0013916650786995888,0.0017385713290423155,0.002114370232447982,0.0025167912244796753,0.002942880615592003,0.003407635260373354,0.003962798975408077,0.004470191430300474,0.005023363046348095,0.0056386180222034454,0.006282595451921225,0.00693195266649127,0.007592078298330307,0.008277198299765587,0.009120524860918522,0.01005266048014164,0.011065682396292686,0.01205635815858841,0.01328971330076456,0.014567443169653416,0.016130611300468445,0.0179488155990839,0.020114842802286148,0.022568432614207268,0.025046128779649734,0.027719099074602127,0.030466247349977493,0.033449187874794006,0.036446090787649155,0.03966253250837326,0.043269578367471695,0.04715096205472946,0.05139443278312683,0.05632643401622772,0.06112094223499298,0.06616005301475525,0.07170383632183075,0.07671037316322327,0.08199997991323471,0.08767606317996979,0.09236589074134827,0.09723313897848129,0.10322727262973785,0.11050790548324585
1863,0.00013885217776987702,0.00033692363649606705,0.0006098584271967411,0.0009355813381262124,0.0013153075706213713,0.0017566736787557602,0.002248212927952409,0.0027670899871736765,0.0033664642833173275,0.0039867227897048,0.004769947379827499,0.005700505338609219,0.006753252353519201,0.00783997867256403,0.009121022187173367,0.01041246298700571,0.011807345785200596,0.01319072488695383,0.014632489532232285,0.0162227563560009,0.01773185282945633,0.019372962415218353,0.021107833832502365,0.022929716855287552,0.024987753480672836,0.027292197570204735,0.02972906455397606,0.03228994831442833,0.03528307378292084,0.03839576244354248,0.042219724506139755,0.046340133994817734,0.05102932080626488,0.05625850707292557,0.06167452782392502,0.06757231801748276,0.07332693785429001,0.07898995280265808,0.08536306768655777,0.09163665771484375,0.0982358306646347,0.10505412518978119,0.11300086230039597,0.12092182040214539,0.12792649865150452,0.13379907608032227,0.14016760885715485,0.1461479812860489,0.15316036343574524
1864,0.00012759509263560176,0.00032177031971514225,0.0005565249593928456,0.0008512501372024417,0.0012111966498196125,0.0016169885639101267,0.0020914473570883274,0.0026276123244315386,0.0032537654042243958,0.0039542075246572495,0.004716373980045319,0.005564421880990267,0.006509026046842337,0.007532108575105667,0.008607154712080956,0.009824758395552635,0.011121947318315506,0.012593649327754974,0.014107786118984222,0.01572999358177185,0.017404671758413315,0.019114254042506218,0.021137697622179985,0.02309988997876644,0.02531358413398266,0.027757523581385612,0.030370399355888367,0.03314340114593506,0.03614379093050957,0.03933597728610039,0.04288915917277336,0.04661501199007034,0.0506538450717926,0.05461961030960083,0.05881776660680771,0.06370310485363007,0.06893965601921082,0.07466226816177368,0.08096911758184433,0.0877302810549736,0.09542231261730194,0.10413232445716858,0.11425642669200897,0.12538975477218628,0.1383373737335205,0.15280461311340332,0.16891872882843018,0.1858128160238266,0.2015092521905899
1865,0.00014124404697213322,0.00037134517333470285,0.0006805877201259136,0.0010449814144521952,0.0014567069010809064,0.0019041463965550065,0.0024012953508645296,0.00298248790204525,0.003589652245864272,0.004303240682929754,0.005048968829214573,0.00600380077958107,0.006978531833738089,0.008281688205897808,0.009566891938447952,0.011134826578199863,0.012975648045539856,0.015099904499948025,0.01709705777466297,0.019023533910512924,0.021061033010482788,0.023218674585223198,0.02532995119690895,0.027839545160531998,0.030435722321271896,0.03346775099635124,0.03666689246892929,0.040048111230134964,0.04352368414402008,0.0475613959133625,0.05174003541469574,0.05636199936270714,0.061190977692604065,0.06656581163406372,0.07223014533519745,0.07868742942810059,0.08578234165906906,0.09334230422973633,0.10217660665512085,0.11239427328109741,0.12360796332359314,0.13725636899471283,0.15468698740005493,0.17537803947925568,0.20007839798927307,0.22951427102088928,0.2597233057022095,0.2930106818675995,0.3248818516731262
1866,0.00011061348777730018,0.0002622993488330394,0.0004493252490647137,0.0006810480845160782,0.0009650252759456635,0.001286157057620585,0.0016386330826207995,0.0020450495649129152,0.002462668577209115,0.0029228515923023224,0.003451317548751831,0.004033477045595646,0.0046611656434834,0.005346009973436594,0.00605763541534543,0.006837581750005484,0.007762812077999115,0.008683936670422554,0.009731973521411419,0.010791121050715446,0.011948812752962112,0.013289098627865314,0.014757614582777023,0.016316844150424004,0.01788649894297123,0.019791381433606148,0.021581964567303658,0.023444321006536484,0.02535642310976982,0.0274971853941679,0.02975500375032425,0.03215392678976059,0.034595638513565063,0.037454698234796524,0.04005482792854309,0.043067630380392075,0.04619266837835312,0.049638018012046814,0.05328403785824776,0.05703470855951309,0.060767292976379395,0.06478068232536316,0.06896322965621948,0.07319357246160507,0.07787929475307465,0.08282055705785751,0.08793997764587402,0.09241936355829239,0.09646281599998474
1867,0.00013204594142735004,0.00033373464248143137,0.0005806362605653703,0.0009166967938654125,0.0013242310378700495,0.0018043983727693558,0.0023793093860149384,0.0030571059323847294,0.003807048313319683,0.004650420043617487,0.005615717265754938,0.006699749268591404,0.007831496186554432,0.009017180651426315,0.01030141580849886,0.011695441789925098,0.013275384902954102,0.01500464417040348,0.016830885782837868,0.018851205706596375,0.021055378019809723,0.023573432117700577,0.026347793638706207,0.029348298907279968,0.03283451870083809,0.03660508245229721,0.040709931403398514,0.04525383189320564,0.050141796469688416,0.05509553849697113,0.06046570837497711,0.06605890393257141,0.07190543413162231,0.0779455378651619,0.08372364938259125,0.08975157141685486,0.09559313952922821,0.1017642468214035,0.10821113735437393,0.11535216867923737,0.12269210815429688,0.13048407435417175,0.13857415318489075,0.1483733057975769,0.15912297368049622,0.17199155688285828,0.18612897396087646,0.20169278979301453,0.21767006814479828
1868,0.00010936635953839868,0.0002633831463754177,0.0004561758250929415,0.0006937799043953419,0.0009853573283180594,0.0013059508055448532,0.0016718930564820766,0.002067409921437502,0.0024519450962543488,0.0029319869354367256,0.003409395460039377,0.003928166814148426,0.0044760797172784805,0.005028061103075743,0.005638159811496735,0.006268121302127838,0.007002267986536026,0.007745051756501198,0.008588572964072227,0.009506875649094582,0.010529358871281147,0.011655151844024658,0.013006137683987617,0.014485020190477371,0.016334692016243935,0.0182525422424078,0.020475193858146667,0.02296694740653038,0.02579805999994278,0.028933914378285408,0.03202108293771744,0.03534260764718056,0.03896090015769005,0.04249510169029236,0.04623357951641083,0.0500444620847702,0.05384651571512222,0.05798288434743881,0.062236301600933075,0.06669363379478455,0.07064208388328552,0.07472201436758041,0.07848372310400009,0.08224000781774521,0.08582866191864014,0.08868968486785889,0.09164103865623474,0.09441829472780228,0.0970248281955719
1869,0.0001469000126235187,0.0003797751269303262,0.0006768547464162111,0.0010470864363014698,0.0015163369243964553,0.0020373640581965446,0.002595447236672044,0.0032211439684033394,0.0038752686232328415,0.00448478851467371,0.0051757823675870895,0.005894321016967297,0.0066944933496415615,0.007574084214866161,0.008517476730048656,0.00958018098026514,0.010788999497890472,0.01204090379178524,0.013451071456074715,0.014929108321666718,0.01661945879459381,0.01835581474006176,0.02027524821460247,0.022344408556818962,0.024546850472688675,0.026983080431818962,0.0296618789434433,0.03251224011182785,0.03566363453865051,0.039199914783239365,0.04282552748918533,0.04697977378964424,0.0510982982814312,0.055525895208120346,0.060472242534160614,0.06557193398475647,0.07095029950141907,0.07680113613605499,0.082892045378685,0.0894821360707283,0.09610221534967422,0.10191471129655838,0.10765206068754196,0.11319418251514435,0.1191011592745781,0.12521402537822723,0.13131630420684814,0.13762949407100677,0.14387910068035126
1870,0.00013007951201871037,0.00031543427030555904,0.0005513028590939939,0.0008557193796150386,0.0012137743178755045,0.0016436339356005192,0.0021033852826803923,0.0026459533255547285,0.0032299035228788853,0.003871933091431856,0.004597991239279509,0.005422697402536869,0.0062875086441636086,0.007311017252504826,0.008471038192510605,0.009762833826243877,0.011283730156719685,0.01288381777703762,0.014574209228157997,0.016287576407194138,0.018111562356352806,0.02005893364548683,0.022257663309574127,0.02426077052950859,0.026569969952106476,0.028894584625959396,0.03114772029221058,0.0335165373980999,0.035996388643980026,0.03863023594021797,0.04139655828475952,0.044697120785713196,0.04826772212982178,0.05227690935134888,0.05629419535398483,0.0607747882604599,0.06579426676034927,0.07133817672729492,0.07752718776464462,0.08471135795116425,0.09326443821191788,0.1030488833785057,0.11314675211906433,0.12323012948036194,0.1346759796142578,0.14627200365066528,0.15913107991218567,0.17299148440361023,0.18699988722801208
1871,0.00012488309585023671,0.00028613829636015,0.0004835697473026812,0.0007201610133051872,0.0009977211011573672,0.0013277539983391762,0.0016694932710379362,0.002073317300528288,0.0025059706531465054,0.002979885321110487,0.003439825028181076,0.0040421634912490845,0.004660942126065493,0.005292718298733234,0.005984236020594835,0.0067413244396448135,0.007576459553092718,0.008460852317512035,0.009500985965132713,0.01058508176356554,0.011795359663665295,0.013193076476454735,0.014759708195924759,0.01654007099568844,0.01867588795721531,0.02116209641098976,0.0238632969558239,0.027177976444363594,0.030866678804159164,0.034984804689884186,0.039346396923065186,0.0434165857732296,0.048067547380924225,0.05324450135231018,0.058106012642383575,0.06340084224939346,0.06846889853477478,0.07347287982702255,0.07814457267522812,0.08250220865011215,0.08634025603532791,0.09020958095788956,0.09438024461269379,0.09878476709127426,0.10335327684879303,0.10751846432685852,0.1118435189127922,0.1158398762345314,0.12091045081615448
1872,0.00014062479021959007,0.0003391372738406062,0.0005736135644838214,0.0008755755261518061,0.0011798548512160778,0.0015314826741814613,0.001963831949979067,0.0023957989178597927,0.002865806920453906,0.003425240982323885,0.004048176575452089,0.004733782261610031,0.005533917807042599,0.006364292465150356,0.007310857996344566,0.008255848661065102,0.009478792548179626,0.010769100859761238,0.012300912290811539,0.013928720727562904,0.015832331031560898,0.01801728829741478,0.02059214748442173,0.02339191921055317,0.02657712623476982,0.030549459159374237,0.03477049991488457,0.039285410195589066,0.04400699585676193,0.049148306250572205,0.05458308011293411,0.06062623858451843,0.06652592122554779,0.07252063602209091,0.07849795371294022,0.08400676399469376,0.08907337486743927,0.09470668435096741,0.09916169196367264,0.10339166224002838,0.10809405148029327,0.11328665167093277,0.11818244308233261,0.12256138026714325,0.12676697969436646,0.1311895251274109,0.13619741797447205,0.14157581329345703,0.14849641919136047
1873,0.00010984773689415306,0.00026428618002682924,0.0004786613571923226,0.0007263942970894277,0.0010226508602499962,0.001374944462440908,0.001764711458235979,0.0022096876055002213,0.002714123809710145,0.0032427820842713118,0.0038927169516682625,0.0045889588072896,0.005310541950166225,0.006176197901368141,0.007093970663845539,0.008053330704569817,0.009094392880797386,0.010130085982382298,0.011276383884251118,0.01245434582233429,0.01362208928912878,0.014980264008045197,0.016471784561872482,0.018126750364899635,0.01983160898089409,0.021743712946772575,0.02369912527501583,0.025935688987374306,0.028441907837986946,0.031267061829566956,0.034307222813367844,0.037869181483983994,0.04195535182952881,0.046526819467544556,0.051992014050483704,0.05819941312074661,0.06476867198944092,0.07253729552030563,0.0812772810459137,0.09176181256771088,0.10405842959880829,0.11883455514907837,0.13407450914382935,0.15022730827331543,0.16941167414188385,0.1871599406003952,0.20467470586299896,0.22044742107391357,0.23659710586071014
1874,0.00013723074516747147,0.00034635953488759696,0.0006057188147678971,0.0009124625357799232,0.0012590778060257435,0.0016641872934997082,0.0021400328259915113,0.0026352743152529,0.003230848116800189,0.003913211636245251,0.004637642297893763,0.005454014986753464,0.006321820896118879,0.007338972762227058,0.008358104154467583,0.009593471884727478,0.010978633537888527,0.01266426034271717,0.014721259474754333,0.016947615891695023,0.01923479326069355,0.02164318785071373,0.024137232452630997,0.026812249794602394,0.029823556542396545,0.03291817009449005,0.035771824419498444,0.03872320055961609,0.04178118705749512,0.044800106436014175,0.047900281846523285,0.05094461143016815,0.054153017699718475,0.05723777413368225,0.06031067669391632,0.06343656033277512,0.06674888730049133,0.07034596800804138,0.07418344169855118,0.07843562960624695,0.08277707546949387,0.08718912303447723,0.0918426364660263,0.09704985469579697,0.10252172499895096,0.10765694081783295,0.11170616745948792,0.11670230329036713,0.12363319098949432
1875,0.0001405164075549692,0.0003235018812119961,0.0005510029732249677,0.0008453427581116557,0.0011798234190791845,0.0015909301582723856,0.0020179105922579765,0.0024972266983240843,0.0029786587692797184,0.0034963851794600487,0.004054261837154627,0.004695899318903685,0.005365557502955198,0.006073371507227421,0.0068140472285449505,0.007525842636823654,0.008376355282962322,0.009370178915560246,0.010313212871551514,0.01130923256278038,0.012350254692137241,0.013549381867051125,0.014831469394266605,0.016251258552074432,0.017884686589241028,0.01950177550315857,0.021138902753591537,0.022765519097447395,0.024599216878414154,0.02654612809419632,0.028658801689743996,0.030929187312722206,0.033361200243234634,0.03570405766367912,0.038068003952503204,0.040856458246707916,0.04380583390593529,0.04724448174238205,0.051020924001932144,0.055400047451257706,0.060113534331321716,0.06593689322471619,0.07289190590381622,0.08100760728120804,0.09066861867904663,0.10164047032594681,0.11342602968215942,0.1240488588809967,0.13604864478111267
1876,0.00014078857202548534,0.00032265979098156095,0.0005464605637826025,0.0008215224370360374,0.0011096862144768238,0.0014510691398754716,0.001799193094484508,0.002212985185906291,0.0026289031375199556,0.0030835813377052546,0.003596009686589241,0.004059113096445799,0.004569054581224918,0.0050629205070436,0.005649179220199585,0.006257335189729929,0.006991162896156311,0.007762828376144171,0.00849099736660719,0.00929289497435093,0.010153790935873985,0.011203987523913383,0.012212528847157955,0.013442983850836754,0.014743016101419926,0.01613735780119896,0.01769573986530304,0.019444799050688744,0.021389836445450783,0.023724757134914398,0.026275761425495148,0.029203657060861588,0.03267461806535721,0.03660539165139198,0.04091464355587959,0.0462665855884552,0.05202798545360565,0.05895097926259041,0.06587594002485275,0.07258866727352142,0.0795256644487381,0.0867149829864502,0.09427657723426819,0.10143239796161652,0.10969509929418564,0.11867649108171463,0.12854157388210297,0.13951560854911804,0.15180836617946625
1877,0.0001407701929565519,0.0003698522050399333,0.0006761380936950445,0.0010660318657755852,0.0015253776218742132,0.002087696921080351,0.002690240740776062,0.0032657133415341377,0.003946335520595312,0.004676001146435738,0.005482723005115986,0.0063706571236252785,0.007374407723546028,0.00851345807313919,0.009807538241147995,0.011274648830294609,0.012950027361512184,0.014756407588720322,0.01683310605585575,0.019223622977733612,0.021885136142373085,0.024985309690237045,0.028272312134504318,0.03205922618508339,0.036205753684043884,0.04048994928598404,0.045459359884262085,0.05116009712219238,0.05738639831542969,0.06365296244621277,0.06992119550704956,0.07659406214952469,0.0832405611872673,0.0895751565694809,0.0957150012254715,0.10174863040447235,0.10809533298015594,0.11438784748315811,0.12129464745521545,0.12808123230934143,0.1342156082391739,0.14017073810100555,0.14608705043792725,0.15156139433383942,0.15714091062545776,0.16210290789604187,0.16564631462097168,0.1687668412923813,0.17315435409545898
1878,0.0001785358035704121,0.00046210159780457616,0.0008219103328883648,0.0012252278393134475,0.00167926587164402,0.0021856757812201977,0.002701852936297655,0.003213905729353428,0.003750512609258294,0.004334180615842342,0.004963254556059837,0.005692987237125635,0.0065089063718914986,0.007359554059803486,0.008371347561478615,0.00956123135983944,0.010880094021558762,0.012473809532821178,0.01426892913877964,0.016132790595293045,0.01826648786664009,0.02060266025364399,0.023194298148155212,0.026370944455266,0.02988976426422596,0.03376854583621025,0.03785306215286255,0.04263243079185486,0.047917380928993225,0.05363616347312927,0.06008921191096306,0.0668988972902298,0.0740981251001358,0.08158066123723984,0.08886837959289551,0.09648917615413666,0.10404090583324432,0.1116359531879425,0.11828751116991043,0.12468138337135315,0.13072019815444946,0.13611957430839539,0.1409914642572403,0.14563997089862823,0.15008869767189026,0.1552143394947052,0.15958169102668762,0.16276395320892334,0.16790591180324554
1879,0.00015767494915053248,0.00035724713234230876,0.0006259234505705535,0.0009618659969419241,0.0013070234563201666,0.0017260783351957798,0.0021880711428821087,0.0026935143396258354,0.0032501663081347942,0.0038616275414824486,0.004524112679064274,0.005289518274366856,0.006132116541266441,0.007091484498232603,0.008206306025385857,0.009514330886304379,0.0110108507797122,0.012714994139969349,0.014841978438198566,0.0172747690230608,0.020000498741865158,0.02307097800076008,0.026340754702687263,0.03002277761697769,0.03381332382559776,0.03830663114786148,0.04312242567539215,0.04837419092655182,0.0542750358581543,0.060241587460041046,0.06650465726852417,0.07320248335599899,0.08022499084472656,0.0875546857714653,0.09524121880531311,0.10356666147708893,0.11158297955989838,0.1192997470498085,0.1271684169769287,0.13502642512321472,0.14275184273719788,0.14966607093811035,0.15590712428092957,0.16227124631404877,0.16812478005886078,0.1734694391489029,0.17712952196598053,0.18258383870124817,0.1906527280807495
1880,0.00013460253830999136,0.00031828269129619,0.0005531772039830685,0.0008660366875119507,0.0012100255116820335,0.0016222759149968624,0.0020624478347599506,0.0025806354824453592,0.003203717991709709,0.0038432341534644365,0.004614495672285557,0.005463345441967249,0.006461460608989,0.0076063936576247215,0.008972433395683765,0.010524775832891464,0.012280598282814026,0.01415841095149517,0.016284584999084473,0.018668726086616516,0.02134120464324951,0.0241871178150177,0.02717982418835163,0.030417324975132942,0.03382311761379242,0.037295300513505936,0.040635909885168076,0.04427434504032135,0.048286326229572296,0.05233124643564224,0.056394804269075394,0.060600679367780685,0.06514926254749298,0.06991228461265564,0.07505527138710022,0.080299511551857,0.08514813333749771,0.09038463234901428,0.096289724111557,0.10306788980960846,0.11127886176109314,0.12105153501033783,0.1325153410434723,0.14498072862625122,0.15781544148921967,0.1728379875421524,0.18910641968250275,0.2067844569683075,0.22915880382061005
1881,0.00012975928257219493,0.00033251900458708405,0.0005884825950488448,0.0009261681698262691,0.0013096663169562817,0.0017772060818970203,0.002302070613950491,0.002872907090932131,0.0034282684791833162,0.004060652107000351,0.004745610989630222,0.005459870211780071,0.006244299933314323,0.007135126274079084,0.007994514890015125,0.008910448290407658,0.009923959150910378,0.011036793701350689,0.012246543541550636,0.01346047967672348,0.014824867248535156,0.01624126359820366,0.01782635971903801,0.019538097083568573,0.021646663546562195,0.023984190076589584,0.026672154664993286,0.029555268585681915,0.03247973695397377,0.03599605709314346,0.039850037544965744,0.044275593012571335,0.048990026116371155,0.053991127759218216,0.059748124331235886,0.06577979773283005,0.07202282547950745,0.07855251431465149,0.08509611338376999,0.09161384403705597,0.09699863940477371,0.10140226781368256,0.10576122999191284,0.11052343994379044,0.11543281376361847,0.12092286348342896,0.12661132216453552,0.1323770135641098,0.13888753950595856
1882,0.00012179318582639098,0.0003085063071921468,0.0005251640104688704,0.0008288990939036012,0.0011671509128063917,0.001565810525789857,0.002000320702791214,0.0024654443841427565,0.002948231529444456,0.0034847520291805267,0.00406676484271884,0.0047012073919177055,0.005383972078561783,0.0060722786001861095,0.006812271662056446,0.007612243760377169,0.008450666442513466,0.009322740137577057,0.010312363505363464,0.011326569132506847,0.012466063722968102,0.013698062859475613,0.015108522959053516,0.016658131033182144,0.018259063363075256,0.020044922828674316,0.021801602095365524,0.02362845651805401,0.025527942925691605,0.027443906292319298,0.02965640090405941,0.031866345554590225,0.03421678766608238,0.0367916002869606,0.039562370628118515,0.04265080392360687,0.04588932543992996,0.04936932027339935,0.05320009961724281,0.057357851415872574,0.06172984093427658,0.06646879017353058,0.0713309571146965,0.0767899751663208,0.08189548552036285,0.08711779862642288,0.09281044453382492,0.09892994910478592,0.10594647377729416
1883,0.00014321401249617338,0.00034846036578528583,0.0005973405204713345,0.0009059513104148209,0.0012578278547152877,0.0016585765406489372,0.0020904541015625,0.0025676321238279343,0.003129403106868267,0.0036916397511959076,0.00429425248876214,0.0049605038948357105,0.005687834229320288,0.006512079853564501,0.007365797646343708,0.008357254788279533,0.009350276552140713,0.010531261563301086,0.011908477172255516,0.013440663926303387,0.015092702582478523,0.01706121303141117,0.019320568069815636,0.02191392332315445,0.024981774389743805,0.028619304299354553,0.032607413828372955,0.03703039884567261,0.04203886538743973,0.047182027250528336,0.052365247160196304,0.05779478698968887,0.06315396726131439,0.06845191866159439,0.07407733798027039,0.07975155860185623,0.08544278144836426,0.09090755879878998,0.09528573602437973,0.09958329051733017,0.10372532904148102,0.10753194987773895,0.11073513329029083,0.11349204182624817,0.11526240408420563,0.11681963503360748,0.11807679384946823,0.11875547468662262,0.12031063437461853
1884,0.00011648972576949745,0.00026963886921294034,0.0004588354495353997,0.0006814409280195832,0.0009460871806368232,0.0012321190442889929,0.0015529179945588112,0.0018617785535752773,0.002219479065388441,0.0026345259975641966,0.0030339304357767105,0.0034642252139747143,0.003917005378752947,0.0043311039917171,0.004829972051084042,0.0053865122608840466,0.006019864697009325,0.006655990611761808,0.007381045259535313,0.008236163295805454,0.009133725427091122,0.010211415588855743,0.011323104612529278,0.012604469433426857,0.014105538837611675,0.015687420964241028,0.017344996333122253,0.019175397232174873,0.021194595843553543,0.023510027676820755,0.025808842852711678,0.028289370238780975,0.030896633863449097,0.03348288685083389,0.036242417991161346,0.0390598401427269,0.041915714740753174,0.044861141592264175,0.04773012548685074,0.05098436027765274,0.05417817085981369,0.057455334812402725,0.0608411505818367,0.06410431861877441,0.0673535168170929,0.06974224746227264,0.07151289284229279,0.07369410246610641,0.07705127447843552
1885,0.00011777497275033966,0.00029664760222658515,0.0005120442365296185,0.0007770780357532203,0.0011171200312674046,0.0015078609576448798,0.0019517831970006227,0.002460361458361149,0.003022630698978901,0.003595273941755295,0.004220283590257168,0.004976955242455006,0.0058287824504077435,0.006693743169307709,0.007643453776836395,0.008674933575093746,0.009842919185757637,0.011049581691622734,0.012347718700766563,0.013746644370257854,0.015146953985095024,0.016607536002993584,0.01826530322432518,0.019981473684310913,0.02186662144958973,0.023878147825598717,0.025892913341522217,0.027968447655439377,0.030409080907702446,0.03265567496418953,0.0350215770304203,0.03769779950380325,0.040505945682525635,0.043142348527908325,0.04569972679018974,0.04832996428012848,0.050903547555208206,0.053532183170318604,0.05612056702375412,0.05857127159833908,0.06098770350217819,0.06372039765119553,0.06639665365219116,0.06898923963308334,0.07159315049648285,0.07446734607219696,0.0768323466181755,0.0794171616435051,0.08324349671602249
1886,0.00013567709538619965,0.0003073308907914907,0.0005264215869829059,0.0008006881689652801,0.0011138468980789185,0.0015236176550388336,0.0019582894165068865,0.002437327057123184,0.002919165650382638,0.0035245316103100777,0.004079943988472223,0.00468611903488636,0.0053026205860078335,0.005939405877143145,0.00658672209829092,0.00728918332606554,0.008023985661566257,0.00873816292732954,0.009457002393901348,0.01026911474764347,0.01117049902677536,0.012060960754752159,0.013104540295898914,0.014144648797810078,0.015288088470697403,0.016623999923467636,0.018008695915341377,0.01948191598057747,0.02113320492208004,0.022964537143707275,0.0247828159481287,0.026708947494626045,0.029144765809178352,0.03180216997861862,0.03458104655146599,0.037655871361494064,0.04094459116458893,0.04412716627120972,0.0476432628929615,0.05149552971124649,0.05581671744585037,0.060432203114032745,0.06547503173351288,0.07076247036457062,0.07584895193576813,0.08072064816951752,0.08495096862316132,0.0886383131146431,0.0930902287364006
1887,0.00013306920300237834,0.00035513134207576513,0.0006407321197912097,0.0009988151723518968,0.001401893561705947,0.0018666747491806746,0.0023661796003580093,0.002938804915174842,0.0035525548737496138,0.004243367351591587,0.005003669299185276,0.005915813148021698,0.006840324029326439,0.007853602059185505,0.009062699973583221,0.010417412966489792,0.011900922283530235,0.013553672470152378,0.01542777568101883,0.017399990931153297,0.019583262503147125,0.022081643342971802,0.02476951852440834,0.027661975473165512,0.030866600573062897,0.03413396701216698,0.0377710685133934,0.041709914803504944,0.045857444405555725,0.05048181116580963,0.05496276542544365,0.05947049707174301,0.06441078335046768,0.0696018636226654,0.07481656223535538,0.08022792637348175,0.08518283069133759,0.09045137465000153,0.09622848778963089,0.1021217629313469,0.10789748281240463,0.11343809217214584,0.11917045712471008,0.12580668926239014,0.1324683129787445,0.13840864598751068,0.14392632246017456,0.1500312238931656,0.15801255404949188
1888,0.00012594088912010193,0.0003012793022207916,0.0005463249981403351,0.0008487566956318915,0.001186089008115232,0.0015741544775664806,0.001994509482756257,0.0024516088888049126,0.0029542911797761917,0.0035224060993641615,0.004121000412851572,0.00474688783288002,0.005404578056186438,0.006125159561634064,0.006895245052874088,0.007728773634880781,0.00856659933924675,0.009432565420866013,0.010342997498810291,0.011288605630397797,0.012334585189819336,0.013477748259902,0.01463826559484005,0.01591842994093895,0.017353981733322144,0.018974943086504936,0.020848792046308517,0.022865697741508484,0.025014951825141907,0.027310099452733994,0.029887614771723747,0.0326603427529335,0.03563247248530388,0.039006758481264114,0.042312897741794586,0.045660607516765594,0.04910331964492798,0.05272771045565605,0.05659206584095955,0.060843124985694885,0.06537056714296341,0.07022622227668762,0.07596983760595322,0.08248241990804672,0.09034937620162964,0.09883944690227509,0.10789279639720917,0.11757546663284302,0.12806345522403717
1889,0.00010191311594098806,0.00026181680732406676,0.00046090350951999426,0.0007143237162381411,0.0010063177905976772,0.0013404807541519403,0.0017183369491249323,0.002106653992086649,0.0025506713427603245,0.003036011476069689,0.0035345761571079493,0.004141326528042555,0.004782472737133503,0.005479901563376188,0.006176505237817764,0.006901866756379604,0.007722869515419006,0.008571716025471687,0.009476924315094948,0.010363893583416939,0.011291611939668655,0.012346235103905201,0.013431754894554615,0.014607861638069153,0.01581314206123352,0.017074547708034515,0.018495745956897736,0.019982315599918365,0.02156517468392849,0.0232394989579916,0.025108136236667633,0.02708832547068596,0.029326438903808594,0.03176760673522949,0.03432367742061615,0.03710055723786354,0.04042134806513786,0.044148340821266174,0.04793804883956909,0.052481506019830704,0.05799604579806328,0.06425432115793228,0.07196007668972015,0.0810307040810585,0.09137162566184998,0.10357002913951874,0.11816959083080292,0.13456451892852783,0.15358740091323853
1890,0.00013079008203931153,0.00031976832542568445,0.0005735410959459841,0.0008736279560253024,0.0012343411799520254,0.001641858834773302,0.0020688746590167284,0.0025167400017380714,0.0029965569265186787,0.0034834793768823147,0.003990585915744305,0.004607055801898241,0.0051678819581866264,0.005827499087899923,0.00645164679735899,0.007164272479712963,0.007904935628175735,0.008734000846743584,0.009626258164644241,0.010585780255496502,0.011591082438826561,0.012697119265794754,0.013775058090686798,0.014984846115112305,0.016205638647079468,0.017679141834378242,0.019192568957805634,0.020820509642362595,0.022532086819410324,0.024483535438776016,0.026836222037672997,0.029295384883880615,0.032114021480083466,0.035188768059015274,0.03836759552359581,0.04187905788421631,0.045609839260578156,0.04953405261039734,0.05376848205924034,0.05835810303688049,0.06289231777191162,0.06724298745393753,0.07151568681001663,0.07614951580762863,0.08110340684652328,0.08547104895114899,0.0899994820356369,0.09474502503871918,0.10041018575429916
1891,0.00013739668065682054,0.00034923048224300146,0.0006050480296835303,0.0009236035402864218,0.0012926190393045545,0.0017552931094542146,0.0022923070937395096,0.0028901740442961454,0.003718181513249874,0.0046232095919549465,0.005745085421949625,0.006874948740005493,0.008014697581529617,0.009242130443453789,0.010414816439151764,0.011715147644281387,0.013068972155451775,0.014573685824871063,0.016232796013355255,0.0180275309830904,0.019931482151150703,0.021899303421378136,0.024016616865992546,0.02631750889122486,0.028929859399795532,0.03194478899240494,0.035464148968458176,0.03929654881358147,0.04352233558893204,0.048148129135370255,0.053016312420368195,0.05859791114926338,0.06518455594778061,0.07258076220750809,0.08049862831830978,0.08909913152456284,0.09718582779169083,0.10574369132518768,0.1139288991689682,0.12231776118278503,0.13142262399196625,0.14130879938602448,0.15164941549301147,0.16268953680992126,0.1733039915561676,0.18319320678710938,0.1925477683544159,0.20126578211784363,0.20914775133132935
1892,0.000124461148516275,0.0002970053756143898,0.0005111513892188668,0.0007612576591782272,0.0010734603274613619,0.0014349704142659903,0.0018332914914935827,0.002251586876809597,0.002725506667047739,0.003238049568608403,0.0038026163820177317,0.004436001181602478,0.005173801444470882,0.005932113155722618,0.0067555950954556465,0.007662578020244837,0.00871788989752531,0.009783321991562843,0.010894413106143475,0.012083051726222038,0.013238303363323212,0.014468362554907799,0.01579798385500908,0.017180180177092552,0.018793411552906036,0.020393937826156616,0.022040151059627533,0.023734748363494873,0.02549508772790432,0.02722318470478058,0.029125193133950233,0.031278908252716064,0.03367793187499046,0.03616883233189583,0.03911178559064865,0.04258450120687485,0.0465865321457386,0.05062910169363022,0.05520758777856827,0.06025376915931702,0.06617356836795807,0.07310442626476288,0.08119852840900421,0.0894746407866478,0.09758693724870682,0.10496069490909576,0.11125164479017258,0.11636955291032791,0.12440313398838043
1893,0.00014044943964108825,0.00035706645576283336,0.0006477979477494955,0.0010100416839122772,0.0014441823586821556,0.00195121462456882,0.002512709004804492,0.0031217478681355715,0.003814434865489602,0.004544521681964397,0.0053127906285226345,0.0061618974432349205,0.007075604051351547,0.00815537665039301,0.009306113235652447,0.01058827806264162,0.01201858464628458,0.013493664562702179,0.015197336673736572,0.017093097791075706,0.019107336178421974,0.021350929513573647,0.023696016520261765,0.026245038956403732,0.029009707272052765,0.032030828297138214,0.035244137048721313,0.03876142576336861,0.04276825487613678,0.04720126837491989,0.052167464047670364,0.0578397735953331,0.0637291967868805,0.07047712802886963,0.07774680852890015,0.08541879057884216,0.09378461539745331,0.10244159400463104,0.11146821081638336,0.12102934718132019,0.13024723529815674,0.13895414769649506,0.14739784598350525,0.1555686593055725,0.16279593110084534,0.17001718282699585,0.1771707832813263,0.1844610720872879,0.19260169565677643
1894,0.00013582194515038282,0.00032072915928438306,0.0005320216878317297,0.0008042732952162623,0.0010905878152698278,0.0014458216028288007,0.001800664933398366,0.0021959124132990837,0.0026299478486180305,0.003114685183390975,0.0036753504537045956,0.004245723597705364,0.004864319693297148,0.005555775947868824,0.006372665986418724,0.007291099056601524,0.008444004692137241,0.009761800058186054,0.011181878857314587,0.012777017429471016,0.01448792964220047,0.016370147466659546,0.018396012485027313,0.020599333569407463,0.02275029942393303,0.025278881192207336,0.027989448979496956,0.030926015228033066,0.034029655158519745,0.03737471252679825,0.04087550938129425,0.04436739534139633,0.04750644788146019,0.05077022314071655,0.054219841957092285,0.05784047022461891,0.061758898198604584,0.06588198244571686,0.07045532763004303,0.07558075338602066,0.08097987622022629,0.08706367015838623,0.09370538592338562,0.10091972351074219,0.10887143760919571,0.11668847501277924,0.12336873263120651,0.13043491542339325,0.14086195826530457
1895,0.00013240339467301965,0.00033027277095243335,0.0005949894548393786,0.0009181424975395203,0.0012759128585457802,0.0016318196430802345,0.0020543274004012346,0.0024741541128605604,0.002900947816669941,0.0033821347169578075,0.00393267534673214,0.004504184704273939,0.005156741477549076,0.005855003371834755,0.00665344949811697,0.007567413151264191,0.008537055924534798,0.009630143642425537,0.011018003337085247,0.012346665374934673,0.013850951567292213,0.015570392832159996,0.01756053790450096,0.019934631884098053,0.02263381890952587,0.025815121829509735,0.029298633337020874,0.033246468752622604,0.03777430206537247,0.042926039546728134,0.04865659028291702,0.055229026824235916,0.06200238689780235,0.06984546780586243,0.07788535207509995,0.08639855682849884,0.09490577131509781,0.10468608140945435,0.1148940771818161,0.12515079975128174,0.13511449098587036,0.14513251185417175,0.15400995314121246,0.16292059421539307,0.17219343781471252,0.18326620757579803,0.19406837224960327,0.20501887798309326,0.21561861038208008
1896,0.00013164852862246335,0.00034076670999638736,0.0006133895949460566,0.0009799138642847538,0.0014128569746389985,0.001961478963494301,0.002624298445880413,0.00337486295029521,0.004181678872555494,0.0050778742879629135,0.006048145703971386,0.007150391582399607,0.008401162922382355,0.009587420150637627,0.010886545293033123,0.012240514159202576,0.013782422989606857,0.015196846798062325,0.016509732231497765,0.018011948093771935,0.019613008946180344,0.021431313827633858,0.023388570174574852,0.02557467855513096,0.027928635478019714,0.030445516109466553,0.03328496217727661,0.03633855655789375,0.03943018615245819,0.042694784700870514,0.0462590754032135,0.0499320849776268,0.05373243987560272,0.058061812072992325,0.06252385675907135,0.06765294075012207,0.07305198907852173,0.07882189005613327,0.08473749458789825,0.09059075266122818,0.09741111844778061,0.10516277700662613,0.11404797434806824,0.12351229041814804,0.1343746781349182,0.14487996697425842,0.15466633439064026,0.16614389419555664,0.17866745591163635
1897,0.0001260706631001085,0.0003091339021921158,0.0005347363767214119,0.0008076110389083624,0.0011491912882775068,0.0015485663898289204,0.0020117652602493763,0.0025438519660383463,0.003147236304357648,0.003822597209364176,0.004607393406331539,0.005536755081266165,0.006659576203674078,0.00804390199482441,0.009642761200666428,0.011568033136427402,0.013836481608450413,0.016369927674531937,0.01927987113595009,0.02253977209329605,0.02590101584792137,0.029500018805265427,0.03320305049419403,0.03701175004243851,0.04095940664410591,0.04493235424160957,0.04904031753540039,0.05335089564323425,0.05781789869070053,0.06213631480932236,0.06672948598861694,0.07135181874036789,0.07588005810976028,0.08059296756982803,0.08557596802711487,0.09126275777816772,0.09710437804460526,0.10390743613243103,0.11154443025588989,0.11935628205537796,0.1275436282157898,0.13606078922748566,0.14507845044136047,0.15413984656333923,0.16260874271392822,0.17145828902721405,0.18013092875480652,0.1902097463607788,0.20401018857955933
1898,0.00012735725613310933,0.00031707482412457466,0.0005698042223230004,0.0008676322177052498,0.0011987859616056085,0.001596828456968069,0.0020433233585208654,0.0025087064132094383,0.0030537103302776814,0.003588002407923341,0.004239299334585667,0.0049169547855854034,0.0056429216638207436,0.006494244560599327,0.007421736605465412,0.008446523919701576,0.009630301967263222,0.010979567654430866,0.012436448596417904,0.014027165248990059,0.0156987477093935,0.017468715086579323,0.019494343549013138,0.02165866643190384,0.024021372199058533,0.026456555351614952,0.029065603390336037,0.0317780077457428,0.034665755927562714,0.037785980850458145,0.04115922003984451,0.04428698495030403,0.047536373138427734,0.0510428361594677,0.05456719547510147,0.05809052288532257,0.06177700683474541,0.06566015630960464,0.06970637291669846,0.07375960052013397,0.0783952847123146,0.08392325788736343,0.09044988453388214,0.09832979738712311,0.10722997784614563,0.11493836343288422,0.12131621688604355,0.12652505934238434,0.1364375650882721
1899,0.00013348661013878882,0.0002978794218506664,0.0005099684349261224,0.0007788398652337492,0.0010918139014393091,0.001450939103960991,0.0019188281148672104,0.0024282275699079037,0.0029904749244451523,0.0036694190930575132,0.004450597334653139,0.005340317729860544,0.006361566483974457,0.007440734189003706,0.00862074550241232,0.00990729033946991,0.011295953765511513,0.0127788707613945,0.014378255233168602,0.016038326546549797,0.017727572470903397,0.019528277218341827,0.021479183807969093,0.023748299106955528,0.026160530745983124,0.02857941761612892,0.03107093647122383,0.033840447664260864,0.03648795932531357,0.039416033774614334,0.04275745898485184,0.046204280108213425,0.04987354576587677,0.053652383387088776,0.057589348405599594,0.06177903711795807,0.06639343500137329,0.07108420133590698,0.0756637305021286,0.08026652038097382,0.08489599823951721,0.08975143730640411,0.09492857754230499,0.10070754587650299,0.10670091211795807,0.11379905045032501,0.1207260936498642,0.1274307370185852,0.13364215195178986
1900,0.00012608191173058003,0.00030106413760222495,0.000505639414768666,0.0007892260910011828,0.0011472218902781606,0.0015671737492084503,0.0019947243854403496,0.0025184720288962126,0.0030700424686074257,0.0036659990437328815,0.004347817040979862,0.005123233422636986,0.005952054634690285,0.006801505107432604,0.007721346337348223,0.008679550141096115,0.00974089652299881,0.010890415869653225,0.012141001410782337,0.013362523168325424,0.014628349803388119,0.01596027985215187,0.017343750223517418,0.01882488839328289,0.020333757624030113,0.021883737295866013,0.023756440728902817,0.025846077129244804,0.02817581221461296,0.03097248449921608,0.03404102101922035,0.038092076778411865,0.042783472687006,0.048283614218235016,0.05449749529361725,0.061070866882801056,0.06832578778266907,0.07606549561023712,0.08494357019662857,0.09475657343864441,0.10512231290340424,0.1160811111330986,0.12588971853256226,0.13701161742210388,0.14858776330947876,0.15825596451759338,0.16645626723766327,0.1752612441778183,0.18719559907913208
1901,0.00013498991029337049,0.00033833092311397195,0.0005982872098684311,0.0009156532469205558,0.0013063548831269145,0.0017516023945063353,0.002266554394736886,0.0028006425127387047,0.0034204020630568266,0.004030704963952303,0.004743283148854971,0.005483195185661316,0.006332223303616047,0.007210992276668549,0.00812925212085247,0.0091461893171072,0.010214258916676044,0.011263599619269371,0.012435521930456161,0.01357748731970787,0.014869734644889832,0.01634727232158184,0.01778748631477356,0.019329555332660675,0.020999830216169357,0.022899549454450607,0.025130894035100937,0.02738446183502674,0.029517311602830887,0.031995706260204315,0.034318361431360245,0.03686663880944252,0.0397460013628006,0.04278947040438652,0.04622288793325424,0.050263725221157074,0.05434225872159004,0.058616284281015396,0.06313368678092957,0.06785072386264801,0.07278993725776672,0.07742028683423996,0.08226706087589264,0.08670380711555481,0.0923372358083725,0.09749356657266617,0.1025860458612442,0.10713940858840942,0.11183434724807739
1902,0.00013761506124865264,0.0003712519246619195,0.0006823471048846841,0.001068508718162775,0.0015327946748584509,0.0020828323904424906,0.002687333384528756,0.003380600828677416,0.00415812898427248,0.0049888514913618565,0.0059442901983857155,0.007030126638710499,0.008185839280486107,0.009418830275535583,0.010864113457500935,0.012490534223616123,0.014357298612594604,0.016442665830254555,0.018663333728909492,0.021108316257596016,0.02378113754093647,0.02663363516330719,0.02957516349852085,0.03264126181602478,0.03588952124118805,0.039083756506443024,0.04242978245019913,0.046073928475379944,0.04999246820807457,0.05383467674255371,0.05811592936515808,0.06250438094139099,0.06710166484117508,0.07201345264911652,0.0770096480846405,0.08256518840789795,0.08822546899318695,0.09438681602478027,0.10074412822723389,0.10720213502645493,0.11338457465171814,0.11899160593748093,0.12467120587825775,0.13055726885795593,0.13617472350597382,0.1414310336112976,0.14666485786437988,0.15232864022254944,0.16141550242900848
1903,0.00013930285058449954,0.000353313866071403,0.0006215146277099848,0.0009858664125204086,0.001480740960687399,0.0020200826693326235,0.002585991518571973,0.003203508909791708,0.0038711826782673597,0.004622924141585827,0.005428908858448267,0.006355944089591503,0.007294557057321072,0.008216718211770058,0.009216519072651863,0.010110987350344658,0.011452149599790573,0.012745342217385769,0.01413265522569418,0.01562428381294012,0.017131369560956955,0.018861224874854088,0.0207197442650795,0.02273808792233467,0.024926502257585526,0.027265971526503563,0.02960813045501709,0.03229644522070885,0.03529493138194084,0.03884845972061157,0.04256294295191765,0.046764448285102844,0.051340460777282715,0.056446172297000885,0.06247537583112717,0.06856481730937958,0.07471258193254471,0.08079808205366135,0.08689908683300018,0.09352535009384155,0.10031634569168091,0.10638843476772308,0.11160000413656235,0.1165187880396843,0.12176929414272308,0.12684792280197144,0.13228794932365417,0.1389928162097931,0.14667634665966034
1904,0.00011938766692765057,0.0003014137619175017,0.0005344320088624954,0.0008364045061171055,0.0011722343042492867,0.001578308641910553,0.002045278437435627,0.0025499595794826746,0.0031189327128231525,0.003769750939682126,0.004465728998184204,0.005154173821210861,0.005950732156634331,0.006876993924379349,0.007841009646654129,0.008849674835801125,0.009975353255867958,0.011225340887904167,0.012547504156827927,0.013942983001470566,0.015450114384293556,0.017086606472730637,0.018794381991028786,0.020578641444444656,0.022459980100393295,0.024576811119914055,0.026665009558200836,0.028916969895362854,0.0312768816947937,0.03377092257142067,0.03644499555230141,0.039142973721027374,0.042614154517650604,0.04634718969464302,0.050853125751018524,0.05589555948972702,0.06140995770692825,0.06652949750423431,0.07138431072235107,0.07615499198436737,0.08021208643913269,0.08420529216527939,0.08786153793334961,0.09180184453725815,0.09521950781345367,0.09795641154050827,0.10070278495550156,0.1027284786105156,0.1048547625541687
1905,0.00012387617607600987,0.0003025321930181235,0.0005088458419777453,0.0007823542691767216,0.0010966096306219697,0.0014412762830033898,0.0018376377411186695,0.002249093260616064,0.0027222875505685806,0.003170157317072153,0.0036300921346992254,0.004106643609702587,0.004624189343303442,0.005211009178310633,0.005725357681512833,0.00634328369051218,0.006981989368796349,0.007617016788572073,0.008305707946419716,0.009026567451655865,0.009858375415205956,0.010903504677116871,0.012099464423954487,0.013511120341718197,0.015184331685304642,0.016744866967201233,0.01873098872601986,0.020898373797535896,0.023551717400550842,0.026758242398500443,0.030503861606121063,0.03467632457613945,0.03967772424221039,0.04412609338760376,0.04894866794347763,0.05437363684177399,0.06052377074956894,0.06690746545791626,0.07418239116668701,0.08215431869029999,0.0905894860625267,0.10040538012981415,0.11074432730674744,0.12142699211835861,0.13242937624454498,0.1448187530040741,0.15715225040912628,0.16949914395809174,0.18504111468791962
1906,0.0001415181322954595,0.0003530544345267117,0.0005952244391664863,0.0008917521918192506,0.0012521694879978895,0.0016820718301460147,0.002121803816407919,0.0026073541957885027,0.0031574624590575695,0.003740946063771844,0.0043966262601315975,0.00508740684017539,0.005886254366487265,0.006716622039675713,0.007588601671159267,0.008563447743654251,0.00965504813939333,0.010849050246179104,0.012184379622340202,0.01356741227209568,0.014982467517256737,0.01651174947619438,0.018235448747873306,0.020122598856687546,0.022239530459046364,0.024307698011398315,0.026407673954963684,0.028547324240207672,0.03084395080804825,0.03311863914132118,0.035545337945222855,0.037879712879657745,0.040413156151771545,0.04321371763944626,0.046081021428108215,0.04916534945368767,0.05239444598555565,0.05565740168094635,0.0589851550757885,0.06220386549830437,0.065610371530056,0.06904086470603943,0.07270596921443939,0.0764322504401207,0.07962052524089813,0.08313421159982681,0.08755451440811157,0.09226610511541367,0.09822514653205872
1907,0.0001299836003454402,0.0003175084129907191,0.0005503742722794414,0.0008287755772471428,0.0011542649008333683,0.001541046192869544,0.0019580507650971413,0.0024282108061015606,0.0029124447610229254,0.003480224870145321,0.004061569459736347,0.004670674912631512,0.005353455897420645,0.006090433336794376,0.006901580840349197,0.007708323188126087,0.008611315861344337,0.009616222232580185,0.010741517879068851,0.01183364912867546,0.01300989929586649,0.014352175407111645,0.015831947326660156,0.017428262159228325,0.019083408638834953,0.02090880274772644,0.022788258269429207,0.024918947368860245,0.02738843858242035,0.03008344955742359,0.032736800611019135,0.03576911985874176,0.03887027129530907,0.042354192584753036,0.04633701220154762,0.050493404269218445,0.055136460810899734,0.06071087345480919,0.06619471311569214,0.07217351347208023,0.07897785305976868,0.08690962940454483,0.09600473940372467,0.10617811232805252,0.1168280839920044,0.1278294026851654,0.13822665810585022,0.15108339488506317,0.1678878366947174
1908,0.00014277850277721882,0.0003300990501884371,0.0005669772508554161,0.0008552463841624558,0.0012501073069870472,0.0017068712040781975,0.0022225938737392426,0.0027909036725759506,0.00345073314383626,0.004193771164864302,0.005016748793423176,0.005926710553467274,0.006974557414650917,0.008220062591135502,0.009599339216947556,0.011155009269714355,0.012966591864824295,0.014847931452095509,0.01693970337510109,0.0191817507147789,0.02175382897257805,0.024546926841139793,0.027399802580475807,0.030711717903614044,0.03435474634170532,0.03797873109579086,0.0420219749212265,0.04619941860437393,0.050218984484672546,0.05469214543700218,0.05905895307660103,0.06336386501789093,0.06786643713712692,0.07279396057128906,0.0778065025806427,0.08324015140533447,0.08860704302787781,0.09421314299106598,0.10062753409147263,0.10691308230161667,0.11395493894815445,0.1218004822731018,0.13054998219013214,0.13970442116260529,0.14942166209220886,0.1574251502752304,0.16320672631263733,0.170344740152359,0.18270952999591827
1909,0.00010848139208974317,0.00024887165636755526,0.0004298773710615933,0.0006594225997105241,0.0009148439858108759,0.0012207351392135024,0.0015902133891358972,0.001990461954846978,0.002446267753839493,0.0029263386968523264,0.003451588563621044,0.0040344311855733395,0.0046331509947776794,0.005261975806206465,0.005933705251663923,0.006654456257820129,0.007410472258925438,0.008212468586862087,0.009033565409481525,0.00986125785857439,0.010698588564991951,0.01166333258152008,0.012695644982159138,0.013745916076004505,0.014924215152859688,0.01613730937242508,0.017366645857691765,0.018815945833921432,0.020402204245328903,0.022195560857653618,0.0241637472063303,0.026341713964939117,0.028488941490650177,0.03102167323231697,0.03371991217136383,0.03670534864068031,0.04009782150387764,0.04364805296063423,0.047356557101011276,0.05091613158583641,0.054308049380779266,0.057656239718198776,0.06119951605796814,0.06443514674901962,0.06766660511493683,0.07004158943891525,0.07120570540428162,0.07290290296077728,0.07702770829200745
1910,0.00015873579832259566,0.0004219995462335646,0.0007747157942503691,0.001221182057633996,0.0017068922752514482,0.0023180232383310795,0.002954520285129547,0.0036426468286663294,0.0043785227462649345,0.005211422219872475,0.006022027228027582,0.00690128467977047,0.007806391455233097,0.008818080648779869,0.009867845103144646,0.011050742119550705,0.012281703762710094,0.013636263087391853,0.015116021037101746,0.016829364001750946,0.018745379522442818,0.020744841545820236,0.02296522818505764,0.025384297594428062,0.028125103563070297,0.031107954680919647,0.03435937315225601,0.03832283616065979,0.04263078793883324,0.04727345332503319,0.05236280336976051,0.05810394138097763,0.06413193047046661,0.07074320316314697,0.0777973160147667,0.08564172685146332,0.09366512298583984,0.10260002315044403,0.11259448528289795,0.12319502234458923,0.13425885140895844,0.14604954421520233,0.15953095257282257,0.17340175807476044,0.18868142366409302,0.20546329021453857,0.22198712825775146,0.23866090178489685,0.2556566596031189
1911,0.00012333289487287402,0.000295712350634858,0.0005135980900377035,0.0007998764049261808,0.0011257498990744352,0.001476749894209206,0.0019082557410001755,0.00237478269264102,0.0029593564104288816,0.0035843143705278635,0.004230278078466654,0.005023847799748182,0.005899314768612385,0.00691191153600812,0.008016515523195267,0.009301881305873394,0.010627072304487228,0.011964763514697552,0.013381352648139,0.015079987235367298,0.016652658581733704,0.018587015569210052,0.020645370706915855,0.022846154868602753,0.025174058973789215,0.0274480152875185,0.029744070023298264,0.03224513679742813,0.03479131683707237,0.0377020388841629,0.04083859175443649,0.04427846521139145,0.04796475172042847,0.05180109292268753,0.055979955941438675,0.06031046807765961,0.06532812118530273,0.07089436054229736,0.07727673649787903,0.08457496762275696,0.09291337430477142,0.10183744132518768,0.11065603792667389,0.11904482543468475,0.12682080268859863,0.13464140892028809,0.14134150743484497,0.14784173667430878,0.15626367926597595
1912,0.00016432169650215656,0.0004211843479424715,0.0007528498535975814,0.0011618665885180235,0.001617433619685471,0.0020992273930460215,0.0026614107191562653,0.0032457748893648386,0.00389552628621459,0.004617521073669195,0.005469150375574827,0.0063888998702168465,0.0075017716735601425,0.008738241158425808,0.010260947048664093,0.012038573622703552,0.01402035728096962,0.016329454258084297,0.019083039835095406,0.02212223783135414,0.025289516896009445,0.028856409713625908,0.03270787373185158,0.03656942769885063,0.040859371423721313,0.04535683989524841,0.04995426535606384,0.05491335690021515,0.05967194586992264,0.06380018591880798,0.0685281902551651,0.07370677590370178,0.07944901287555695,0.08526399731636047,0.09168556332588196,0.09847040474414825,0.10511639714241028,0.11222562938928604,0.11962737143039703,0.12755005061626434,0.13576750457286835,0.1443641185760498,0.15320506691932678,0.1619613766670227,0.1701860874891281,0.1774633526802063,0.18277084827423096,0.18877196311950684,0.19608913362026215
1913,0.0001497689518146217,0.0003513478150125593,0.0005956983659416437,0.0008773220470175147,0.0012317877262830734,0.0016258686082437634,0.0021032029762864113,0.0025811591185629368,0.0031108055263757706,0.003721540793776512,0.0043382951989769936,0.005114283878356218,0.005866934545338154,0.006753094494342804,0.007723257876932621,0.008630691096186638,0.009662577882409096,0.010634570382535458,0.011762944981455803,0.012841446325182915,0.014059391804039478,0.015335462987422943,0.01694555953145027,0.01848728209733963,0.020111851394176483,0.021947206929326057,0.023870280012488365,0.025827988982200623,0.027819711714982986,0.03007679060101509,0.03244883567094803,0.03489605337381363,0.03738578036427498,0.03992143273353577,0.04302206262946129,0.045557357370853424,0.04831336438655853,0.05141120404005051,0.05491204932332039,0.05892297253012657,0.06311438232660294,0.06794145703315735,0.07298430800437927,0.07814222574234009,0.08335550129413605,0.08900879323482513,0.09513455629348755,0.10371647775173187,0.11365921795368195
1914,0.00014622797607444227,0.00036838644882664084,0.0006408408517017961,0.0009739086963236332,0.0013546788832172751,0.0017941971309483051,0.0022687255404889584,0.0027917909901589155,0.0033071893267333508,0.0038857650943100452,0.004452146589756012,0.0050476957112550735,0.005710666999220848,0.0064545804634690285,0.0072325230576097965,0.00806873943656683,0.008952658623456955,0.009921994060277939,0.011020071804523468,0.012237160466611385,0.013487352058291435,0.014760654419660568,0.016147561371326447,0.01760382577776909,0.01926284469664097,0.020955771207809448,0.022678155452013016,0.024544663727283478,0.026663584634661674,0.028880951926112175,0.03142735734581947,0.03383074700832367,0.03655482828617096,0.039719268679618835,0.04357239976525307,0.04771089181303978,0.052389953285455704,0.05794045329093933,0.06406828761100769,0.0712103322148323,0.07939836382865906,0.08875730633735657,0.0991763174533844,0.11091610789299011,0.12371667474508286,0.13634063303470612,0.14768633246421814,0.15882131457328796,0.1747581511735916
1915,0.00014545272279065102,0.00036328600253909826,0.0006302797701209784,0.0009773002238944173,0.0013860146282240748,0.0018592483829706907,0.002364721614867449,0.0029299340676516294,0.003543766215443611,0.004204706288874149,0.0049269055016338825,0.005804688669741154,0.006731659173965454,0.007837096229195595,0.009055830538272858,0.010336274281144142,0.011823714710772038,0.013561885803937912,0.015585677698254585,0.017850102856755257,0.02059308812022209,0.023705188184976578,0.027291659265756607,0.03154996410012245,0.035948630422353745,0.04046791046857834,0.04576573520898819,0.05125124007463455,0.05668983981013298,0.06226523593068123,0.06777216494083405,0.07431982457637787,0.08142552524805069,0.08898840844631195,0.09686639159917831,0.10538951307535172,0.11450478434562683,0.12385199218988419,0.1331605613231659,0.14275410771369934,0.1538255363702774,0.1655522882938385,0.17865195870399475,0.19268757104873657,0.20644643902778625,0.21992626786231995,0.2319180816411972,0.24401214718818665,0.2575659155845642
1916,0.00013781708548776805,0.0003389691701158881,0.0005794677417725325,0.0008998169796541333,0.0012581897899508476,0.0016832334222272038,0.0021746521815657616,0.0026908819563686848,0.003235239302739501,0.0038957686629146338,0.004630396142601967,0.0054412949830293655,0.006367815658450127,0.007364741060882807,0.008574607782065868,0.009884361177682877,0.011477009393274784,0.013243477791547775,0.015179984271526337,0.017125483602285385,0.019211046397686005,0.021293865516781807,0.023518376052379608,0.026230622082948685,0.029415789991617203,0.03252114728093147,0.03539420664310455,0.038795508444309235,0.042387232184410095,0.04596152901649475,0.04963306710124016,0.05353976786136627,0.05792177468538284,0.0624648854136467,0.06706786900758743,0.07228009402751923,0.07782825827598572,0.0839209333062172,0.09056095778942108,0.09781390428543091,0.10560619831085205,0.11368043720722198,0.12168413400650024,0.13030733168125153,0.1375187188386917,0.14431610703468323,0.15050624310970306,0.15591461956501007,0.16071690618991852
1917,0.00013634469360113144,0.0003213404561392963,0.0005768279079347849,0.0009201873908750713,0.0013244447764009237,0.0018571116961538792,0.0024677463807165623,0.003135466482490301,0.003925538156181574,0.004735718946903944,0.005625247023999691,0.006663923151791096,0.0078088692389428616,0.009075203910470009,0.0103295324370265,0.011690109968185425,0.01312766782939434,0.014612866565585136,0.016220007091760635,0.017838027328252792,0.019574511796236038,0.021424802020192146,0.02330467849969864,0.025257542729377747,0.027504190802574158,0.029630176723003387,0.031809911131858826,0.03409770131111145,0.036647994071245193,0.0396830290555954,0.04293221980333328,0.04645407199859619,0.05074288696050644,0.05532506853342056,0.060325123369693756,0.06575506925582886,0.07147679477930069,0.07771649211645126,0.08419744670391083,0.09019598364830017,0.09570884704589844,0.100564144551754,0.10514706373214722,0.10933931916952133,0.11335840821266174,0.1179235652089119,0.12259238958358765,0.1276739537715912,0.13340450823307037
1918,0.00010921923239948228,0.0002882408443838358,0.0004943672684021294,0.0007721266592852771,0.0010858058230951428,0.00143304408993572,0.0018150713294744492,0.002242055721580982,0.0026826888788491488,0.0031266193836927414,0.0036404316779226065,0.0041883597150444984,0.004724495112895966,0.005325544159859419,0.00587859284132719,0.006496381480246782,0.007132571190595627,0.007844601757824421,0.008564974181354046,0.009319715201854706,0.010106954723596573,0.01100672036409378,0.011921827681362629,0.012831995263695717,0.013736272230744362,0.014713278040289879,0.015743236988782883,0.016847576946020126,0.01793690398335457,0.01918553188443184,0.02055051177740097,0.022285254672169685,0.024209411814808846,0.02651500329375267,0.029216386377811432,0.03231968730688095,0.036052603274583817,0.04033981263637543,0.04541506618261337,0.05117947608232498,0.058382853865623474,0.06670864671468735,0.07526794821023941,0.08416618406772614,0.09427886456251144,0.10597216337919235,0.11681050062179565,0.12773561477661133,0.13747765123844147
1919,0.00012935296399518847,0.0003094530547969043,0.0005388136487454176,0.0008306048111990094,0.0011725610820576549,0.0015938112046569586,0.002062713261693716,0.0025902222841978073,0.003238868433982134,0.003919965587556362,0.0046880110166966915,0.0055474149994552135,0.006446400657296181,0.007501712068915367,0.008755522780120373,0.010161086916923523,0.01180490106344223,0.013668501749634743,0.015578076243400574,0.017671547830104828,0.019917936995625496,0.022503750398755074,0.025634165853261948,0.028885602951049805,0.03242667391896248,0.036383938044309616,0.0403282530605793,0.044248320162296295,0.04839303344488144,0.05239861458539963,0.05605848878622055,0.059991348534822464,0.0639592707157135,0.06820571422576904,0.07242976129055023,0.0768050104379654,0.08131295442581177,0.0856979489326477,0.09035922586917877,0.09526186436414719,0.10073098540306091,0.10644681006669998,0.11225830763578415,0.11871574819087982,0.124661885201931,0.1306714564561844,0.13678330183029175,0.14406193792819977,0.1518247127532959
1920,0.00014274005661718547,0.00036235162406228483,0.0006394300144165754,0.0009910773951560259,0.0013611933682113886,0.0018177342135459185,0.002271493896842003,0.0027836323715746403,0.0033714352175593376,0.003964761272072792,0.004618359729647636,0.00526443962007761,0.006113569252192974,0.006930940318852663,0.007804269902408123,0.008783107623457909,0.009943688288331032,0.011038333177566528,0.012393108569085598,0.013968965969979763,0.015480064786970615,0.01725214719772339,0.019251413643360138,0.021401485428214073,0.024070320650935173,0.026835624128580093,0.03011097013950348,0.03382818028330803,0.03798162564635277,0.04233594238758087,0.0473371297121048,0.052488818764686584,0.058284007012844086,0.06499568372964859,0.07246974855661392,0.08030474185943604,0.08849866688251495,0.09773775935173035,0.10718183219432831,0.11638002097606659,0.12531815469264984,0.13441060483455658,0.14316408336162567,0.15202343463897705,0.16124747693538666,0.16936814785003662,0.17684943974018097,0.18339267373085022,0.19168786704540253
1921,0.00012368822353892028,0.00028414203552529216,0.00047475568135268986,0.0007189518655650318,0.0009967949008569121,0.0013133425964042544,0.0017397782066836953,0.0021942206658422947,0.0027562070172280073,0.003462716471403837,0.004260419402271509,0.005208542104810476,0.006185221020132303,0.007245021406561136,0.00840394664555788,0.009639033116400242,0.010980883613228798,0.012415354140102863,0.013951808214187622,0.015659112483263016,0.01762944646179676,0.019616590812802315,0.021845314651727676,0.02411767840385437,0.026666078716516495,0.029524359852075577,0.03277479112148285,0.03617022931575775,0.03956696763634682,0.04319453984498978,0.0471741259098053,0.051021892577409744,0.05525250360369682,0.059691958129405975,0.06452900171279907,0.06971438229084015,0.07538505643606186,0.08099209517240524,0.08710000663995743,0.09349284321069717,0.09946003556251526,0.1055387407541275,0.11197420954704285,0.11880330741405487,0.1260107010602951,0.13361278176307678,0.14138087630271912,0.14973580837249756,0.1590370237827301
1922,0.0001213497671415098,0.0002957307733595371,0.0005222358740866184,0.0008395524346269667,0.001226065680384636,0.0016823946498334408,0.002219551708549261,0.0029045664705336094,0.0036673005670309067,0.004597851540893316,0.0056403218768537045,0.006735103204846382,0.00794939137995243,0.009168971329927444,0.01057925634086132,0.012183696031570435,0.01380477286875248,0.015720456838607788,0.017834849655628204,0.020245693624019623,0.022924482822418213,0.025985674932599068,0.029247917234897614,0.03299165517091751,0.03711380437016487,0.042054031044244766,0.047503724694252014,0.05355165898799896,0.06069667637348175,0.06852950155735016,0.07718667387962341,0.0867304652929306,0.09747099876403809,0.10891765356063843,0.12139471620321274,0.13510969281196594,0.14988604187965393,0.16596181690692902,0.18379253149032593,0.2035396546125412,0.223691925406456,0.24491330981254578,0.2694905996322632,0.298331081867218,0.3299989402294159,0.3662676513195038,0.40900683403015137,0.45070165395736694,0.4864787459373474
1923,0.00017435623158235103,0.0004718303680419922,0.0008402686798945069,0.0013206624425947666,0.0018752445466816425,0.0025048889219760895,0.0032046015840023756,0.004024136811494827,0.004908764269202948,0.005894018802791834,0.00702003063634038,0.008288214914500713,0.009729577228426933,0.011232294142246246,0.012905970215797424,0.014711404219269753,0.016788912937045097,0.0190251674503088,0.021447796374559402,0.024100279435515404,0.026808716356754303,0.029974890872836113,0.03365558385848999,0.037593018263578415,0.04146561026573181,0.045379579067230225,0.049545783549547195,0.05388929694890976,0.05814012140035629,0.06283851712942123,0.06775582581758499,0.07310597598552704,0.0787307545542717,0.08423471450805664,0.0900246798992157,0.0963573083281517,0.10345946997404099,0.11076613515615463,0.11912869662046432,0.12826856970787048,0.13862454891204834,0.14981387555599213,0.16110321879386902,0.17301756143569946,0.18477651476860046,0.19454070925712585,0.20069627463817596,0.2066979855298996,0.21743762493133545
1924,0.00012905772018712014,0.0003009259526152164,0.0005090674385428429,0.0007879458134993911,0.0011082449927926064,0.0014663246693089604,0.0018816504161804914,0.0023307297378778458,0.0028812980744987726,0.003477666061371565,0.004136417992413044,0.004844386130571365,0.005660118535161018,0.006597322411835194,0.007564841769635677,0.008632035925984383,0.009722068905830383,0.010836703702807426,0.01202433556318283,0.013373216614127159,0.014704130589962006,0.016154024749994278,0.017635652795433998,0.01921006292104721,0.020832721143960953,0.022661499679088593,0.024576926603913307,0.026564840227365494,0.028809713199734688,0.031204205006361008,0.03375247120857239,0.03644464910030365,0.03907637298107147,0.04188523814082146,0.044949762523174286,0.04824109375476837,0.05151604488492012,0.0549946092069149,0.05872708931565285,0.0626167356967926,0.06664581596851349,0.07131367921829224,0.07582153379917145,0.08078528940677643,0.08634243905544281,0.09120706468820572,0.09559602290391922,0.0992499366402626,0.10313813388347626
1925,0.00012513379624579102,0.0003087750228587538,0.0005011727334931493,0.0007582142134197056,0.001046747900545597,0.0013887863606214523,0.001761360908858478,0.002170579507946968,0.0026113800704479218,0.0030965956393629313,0.003631916595622897,0.004140361212193966,0.004681127145886421,0.005226730369031429,0.005838444456458092,0.006501504685729742,0.007148946635425091,0.007846982218325138,0.00864404533058405,0.009424647316336632,0.010162418708205223,0.010915055871009827,0.011749702505767345,0.01263828482478857,0.013600325211882591,0.014614013954997063,0.015736140310764313,0.016785673797130585,0.01805175095796585,0.019465748220682144,0.020954448729753494,0.02255159802734852,0.024438075721263885,0.026350364089012146,0.0285160131752491,0.031016284599900246,0.034058474004268646,0.03735273331403732,0.040972232818603516,0.04507371783256531,0.04980209097266197,0.05511120706796646,0.06106160581111908,0.06774763017892838,0.07481895387172699,0.08097432553768158,0.08687452226877213,0.09233579784631729,0.09855016320943832
1926,0.00012941047316417098,0.000308418704662472,0.0005389688303694129,0.0008165811887010932,0.0011333738220855594,0.001511232228949666,0.0019272463396191597,0.0023928582668304443,0.0029370656702667475,0.0034778870176523924,0.004051758907735348,0.00473234336823225,0.005433068610727787,0.006213050335645676,0.007090156897902489,0.008132101967930794,0.00891483947634697,0.009829755872488022,0.010827867314219475,0.011861709877848625,0.01291348971426487,0.014354284852743149,0.01582159660756588,0.01745404675602913,0.01886816695332527,0.020410379394888878,0.022195439785718918,0.02426837757229805,0.026593979448080063,0.029222792014479637,0.03232412040233612,0.03579476848244667,0.039514485746622086,0.04404670372605324,0.04940951615571976,0.05579941347241402,0.06270094215869904,0.0706993043422699,0.08020137995481491,0.09109123051166534,0.10388194024562836,0.11844630539417267,0.13409936428070068,0.15096023678779602,0.1691257357597351,0.1841975897550583,0.19594034552574158,0.20842748880386353,0.2263776808977127
1927,0.000127764098579064,0.00031514058355242014,0.0005576642579399049,0.000879984232597053,0.0012738967780023813,0.0017259996384382248,0.002263752045109868,0.0028690716717392206,0.003537556855008006,0.004309211857616901,0.005212104879319668,0.006213098298758268,0.007343311794102192,0.008619127795100212,0.009875785559415817,0.011227155104279518,0.01270973775535822,0.014215180650353432,0.015891749411821365,0.017781106755137444,0.019882990047335625,0.022189483046531677,0.024752583354711533,0.027599625289440155,0.030597656965255737,0.033593449741601944,0.03665538877248764,0.039955005049705505,0.04322237893939018,0.04653378576040268,0.049888238310813904,0.053917206823825836,0.0581497997045517,0.06259261816740036,0.06755812466144562,0.07291866838932037,0.07917312532663345,0.08605260401964188,0.09372765570878983,0.1027880385518074,0.11328741908073425,0.12548096477985382,0.1390523612499237,0.1530657261610031,0.168390691280365,0.18217948079109192,0.19550752639770508,0.2094344198703766,0.2242707759141922
1928,0.0001320577721344307,0.00033188468660227954,0.0005788242560811341,0.00087833491852507,0.0012396567035466433,0.0016534206224605441,0.0020965905860066414,0.002541051711887121,0.003042999655008316,0.003603382734581828,0.004165229387581348,0.004766743164509535,0.005405379459261894,0.006078215315937996,0.006868775002658367,0.007659637834876776,0.008529188111424446,0.009490719996392727,0.01058690994977951,0.011773399077355862,0.01316699106246233,0.014692811295390129,0.016441311687231064,0.018309708684682846,0.020326923578977585,0.022759996354579926,0.025343257933855057,0.028201472014188766,0.031362827867269516,0.03500368073582649,0.03919599950313568,0.04361819848418236,0.04813393950462341,0.05322909355163574,0.05887060612440109,0.06488662213087082,0.0703815370798111,0.0756755918264389,0.08108337223529816,0.08681194484233856,0.0932760089635849,0.09955525398254395,0.10621790587902069,0.11272864788770676,0.12014725804328918,0.12706807255744934,0.1326950341463089,0.1374945044517517,0.14458486437797546
1929,0.00012438288831617683,0.00031688055605627596,0.0005597543786279857,0.0008927020826376975,0.0013067203108221292,0.0017951135523617268,0.002276152838021517,0.0028089305851608515,0.003440195694565773,0.004123816732317209,0.004786569159477949,0.005518290214240551,0.006349486764520407,0.007184339687228203,0.008062037639319897,0.008995864540338516,0.009976882487535477,0.011003846302628517,0.012070255354046822,0.013282518833875656,0.014573282562196255,0.015902403742074966,0.017233755439519882,0.018735013902187347,0.020460838451981544,0.02253703773021698,0.02466403692960739,0.02680332213640213,0.02916514314711094,0.03193030506372452,0.03474637120962143,0.03767037391662598,0.040973395109176636,0.044496938586235046,0.04823135957121849,0.052183836698532104,0.0570240393280983,0.06234675645828247,0.06875625252723694,0.07697704434394836,0.08658204972743988,0.09834606945514679,0.11136914789676666,0.12654447555541992,0.14249557256698608,0.1572979986667633,0.1694469451904297,0.18357545137405396,0.20254620909690857
1930,0.00012332499318290502,0.0003054567496292293,0.0005345926620066166,0.0008188115898519754,0.0011442489922046661,0.0015315825585275888,0.0019612926989793777,0.0024635889567434788,0.0030369888991117477,0.00364798866212368,0.004338407889008522,0.005134949926286936,0.0060122027061879635,0.006963154301047325,0.007955498062074184,0.009081893600523472,0.010168582201004028,0.01131964847445488,0.012571210972964764,0.013846530579030514,0.015378547832369804,0.017111726105213165,0.018884830176830292,0.020775390788912773,0.022686410695314407,0.02471710555255413,0.027111828327178955,0.029754359275102615,0.03246765211224556,0.03561574965715408,0.03894902765750885,0.042477693408727646,0.04645155742764473,0.05080248415470123,0.055832862854003906,0.06125461310148239,0.06739696860313416,0.07389535754919052,0.08119668066501617,0.08954831957817078,0.09832450747489929,0.10750239342451096,0.1170416846871376,0.12693147361278534,0.13711240887641907,0.14743508398532867,0.1574048399925232,0.1670217663049698,0.1769351363182068
1931,0.00011609304056037217,0.00030083503224886954,0.0005351653089746833,0.0008379148785024881,0.0011868764413520694,0.001554634771309793,0.001960099209100008,0.002408993663266301,0.0028934823349118233,0.0034004375338554382,0.003937265370041132,0.004577070940285921,0.0052280668169260025,0.005945936776697636,0.006758380681276321,0.00767964543774724,0.008789245039224625,0.00999807845801115,0.011391579173505306,0.0130024878308177,0.014534275978803635,0.01628922112286091,0.018383529037237167,0.02084522508084774,0.023166775703430176,0.025745045393705368,0.028784289956092834,0.032143883407115936,0.03591490164399147,0.03996848687529564,0.04450047388672829,0.04954222962260246,0.05528949946165085,0.06116330996155739,0.06656612455844879,0.07201045006513596,0.07766276597976685,0.08330253511667252,0.0893942266702652,0.09594183415174484,0.10190875828266144,0.10759027302265167,0.11297105252742767,0.1189509928226471,0.1248033344745636,0.13043294847011566,0.13432909548282623,0.13648457825183868,0.1388782560825348
1932,0.00015592161798849702,0.00038575081271119416,0.0006779427058063447,0.0010190373286604881,0.00144666014239192,0.001951766898855567,0.0025103935040533543,0.0031504922080785036,0.0038923919200897217,0.004677153658121824,0.005511696450412273,0.006465887185186148,0.007473415229469538,0.008484132587909698,0.009687362238764763,0.011011062189936638,0.012332413345575333,0.013738114386796951,0.01531936228275299,0.01709744706749916,0.018954528495669365,0.02100440301001072,0.02318654954433441,0.025654036551713943,0.028371049091219902,0.031294941902160645,0.03456054627895355,0.03811910003423691,0.041871290653944016,0.04582590237259865,0.0501733124256134,0.054842136800289154,0.059578754007816315,0.06451471149921417,0.07033158838748932,0.07670685648918152,0.08361078798770905,0.09069784730672836,0.09851080179214478,0.10659737139940262,0.11560428142547607,0.12569494545459747,0.13694506883621216,0.15013855695724487,0.16277511417865753,0.172305628657341,0.17768539488315582,0.179871067404747,0.18462106585502625
1933,0.00014146295143291354,0.00038591609336435795,0.0007247816538438201,0.0011731066042557359,0.0017065232386812568,0.002311178483068943,0.002996215596795082,0.003687688149511814,0.00445264158770442,0.005280160810798407,0.006173249334096909,0.007158271037042141,0.008148460648953915,0.009190909564495087,0.010318790562450886,0.011457526125013828,0.012679606676101685,0.013981261290609837,0.015381318517029285,0.016840361058712006,0.018458064645528793,0.02016216516494751,0.02192189171910286,0.02378171496093273,0.025750646367669106,0.02807365171611309,0.030463382601737976,0.0331510528922081,0.03610200807452202,0.039293333888053894,0.04294678568840027,0.04692617431282997,0.05092250555753708,0.05547863990068436,0.06046867370605469,0.06604477763175964,0.07182461023330688,0.07741626352071762,0.0828990489244461,0.08854521065950394,0.0943671315908432,0.10039933025836945,0.10660654306411743,0.11233124881982803,0.11795355379581451,0.12295952439308167,0.12785904109477997,0.13242216408252716,0.1366809755563736
1934,0.00011598743731155992,0.00027101297746412456,0.00045753942686133087,0.0007043092045933008,0.0009732015896588564,0.0012705946573987603,0.0015810162294656038,0.0019429351668804884,0.0023296403232961893,0.002710193395614624,0.0031387326307594776,0.0035926164127886295,0.004045787733048201,0.004510459024459124,0.005040196236222982,0.005543435923755169,0.006136899348348379,0.006768406368792057,0.007505724672228098,0.008189065381884575,0.008954530581831932,0.009756548330187798,0.01059526577591896,0.011498809792101383,0.012446848675608635,0.013406607322394848,0.014407387003302574,0.015455080196261406,0.016518190503120422,0.017726417630910873,0.018913380801677704,0.02023531123995781,0.021534614264965057,0.023045387119054794,0.02477664314210415,0.026692286133766174,0.02888001874089241,0.03129231929779053,0.03403950482606888,0.037330128252506256,0.041397832334041595,0.04618013650178909,0.05171915143728256,0.05754559859633446,0.06266885250806808,0.06711827218532562,0.07192587852478027,0.07579463720321655,0.08360143005847931
1935,0.00012575474102050066,0.0002961321151815355,0.0005262554623186588,0.0007891413988545537,0.0010851293336600065,0.001445723231881857,0.0018381110858172178,0.0022534227464348078,0.0027023854199796915,0.0031860405579209328,0.0037076869048178196,0.0042854598723351955,0.004875887185335159,0.0055112335830926895,0.006228892598301172,0.006985901389271021,0.00788930431008339,0.008897781372070312,0.009964535012841225,0.011172114871442318,0.012557828798890114,0.01412774994969368,0.015828728675842285,0.017796741798520088,0.01992511749267578,0.022219160571694374,0.024866005405783653,0.02760886400938034,0.03066905029118061,0.034090422093868256,0.03750472888350487,0.04109013080596924,0.044741034507751465,0.04861476272344589,0.05271722003817558,0.05659124255180359,0.060889504849910736,0.06536762416362762,0.06992955505847931,0.07497502863407135,0.08036274462938309,0.08656023442745209,0.09262251108884811,0.09927825629711151,0.10465863347053528,0.10892921686172485,0.11188782751560211,0.11449521780014038,0.11994504183530807
1936,0.00014380333595909178,0.00032229357748292387,0.0005409267032518983,0.0008192515233531594,0.0011505524162203074,0.0014756626915186644,0.0018576541915535927,0.002285655587911606,0.0027333747129887342,0.0032075410708785057,0.00373488524928689,0.0043708449229598045,0.004964713007211685,0.005690687336027622,0.006395920179784298,0.007186060771346092,0.00813569687306881,0.00910129677504301,0.010152218863368034,0.011411793529987335,0.012702485546469688,0.01425844244658947,0.015724346041679382,0.01746130734682083,0.019332924857735634,0.021361663937568665,0.02337198331952095,0.02574203722178936,0.028207287192344666,0.03083290159702301,0.033562034368515015,0.03651665896177292,0.03971799463033676,0.04314641281962395,0.0466022863984108,0.050203174352645874,0.053721994161605835,0.057318322360515594,0.06112632155418396,0.06461319327354431,0.06833299994468689,0.07215171307325363,0.07614900171756744,0.08034539222717285,0.08458185195922852,0.08891069144010544,0.09262453764677048,0.09664753079414368,0.09999484568834305
1937,0.00012815094669349492,0.0003116521402262151,0.000532772799488157,0.0008265115320682526,0.0011561750434339046,0.0015416424721479416,0.0019522025249898434,0.002455847803503275,0.0029707993380725384,0.0035274112597107887,0.004086096305400133,0.0046843476593494415,0.005330564454197884,0.0059811738319695,0.006705720443278551,0.007454472593963146,0.008287707343697548,0.009144406765699387,0.010211417451500893,0.011348853819072247,0.0125741520896554,0.013724925927817822,0.015189286321401596,0.016701944172382355,0.01846480369567871,0.020457305014133453,0.022590525448322296,0.0248420387506485,0.027465200051665306,0.030273744836449623,0.03341596573591232,0.03688935935497284,0.04063840210437775,0.04503796249628067,0.049426257610321045,0.0544404536485672,0.06031956151127815,0.06670745462179184,0.07367058843374252,0.08128601312637329,0.08929512649774551,0.09794701635837555,0.10744833946228027,0.11789469420909882,0.12927743792533875,0.1410893350839615,0.1514335572719574,0.1625996083021164,0.1770218312740326
1938,0.00014192787057254463,0.0003989341203123331,0.0007297940319404006,0.0011475804494693875,0.001669483259320259,0.0022806236520409584,0.002918212441727519,0.0036272311117500067,0.004389910958707333,0.005256470292806625,0.00615305919200182,0.007226183544844389,0.008387591689825058,0.00967653188854456,0.010951458476483822,0.012489601969718933,0.014233081601560116,0.01614525355398655,0.018282536417245865,0.020570315420627594,0.023040691390633583,0.02571392059326172,0.028559312224388123,0.031864799559116364,0.03546655923128128,0.03935002535581589,0.04388289526104927,0.049242980778217316,0.055368371307849884,0.062128450721502304,0.06922439485788345,0.07689457386732101,0.08513650298118591,0.09367981553077698,0.10139645636081696,0.10916788876056671,0.11728604137897491,0.1253388226032257,0.1333819329738617,0.141382098197937,0.14941760897636414,0.1587780863046646,0.16955140233039856,0.1817459762096405,0.19274704158306122,0.20392853021621704,0.21777492761611938,0.2303016483783722,0.2447575479745865
1939,0.00013602947001345456,0.00033374602207913995,0.0005823508254252374,0.0008746538660489023,0.0012287242570891976,0.0016186694847419858,0.0020253723487257957,0.002505158307030797,0.002974501345306635,0.0035221001598984003,0.00410062912851572,0.004730368964374065,0.005449862219393253,0.006218647584319115,0.007009929046034813,0.007959773764014244,0.008937760256230831,0.009915832430124283,0.010990055277943611,0.01199438888579607,0.013134440407156944,0.014393318444490433,0.01572633720934391,0.017189841717481613,0.018597930669784546,0.020145907998085022,0.021885693073272705,0.02375755086541176,0.025899380445480347,0.02817467972636223,0.030689289793372154,0.03353442996740341,0.03667263686656952,0.04002176225185394,0.04373718798160553,0.0477408766746521,0.05188237875699997,0.05634582042694092,0.0609113909304142,0.06584785133600235,0.07066573947668076,0.07593674957752228,0.08115389943122864,0.08649852126836777,0.09158626943826675,0.09647125005722046,0.10145235806703568,0.10626766830682755,0.1119561493396759
1940,0.00012790631444659084,0.00027937936829403043,0.0004771487438119948,0.0007140617817640305,0.0009751217439770699,0.0012976976577192545,0.0016512239817529917,0.0020260631572455168,0.0024618254974484444,0.0028957738541066647,0.003411915386095643,0.003944845870137215,0.004527633544057608,0.005173919256776571,0.005698497407138348,0.0063642775639891624,0.007042288314551115,0.007771638687700033,0.008541845716536045,0.00932068657130003,0.010202205739915371,0.01119045726954937,0.012215006165206432,0.013387244194746017,0.014663692563772202,0.0160922110080719,0.017587004229426384,0.019316937774419785,0.021116621792316437,0.02330872043967247,0.02583317831158638,0.028589073568582535,0.03181339055299759,0.03553014248609543,0.03999776393175125,0.04523925483226776,0.051093071699142456,0.05817106366157532,0.06590653955936432,0.0743103176355362,0.08393347263336182,0.09523656964302063,0.10775195807218552,0.12149272114038467,0.1352071315050125,0.15031519532203674,0.16817447543144226,0.1878884881734848,0.2143634706735611
1941,0.00015084723418112844,0.00036959341377951205,0.000682187732309103,0.0010487620020285249,0.001520171295851469,0.002068178728222847,0.002709717955440283,0.003413430880755186,0.004207623656839132,0.005064090713858604,0.005908180959522724,0.006897488608956337,0.007924051955342293,0.009083660319447517,0.010421570390462875,0.011914080008864403,0.013639744371175766,0.015521230176091194,0.017673861235380173,0.020159093663096428,0.0227217860519886,0.02547222003340721,0.02830081433057785,0.03143884986639023,0.03474278002977371,0.03853103518486023,0.042634740471839905,0.047147687524557114,0.05170193314552307,0.05658036842942238,0.061619386076927185,0.0670204609632492,0.07252416759729385,0.07813567668199539,0.08399855345487595,0.08936160057783127,0.09505273401737213,0.10010474920272827,0.10544092953205109,0.11080232262611389,0.11627663671970367,0.1225009486079216,0.12866055965423584,0.13441865146160126,0.1401020884513855,0.14529862999916077,0.14973405003547668,0.15460938215255737,0.16026093065738678
1942,0.00013364784535951912,0.00032853393349796534,0.0005666197394020855,0.0008511940250173211,0.0011925286380574107,0.0015832046046853065,0.001978417858481407,0.002423488302156329,0.0029254218097776175,0.0033991611562669277,0.003932501655071974,0.004500949289649725,0.005083383060991764,0.005727222189307213,0.006322633475065231,0.006933851167559624,0.007545356638729572,0.00825329776853323,0.008967014029622078,0.009771708399057388,0.01062980480492115,0.011557415127754211,0.012563199736177921,0.013642843812704086,0.014926970936357975,0.01644887961447239,0.018305324018001556,0.020239923149347305,0.022134922444820404,0.024014484137296677,0.026080835610628128,0.028265345841646194,0.030602628365159035,0.03337479755282402,0.036467403173446655,0.039707478135824203,0.04337645694613457,0.04740465432405472,0.051976628601551056,0.056919388473033905,0.06233666092157364,0.06804539263248444,0.0740070715546608,0.08029581606388092,0.0861295610666275,0.0917305201292038,0.09687314927577972,0.1017736867070198,0.10695051401853561
1943,0.00013521400978788733,0.00031887664226815104,0.0005496511003002524,0.0008286588126793504,0.0011778553016483784,0.0015809574397280812,0.002017372753471136,0.002511827740818262,0.0030156236607581377,0.003564366139471531,0.004134718328714371,0.004744170233607292,0.005475861951708794,0.0061181518249213696,0.0068602245301008224,0.007620151154696941,0.00848170556128025,0.009348209016025066,0.010202476754784584,0.011194011196494102,0.01214047335088253,0.013246041722595692,0.014382049441337585,0.015652021393179893,0.0168744046241045,0.01828552410006523,0.019631579518318176,0.02120622619986534,0.022838469594717026,0.024516956880688667,0.026465218514204025,0.02852863073348999,0.030585307627916336,0.03313834220170975,0.03602135553956032,0.039323218166828156,0.04276316985487938,0.04671087488532066,0.050845690071582794,0.055383943021297455,0.060472648590803146,0.06642128527164459,0.07287256419658661,0.07994866371154785,0.08718700706958771,0.09395909309387207,0.09833302348852158,0.10319723933935165,0.10833198577165604
1944,0.00011217647261219099,0.0002717047173064202,0.00046915479470044374,0.000735738780349493,0.0010123391402885318,0.001337471534498036,0.001689105643890798,0.0020891695749014616,0.0025012237019836903,0.002954149153083563,0.0034122555516660213,0.003924542106688023,0.004462188575416803,0.004996921867132187,0.005572803784161806,0.00623742863535881,0.0069032516330480576,0.00759395444765687,0.008337721228599548,0.009110384620726109,0.01000878307968378,0.010974537581205368,0.011920531280338764,0.013023829087615013,0.01424088329076767,0.015593508258461952,0.017008692026138306,0.018619302660226822,0.020375387743115425,0.02233424223959446,0.024453476071357727,0.02678859978914261,0.029381535947322845,0.03216162696480751,0.03515072911977768,0.03854471445083618,0.0419732928276062,0.045558907091617584,0.049442097544670105,0.053555622696876526,0.05810090899467468,0.0626286119222641,0.06807243078947067,0.07394631206989288,0.08059368282556534,0.08801877498626709,0.09580602496862411,0.10416574776172638,0.11274078488349915
1945,0.00015676909242756665,0.00041789578972384334,0.0007937647169455886,0.0012494446709752083,0.0017841660883277655,0.0024149687960743904,0.003133794292807579,0.003917289897799492,0.0048137535341084,0.005824556574225426,0.0069383615627884865,0.008138943463563919,0.009476510807871819,0.010713040828704834,0.011981604620814323,0.013377967290580273,0.014869224280118942,0.016571905463933945,0.01836456172168255,0.02040969580411911,0.022384915500879288,0.024484993889927864,0.02674831822514534,0.02929946780204773,0.031994156539440155,0.03485193848609924,0.03779188171029091,0.04120885580778122,0.044829562306404114,0.04858888313174248,0.05267952010035515,0.057011254131793976,0.06167266517877579,0.06664487719535828,0.07237519323825836,0.07857681810855865,0.08532007783651352,0.09212180972099304,0.09954311698675156,0.10742185264825821,0.11566084623336792,0.12445847690105438,0.13451772928237915,0.1452617347240448,0.15497373044490814,0.16504551470279694,0.17482852935791016,0.1831834465265274,0.19101637601852417
1946,0.000136604969156906,0.0003425733302719891,0.0006186451064422727,0.0009581666090525687,0.0013265896122902632,0.0017842144006863236,0.002266388153657317,0.0028126698452979326,0.0034309751354157925,0.004167358390986919,0.00497803371399641,0.005958308465778828,0.006992957554757595,0.00809500366449356,0.00933721475303173,0.01071952749043703,0.012273707427084446,0.013867272064089775,0.015763405710458755,0.017994806170463562,0.020237276330590248,0.022619955241680145,0.025264646857976913,0.02814653143286705,0.03133796155452728,0.034671224653720856,0.03796714171767235,0.04154421389102936,0.04527771472930908,0.049145836383104324,0.053636547178030014,0.058023884892463684,0.06222163885831833,0.0666397213935852,0.07116817682981491,0.07560460269451141,0.08007591962814331,0.08508536964654922,0.09043742716312408,0.0965043306350708,0.10285382717847824,0.11014869064092636,0.11797158420085907,0.12599343061447144,0.13442987203598022,0.14487379789352417,0.15553328394889832,0.16523881256580353,0.17530527710914612
1947,0.00010136958735529333,0.00026207990595139563,0.00046692873002029955,0.0007089574937708676,0.0009906046325340867,0.0013025468215346336,0.0016442997148260474,0.0020175755489617586,0.0023982308339327574,0.002825375646352768,0.0032915875781327486,0.003808410372585058,0.004360046703368425,0.004980387631803751,0.005603934172540903,0.006364748813211918,0.007198212668299675,0.00809725932776928,0.009112747386097908,0.010260084643959999,0.011446140706539154,0.01274053379893303,0.014127738773822784,0.01575157418847084,0.017478667199611664,0.019630417227745056,0.021930601447820663,0.024292221292853355,0.026972806081175804,0.029855670407414436,0.03301979973912239,0.03676459193229675,0.041000738739967346,0.0459098145365715,0.05201414227485657,0.05864650756120682,0.06634847074747086,0.07480711489915848,0.08427347242832184,0.09474315494298935,0.10569257289171219,0.11783623695373535,0.13066449761390686,0.14433857798576355,0.1587442010641098,0.17308831214904785,0.187135249376297,0.20131251215934753,0.21685265004634857
1948,0.00014588481280952692,0.00036228986573405564,0.0006273568142205477,0.000983250210992992,0.001404880080372095,0.001862093573436141,0.0024016054812818766,0.002959251869469881,0.003611586056649685,0.004273049999028444,0.004969879053533077,0.005827745422720909,0.0066566988825798035,0.007423292845487595,0.00835086777806282,0.009286486543715,0.010385334491729736,0.011460325680673122,0.012760540470480919,0.014040067791938782,0.0152656938880682,0.01679164171218872,0.018226800486445427,0.020021267235279083,0.021726008504629135,0.023853570222854614,0.026049550622701645,0.028366535902023315,0.03107834979891777,0.034085966646671295,0.03707665950059891,0.04002436250448227,0.04301777482032776,0.0461759977042675,0.049105510115623474,0.052014339715242386,0.05465838313102722,0.057098932564258575,0.05945240706205368,0.06155294552445412,0.06356222927570343,0.06553606688976288,0.06746295839548111,0.06951545178890228,0.07183027267456055,0.07404183596372604,0.07594385743141174,0.07790902256965637,0.07972534000873566
1949,0.00014739055768586695,0.0003873706446029246,0.00066582445288077,0.001016866764985025,0.0013677983079105616,0.0017789696576073766,0.0022214450873434544,0.0026621371507644653,0.003179003484547138,0.0037179868668317795,0.0042822156101465225,0.004857923835515976,0.0054473429918289185,0.006093813106417656,0.006777836941182613,0.007555078715085983,0.008335587568581104,0.009120051749050617,0.009921821765601635,0.01088027935475111,0.011939195916056633,0.013139178976416588,0.01451498456299305,0.01624002307653427,0.0183420293033123,0.020855586975812912,0.02365628257393837,0.02671506255865097,0.030227668583393097,0.03407672792673111,0.03800709545612335,0.04263010621070862,0.047588907182216644,0.053233638405799866,0.059650130569934845,0.06617915630340576,0.07305842638015747,0.08074895292520523,0.08880425989627838,0.09725838899612427,0.10494621098041534,0.11297906935214996,0.12117668241262436,0.12979118525981903,0.13930372893810272,0.14740976691246033,0.15379875898361206,0.16113969683647156,0.17062674462795258
1950,0.00012792294728569686,0.0003096180153079331,0.0005336303729563951,0.0008138554403558373,0.0011215221602469683,0.0014751441776752472,0.001861510332673788,0.002299827290698886,0.002758644986897707,0.003258875571191311,0.003743542358279228,0.004267621785402298,0.004837719723582268,0.0054131969809532166,0.006045064888894558,0.0067286258563399315,0.007468745112419128,0.008286315947771072,0.009134734980762005,0.010106157511472702,0.011159899644553661,0.01241674367338419,0.013708546757698059,0.015073990449309349,0.01661590486764908,0.018288932740688324,0.020067330449819565,0.022073158994317055,0.024277009069919586,0.026475850492715836,0.028875213116407394,0.031529828906059265,0.03435882553458214,0.03732452169060707,0.04038779065012932,0.0440007783472538,0.04764394462108612,0.05152816325426102,0.05534374713897705,0.05936548113822937,0.06343165040016174,0.06743867695331573,0.07145882397890091,0.07545966655015945,0.0793428048491478,0.08285859227180481,0.08647413551807404,0.08971943706274033,0.09289117902517319
1951,0.00013435787695925683,0.0003280172822996974,0.0005908234161324799,0.0009292769245803356,0.001350737176835537,0.0018707684939727187,0.0024672499857842922,0.003139372216537595,0.0040125660598278046,0.004984280094504356,0.006006354000419378,0.007207552436739206,0.00851040706038475,0.009862362407147884,0.011319227516651154,0.012854757718741894,0.014493093825876713,0.01639864780008793,0.018206670880317688,0.020400958135724068,0.02285311371088028,0.02544367127120495,0.02823839709162712,0.03160981833934784,0.035225000232458115,0.03963803872466087,0.04446053504943848,0.04994083568453789,0.05596262961626053,0.062182359397411346,0.06881506741046906,0.07645339518785477,0.08417294919490814,0.09174297749996185,0.10002604126930237,0.10819806903600693,0.11579561233520508,0.12375810742378235,0.13152873516082764,0.13937339186668396,0.1474369317293167,0.15534940361976624,0.16456443071365356,0.17473961412906647,0.1859358251094818,0.19726064801216125,0.20757392048835754,0.21959175169467926,0.23878510296344757
1952,0.00015954210539348423,0.0003953863342758268,0.0006992431590333581,0.0010809953091666102,0.0015274144243448973,0.002070173155516386,0.0026636654511094093,0.003325549652799964,0.004052862990647554,0.004828222095966339,0.005655975546687841,0.00664467504248023,0.007763625122606754,0.008964208886027336,0.010326635092496872,0.011845442466437817,0.013512518256902695,0.015365535393357277,0.017539896070957184,0.019918162375688553,0.02252945862710476,0.025460507720708847,0.02877657301723957,0.03233860433101654,0.03562281280755997,0.039096806198358536,0.04248252883553505,0.04608793556690216,0.05006977543234825,0.054307982325553894,0.058920443058013916,0.06422548741102219,0.07019457966089249,0.07685369998216629,0.0839775875210762,0.09204143285751343,0.10027331113815308,0.10909628868103027,0.11823084205389023,0.12664294242858887,0.1341877281665802,0.14034786820411682,0.1458209902048111,0.15058296918869019,0.15583756566047668,0.16162754595279694,0.16728025674819946,0.17371784150600433,0.1822700798511505
1953,0.0001396465377183631,0.00032042345264926553,0.0005474349018186331,0.0008194936090148985,0.0011333813890814781,0.0014950449112802744,0.0018953466787934303,0.002332142321392894,0.002780087059363723,0.003255423391237855,0.0037919683381915092,0.004378507845103741,0.004992844071239233,0.005617637187242508,0.006338741164654493,0.0070248618721961975,0.007749724201858044,0.008459966629743576,0.009310063906013966,0.01023118756711483,0.011100978590548038,0.01202452927827835,0.013029750436544418,0.014078928157687187,0.015138734132051468,0.016365885734558105,0.017573364078998566,0.01881149411201477,0.020198434591293335,0.021666184067726135,0.023204196244478226,0.024910660460591316,0.02682456374168396,0.029169388115406036,0.031906191259622574,0.03524911776185036,0.039390601217746735,0.044048771262168884,0.05022599175572395,0.05751333385705948,0.06622867286205292,0.07610104233026505,0.08751952648162842,0.09997282177209854,0.1122872531414032,0.1248883530497551,0.13742774724960327,0.14962849020957947,0.16953293979167938
1954,0.00014645865303464234,0.000375691510271281,0.000701609009411186,0.0011224240297451615,0.0016128317220136523,0.002171891974285245,0.0027897206600755453,0.0035292888060212135,0.004356409423053265,0.005244443658739328,0.00621604872867465,0.007309162523597479,0.008420567028224468,0.009673476219177246,0.010966803878545761,0.01242416724562645,0.013938235118985176,0.015589047223329544,0.017396025359630585,0.019142184406518936,0.02108253724873066,0.023202531039714813,0.025411318987607956,0.027840662747621536,0.030479425564408302,0.0333528108894825,0.036368370056152344,0.0394052155315876,0.042616065591573715,0.04610231891274452,0.04976387321949005,0.053599901497364044,0.05782534182071686,0.06234250217676163,0.06745876371860504,0.07289070636034012,0.07892221212387085,0.08568169176578522,0.09283993393182755,0.10051850974559784,0.10895834863185883,0.11824788898229599,0.1273442506790161,0.13789290189743042,0.14932328462600708,0.16082251071929932,0.17236128449440002,0.1837659478187561,0.19523018598556519
1955,0.00013610489259008318,0.00033306473051197827,0.000568049552384764,0.0008838183130137622,0.0012412278447300196,0.0016716377576813102,0.002192725893110037,0.002818956272676587,0.0035160949919372797,0.004321765620261431,0.005201060324907303,0.006212229374796152,0.007175995036959648,0.008297355845570564,0.009481562301516533,0.010821121744811535,0.0122175682336092,0.013732164166867733,0.015444900840520859,0.01721501164138317,0.019129574298858643,0.021211687475442886,0.023436453193426132,0.025976121425628662,0.028789235278964043,0.03186095878481865,0.03530849888920784,0.038827084004879,0.04251494258642197,0.046428415924310684,0.05042381212115288,0.05458778887987137,0.059027135372161865,0.06354106962680817,0.06825810670852661,0.07285453379154205,0.07793180644512177,0.08334292471408844,0.08960312604904175,0.09663353860378265,0.10528288036584854,0.11415553092956543,0.12421835958957672,0.13450486958026886,0.14554022252559662,0.15564477443695068,0.16690286993980408,0.17890286445617676,0.1939334273338318
1956,0.00014282703341450542,0.0003696477797348052,0.0006538289599120617,0.0010002555791288614,0.001390161574818194,0.001824173959903419,0.0023206286132335663,0.002876674523577094,0.0035165827721357346,0.004266332369297743,0.005020210985094309,0.005859039723873138,0.006760302931070328,0.007773261517286301,0.00887324195355177,0.010039260610938072,0.011334293521940708,0.012797888368368149,0.014361938461661339,0.01584639400243759,0.017527688294649124,0.019328204914927483,0.021186422556638718,0.023042170330882072,0.025009851902723312,0.027036745101213455,0.029287541285157204,0.03152797743678093,0.0339205339550972,0.03639457747340202,0.03905657306313515,0.04196164757013321,0.04535907134413719,0.049103301018476486,0.053493302315473557,0.05807410925626755,0.06299623101949692,0.06816024333238602,0.07354043424129486,0.07912927865982056,0.08480057120323181,0.0907687395811081,0.0966419130563736,0.10266788303852081,0.10901617258787155,0.116506427526474,0.1247543916106224,0.13475032150745392,0.14625835418701172
1957,0.00012212102592457086,0.00030350859742611647,0.0005206270143389702,0.0008014292689040303,0.0010954003082588315,0.0014931344194337726,0.0018755439668893814,0.002313977340236306,0.0028124935925006866,0.0033285953104496002,0.0039267754182219505,0.0045393239706754684,0.005181925371289253,0.005851810332387686,0.006621288601309061,0.0075250412337481976,0.008478639647364616,0.009512030519545078,0.010670633986592293,0.011961306445300579,0.013369746506214142,0.014972053468227386,0.016762245446443558,0.0187588669359684,0.021010583266615868,0.023453252390027046,0.025987951084971428,0.02871726080775261,0.03176892548799515,0.03482729196548462,0.038056205958127975,0.041578926146030426,0.045131079852581024,0.04899333417415619,0.05255630984902382,0.05610152333974838,0.059462785720825195,0.06355055421590805,0.06806810200214386,0.07334424555301666,0.0794365257024765,0.08644610643386841,0.09480367600917816,0.10413850098848343,0.11390934884548187,0.12287230789661407,0.12997107207775116,0.13429294526576996,0.14051929116249084
1958,0.00013696540554519743,0.0003365650773048401,0.0005959043046459556,0.000934620329644531,0.0013227586168795824,0.0017814760794863105,0.0023507920559495687,0.0029942679684609175,0.0036601992323994637,0.004321549087762833,0.004965356085449457,0.005749947391450405,0.006580630782991648,0.007511678151786327,0.008583960123360157,0.009725905023515224,0.011020799167454243,0.012426227331161499,0.014119734056293964,0.015891404822468758,0.017989549785852432,0.020282037556171417,0.02298121526837349,0.025692511349916458,0.028731226921081543,0.03197192773222923,0.03544032201170921,0.039600394666194916,0.044223614037036896,0.04933907091617584,0.05478310585021973,0.060393743216991425,0.0661482959985733,0.07185488194227219,0.07805339992046356,0.08447302132844925,0.09082485735416412,0.09715407341718674,0.102684386074543,0.10796327143907547,0.1135793924331665,0.11917269229888916,0.12468981742858887,0.13103711605072021,0.13703294098377228,0.14339664578437805,0.14996574819087982,0.15671180188655853,0.16545899212360382
1959,0.00013589997251983732,0.00032113908673636615,0.000529897166416049,0.0008037426159717143,0.0011006428394466639,0.0014574977103620768,0.0018871024949476123,0.002344131236895919,0.002887219423428178,0.003452542470768094,0.004099369514733553,0.004853715188801289,0.005731048993766308,0.006635767407715321,0.007559506222605705,0.008610103279352188,0.009771283715963364,0.011094801127910614,0.012428930029273033,0.013854008167982101,0.015291210263967514,0.01693815179169178,0.018780838698148727,0.020762985572218895,0.023048076778650284,0.02574378438293934,0.02879314497113228,0.03201382979750633,0.03561083972454071,0.039601538330316544,0.04391009360551834,0.04869985580444336,0.053735844790935516,0.05883987620472908,0.06420274078845978,0.06982845813035965,0.07594362646341324,0.08231351524591446,0.08859992027282715,0.096171073615551,0.10325201600790024,0.10951545834541321,0.11507255584001541,0.12084203213453293,0.12676945328712463,0.13347181677818298,0.14140640199184418,0.1504300832748413,0.16151651740074158
1960,0.00013082246005069464,0.000304461078485474,0.0005184124456718564,0.0007802313193678856,0.001112659927457571,0.001466967398300767,0.0018562397453933954,0.0022771835792809725,0.0027202425990253687,0.003228603396564722,0.0037134066224098206,0.0043777721002697945,0.005046396981924772,0.005738934502005577,0.006491248030215502,0.007366864010691643,0.00831184908747673,0.00933076161891222,0.010311533696949482,0.011340792290866375,0.012430635280907154,0.013615813106298447,0.014921865426003933,0.016291094943881035,0.01769653894007206,0.019230917096138,0.020762788131833076,0.02240760810673237,0.024184759706258774,0.02615145593881607,0.028420571237802505,0.031102899461984634,0.034098099917173386,0.037550188601017,0.041592516005039215,0.046144433319568634,0.05141960456967354,0.0571785531938076,0.06312301754951477,0.06947964429855347,0.07627908885478973,0.08349235355854034,0.08867254108190536,0.09422844648361206,0.09893863648176193,0.10202141106128693,0.10375554859638214,0.10428833216428757,0.10884654521942139
1961,0.00014890568854752928,0.00038039396167732775,0.0006800470873713493,0.0010468491818755865,0.0014898973749950528,0.002017328515648842,0.002678124699741602,0.0033860683906823397,0.004168877378106117,0.005017549265176058,0.00597701221704483,0.007052679546177387,0.008160213008522987,0.009422547183930874,0.010777038522064686,0.012312766164541245,0.013986684381961823,0.0157786775380373,0.017569437623023987,0.019629957154393196,0.021588705480098724,0.02406363934278488,0.026864541694521904,0.029870206490159035,0.03320755809545517,0.036994222551584244,0.04097689688205719,0.045127324759960175,0.04960186779499054,0.05508038401603699,0.06059733033180237,0.06711826473474503,0.07341954857110977,0.0792161151766777,0.08508090674877167,0.09095583856105804,0.09683862328529358,0.10226926952600479,0.10700984299182892,0.11329837143421173,0.11876378953456879,0.12342817336320877,0.12807562947273254,0.13271906971931458,0.1373973786830902,0.1426122635602951,0.14931492507457733,0.1581617146730423,0.1679837852716446
1962,0.00011862994870170951,0.00031342453439719975,0.0005888023879379034,0.0009377762908115983,0.0013487623073160648,0.0018504487816244364,0.0024432376958429813,0.0031022182665765285,0.0038465065881609917,0.004641020204871893,0.005509220063686371,0.00646760780364275,0.007497833110392094,0.008688720874488354,0.009867081418633461,0.011094443500041962,0.012465697713196278,0.014119073748588562,0.015930121764540672,0.01793937012553215,0.02006235532462597,0.02217966318130493,0.024639103561639786,0.02723892778158188,0.029819637537002563,0.03265603631734848,0.03531640022993088,0.038327135145664215,0.04177715629339218,0.04549500718712807,0.04956794157624245,0.053848959505558014,0.05826631188392639,0.0637446939945221,0.06979232281446457,0.07689274102449417,0.0845647007226944,0.09224763512611389,0.100211501121521,0.10932468622922897,0.11888894438743591,0.12847915291786194,0.1378275454044342,0.14576244354248047,0.15256288647651672,0.1600305736064911,0.16745175421237946,0.17682407796382904,0.18836729228496552
1963,0.00013433329877443612,0.000331028422806412,0.0005772648146376014,0.0008921271073631942,0.001232146518304944,0.001629857113584876,0.0020460293162614107,0.0024901810102164745,0.0029800282791256905,0.003501467639580369,0.004059144761413336,0.0046904198825359344,0.005331806838512421,0.006011998280882835,0.0067078545689582825,0.00743526965379715,0.008262427523732185,0.009042315185070038,0.009925552643835545,0.010831497609615326,0.011819398030638695,0.012941723689436913,0.014093462377786636,0.015312565490603447,0.016755258664488792,0.018394799903035164,0.020197134464979172,0.0222608745098114,0.02457485720515251,0.026954524219036102,0.02947545424103737,0.03214207664132118,0.034983135759830475,0.038501545786857605,0.042408913373947144,0.046234942972660065,0.050285227596759796,0.054385796189308167,0.05861161649227142,0.06341104209423065,0.06861388683319092,0.07417131215333939,0.08045965433120728,0.08736281096935272,0.0951048880815506,0.1036616712808609,0.11282505095005035,0.12264139205217361,0.1355455368757248
1964,0.0001499336794950068,0.0003432824742048979,0.0005843833787366748,0.0008847670396789908,0.001220486592501402,0.0016623586416244507,0.002118221018463373,0.0026857564225792885,0.0032413445878773928,0.0038363374769687653,0.004585305228829384,0.005395407322794199,0.0063239289447665215,0.007346624508500099,0.008515074849128723,0.00981579627841711,0.011328979395329952,0.012983555905520916,0.014717821963131428,0.016650523990392685,0.018711227923631668,0.02117953449487686,0.023776259273290634,0.026882870122790337,0.030507972463965416,0.03445989638566971,0.03916943445801735,0.04469836503267288,0.05091973394155502,0.05746854469180107,0.06417762488126755,0.07069509476423264,0.0775018110871315,0.08476328104734421,0.09200030565261841,0.09955455362796783,0.10760006308555603,0.11615194380283356,0.12523242831230164,0.134464830160141,0.14384683966636658,0.15261545777320862,0.16147762537002563,0.17084258794784546,0.18025964498519897,0.189338818192482,0.1978263556957245,0.20516207814216614,0.21275217831134796
1965,0.00013786714407615364,0.0003322178381495178,0.0005864769918844104,0.000905333086848259,0.0012783819111064076,0.0016909745754674077,0.0021595535799860954,0.00266592507250607,0.003182242624461651,0.0037909443490207195,0.0044804844073951244,0.005302981939166784,0.006252476945519447,0.007281331345438957,0.008403659798204899,0.009738542139530182,0.011119714938104153,0.012678966857492924,0.014161597937345505,0.0157165564596653,0.017553066834807396,0.019467266276478767,0.02151428908109665,0.023492295295000076,0.025727305561304092,0.028228871524333954,0.031104126945137978,0.034384019672870636,0.037708789110183716,0.04146477207541466,0.04534747824072838,0.049251340329647064,0.05368814617395401,0.05884440243244171,0.06426838040351868,0.07008615136146545,0.07625210285186768,0.08321438729763031,0.09133420139551163,0.10039111971855164,0.11030004918575287,0.12158000469207764,0.1343483179807663,0.14810016751289368,0.16169238090515137,0.17599573731422424,0.1891501545906067,0.20574235916137695,0.22699539363384247
1966,0.00012785446597263217,0.00030254042940214276,0.0005274270661175251,0.0008055046782828867,0.0011394665343686938,0.001527917105704546,0.0019532591104507446,0.002456381218507886,0.003028901992365718,0.0036289338022470474,0.004346652887761593,0.0051016355864703655,0.005979757755994797,0.006966511253267527,0.007995340041816235,0.009099101647734642,0.01033349335193634,0.011642120778560638,0.013135362416505814,0.014818855561316013,0.016785206273198128,0.018829677253961563,0.02109970897436142,0.02355961501598358,0.026078462600708008,0.029091179370880127,0.03250909224152565,0.03626737743616104,0.04021652787923813,0.04458426684141159,0.049437858164310455,0.054657552391290665,0.06014956533908844,0.06561188399791718,0.07099533081054688,0.07650107890367508,0.08220215141773224,0.0879882276058197,0.09357479214668274,0.09976854175329208,0.1057380959391594,0.11153176426887512,0.11790971457958221,0.12454959005117416,0.13216456770896912,0.14086739718914032,0.15110336244106293,0.16367168724536896,0.17926691472530365
1967,0.00014601486327592283,0.00038520191446878016,0.0006799947004765272,0.0010234789224341512,0.0014338213950395584,0.0018814284121617675,0.00235849991440773,0.0028452854603528976,0.0034270640462636948,0.004106234293431044,0.004872272722423077,0.005810172762721777,0.006881440989673138,0.007972818799316883,0.00925435684621334,0.010636704973876476,0.012209879234433174,0.014017235487699509,0.01598990708589554,0.01830565184354782,0.0207236148416996,0.023362504318356514,0.02632148191332817,0.029276316985487938,0.03243555128574371,0.03575087711215019,0.03933503106236458,0.04325782507658005,0.047317102551460266,0.051299192011356354,0.05549976974725723,0.05943405628204346,0.0630936324596405,0.06690497696399689,0.07073183357715607,0.07493589073419571,0.0791570246219635,0.08335882425308228,0.0877031683921814,0.09202486276626587,0.09608336538076401,0.10017567873001099,0.10404856503009796,0.10775840282440186,0.1115851104259491,0.11612140387296677,0.12097276747226715,0.1260843425989151,0.13229376077651978
1968,0.00014612168888561428,0.00036000291584059596,0.000638289493508637,0.000989439315162599,0.0013620367972180247,0.0017968688625842333,0.0022872297558933496,0.002858668565750122,0.0035299095325171947,0.004300589207559824,0.005079816561192274,0.006001622416079044,0.007018193602561951,0.008090056478977203,0.009202739223837852,0.01042536087334156,0.011692007072269917,0.013097929768264294,0.01442320179194212,0.015760276466608047,0.017298147082328796,0.019040431827306747,0.020895304158329964,0.023003946989774704,0.025122269988059998,0.027240334078669548,0.029676515609025955,0.03235373646020889,0.03534751385450363,0.038633812218904495,0.04241369664669037,0.046380069106817245,0.05093195289373398,0.055870238691568375,0.06143077462911606,0.06731249392032623,0.0736740231513977,0.0806233212351799,0.08871080726385117,0.09730972349643707,0.10600163787603378,0.11531347036361694,0.12418408691883087,0.13404089212417603,0.14360995590686798,0.1518503874540329,0.15994584560394287,0.16821764409542084,0.1765797883272171
1969,0.00011580056889215484,0.00027974252589046955,0.00048421300016343594,0.0007482186192646623,0.001054495107382536,0.0013992608292028308,0.0017691119574010372,0.0021870445925742388,0.002615028526633978,0.0030538744758814573,0.0035096306819468737,0.004023640416562557,0.004595390520989895,0.005159272346645594,0.005768163129687309,0.006353475619107485,0.00696996133774519,0.007601700257509947,0.008246732875704765,0.008894067257642746,0.009591436013579369,0.01032998226583004,0.011125527322292328,0.011959707364439964,0.012841852381825447,0.013707630336284637,0.014598933048546314,0.0156598798930645,0.016718223690986633,0.017920847982168198,0.0192173533141613,0.020543813705444336,0.022095168009400368,0.023720944300293922,0.025553544983267784,0.02755182608962059,0.029689613729715347,0.03209061175584793,0.03438083082437515,0.036770835518836975,0.03919703885912895,0.04169292747974396,0.044270001351833344,0.04680837690830231,0.049131255596876144,0.051585376262664795,0.05386779457330704,0.05654333904385567,0.05940297991037369
1970,0.00013968015264254063,0.0003574633738026023,0.0006202140357345343,0.0009452731464989483,0.0013285056920722127,0.0017513405764475465,0.0022250437177717686,0.0027215948794037104,0.0032721692696213722,0.003856203518807888,0.004533328581601381,0.0053430101834237576,0.006260479800403118,0.007357844151556492,0.008593574166297913,0.010069010779261589,0.01165095716714859,0.013312789611518383,0.015190159901976585,0.016997961327433586,0.018588759005069733,0.02028399333357811,0.022389305755496025,0.02475650981068611,0.027152590453624725,0.02957061305642128,0.03227865695953369,0.03535986319184303,0.03888527676463127,0.04288928210735321,0.047317780554294586,0.052003536373376846,0.056808408349752426,0.06189946085214615,0.06752891093492508,0.07312852889299393,0.0787551999092102,0.08444930613040924,0.0900205448269844,0.09605162590742111,0.10270024091005325,0.10947635024785995,0.11733557283878326,0.12539073824882507,0.1334279477596283,0.1403871774673462,0.14612382650375366,0.1504981964826584,0.15477652847766876
1971,0.0001213763898704201,0.0003010641667060554,0.0005244427593424916,0.0008358581690117717,0.0011594099923968315,0.0015530673554167151,0.001997601240873337,0.0025403257459402084,0.003127687145024538,0.003777530509978533,0.00449278112500906,0.005256440490484238,0.006178705021739006,0.007206207141280174,0.008385447785258293,0.009603237733244896,0.010861041024327278,0.012299477122724056,0.013781404122710228,0.015241277404129505,0.016708271577954292,0.01815861091017723,0.019737200811505318,0.02136782743036747,0.02298768237233162,0.024763325229287148,0.026598375290632248,0.02851738967001438,0.030384870246052742,0.032486747950315475,0.034557562321424484,0.036923132836818695,0.039652809500694275,0.042762551456689835,0.046354301273822784,0.050116609781980515,0.05406904220581055,0.05821823328733444,0.062773697078228,0.06815189868211746,0.0741022527217865,0.08029913157224655,0.08768811821937561,0.09599873423576355,0.10494369268417358,0.11308957636356354,0.11983875930309296,0.12530192732810974,0.13057127594947815
1972,0.00016974686877802014,0.00045694265281781554,0.0008417521603405476,0.0013285009190440178,0.001899253111332655,0.0025672868359833956,0.003377386834472418,0.004293045960366726,0.00526468176394701,0.006324494257569313,0.0075403377413749695,0.008852520026266575,0.010478937067091465,0.012275241315364838,0.014298607595264912,0.01664070039987564,0.0190694909542799,0.021654954180121422,0.02453448995947838,0.02754245139658451,0.030867960304021835,0.03466775640845299,0.038661736994981766,0.04313907027244568,0.0480155311524868,0.05280913785099983,0.057600051164627075,0.06260090321302414,0.06771621853113174,0.07346530258655548,0.07904402911663055,0.08416938781738281,0.08942492306232452,0.09370037168264389,0.09833857417106628,0.10239958018064499,0.10592866688966751,0.10944227874279022,0.11308027803897858,0.11722593009471893,0.12159980088472366,0.12644487619400024,0.13198824226856232,0.13835448026657104,0.14486880600452423,0.1517634391784668,0.1600586175918579,0.17005418241024017,0.1862325221300125
1973,0.00013067861436866224,0.00032863806700333953,0.0005897344672121108,0.0009346888400614262,0.0013011961709707975,0.0017462640535086393,0.002235925290733576,0.0028263279236853123,0.0034651050809770823,0.004202874843031168,0.005039995536208153,0.005976577289402485,0.0070290835574269295,0.008172133006155491,0.00941736064851284,0.010672526434063911,0.012078570201992989,0.013674542307853699,0.015468497760593891,0.017349012196063995,0.019418276846408844,0.02185312658548355,0.02470169961452484,0.02759493514895439,0.031358253210783005,0.03520754352211952,0.039327140897512436,0.04393431916832924,0.04836028069257736,0.053680770099163055,0.05938918888568878,0.06539987027645111,0.0719957947731018,0.07879530638456345,0.08622182160615921,0.09309552609920502,0.09950701892375946,0.10568086802959442,0.112662672996521,0.11966285109519958,0.12641304731369019,0.1328047215938568,0.13967365026474,0.14627468585968018,0.15317106246948242,0.15912608802318573,0.1646556258201599,0.17019878327846527,0.17913109064102173
1974,0.00016853888519108295,0.0004476986941881478,0.0008122687577269971,0.0012410327326506376,0.001704484224319458,0.0022403975017368793,0.0028587710112333298,0.0035203236620873213,0.004254741128534079,0.005037534050643444,0.00588972307741642,0.0068563492968678474,0.007853729650378227,0.00893284473568201,0.010222796350717545,0.011526897549629211,0.012982411310076714,0.014587486162781715,0.016367316246032715,0.01847018115222454,0.02072976529598236,0.023276343941688538,0.02588169276714325,0.02886313945055008,0.03221726790070534,0.035987161099910736,0.0399349108338356,0.04402179270982742,0.04870382696390152,0.053276050835847855,0.058072108775377274,0.06292271614074707,0.06759302318096161,0.07216048985719681,0.07670597732067108,0.08076871931552887,0.08481645584106445,0.08867345750331879,0.09238601475954056,0.09598679095506668,0.09944131970405579,0.10304396599531174,0.10619160532951355,0.1093095913529396,0.1119755282998085,0.1146719753742218,0.11724895238876343,0.11928322911262512,0.12162655591964722
1975,0.00014750115224160254,0.00038257287815213203,0.000668389955535531,0.0010357325663790107,0.0014516065130010247,0.001977289328351617,0.0025832471437752247,0.003240901045501232,0.003988089971244335,0.0048454524949193,0.005877409130334854,0.0069773574359714985,0.008259467780590057,0.009739706292748451,0.011349190026521683,0.013071669265627861,0.0150918485596776,0.017282288521528244,0.019509900361299515,0.022076698020100594,0.025247860699892044,0.028696374967694283,0.03249611333012581,0.03648419305682182,0.04083767160773277,0.045562516897916794,0.05043323338031769,0.05585263669490814,0.06136211007833481,0.06743857264518738,0.07391538470983505,0.08064958453178406,0.08752873539924622,0.09485498815774918,0.10284624248743057,0.1106923371553421,0.11843051761388779,0.12649139761924744,0.1345341056585312,0.14233161509037018,0.15021757781505585,0.15838544070720673,0.16620999574661255,0.17346222698688507,0.17991095781326294,0.18646977841854095,0.19263991713523865,0.19859635829925537,0.2034602016210556
1976,0.0001402432972099632,0.000360660080332309,0.0006284280680119991,0.0009569042595103383,0.0013494683662429452,0.001808373723179102,0.0023176572285592556,0.002840690314769745,0.0033754082396626472,0.003925542812794447,0.004517219960689545,0.005111640319228172,0.005710916593670845,0.0063881902024149895,0.007110856473445892,0.007843615487217903,0.008673060685396194,0.009553031995892525,0.010588036850094795,0.011645602062344551,0.012932222336530685,0.014169235713779926,0.01552640087902546,0.016895314678549767,0.018361583352088928,0.01981322094798088,0.02137809619307518,0.023023495450615883,0.02480325847864151,0.026513827964663506,0.02836102619767189,0.030419141054153442,0.03273745998740196,0.035361986607313156,0.03841675817966461,0.04164968803524971,0.04513511061668396,0.04916727542877197,0.05316249653697014,0.05771775543689728,0.0626458004117012,0.06848666071891785,0.07469774782657623,0.08140052109956741,0.08954329788684845,0.09787341952323914,0.10498491674661636,0.11223471909761429,0.12048113346099854
1977,0.00011767085379688069,0.0002794750325847417,0.0004830259713344276,0.0007224709843285382,0.001013401197269559,0.0013609955785796046,0.001745198154821992,0.002185009652748704,0.002700835233554244,0.0032374178990721703,0.003810664638876915,0.004391738213598728,0.0050602806732058525,0.0058368295431137085,0.00662923464551568,0.0075728511437773705,0.008537979796528816,0.009702327661216259,0.011022290214896202,0.012460554949939251,0.013944806531071663,0.015614431351423264,0.01746973767876625,0.019507747143507004,0.02183470129966736,0.02455476112663746,0.027709413319826126,0.031124519184231758,0.03471257537603378,0.03845282271504402,0.04255407676100731,0.04677749425172806,0.05135860666632652,0.056215427815914154,0.06106499582529068,0.06584885716438293,0.07134512066841125,0.07714661955833435,0.08401645720005035,0.09239087998867035,0.1031070426106453,0.11781343072652817,0.13557031750679016,0.1579401195049286,0.18351618945598602,0.2136906236410141,0.24031277000904083,0.26909902691841125,0.30089130997657776
1978,0.00015917506243567914,0.00041722433525137603,0.0007550875307060778,0.0011931833578273654,0.0017207408091053367,0.002357572317123413,0.0030688683036714792,0.00390651635825634,0.00486656092107296,0.006069337949156761,0.007538309320807457,0.009186845272779465,0.011060070246458054,0.013016621582210064,0.015208343043923378,0.01741490513086319,0.019836142659187317,0.02233130671083927,0.024688059464097023,0.027076879516243935,0.02956206351518631,0.03220373019576073,0.03485700860619545,0.03766453266143799,0.04054916650056839,0.04384144768118858,0.047487758100032806,0.05135314166545868,0.05560861900448799,0.06014653295278549,0.06510783731937408,0.07073867321014404,0.07684332132339478,0.08320455998182297,0.09050657600164413,0.09805693477392197,0.10550901293754578,0.1136874184012413,0.12288273870944977,0.13179107010364532,0.14164280891418457,0.1517772674560547,0.16129854321479797,0.1724778264760971,0.18348896503448486,0.19501610100269318,0.20569384098052979,0.2166055142879486,0.22713077068328857
1979,0.00013936482719145715,0.0003453193639870733,0.000587999471463263,0.0009073055116459727,0.0012538237497210503,0.0016626502620056272,0.002093367511406541,0.0026122010312974453,0.0031339460983872414,0.0036992435343563557,0.004250123165547848,0.004854090511798859,0.005478418432176113,0.006114928051829338,0.006884152069687843,0.007588254287838936,0.008390063419938087,0.0092510050162673,0.010180792771279812,0.011132173240184784,0.012129170820116997,0.013253802433609962,0.014398510567843914,0.015667732805013657,0.017100058495998383,0.01868041232228279,0.020338617265224457,0.022267911583185196,0.02418600022792816,0.02647440880537033,0.029050325974822044,0.03189734369516373,0.03503768518567085,0.038998980075120926,0.04340238496661186,0.048088543117046356,0.05358175188302994,0.060145821422338486,0.06753949820995331,0.07621491700410843,0.08619143068790436,0.09731422364711761,0.10979391634464264,0.1228390634059906,0.13425897061824799,0.14312982559204102,0.15256483852863312,0.1611465960741043,0.17516405880451202
1980,0.00014280155301094055,0.00032901769736781716,0.0005611007800325751,0.0008393595344386995,0.0011370908468961716,0.0014971171040087938,0.0018775500357151031,0.0023022028617560863,0.0027315691113471985,0.0032371417619287968,0.0037765551824122667,0.004402286373078823,0.005072643980383873,0.005838459823280573,0.006581611931324005,0.007486505433917046,0.008439045399427414,0.009533308446407318,0.0106861786916852,0.011906986124813557,0.01321300771087408,0.014611303806304932,0.01622963696718216,0.017984328791499138,0.01992778666317463,0.022169485688209534,0.024610936641693115,0.027386091649532318,0.03042140044271946,0.03371957316994667,0.03734297677874565,0.041335780173540115,0.04564566910266876,0.05059990659356117,0.05627477914094925,0.06213374435901642,0.06814735382795334,0.07446437329053879,0.08125357329845428,0.08816958218812943,0.09538690745830536,0.1027817353606224,0.11093611270189285,0.1189243346452713,0.12608025968074799,0.13237322866916656,0.1389719694852829,0.14567317068576813,0.15231692790985107
1981,0.00013436892186291516,0.00031042436603456736,0.0005162379238754511,0.0007861284539103508,0.001073886756785214,0.001415351522155106,0.0017890105955302715,0.002194403437897563,0.002644173800945282,0.0031055579893290997,0.0036434566136449575,0.004267296753823757,0.004912554752081633,0.00569266127422452,0.006505828350782394,0.007360449060797691,0.008366457186639309,0.009483004920184612,0.010742503218352795,0.012182730250060558,0.013786782510578632,0.015545105561614037,0.017469018697738647,0.019566286355257034,0.02203476056456566,0.024800844490528107,0.02768082544207573,0.030994318425655365,0.03497924655675888,0.03953961282968521,0.04485907778143883,0.050417929887771606,0.05660269781947136,0.0629252940416336,0.06978446245193481,0.07628331333398819,0.08204519748687744,0.08721908181905746,0.09208463877439499,0.09651952236890793,0.10011619329452515,0.10383075475692749,0.1072094514966011,0.11045338958501816,0.11339413374662399,0.11609197407960892,0.11955926567316055,0.12424356490373611,0.12898051738739014
1982,0.00015315414930228144,0.0003991727135144174,0.0007363748736679554,0.0011435437481850386,0.001609149039722979,0.002154837129637599,0.002704491838812828,0.003358968533575535,0.004068655893206596,0.004787564277648926,0.005626548081636429,0.006569075398147106,0.007623756304383278,0.008732750080525875,0.009941277094185352,0.011280592530965805,0.01279846578836441,0.014565810561180115,0.01655011996626854,0.018652483820915222,0.02086075395345688,0.023012226447463036,0.025257129222154617,0.02789553813636303,0.030702009797096252,0.03358691930770874,0.03662469610571861,0.039768852293491364,0.04320903122425079,0.04670124873518944,0.05057470500469208,0.054571542888879776,0.058555759489536285,0.062288276851177216,0.06637844443321228,0.07026126980781555,0.07462150603532791,0.07885051518678665,0.0825612023472786,0.08628107607364655,0.09049636870622635,0.09506314992904663,0.10003527998924255,0.1054258793592453,0.11046687513589859,0.11616061627864838,0.12108150124549866,0.12674951553344727,0.1330772191286087
1983,0.0001337209832854569,0.0003391156787984073,0.0006239290814846754,0.0009755543433129787,0.001381364301778376,0.001866291742771864,0.00235774926841259,0.0029110799077898264,0.003470855765044689,0.004106074571609497,0.004734031856060028,0.00548043567687273,0.00623827800154686,0.007165077142417431,0.00817208830267191,0.00936775654554367,0.010702784173190594,0.012220358476042747,0.013955499976873398,0.01584821380674839,0.017923448234796524,0.020438510924577713,0.02319716289639473,0.026270920410752296,0.029404420405626297,0.032830383628606796,0.0368046835064888,0.04087044298648834,0.04507361724972725,0.04919717460870743,0.05374418571591377,0.05845005437731743,0.06370153278112411,0.06927531212568283,0.07554969936609268,0.08202274143695831,0.08885825425386429,0.09576082229614258,0.10278766602277756,0.11023637652397156,0.11862851679325104,0.12832027673721313,0.13961417973041534,0.15032464265823364,0.16021688282489777,0.16953684389591217,0.1785641461610794,0.18795554339885712,0.199889674782753
1984,0.0001233422226505354,0.00032630274654366076,0.000583652057684958,0.0009313657064922154,0.0013382674660533667,0.0018612949643284082,0.0024275975301861763,0.0030503435991704464,0.0037422177847474813,0.004531416110694408,0.005367642268538475,0.006262487731873989,0.007125341799110174,0.007978368550539017,0.008851480670273304,0.00975891388952732,0.010735729709267616,0.011676505208015442,0.012649083510041237,0.013625064864754677,0.01468581985682249,0.01577187515795231,0.016893697902560234,0.01803949847817421,0.019293205812573433,0.02059866487979889,0.022047102451324463,0.02357693761587143,0.025182444602251053,0.027014009654521942,0.028985606506466866,0.03129088506102562,0.033792510628700256,0.03671973943710327,0.0396355465054512,0.04293568432331085,0.046851661056280136,0.051180362701416016,0.05604881793260574,0.060931913554668427,0.06582189351320267,0.07075256109237671,0.07652503997087479,0.08340813219547272,0.0910700187087059,0.0983634740114212,0.10670658946037292,0.11511972546577454,0.12542743980884552
1985,0.0001220266567543149,0.0002840115921571851,0.0004756174166686833,0.0007215228397399187,0.0010187848238274455,0.0013434732099995017,0.0017568228067830205,0.00216494663618505,0.0026588807813823223,0.003164073918014765,0.0037082694470882416,0.004306197632104158,0.004952596966177225,0.005623066797852516,0.006356698460876942,0.007144627161324024,0.007945310324430466,0.008843186311423779,0.009747372940182686,0.010653795674443245,0.011679461225867271,0.012829875573515892,0.014036130160093307,0.015447634272277355,0.017010878771543503,0.01867792382836342,0.020659541711211205,0.022810380905866623,0.02511347085237503,0.027825435623526573,0.03074696846306324,0.033803120255470276,0.036859966814517975,0.04006084054708481,0.043230392038822174,0.0463537722826004,0.04964219406247139,0.05303935334086418,0.0560484454035759,0.05878215283155441,0.06123463064432144,0.06360918283462524,0.0659429207444191,0.06821993738412857,0.07047846168279648,0.07247564941644669,0.0745394378900528,0.07620929181575775,0.07746060937643051
1986,0.00014065329742152244,0.0003428003110457212,0.0005835173069499433,0.0009246151894330978,0.001324316137470305,0.0018172379350289702,0.0023558400571346283,0.002996703376993537,0.0037025022320449352,0.004496760666370392,0.005350751336663961,0.006306467577815056,0.007311344146728516,0.008395080454647541,0.009594920091331005,0.010920966044068336,0.012298798188567162,0.013807587325572968,0.015372093766927719,0.017068779096007347,0.019051318988204002,0.021155234426259995,0.023226704448461533,0.025474749505519867,0.028053689748048782,0.030713867396116257,0.033553965389728546,0.036361537873744965,0.03937481343746185,0.04240734875202179,0.04537701606750488,0.04821241274476051,0.05131706967949867,0.054683685302734375,0.058248188346624374,0.062070801854133606,0.0660114586353302,0.07078395783901215,0.07588043063879013,0.08163455128669739,0.08783932030200958,0.09490847587585449,0.10290472209453583,0.1115289032459259,0.11995144188404083,0.12905383110046387,0.13700076937675476,0.14456334710121155,0.15507909655570984
1987,0.00012965795758645982,0.0003153979196213186,0.0005190103547647595,0.0007879053591750562,0.0010853580897673965,0.0014527665916830301,0.0018494949908927083,0.002285868627950549,0.002707418752834201,0.003198259975761175,0.0036998221185058355,0.004224776290357113,0.004743476398289204,0.00531586492434144,0.006014509126543999,0.006615837104618549,0.0072889626026153564,0.00804831087589264,0.008875103667378426,0.009614428505301476,0.010482188314199448,0.011284705251455307,0.012198803946375847,0.013183231465518475,0.014283211901783943,0.015462187118828297,0.016733281314373016,0.018311910331249237,0.019842008128762245,0.021554088220000267,0.023558977991342545,0.025862455368041992,0.028266778215765953,0.030903417617082596,0.03366406261920929,0.037224650382995605,0.040796518325805664,0.04436766356229782,0.04837045073509216,0.05261188745498657,0.05716896057128906,0.062275394797325134,0.06729397177696228,0.07201288640499115,0.07694032043218613,0.08138446509838104,0.08528496325016022,0.08851204067468643,0.09437253326177597
1988,0.000139198440592736,0.00035619037225842476,0.0006373610813170671,0.0010145371779799461,0.0014473646879196167,0.001979750581085682,0.0025801954325288534,0.0031372951343655586,0.003563728416338563,0.004069674760103226,0.00458700954914093,0.0052427989430725574,0.0058791860938072205,0.006575976964086294,0.007246216759085655,0.007938124239444733,0.008716151118278503,0.00950364675372839,0.010290071368217468,0.011130320839583874,0.01204492338001728,0.013019368052482605,0.014008361846208572,0.015198010951280594,0.01652386784553528,0.01792067289352417,0.0194275863468647,0.02103952318429947,0.02281610667705536,0.024665310978889465,0.026677099987864494,0.028781548142433167,0.031035829335451126,0.033291980624198914,0.03538911044597626,0.037418216466903687,0.03976929187774658,0.04212263226509094,0.044643301516771317,0.04703131318092346,0.049695052206516266,0.052687887102365494,0.056381698697805405,0.05976938083767891,0.0632137805223465,0.06650932133197784,0.06933842599391937,0.07227002829313278,0.07681085914373398
1989,0.00013019281323067844,0.0003202980733476579,0.0005482231499627233,0.0008723402279429138,0.0012341993860900402,0.0016890962142497301,0.002197211142629385,0.0027568857185542583,0.0034095344599336386,0.004164281766861677,0.004986620508134365,0.005773257929831743,0.0066371820867061615,0.007564968429505825,0.008605821058154106,0.009680279530584812,0.010905014351010323,0.012088853865861893,0.013479700312018394,0.014830900356173515,0.01641760766506195,0.018104247748851776,0.02009846642613411,0.02208642102777958,0.024085180833935738,0.026317790150642395,0.02870624139904976,0.031432487070560455,0.03439326956868172,0.03766132891178131,0.041037146002054214,0.04456009343266487,0.048349928110837936,0.05231499671936035,0.05624503642320633,0.06024949625134468,0.06363718211650848,0.06678476929664612,0.06980881094932556,0.07327070832252502,0.0769813060760498,0.08097849041223526,0.08494088798761368,0.08881904184818268,0.0925055593252182,0.09698361903429031,0.10173886269330978,0.10706241428852081,0.1126570850610733
1990,0.00014840805670246482,0.0003825631574727595,0.000676383962854743,0.0010523742530494928,0.0014794141752645373,0.001984482863917947,0.0025784694589674473,0.0032048020511865616,0.003940792754292488,0.004717068746685982,0.0055968258529901505,0.006542002782225609,0.007485761307179928,0.008510332554578781,0.009577850811183453,0.010725714266300201,0.011888128705322742,0.013231821358203888,0.014603926800191402,0.01612679660320282,0.017837315797805786,0.01979156583547592,0.02206803485751152,0.024508565664291382,0.02735857106745243,0.030751559883356094,0.034822527319192886,0.039448149502277374,0.044940635561943054,0.05097101628780365,0.0580514594912529,0.06593704223632812,0.0740220844745636,0.08350279182195663,0.09395277500152588,0.10451614856719971,0.11552272737026215,0.1258382797241211,0.13537463545799255,0.14589378237724304,0.15480925142765045,0.16234628856182098,0.16933511197566986,0.17587944865226746,0.18159711360931396,0.18722029030323029,0.1923927515745163,0.19811108708381653,0.20439641177654266
1991,0.00014429177099373192,0.0003917420981451869,0.0007361010648310184,0.001205510925501585,0.0017994511872529984,0.002457270398736,0.0032900958321988583,0.004065453074872494,0.0047686295583844185,0.005532610230147839,0.006360819097608328,0.007341548800468445,0.008494867943227291,0.009747415781021118,0.01113047730177641,0.01268693245947361,0.014253427274525166,0.015998702496290207,0.01795191690325737,0.02011052332818508,0.022422686219215393,0.024937672540545464,0.027703166007995605,0.030372075736522675,0.03331249952316284,0.03649835288524628,0.039698630571365356,0.0431392565369606,0.04654746502637863,0.050497785210609436,0.05426472797989845,0.05811828002333641,0.062222931534051895,0.06589837372303009,0.06978388130664825,0.07388143241405487,0.07808811217546463,0.08237504214048386,0.08656549453735352,0.09113642573356628,0.09594573825597763,0.10063348710536957,0.10549036413431168,0.10970131307840347,0.11451509594917297,0.12010538578033447,0.12569570541381836,0.13367322087287903,0.1452654004096985
1992,0.00010788399958983064,0.0002579650317784399,0.00044100466766394675,0.0006727731670252979,0.0009575518779456615,0.0012859556591138244,0.0016484223306179047,0.002046557143330574,0.0024649915285408497,0.0029058451764285564,0.0033924179151654243,0.0038968874141573906,0.0044939955696463585,0.005134688690304756,0.005804861895740032,0.006524789612740278,0.00735551118850708,0.008262661285698414,0.00934927724301815,0.010530946776270866,0.011800307780504227,0.013278339058160782,0.014767341315746307,0.01634753867983818,0.018224647268652916,0.020269423723220825,0.02273987978696823,0.02538684941828251,0.028413262218236923,0.03161901980638504,0.03507660701870918,0.03901033475995064,0.04327002167701721,0.047634419053792953,0.05186713859438896,0.05639205873012543,0.06164519116282463,0.0668196901679039,0.07249129563570023,0.07841502875089645,0.08428792655467987,0.09006328135728836,0.09558787941932678,0.10092076659202576,0.1068989485502243,0.11255697160959244,0.11779089272022247,0.12222824990749359,0.12615014612674713
1993,0.00013029479305259883,0.00032100878888741136,0.0005350635619834065,0.0008311541751027107,0.0011667525395751,0.0015764579875394702,0.0020074904896318913,0.002479017712175846,0.0029640397988259792,0.0034639406949281693,0.003981144167482853,0.004535724874585867,0.0050374772399663925,0.005641644820570946,0.006186737213283777,0.006825476419180632,0.007531111594289541,0.008298602886497974,0.009168267250061035,0.01008615829050541,0.011146202683448792,0.012412500567734241,0.013785788789391518,0.015290476381778717,0.016913726925849915,0.018631350249052048,0.020728573203086853,0.02288229577243328,0.025435518473386765,0.02817854844033718,0.031131502240896225,0.03424931317567825,0.03755925968289375,0.040930867195129395,0.04477459937334061,0.04850471764802933,0.05258944630622864,0.056909333914518356,0.062151551246643066,0.06761059165000916,0.0732833594083786,0.0795738473534584,0.08625863492488861,0.09371206164360046,0.10180137306451797,0.11028042435646057,0.12046493589878082,0.1309683471918106,0.14223724603652954
1994,0.0001346981298411265,0.00031922938069328666,0.0005477346130646765,0.0008273397106677294,0.0011412841267883778,0.0015087798237800598,0.0018659535562619567,0.002306102542206645,0.0027502572629600763,0.003287450410425663,0.003896776819601655,0.004553936421871185,0.005203406326472759,0.005930917337536812,0.006731875706464052,0.007610477972775698,0.008493708446621895,0.00946311466395855,0.010545564815402031,0.011686209589242935,0.012726699002087116,0.013908304274082184,0.015175615437328815,0.016474833711981773,0.017722081393003464,0.019195375964045525,0.020591147243976593,0.02198570966720581,0.02359643764793873,0.025249643251299858,0.02704598940908909,0.02886636182665825,0.03072958253324032,0.03277958184480667,0.03482042998075485,0.03677579015493393,0.03926097974181175,0.04131235182285309,0.04383184015750885,0.0468134805560112,0.049716658890247345,0.05334154888987541,0.057238027453422546,0.06172560155391693,0.06659354269504547,0.0720105692744255,0.07756027579307556,0.08374513685703278,0.08959748595952988
1995,0.000140510659548454,0.0003194472228642553,0.000545061775483191,0.00079396489309147,0.001077825902029872,0.001413725083693862,0.0017526934389024973,0.002128964988514781,0.002515255007892847,0.00291665131226182,0.0033839980605989695,0.0038620270788669586,0.004389983601868153,0.004942025523632765,0.005504259839653969,0.006120010744780302,0.0068392083048820496,0.007574928924441338,0.008354663848876953,0.009204101748764515,0.01015886478126049,0.011133559048175812,0.012225363403558731,0.013433382846415043,0.014770749025046825,0.01624312810599804,0.017922453582286835,0.019737154245376587,0.02187926694750786,0.024070164188742638,0.026698021218180656,0.029644571244716644,0.03290423005819321,0.03639446571469307,0.04043542966246605,0.04474875330924988,0.049410074949264526,0.054380521178245544,0.0596490204334259,0.06511956453323364,0.07053422927856445,0.0753842294216156,0.08094052970409393,0.0870656669139862,0.09327436983585358,0.09937018901109695,0.10663595795631409,0.11444023996591568,0.122752845287323
1996,0.00014864272088743746,0.0003589490079320967,0.000614203920122236,0.0009079069714061916,0.0012663118541240692,0.0016885835211724043,0.002159873954951763,0.0026930314488708973,0.00326958647929132,0.003945646807551384,0.0046730563044548035,0.005569181405007839,0.006534990388900042,0.007600279059261084,0.00872185081243515,0.009874731302261353,0.011166521348059177,0.012537118047475815,0.014096817933022976,0.015786366537213326,0.017690682783722878,0.01993427984416485,0.02230699732899666,0.02486659213900566,0.02772078849375248,0.030915815383195877,0.03473740071058273,0.038870036602020264,0.04355144500732422,0.048752740025520325,0.05462314188480377,0.06162847951054573,0.06919972598552704,0.0773267149925232,0.0861687958240509,0.09534861147403717,0.10527120530605316,0.11539780348539352,0.12644347548484802,0.13731463253498077,0.14762277901172638,0.15723156929016113,0.16705945134162903,0.17712542414665222,0.18694818019866943,0.19689570367336273,0.2089402675628662,0.22212336957454681,0.2343108057975769
1997,0.00013362965546548367,0.00033283259836025536,0.0005845885025337338,0.0008989934576675296,0.001281874137930572,0.001705831615254283,0.002166427206248045,0.002682988764718175,0.0032548774033784866,0.003860064083710313,0.004523986950516701,0.005244764965027571,0.006072766147553921,0.0069742705672979355,0.007959083653986454,0.009029698558151722,0.010376369580626488,0.011697693727910519,0.013262942433357239,0.014927325770258904,0.01666043885052204,0.018664417788386345,0.020862165838479996,0.02313445508480072,0.025718562304973602,0.028581757098436356,0.03172114118933678,0.035115987062454224,0.03860476613044739,0.042421724647283554,0.04620758444070816,0.05014629662036896,0.054070524871349335,0.058196812868118286,0.0625767782330513,0.0669972226023674,0.07205024361610413,0.07747770845890045,0.08323420584201813,0.08945094048976898,0.09652162343263626,0.10456376522779465,0.11268127709627151,0.12123320996761322,0.13031473755836487,0.13823872804641724,0.14536118507385254,0.15038985013961792,0.15805067121982574
1998,0.0001258642878383398,0.00032088495208881795,0.0005787811824120581,0.0009107802761718631,0.0012874094536527991,0.0017360085621476173,0.0022204334381967783,0.0027536386623978615,0.0034018789883702993,0.004100967198610306,0.004885655827820301,0.0058067371137440205,0.006851403042674065,0.008011319674551487,0.00938748475164175,0.010902494192123413,0.012563969008624554,0.014424101449549198,0.016357582062482834,0.018455812707543373,0.020655199885368347,0.022966159507632256,0.02552361786365509,0.028170771896839142,0.031072966754436493,0.03417453542351723,0.03754716366529465,0.04103045538067818,0.045171745121479034,0.049838267266750336,0.05421674996614456,0.05903512239456177,0.06397607922554016,0.0693504735827446,0.07459116727113724,0.07995729893445969,0.08532637357711792,0.09046108275651932,0.0951438918709755,0.09937895089387894,0.1035141795873642,0.10695204138755798,0.10993315279483795,0.11223894357681274,0.11419621109962463,0.11633703857660294,0.11870545148849487,0.12130366265773773,0.12447744607925415
1999,0.0001373265404254198,0.00034424749901518226,0.0006117169978097081,0.0009707857971079648,0.00134783994872123,0.001820797799155116,0.0023213843815028667,0.0029041029047220945,0.003540942445397377,0.004196865018457174,0.004922053776681423,0.005729151889681816,0.006551709026098251,0.007504892535507679,0.008484212681651115,0.009546049870550632,0.01072215847671032,0.012073961086571217,0.01354263722896576,0.015128490515053272,0.016795700415968895,0.018801875412464142,0.02101759798824787,0.023114746436476707,0.02572508715093136,0.028508346527814865,0.031351760029792786,0.03412220999598503,0.0375189408659935,0.04161116108298302,0.046145033091306686,0.050808705389499664,0.05544426292181015,0.06059124320745468,0.06634357571601868,0.07203055918216705,0.0781017392873764,0.08478542417287827,0.09153618663549423,0.09864445775747299,0.10588755458593369,0.1129927933216095,0.11963942646980286,0.1262553334236145,0.13270977139472961,0.13850994408130646,0.1425425261259079,0.146922767162323,0.15375930070877075
2000,0.00015529619122389704,0.0003972866397816688,0.0007424606592394412,0.0012364290887489915,0.0018351457547396421,0.0025865393690764904,0.003441327018663287,0.004514956846833229,0.0058124251663684845,0.007323880679905415,0.008945253677666187,0.010631784796714783,0.012250273488461971,0.01379639282822609,0.015635637566447258,0.017466280609369278,0.01959417387843132,0.0217899177223444,0.024183109402656555,0.026625920087099075,0.02891675755381584,0.03137005493044853,0.03401297330856323,0.0366542674601078,0.03957708179950714,0.04244834929704666,0.045318614691495895,0.048433784395456314,0.05192157253623009,0.05568530410528183,0.05958086624741554,0.06342808157205582,0.06752714514732361,0.07176893204450607,0.07611797004938126,0.08055102080106735,0.0851142629981041,0.08980415761470795,0.0940084308385849,0.09867048263549805,0.10353215783834457,0.10848930478096008,0.11371340602636337,0.11869173496961594,0.12365613132715225,0.127783864736557,0.1329524964094162,0.13794134557247162,0.14436528086662292
2001,0.0001452208962291479,0.0004194465873297304,0.0008443009573966265,0.0014654991682618856,0.002196250017732382,0.003012176603078842,0.003902856493368745,0.004925418179482222,0.0059909336268901825,0.007162333000451326,0.0083889439702034,0.009667262434959412,0.011147812008857727,0.012724866159260273,0.014391469769179821,0.01617499813437462,0.018197525292634964,0.020358139649033546,0.02282021939754486,0.025433650240302086,0.02823784202337265,0.03147883713245392,0.034826360642910004,0.038276150822639465,0.04204508662223816,0.04604622349143028,0.05031328648328781,0.05479525029659271,0.05893125385046005,0.0632823035120964,0.06711055338382721,0.07130134850740433,0.07529997825622559,0.07942619174718857,0.08356880396604538,0.08776633441448212,0.09225175529718399,0.09644947946071625,0.10078880190849304,0.10537055134773254,0.10977611690759659,0.11451452225446701,0.11987920105457306,0.12587575614452362,0.13277366757392883,0.13898369669914246,0.14191894233226776,0.14538833498954773,0.1540675014257431
2002,0.0001944744581123814,0.0005164406029507518,0.0009304280392825603,0.0014319501351565123,0.002021176740527153,0.0026508094742894173,0.003346539568156004,0.004094167146831751,0.004935761913657188,0.005795846227556467,0.006762108765542507,0.007833060808479786,0.009082844480872154,0.01038694754242897,0.011970281600952148,0.013704250566661358,0.01577473245561123,0.017975615337491035,0.020394660532474518,0.022910628467798233,0.02554154023528099,0.02859690599143505,0.031963199377059937,0.03559824824333191,0.03929853066802025,0.04317338019609451,0.0475086085498333,0.05199144408106804,0.05676070600748062,0.06190618872642517,0.06694526970386505,0.0721692144870758,0.07785919308662415,0.08347966521978378,0.08921127021312714,0.09457938373088837,0.10013636201620102,0.10549306124448776,0.11063587665557861,0.11605831980705261,0.12214641273021698,0.12868212163448334,0.1356433629989624,0.14300128817558289,0.1527199149131775,0.16388435661792755,0.17486710846424103,0.1859794557094574,0.1994253396987915
2003,0.00013667845632880926,0.00034945705556310713,0.00062511395663023,0.0009942030301317573,0.0014231090899556875,0.0019193872576579452,0.0025482680648565292,0.0032766752410680056,0.004119543824344873,0.005051194224506617,0.006119931116700172,0.00728942546993494,0.008562055416405201,0.009892230853438377,0.01138855516910553,0.012921186164021492,0.014446467161178589,0.01616755872964859,0.017946839332580566,0.019705798476934433,0.02166382037103176,0.023569168522953987,0.02568965218961239,0.0279413890093565,0.03031950443983078,0.03286709636449814,0.0356859415769577,0.03860343620181084,0.041366033256053925,0.04449838772416115,0.04768811911344528,0.05093692988157272,0.05435827746987343,0.0581623837351799,0.06226278841495514,0.06673051416873932,0.072450190782547,0.0793813019990921,0.08714483678340912,0.094802625477314,0.1033596396446228,0.11207140982151031,0.12016426771879196,0.12889647483825684,0.13692478835582733,0.14430812001228333,0.15135861933231354,0.15863940119743347,0.16476601362228394
2004,0.00012979249004274607,0.0003271571476943791,0.0005915914662182331,0.0009271585149690509,0.0013389202067628503,0.0017879887018352747,0.002291144337505102,0.002838350599631667,0.0034635928459465504,0.004147387575358152,0.004865691065788269,0.005644093733280897,0.006477666087448597,0.007420133799314499,0.00833839550614357,0.009398277848958969,0.010694870725274086,0.01196836307644844,0.013515925966203213,0.015270541422069073,0.01727922260761261,0.019553568214178085,0.02208348922431469,0.02507898025214672,0.028417155146598816,0.03185286000370979,0.03590244799852371,0.03998661786317825,0.04383571073412895,0.048583026975393295,0.0540502667427063,0.059185147285461426,0.06413067877292633,0.06889423727989197,0.07389218360185623,0.07946251332759857,0.08528551459312439,0.09088576585054398,0.09602981060743332,0.10136649012565613,0.10776212066411972,0.11355970799922943,0.1196255013346672,0.12579944729804993,0.13195909559726715,0.1369817852973938,0.14101779460906982,0.14384201169013977,0.1468053162097931
2005,0.0001299645664403215,0.00031992318690754473,0.0005687325028702617,0.0008869222947396338,0.001279119518585503,0.0017560720443725586,0.0022867037914693356,0.0028284178115427494,0.0035423021763563156,0.004289270844310522,0.005069687496870756,0.005882461555302143,0.006819826550781727,0.007798410952091217,0.008836697787046432,0.010007984936237335,0.011249201372265816,0.012548953294754028,0.013966323807835579,0.015598595142364502,0.017343206331133842,0.019208863377571106,0.02126484364271164,0.023422151803970337,0.025806088000535965,0.028429104015231133,0.031086407601833344,0.034043800085783005,0.037327513098716736,0.04083032160997391,0.04448018968105316,0.04819396510720253,0.0522896870970726,0.05632258951663971,0.06061847507953644,0.06548997014760971,0.071088045835495,0.07670888304710388,0.08288373798131943,0.09044656157493591,0.09914010763168335,0.10837602615356445,0.11820295453071594,0.12850430607795715,0.1375684142112732,0.1439918428659439,0.1486814320087433,0.15194357931613922,0.16086098551750183
2006,0.00013943974045105278,0.0003253374597989023,0.000563040201086551,0.000856647384352982,0.0011796214384958148,0.0015719806542620063,0.0020515688229352236,0.002590528689324856,0.0031716430094093084,0.003803274594247341,0.0044966693967580795,0.005286967381834984,0.006220824085175991,0.007372952997684479,0.0085590910166502,0.009965342469513416,0.011441107839345932,0.012892681173980236,0.01446639746427536,0.0162882711738348,0.01835898496210575,0.0207291878759861,0.022983547300100327,0.025578800588846207,0.028320670127868652,0.03141005337238312,0.03464077413082123,0.03797142580151558,0.04176323860883713,0.045788172632455826,0.04999297112226486,0.05457242205739021,0.059498727321624756,0.06450352072715759,0.06973672658205032,0.07553397119045258,0.08215651661157608,0.08899106830358505,0.0959450751543045,0.10339365899562836,0.11040960997343063,0.1172286719083786,0.12336407601833344,0.13016769289970398,0.13706569373607635,0.14281123876571655,0.14761057496070862,0.15197297930717468,0.15996204316616058
2007,0.00011184097093064338,0.00027140730526298285,0.00047011845163069665,0.0007113970932550728,0.0010007712990045547,0.0012971145333722234,0.0016409724485129118,0.001977746607735753,0.002380138263106346,0.0028498442843556404,0.0033626826480031013,0.0038875313475728035,0.004538183566182852,0.005212923511862755,0.005911471322178841,0.006697418633848429,0.0075753796845674515,0.0085038673132658,0.009564296342432499,0.01060716062784195,0.01174873486161232,0.012975610792636871,0.01416018232703209,0.015451990067958832,0.0167107991874218,0.018010860309004784,0.01940290443599224,0.020721476525068283,0.022076331079006195,0.02367187850177288,0.025322476401925087,0.027250876650214195,0.029384851455688477,0.031737521290779114,0.03444022312760353,0.037547022104263306,0.04114166274666786,0.04571077972650528,0.05104883015155792,0.05799967795610428,0.0664093941450119,0.0768292099237442,0.0883764997124672,0.10177511721849442,0.11510993540287018,0.1287420094013214,0.14189715683460236,0.15574447810649872,0.1717553585767746
2008,0.00012042878370266408,0.0003079259768128395,0.00052596878958866,0.0008118851110339165,0.001140313921496272,0.001510827336460352,0.0019218469969928265,0.002338097197934985,0.0028527318499982357,0.0033512283116579056,0.003933715634047985,0.004481964744627476,0.005108185112476349,0.005747810937464237,0.006420837249606848,0.007179620675742626,0.00796978548169136,0.008746602572500706,0.009609228000044823,0.010496094822883606,0.011580164544284344,0.012829943560063839,0.014086805284023285,0.015496715903282166,0.016926605254411697,0.018534861505031586,0.02031758613884449,0.02240223065018654,0.02448153868317604,0.026664873585104942,0.029204005375504494,0.03215275704860687,0.035566091537475586,0.03920814394950867,0.043300896883010864,0.047364287078380585,0.051355991512537,0.05564079433679581,0.06005319207906723,0.06429971009492874,0.06869171559810638,0.0730171948671341,0.07731843739748001,0.0820387750864029,0.08633586764335632,0.09056319296360016,0.09350690245628357,0.09638738632202148,0.09990935027599335
2009,0.00014039901725482196,0.0003414429957047105,0.0006045630434527993,0.0009185021044686437,0.0012980721658095717,0.0017151052597910166,0.0021614308934658766,0.00258612516336143,0.003070069942623377,0.0035646772012114525,0.004146709572523832,0.0047937966883182526,0.005520133767277002,0.0063517047092318535,0.0072656916454434395,0.008292224258184433,0.009560617618262768,0.010964220389723778,0.01276637613773346,0.014874796383082867,0.017222581431269646,0.019914064556360245,0.023013077676296234,0.02639513835310936,0.030351672321558,0.0347246415913105,0.03965935483574867,0.04522986710071564,0.05166683346033096,0.05823195353150368,0.06521052122116089,0.0723351538181305,0.0798916146159172,0.08724847435951233,0.09472869336605072,0.10182027518749237,0.1088879331946373,0.11571309715509415,0.12208890914916992,0.12803763151168823,0.13266757130622864,0.1369868814945221,0.1413642168045044,0.14535245299339294,0.1486094892024994,0.15220801532268524,0.15590471029281616,0.15942735970020294,0.16260041296482086
2010,0.00014496565563604236,0.0003544041537679732,0.000629856251180172,0.0009401681600138545,0.0013310275971889496,0.0017400544602423906,0.0022301620338112116,0.002793513471260667,0.0034325243905186653,0.004148335196077824,0.004929906222969294,0.005838640499860048,0.006943732965737581,0.008113025687634945,0.009421620517969131,0.010935094207525253,0.012538301758468151,0.014342610724270344,0.01641056314110756,0.01858784817159176,0.02103598043322563,0.023714233189821243,0.026586197316646576,0.029545873403549194,0.032673902809619904,0.036089926958084106,0.039584532380104065,0.0432930588722229,0.04720932990312576,0.051379237323999405,0.05576956272125244,0.06054867431521416,0.065731480717659,0.07204456627368927,0.07927437126636505,0.08762652426958084,0.09666897356510162,0.1062081977725029,0.11645372211933136,0.1265770047903061,0.1371425837278366,0.14897066354751587,0.1602369248867035,0.17151398956775665,0.18204371631145477,0.1916954517364502,0.20172066986560822,0.211801216006279,0.22434701025485992
2011,0.00012967773363925517,0.00031853339169174433,0.0005299517652019858,0.0008288028184324503,0.0011559121776372194,0.0015421956777572632,0.001954047940671444,0.0023953979834914207,0.0028409201186150312,0.0033611860126256943,0.0038625397719442844,0.004427806474268436,0.004982346668839455,0.005559944547712803,0.006193432025611401,0.006860516965389252,0.007561185397207737,0.008290424942970276,0.009037971496582031,0.009790840558707714,0.010651936754584312,0.011538056656718254,0.01242230087518692,0.01326860673725605,0.01420053280889988,0.015182051807641983,0.016206515952944756,0.017210504040122032,0.018358975648880005,0.019541822373867035,0.020764201879501343,0.021988630294799805,0.023214569315314293,0.02453051134943962,0.025861501693725586,0.02737940475344658,0.02884051576256752,0.030407067388296127,0.03203051537275314,0.03395804390311241,0.03599792718887329,0.0381670780479908,0.0407380573451519,0.04329686611890793,0.046589527279138565,0.050556279718875885,0.054985951632261276,0.05989350378513336,0.06562624871730804
2012,0.0001332774991169572,0.0003379581030458212,0.0005805772379972041,0.000912935589440167,0.001265185885131359,0.0016570499865338206,0.002128934720531106,0.0026200981810688972,0.003172375727444887,0.0037280721589922905,0.004350700415670872,0.004993698094040155,0.005687877535820007,0.006355099380016327,0.007074276451021433,0.007853086106479168,0.008709833025932312,0.00968273263424635,0.010672546923160553,0.01175051648169756,0.012896528467535973,0.014197144657373428,0.015521684661507607,0.01705893874168396,0.01877724379301071,0.020558863878250122,0.02245134301483631,0.024416636675596237,0.026453429833054543,0.02847803570330143,0.030805010348558426,0.03321642428636551,0.03592395782470703,0.03885483369231224,0.04228661209344864,0.04592736065387726,0.04991251230239868,0.05404210090637207,0.058394987136125565,0.06297317892313004,0.06754700094461441,0.0720808207988739,0.07721544057130814,0.08331196010112762,0.08945460617542267,0.09566851705312729,0.10320617258548737,0.11240989714860916,0.12387779355049133
2013,0.00011311903654132038,0.000274809543043375,0.00048034597421064973,0.0007488000555895269,0.0010433788411319256,0.0013732144143432379,0.0017412027809768915,0.0021140321623533964,0.0025470396503806114,0.002999250777065754,0.0034795193932950497,0.004029951058328152,0.004558337852358818,0.005087971221655607,0.005652501713484526,0.0062352134846150875,0.006869857665151358,0.007560512982308865,0.008336780592799187,0.009190775454044342,0.01013815589249134,0.011082609184086323,0.01225874200463295,0.013572166673839092,0.01498104352504015,0.016745679080486298,0.018630139529705048,0.020640498027205467,0.022841423749923706,0.025214839726686478,0.02782643586397171,0.03056715428829193,0.03359850123524666,0.036482665687799454,0.039688754826784134,0.04313140735030174,0.047003768384456635,0.05086030438542366,0.05492071062326431,0.05913306027650833,0.06365054100751877,0.06793099641799927,0.07224242389202118,0.07653311640024185,0.08209545910358429,0.08685138076543808,0.09205055236816406,0.09542291611433029,0.09869218617677689
2014,0.00013905222294852138,0.00035682847374118865,0.0006101796170696616,0.0009307690197601914,0.0012876047985628247,0.001674312399700284,0.002093154238536954,0.002546816598623991,0.0029900195077061653,0.0035353321582078934,0.004110044799745083,0.0047469609417021275,0.005382030736654997,0.006098458543419838,0.006855578161776066,0.007699629291892052,0.008641517721116543,0.009617989882826805,0.01068506296724081,0.011760232970118523,0.012971252202987671,0.014356706291437149,0.01581018604338169,0.017484819516539574,0.01929061859846115,0.021278981119394302,0.023442506790161133,0.025773998349905014,0.02841544896364212,0.03146255761384964,0.035007111728191376,0.0392560213804245,0.04450094699859619,0.0509183332324028,0.05799073725938797,0.06599865108728409,0.07443690299987793,0.08344177901744843,0.09268654882907867,0.10077767819166183,0.1090376079082489,0.11721046268939972,0.1253155767917633,0.13330571353435516,0.14231008291244507,0.1519138514995575,0.16106951236724854,0.16985294222831726,0.18247392773628235
2015,0.00010712060611695051,0.00029744452331215143,0.0005707708187401295,0.000920749269425869,0.0013733507366850972,0.0019152869936078787,0.0025483062490820885,0.0032324548810720444,0.00399267440661788,0.0048248786479234695,0.005766145884990692,0.006797146983444691,0.007936222478747368,0.009215925820171833,0.010647134855389595,0.012244354002177715,0.014056488871574402,0.01608702540397644,0.018328720703721046,0.02083885483443737,0.023570552468299866,0.026461893692612648,0.029686348512768745,0.03331776708364487,0.03758764639496803,0.0425395742058754,0.04791344329714775,0.0540415421128273,0.06073685735464096,0.06806086003780365,0.07574440538883209,0.08423979580402374,0.09345826506614685,0.10358583927154541,0.11456523835659027,0.12698405981063843,0.1405920684337616,0.15481722354888916,0.16903486847877502,0.1845778226852417,0.20109662413597107,0.22027449309825897,0.24073733389377594,0.26468926668167114,0.29079848527908325,0.3187091052532196,0.3498910069465637,0.38551273941993713,0.4219639003276825
2016,0.00013894289440941066,0.00035587380989454687,0.0006577065796591341,0.0010599612724035978,0.001522456994280219,0.002062333980575204,0.0026705926284193993,0.00336482678540051,0.004148169886320829,0.005012710578739643,0.005964442156255245,0.00701703317463398,0.008139646612107754,0.009297897107899189,0.010583627037703991,0.01190393976867199,0.01332071516662836,0.014801873825490475,0.01639588363468647,0.018028754740953445,0.01966201700270176,0.021466493606567383,0.023261435329914093,0.024966435506939888,0.026844019070267677,0.029063187539577484,0.031569767743349075,0.03448716178536415,0.03746119514107704,0.04041039198637009,0.04351712763309479,0.04660864174365997,0.04977739602327347,0.052625253796577454,0.05540672689676285,0.058277666568756104,0.061015836894512177,0.06404192000627518,0.06698903441429138,0.06987211108207703,0.07308433204889297,0.0768575444817543,0.08063685894012451,0.08514267951250076,0.09015271067619324,0.09529823064804077,0.10048425197601318,0.10575087368488312,0.10996820777654648
2017,0.0001306419144384563,0.00034914890420623124,0.0006139485631138086,0.0009543114574626088,0.001346831675618887,0.0017698940355330706,0.0022375378757715225,0.0027469827327877283,0.0033047106117010117,0.003888315986841917,0.0045309728011488914,0.005199444480240345,0.0059746974147856236,0.006796465255320072,0.007766188122332096,0.008804986253380775,0.010056591592729092,0.011498434469103813,0.013100341893732548,0.01496521383523941,0.017004048451781273,0.019204339012503624,0.02160687744617462,0.0242046769708395,0.027180276811122894,0.030617844313383102,0.034381721168756485,0.03887861594557762,0.04385625943541527,0.049101490527391434,0.054316841065883636,0.05971860513091087,0.06524120271205902,0.07073553651571274,0.07661242038011551,0.08249057084321976,0.0883205458521843,0.0940982922911644,0.10025501996278763,0.10705935209989548,0.11412906646728516,0.12243694067001343,0.13146966695785522,0.14089718461036682,0.15196478366851807,0.16224607825279236,0.17343971133232117,0.18639077246189117,0.202290341258049
2018,0.00012034142855554819,0.0002938590187113732,0.0005122008733451366,0.0007820038590580225,0.001116658211685717,0.0015043671010062099,0.001901843585073948,0.0023368853144347668,0.00283088069409132,0.003411401528865099,0.003939423244446516,0.004589863121509552,0.0052469708025455475,0.005947350058704615,0.006646672263741493,0.00740914698690176,0.008287101052701473,0.009127290919423103,0.010090495459735394,0.011140630580484867,0.012305278331041336,0.013472229242324829,0.01482408121228218,0.016333594918251038,0.018004845827817917,0.019865762442350388,0.021944506093859673,0.024325041100382805,0.02700415998697281,0.03007351979613304,0.03337184712290764,0.036845751106739044,0.04065409675240517,0.044865209609270096,0.04948792606592178,0.054085783660411835,0.05873720347881317,0.06381608545780182,0.06888321042060852,0.0737985223531723,0.07838651537895203,0.08329962939023972,0.08761199563741684,0.09172390401363373,0.0959445983171463,0.09962236136198044,0.10296431183815002,0.1064128428697586,0.11159709841012955
2019,0.000160871961270459,0.0003600679337978363,0.0005954515072517097,0.0008983726147562265,0.0012400654377415776,0.0016517769545316696,0.002145517850294709,0.0026248188223689795,0.003193425480276346,0.0038586785085499287,0.0045519741252064705,0.0053109219297766685,0.0061577968299388885,0.007081388495862484,0.008089367300271988,0.009188655763864517,0.010374318808317184,0.011755838990211487,0.013186649419367313,0.014756602235138416,0.016567666083574295,0.01868877001106739,0.020870894193649292,0.023081352934241295,0.025622209534049034,0.02830083668231964,0.03111809305846691,0.033890027552843094,0.037100307643413544,0.04065443575382233,0.044301629066467285,0.048285339027643204,0.05266929790377617,0.05702628567814827,0.06177111715078354,0.0670454353094101,0.07276156544685364,0.07892030477523804,0.08535873144865036,0.09155668318271637,0.09816738963127136,0.10519000142812729,0.11248021572828293,0.12060972303152084,0.1287437081336975,0.1361464262008667,0.14268088340759277,0.1498798131942749,0.15997442603111267
2020,0.0001526463747723028,0.00041062087984755635,0.0007267036125995219,0.0011188904754817486,0.0015470079379156232,0.0020328888203948736,0.002531556412577629,0.003093965817242861,0.0037038365844637156,0.004337742924690247,0.004996325820684433,0.005703226663172245,0.006458356976509094,0.007290470413863659,0.008205975405871868,0.009256106801331043,0.01040076743811369,0.011662691831588745,0.013142386451363564,0.014768135733902454,0.01637393608689308,0.018221430480480194,0.020131727680563927,0.022167153656482697,0.024501997977495193,0.026738187298178673,0.029106635600328445,0.03145319223403931,0.03408428281545639,0.03663454204797745,0.03938041627407074,0.042277753353118896,0.04530787467956543,0.04845964163541794,0.051457591354846954,0.05442880094051361,0.05783350020647049,0.06113193556666374,0.06462593376636505,0.06830080598592758,0.07210064679384232,0.07571164518594742,0.079202800989151,0.08266600221395493,0.08630700409412384,0.08978953212499619,0.09325519949197769,0.09730777889490128,0.1018650233745575
2021,0.00013668742030858994,0.0003402484580874443,0.0006103951018303633,0.0009818151593208313,0.0014445977285504341,0.002031724201515317,0.002670552581548691,0.0034184749238193035,0.004237300716340542,0.00516801280900836,0.006058431230485439,0.007088743150234222,0.008200602605938911,0.009283188730478287,0.010463244281709194,0.011811942793428898,0.013299260288476944,0.014757148921489716,0.016312923282384872,0.017971903085708618,0.019612908363342285,0.02146809548139572,0.023241018876433372,0.025123750790953636,0.026899008080363274,0.02895088493824005,0.030926909297704697,0.03286905586719513,0.03504751995205879,0.037311192601919174,0.039808645844459534,0.04240066558122635,0.045244015753269196,0.04836520925164223,0.05161192640662193,0.05511235445737839,0.058358028531074524,0.062007006257772446,0.06575693935155869,0.06959986686706543,0.07344342768192291,0.07760845869779587,0.08182942867279053,0.0869193971157074,0.09288152307271957,0.09938432276248932,0.1056666150689125,0.11214156448841095,0.11960722506046295
2022,0.0001475135504733771,0.00033449826878495514,0.0005645029596053064,0.000859192106872797,0.001214722404256463,0.001595782581716776,0.0020502028055489063,0.0025192478206008673,0.003040837589651346,0.0036907880567014217,0.004322680179029703,0.005080282222479582,0.005901368334889412,0.0068481238558888435,0.00785206537693739,0.009058189578354359,0.010349201038479805,0.011776203289628029,0.01332269236445427,0.01500869169831276,0.016948247328400612,0.018931765109300613,0.021220803260803223,0.023675765842199326,0.02626429870724678,0.029109761118888855,0.032246969640254974,0.03562300279736519,0.039311181753873825,0.04349570721387863,0.048016030341386795,0.052593886852264404,0.05738721787929535,0.06209254637360573,0.06687001883983612,0.07199807465076447,0.0769897922873497,0.0814424455165863,0.08578526228666306,0.09060299396514893,0.09563801437616348,0.1007525697350502,0.10554862022399902,0.11077702790498734,0.11601206660270691,0.12056208401918411,0.12472818046808243,0.1299094557762146,0.13698773086071014
2023,0.0001262523583136499,0.0003193251322954893,0.0005718533648177981,0.0009022386511787772,0.0012954818084836006,0.0017463103868067265,0.00226311176083982,0.0028047063387930393,0.0034199650399386883,0.004175436682999134,0.0049513159319758415,0.005752307362854481,0.006612748838961124,0.007497819140553474,0.008403902873396873,0.009349161759018898,0.010395148769021034,0.011505622416734695,0.012655362486839294,0.01385208498686552,0.01519191823899746,0.01676931418478489,0.018432091921567917,0.020303508266806602,0.022489134222269058,0.025013744831085205,0.02795141004025936,0.03130613639950752,0.035208579152822495,0.03977375850081444,0.045256149023771286,0.051391053944826126,0.05840808153152466,0.06616426259279251,0.07455680519342422,0.08333953469991684,0.09271425753831863,0.10246846824884415,0.11323307454586029,0.12462283670902252,0.13585563004016876,0.14711326360702515,0.15828952193260193,0.1698417067527771,0.18121881783008575,0.1925421506166458,0.20340335369110107,0.21393567323684692,0.22627544403076172
2024,0.00013022206258028746,0.00032754254061728716,0.0005564875900745392,0.0008492929628118873,0.0011788386618718505,0.0015422998694702983,0.001963041489943862,0.002428523963317275,0.0029662339948117733,0.0035438239574432373,0.0041669197380542755,0.004892199765890837,0.005679587833583355,0.0065366229973733425,0.007462124805897474,0.00847642496228218,0.009538622573018074,0.010716214776039124,0.012002833187580109,0.013424963690340519,0.014959121122956276,0.016721177846193314,0.018546035513281822,0.020540613681077957,0.022794291377067566,0.025121357291936874,0.027568992227315903,0.030244093388319016,0.033248234540224075,0.03652816265821457,0.04007837176322937,0.043619751930236816,0.047191135585308075,0.05091769993305206,0.055080972611904144,0.05924973636865616,0.0637359693646431,0.06847076117992401,0.07337967306375504,0.07890935242176056,0.08485078811645508,0.09177472442388535,0.09996846318244934,0.109669528901577,0.12103904783725739,0.13395269215106964,0.14887847006320953,0.16390180587768555,0.18009887635707855
2025,0.00014211080269888043,0.00031515731825493276,0.0005036072107031941,0.0007365257479250431,0.0010084292152896523,0.0013272174401208758,0.0016953039448708296,0.002061272505670786,0.0024715971667319536,0.0029008323326706886,0.003371789585798979,0.003915701061487198,0.004508471582084894,0.005115457810461521,0.005795782431960106,0.006507863290607929,0.007303312420845032,0.00811766367405653,0.009109594859182835,0.010076694190502167,0.011315470561385155,0.012717010453343391,0.014069080352783203,0.015634702518582344,0.01740649715065956,0.019244084134697914,0.021202897652983665,0.023237183690071106,0.02535824291408062,0.027521122246980667,0.029922204092144966,0.03211724013090134,0.03455035388469696,0.03727622702717781,0.039950013160705566,0.042679037898778915,0.04562005028128624,0.048653386533260345,0.051900457590818405,0.05529537796974182,0.05902254581451416,0.0629766583442688,0.06665050238370895,0.07066847383975983,0.074598029255867,0.07860492169857025,0.08261564373970032,0.08671670407056808,0.09101840853691101
2026,0.00013191378093324602,0.0003374310035724193,0.000610000395681709,0.0009724857518449426,0.0014047065051272511,0.001925319666042924,0.002454873640090227,0.0030630698893219233,0.0036944434978067875,0.004345150198787451,0.0049853636883199215,0.005703822243958712,0.006447351071983576,0.007220582105219364,0.008034482598304749,0.008948078379034996,0.009920693933963776,0.010962736792862415,0.012079956941306591,0.013253085315227509,0.014492006041109562,0.015770673751831055,0.01714397594332695,0.018508601933717728,0.02000255696475506,0.021546561270952225,0.023376010358333588,0.025109604001045227,0.026912957429885864,0.028845064342021942,0.030823469161987305,0.033272963017225266,0.0360695980489254,0.039328206330537796,0.0432470440864563,0.04748636856675148,0.052201803773641586,0.0575711727142334,0.06266850233078003,0.06742920726537704,0.0722488984465599,0.07625944912433624,0.08014188706874847,0.08413545787334442,0.08875001966953278,0.09393864870071411,0.10027007013559341,0.10602560639381409,0.11182224005460739
2027,0.0001259324635611847,0.0003127256641164422,0.0005793396849185228,0.0009285573032684624,0.0013291342183947563,0.0018006847240030766,0.002322015119716525,0.0029632998630404472,0.0036825458519160748,0.004516121000051498,0.005430784076452255,0.006423665676265955,0.007575107738375664,0.00886972714215517,0.010294490493834019,0.01183908712118864,0.013528577983379364,0.015190684236586094,0.01725945621728897,0.01937115378677845,0.021352417767047882,0.023401880636811256,0.025844188407063484,0.028461534529924393,0.03105057030916214,0.033820245414972305,0.03679383546113968,0.0397837869822979,0.04310055077075958,0.04708915576338768,0.05121401697397232,0.05573640018701553,0.061029091477394104,0.06690181791782379,0.0731315016746521,0.07984939962625504,0.08696992695331573,0.0945882573723793,0.10277917981147766,0.11156363040208817,0.12202475219964981,0.1326320469379425,0.1443990170955658,0.1575954258441925,0.17161886394023895,0.18490289151668549,0.19455675780773163,0.20635826885700226,0.2198181450366974
2028,0.00012570738908834755,0.00031921215122565627,0.0005415277555584908,0.0008508898317813873,0.001191464252769947,0.0015716069610789418,0.002000274136662483,0.0025063855573534966,0.003050463739782572,0.0036422181874513626,0.004293933045119047,0.005027112551033497,0.005771728232502937,0.006558405235409737,0.007387573830783367,0.00821174681186676,0.009197053499519825,0.010095737874507904,0.011102352291345596,0.012092256918549538,0.013173889368772507,0.014497829601168633,0.015759078785777092,0.017084814608097076,0.018747933208942413,0.020290933549404144,0.022103890776634216,0.024055030196905136,0.02613598108291626,0.02858743444085121,0.031247667968273163,0.03423795849084854,0.03747928887605667,0.040870826691389084,0.04512921720743179,0.0497085303068161,0.05556163936853409,0.06222284212708473,0.06916379928588867,0.07524248957633972,0.08038391917943954,0.08515321463346481,0.090436190366745,0.09603424370288849,0.10186071693897247,0.10842632502317429,0.1156902015209198,0.12442760169506073,0.13332310318946838
2029,0.00017028916045092046,0.00038284723996184766,0.0006441130535677075,0.0009517739526927471,0.0013542890083044767,0.0018376277294009924,0.002369265304878354,0.003060972783714533,0.0036917636170983315,0.004442452918738127,0.0052402568981051445,0.0061395177617669106,0.007158682681620121,0.008360521867871284,0.009660082869231701,0.011010761372745037,0.012342148460447788,0.013787446543574333,0.01522773690521717,0.016718612983822823,0.018260208889842033,0.019871722906827927,0.021689366549253464,0.023377280682325363,0.025248944759368896,0.027316832914948463,0.029713544994592667,0.03205716982483864,0.034667178988456726,0.03719937428832054,0.040391936898231506,0.04393121227622032,0.04774101823568344,0.05180255323648453,0.05569847673177719,0.06007697060704231,0.06444307416677475,0.06909181922674179,0.07382777333259583,0.07844337821006775,0.08397878706455231,0.08972645550966263,0.09609158337116241,0.10302473604679108,0.11032424867153168,0.11690320074558258,0.1246815025806427,0.13247407972812653,0.14199933409690857
2030,0.0001280841534025967,0.0003624224045779556,0.0007428380777128041,0.0012910919031128287,0.0018861230928450823,0.002672932343557477,0.0036873023491352797,0.0048749144189059734,0.006118106655776501,0.0074125672690570354,0.00889267772436142,0.010544971562922001,0.012133659794926643,0.01371794007718563,0.015246151946485043,0.016882840543985367,0.018567997962236404,0.020342577248811722,0.022245442494750023,0.024220723658800125,0.026343291625380516,0.028534376993775368,0.031081147491931915,0.03418026119470596,0.03750293701887131,0.04080328345298767,0.04420768469572067,0.04793549329042435,0.0521823987364769,0.057081446051597595,0.06258638203144073,0.06814038753509521,0.07418781518936157,0.08046980202198029,0.08714757114648819,0.09429802000522614,0.10190008580684662,0.10976128280162811,0.11821425706148148,0.12637223303318024,0.13498792052268982,0.14345648884773254,0.1527719795703888,0.16201362013816833,0.17175808548927307,0.18144378066062927,0.19124965369701385,0.20121729373931885,0.21181374788284302
2031,0.00012911210069432855,0.0003089286619797349,0.0005234311684034765,0.0007976928609423339,0.00109490763861686,0.0014344902010634542,0.0017913675401359797,0.002185627119615674,0.0025975266471505165,0.0030232712160795927,0.003427698276937008,0.003925464581698179,0.004445373546332121,0.00496949115768075,0.005511892028152943,0.006184444762766361,0.006848679389804602,0.007636390160769224,0.008447131142020226,0.009364807978272438,0.010423067025840282,0.011619174852967262,0.012886554934084415,0.014108097180724144,0.0154637536033988,0.017002521082758904,0.018632754683494568,0.020356301218271255,0.02205054834485054,0.024085426703095436,0.026268599554896355,0.028869979083538055,0.03135935217142105,0.03419038653373718,0.037307024002075195,0.040689535439014435,0.04438776895403862,0.04841490834951401,0.053119074553251266,0.05821702629327774,0.06321897357702255,0.06820755451917648,0.07372298836708069,0.08010417222976685,0.08798109740018845,0.09566013514995575,0.10456277430057526,0.11417839676141739,0.1257386952638626
2032,0.00012182280624983832,0.00029467116110026836,0.0005167880444787443,0.0007928190170787275,0.0011108722537755966,0.0014700466999784112,0.0018392710480839014,0.0022478969767689705,0.002692154375836253,0.0031983249355107546,0.003721601329743862,0.0042595937848091125,0.004836824722588062,0.005444746930152178,0.006083337590098381,0.0066713253036141396,0.007364699617028236,0.00801268219947815,0.008789359591901302,0.009573850780725479,0.010308783501386642,0.0112069733440876,0.012006325647234917,0.012957491911947727,0.013931764289736748,0.014889305457472801,0.015938200056552887,0.017048750072717667,0.018258485943078995,0.019532814621925354,0.020870188251137733,0.022074393928050995,0.023506710305809975,0.025053028017282486,0.026662541553378105,0.028559839352965355,0.030510257929563522,0.03295278549194336,0.03593146428465843,0.03947744518518448,0.04387335479259491,0.04944406449794769,0.056439440697431564,0.06428356468677521,0.07255306094884872,0.08211538195610046,0.09277027100324631,0.10176922380924225,0.11362293362617493
2033,0.0001402572524966672,0.0003464359324425459,0.0006103473715484142,0.0009550293325446546,0.0013465445954352617,0.0018369711469858885,0.0024062059819698334,0.0031116718892008066,0.003935460466891527,0.004904130939394236,0.006045552436262369,0.007329917512834072,0.008696576580405235,0.010114284232258797,0.011387738399207592,0.013159830123186111,0.015110400505363941,0.01737382635474205,0.01994936913251877,0.022735921666026115,0.02567407488822937,0.028590958565473557,0.03139258176088333,0.0343085415661335,0.03712525591254234,0.04018529877066612,0.043450839817523956,0.04673875868320465,0.05022360384464264,0.05380946770310402,0.05753168836236,0.0612192377448082,0.06492629647254944,0.06908310949802399,0.07346279919147491,0.0782274529337883,0.0836390033364296,0.08982277661561966,0.09623865783214569,0.10277143120765686,0.1095920205116272,0.117206871509552,0.12530533969402313,0.1342027485370636,0.14427073299884796,0.15435820817947388,0.16492876410484314,0.17584604024887085,0.190431147813797
2034,0.00013500548084266484,0.0003451297525316477,0.0006165327504277229,0.0009398378897458315,0.0013265288434922695,0.0017971761990338564,0.002288879593834281,0.002808504505082965,0.0033741046208888292,0.003996703773736954,0.004707659129053354,0.005435022991150618,0.00628213444724679,0.007154133636504412,0.008077865466475487,0.00910534430295229,0.010165677405893803,0.011247500777244568,0.012529637664556503,0.01394234225153923,0.015375597402453423,0.017042111605405807,0.01865910179913044,0.020532986149191856,0.022474125027656555,0.024769604206085205,0.027136988937854767,0.029500335454940796,0.03190842270851135,0.034487850964069366,0.03749186545610428,0.0408715195953846,0.04431856423616409,0.048092588782310486,0.052302904427051544,0.0568910650908947,0.0618370845913887,0.06677214801311493,0.07149723172187805,0.07621599733829498,0.08038201928138733,0.08391334116458893,0.08711989969015121,0.0902719795703888,0.09346683323383331,0.09685671329498291,0.10095459222793579,0.10522390902042389,0.11024796217679977
2035,0.00011597065895330161,0.00027898827102035284,0.0004759524017572403,0.0007230619085021317,0.0009952946566045284,0.0013133701868355274,0.0016564626712352037,0.0020521862898021936,0.002457262948155403,0.0028883968479931355,0.0033872611820697784,0.003929107449948788,0.004533485509455204,0.005226751323789358,0.005927070043981075,0.0067115845158696175,0.007625297177582979,0.008658027276396751,0.00981193594634533,0.010992194525897503,0.012338666245341301,0.013908176682889462,0.015579595230519772,0.017471857368946075,0.019409378990530968,0.02163011208176613,0.02389022335410118,0.026380442082881927,0.029009997844696045,0.03192903473973274,0.03516877442598343,0.03862210363149643,0.042411163449287415,0.04631144180893898,0.050283316522836685,0.05470340698957443,0.05941266566514969,0.0644489973783493,0.06944655627012253,0.07477143406867981,0.08029582351446152,0.0859094187617302,0.09168960899114609,0.09828481078147888,0.10457485914230347,0.11116474866867065,0.11838535219430923,0.12423337250947952,0.12960509955883026
2036,0.00012646216782741249,0.0003393771476112306,0.0006003091111779213,0.000945498701184988,0.0013357747811824083,0.0018255675677210093,0.0023953900672495365,0.0030264928936958313,0.003691022749990225,0.004485758952796459,0.005307220853865147,0.006201051641255617,0.007215036079287529,0.008254244923591614,0.009426631033420563,0.010781759396195412,0.012543865479528904,0.014614774845540524,0.016813363879919052,0.018935320898890495,0.021383531391620636,0.023794561624526978,0.02669747918844223,0.0297679603099823,0.03300965577363968,0.03589239716529846,0.039000004529953,0.042371418327093124,0.04605897516012192,0.04945043474435806,0.05281049385666847,0.05592884123325348,0.058974578976631165,0.06245166063308716,0.0656575933098793,0.06863538920879364,0.07232703268527985,0.07610946893692017,0.08037842810153961,0.08506635576486588,0.09088800102472305,0.09827470779418945,0.10804228484630585,0.11896524578332901,0.13112938404083252,0.14375731348991394,0.15448500216007233,0.16586032509803772,0.18135416507720947
2037,0.00013866511289961636,0.0003547279047779739,0.0006278821383602917,0.0009848095942288637,0.0014119690749794245,0.0019102833466604352,0.0024340678937733173,0.0030143028125166893,0.0037180259823799133,0.004415903240442276,0.005271881353110075,0.00621277280151844,0.007315441034734249,0.008473195135593414,0.0097424928098917,0.011078029870986938,0.012646726332604885,0.014350315555930138,0.016176125034689903,0.01818135380744934,0.020274769514799118,0.022597378119826317,0.02506311796605587,0.027602266520261765,0.030175240710377693,0.032562509179115295,0.03508332371711731,0.03756588697433472,0.04023076221346855,0.04287932813167572,0.04564790800213814,0.048203244805336,0.05097825080156326,0.05370434373617172,0.05655074864625931,0.05950748920440674,0.06268350034952164,0.06605575978755951,0.06962181627750397,0.07387267053127289,0.07845300436019897,0.08344702422618866,0.08880147337913513,0.09462469816207886,0.10219677537679672,0.110035240650177,0.11660313606262207,0.12345387041568756,0.13130220770835876
2038,0.0001253811497008428,0.0003059790178667754,0.000544610433280468,0.0008609954966232181,0.0012273687170818448,0.0016568691935390234,0.0021688847336918116,0.0026688033249229193,0.0032232010271400213,0.0038056473713368177,0.004442335106432438,0.005131327547132969,0.005956826265901327,0.006753735244274139,0.007645501755177975,0.008543869480490685,0.009637255221605301,0.010806644335389137,0.0120663708075881,0.013511879369616508,0.01500857062637806,0.01665940135717392,0.018550746142864227,0.02065391093492508,0.023007411509752274,0.025722768157720566,0.028639398515224457,0.03178185224533081,0.03496519476175308,0.038499943912029266,0.04208480566740036,0.0454200804233551,0.04882824420928955,0.05203648656606674,0.055214773863554,0.058263149112463,0.06148894503712654,0.06477463990449905,0.06797230243682861,0.07121696323156357,0.07476207613945007,0.07903821766376495,0.08386684209108353,0.08893482387065887,0.09450872987508774,0.09969940036535263,0.10474754869937897,0.11019841581583023,0.11599227041006088
2039,0.00014044021372683346,0.0003500994644127786,0.0006347054149955511,0.0009750634199008346,0.001383648719638586,0.0018110364908352494,0.0022977893240749836,0.00284109590575099,0.0034478988964110613,0.0040612975135445595,0.00468240212649107,0.00542033277451992,0.006175167392939329,0.007036883849650621,0.007898843847215176,0.008916083723306656,0.010012917220592499,0.011178605258464813,0.012478229589760303,0.013839059509336948,0.015379752963781357,0.01707322522997856,0.019053874537348747,0.021402278915047646,0.02411690354347229,0.026901712641119957,0.029945364221930504,0.03331102430820465,0.036712534725666046,0.040511880069971085,0.04430289939045906,0.048327166587114334,0.052795782685279846,0.057482801377773285,0.06261686235666275,0.06780533492565155,0.07324566692113876,0.07890661805868149,0.08493617177009583,0.09169697016477585,0.09899593889713287,0.10677014291286469,0.11435732245445251,0.12169404327869415,0.12967552244663239,0.1386631578207016,0.14868208765983582,0.1620667725801468,0.1802268773317337
2040,0.00010720212594605982,0.0002747909165918827,0.00047069473657757044,0.0007118454668670893,0.0009967173682525754,0.0013334027025848627,0.0016822151374071836,0.0020569912157952785,0.002445985795930028,0.0028533379081636667,0.0033195866271853447,0.0037858006544411182,0.004285943694412708,0.0048115975223481655,0.005395352840423584,0.0060043022967875,0.006670878268778324,0.007330775260925293,0.008083783090114594,0.008951167576014996,0.00989079661667347,0.010970458388328552,0.012245828285813332,0.01360651571303606,0.015046320855617523,0.016574326902627945,0.01820344105362892,0.01988070458173752,0.021669084206223488,0.023576155304908752,0.02554558776319027,0.027704913169145584,0.03016510233283043,0.03264220058917999,0.03500307723879814,0.03747927397489548,0.040099725127220154,0.04296151176095009,0.045918092131614685,0.0492745116353035,0.05306188389658928,0.05745791643857956,0.06187083199620247,0.06684297323226929,0.07172306627035141,0.07552175968885422,0.07967209070920944,0.08425909280776978,0.08978413045406342
2041,0.00014384876703843474,0.0003787853638641536,0.0006919688894413412,0.0010749746579676867,0.0015419500414282084,0.0020954643841832876,0.0027028394397348166,0.003433709964156151,0.004166730213910341,0.005058296024799347,0.0060303593054413795,0.0071770912036299706,0.008464199490845203,0.009850405156612396,0.011379777453839779,0.013251891359686852,0.015193705447018147,0.017429068684577942,0.019827619194984436,0.02245604619383812,0.025400105863809586,0.02829701080918312,0.03127777948975563,0.034264467656612396,0.037226997315883636,0.04072805121541023,0.0441509410738945,0.047769319266080856,0.05154412239789963,0.05542055889964104,0.059116244316101074,0.06285595893859863,0.06688235700130463,0.07143773138523102,0.07597574591636658,0.08049849420785904,0.08555294573307037,0.09127406775951385,0.09755709022283554,0.10374283045530319,0.10994375497102737,0.11606144905090332,0.1213739812374115,0.12749513983726501,0.1338094174861908,0.14010314643383026,0.14594708383083344,0.15170083940029144,0.15775686502456665
2042,0.00012404010340105742,0.0002995707036461681,0.0005108037730678916,0.000760825234465301,0.0010517691262066364,0.0013751296792179346,0.0017490896862000227,0.0021591437980532646,0.0025612441822886467,0.0030170378740876913,0.0035290862433612347,0.004138636868447065,0.004752347711473703,0.005472250748425722,0.0062483749352395535,0.007062237709760666,0.007932104170322418,0.008935707621276379,0.010083021596074104,0.011197012849152088,0.012532569468021393,0.014073064550757408,0.015622577629983425,0.01723126694560051,0.01901370659470558,0.020899944007396698,0.022932199761271477,0.02517322264611721,0.02751878835260868,0.030228326097130775,0.033253442496061325,0.03663385659456253,0.04017806798219681,0.044362686574459076,0.048933856189250946,0.05422817915678024,0.059844426810741425,0.06569010764360428,0.07143960893154144,0.07653440535068512,0.08186586946249008,0.08709031343460083,0.09126666188240051,0.09516344964504242,0.09937550127506256,0.10391689836978912,0.1081128939986229,0.11306284368038177,0.12137133628129959
2043,0.00013261701678857207,0.0003452560631558299,0.0006034319521859288,0.0009357141680084169,0.001279862830415368,0.0016670806799083948,0.0021113718394190073,0.0025800394359976053,0.003137424821034074,0.003685773815959692,0.004325259476900101,0.005026713013648987,0.005800400394946337,0.00663805054500699,0.007611407898366451,0.008630042895674706,0.009836424142122269,0.011084215715527534,0.01235511340200901,0.013751792721450329,0.015283440239727497,0.016724640503525734,0.018367748707532883,0.01997874118387699,0.021748073399066925,0.02374546229839325,0.02605576254427433,0.02846023440361023,0.031055834144353867,0.03385824337601662,0.037016287446022034,0.04084160923957825,0.04506653547286987,0.049898672848939896,0.05543767660856247,0.061838068068027496,0.06888803094625473,0.07639704644680023,0.08409689366817474,0.09231124818325043,0.10087085515260696,0.11008185893297195,0.11931990832090378,0.12859958410263062,0.13677717745304108,0.14418324828147888,0.15045753121376038,0.15595099329948425,0.16475456953048706
2044,0.00011940895637962967,0.0003086593933403492,0.0005489584291353822,0.0008493558852933347,0.0011836274061352015,0.0015710291918367147,0.0019842886831611395,0.0024114518892019987,0.002887385431677103,0.0034045642241835594,0.003924593795090914,0.004496383480727673,0.005135214887559414,0.0057699354365468025,0.006449511274695396,0.007199922576546669,0.007958670146763325,0.008931733667850494,0.00993213802576065,0.011017478071153164,0.012354407459497452,0.013712077401578426,0.015272865071892738,0.017118429765105247,0.019188228994607925,0.02160928025841713,0.024390149861574173,0.027383431792259216,0.030755070969462395,0.03451866656541824,0.038854703307151794,0.04329780489206314,0.047891635447740555,0.0523267462849617,0.057585209608078,0.06288488209247589,0.06808695197105408,0.07386064529418945,0.0797448381781578,0.08526577055454254,0.09033618867397308,0.09515071660280228,0.10015153884887695,0.10511989146471024,0.1097947210073471,0.11358495056629181,0.11697904020547867,0.1201382502913475,0.12246876955032349
2045,0.00011529504263307899,0.00029001879738643765,0.0004764424520544708,0.0007245424785651267,0.0010358474683016539,0.0013711126521229744,0.0017160458955913782,0.0020814859308302402,0.0025220485404133797,0.0029472096357494593,0.0034132571890950203,0.0038835785817354918,0.00438787043094635,0.0048984638415277,0.005453353747725487,0.006008474621921778,0.006666066590696573,0.007277384400367737,0.007945097982883453,0.008659952320158482,0.009445641189813614,0.010290421545505524,0.011240673251450062,0.012228279374539852,0.013295071199536324,0.01440657302737236,0.01559613086283207,0.016992373391985893,0.018483053892850876,0.020184986293315887,0.02203918993473053,0.0237562395632267,0.0256640762090683,0.027724597603082657,0.02987111359834671,0.032217659056186676,0.034897495061159134,0.03795672953128815,0.04131761193275452,0.044736407697200775,0.04836677014827728,0.052131254225969315,0.055918674916028976,0.05971124395728111,0.06362790614366531,0.0671190395951271,0.07201080769300461,0.0779702216386795,0.08501384407281876
2046,0.0001287836639676243,0.00030800735112279654,0.0005265562795102596,0.0007948096026666462,0.0011388598941266537,0.001542715704999864,0.0019669674802571535,0.0024986860807985067,0.0030722946394234896,0.0036525388713926077,0.004377682227641344,0.0052145738154649734,0.006067442707717419,0.00695194723084569,0.007938141003251076,0.008878452703356743,0.009962300769984722,0.011141229420900345,0.012477412819862366,0.0139993317425251,0.015621710568666458,0.017319468781352043,0.01894270069897175,0.020630771294236183,0.022352587431669235,0.024388877674937248,0.026499390602111816,0.028636112809181213,0.031228382140398026,0.03426170349121094,0.03743935376405716,0.041072599589824677,0.04510825127363205,0.04957699403166771,0.05505726486444473,0.06103384494781494,0.06733033806085587,0.07433109730482101,0.08191216737031937,0.08998015522956848,0.09859060496091843,0.10724395513534546,0.11668151617050171,0.12687110900878906,0.13633322715759277,0.1453486979007721,0.15375351905822754,0.1623063087463379,0.17461878061294556
2047,0.00016143606626428664,0.0003859901335090399,0.000687768217176199,0.0010604622075334191,0.0015077635180205107,0.002031538402661681,0.002597873331978917,0.0031857420690357685,0.003800465725362301,0.004417966119945049,0.005116007290780544,0.005932736676186323,0.006777385249733925,0.007666478864848614,0.008714208379387856,0.009873704984784126,0.011076018214225769,0.012397361919283867,0.013773361220955849,0.01526908203959465,0.016811812296509743,0.018553387373685837,0.02027975767850876,0.022256862372159958,0.024190153926610947,0.026469428092241287,0.028749361634254456,0.031177014112472534,0.03396217152476311,0.03684462606906891,0.04000111669301987,0.04375021159648895,0.04781521111726761,0.05221717059612274,0.05741739273071289,0.06304434686899185,0.06940016150474548,0.07644660770893097,0.08379022777080536,0.09095808863639832,0.09837047755718231,0.10652361810207367,0.11508715152740479,0.12367858737707138,0.13223275542259216,0.13992919027805328,0.14693725109100342,0.1537804901599884,0.16043806076049805
2048,0.00015058679855428636,0.00040520119364373386,0.0007245641900226474,0.00112571578938514,0.0015864624874666333,0.0020945994183421135,0.0026341951452195644,0.0032309142407029867,0.003886985592544079,0.004523736424744129,0.005127709358930588,0.0058479346334934235,0.006552084814757109,0.0073417359963059425,0.008166851475834846,0.009106259793043137,0.01021360233426094,0.011397160589694977,0.012620499357581139,0.013963726349174976,0.015415702946484089,0.017022203654050827,0.0189133882522583,0.020940877497196198,0.0234246663749218,0.02629593387246132,0.029477428644895554,0.03302942216396332,0.03717735782265663,0.041355423629283905,0.045893073081970215,0.05131679028272629,0.05751049518585205,0.0646265298128128,0.07222507894039154,0.08010862022638321,0.08820435404777527,0.0961441919207573,0.10399720072746277,0.11172130703926086,0.11957922577857971,0.12692934274673462,0.13353687524795532,0.13983188569545746,0.14528220891952515,0.15092045068740845,0.1577051430940628,0.16562676429748535,0.17334702610969543
2049,0.00010982772073475644,0.00026425428222864866,0.00046367780305445194,0.0007277363911271095,0.0010158128570765257,0.0013428680831566453,0.0016809384105727077,0.0020623672753572464,0.002480780240148306,0.0028993566520512104,0.003356627654284239,0.003916251007467508,0.004510295577347279,0.005152219906449318,0.005890016444027424,0.006758587434887886,0.007689089514315128,0.008731028996407986,0.010027173906564713,0.011428115889430046,0.013022970408201218,0.014644786715507507,0.016355421394109726,0.018251463770866394,0.020215215161442757,0.022500675171613693,0.024908043444156647,0.027528006583452225,0.03030307963490486,0.03315640613436699,0.03605644404888153,0.0390172004699707,0.0423482321202755,0.045581474900245667,0.04837684705853462,0.05126778036355972,0.054498545825481415,0.05808430165052414,0.0619581863284111,0.0666315034031868,0.07169289886951447,0.07701823860406876,0.08326650410890579,0.09029833227396011,0.09929992258548737,0.10842729359865189,0.11704210937023163,0.1287517547607422,0.14420416951179504
2050,0.00012214524031151086,0.0003029391518794,0.000540572393219918,0.000839596672449261,0.0011809221468865871,0.0016017055604606867,0.0020452807657420635,0.0025670372415333986,0.0031091475393623114,0.003737843595445156,0.0043224128894507885,0.005011141765862703,0.005700187757611275,0.006466557737439871,0.0072434889152646065,0.008026307448744774,0.008925234898924828,0.009830758906900883,0.010781154036521912,0.011854217387735844,0.01296304352581501,0.014252043329179287,0.015585986897349358,0.017174795269966125,0.018969694152474403,0.02106727659702301,0.02335897833108902,0.025876641273498535,0.02854270115494728,0.031343381851911545,0.034300293773412704,0.037485841661691666,0.040647782385349274,0.044204819947481155,0.04788582772016525,0.05183108150959015,0.0559057742357254,0.06042170524597168,0.06500963866710663,0.0697549358010292,0.07507126778364182,0.08068346977233887,0.08711761236190796,0.09439609944820404,0.10129179060459137,0.10912389308214188,0.11851425468921661,0.1290738433599472,0.14236781001091003
2051,0.00017079430108424276,0.00046419064165093005,0.0008433126495219767,0.0012796318624168634,0.001762690837495029,0.002310397569090128,0.0029554686043411493,0.0036604348570108414,0.004385991953313351,0.005161068867892027,0.0059588197618722916,0.0067483182065188885,0.007514556869864464,0.008336564525961876,0.009422337636351585,0.010606459341943264,0.012030231766402721,0.013685658574104309,0.015403804369270802,0.017298810184001923,0.01947326585650444,0.021641917526721954,0.024068478494882584,0.02661152370274067,0.029506422579288483,0.032464802265167236,0.03552458435297012,0.03859493136405945,0.0418439656496048,0.04496241733431816,0.04819639027118683,0.05152476206421852,0.05486178398132324,0.0585065558552742,0.06282693892717361,0.06753918528556824,0.07283885031938553,0.0774502381682396,0.08230628818273544,0.08726057410240173,0.09219483286142349,0.097030408680439,0.10201375931501389,0.10707636177539825,0.11253173649311066,0.11781451851129532,0.12311900407075882,0.12780623137950897,0.13243481516838074
2052,0.000139991519972682,0.0003384012379683554,0.0005785941611975431,0.0008724416838958859,0.0011894323397427797,0.0015385312726721168,0.001911713508889079,0.002318308223038912,0.002737408736720681,0.0032067629508674145,0.0036805258132517338,0.004197020549327135,0.004774220287799835,0.005398086737841368,0.006084396503865719,0.0068102022632956505,0.0076699936762452126,0.008591992780566216,0.009719887748360634,0.01072702370584011,0.012146580964326859,0.014060502871870995,0.016133062541484833,0.018400391563773155,0.021107442677021027,0.02439918927848339,0.028291016817092896,0.032408423721790314,0.037070341408252716,0.04202251881361008,0.04722234234213829,0.05295730382204056,0.0588715597987175,0.06506913900375366,0.07090995460748672,0.07608398050069809,0.08178029209375381,0.08694834262132645,0.09228946268558502,0.09761366993188858,0.10300373286008835,0.10929367691278458,0.11555719375610352,0.12286655604839325,0.12996222078800201,0.138006791472435,0.14566770195960999,0.15479135513305664,0.1657799333333969
2053,0.00014328383258543909,0.00035906388075090945,0.000633849878795445,0.000972140405792743,0.0013926001265645027,0.0018998838495463133,0.002472184132784605,0.0031713414937257767,0.004003504756838083,0.0048415265046060085,0.005882557015866041,0.006985895801335573,0.008191214874386787,0.009485279209911823,0.01086709089577198,0.012268539518117905,0.013811317272484303,0.01564646326005459,0.017536118626594543,0.019662290811538696,0.02224227413535118,0.02504473365843296,0.02803460881114006,0.03133542090654373,0.0348583459854126,0.038614556193351746,0.04296897351741791,0.04731297492980957,0.052127011120319366,0.05697264522314072,0.062204938381910324,0.06784255802631378,0.07365994155406952,0.08004695177078247,0.08698228746652603,0.09456504881381989,0.10237791389226913,0.11027199774980545,0.11809257417917252,0.12639665603637695,0.13497555255889893,0.14379462599754333,0.1526487171649933,0.16169407963752747,0.17059852182865143,0.1789286583662033,0.18757659196853638,0.1972755491733551,0.20943117141723633
2054,0.00013413539272733033,0.0003304212586954236,0.0005871012690477073,0.0008964972221292555,0.001237466698512435,0.0016590453451499343,0.0021085934713482857,0.0025764612946659327,0.003110127057880163,0.0036393620539456606,0.004223819822072983,0.004861507099121809,0.0055017368867993355,0.00621090829372406,0.006918557919561863,0.007642641663551331,0.008472451008856297,0.009328031912446022,0.010276577435433865,0.01129496842622757,0.012482540681958199,0.013768975622951984,0.01504553109407425,0.01651851460337639,0.01807389222085476,0.019970249384641647,0.021942781284451485,0.024238979443907738,0.026782460510730743,0.02973622828722,0.03285278379917145,0.03658011928200722,0.04019152745604515,0.04425233602523804,0.04890073090791702,0.05387919768691063,0.059377189725637436,0.06541863083839417,0.07189448922872543,0.07811707258224487,0.0846373438835144,0.09174560010433197,0.09862673282623291,0.10566604882478714,0.11364471912384033,0.12148665636777878,0.12928566336631775,0.13774171471595764,0.14750687777996063
2055,0.00015637851902283728,0.0003937912406399846,0.0007174116326496005,0.0011047131847590208,0.0015268840361386538,0.0019975248724222183,0.0025102270301431417,0.003043543081730604,0.003618575632572174,0.004277374595403671,0.004989436827600002,0.005767714232206345,0.006538970861583948,0.0073360539972782135,0.008287264034152031,0.009247959591448307,0.010236026719212532,0.011401420459151268,0.012786272913217545,0.014296920970082283,0.0159223061054945,0.01773763634264469,0.01967918872833252,0.021940389648079872,0.024605443701148033,0.027613455429673195,0.031206343322992325,0.0353289470076561,0.039966240525245667,0.04486263543367386,0.050298940390348434,0.05613451078534126,0.062188778072595596,0.06861362606287003,0.07564806193113327,0.0831374004483223,0.09125889092683792,0.0994918942451477,0.1085498258471489,0.11770057678222656,0.12626871466636658,0.13532601296901703,0.14439699053764343,0.15324872732162476,0.1619025468826294,0.17008067667484283,0.1773117631673813,0.1849847286939621,0.19343507289886475
2056,0.00016289751511067152,0.00042357161873951554,0.00077962432987988,0.0012714467011392117,0.0018566643120720983,0.002599455649033189,0.0035046471748501062,0.00460737245157361,0.00577257527038455,0.007062308955937624,0.0083948178216815,0.00991232879459858,0.011531827971339226,0.013213317841291428,0.015120664611458778,0.01701419986784458,0.019103441387414932,0.021492905914783478,0.023755555972456932,0.026310047134757042,0.028724143281579018,0.03151421993970871,0.03450464457273483,0.03756657987833023,0.040982164442539215,0.04449756443500519,0.04835127294063568,0.052647367119789124,0.05713123828172684,0.06192586570978165,0.0666041150689125,0.07137404382228851,0.07615756243467331,0.08105668425559998,0.08622201532125473,0.09109283983707428,0.09571947157382965,0.10046693682670593,0.10515410453081131,0.10996539145708084,0.11508476734161377,0.12117601186037064,0.12789086997509003,0.1354224979877472,0.144097238779068,0.1548650860786438,0.16738761961460114,0.18332016468048096,0.20177720487117767
2057,0.00014016452769283205,0.0003429745847824961,0.0006143642822280526,0.0009389562183059752,0.001297447830438614,0.001719629974104464,0.0021827113814651966,0.002650052774697542,0.0031984380912035704,0.003763390239328146,0.004324343986809254,0.004943027161061764,0.0056058671325445175,0.006299532018601894,0.0070949457585811615,0.007952628657221794,0.008939522318542004,0.009957821108400822,0.011160729452967644,0.012544846162199974,0.013998987153172493,0.015703709796071053,0.017666488885879517,0.019861755892634392,0.022291172295808792,0.024765878915786743,0.027384253218770027,0.03009556420147419,0.033031150698661804,0.03613273426890373,0.03894459828734398,0.041960399597883224,0.04519607499241829,0.04838698357343674,0.05177155137062073,0.05557728558778763,0.06009278446435928,0.06491946429014206,0.06947668641805649,0.0742354467511177,0.07976431399583817,0.08550343662500381,0.09115827083587646,0.0968858152627945,0.10291134566068649,0.10951121151447296,0.11542642116546631,0.11946515738964081,0.12474104762077332
2058,0.00011116186215076596,0.0002673148992471397,0.00043897406430915,0.0006586676463484764,0.0009088406804949045,0.0011754705337807536,0.0014785996172577143,0.001815718598663807,0.002233903156593442,0.0026393120642751455,0.0030577280558645725,0.0035453755408525467,0.004030892625451088,0.004591394681483507,0.005175390746444464,0.005852390080690384,0.006596817634999752,0.007387881632894278,0.008169496431946754,0.008947266265749931,0.009834780357778072,0.010868092067539692,0.011805769056081772,0.012791357934474945,0.013954533264040947,0.015242516994476318,0.016591113060712814,0.01811322011053562,0.01962641440331936,0.021275032311677933,0.023082882165908813,0.02501203864812851,0.027058865875005722,0.029108548536896706,0.03136880323290825,0.033606451004743576,0.03598654642701149,0.03822287172079086,0.040705110877752304,0.04318293556571007,0.04575175419449806,0.04822023585438728,0.05048898980021477,0.05260492488741875,0.05471217632293701,0.05667820945382118,0.05850309133529663,0.060482315719127655,0.06259932368993759
2059,0.00014945160364732146,0.000354867399437353,0.0005795602919533849,0.0008785385871306062,0.0012253031600266695,0.0016146083362400532,0.002030079485848546,0.0025044456124305725,0.003082538489252329,0.0037125232629477978,0.004410916939377785,0.005178643390536308,0.006039844825863838,0.007035169750452042,0.007985679432749748,0.009095607325434685,0.010346000082790852,0.011741350404918194,0.0132854413241148,0.014866512268781662,0.016641627997159958,0.018491655588150024,0.02079862914979458,0.023145802319049835,0.025572864338755608,0.027950206771492958,0.03081671893596649,0.03365744650363922,0.03693250194191933,0.040274541825056076,0.04404697194695473,0.04810996726155281,0.05248427763581276,0.056946441531181335,0.06181132420897484,0.06704405695199966,0.07255629450082779,0.07867085933685303,0.08490519970655441,0.091515451669693,0.0980893075466156,0.1045432910323143,0.11238124221563339,0.12013465166091919,0.12872834503650665,0.13786445558071136,0.14640209078788757,0.1554640829563141,0.16611675918102264
2060,0.00014504689897876233,0.0003707344294525683,0.000691863417159766,0.0010990011505782604,0.0015802162233740091,0.0021163870114833117,0.0027389652095735073,0.0034493478015065193,0.004140899516642094,0.004957848694175482,0.0057920957915484905,0.0066234334371984005,0.00756082683801651,0.008466489613056183,0.00945595558732748,0.0105406753718853,0.011736990883946419,0.012989828363060951,0.014235839247703552,0.015697626397013664,0.017364852130413055,0.01924988068640232,0.021457195281982422,0.02399905025959015,0.02680780738592148,0.029867790639400482,0.03334834799170494,0.03711999952793121,0.04130706191062927,0.04572493955492973,0.05030258372426033,0.055201660841703415,0.0606868639588356,0.06611188501119614,0.07181533426046371,0.07771509140729904,0.08467098325490952,0.09193692356348038,0.09967122972011566,0.1078936830163002,0.11637075245380402,0.12490516155958176,0.13353756070137024,0.14249075949192047,0.15142425894737244,0.15883289277553558,0.16647550463676453,0.17620444297790527,0.19056463241577148
2061,0.00011232243559788913,0.00026424642419442534,0.0004835241998080164,0.0007422454073093832,0.0010256343521177769,0.0013723951997235417,0.001751217758283019,0.002154402434825897,0.0026419786736369133,0.003115227445960045,0.0036590162198990583,0.004227692726999521,0.004838360473513603,0.005517258774489164,0.0062195854261517525,0.006996538955718279,0.007840827107429504,0.00878753513097763,0.009856889955699444,0.01095132902264595,0.012200278230011463,0.013634363189339638,0.015397956594824791,0.017388449981808662,0.019717812538146973,0.02196999080479145,0.024470869451761246,0.027003124356269836,0.029651004821062088,0.03255138546228409,0.03593248501420021,0.03955616056919098,0.04365037754178047,0.04807846248149872,0.05241924896836281,0.05693027377128601,0.06173397973179817,0.06688812375068665,0.07244257628917694,0.07849258184432983,0.08460400998592377,0.09079472720623016,0.09676574915647507,0.10274508595466614,0.10893916338682175,0.11475910246372223,0.12079331278800964,0.12789776921272278,0.13948556780815125
2062,0.00013540656073018909,0.0003498885780572891,0.0006146829109638929,0.0009570986730977893,0.0013469187542796135,0.0018004898447543383,0.0023049991577863693,0.0028999170754104853,0.0035219418350607157,0.004168269690126181,0.004851689096540213,0.00567061360925436,0.006556884851306677,0.0075568221509456635,0.008531274273991585,0.0097749512642622,0.011219321750104427,0.012762697413563728,0.014489824883639812,0.016430087387561798,0.01873357966542244,0.0211903378367424,0.02388623356819153,0.026671361178159714,0.029789594933390617,0.03328745812177658,0.03703508526086807,0.04112895578145981,0.04546800255775452,0.050247661769390106,0.055415600538253784,0.06105343624949455,0.06711354106664658,0.07367996871471405,0.08070714771747589,0.08780348300933838,0.09512155503034592,0.10315977782011032,0.11158408224582672,0.12053537368774414,0.13006997108459473,0.1407318413257599,0.15148906409740448,0.16248548030853271,0.17214053869247437,0.18022683262825012,0.1874731332063675,0.1942879855632782,0.20312216877937317
2063,0.00010262113937642425,0.0002426029823254794,0.0004154888156335801,0.0006355398800224066,0.0008958674734458327,0.0011928369058296084,0.0015184659278020263,0.0018850306514650583,0.0022670021280646324,0.002715620445087552,0.00317400717176497,0.0036675501614809036,0.004237981978803873,0.004820718429982662,0.005407150834798813,0.006030892953276634,0.006738242693245411,0.007464637514203787,0.008265221491456032,0.009084631688892841,0.009959971532225609,0.010923875495791435,0.011905579827725887,0.01295720785856247,0.014115281403064728,0.015329821035265923,0.016632182523608208,0.01804124005138874,0.019691694527864456,0.021512597799301147,0.023467641323804855,0.025622401386499405,0.027902517467737198,0.030603259801864624,0.03359339386224747,0.036829687654972076,0.04041329771280289,0.04406917095184326,0.048144713044166565,0.05222678184509277,0.05667145550251007,0.06155352294445038,0.06631933897733688,0.07167825847864151,0.07737728953361511,0.08343948423862457,0.08976482599973679,0.0965520441532135,0.10328982025384903
2064,0.00013719328853767365,0.0003821268619503826,0.0007173113990575075,0.0010901071364060044,0.001519328448921442,0.002028215676546097,0.0025903889909386635,0.0032257738057523966,0.00389777310192585,0.004705403931438923,0.00555526465177536,0.006449548061937094,0.007411306258291006,0.00841100700199604,0.009488198906183243,0.010603408329188824,0.011694066226482391,0.012913111597299576,0.014343516901135445,0.01581876538693905,0.01732407696545124,0.01898265816271305,0.02070731855928898,0.02237486094236374,0.02408788911998272,0.025902828201651573,0.02770574763417244,0.029489504173398018,0.03133942559361458,0.033278562128543854,0.03526836633682251,0.03771733492612839,0.04031253606081009,0.04308698698878288,0.04623345285654068,0.04956686124205589,0.053378038108348846,0.05768265202641487,0.062000468373298645,0.06647852063179016,0.07150403410196304,0.07665704190731049,0.08246538788080215,0.0889795795083046,0.09664012491703033,0.10434095561504364,0.112843357026577,0.1216830462217331,0.13159701228141785
2065,0.00011725554941222072,0.0002794954343698919,0.0005032632034271955,0.0007944646058604121,0.001134907710365951,0.0015067418571561575,0.0019316598773002625,0.0023695584386587143,0.002833549166098237,0.0033565545454621315,0.0038656764663755894,0.004433372523635626,0.005104369949549437,0.005735673941671848,0.006452622823417187,0.0072596268728375435,0.008106608875095844,0.009047701954841614,0.010096362791955471,0.01112360693514347,0.012309505604207516,0.013561069965362549,0.014852882362902164,0.016355261206626892,0.017894959077239037,0.01953544281423092,0.021194443106651306,0.023007389158010483,0.024880366399884224,0.027005411684513092,0.029190901666879654,0.03175745904445648,0.034484874457120895,0.0375199019908905,0.040632884949445724,0.04380600154399872,0.04727410525083542,0.051104385405778885,0.05526614934206009,0.05973222479224205,0.0644683688879013,0.06980493664741516,0.07573135942220688,0.08190231770277023,0.08789387345314026,0.09408697485923767,0.10046839714050293,0.10824373364448547,0.11747857928276062
2066,0.0001362345792585984,0.00034075757139362395,0.00062767748022452,0.0009788691531866789,0.0014229350490495563,0.001931535080075264,0.0024865695741027594,0.0030932556837797165,0.0038162078708410263,0.00457258615642786,0.005442567635327578,0.006393346004188061,0.007431598845869303,0.008630391210317612,0.010000567883253098,0.011615298688411713,0.013262549415230751,0.015114348381757736,0.01714327186346054,0.01939241588115692,0.0220780111849308,0.02492661029100418,0.027893517166376114,0.03097551502287388,0.034268856048583984,0.03782271221280098,0.04165391996502876,0.04546261951327324,0.049073003232479095,0.05246201530098915,0.055923350155353546,0.059544917196035385,0.06320801377296448,0.06667435169219971,0.07009854167699814,0.07339631021022797,0.07685109227895737,0.08036291599273682,0.08387940376996994,0.08761198818683624,0.09106665849685669,0.09494670480489731,0.09928537905216217,0.10387253016233444,0.10866522043943405,0.11313974857330322,0.11753189563751221,0.12194874882698059,0.1269022822380066
2067,0.00012280243390705436,0.00033328510471619666,0.0006072763935662806,0.0009809714974835515,0.0014020532835274935,0.0018685651011765003,0.002427436411380768,0.0030239149928092957,0.003682319540530443,0.004368586931377649,0.00509507255628705,0.005952170118689537,0.006903118919581175,0.007938602939248085,0.009140382520854473,0.010431482456624508,0.011995951645076275,0.013625008054077625,0.015612734481692314,0.01780668832361698,0.02020442858338356,0.02311110496520996,0.026098743081092834,0.02955048903822899,0.03345193713903427,0.03782631456851959,0.04247720167040825,0.047074880450963974,0.05218670889735222,0.05754641816020012,0.06326919794082642,0.06913154572248459,0.07513417303562164,0.08170642703771591,0.08892879635095596,0.0962827056646347,0.10383071005344391,0.11101816594600677,0.11823120713233948,0.12597398459911346,0.1335528939962387,0.14101248979568481,0.14921021461486816,0.1579507291316986,0.16656196117401123,0.1751081645488739,0.1836686134338379,0.19141733646392822,0.19916260242462158
2068,0.00014056585496291518,0.0003421552828513086,0.0005939812399446964,0.0008926577284000814,0.0012512330431491137,0.0016833067638799548,0.00225050444714725,0.0028854047413915396,0.003611959982663393,0.0044848439283668995,0.005661977455019951,0.00687154708430171,0.008157601580023766,0.009450336918234825,0.010830486193299294,0.012321757152676582,0.01389252208173275,0.015596205368638039,0.01737145334482193,0.019059982150793076,0.020817313343286514,0.02266167290508747,0.02467428334057331,0.02688000164926052,0.02917369268834591,0.03166165575385094,0.03444531187415123,0.03744048997759819,0.04061391204595566,0.043633293360471725,0.046634260565042496,0.049647606909275055,0.05274352431297302,0.056034743785858154,0.059189267456531525,0.06274402141571045,0.06628820300102234,0.07018998265266418,0.07479695230722427,0.07962164282798767,0.08432695269584656,0.08903813362121582,0.09395047277212143,0.09844183921813965,0.10272718966007233,0.10686473548412323,0.11090640723705292,0.11492499709129333,0.11900901049375534
2069,0.00014474136696662754,0.00036352884490042925,0.0006370286573655903,0.0009869345230981708,0.0013983865501359105,0.0018719512736424804,0.0024936902336776257,0.0032072258181869984,0.0039978004060685635,0.004884190857410431,0.005809782538563013,0.006666894070804119,0.007583704777061939,0.008562838658690453,0.009757091291248798,0.010879729874432087,0.012082728557288647,0.013287167996168137,0.014517582952976227,0.015752146020531654,0.017111562192440033,0.018523912876844406,0.019935697317123413,0.02144726552069187,0.02323225513100624,0.02500619925558567,0.026924416422843933,0.02887764386832714,0.03081679716706276,0.032783400267362595,0.03486166521906853,0.03692297264933586,0.039058931171894073,0.04140358045697212,0.044010959565639496,0.04649815335869789,0.04940183088183403,0.05233089625835419,0.05548521503806114,0.05898236483335495,0.062442466616630554,0.06637954711914062,0.07039409875869751,0.07488735020160675,0.07969915866851807,0.08584526926279068,0.09260997176170349,0.09914308041334152,0.10731211304664612
2070,0.0001239030680153519,0.0002949642948806286,0.000508744444232434,0.0007886826060712337,0.0010894504375755787,0.0014116098172962666,0.0018240627832710743,0.00223679281771183,0.002673053415492177,0.003174758516252041,0.003688505617901683,0.004282267298549414,0.004918418824672699,0.005612553562968969,0.006402206607162952,0.0071624089032411575,0.00801609642803669,0.008938714861869812,0.00996348075568676,0.011041169986128807,0.012108417227864265,0.013384688645601273,0.014675152488052845,0.016069522127509117,0.01759846694767475,0.01918092556297779,0.020902488380670547,0.02293904684484005,0.02504916489124298,0.02713802270591259,0.02950224280357361,0.03198358044028282,0.034772757440805435,0.03748316317796707,0.04041709378361702,0.04367811605334282,0.047063905745744705,0.050704482942819595,0.05500867962837219,0.06007765606045723,0.06594718992710114,0.0727897360920906,0.08079256117343903,0.08953569829463959,0.09824202954769135,0.10669239610433578,0.11526940762996674,0.12527132034301758,0.13950678706169128
2071,0.0001274690730497241,0.00032126877340488136,0.000588426657486707,0.0009197060135193169,0.001301581272855401,0.0017472457839176059,0.002183962147682905,0.0027252614963799715,0.0033271093852818012,0.003951681312173605,0.0046068038791418076,0.005417307838797569,0.006280447356402874,0.007178266532719135,0.008143731392920017,0.00926305539906025,0.010545153170824051,0.012007201090455055,0.013546018861234188,0.015250539407134056,0.01719178631901741,0.019317038357257843,0.021662499755620956,0.024114547297358513,0.026830701157450676,0.029810387641191483,0.032921202480793,0.03597274795174599,0.039262086153030396,0.04282240569591522,0.046360939741134644,0.05021541565656662,0.054289426654577255,0.058615826070308685,0.06279006600379944,0.06764697283506393,0.07230354100465775,0.07746029645204544,0.08223584294319153,0.08769401907920837,0.09296611696481705,0.09830223023891449,0.10398130118846893,0.10957202315330505,0.11485449969768524,0.11931650340557098,0.12207655608654022,0.1260010302066803,0.13387565314769745
2072,0.0001440584601368755,0.00036097486736252904,0.0006546821678057313,0.0010334581602364779,0.0014568851329386234,0.0019912710413336754,0.002537055406719446,0.003184584667906165,0.0039009470492601395,0.004686171188950539,0.0054611945524811745,0.006353429984301329,0.007345409132540226,0.008392808958888054,0.009537285193800926,0.010801960714161396,0.012189293280243874,0.013664975762367249,0.015250036492943764,0.016596466302871704,0.017779968678951263,0.01907351240515709,0.020381098613142967,0.021746469661593437,0.023106027394533157,0.024551257491111755,0.025943869724869728,0.02746444195508957,0.028998302295804024,0.0306539423763752,0.03233885020017624,0.03433358669281006,0.03652191907167435,0.038865529000759125,0.041337206959724426,0.044134415686130524,0.04721124470233917,0.05056803300976753,0.05446645990014076,0.059122391045093536,0.06448005139827728,0.07100366801023483,0.07917485386133194,0.08921003341674805,0.09936098009347916,0.11087346076965332,0.12439843267202377,0.1397203654050827,0.15768328309059143
2073,0.00014308371464721859,0.00035983038833364844,0.0006975025171414018,0.0010918320622295141,0.001555196475237608,0.002062255749478936,0.0026066123973578215,0.003186873160302639,0.0038241976872086525,0.004510106518864632,0.0052841100841760635,0.00616931077092886,0.0071464767679572105,0.008244821801781654,0.009528948925435543,0.010902905836701393,0.012564392760396004,0.014354230836033821,0.016394078731536865,0.01862872764468193,0.021100085228681564,0.02358153462409973,0.0261080302298069,0.028847582638263702,0.03185153007507324,0.03513497859239578,0.03858748450875282,0.042278606444597244,0.04616963490843773,0.050209805369377136,0.054349932819604874,0.05861511826515198,0.06283633410930634,0.067256860435009,0.07196357846260071,0.07713340222835541,0.08248917758464813,0.08814872801303864,0.09372784197330475,0.09966851025819778,0.10541415214538574,0.11112893372774124,0.1171855702996254,0.12359651178121567,0.12973862886428833,0.13539177179336548,0.14083003997802734,0.14597266912460327,0.15062382817268372
2074,0.00012941080785822123,0.00031609510187990963,0.0005557257100008428,0.0008702408522367477,0.0012459573335945606,0.0017332576680928469,0.002306694630533457,0.0029659245628863573,0.00373361399397254,0.004506682977080345,0.005430704914033413,0.006386522203683853,0.007480403408408165,0.008482231758534908,0.009631182998418808,0.010848335921764374,0.012167446315288544,0.013694480061531067,0.01528622955083847,0.016878454014658928,0.018659012392163277,0.02040070854127407,0.022222356870770454,0.024226684123277664,0.02619159407913685,0.02840529754757881,0.030723582953214645,0.033171817660331726,0.035739876329898834,0.03842785209417343,0.04110610857605934,0.044026583433151245,0.047400668263435364,0.05097087472677231,0.05472678318619728,0.058434151113033295,0.06230941787362099,0.06621962040662766,0.07005053013563156,0.07390375435352325,0.07757231593132019,0.08143937587738037,0.08545081317424774,0.08949515223503113,0.09339236468076706,0.09712240844964981,0.10041709244251251,0.10347522795200348,0.10701673477888107
2075,0.00013565595145337284,0.0003264751867391169,0.0005774069577455521,0.0008907222654670477,0.0012287332210689783,0.0016047745011746883,0.002020888030529022,0.002515376079827547,0.0030240043997764587,0.0036015301011502743,0.0041723549365997314,0.004791910294443369,0.0054794615134596825,0.006216025445610285,0.006999738048762083,0.007901848293840885,0.008865656331181526,0.00991732720285654,0.010974792763590813,0.012027652934193611,0.013276851736009121,0.014629806391894817,0.0161044429987669,0.017782945185899734,0.019521741196513176,0.02138260379433632,0.02333584800362587,0.025563083589076996,0.027931228280067444,0.030318137258291245,0.03287634253501892,0.03564856946468353,0.03847493603825569,0.04190822318196297,0.045630618929862976,0.04966338351368904,0.05431373417377472,0.059455860406160355,0.06495411694049835,0.07077941298484802,0.07680490612983704,0.08318990468978882,0.08985134214162827,0.09629302471876144,0.10240727663040161,0.10666247457265854,0.10885867476463318,0.11029749363660812,0.11270225048065186
2076,0.00013589310401584953,0.0003295944188721478,0.0005424633272923529,0.0008192184614017606,0.00115479389205575,0.0015296763740479946,0.0019193991320207715,0.0023732136469334364,0.0028670867905020714,0.003377131652086973,0.003998558036983013,0.004630538169294596,0.005307104904204607,0.006105473265051842,0.006939220242202282,0.007835482247173786,0.008793113753199577,0.009783606044948101,0.010932385921478271,0.012012499384582043,0.013223998248577118,0.014476636424660683,0.015841063112020493,0.017179733142256737,0.018627377226948738,0.020192155614495277,0.02182406559586525,0.023757705464959145,0.02575036510825157,0.02816060744225979,0.03064393624663353,0.03355861082673073,0.036449987441301346,0.03986483812332153,0.04366826266050339,0.04789998009800911,0.052696455270051956,0.05794530361890793,0.063517265021801,0.0696955993771553,0.07614083588123322,0.08327526599168777,0.09130220115184784,0.100608229637146,0.11027437448501587,0.12155931442975998,0.13265393674373627,0.1457635760307312,0.15971797704696655
2077,0.0001433431461919099,0.00036599370650947094,0.0006416587275452912,0.0009703587857075036,0.0013614690396934748,0.0018125451169908047,0.0023358582984656096,0.0028878208249807358,0.0035184090957045555,0.004127576947212219,0.004840686917304993,0.00556914322078228,0.00637965090572834,0.007286735810339451,0.008228084072470665,0.009325929917395115,0.010475964285433292,0.01168860960751772,0.013129604049026966,0.014786520041525364,0.016776371747255325,0.019133688881993294,0.021493563428521156,0.023995444178581238,0.02677024155855179,0.02976812981069088,0.03275171294808388,0.036054544150829315,0.0396982803940773,0.04389015585184097,0.04838356375694275,0.05316315218806267,0.05800896883010864,0.06330333650112152,0.06872094422578812,0.07459022104740143,0.08006403595209122,0.08542606979608536,0.09076890349388123,0.09647775441408157,0.10177046060562134,0.1071324273943901,0.11285045742988586,0.11749248206615448,0.1220998466014862,0.12748834490776062,0.132808655500412,0.13937196135520935,0.1462973654270172
2078,0.00011371623259037733,0.00028154122992418706,0.00047892387374304235,0.0007571243913844228,0.00106181635055691,0.0014114038785919547,0.0017844170797616243,0.002212320454418659,0.0026845834217965603,0.003141301218420267,0.003641518298536539,0.0041921623051166534,0.004783202428370714,0.005401471629738808,0.00606357678771019,0.006805266719311476,0.0076171839609742165,0.008567661046981812,0.009589598514139652,0.010700292885303497,0.011902615427970886,0.013273166492581367,0.014672631397843361,0.01622198522090912,0.017957914620637894,0.01987108588218689,0.021782713010907173,0.023762352764606476,0.0256243534386158,0.027405481785535812,0.029082663357257843,0.03076229616999626,0.03249266371130943,0.034397192299366,0.03626678138971329,0.03843780234456062,0.040637437254190445,0.04326755926012993,0.04610894247889519,0.049131765961647034,0.05220663547515869,0.054942093789577484,0.05806617811322212,0.06100267916917801,0.06429854035377502,0.06787227094173431,0.07152720540761948,0.07455939054489136,0.07767314463853836
2079,0.00014256472059059888,0.0003949327510781586,0.0007888952968642116,0.0013304378371685743,0.0019568379502743483,0.0026280004531145096,0.00332894129678607,0.004073356278240681,0.0048590004444122314,0.005637145601212978,0.00645272433757782,0.007328968960791826,0.008241528645157814,0.009338414296507835,0.010508349165320396,0.011798171326518059,0.013341196812689304,0.014904243871569633,0.016665957868099213,0.018338443711400032,0.020073849707841873,0.022046593949198723,0.024183830246329308,0.0264336746186018,0.02880300208926201,0.03139673173427582,0.03397579863667488,0.03697064518928528,0.04013197124004364,0.043432723730802536,0.04696240648627281,0.05056075006723404,0.05402625724673271,0.05759149789810181,0.06112126260995865,0.06470189988613129,0.06904906779527664,0.07342603802680969,0.07803791761398315,0.08267124742269516,0.0881657600402832,0.09426189959049225,0.10038638859987259,0.10697522759437561,0.11381137371063232,0.12129390984773636,0.12982210516929626,0.14063845574855804,0.15637683868408203
2080,0.00014686677604913712,0.0003869588836096227,0.0007050780113786459,0.0011260939063504338,0.001636339584365487,0.002243924420326948,0.0029574548825621605,0.0038155049551278353,0.004868308547884226,0.006054817698895931,0.007405352778732777,0.0088733471930027,0.010474488139152527,0.012288417667150497,0.014203671365976334,0.01631588116288185,0.01859886571764946,0.02112254500389099,0.02378014288842678,0.026516364887356758,0.029527993872761726,0.03279685229063034,0.03642677888274193,0.04034796357154846,0.04477507993578911,0.04936441034078598,0.054094456136226654,0.059202224016189575,0.06471505761146545,0.07039371132850647,0.0760359838604927,0.08223140239715576,0.08815819025039673,0.09435869008302689,0.10076572746038437,0.10728415101766586,0.11356168240308762,0.11954765021800995,0.12540970742702484,0.1314956545829773,0.13726893067359924,0.14314863085746765,0.14933668076992035,0.15569889545440674,0.16171696782112122,0.16739505529403687,0.17164508998394012,0.1755913645029068,0.181812584400177
2081,0.00013953223242424428,0.0003459852887317538,0.0005992884980514646,0.0009092848049476743,0.0012638529296964407,0.0016844181809574366,0.0021239961497485638,0.0026167009491473436,0.003191731870174408,0.0037892572581768036,0.004445171914994717,0.005131701473146677,0.0058730305172502995,0.006653241813182831,0.007454572711139917,0.008333772420883179,0.009317710064351559,0.010347072035074234,0.011469258926808834,0.012639726512134075,0.013894614763557911,0.015245170332491398,0.0166253000497818,0.01796533353626728,0.019600490108132362,0.021265868097543716,0.023338979110121727,0.02545742318034172,0.027809198945760727,0.03063342347741127,0.033543407917022705,0.036691080778837204,0.04037068784236908,0.04427589476108551,0.04799827188253403,0.05227747559547424,0.05700023099780083,0.06227476894855499,0.06808299571275711,0.07452647387981415,0.08155572414398193,0.08942997455596924,0.09701307862997055,0.10498806834220886,0.11279191076755524,0.12010641396045685,0.1267816126346588,0.1349816620349884,0.14398466050624847
2082,0.0001357101573375985,0.0003275556373409927,0.0005823884275741875,0.0008847127319313586,0.0012283166870474815,0.0016242210986092687,0.002063984051346779,0.0025571035221219063,0.0030841189436614513,0.0036916262470185757,0.004359113052487373,0.005119874607771635,0.005998015403747559,0.0069673070684075356,0.00798843801021576,0.009113594889640808,0.01035546138882637,0.011684886179864407,0.013194313272833824,0.014736421406269073,0.016295097768306732,0.01806771755218506,0.020022476091980934,0.022320400923490524,0.024835675954818726,0.027661772444844246,0.030804844573140144,0.034400999546051025,0.038128819316625595,0.041919220238924026,0.046045225113630295,0.05029530078172684,0.054618142545223236,0.05893777310848236,0.06396844983100891,0.06935031712055206,0.07468949258327484,0.08068487048149109,0.08710355311632156,0.09409517049789429,0.1016300767660141,0.10964550077915192,0.11843493580818176,0.12808729708194733,0.1371108889579773,0.146286278963089,0.1567840725183487,0.17093130946159363,0.18800686299800873
2083,0.000137670649564825,0.0003214796306565404,0.0005499026738107204,0.0008236378780566156,0.0011450884630903602,0.0015170497354120016,0.0019125411054119468,0.002326523419469595,0.0028292094357311726,0.003354184329509735,0.0038932152092456818,0.004506065510213375,0.005207610782235861,0.006086165085434914,0.0069717043079435825,0.00795878004282713,0.009067067876458168,0.010330663062632084,0.011733627878129482,0.013339865021407604,0.015096794813871384,0.017137423157691956,0.019372200593352318,0.021713726222515106,0.024228934198617935,0.027192123234272003,0.030276335775852203,0.03369547426700592,0.037350915372371674,0.04118259251117706,0.0451030358672142,0.04912520945072174,0.05352839082479477,0.057931698858737946,0.06245221570134163,0.06670811772346497,0.07114167511463165,0.07507415115833282,0.07966025173664093,0.08426609635353088,0.08867144584655762,0.09333792328834534,0.09851105511188507,0.10365013778209686,0.10964550822973251,0.11525887995958328,0.12114549428224564,0.13013827800750732,0.14126160740852356
2084,0.00011560966959223151,0.00029318471206352115,0.0005313478759489954,0.0008275939617305994,0.0011539587285369635,0.001524651888757944,0.0019555026665329933,0.0024256373289972544,0.0029128112364560366,0.003462941152974963,0.004032375290989876,0.004664703272283077,0.005384313873946667,0.0061692362651228905,0.007023564539849758,0.008006962016224861,0.009110460989177227,0.010351365432143211,0.011728890240192413,0.013310141861438751,0.015007116831839085,0.016940761357545853,0.019144291058182716,0.021291568875312805,0.02375520020723343,0.026338012889027596,0.028842363506555557,0.03167334198951721,0.034622207283973694,0.03761954605579376,0.040811218321323395,0.04414898529648781,0.047520846128463745,0.051144517958164215,0.05506627634167671,0.05899769440293312,0.06287827342748642,0.06663397699594498,0.07073509693145752,0.07475145906209946,0.0791010856628418,0.08379674702882767,0.0892186090350151,0.09520778059959412,0.10234439373016357,0.11077294498682022,0.11919961124658585,0.128108412027359,0.13919007778167725
2085,0.00011861381790367886,0.0002732729190029204,0.00045878178207203746,0.0006868334021419287,0.0009310638997703791,0.0012404844164848328,0.0015696523478254676,0.001928172423504293,0.0022938218899071217,0.00271613709628582,0.003208078909665346,0.0036810263991355896,0.004189265891909599,0.004815593361854553,0.0054641407914459705,0.006267480552196503,0.007210709620267153,0.00822628103196621,0.009461148642003536,0.010871176607906818,0.012383305467665195,0.013981955125927925,0.01563657820224762,0.01744820736348629,0.019348200410604477,0.021462980657815933,0.023490991443395615,0.025972172617912292,0.028536777943372726,0.03109494224190712,0.033752162009477615,0.03680937737226486,0.0400836244225502,0.04372368007898331,0.04747547209262848,0.051911912858486176,0.05674618110060692,0.06194108724594116,0.06823071837425232,0.0753273293375969,0.08334344625473022,0.09146706759929657,0.10119742900133133,0.1116250604391098,0.12228934466838837,0.1320056915283203,0.14079828560352325,0.14860188961029053,0.1594230681657791
2086,0.00011413562606321648,0.000291581847704947,0.0005241079488769174,0.0008437311043962836,0.0011900627287104726,0.0015890102367848158,0.001989533193409443,0.0024475958198308945,0.0029523205012083054,0.0034938151948153973,0.004077962599694729,0.004670335445553064,0.005358253605663776,0.006077091209590435,0.006874979007989168,0.007740944158285856,0.00873787421733141,0.009826432913541794,0.011044463142752647,0.012367346324026585,0.013828765600919724,0.015432577580213547,0.017192553728818893,0.019098421558737755,0.02127145603299141,0.02359340339899063,0.02612704038619995,0.02876221016049385,0.0319053940474987,0.035164300352334976,0.03868360072374344,0.04240884259343147,0.04642968624830246,0.050749775022268295,0.055346183478832245,0.06087518110871315,0.06692218035459518,0.07375992834568024,0.08143827319145203,0.09003980457782745,0.10020028799772263,0.11203041672706604,0.12562306225299835,0.14216384291648865,0.1598609983921051,0.17920532822608948,0.2012842446565628,0.22587518393993378,0.2509884536266327
2087,0.00015674132737331092,0.0003790555929299444,0.0006001109140925109,0.0009204887319356203,0.0012658166233450174,0.0016243973514065146,0.0020036445930600166,0.002467541256919503,0.0029453770257532597,0.003447870723903179,0.004011155571788549,0.004635162651538849,0.005313030909746885,0.006090126931667328,0.006910180207341909,0.00790710560977459,0.008958809077739716,0.010035667568445206,0.01127602532505989,0.012511879205703735,0.013913306407630444,0.015331080183386803,0.016963014379143715,0.018811333924531937,0.020665567368268967,0.022962072864174843,0.02562578022480011,0.02867579460144043,0.03202757239341736,0.03573543578386307,0.039514411240816116,0.043763384222984314,0.04818492755293846,0.05258083716034889,0.05752914398908615,0.06248042732477188,0.06780768185853958,0.07320988178253174,0.07889066636562347,0.08468061685562134,0.08978167176246643,0.09555507451295853,0.10179214179515839,0.1080879271030426,0.11571422219276428,0.12382262945175171,0.13228052854537964,0.14077883958816528,0.15050651133060455
2088,0.00012417000834830105,0.0003116437583230436,0.0005397659260779619,0.0008409261936321855,0.001193395466543734,0.0015743172261863947,0.00202375091612339,0.0025053394492715597,0.0030338354408740997,0.0036085336469113827,0.004252514336258173,0.004977844655513763,0.005778868217021227,0.006739761680364609,0.007748842239379883,0.008826211094856262,0.01008815597742796,0.011505436152219772,0.013072500005364418,0.01483604684472084,0.01675305888056755,0.019026078283786774,0.021607547998428345,0.024558180943131447,0.027902046218514442,0.031720906496047974,0.03594033420085907,0.04075908288359642,0.046222321689128876,0.05230484902858734,0.05885578691959381,0.0656721368432045,0.07278122752904892,0.08023936301469803,0.0879087969660759,0.09558156877756119,0.10341164469718933,0.11072559654712677,0.11773041635751724,0.12436393648386002,0.13089218735694885,0.1372227966785431,0.14315436780452728,0.14900560677051544,0.15476712584495544,0.1609567105770111,0.16612595319747925,0.17198380827903748,0.18040135502815247
2089,0.00013339388533495367,0.0003270025481469929,0.0005690502002835274,0.0008864150149747729,0.001265050144866109,0.0016952258301898837,0.0021870462223887444,0.002738403156399727,0.0033077551051974297,0.00391811691224575,0.004568410571664572,0.005320041440427303,0.006153719499707222,0.007089818362146616,0.008096720091998577,0.009197123348712921,0.010424443520605564,0.011837312951683998,0.013358237221837044,0.01483175903558731,0.016378942877054214,0.018092753365635872,0.019970355555415154,0.022014101967215538,0.02438412606716156,0.02719627320766449,0.03019140288233757,0.03351844847202301,0.03702378645539284,0.04069219529628754,0.04467727243900299,0.049175284802913666,0.05395476892590523,0.059208646416664124,0.06468603014945984,0.06999572366476059,0.07530368864536285,0.08114243298768997,0.08716502040624619,0.09274225682020187,0.09854479134082794,0.1043204665184021,0.11051210016012192,0.11606622487306595,0.12147112935781479,0.12673263251781464,0.13206809759140015,0.13825377821922302,0.14420533180236816
2090,0.00014497779193334281,0.0003560226468835026,0.0006248294957913458,0.0009670916479080915,0.0013295355020090938,0.0017727758968248963,0.002221359172835946,0.0026946496218442917,0.0032457727938890457,0.003796461969614029,0.004424210172146559,0.0051317112520337105,0.00586486142128706,0.00666789198294282,0.007548823021352291,0.00851698499172926,0.009523076936602592,0.010692720301449299,0.011997728608548641,0.013357077725231647,0.014805376529693604,0.016462314873933792,0.018290046602487564,0.02023707516491413,0.02233218401670456,0.02475101873278618,0.027455199509859085,0.030513741075992584,0.03363298252224922,0.037146054208278656,0.040813688188791275,0.04484746977686882,0.04937414452433586,0.05410514399409294,0.0591416135430336,0.06477363407611847,0.07069527357816696,0.07711774110794067,0.083551324903965,0.09022939205169678,0.0964319035410881,0.10245013982057571,0.10920742899179459,0.11624331027269363,0.12391664832830429,0.13226482272148132,0.13947224617004395,0.14757075905799866,0.15801124274730682
2091,0.0001196737284772098,0.00029702886240556836,0.0005120750283822417,0.0007761012529954314,0.0010878476314246655,0.0014373557642102242,0.0018246877007186413,0.002279150765389204,0.0027256901375949383,0.0032466542907059193,0.0038011192809790373,0.004434481263160706,0.005093226209282875,0.0057922666892409325,0.006550844293087721,0.0073732975870370865,0.008283708244562149,0.009270045906305313,0.010471001267433167,0.011798746883869171,0.013071499764919281,0.014546277932822704,0.016098951920866966,0.017726553604006767,0.019708408042788506,0.021758195012807846,0.024159396067261696,0.02667498029768467,0.029179537668824196,0.03205272555351257,0.03522123396396637,0.038828108459711075,0.04271894693374634,0.04694897681474686,0.05168472230434418,0.05690795183181763,0.06270246207714081,0.06891222298145294,0.0752498134970665,0.08233682066202164,0.08954799175262451,0.09703946113586426,0.1055426374077797,0.11392790824174881,0.12237682938575745,0.13062328100204468,0.13803978264331818,0.14520123600959778,0.15408653020858765
2092,0.00013699140981771052,0.0003405319293960929,0.0005740768974646926,0.0008946815505623817,0.0012110804673284292,0.0016105796676129103,0.002080061472952366,0.0025909137912094593,0.0031634382903575897,0.0038661560975015163,0.004627190064638853,0.005462043918669224,0.0062645720317959785,0.007153010461479425,0.00808677263557911,0.009145054966211319,0.010251963511109352,0.011497323401272297,0.012829230166971684,0.01418399065732956,0.015573875047266483,0.0172441229224205,0.019017130136489868,0.020918050780892372,0.022901009768247604,0.025203224271535873,0.027447890490293503,0.02991427108645439,0.032695222645998,0.035752177238464355,0.03909697383642197,0.042487893253564835,0.04577096551656723,0.04970848560333252,0.053915418684482574,0.05841182917356491,0.06305360049009323,0.0682603120803833,0.0736880972981453,0.07883193343877792,0.08401510864496231,0.08884073048830032,0.09386713802814484,0.0993473082780838,0.10513028502464294,0.11120223253965378,0.11620510369539261,0.12146584689617157,0.1280662715435028
2093,0.00013288437912706286,0.00033684936352074146,0.0006020287983119488,0.0009369359468109906,0.0013727591140195727,0.0018734870245680213,0.002457436639815569,0.0030840998515486717,0.0037794483359903097,0.0044889808632433414,0.005323030054569244,0.006243051029741764,0.007198540028184652,0.008215826004743576,0.009337830357253551,0.010568860918283463,0.011939535848796368,0.013339468277990818,0.014890559017658234,0.01658555306494236,0.018407346680760384,0.020419837906956673,0.0224826131016016,0.024718457832932472,0.027268171310424805,0.029964210465550423,0.03310764580965042,0.036555662751197815,0.04048851877450943,0.04498528689146042,0.049862176179885864,0.055169686675071716,0.06122807413339615,0.06761861592531204,0.07465105503797531,0.08236312866210938,0.09088706225156784,0.0997302383184433,0.10843898355960846,0.11782338470220566,0.12744858860969543,0.137734517455101,0.14903883635997772,0.15827062726020813,0.16748261451721191,0.17659202218055725,0.18476322293281555,0.19354835152626038,0.20273303985595703
2094,0.0001515101466793567,0.00038831777055747807,0.0007179363747127354,0.0010735458927229047,0.0014845281839370728,0.0019792448729276657,0.0024968069046735764,0.0031185857951641083,0.003797454759478569,0.004484311677515507,0.005260034929960966,0.006152810994535685,0.007170059718191624,0.00835383776575327,0.00967774260789156,0.011192557401955128,0.01284265797585249,0.014759311452507973,0.016956275328993797,0.019466523081064224,0.02223694510757923,0.025249570608139038,0.02862584963440895,0.032398875802755356,0.03676483407616615,0.041750986129045486,0.04732900857925415,0.05337054282426834,0.06007353216409683,0.06714539974927902,0.07449743151664734,0.08240941166877747,0.0902024656534195,0.09837577491998672,0.10660919547080994,0.11464937031269073,0.12206821888685226,0.1296849250793457,0.13667231798171997,0.14298087358474731,0.14869175851345062,0.1537381410598755,0.15871576964855194,0.1634017825126648,0.16756071150302887,0.1722533404827118,0.1753409206867218,0.17748495936393738,0.18337951600551605
2095,0.00013501278590410948,0.0003476474084891379,0.000587158021517098,0.000910996226593852,0.00127097824588418,0.0017070063622668386,0.0022082868963479996,0.0027961337473243475,0.0034168402198702097,0.004050631076097488,0.0047906674444675446,0.005623673554509878,0.0065113878808915615,0.007384829223155975,0.008353312499821186,0.009426893666386604,0.010592478327453136,0.01181966345757246,0.01322266086935997,0.014691666699945927,0.01629650592803955,0.018112551420927048,0.02009373903274536,0.022186104208230972,0.024200206622481346,0.026138171553611755,0.02820122055709362,0.03044911101460457,0.03271017223596573,0.03527238219976425,0.03799255192279816,0.04097972437739372,0.04437088221311569,0.048130955547094345,0.05233430489897728,0.05714084953069687,0.06250178813934326,0.06817460060119629,0.07414959371089935,0.08052864670753479,0.08768567442893982,0.09567839652299881,0.10412296652793884,0.11346984654664993,0.12300588190555573,0.13178209960460663,0.1385526955127716,0.14776840806007385,0.1664746105670929
2096,0.00010714140080381185,0.00027276569744572043,0.0004627963644452393,0.0007300084689632058,0.0010418426245450974,0.001370309735648334,0.0017474396154284477,0.0021692372392863035,0.0025965417735278606,0.0030750157311558723,0.003591057611629367,0.0041681937873363495,0.004733051173388958,0.0054025305435061455,0.006077977828681469,0.006846935488283634,0.0076677314937114716,0.008620543405413628,0.009719452820718288,0.010846742428839207,0.01222645491361618,0.013767384923994541,0.015633249655365944,0.017633721232414246,0.019926642999053,0.022543100640177727,0.025425918400287628,0.028521589934825897,0.032201554626226425,0.036313679069280624,0.040903881192207336,0.04604024440050125,0.05143389850854874,0.05730458348989487,0.06323038786649704,0.06885536015033722,0.0731239840388298,0.07668585330247879,0.0798092931509018,0.08249153941869736,0.08528146892786026,0.08853067457675934,0.0916651114821434,0.0951836109161377,0.0986436977982521,0.10204345732927322,0.10567572712898254,0.1091376319527626,0.11317317187786102
2097,0.00014489309978671372,0.00038080060039646924,0.0007107303244993091,0.0011146700708195567,0.0015814799116924405,0.002073633950203657,0.0026285944040864706,0.0032347925007343292,0.0039407191798090935,0.00469688605517149,0.005476981867104769,0.006395216099917889,0.00741308368742466,0.008607940748333931,0.010125444270670414,0.011818591505289078,0.013651152141392231,0.015795662999153137,0.018043914809823036,0.020492874085903168,0.022967249155044556,0.0255927462130785,0.028470398858189583,0.03195073455572128,0.03572678938508034,0.039808616042137146,0.0443793460726738,0.04908299446105957,0.05415259301662445,0.05999487265944481,0.06674463301897049,0.07403141260147095,0.08209769427776337,0.0910964384675026,0.10146214812994003,0.11310799419879913,0.12560458481311798,0.13910284638404846,0.15454933047294617,0.17049379646778107,0.18698562681674957,0.2040586769580841,0.22092603147029877,0.23826612532138824,0.2567738890647888,0.27239304780960083,0.28706812858581543,0.30484819412231445,0.3277927041053772
2098,0.00012067360512446612,0.00030005848384462297,0.0005292197456583381,0.0008063441491685808,0.0011422540992498398,0.0015024779131636024,0.0019196439534425735,0.0023980180267244577,0.0029012442100793123,0.003437384497374296,0.004007766954600811,0.004602683242410421,0.005226952489465475,0.0059425970539450645,0.006694263778626919,0.007553303614258766,0.008514930494129658,0.009515244513750076,0.01065082848072052,0.011906716972589493,0.013393301516771317,0.014985507354140282,0.01686786487698555,0.018920909613370895,0.021340208128094673,0.024023763835430145,0.026955224573612213,0.02984916791319847,0.0331147201359272,0.03614159673452377,0.039516180753707886,0.042933713644742966,0.04634204879403114,0.0497220978140831,0.05339512228965759,0.05705626681447029,0.060408636927604675,0.06374625861644745,0.0670655220746994,0.07048966735601425,0.07444144785404205,0.07901148498058319,0.08397411555051804,0.08894495666027069,0.09323262423276901,0.09680267423391342,0.09930375218391418,0.10205688327550888,0.10706815123558044
2099,0.00013967169797979295,0.000348002155078575,0.0006269727600738406,0.000976910931058228,0.0013915874296799302,0.0018622786737978458,0.0024369654711335897,0.0030505789909511805,0.0037204911932349205,0.004512893967330456,0.005338545888662338,0.00626784423366189,0.007320822682231665,0.008468969725072384,0.009745053946971893,0.01107925083488226,0.012490876950323582,0.014078643172979355,0.01574406772851944,0.017576221376657486,0.019509436562657356,0.021588802337646484,0.02388230711221695,0.026370547711849213,0.029379308223724365,0.032458607107400894,0.03564957156777382,0.03897874057292938,0.04270715266466141,0.04655423015356064,0.050861772149801254,0.0557074174284935,0.06071721017360687,0.06667997688055038,0.0723559558391571,0.07841838151216507,0.0853232741355896,0.09216189384460449,0.09957081079483032,0.10765987634658813,0.11560004949569702,0.12441803514957428,0.13390620052814484,0.14412268996238708,0.1534862369298935,0.16119982302188873,0.16789774596691132,0.1743645966053009,0.18078583478927612
2100,0.00015234784223139286,0.0004015218873973936,0.0007088945712894201,0.0011142757721245289,0.0016104658134281635,0.0021942572202533484,0.0028958204202353954,0.003709234995767474,0.0047181290574371815,0.005799954757094383,0.007169247604906559,0.008739139884710312,0.010408631525933743,0.012264929711818695,0.01439875178039074,0.016732292249798775,0.019250329583883286,0.02182840369641781,0.024512724950909615,0.026916831731796265,0.029242634773254395,0.031813111156225204,0.03468047082424164,0.03729302063584328,0.04014863073825836,0.04330342635512352,0.04661775380373001,0.05042044445872307,0.0547063872218132,0.059757523238658905,0.0656256228685379,0.07237266004085541,0.0804276317358017,0.08851124346256256,0.09683921933174133,0.10574853420257568,0.11488759517669678,0.12496724724769592,0.1352822482585907,0.14542654156684875,0.15404218435287476,0.162673681974411,0.16984611749649048,0.17693054676055908,0.1848139613866806,0.19383645057678223,0.20233559608459473,0.20969253778457642,0.21718856692314148
2101,0.00012141247862018645,0.000313043303322047,0.0005551274516619742,0.000867183436639607,0.0012370874173939228,0.0016621837858110666,0.0021388789173215628,0.0026579818222671747,0.0032372826244682074,0.00385202094912529,0.0045405481941998005,0.005323424469679594,0.00613409886136651,0.007079736795276403,0.008135821670293808,0.009346448816359043,0.01076390128582716,0.012250400148332119,0.014031538739800453,0.016076821833848953,0.018380634486675262,0.021174902096390724,0.024301521480083466,0.02775389514863491,0.031649768352508545,0.03588557988405228,0.040461014956235886,0.045206137001514435,0.05031953006982803,0.05532694607973099,0.06024078652262688,0.06569565832614899,0.07110350579023361,0.07636183500289917,0.08146055042743683,0.08702747523784637,0.09287674725055695,0.09894608706235886,0.10518786311149597,0.11125525832176208,0.11731624603271484,0.12350553274154663,0.12977182865142822,0.1360669583082199,0.14222243428230286,0.147905170917511,0.1542561650276184,0.15924637019634247,0.16775988042354584
2102,0.00013308999768923968,0.00030667075770907104,0.0005333269946277142,0.0008142819860950112,0.001133016194216907,0.001493288902565837,0.0018712272867560387,0.0023184758611023426,0.0028115692548453808,0.003315385663881898,0.003894490422680974,0.004459092393517494,0.005135368090122938,0.005882945843040943,0.0067127663642168045,0.007629078812897205,0.008682865649461746,0.009881896898150444,0.011323412880301476,0.012751388363540173,0.014311056584119797,0.016270846128463745,0.018010642379522324,0.02013487182557583,0.022631078958511353,0.025295037776231766,0.02790410816669464,0.03086591511964798,0.03397321328520775,0.03759174421429634,0.04139884188771248,0.04560840129852295,0.04997736215591431,0.05474528670310974,0.05987503007054329,0.06529490649700165,0.07122557610273361,0.07773292809724808,0.08480580896139145,0.09297086298465729,0.10119065642356873,0.10994242876768112,0.12007569521665573,0.13052520155906677,0.1416182667016983,0.15233418345451355,0.16249699890613556,0.1709517240524292,0.1827031821012497
2103,0.00010303095768904313,0.00026952981716021895,0.0004861449997406453,0.0007519313949160278,0.001063323114067316,0.0013850769028067589,0.0017346994718536735,0.0021003333386033773,0.0024895458482205868,0.0028833639807999134,0.0033545605838298798,0.0037781198043376207,0.004261661320924759,0.00478358706459403,0.005294223316013813,0.005865657702088356,0.006457318086177111,0.007136102765798569,0.007841462269425392,0.008698491379618645,0.009516825899481773,0.010486581362783909,0.011491849087178707,0.012442471459507942,0.013521887362003326,0.014704767614603043,0.015932250767946243,0.01727348566055298,0.018828876316547394,0.02056995779275894,0.022396430373191833,0.02434692159295082,0.026179717853665352,0.028246015310287476,0.030528323724865913,0.03296405449509621,0.035467687994241714,0.037850797176361084,0.040310293436050415,0.04274800047278404,0.045090124011039734,0.04780411720275879,0.05077281966805458,0.05382196232676506,0.05682330206036568,0.05997784063220024,0.06326153129339218,0.0670146718621254,0.07242309302091599
2104,0.00011955454829148948,0.0003067304496653378,0.0005390095757320523,0.0008323071524500847,0.0011752942809835076,0.0016009785467758775,0.0020720732863992453,0.002594029065221548,0.0031673419289290905,0.0037848223000764847,0.004449543077498674,0.0051705436781048775,0.005973993334919214,0.006755680311471224,0.007596923969686031,0.008474855683743954,0.009382851421833038,0.010275141336023808,0.011188008822500706,0.012108336202800274,0.012994587421417236,0.01398483756929636,0.015008384361863136,0.01605328544974327,0.017147189006209373,0.018393244594335556,0.019747419282794,0.021051442250609398,0.022343747317790985,0.023890890181064606,0.025554604828357697,0.02749013528227806,0.0295157078653574,0.03171619400382042,0.03403165936470032,0.03635147958993912,0.03929319232702255,0.04240679740905762,0.04568400979042053,0.04958565905690193,0.053869277238845825,0.059049565345048904,0.06439559161663055,0.07074688374996185,0.07773739844560623,0.08482551574707031,0.09276272356510162,0.10168521106243134,0.11303692311048508
2105,0.00012568311649374664,0.00032211822690442204,0.0005603110184893012,0.0008748584659770131,0.001231107278726995,0.0016427745576947927,0.0021051077637821436,0.0025991552975028753,0.003193665063008666,0.0038337241858243942,0.004567794501781464,0.005361642688512802,0.006174439564347267,0.007129293400794268,0.008110987022519112,0.009335631504654884,0.01060670055449009,0.011997551657259464,0.013469258323311806,0.015022746287286282,0.01692049577832222,0.01913895085453987,0.021597977727651596,0.024262728169560432,0.02716798335313797,0.03046763315796852,0.034017305821180344,0.03773435950279236,0.04197368770837784,0.04668173938989639,0.05151153355836868,0.05666927248239517,0.062456030398607254,0.06830213963985443,0.07421471178531647,0.08035915344953537,0.08643237501382828,0.09216509014368057,0.09766937792301178,0.10280635952949524,0.10776421427726746,0.11298096179962158,0.1181512176990509,0.12322836369276047,0.12752000987529755,0.13163214921951294,0.13558273017406464,0.13944773375988007,0.14303281903266907
2106,0.0001230693596880883,0.0003029278013855219,0.0005440780660137534,0.0008361918153241277,0.0011647107312455773,0.0015516263665631413,0.0019973274320364,0.002472345717251301,0.003079070709645748,0.0037291510961949825,0.004471523687243462,0.0053658331744372845,0.006280471570789814,0.007226299494504929,0.008280349895358086,0.009349323809146881,0.01052017230540514,0.011650714091956615,0.012917988933622837,0.014402126893401146,0.016087904572486877,0.018086235970258713,0.020145192742347717,0.022581232711672783,0.025348689407110214,0.028428273275494576,0.03168231248855591,0.03519323095679283,0.03889799863100052,0.04285673797130585,0.0468558743596077,0.051051851361989975,0.05503412336111069,0.05907837301492691,0.06330391764640808,0.06698745489120483,0.07040999084711075,0.07407950609922409,0.07782447338104248,0.08147880434989929,0.0850532054901123,0.08906318247318268,0.09364873915910721,0.09895884245634079,0.10428816825151443,0.10875140130519867,0.11270254850387573,0.1179238110780716,0.12470462918281555
2107,0.00012673465244006366,0.000310708797769621,0.0005446933791972697,0.0008215522393584251,0.0011533264769241214,0.0015272727468982339,0.0019504674710333347,0.0024672984145581722,0.0030390152242034674,0.0036593598779290915,0.004307669121772051,0.005046521779149771,0.005850013345479965,0.006704563740640879,0.00761132687330246,0.008615585044026375,0.00980214774608612,0.0110370684415102,0.012468202039599419,0.01400711014866829,0.015730254352092743,0.017692305147647858,0.01993347331881523,0.02251269482076168,0.025454625487327576,0.028781844303011894,0.03256868198513985,0.036714158952236176,0.04108074679970741,0.04582476615905762,0.0508386604487896,0.056181855499744415,0.0621650293469429,0.06851354241371155,0.07532475143671036,0.08219817280769348,0.08973510563373566,0.09711741656064987,0.10528581589460373,0.11418667435646057,0.12311463803052902,0.13231980800628662,0.14161022007465363,0.15169638395309448,0.16209974884986877,0.17122961580753326,0.1779787242412567,0.18442115187644958,0.19220560789108276
2108,0.00013662874698638916,0.00034425267949700356,0.0005996854742988944,0.0009205890237353742,0.0012807711027562618,0.0016591483727097511,0.0020961619447916746,0.0025477944873273373,0.003087440272793174,0.0036201674956828356,0.00420005340129137,0.004864778369665146,0.005539258010685444,0.006369955837726593,0.007211231626570225,0.008166114799678326,0.009258789010345936,0.01047578826546669,0.011843222193419933,0.0134038170799613,0.015251400880515575,0.017322473227977753,0.01972060278058052,0.022501561790704727,0.025669362396001816,0.029213108122348785,0.033130891621112823,0.03732205554842949,0.04215197265148163,0.047174517065286636,0.05279991775751114,0.05875455215573311,0.06477229297161102,0.07101836800575256,0.07762417942285538,0.08426889032125473,0.0910334661602974,0.09793268889188766,0.10508068650960922,0.11236414313316345,0.11976313591003418,0.12687471508979797,0.1349835991859436,0.14354223012924194,0.15322542190551758,0.16387325525283813,0.17485378682613373,0.18554161489009857,0.19771909713745117
2109,0.00014487958105746657,0.000338481884682551,0.0005853784386999905,0.0009097361471503973,0.0012642048532143235,0.001691696117632091,0.0021412111818790436,0.002682741964235902,0.0032308856025338173,0.003874067449942231,0.004542725160717964,0.005319505929946899,0.006061140447854996,0.006988009437918663,0.007984829135239124,0.009089544415473938,0.010236619971692562,0.011556494981050491,0.013034465722739697,0.014766836538910866,0.01679922454059124,0.019033605232834816,0.021459171548485756,0.024116985499858856,0.02711239457130432,0.030510999262332916,0.034081682562828064,0.03810232877731323,0.04234631359577179,0.04679271951317787,0.05165606737136841,0.05679107457399368,0.062077514827251434,0.06792017072439194,0.07335952669382095,0.07885386794805527,0.08442550152540207,0.09002937376499176,0.09599392116069794,0.10191197693347931,0.10782180726528168,0.11426421999931335,0.12058404088020325,0.12741638720035553,0.1344747394323349,0.14122354984283447,0.1478971242904663,0.1542637050151825,0.16061292588710785
2110,0.00013542745728045702,0.00031395003315992653,0.0005359196220524609,0.0008341465727426112,0.0011542499996721745,0.0015526650240644813,0.002005112823098898,0.00244356831535697,0.003074072068557143,0.003590708365663886,0.004138500429689884,0.004737726412713528,0.00529437605291605,0.005960467737168074,0.006570588331669569,0.007176397833973169,0.007795030251145363,0.008540238253772259,0.00931050069630146,0.01012037880718708,0.010936393402516842,0.011932273395359516,0.012961449101567268,0.014139124192297459,0.015426909551024437,0.016820060089230537,0.018513035029172897,0.020448287948966026,0.02269924432039261,0.02519388496875763,0.02806542068719864,0.03131783753633499,0.03519202023744583,0.03946886956691742,0.044485025107860565,0.05042155459523201,0.05727154016494751,0.06530208140611649,0.07346829771995544,0.08329623937606812,0.09354957938194275,0.10455851256847382,0.11701620370149612,0.13128362596035004,0.14670157432556152,0.1625719666481018,0.17945967614650726,0.19874703884124756,0.2212357521057129
2111,0.0001308582432102412,0.00030787798459641635,0.0005167855997569859,0.000781480164732784,0.0010840557515621185,0.0014589614002034068,0.00185000104829669,0.002281361958011985,0.002809212077409029,0.0034015695564448833,0.003999094013124704,0.004650152288377285,0.005400305613875389,0.006188645493239164,0.007044697646051645,0.008044807240366936,0.009136976674199104,0.010337655432522297,0.01173478364944458,0.013419653289020061,0.015187207609415054,0.01711009070277214,0.019298803061246872,0.0216841958463192,0.024266157299280167,0.027442006394267082,0.030883971601724625,0.034575704485177994,0.038355790078639984,0.042428333312273026,0.04650488495826721,0.050696440041065216,0.05512778460979462,0.05959085747599602,0.0638747587800026,0.06810671091079712,0.07233413308858871,0.07637079060077667,0.08065982908010483,0.08483366668224335,0.0889953225851059,0.09354451298713684,0.09802182018756866,0.10222584009170532,0.10581477731466293,0.10930272191762924,0.1127588301897049,0.11652986705303192,0.12135700136423111
2112,0.00012709415750578046,0.0003290513122919947,0.0005389419384300709,0.0008273070561699569,0.0011675723362714052,0.001547339023090899,0.0019544600509107113,0.0023937146179378033,0.0028905700892210007,0.003430186538025737,0.003951451741158962,0.00450987508520484,0.005130705423653126,0.005808879621326923,0.006471307948231697,0.007210477255284786,0.008045685477554798,0.00892946682870388,0.00986071303486824,0.010816892609000206,0.011903319507837296,0.012980435974895954,0.014228597283363342,0.01563333347439766,0.01707017794251442,0.01856258511543274,0.020127134397625923,0.0216614231467247,0.02319744974374771,0.025025488808751106,0.026632243767380714,0.028370000422000885,0.0299981739372015,0.031838782131671906,0.03370758891105652,0.03576286882162094,0.037969063967466354,0.0402710996568203,0.04277610033750534,0.045255448669195175,0.048138510435819626,0.05139579623937607,0.0550074428319931,0.05856062471866608,0.06227470561861992,0.06548726558685303,0.06874994933605194,0.07260626554489136,0.0780302882194519
2113,0.00014724707580171525,0.00041706423508003354,0.0007557142525911331,0.0011858355719596148,0.001684754271991551,0.0022934775333851576,0.002915372373536229,0.0036012427881360054,0.004412165377289057,0.005200318526476622,0.006139758042991161,0.007205123081803322,0.008431212976574898,0.009825751185417175,0.011445057578384876,0.013288346119225025,0.015496192499995232,0.01797940954566002,0.020572716370224953,0.023692622780799866,0.027059275656938553,0.030769068747758865,0.03465038165450096,0.038906849920749664,0.04327474534511566,0.04777773469686508,0.05219901353120804,0.05719678848981857,0.062345072627067566,0.06731577217578888,0.07216503471136093,0.07685717940330505,0.08160530775785446,0.08690831065177917,0.09257742017507553,0.09845151007175446,0.10463035106658936,0.11071841418743134,0.11674478650093079,0.12262624502182007,0.12805962562561035,0.13411715626716614,0.14058132469654083,0.14762072265148163,0.15459918975830078,0.16039365530014038,0.16534708440303802,0.17045721411705017,0.17687372863292694
2114,0.00014193591778166592,0.0003420581924729049,0.0005989149794913828,0.0009432617807760835,0.001335619017481804,0.0017837665509432554,0.0022886774968355894,0.0028642741963267326,0.003493957221508026,0.004238572902977467,0.005166561342775822,0.006176292896270752,0.007317546755075455,0.008640882559120655,0.01018079649657011,0.011953085660934448,0.013964617624878883,0.01626378670334816,0.018740912899374962,0.0215761661529541,0.024676263332366943,0.02809053286910057,0.03184378147125244,0.03596898168325424,0.040463365614414215,0.045080892741680145,0.049656011164188385,0.0546104796230793,0.059703633189201355,0.06472139805555344,0.06978156417608261,0.07519321143627167,0.08069568127393723,0.08626028895378113,0.0913437157869339,0.09686736017465591,0.10235822200775146,0.10809728503227234,0.11423318833112717,0.12072740495204926,0.12774398922920227,0.1350657194852829,0.14234039187431335,0.14950203895568848,0.15660029649734497,0.16510732471942902,0.1742473691701889,0.18220500648021698,0.19024595618247986
2115,0.0001563198457006365,0.0004001533961854875,0.0006996290758252144,0.0010857547167688608,0.001546798157505691,0.002132020192220807,0.002763918833807111,0.0034622331149876118,0.004195261746644974,0.005016453564167023,0.005906098522245884,0.006914770230650902,0.008053715340793133,0.009337191469967365,0.01058687549084425,0.012059157714247704,0.013743095099925995,0.015486842021346092,0.01749107800424099,0.01961687207221985,0.022012237459421158,0.024400949478149414,0.027228552848100662,0.03033212013542652,0.03362055495381355,0.03713652491569519,0.040955543518066406,0.04486585780978203,0.04915623366832733,0.05360816419124603,0.0581364631652832,0.06300026178359985,0.06794162839651108,0.0732136219739914,0.07874009013175964,0.0846756100654602,0.090855173766613,0.09721718728542328,0.1031704843044281,0.10986316204071045,0.11638030409812927,0.12343078851699829,0.12995600700378418,0.13586130738258362,0.1408383846282959,0.14502395689487457,0.14895066618919373,0.15255117416381836,0.15679311752319336
2116,0.00011969576735282317,0.0002830646117217839,0.0004792722756974399,0.0007320051081478596,0.0010152726899832487,0.0013520399807021022,0.0016987576382234693,0.002076460514217615,0.002485469449311495,0.0029564588330686092,0.0034311688505113125,0.003985438495874405,0.004569884389638901,0.005208038724958897,0.005864741280674934,0.006564189679920673,0.007323963567614555,0.008132832124829292,0.00899435393512249,0.009950973093509674,0.011048119515180588,0.01214258000254631,0.013483497314155102,0.014857728034257889,0.016445862129330635,0.018278945237398148,0.020458262413740158,0.02278052642941475,0.02541918307542801,0.028603531420230865,0.03197035193443298,0.03583727404475212,0.03995291143655777,0.04445483908057213,0.04907159507274628,0.05379321053624153,0.05846100300550461,0.06343480944633484,0.06839560717344284,0.07382789254188538,0.07951980829238892,0.08514046669006348,0.09105121344327927,0.0970219075679779,0.10268354415893555,0.10794302821159363,0.11410380899906158,0.11953693628311157,0.12475190311670303
2117,0.00014148192713037133,0.00034812354715541005,0.0005916132940910757,0.0009297260548919439,0.0013169872108846903,0.0017664670012891293,0.00224487716332078,0.0027804062701761723,0.0033670300617814064,0.004013437312096357,0.00472477450966835,0.005545907653868198,0.006406877655535936,0.007370261941105127,0.008434312418103218,0.009616482071578503,0.011008204892277718,0.012499378994107246,0.014200188219547272,0.01608736254274845,0.018214184790849686,0.02069903165102005,0.02339085191488266,0.026311546564102173,0.02933955192565918,0.03250046819448471,0.036047279834747314,0.039718128740787506,0.04368368163704872,0.04814309626817703,0.052982352674007416,0.0576750785112381,0.06269592046737671,0.06805270910263062,0.07365879416465759,0.07975451648235321,0.0863644927740097,0.09334074705839157,0.10050180554389954,0.10829305648803711,0.11621765792369843,0.12462975084781647,0.13363473117351532,0.14376163482666016,0.15395066142082214,0.1646304726600647,0.1753987818956375,0.185590922832489,0.195875883102417
2118,0.00013391359243541956,0.00037431606324389577,0.00073823711136356,0.001236212090589106,0.001902383635751903,0.0027044012676924467,0.0036110524088144302,0.0044963164255023,0.005488990806043148,0.006512119434773922,0.007594984956085682,0.00883868895471096,0.010224200785160065,0.011683600023388863,0.013374490663409233,0.015230855904519558,0.017187882214784622,0.019339298829436302,0.021624252200126648,0.024165844544768333,0.026839882135391235,0.029628796502947807,0.032521169632673264,0.035658806562423706,0.039013464003801346,0.04274782910943031,0.046782705932855606,0.05125119909644127,0.055768661201000214,0.06037791073322296,0.06495402008295059,0.06971775740385056,0.07469821721315384,0.08005125820636749,0.08540919423103333,0.09043489396572113,0.09579570591449738,0.1012270450592041,0.10695825517177582,0.11368557810783386,0.12128334492444992,0.13046999275684357,0.14032778143882751,0.15018276870250702,0.16106799244880676,0.17264223098754883,0.18447566032409668,0.19777777791023254,0.21737603843212128
2119,0.00011727797391358763,0.0002990241628140211,0.0005518223624676466,0.0008840920054353774,0.0012926104245707393,0.0017957056406885386,0.0023901397362351418,0.003070213133469224,0.0038437573239207268,0.004709647502750158,0.005704519804567099,0.006917714141309261,0.008253809064626694,0.009680629707872868,0.01135164126753807,0.013187715783715248,0.015301290899515152,0.01757139153778553,0.020067274570465088,0.022677171975374222,0.025593191385269165,0.028793176636099815,0.032342329621315,0.036025553941726685,0.040159739553928375,0.04462049528956413,0.04952549561858177,0.05478087440133095,0.060243986546993256,0.06605640798807144,0.0720575824379921,0.07858137041330338,0.08538104593753815,0.09272745251655579,0.10109113156795502,0.10961218923330307,0.11869660019874573,0.1285015493631363,0.13813188672065735,0.14823469519615173,0.1588061898946762,0.16848242282867432,0.1775265485048294,0.18578150868415833,0.19380471110343933,0.200862318277359,0.20763550698757172,0.21361008286476135,0.21917876601219177
2120,0.00010621746332617477,0.0002606338239274919,0.0004390549147501588,0.0006772794295102358,0.0009549090173095465,0.0012669938150793314,0.0016227104933932424,0.001999183092266321,0.002437710063531995,0.0029466873966157436,0.0034359272103756666,0.004025363363325596,0.004627380520105362,0.005302510689944029,0.005991209298372269,0.006735113449394703,0.007598322816193104,0.00848998874425888,0.009504485875368118,0.0105312904343009,0.01157713308930397,0.01295091025531292,0.014382090419530869,0.015861401334404945,0.017536766827106476,0.019375277683138847,0.021474357694387436,0.02368379756808281,0.025992507115006447,0.02867603302001953,0.031520944088697433,0.03452954441308975,0.03740495443344116,0.04042121767997742,0.043145373463630676,0.045759525150060654,0.04858814924955368,0.05142485350370407,0.05429381877183914,0.057274892926216125,0.060161445289850235,0.06317918747663498,0.06652386486530304,0.06997276097536087,0.07313094288110733,0.07637926936149597,0.07900834083557129,0.08216825872659683,0.08523682504892349
2121,0.00012752439943142235,0.00030031066853553057,0.0004975705523975194,0.0007431083358824253,0.0010342297609895468,0.0013657668605446815,0.0017637764103710651,0.002180635929107666,0.0026603774167597294,0.003174814395606518,0.003765991423279047,0.004418669268488884,0.005199463572353125,0.0061056711710989475,0.007078574039041996,0.008207952603697777,0.009537458419799805,0.01089890580624342,0.012495257891714573,0.014221650548279285,0.016041995957493782,0.018079770728945732,0.02025897055864334,0.02262371964752674,0.025106262415647507,0.02762579172849655,0.030194133520126343,0.0327363982796669,0.03524435684084892,0.03786122426390648,0.04049501195549965,0.04331788420677185,0.04627491906285286,0.04938089847564697,0.05265134572982788,0.05629561096429825,0.06029071658849716,0.06441716849803925,0.06912978738546371,0.07378123700618744,0.07904020696878433,0.08545996248722076,0.09226512908935547,0.10084029287099838,0.11032429337501526,0.1194721981883049,0.13193659484386444,0.1456289291381836,0.1616106778383255
2122,0.0001258885022252798,0.0002911522751674056,0.000499291461892426,0.0007647616439498961,0.0010609976015985012,0.0014117304235696793,0.0018116736318916082,0.0022544374223798513,0.002739907242357731,0.003278210526332259,0.0038356701843440533,0.004469043575227261,0.005125131923705339,0.005902507342398167,0.006759163923561573,0.007716662250459194,0.008911581709980965,0.010123765096068382,0.011525247246026993,0.013121584430336952,0.014597414061427116,0.016210930421948433,0.017912285402417183,0.01981428638100624,0.021763380616903305,0.023835314437747,0.026092395186424255,0.028425056487321854,0.031038202345371246,0.03389150649309158,0.037005215883255005,0.040414147078990936,0.04429873451590538,0.048599742352962494,0.053238123655319214,0.057892248034477234,0.06279441714286804,0.0680210143327713,0.07322703301906586,0.07827555388212204,0.08309689164161682,0.0879034548997879,0.09274006634950638,0.09728018939495087,0.10195088386535645,0.10644474625587463,0.10992646962404251,0.11322593688964844,0.11688046902418137
2123,0.00016048230463638902,0.0003956622094847262,0.0006823923904448748,0.0010747991036623716,0.0015363178681582212,0.002063884399831295,0.00268259784206748,0.003306285012513399,0.004036118276417255,0.00478246109560132,0.005608809180557728,0.006553880870342255,0.007670781575143337,0.008825166150927544,0.010191213339567184,0.011705160140991211,0.01341002993285656,0.015323708765208721,0.01749865524470806,0.02007213979959488,0.02302546612918377,0.026412473991513252,0.030080920085310936,0.03422598913311958,0.03865772485733032,0.043421752750873566,0.04848325252532959,0.053993046283721924,0.06008324772119522,0.06657920777797699,0.07276634126901627,0.07893627882003784,0.08530402183532715,0.09265156090259552,0.10082734376192093,0.10974852740764618,0.11936558783054352,0.12905530631542206,0.13900481164455414,0.14956200122833252,0.1601458340883255,0.1700975000858307,0.17940013110637665,0.18902026116847992,0.19769662618637085,0.2054237574338913,0.21187034249305725,0.21787655353546143,0.22713956236839294
2124,0.00012470458750613034,0.0002938363468274474,0.0005119245033711195,0.0008042617700994015,0.0011252680560573936,0.0015308635774999857,0.001980201806873083,0.002481832168996334,0.003034773748368025,0.003691356861963868,0.00444569019600749,0.00520592276006937,0.006017514504492283,0.0068845003843307495,0.007795970421284437,0.00881945714354515,0.009888850152492523,0.011045500636100769,0.012370646931231022,0.013710635714232922,0.01511833444237709,0.016651565209031105,0.018202152103185654,0.019869638606905937,0.02155824936926365,0.023408737033605576,0.025358254089951515,0.027589477598667145,0.02979789488017559,0.03222791850566864,0.034739900380373,0.03744152933359146,0.04031126946210861,0.043414946645498276,0.046822160482406616,0.05027475953102112,0.053889576345682144,0.057887002825737,0.0622558631002903,0.06692303717136383,0.07185304164886475,0.07712860405445099,0.0830475389957428,0.0892195850610733,0.09612583369016647,0.10370659083127975,0.11231664568185806,0.12151533365249634,0.13231121003627777
2125,0.00012432053335942328,0.00029119447572156787,0.0005028799641877413,0.0007711901562288404,0.0010708223562687635,0.0014183204621076584,0.0017661774763837457,0.0021151360124349594,0.0025225661229342222,0.002925566164776683,0.0033113667741417885,0.0037682498805224895,0.004208267666399479,0.004714620765298605,0.005205313675105572,0.005757036153227091,0.006314190570265055,0.006863241083920002,0.007406017743051052,0.007960518822073936,0.008481486700475216,0.00909749697893858,0.009677895344793797,0.010324724018573761,0.0110042504966259,0.011839145794510841,0.0126790227368474,0.013543052598834038,0.014552649110555649,0.015665151178836823,0.01692943461239338,0.018182195723056793,0.01962433010339737,0.021083619445562363,0.022734016180038452,0.024645250290632248,0.026783034205436707,0.02931620180606842,0.032151345163583755,0.035346902906894684,0.03866514191031456,0.04247983545064926,0.046522390097379684,0.05099572241306305,0.05548395216464996,0.06084141507744789,0.06616837531328201,0.07208152860403061,0.07912369817495346
2126,0.0001229724584845826,0.00030768068972975016,0.0005212375544942915,0.0008007048745639622,0.0011026969878003001,0.0014467028668150306,0.0018161593470722437,0.0022182432003319263,0.0026170876808464527,0.0030558197759091854,0.0035135275684297085,0.004041178151965141,0.00458792457357049,0.005114090163260698,0.005741243716329336,0.0064168102107942104,0.007138555869460106,0.007953387685120106,0.008894125930964947,0.009882808662950993,0.01107893418520689,0.012254679575562477,0.013622836209833622,0.015122933313250542,0.016780149191617966,0.018395738676190376,0.020429713651537895,0.022649748250842094,0.025150300934910774,0.027858659625053406,0.03095158562064171,0.03432539850473404,0.03772536665201187,0.041916489601135254,0.04669545590877533,0.05179055035114288,0.05715329945087433,0.06286478042602539,0.06936101615428925,0.07619370520114899,0.08363302052021027,0.09207859635353088,0.10074350982904434,0.11011610180139542,0.11997611075639725,0.12901030480861664,0.13505339622497559,0.14143848419189453,0.14959649741649628
2127,0.000130249944049865,0.0003122702182736248,0.0005444160779006779,0.0008493917994201183,0.001210581511259079,0.0015870648203417659,0.0019813820254057646,0.002498691203072667,0.0030603210907429457,0.0037095346488058567,0.004446998704224825,0.005264538340270519,0.006181376054883003,0.007225941400974989,0.008395505137741566,0.00968465581536293,0.011106355115771294,0.012781402096152306,0.014555241912603378,0.016388220712542534,0.018458692356944084,0.020746275782585144,0.023397885262966156,0.02608802169561386,0.029053131118416786,0.03233139216899872,0.03617607802152634,0.0402698814868927,0.04439013451337814,0.04852766543626785,0.05264467000961304,0.05685180053114891,0.0612114816904068,0.06560435146093369,0.07051362097263336,0.07497138530015945,0.07941276580095291,0.08378878235816956,0.087882399559021,0.0926956906914711,0.09701661020517349,0.10170626640319824,0.10574814677238464,0.10950784385204315,0.11330066621303558,0.11716605722904205,0.1212843805551529,0.12629467248916626,0.1332535743713379
2128,0.00013848855451215059,0.0003404678718652576,0.0005941657582297921,0.0009087412036024034,0.0012808972969651222,0.001684951945208013,0.0021712002344429493,0.002675477648153901,0.003235036274418235,0.0038559851236641407,0.004536095075309277,0.005322669632732868,0.006204794626682997,0.007182846311479807,0.008314104750752449,0.0095610860735178,0.010992659255862236,0.012670815922319889,0.014600572176277637,0.016812684014439583,0.019285069778561592,0.02214893512427807,0.025218825787305832,0.028613321483135223,0.0324413925409317,0.03683030977845192,0.04151659831404686,0.04649389162659645,0.05168692022562027,0.057225778698921204,0.06314504146575928,0.0695360079407692,0.07562035322189331,0.08189312368631363,0.08819027245044708,0.09441772848367691,0.1007331907749176,0.10659323632717133,0.11232252418994904,0.11806876957416534,0.123886838555336,0.1302107870578766,0.13712574541568756,0.14423415064811707,0.1509513556957245,0.15772099792957306,0.1646568477153778,0.17260317504405975,0.18177039921283722
2129,0.00012279704969841987,0.0002874450001399964,0.0005143525777384639,0.0007908436236903071,0.0011121653951704502,0.0015086953062564135,0.0018970263190567493,0.0023275879211723804,0.0027554917614907026,0.0032747986260801554,0.0038225646130740643,0.004465068690478802,0.005150584504008293,0.005873371381312609,0.006616292521357536,0.007459511049091816,0.00841711275279522,0.009412862360477448,0.010474883019924164,0.011555918492376804,0.012751917354762554,0.014136329293251038,0.01553366333246231,0.017015213146805763,0.018567964434623718,0.02029418759047985,0.022166626527905464,0.024274108931422234,0.026543404906988144,0.02887270599603653,0.03145742788910866,0.03406955301761627,0.03685922548174858,0.03995714336633682,0.043357983231544495,0.047059960663318634,0.051460810005664825,0.05633048340678215,0.061566270887851715,0.06709280610084534,0.0737333595752716,0.0810357853770256,0.08949855715036392,0.09892330318689346,0.10890695452690125,0.11969824880361557,0.13087134063243866,0.14232319593429565,0.15460830926895142
2130,0.00014728006499353796,0.0003582935023587197,0.0006075914134271443,0.0009342767298221588,0.0013027902459725738,0.0017704532947391272,0.0022852537222206593,0.002869154792279005,0.003606377635151148,0.0044917757622897625,0.005554739385843277,0.0068091899156570435,0.008191301487386227,0.009641255252063274,0.011172639206051826,0.012830425053834915,0.01458236388862133,0.016203690320253372,0.017685238271951675,0.01952064409852028,0.021344522014260292,0.023213030770421028,0.0250433087348938,0.026960857212543488,0.029122043401002884,0.03130580484867096,0.03364809229969978,0.035953108221292496,0.03871787339448929,0.041700780391693115,0.044954780489206314,0.04865182936191559,0.05310743302106857,0.05802924185991287,0.06343187391757965,0.06945347785949707,0.07633088529109955,0.08369633555412292,0.09157521277666092,0.10039692372083664,0.11017461866140366,0.12107616662979126,0.13297195732593536,0.1442297399044037,0.1561516672372818,0.169015035033226,0.18267686665058136,0.19402135908603668,0.20647752285003662
2131,0.00014164789172355086,0.00032674369867891073,0.0005618330906145275,0.0008400494698435068,0.0011683499906212091,0.0015039164572954178,0.0018984007183462381,0.0023264256305992603,0.0027854423969984055,0.003258954733610153,0.003757261671125889,0.00432203896343708,0.004950898699462414,0.005572202615439892,0.00616831611841917,0.006849139928817749,0.0076103354804217815,0.008394348435103893,0.009265648201107979,0.01026393473148346,0.011327646672725677,0.012486360035836697,0.013801335357129574,0.015299970284104347,0.01691490225493908,0.01881035976111889,0.020880647003650665,0.023128584027290344,0.025842443108558655,0.02903595194220543,0.03246742859482765,0.03626420721411705,0.04073408246040344,0.046024393290281296,0.05200985446572304,0.05881470441818237,0.0661981850862503,0.0742565467953682,0.08353172987699509,0.0933980718255043,0.10382679849863052,0.11580823361873627,0.12858010828495026,0.14211755990982056,0.1562875658273697,0.16945120692253113,0.18427631258964539,0.19881869852542877,0.21398933231830597
2132,0.00012156390585005283,0.00028975476743653417,0.0004965513362549245,0.0007658315589651465,0.0010549756698310375,0.001409481163136661,0.001786729320883751,0.0021743231918662786,0.002607662696391344,0.0031002399045974016,0.003591618500649929,0.004175849258899689,0.004831710830330849,0.005455873440951109,0.006032980512827635,0.006691992282867432,0.007433158345520496,0.008154323324561119,0.00895095244050026,0.009833586402237415,0.010692315176129341,0.011599897406995296,0.012611519545316696,0.013718209229409695,0.015012133866548538,0.016161242499947548,0.01752058044075966,0.018970970064401627,0.020348839461803436,0.021821796894073486,0.02345818467438221,0.02537970431149006,0.02739616669714451,0.029712174087762833,0.03211973235011101,0.03481621295213699,0.03771057352423668,0.04137324541807175,0.045137181878089905,0.04924754425883293,0.053533997386693954,0.05801811069250107,0.06276372075080872,0.06774663925170898,0.07336477935314178,0.07838459312915802,0.08282729238271713,0.08673065155744553,0.09113511443138123
2133,0.00010995731281582266,0.0002791991864796728,0.0004922531079500914,0.0007598035153932869,0.0010766350897029042,0.001455351011827588,0.0018609354738146067,0.002328262198716402,0.0028047459200024605,0.003353162668645382,0.0039302450604736805,0.004568060394376516,0.0052630165591835976,0.0060363998636603355,0.006851404905319214,0.007762465626001358,0.008756006136536598,0.009913313202559948,0.011141185648739338,0.012595701031386852,0.014223674312233925,0.016160055994987488,0.018170975148677826,0.02037646248936653,0.02294228784739971,0.02580716833472252,0.02908884733915329,0.03272978216409683,0.03676173835992813,0.04089385271072388,0.045095767825841904,0.04969976097345352,0.05448416620492935,0.059537842869758606,0.06507622450590134,0.07079510390758514,0.07687939703464508,0.0832013189792633,0.08988338708877563,0.09717287123203278,0.10488580912351608,0.1139182448387146,0.12357669323682785,0.13394346833229065,0.14476996660232544,0.1539757251739502,0.16144178807735443,0.1691853553056717,0.1805078536272049
2134,0.00014230675878934562,0.0003857605915982276,0.0007167784497141838,0.0011358606861904263,0.0016355491243302822,0.002211138606071472,0.0028876299038529396,0.0036043759901076555,0.00437574228271842,0.005255881231278181,0.006203271448612213,0.007266081869602203,0.008431725203990936,0.009695243090391159,0.011178245767951012,0.012797856703400612,0.014635156840085983,0.01663033664226532,0.01890619285404682,0.021293601021170616,0.02395777590572834,0.026827163994312286,0.030037565156817436,0.03338652849197388,0.03707348555326462,0.04104956239461899,0.04531329497694969,0.05004076659679413,0.05554962530732155,0.06105745583772659,0.0669068694114685,0.07297016680240631,0.07912614941596985,0.08565326035022736,0.0918799638748169,0.09808485209941864,0.10468479990959167,0.11127106845378876,0.11814526468515396,0.12463566660881042,0.13144658505916595,0.13810329139232635,0.14435020089149475,0.15091285109519958,0.15695305168628693,0.16272805631160736,0.1685900092124939,0.17368632555007935,0.17927375435829163
2135,0.00011383200762793422,0.0002837255597114563,0.0005040138494223356,0.0007925389800220728,0.0011206746567040682,0.0015565532958135009,0.0020301768090575933,0.0025924881920218468,0.003251582384109497,0.0040346295572817326,0.004924335516989231,0.006069792900234461,0.007408320903778076,0.009054120630025864,0.010825492441654205,0.012790551409125328,0.01507457997649908,0.0176161490380764,0.02049800381064415,0.023633349686861038,0.026794079691171646,0.030006978660821915,0.0333201140165329,0.036926254630088806,0.04084673151373863,0.04516144096851349,0.04980777949094772,0.054831236600875854,0.05983339250087738,0.06482751667499542,0.07000732421875,0.07504560053348541,0.08020457625389099,0.08513036370277405,0.0897550955414772,0.0944272056221962,0.09932663291692734,0.10460567474365234,0.10993488132953644,0.11519266664981842,0.12076554447412491,0.1252417117357254,0.13016510009765625,0.13436037302017212,0.137508362531662,0.1414099633693695,0.1451377272605896,0.14934077858924866,0.15426433086395264
2136,0.00010795120761031285,0.0002647451765369624,0.0004576441424433142,0.0007169734453782439,0.0010335498955100775,0.0014033454935997725,0.0018204241059720516,0.0023122073616832495,0.002900224644690752,0.003526210319250822,0.004205817356705666,0.005000379867851734,0.005852769128978252,0.006737207528203726,0.00770777091383934,0.008738650940358639,0.009867563843727112,0.011042674072086811,0.012226461432874203,0.013459119014441967,0.014934210106730461,0.01637527532875538,0.018060771748423576,0.019821740686893463,0.02178417704999447,0.02395421452820301,0.02639271318912506,0.02910512313246727,0.032014746218919754,0.03517284616827965,0.03854912146925926,0.042090628296136856,0.04587320238351822,0.049423739314079285,0.05299535393714905,0.05641802400350571,0.0595024898648262,0.062448758631944656,0.06500343978404999,0.06750193238258362,0.06960608065128326,0.07120580971240997,0.07236789166927338,0.07310530543327332,0.07305258512496948,0.07283709198236465,0.07265740633010864,0.07393953204154968,0.07848216593265533
2137,0.0001556371571496129,0.00039362406823784113,0.0006875715916976333,0.001049522659741342,0.0014513761270791292,0.0019129510037600994,0.0024426805321127176,0.0030888833571225405,0.0037626908160746098,0.004526786506175995,0.005586737766861916,0.006832658313214779,0.00779145210981369,0.008809446357190609,0.009851323440670967,0.01112608052790165,0.012508658692240715,0.014128673821687698,0.015973245725035667,0.01800066977739334,0.020054742693901062,0.02243850938975811,0.025686223059892654,0.028450343757867813,0.03151564300060272,0.03479580953717232,0.03799669072031975,0.0409214049577713,0.04475849121809006,0.04903290048241615,0.05389966815710068,0.05888728052377701,0.06387046724557877,0.06909287720918655,0.07405049353837967,0.07905490696430206,0.08408095687627792,0.08920632302761078,0.0939585417509079,0.09920606762170792,0.1042691022157669,0.1092035323381424,0.11389288306236267,0.11868375539779663,0.12341238558292389,0.12771788239479065,0.1320715844631195,0.1378956139087677,0.14551210403442383
2138,0.00014942744746804237,0.00041030035936273634,0.0007479601772502065,0.001192994648590684,0.0017250051023438573,0.002384781837463379,0.0031418809667229652,0.003999684937298298,0.005044254940003157,0.00628267228603363,0.007632837630808353,0.009144344367086887,0.010794105939567089,0.012513777241110802,0.014361241832375526,0.01631779782474041,0.01851588301360607,0.020779572427272797,0.02301996387541294,0.025322239845991135,0.02761503867805004,0.030032208189368248,0.032544076442718506,0.03521713614463806,0.0380462221801281,0.04089827463030815,0.04409448429942131,0.04746187850832939,0.051455967128276825,0.05610794574022293,0.06137596070766449,0.06777359545230865,0.07480502873659134,0.08256189525127411,0.09154321253299713,0.1010642796754837,0.11092118173837662,0.12065204977989197,0.13081935048103333,0.1407621204853058,0.14982762932777405,0.15732523798942566,0.16387970745563507,0.1710619330406189,0.17791326344013214,0.18427687883377075,0.1907668262720108,0.19769667088985443,0.20715127885341644
2139,0.0001435031444998458,0.00036640363396145403,0.0006668128771707416,0.0010577214416116476,0.0014903823612257838,0.0020237313583493233,0.002643684623762965,0.0033048042096197605,0.004084812477231026,0.005026259459555149,0.006145494058728218,0.007456016726791859,0.00895405188202858,0.010667527094483376,0.012551157735288143,0.0145952757447958,0.016828371211886406,0.019264355301856995,0.021632080897688866,0.024213137105107307,0.026750557124614716,0.029485438019037247,0.03233945369720459,0.03549664467573166,0.03881252557039261,0.04248061403632164,0.04652326554059982,0.05074947327375412,0.055108729749917984,0.05954653024673462,0.06473715603351593,0.07030381262302399,0.07611499726772308,0.08228117972612381,0.0887228399515152,0.09521331638097763,0.10271048545837402,0.11056861281394958,0.11871656775474548,0.12696373462677002,0.13576023280620575,0.14516359567642212,0.1543835997581482,0.1640460193157196,0.1740005612373352,0.18129155039787292,0.188775897026062,0.19852030277252197,0.20754748582839966
2140,0.0001422716013621539,0.0003232033341191709,0.0005515218363143504,0.0008540519047528505,0.001188601483590901,0.0015596039593219757,0.001978296786546707,0.0024479117710143328,0.002950713038444519,0.003483246313408017,0.004065069369971752,0.004724227823317051,0.005490637384355068,0.006286510266363621,0.007129256147891283,0.008150996640324593,0.009161144495010376,0.010262597352266312,0.011432407423853874,0.01264951005578041,0.014091961085796356,0.01564209535717964,0.0175582654774189,0.019329970702528954,0.02144816517829895,0.023836418986320496,0.026424624025821686,0.029423708096146584,0.032734960317611694,0.03659169003367424,0.04049709439277649,0.044782936573028564,0.04985739290714264,0.05523710697889328,0.060934409499168396,0.06707373261451721,0.07385514676570892,0.08063638210296631,0.0882987380027771,0.09713570773601532,0.1068878322839737,0.11688147485256195,0.1271626204252243,0.13683009147644043,0.1460171788930893,0.15338942408561707,0.16063138842582703,0.16943955421447754,0.18372780084609985
2141,0.00012252111628185958,0.0002882059779949486,0.0005130782956257463,0.0008057518862187862,0.0011267440859228373,0.0015283210668712854,0.001980958739295602,0.0024437885731458664,0.0029968544840812683,0.0035853374283760786,0.004244738258421421,0.0050380416214466095,0.005853726528584957,0.00679162098094821,0.00769502017647028,0.008656992577016354,0.009737944230437279,0.010904994793236256,0.012141266837716103,0.013568621128797531,0.015025854110717773,0.016624053940176964,0.018254896625876427,0.020025014877319336,0.021931974217295647,0.024004170671105385,0.026177141815423965,0.028681499883532524,0.03135702386498451,0.03435308113694191,0.03766151890158653,0.04118886590003967,0.04493167996406555,0.04904216155409813,0.05333097279071808,0.057862285524606705,0.06298869848251343,0.06859070062637329,0.07522930204868317,0.0836833193898201,0.09403009712696075,0.10686077177524567,0.12143366038799286,0.13855105638504028,0.1578286588191986,0.17579710483551025,0.19419275224208832,0.21658138930797577,0.2408706694841385
2142,0.00013369106454774737,0.0003341858391650021,0.0006010213983245194,0.0009318031370639801,0.0013431626139208674,0.001809269655495882,0.0023537667002528906,0.002981373807415366,0.003707267576828599,0.004579007159918547,0.005623572040349245,0.006827403791248798,0.008204229176044464,0.009754715487360954,0.011312381364405155,0.012925944291055202,0.01461629569530487,0.01641407050192356,0.018280794844031334,0.020393580198287964,0.022801242768764496,0.025323521345853806,0.027945034205913544,0.030813707038760185,0.03385273367166519,0.03701160103082657,0.04052479937672615,0.044342346489429474,0.04811158776283264,0.052115797996520996,0.05641191080212593,0.06104212999343872,0.06607893109321594,0.07150711119174957,0.0774431973695755,0.08349534869194031,0.08967690169811249,0.09584494680166245,0.1021864116191864,0.10837797820568085,0.11462770402431488,0.12162227183580399,0.12899214029312134,0.13634000718593597,0.1441553831100464,0.15199849009513855,0.15977483987808228,0.16756032407283783,0.17670144140720367
2143,0.0001288821513298899,0.0003100942412856966,0.0005699696484953165,0.0009035181719809771,0.001287667895667255,0.0017452600877732038,0.0022771935909986496,0.002879844047129154,0.003515886841341853,0.004240857437252998,0.004953043069690466,0.005848524160683155,0.00685292249545455,0.00796164758503437,0.009159115143120289,0.01046060398221016,0.011850018985569477,0.013330470770597458,0.014868369325995445,0.016573628410696983,0.018292037770152092,0.020402397960424423,0.022590801119804382,0.024958191439509392,0.02751055173575878,0.03018859773874283,0.033067941665649414,0.036007873713970184,0.039344824850559235,0.04275696352124214,0.046223968267440796,0.05016152933239937,0.05411279946565628,0.058174896985292435,0.06270157545804977,0.06773137301206589,0.07331955432891846,0.07902313023805618,0.08490040898323059,0.09139348566532135,0.09799151867628098,0.10566399991512299,0.11343636363744736,0.12131966650485992,0.1295451521873474,0.13669252395629883,0.1421065628528595,0.14776460826396942,0.15612487494945526
2144,0.0001603071141289547,0.0004400768375489861,0.0008188122301362455,0.0013090826105326414,0.0018242928199470043,0.0024031088687479496,0.0030939457938075066,0.0038247709162533283,0.004636766854673624,0.005520569160580635,0.006446480751037598,0.007552861701697111,0.008793246001005173,0.01019354723393917,0.011684159748256207,0.013407205231487751,0.015259847044944763,0.017117734998464584,0.019256629049777985,0.02129117026925087,0.02324373461306095,0.025417091324925423,0.02789909392595291,0.030678659677505493,0.03342998027801514,0.0361478254199028,0.039121393114328384,0.04207468405365944,0.045514002442359924,0.04907277971506119,0.0527268648147583,0.05646394565701485,0.06017472594976425,0.06421864032745361,0.0682053193449974,0.0725569799542427,0.0775127112865448,0.08280273526906967,0.0887051522731781,0.09477794915437698,0.10168018937110901,0.10898638516664505,0.11695975810289383,0.12505483627319336,0.13358351588249207,0.14080867171287537,0.14830034971237183,0.15708713233470917,0.17013010382652283
2145,0.00012789251923095435,0.00030486745527014136,0.0005249796085990965,0.0008076764643192291,0.0010992313036695123,0.0014601354487240314,0.0018457546830177307,0.0022649115417152643,0.002729622647166252,0.003232112154364586,0.0037648864090442657,0.00433926098048687,0.00496737752109766,0.005650573875755072,0.006394776050001383,0.007270375266671181,0.008188556879758835,0.009261791594326496,0.010452943854033947,0.011790618300437927,0.01333722472190857,0.01498861238360405,0.016831940039992332,0.018875889480113983,0.021197350695729256,0.023767512291669846,0.02676606923341751,0.030253790318965912,0.03412523865699768,0.03867841511964798,0.0436570905148983,0.04936817288398743,0.05580794811248779,0.06341268122196198,0.07114652544260025,0.07947073876857758,0.08847128599882126,0.09799313545227051,0.10720358788967133,0.11558526009321213,0.12455843389034271,0.13315382599830627,0.1407662183046341,0.14729750156402588,0.15314267575740814,0.1600719392299652,0.16630709171295166,0.17166008055210114,0.17716683447360992
2146,0.00013691294589079916,0.0003152950666844845,0.0005478316452354193,0.0008235145942308009,0.0011480532120913267,0.0014991330681368709,0.0018891501240432262,0.0023113000206649303,0.0027813147753477097,0.003298872848972678,0.0038158961106091738,0.004401505924761295,0.004987759981304407,0.005570720415562391,0.006166295614093542,0.006836242042481899,0.007558370009064674,0.00836816057562828,0.00913319643586874,0.010040247812867165,0.011069419793784618,0.012220067903399467,0.01332136895507574,0.014575318433344364,0.015924889594316483,0.01735636219382286,0.018954798579216003,0.02074056677520275,0.02263263612985611,0.024736514315009117,0.02687646448612213,0.029196441173553467,0.03162014111876488,0.03417245298624039,0.03673060983419418,0.039403896778821945,0.04225417971611023,0.0449569970369339,0.0478234700858593,0.05083329975605011,0.05402404069900513,0.05764990299940109,0.06137815862894058,0.0652022659778595,0.06909538805484772,0.07307809591293335,0.07716130465269089,0.0811895802617073,0.08514218777418137
2147,0.00014324345102068037,0.0002957087417598814,0.0005129675264470279,0.000754029955714941,0.0010293094674125314,0.0013548574643209577,0.0017134433146566153,0.0021033012308180332,0.0025296274106949568,0.003005014266818762,0.003477699588984251,0.00397487822920084,0.004541019443422556,0.005131791345775127,0.00567279988899827,0.006321101449429989,0.006992739625275135,0.007718012668192387,0.008512243628501892,0.00938582792878151,0.010321354493498802,0.011409825645387173,0.01258388627320528,0.014009827747941017,0.015601275488734245,0.0175616554915905,0.019613979384303093,0.021814843639731407,0.024217024445533752,0.02686770260334015,0.029752612113952637,0.032645560801029205,0.035611022263765335,0.03877291455864906,0.04181671515107155,0.045100290328264236,0.04833028465509415,0.0512506365776062,0.05438198521733284,0.057602301239967346,0.061109595000743866,0.06479782611131668,0.06896758079528809,0.07288560271263123,0.07605057954788208,0.078738734126091,0.07989572733640671,0.08056790381669998,0.08302982151508331
2148,0.00012125165085308254,0.000291728152660653,0.0005069594481028616,0.0007855156436562538,0.0011108075268566608,0.0015117418952286243,0.001957823522388935,0.0025092470459640026,0.003062888979911804,0.0037359027191996574,0.00450312253087759,0.005395812913775444,0.006362556014209986,0.0076098209246993065,0.008889935910701752,0.010276729241013527,0.011878014542162418,0.013768868520855904,0.01574171520769596,0.018120456486940384,0.020809577777981758,0.02392444759607315,0.027462534606456757,0.03113936260342598,0.03515726327896118,0.03948774188756943,0.04389164224267006,0.048516612499952316,0.05326022207736969,0.058138079941272736,0.06314206123352051,0.06870545446872711,0.074312724173069,0.08000413328409195,0.0859493836760521,0.09164389967918396,0.09713311493396759,0.10286785662174225,0.10853585600852966,0.11437869071960449,0.12015725672245026,0.12583637237548828,0.1312294751405716,0.1370653212070465,0.1425614058971405,0.1478651762008667,0.15316317975521088,0.1584852635860443,0.1641957312822342
2149,0.00011741167691070586,0.00029511074535548687,0.0005303182988427579,0.0008136341348290443,0.001157206716015935,0.0015766401775181293,0.0020164833404123783,0.0024852228816598654,0.0029669671785086393,0.0035527870059013367,0.004151450004428625,0.004816907923668623,0.005521279294043779,0.006262148264795542,0.007021949626505375,0.007944483309984207,0.008896421641111374,0.009961849078536034,0.011130226776003838,0.01235381793230772,0.013732727617025375,0.0151668731123209,0.016702445223927498,0.01837644912302494,0.020195163786411285,0.022103294730186462,0.024143759161233902,0.026284169405698776,0.028734827414155006,0.031443458050489426,0.034575510770082474,0.03779041767120361,0.041264016181230545,0.04487684369087219,0.04837963730096817,0.05182628333568573,0.05500604957342148,0.05840451642870903,0.06204119324684143,0.06531721353530884,0.0685703307390213,0.07115402817726135,0.07371609658002853,0.07558897137641907,0.0762317031621933,0.07530514895915985,0.07421766966581345,0.07317449152469635,0.07674802094697952
2150,0.0001455393066862598,0.0003510216483846307,0.00059950549621135,0.0009263388928957283,0.0012835664674639702,0.0016929362900555134,0.002166230231523514,0.002689441666007042,0.003272336907684803,0.00393253518268466,0.004671493079513311,0.005485406145453453,0.006428671069443226,0.007423087488859892,0.008539964444935322,0.009715341031551361,0.011019192636013031,0.01253371499478817,0.014075899496674538,0.015701133757829666,0.017507586628198624,0.019355807453393936,0.021271254867315292,0.023203948512673378,0.025358818471431732,0.027695104479789734,0.03041142225265503,0.03327202424407005,0.03641074523329735,0.03984563797712326,0.04354814440011978,0.0472906231880188,0.05126773566007614,0.055328406393527985,0.059595637023448944,0.06433743983507156,0.06975490599870682,0.07542296499013901,0.08168935030698776,0.08828824013471603,0.0953306034207344,0.10359694808721542,0.1125740334391594,0.1211870089173317,0.130417600274086,0.13961954414844513,0.1476968228816986,0.15640157461166382,0.16689173877239227
2151,0.00016279754345305264,0.0004340559244155884,0.0007725356845185161,0.0012231603031978011,0.0017405895050615072,0.0023193296510726213,0.002956084907054901,0.0036493996158242226,0.004406147636473179,0.005217364057898521,0.006182554177939892,0.007230766117572784,0.00844296533614397,0.00987121183425188,0.01143193431198597,0.013269196264445782,0.015117617323994637,0.017085686326026917,0.019262738525867462,0.02141917310655117,0.023706180974841118,0.026303352788090706,0.02913883700966835,0.032208263874053955,0.035515960305929184,0.03919530287384987,0.04293004423379898,0.04676574468612671,0.051194071769714355,0.0557904914021492,0.06083999574184418,0.06630720943212509,0.07166855037212372,0.07711075246334076,0.08269801735877991,0.08842890709638596,0.09432171285152435,0.10036030411720276,0.10653842240571976,0.11223727464675903,0.11745099723339081,0.1223372370004654,0.12697826325893402,0.1312561333179474,0.13585393130779266,0.14084896445274353,0.1463322788476944,0.15152916312217712,0.15680894255638123
2152,0.00013637926895171404,0.0003813893417827785,0.0006698811193928123,0.0010142575483769178,0.0014615723630413413,0.001967036398127675,0.002416156930848956,0.0028922318015247583,0.003420813474804163,0.00400631595402956,0.004577675834298134,0.005270489025861025,0.005904692690819502,0.006600379012525082,0.007306633982807398,0.008032682351768017,0.00888829119503498,0.009673344902694225,0.01065759640187025,0.01171406265348196,0.012780426070094109,0.013946687802672386,0.01516004092991352,0.0165017768740654,0.017880896106362343,0.019387081265449524,0.020988954231142998,0.022944055497646332,0.025035511702299118,0.027438174933195114,0.03025755099952221,0.03378879651427269,0.03780899941921234,0.04249822720885277,0.04803401231765747,0.05400904640555382,0.06106936186552048,0.06927873194217682,0.07920023053884506,0.08965256810188293,0.10088514536619186,0.11342058330774307,0.1257488876581192,0.13560019433498383,0.14488087594509125,0.15394850075244904,0.16344530880451202,0.17585280537605286,0.19129596650600433
2153,0.00010944695532089099,0.0002741387870628387,0.0004910613060928881,0.0007813924457877874,0.0011423643445596099,0.0015769758028909564,0.002025299472734332,0.002565152244642377,0.0031521921046078205,0.0038197257090359926,0.004508219193667173,0.005326845683157444,0.0061853365041315556,0.00708342157304287,0.008015034720301628,0.00906817801296711,0.010079512372612953,0.01121925562620163,0.012444769032299519,0.013680130243301392,0.014909508638083935,0.016240611672401428,0.017613595351576805,0.0190805122256279,0.0205937922000885,0.022251110523939133,0.023807544261217117,0.025477062910795212,0.027147792279720306,0.028936393558979034,0.030835969373583794,0.032806646078825,0.035236164927482605,0.03779074549674988,0.040796421468257904,0.04402799904346466,0.04801541194319725,0.052313074469566345,0.05698607861995697,0.06186909228563309,0.06726478785276413,0.07301320880651474,0.07947434484958649,0.08666802197694778,0.09460823237895966,0.1028067097067833,0.11131120473146439,0.1189298927783966,0.12906870245933533
2154,0.00013437237066682428,0.00033084177994169295,0.0005613254033960402,0.0008651958778500557,0.0011954901274293661,0.0016232659108936787,0.0021067329216748476,0.0026654687244445086,0.0033686747774481773,0.00404718890786171,0.004806875251233578,0.005607209168374538,0.006613573059439659,0.0076305558905005455,0.008633933961391449,0.00967386644333601,0.010787729173898697,0.012034080922603607,0.013483480550348759,0.014938396401703358,0.016498051583766937,0.018311982974410057,0.020287849009037018,0.02244432643055916,0.024664759635925293,0.02720816433429718,0.030029211193323135,0.033121444284915924,0.036623090505599976,0.040110401809215546,0.04402146860957146,0.048277951776981354,0.0529959611594677,0.05801112577319145,0.06296250969171524,0.06786281615495682,0.07241803407669067,0.0769180953502655,0.08090847730636597,0.08485781401395798,0.08836285024881363,0.09206483513116837,0.09551926702260971,0.09860600531101227,0.1018456518650055,0.10571344941854477,0.11025556921958923,0.11651858687400818,0.1250370740890503
2155,0.00012429193884599954,0.0003095352731179446,0.000518404645845294,0.0007812452968209982,0.001082494854927063,0.0014177407138049603,0.0018123502377420664,0.002218130510300398,0.0027026634197682142,0.0032051382586359978,0.003745968220755458,0.004359315149486065,0.0049946485087275505,0.005714423023164272,0.006500722374767065,0.007338677532970905,0.008217348717153072,0.009124314412474632,0.010120048187673092,0.011149384081363678,0.012236633338034153,0.01355880405753851,0.014886792749166489,0.016240263357758522,0.017698179930448532,0.019478479400277138,0.021545618772506714,0.023685375228524208,0.02595898136496544,0.028544601052999496,0.03145403787493706,0.03476177901029587,0.03820201754570007,0.041546858847141266,0.04507075995206833,0.04858751595020294,0.05283051356673241,0.05764598771929741,0.06225719302892685,0.06677518039941788,0.071322962641716,0.07549189776182175,0.07931935787200928,0.08337564766407013,0.0880061611533165,0.09250400215387344,0.09748060256242752,0.10350845009088516,0.11071798205375671
2156,0.00012101645552320406,0.00029580312548205256,0.0004946640692651272,0.0007568128639832139,0.001041408977471292,0.0013984114630147815,0.0018049912760034204,0.0022166583221405745,0.002675363328307867,0.0032004474196583033,0.003712273668497801,0.0042708879336714745,0.0048956903629004955,0.005564227234572172,0.006183639634400606,0.006893862970173359,0.007699278183281422,0.008505869656801224,0.009391747415065765,0.010221095755696297,0.011126896366477013,0.011982636526226997,0.012919928878545761,0.013797696679830551,0.014659903943538666,0.015653375536203384,0.016722002997994423,0.01779032126069069,0.018971411511301994,0.02031465247273445,0.021721120923757553,0.023326924070715904,0.024920888245105743,0.026782557368278503,0.028946643695235252,0.031180061399936676,0.03353750705718994,0.03609057515859604,0.038918688893318176,0.0413237102329731,0.0438389927148819,0.04579494893550873,0.04736485704779625,0.04874303191900253,0.04955938458442688,0.05059104412794113,0.05179087445139885,0.052659839391708374,0.053797703236341476
2157,0.00013599969679489732,0.00034776784013956785,0.0006277400534600019,0.0009716707281768322,0.0013524331152439117,0.00180747639387846,0.0023173221852630377,0.0028767294716089964,0.0034432346001267433,0.004076908342540264,0.004752553999423981,0.005499400198459625,0.006294543389230967,0.007212080992758274,0.008227896876633167,0.009229624643921852,0.01042318344116211,0.011612290516495705,0.012933085672557354,0.014429694041609764,0.016017580404877663,0.017849992960691452,0.019868705421686172,0.022280780598521233,0.024852273985743523,0.02775738202035427,0.030919598415493965,0.03434249013662338,0.03830428421497345,0.042697980999946594,0.047221288084983826,0.05183187127113342,0.0562715157866478,0.06073583662509918,0.06476181000471115,0.06914225220680237,0.07315652072429657,0.07720690220594406,0.0806165337562561,0.0842011496424675,0.08808335661888123,0.09192848205566406,0.09553031623363495,0.09901326894760132,0.10216649621725082,0.10531530529260635,0.10782735049724579,0.11068370938301086,0.11563104391098022
2158,0.00011636481212917715,0.00028956119786016643,0.0004894325393252075,0.0007475867751054466,0.001067138509824872,0.0014035382773727179,0.0018160250037908554,0.002258949214592576,0.0027673530858010054,0.0033222571946680546,0.003908149898052216,0.0045895082876086235,0.0052994899451732635,0.006074878387153149,0.006934554316103458,0.007875217124819756,0.008773848414421082,0.009818313643336296,0.01082250289618969,0.011992276646196842,0.013231901451945305,0.014383785426616669,0.01560864970088005,0.016948118805885315,0.018232284113764763,0.019482038915157318,0.02096998132765293,0.022320222109556198,0.023949621245265007,0.02564610168337822,0.02738218382000923,0.029351644217967987,0.03164821118116379,0.0339299812912941,0.03648442402482033,0.03887995705008507,0.04152051359415054,0.044480953365564346,0.047552451491355896,0.05107169225811958,0.05468105524778366,0.05888359248638153,0.06354472041130066,0.06807907670736313,0.07240858674049377,0.07708939164876938,0.08180845528841019,0.08629684150218964,0.09148263931274414
2159,0.0001525908592157066,0.00036521951551549137,0.000625551852863282,0.0009545169305056334,0.0013261267449706793,0.0017836225451901555,0.002240841742604971,0.002822247566655278,0.0034555874299257994,0.004171255975961685,0.004872092977166176,0.005651987623423338,0.00642351433634758,0.007303332909941673,0.008294298313558102,0.009469635784626007,0.010675420053303242,0.011942282319068909,0.013328159227967262,0.01480743195861578,0.016320468857884407,0.017960328608751297,0.019664989784359932,0.021296903491020203,0.023183142766356468,0.02523522824048996,0.0276058129966259,0.030318617820739746,0.03303578495979309,0.03616374358534813,0.03961866721510887,0.04387090355157852,0.04858599975705147,0.0540023148059845,0.06078694015741348,0.06854654848575592,0.07681278884410858,0.08557295054197311,0.09544044733047485,0.10489024966955185,0.1134684830904007,0.12214091420173645,0.13124597072601318,0.1400080770254135,0.14846906065940857,0.15703843533992767,0.16453230381011963,0.17369619011878967,0.18970759212970734
2160,0.00012386027083266526,0.00030619994504377246,0.0005335508030839264,0.000835664919577539,0.0011765474919229746,0.0015648689586669207,0.002027372596785426,0.002510182559490204,0.0030738716013729572,0.0037062906194478273,0.004416545387357473,0.005143578629940748,0.005986825563013554,0.006903640925884247,0.007901817560195923,0.009016809985041618,0.010267676785588264,0.011560129933059216,0.013143534772098064,0.014712769538164139,0.016470327973365784,0.018326545134186745,0.020421523600816727,0.022357378154993057,0.02448626235127449,0.02696933224797249,0.029569629579782486,0.032161645591259,0.03469400852918625,0.03745121508836746,0.04011222720146179,0.04297737032175064,0.04645604267716408,0.04994674026966095,0.05385374277830124,0.058403193950653076,0.06301579624414444,0.06817309558391571,0.07327910512685776,0.07857367396354675,0.08453759551048279,0.09106894582509995,0.0986175388097763,0.10661675035953522,0.11408443748950958,0.12202398478984833,0.12916354835033417,0.13515566289424896,0.14270226657390594
2161,0.00011683256889227778,0.0002906793379224837,0.0005153295351192355,0.0008234861888922751,0.0011595658725127578,0.001566011575050652,0.0019835035782307386,0.002459441777318716,0.0029828627593815327,0.003572606947273016,0.004207053687423468,0.004940193146467209,0.005731903947889805,0.006641583517193794,0.0076308296993374825,0.008754296228289604,0.009949385188519955,0.011421368457376957,0.013053128495812416,0.014662965200841427,0.01652826927602291,0.018604541197419167,0.02088729664683342,0.02349681220948696,0.02615383081138134,0.028936943039298058,0.03178694099187851,0.034832365810871124,0.03807521611452103,0.041470400989055634,0.045052431523799896,0.04887872561812401,0.05284248664975166,0.05691653490066528,0.0614265538752079,0.06611842662096024,0.07095564156770706,0.07542198896408081,0.07952715456485748,0.08394749462604523,0.08861353993415833,0.09328832477331161,0.09827296435832977,0.10351354628801346,0.10860362648963928,0.11432932317256927,0.11940392851829529,0.12581251561641693,0.1326698362827301
2162,0.00016767627676017582,0.00045753634185530245,0.0008151712827384472,0.0011468692682683468,0.0014861011877655983,0.0018093979451805353,0.00218409881927073,0.0026374785229563713,0.0031013418920338154,0.003583570010960102,0.004130695480853319,0.004814290441572666,0.005605220794677734,0.006453268229961395,0.007386025972664356,0.008466786704957485,0.009713569656014442,0.011131484061479568,0.012657521292567253,0.014253906905651093,0.016052627936005592,0.0180874764919281,0.020463619381189346,0.023034749552607536,0.02621437981724739,0.02979966811835766,0.03366813063621521,0.037839315831661224,0.042403995990753174,0.04672444611787796,0.051076740026474,0.055487312376499176,0.06038947030901909,0.06560277938842773,0.07093673944473267,0.07626453787088394,0.08145187795162201,0.08673904836177826,0.09248262643814087,0.09844650328159332,0.10436641424894333,0.11001983284950256,0.11583010107278824,0.12182673066854477,0.12782512605190277,0.13323399424552917,0.13951368629932404,0.14671042561531067,0.15661144256591797
2163,0.00010869167454075068,0.0002809679717756808,0.0005066500743851066,0.0008045900613069534,0.00114567787386477,0.0015230572316795588,0.001973226200789213,0.0024272454902529716,0.0029258900322020054,0.0034812414087355137,0.004015401005744934,0.004612577147781849,0.005230413284152746,0.005901846569031477,0.006548067554831505,0.007262641564011574,0.008064573630690575,0.008995594456791878,0.010063795372843742,0.011268236674368382,0.012624232098460197,0.014173292554914951,0.01586243323981762,0.017977256327867508,0.020183071494102478,0.022758828476071358,0.02564823627471924,0.02893012762069702,0.032388921827077866,0.03633853420615196,0.04081017151474953,0.04573287442326546,0.05096438154578209,0.05696512758731842,0.06315779685974121,0.06981737911701202,0.07671565562486649,0.08396859467029572,0.09186025708913803,0.10042267292737961,0.11045259237289429,0.12142543494701385,0.13364803791046143,0.1457948386669159,0.15849964320659637,0.17222860455513,0.18676896393299103,0.20332369208335876,0.2257654219865799
2164,0.00012005223834421486,0.00028967077378183603,0.00048432801850140095,0.0007245229789987206,0.0010109097929671407,0.001329147955402732,0.0016909113619476557,0.0020750227849930525,0.0024700567591935396,0.0029504457488656044,0.003429833799600601,0.003886211197823286,0.0043306006118655205,0.004823615774512291,0.005315680056810379,0.005824281834065914,0.0063640642911195755,0.006969334091991186,0.007593424059450626,0.00832279771566391,0.009201960638165474,0.010260079987347126,0.011558198370039463,0.013015042059123516,0.014793730340898037,0.01664983294904232,0.01907641813158989,0.02170507237315178,0.024969398975372314,0.02871725894510746,0.032821930944919586,0.03708072006702423,0.041417695581912994,0.04600907862186432,0.05092204734683037,0.0565716028213501,0.06267362087965012,0.0693100243806839,0.07653135806322098,0.08368554711341858,0.0909431055188179,0.09871043264865875,0.10613592714071274,0.11391828954219818,0.12085851281881332,0.12657736241817474,0.13131676614284515,0.13613539934158325,0.14339518547058105
2165,0.0001197384117403999,0.00028709002071991563,0.000507182499859482,0.0007592568872496486,0.0010577256325632334,0.001385309500619769,0.0017615440301597118,0.0021801048424094915,0.0025939056649804115,0.00302692037075758,0.0034896698780357838,0.004007259383797646,0.0045960755087435246,0.005184395704418421,0.005893297493457794,0.006695324555039406,0.007582514081150293,0.008538725785911083,0.009636485949158669,0.010793725959956646,0.012162277474999428,0.013606375083327293,0.01533817034214735,0.017147760838270187,0.01882622018456459,0.020606940612196922,0.022559555247426033,0.024793855845928192,0.027139654383063316,0.02957022562623024,0.032276563346385956,0.03497166559100151,0.03788609057664871,0.04097821190953255,0.04440729320049286,0.04837167263031006,0.05209927260875702,0.05641309544444084,0.060924842953681946,0.06635348498821259,0.07270581275224686,0.08011659234762192,0.08813965320587158,0.09576362371444702,0.10344246029853821,0.11074025928974152,0.11736703664064407,0.12594446539878845,0.13661670684814453
2166,0.0001107215357478708,0.0002743264485616237,0.00047078411444090307,0.000728300423361361,0.0010286455508321524,0.0013788315700367093,0.0017776752356439829,0.0022584102116525173,0.0027707978151738644,0.0033699488267302513,0.003995804116129875,0.004696547985076904,0.005509135313332081,0.0064091915264725685,0.00741378590464592,0.008431893773376942,0.009514331817626953,0.010687874630093575,0.011993701569736004,0.01340973936021328,0.014860868453979492,0.016492191702127457,0.01826031506061554,0.020125869661569595,0.02217601239681244,0.024339646100997925,0.026523854583501816,0.02907569333910942,0.03173622488975525,0.034686341881752014,0.037871621549129486,0.0414004847407341,0.0452631339430809,0.04941388592123985,0.05440612509846687,0.05958344042301178,0.065394327044487,0.07101664692163467,0.07650335133075714,0.08192919194698334,0.08772498369216919,0.09398272633552551,0.09977766126394272,0.10541103035211563,0.11032769083976746,0.11625106632709503,0.12259478867053986,0.1286177784204483,0.13416725397109985
2167,0.00012856555986218154,0.0003378520777914673,0.0005796211189590394,0.0009200632339343429,0.001321836607530713,0.001815308816730976,0.0023482851684093475,0.0029956817161291838,0.0037049632519483566,0.004516732878983021,0.005416007246822119,0.006466579157859087,0.0075763557106256485,0.008747520856559277,0.009986125864088535,0.011324761435389519,0.012808168306946754,0.014322316274046898,0.015989311039447784,0.01776130497455597,0.019639629870653152,0.021699078381061554,0.023905210196971893,0.02610350400209427,0.028455685824155807,0.03080364316701889,0.032999515533447266,0.03552273288369179,0.03814741224050522,0.04084628075361252,0.043437451124191284,0.0459730289876461,0.04861323535442352,0.051297131925821304,0.0543646402657032,0.057642534375190735,0.061297595500946045,0.06513009965419769,0.06932143121957779,0.07341541349887848,0.07833153009414673,0.08366411179304123,0.09083037078380585,0.09946346282958984,0.10876511037349701,0.1181623712182045,0.12614579498767853,0.13585630059242249,0.15071795880794525
2168,0.00013671476335730404,0.00035201257560402155,0.0006262449314817786,0.0009878355776891112,0.0013739883434027433,0.0018630982376635075,0.0023664862383157015,0.0029364631045609713,0.0035295954439789057,0.004229521378874779,0.004947342444211245,0.005701643414795399,0.006593520753085613,0.0075912936590611935,0.008727498352527618,0.009904680773615837,0.01122618280351162,0.012688040733337402,0.014356110244989395,0.01597142592072487,0.017618026584386826,0.019453464075922966,0.021421562880277634,0.023552292957901955,0.025769593194127083,0.02812412567436695,0.030689939856529236,0.033306509256362915,0.03594033420085907,0.03847825527191162,0.04123535379767418,0.043941110372543335,0.04695519804954529,0.04994454234838486,0.0532379113137722,0.056523822247982025,0.06021719053387642,0.06410166621208191,0.06778999418020248,0.0718761533498764,0.07609431445598602,0.08035697788000107,0.08494729548692703,0.08988769352436066,0.09471462666988373,0.09990033507347107,0.10672000050544739,0.11446365714073181,0.12362898886203766
2169,0.00016725173918530345,0.0004174572241026908,0.0007675255765207112,0.0012151969131082296,0.0017803855007514358,0.002518299501389265,0.003260932397097349,0.004015381447970867,0.004841446876525879,0.005753370001912117,0.0067514693364501,0.007810378447175026,0.008992152288556099,0.010306180454790592,0.01181061938405037,0.013499593362212181,0.015465226955711842,0.017687838524580002,0.01990988664329052,0.022470977157354355,0.025130242109298706,0.027845880016684532,0.030802646651864052,0.03402398154139519,0.03750305995345116,0.04131101816892624,0.04514438286423683,0.049052249640226364,0.05358283966779709,0.058160118758678436,0.06290636211633682,0.0676431953907013,0.07269133627414703,0.07806000113487244,0.08365461975336075,0.08910058438777924,0.09508264064788818,0.10120274126529694,0.10796135663986206,0.11449563503265381,0.12040647119283676,0.12645754218101501,0.13193263113498688,0.13749122619628906,0.14240945875644684,0.14674265682697296,0.15177831053733826,0.15611490607261658,0.16006773710250854
2170,0.00011245244968449697,0.0002988218329846859,0.0005437466315925121,0.0008634613477624953,0.0012272968888282776,0.0016533394809812307,0.0021627196110785007,0.00268289796076715,0.0032618804834783077,0.0039033200591802597,0.004624553024768829,0.005400876514613628,0.006293055601418018,0.00728106964379549,0.008448868989944458,0.009734625928103924,0.011223617941141129,0.012894798070192337,0.014873655512928963,0.017046421766281128,0.019432075321674347,0.02213277667760849,0.02515704184770584,0.028489306569099426,0.03224698454141617,0.036446116864681244,0.04083855450153351,0.04535624384880066,0.0500202439725399,0.055058784782886505,0.0606977716088295,0.0670630931854248,0.07412420213222504,0.0814465582370758,0.08905930817127228,0.09688572585582733,0.10569588840007782,0.1147712916135788,0.12507028877735138,0.13572141528129578,0.14606651663780212,0.15710937976837158,0.16850237548351288,0.18016210198402405,0.1925538033246994,0.20410259068012238,0.2155548632144928,0.2273496687412262,0.23943530023097992
2171,0.0001474849705118686,0.0003778055543079972,0.0007002135971561074,0.001115927705541253,0.0016428474336862564,0.0022426543291658163,0.00293095875531435,0.003737445455044508,0.00463142292574048,0.005603383760899305,0.006645179353654385,0.007865249179303646,0.0091704735532403,0.010627543553709984,0.012335781008005142,0.014190472662448883,0.0162064079195261,0.01848435401916504,0.02086314745247364,0.023344673216342926,0.02590128220617771,0.028706107288599014,0.03169592097401619,0.03469546511769295,0.037935227155685425,0.04125061258673668,0.044457729905843735,0.048050928860902786,0.0518241748213768,0.056212425231933594,0.06077411025762558,0.06571554392576218,0.07129097729921341,0.07689033448696136,0.08227790892124176,0.0877789705991745,0.09280448406934738,0.09790285676717758,0.10395969450473785,0.10970082879066467,0.11484082788228989,0.1194627583026886,0.12493927031755447,0.130239337682724,0.13607938587665558,0.14216619729995728,0.14932122826576233,0.15663374960422516,0.16448825597763062
2172,0.00012555430294014513,0.0003072998079005629,0.0005175330443307757,0.0007804144988767803,0.0011022731196135283,0.0014256577705964446,0.0018450740026310086,0.0022848756052553654,0.0027652091812342405,0.0032598748803138733,0.0038517427165061235,0.004421758931130171,0.005052002612501383,0.005713094025850296,0.006412930320948362,0.007208301220089197,0.008028932847082615,0.008885221555829048,0.00988461822271347,0.010937212035059929,0.012154367752373219,0.013534190133213997,0.015013892203569412,0.016727201640605927,0.018609652295708656,0.02072748728096485,0.023009993135929108,0.0254637710750103,0.02809477411210537,0.030785728245973587,0.03397538512945175,0.03719049692153931,0.04086574539542198,0.044332295656204224,0.04802463576197624,0.05174194276332855,0.05525120347738266,0.05896150693297386,0.06261037290096283,0.06643645465373993,0.07031300663948059,0.07391911745071411,0.07750794291496277,0.0813496932387352,0.08566591888666153,0.08853219449520111,0.09075001627206802,0.0924193486571312,0.09800051152706146
2173,0.0001586581056471914,0.00045346346450969577,0.0008612876408733428,0.0013650465989485383,0.0019505292875692248,0.0025782433804124594,0.003315873444080353,0.004104979336261749,0.004980514757335186,0.005938459187746048,0.0069475178606808186,0.007943888194859028,0.008931891992688179,0.009995919652283192,0.011071491055190563,0.012271486222743988,0.013486824929714203,0.014937089756131172,0.01656617596745491,0.018278740346431732,0.020088719204068184,0.021952494978904724,0.024148788303136826,0.02623642608523369,0.028467874974012375,0.030889876186847687,0.033463429659605026,0.03604704141616821,0.038938671350479126,0.041962239891290665,0.044902876019477844,0.04822571203112602,0.052038878202438354,0.05632924661040306,0.06076137721538544,0.06590570509433746,0.07112148404121399,0.07671818137168884,0.08243738114833832,0.08894108980894089,0.09590700268745422,0.10320866107940674,0.10996771603822708,0.1173073947429657,0.1256529837846756,0.13530734181404114,0.14575475454330444,0.15616725385189056,0.16808049380779266
2174,0.00011249579983996227,0.00028260290855541825,0.0005036559305153787,0.0007752570090815425,0.0010942788794636726,0.0014483693521469831,0.0018398284446448088,0.0022651036269962788,0.0027487468905746937,0.003278159536421299,0.0038372506387531757,0.004467064049094915,0.005164272151887417,0.005892366170883179,0.006701740436255932,0.007648860104382038,0.008688806556165218,0.009797969833016396,0.011023862287402153,0.012384911067783833,0.013833881355822086,0.015413040295243263,0.01706170290708542,0.018843743950128555,0.020644348114728928,0.02247551456093788,0.024477776139974594,0.02648494392633438,0.02872009202837944,0.031002134084701538,0.03354211896657944,0.036350857466459274,0.039220161736011505,0.042193517088890076,0.04555286094546318,0.04888129234313965,0.05257166922092438,0.056386128067970276,0.06067829206585884,0.06531287729740143,0.0703066736459732,0.07595077902078629,0.08232176303863525,0.08961762487888336,0.0984928086400032,0.10963859409093857,0.12164855003356934,0.13400393724441528,0.1458471119403839
2175,0.0001381087931804359,0.0003557938907761127,0.0006517604924738407,0.0010018458124250174,0.001396420644596219,0.001851297914981842,0.0023131691850721836,0.0028324639424681664,0.0033879519905894995,0.0040300460532307625,0.004673079587519169,0.005392731167376041,0.006163029465824366,0.006942730862647295,0.007795893587172031,0.008783794939517975,0.009874848648905754,0.011079574935138226,0.012418411672115326,0.013796756975352764,0.015345906838774681,0.016994411125779152,0.018674049526453018,0.020549623295664787,0.02249920926988125,0.02463001385331154,0.027033215388655663,0.029547322541475296,0.032463591545820236,0.035811059176921844,0.039218951016664505,0.043110717087984085,0.04770589619874954,0.0527055561542511,0.05908137559890747,0.06578061729669571,0.07301031798124313,0.08091388642787933,0.08987442404031754,0.09986253082752228,0.11038406193256378,0.1219620332121849,0.1340012103319168,0.14605768024921417,0.15830788016319275,0.17066846787929535,0.18359677493572235,0.19644184410572052,0.21340201795101166
2176,0.0001452427968615666,0.00038191713974811137,0.0006870366632938385,0.0011048167943954468,0.0015817806124687195,0.0021783362608402967,0.0028530473355203867,0.0036279144696891308,0.004489849787205458,0.005463530775159597,0.00649713259190321,0.007712175603955984,0.009085791185498238,0.010573946870863438,0.012196679599583149,0.0139272790402174,0.015770556405186653,0.017723850905895233,0.019867094233632088,0.02212795428931713,0.024557434022426605,0.0271900724619627,0.030010467395186424,0.033121224492788315,0.03630563244223595,0.03992784023284912,0.043869759887456894,0.04806559532880783,0.052515529096126556,0.05775565654039383,0.06281960010528564,0.06807994842529297,0.0738847628235817,0.08047421276569366,0.08753596246242523,0.09505383670330048,0.10343094915151596,0.11245079338550568,0.12134252488613129,0.130957692861557,0.13991844654083252,0.14981791377067566,0.16106265783309937,0.17325448989868164,0.18447186052799225,0.19609490036964417,0.20898836851119995,0.22078783810138702,0.2325618863105774
2177,0.00011534318036865443,0.00026084063574671745,0.0004613525525201112,0.0006857526605017483,0.00097690022084862,0.001296279951930046,0.001629657344892621,0.002015379723161459,0.002422814955934882,0.0028254089411348104,0.0032946807332336903,0.003798212856054306,0.004309568554162979,0.004893280565738678,0.005430205725133419,0.006034092046320438,0.006693433038890362,0.007416510954499245,0.008214340545237064,0.008981659077107906,0.009791841730475426,0.010713215917348862,0.011607188731431961,0.012634540908038616,0.013740929774940014,0.014991985633969307,0.016225077211856842,0.01763203740119934,0.019041892141103745,0.020516259595751762,0.022233590483665466,0.02400483749806881,0.02584552764892578,0.027668055146932602,0.02963937819004059,0.03180950880050659,0.03393489867448807,0.035964395850896835,0.03801655024290085,0.04029529541730881,0.04281551390886307,0.04528021067380905,0.04790502041578293,0.05039510875940323,0.05352044105529785,0.056662432849407196,0.05953604727983475,0.06262781471014023,0.06619153171777725
2178,0.00012462434824556112,0.00031991739524528384,0.00056268839398399,0.0008957040263339877,0.0012801212724298239,0.0017454437911510468,0.0022718501277267933,0.0028166871052235365,0.0034627877175807953,0.004232822451740503,0.005083015188574791,0.0060246954672038555,0.007125484757125378,0.008302734233438969,0.009643519297242165,0.011059449054300785,0.012736739590764046,0.014488876797258854,0.016538003459572792,0.018714886158704758,0.021129552274942398,0.02372581884264946,0.026597872376441956,0.02971453219652176,0.03336738795042038,0.037301670759916306,0.04149766266345978,0.04619735851883888,0.05135311931371689,0.057128578424453735,0.06324514746665955,0.06967855989933014,0.07638886570930481,0.08369044959545135,0.09130330383777618,0.09925618767738342,0.1072123795747757,0.11589360237121582,0.12506142258644104,0.13490480184555054,0.1460561901330948,0.157869353890419,0.17004726827144623,0.1836489737033844,0.1996227651834488,0.2175239473581314,0.2370462566614151,0.2592141926288605,0.28721892833709717
2179,0.0001347786164842546,0.00030160226742736995,0.0005064955330453813,0.0007735914550721645,0.0010671110358089209,0.001422152272425592,0.0018370159668847919,0.002259366912767291,0.0027565229684114456,0.003274421440437436,0.00392999779433012,0.004679778590798378,0.0055860793218016624,0.006548658013343811,0.007675252854824066,0.009131444618105888,0.01086580939590931,0.013067067600786686,0.015544116497039795,0.018366195261478424,0.02161385305225849,0.02510565146803856,0.028854092583060265,0.03273199498653412,0.037054453045129776,0.041451167315244675,0.04576621204614639,0.0504765585064888,0.05530165508389473,0.06029092147946358,0.06563933938741684,0.07113666087388992,0.07659964263439178,0.08209867775440216,0.08808769285678864,0.09379614144563675,0.09950152039527893,0.10487611591815948,0.10995783656835556,0.11531325429677963,0.1209849864244461,0.12697353959083557,0.1335926204919815,0.1407398134469986,0.14908736944198608,0.1575927883386612,0.166040301322937,0.17423374950885773,0.18359637260437012
2180,0.0001380282046739012,0.00033895025262609124,0.0006053468096069992,0.0009791565826162696,0.0014362912625074387,0.002001125831156969,0.002587381051853299,0.0032459083013236523,0.003980348818004131,0.004761043004691601,0.005650228355079889,0.0067364731803536415,0.007941430434584618,0.008929066359996796,0.010132065042853355,0.011377101764082909,0.012923410162329674,0.014473002403974533,0.01598469354212284,0.01761365868151188,0.01931099221110344,0.021535087376832962,0.023885510861873627,0.02640467695891857,0.029139429330825806,0.03227146342396736,0.035837627947330475,0.039748042821884155,0.04398813098669052,0.04860568791627884,0.053508058190345764,0.058751367032527924,0.06446950137615204,0.0700816735625267,0.0760403648018837,0.08277503401041031,0.09015260636806488,0.09848709404468536,0.10804753005504608,0.11925934255123138,0.1322314441204071,0.14730015397071838,0.16453050076961517,0.18238385021686554,0.19995182752609253,0.21752753853797913,0.23136261105537415,0.2418120801448822,0.2569631338119507
2181,0.00015358107339125127,0.0003666053817141801,0.0006222040392458439,0.0009748708689585328,0.0013231819029897451,0.0017668609507381916,0.0022309115156531334,0.0027389514725655317,0.003341667354106903,0.0039695557206869125,0.004698457196354866,0.005490058101713657,0.006397201679646969,0.007397393696010113,0.008377623744308949,0.00958288460969925,0.010889903642237186,0.01231690775603056,0.013923224061727524,0.015690024942159653,0.017580989748239517,0.019866950809955597,0.022306837141513824,0.02505195513367653,0.02828551083803177,0.03166164085268974,0.03548845648765564,0.03975251317024231,0.04394964128732681,0.04832847788929939,0.05262548103928566,0.05744124948978424,0.06239141896367073,0.06697484105825424,0.07191969454288483,0.07686811685562134,0.08188673853874207,0.08757702261209488,0.09372413903474808,0.10001207888126373,0.10677449405193329,0.11385183036327362,0.12136410176753998,0.12850116193294525,0.13594503700733185,0.14225035905838013,0.14723652601242065,0.1520087569952011,0.1583876609802246
2182,0.00014139924314804375,0.0003450327494647354,0.0006266128621064126,0.0010064775124192238,0.0014819924253970385,0.0020339959301054478,0.0027149212546646595,0.003434255253523588,0.004227171652019024,0.005148213356733322,0.006169379688799381,0.0072105140425264835,0.008316431194543839,0.0094932671636343,0.01077949721366167,0.012138549238443375,0.013752967119216919,0.015377436764538288,0.017157254740595818,0.01911155693233013,0.021126722916960716,0.0233992338180542,0.025932887569069862,0.028632335364818573,0.03160763531923294,0.03497028723359108,0.038596201688051224,0.04232023283839226,0.0462665818631649,0.050286855548620224,0.05434775352478027,0.05882668495178223,0.06381378322839737,0.06910800188779831,0.07480654120445251,0.0802064836025238,0.08579760789871216,0.09240034222602844,0.09888676553964615,0.10616081207990646,0.11308781057596207,0.11989182233810425,0.12745682895183563,0.13739702105522156,0.14696991443634033,0.15763956308364868,0.16799725592136383,0.17980344593524933,0.19298893213272095
2183,0.00011729916877811775,0.00029613293008878827,0.0005301239434629679,0.0008430734742432833,0.0011869160225614905,0.0015792285557836294,0.0020084206480532885,0.0025019501335918903,0.003004135563969612,0.003552792128175497,0.0041206819005310535,0.004788350313901901,0.005456550978124142,0.006192062981426716,0.006844148971140385,0.007600229233503342,0.008403308689594269,0.009228256531059742,0.010073872283101082,0.010940811596810818,0.0119760911911726,0.012981371954083443,0.014034930616617203,0.015292242169380188,0.01652839407324791,0.01794709824025631,0.019341345876455307,0.020968565717339516,0.02281549572944641,0.024885637685656548,0.027118071913719177,0.02964099869132042,0.03240493685007095,0.035718195140361786,0.03942609578371048,0.04375302791595459,0.04857861250638962,0.05406477302312851,0.06021159887313843,0.0669432133436203,0.07374095916748047,0.08067227154970169,0.08739611506462097,0.09462875872850418,0.1023336872458458,0.11047681421041489,0.11853985488414764,0.12740586698055267,0.1366792619228363
2184,0.00012166070519015193,0.00030541690648533404,0.0005307960673235357,0.000826024916023016,0.0011339205084368587,0.0015101325698196888,0.0019369213841855526,0.002386558335274458,0.002903357148170471,0.0034340869169682264,0.003994629718363285,0.004611000884324312,0.005252948496490717,0.005918401759117842,0.006611000280827284,0.0074653346091508865,0.00827946700155735,0.009164996445178986,0.010212527588009834,0.011252742260694504,0.012311278842389584,0.013563067652285099,0.014827022328972816,0.016132008284330368,0.01748395338654518,0.018934013321995735,0.020344365388154984,0.02182205580174923,0.023443197831511497,0.02510211616754532,0.026983007788658142,0.029103785753250122,0.031257838010787964,0.033671438694000244,0.03625005483627319,0.03910288214683533,0.042320616543293,0.04650227725505829,0.05141471326351166,0.05675859749317169,0.06315262615680695,0.07073812186717987,0.07945381104946136,0.08819112181663513,0.09709595143795013,0.10619917511940002,0.11320953071117401,0.11796307563781738,0.12273328006267548
2185,0.00015277165221050382,0.0003804174775723368,0.0006743522826582193,0.0010430219117552042,0.0014784064842388034,0.001975706545636058,0.0025049515534192324,0.003084765514358878,0.0036794026382267475,0.0044038123451173306,0.005136420950293541,0.006007380783557892,0.006968399044126272,0.007949486374855042,0.009033329784870148,0.010237514041364193,0.011622486636042595,0.013239521533250809,0.014980791136622429,0.017039239406585693,0.019412929192185402,0.022130947560071945,0.025186510756611824,0.02864197827875614,0.03231722116470337,0.03620891645550728,0.040620118379592896,0.04547383263707161,0.050940483808517456,0.05705087259411812,0.06358081102371216,0.07081974297761917,0.0783793106675148,0.08614097535610199,0.09419584274291992,0.10260313749313354,0.11083739995956421,0.11989383399486542,0.12957186996936798,0.13875944912433624,0.1480221152305603,0.156963512301445,0.16585277020931244,0.1750800758600235,0.18620359897613525,0.1978296935558319,0.20903508365154266,0.2207510769367218,0.23366756737232208
2186,0.00014907738659530878,0.00037679600063711405,0.0006720484234392643,0.0010519681964069605,0.0015166094526648521,0.0020492682233452797,0.0027236188761889935,0.0034825517795979977,0.004392616450786591,0.005464219953864813,0.00662738922983408,0.007863751612603664,0.00922989659011364,0.010716062970459461,0.012324802577495575,0.014091627672314644,0.01613164134323597,0.018474124372005463,0.02081584744155407,0.02342219464480877,0.026432737708091736,0.02940647304058075,0.03238018974661827,0.03546857461333275,0.03852017596364021,0.04183249920606613,0.04515605419874191,0.048704419285058975,0.05222087725996971,0.055971335619688034,0.0595947802066803,0.0633096694946289,0.06696487218141556,0.07075902819633484,0.0747678130865097,0.0791517049074173,0.08380606025457382,0.0884491354227066,0.09370952844619751,0.10062673687934875,0.10843271017074585,0.11765153706073761,0.12805072963237762,0.1373731940984726,0.1465691328048706,0.1550900787115097,0.16218417882919312,0.1726023554801941,0.18489380180835724
2187,0.00013991983723826706,0.0003352785133756697,0.0005627516657114029,0.0008884542621672153,0.00123032764531672,0.0016490218695253134,0.00211282167583704,0.0026569534093141556,0.0032433706801384687,0.003928927704691887,0.004690705798566341,0.005588729400187731,0.006528372876346111,0.007597418501973152,0.008702640421688557,0.00990002416074276,0.011205852963030338,0.012607689015567303,0.014041855931282043,0.01556375902146101,0.0171921756118536,0.018752548843622208,0.020338967442512512,0.022065337747335434,0.023849382996559143,0.02573343552649021,0.027751900255680084,0.029980162158608437,0.03231128305196762,0.034850236028432846,0.03762569651007652,0.04048510640859604,0.04361112043261528,0.04697878658771515,0.050731196999549866,0.05458347499370575,0.058844421058893204,0.06335917860269547,0.06809775531291962,0.07284674048423767,0.07813793420791626,0.08376333862543106,0.08978211134672165,0.09680800139904022,0.10439399629831314,0.11259115487337112,0.12112884968519211,0.12907135486602783,0.13808433711528778
2188,0.00010492581350263208,0.00025077699683606625,0.0004367601650301367,0.0006694619078189135,0.0009427635231986642,0.0012326776050031185,0.001567596336826682,0.0019069246482104063,0.0023091076873242855,0.002734167268499732,0.003175123129040003,0.0036663603968918324,0.004181533120572567,0.0047681331634521484,0.005332925356924534,0.005965231917798519,0.006665489170700312,0.0073576420545578,0.008145229890942574,0.008956674486398697,0.009907507337629795,0.01092023216187954,0.011947042308747768,0.01314377412199974,0.014227373525500298,0.015588667243719101,0.01714296266436577,0.01881439797580242,0.02063072845339775,0.022442204877734184,0.0242886021733284,0.026182258501648903,0.028142059221863747,0.030368095263838768,0.03275943547487259,0.03524580970406532,0.0378914512693882,0.04058131203055382,0.04353414103388786,0.046575792133808136,0.04977808892726898,0.05350665748119354,0.05777616798877716,0.061853162944316864,0.06551629304885864,0.0697481632232666,0.0741022378206253,0.07779814302921295,0.08109122514724731
2189,0.0001294909161515534,0.00033122574677690864,0.0005808831192553043,0.0008666769717819989,0.0012281518429517746,0.0016235123621299863,0.0020641107112169266,0.002547533717006445,0.0030707665719091892,0.003712979145348072,0.004342224914580584,0.005096053704619408,0.005960424430668354,0.00689035514369607,0.007880549877882004,0.00884011946618557,0.00997100118547678,0.011237376369535923,0.012795132584869862,0.014483272098004818,0.01648351550102234,0.01859588548541069,0.020768510177731514,0.023155178874731064,0.025652585551142693,0.028365854173898697,0.031499963253736496,0.03503984957933426,0.03926578164100647,0.04381558299064636,0.04900273680686951,0.05491822585463524,0.061316125094890594,0.06863034516572952,0.07621212303638458,0.08421998471021652,0.09267710894346237,0.10199873149394989,0.11225968599319458,0.12327495962381363,0.13576065003871918,0.14983946084976196,0.16411033272743225,0.17909002304077148,0.19309109449386597,0.2058182656764984,0.21507805585861206,0.2226681411266327,0.23177792131900787
2190,0.00012288641300983727,0.0002897722879424691,0.0005094428779557347,0.0007737902924418449,0.0010855012806132436,0.001448437455110252,0.0018603963544592261,0.0023904098197817802,0.0029830466955900192,0.0036793954204767942,0.004489090293645859,0.0054198517464101315,0.0064956508576869965,0.0076880925334990025,0.009053139016032219,0.010682696476578712,0.012536793015897274,0.014534815214574337,0.016611937433481216,0.0189178716391325,0.02133181318640709,0.023863039910793304,0.026736397296190262,0.02979881316423416,0.033223554491996765,0.036909639835357666,0.040953390300273895,0.04518038406968117,0.04954304173588753,0.053977031260728836,0.05838519707322121,0.06276711821556091,0.06735021620988846,0.07212825864553452,0.07768896222114563,0.08338846266269684,0.08909273147583008,0.09518517553806305,0.10189110785722733,0.1087891012430191,0.11625616252422333,0.12414978444576263,0.1321929395198822,0.14003139734268188,0.14792746305465698,0.15544086694717407,0.16338548064231873,0.17077186703681946,0.18039759993553162
2191,0.00012671206786762923,0.0003030661609955132,0.0005192409735172987,0.0007934070308692753,0.0011173505336046219,0.0014618393033742905,0.0018467713380232453,0.0022668931633234024,0.0027258452028036118,0.003208570182323456,0.0037220472004264593,0.004294862970709801,0.00490115350112319,0.005550025962293148,0.006269881501793861,0.0070739262737333775,0.00806276686489582,0.009096940979361534,0.010322156362235546,0.011678558774292469,0.013192142359912395,0.014941300265491009,0.016935298219323158,0.0190794225782156,0.02135462313890457,0.023763203993439674,0.026565754786133766,0.029676197096705437,0.03316468745470047,0.03723561018705368,0.04125990718603134,0.04550422728061676,0.04952327162027359,0.053893424570560455,0.05841050297021866,0.0627085343003273,0.0672895684838295,0.07246321439743042,0.0779961496591568,0.08325907588005066,0.08826399594545364,0.09293658286333084,0.09790795296430588,0.10301587730646133,0.10757259279489517,0.112160325050354,0.11604993790388107,0.12058503925800323,0.12678276002407074
2192,0.00014288681268226355,0.0003515019780024886,0.0006134492577984929,0.000988698098808527,0.0014552132925018668,0.0020236072596162558,0.002660435391589999,0.003501356579363346,0.004472702741622925,0.0056339288130402565,0.0068359458819031715,0.008299574255943298,0.00982588529586792,0.01150904968380928,0.013387827202677727,0.015328851528465748,0.017408033832907677,0.0196852944791317,0.022049088031053543,0.024456266313791275,0.02717668190598488,0.03002837672829628,0.03318589925765991,0.036381661891937256,0.040019214153289795,0.04371415823698044,0.04781807214021683,0.052354514598846436,0.05730292201042175,0.06269585341215134,0.06841957569122314,0.0736016109585762,0.07849697768688202,0.08367013931274414,0.08867854624986649,0.0940469428896904,0.10021265596151352,0.10697455704212189,0.1138543114066124,0.12107019126415253,0.12984293699264526,0.13897407054901123,0.14851707220077515,0.15943941473960876,0.1694248616695404,0.17857781052589417,0.18634997308254242,0.19531910121440887,0.20914246141910553
2193,0.00016212907212320715,0.00039919925620779395,0.0006785423029214144,0.0010299045825377107,0.0014277843292802572,0.0018297380302101374,0.0022881142795085907,0.002798680914565921,0.0033240539487451315,0.003924951888620853,0.0045873550698161125,0.005321555305272341,0.006106114014983177,0.00695721386000514,0.007944758981466293,0.009004245512187481,0.010436256416141987,0.011829152703285217,0.013424744829535484,0.014997854828834534,0.016915835440158844,0.019069992005825043,0.02140435203909874,0.023795735090970993,0.02651924267411232,0.029561933130025864,0.03276357054710388,0.036113154143095016,0.03989604860544205,0.043865643441677094,0.04797491803765297,0.05250827223062515,0.05730833485722542,0.06227625906467438,0.06731565296649933,0.0728035569190979,0.07878875732421875,0.08454721421003342,0.09072142839431763,0.09674470871686935,0.10256288945674896,0.10842445492744446,0.11386828869581223,0.1191081553697586,0.1245211809873581,0.12978985905647278,0.1351109743118286,0.1405872106552124,0.14717817306518555
2194,0.00014889785961713642,0.00034576994949020445,0.0005996145191602409,0.0008925963775254786,0.0012393229408189654,0.0016437764279544353,0.0021154331043362617,0.0025911943521350622,0.003076146123930812,0.003563010599464178,0.004109403118491173,0.004749585874378681,0.00541354063898325,0.006165861617773771,0.006986415479332209,0.007949373684823513,0.00907001830637455,0.010369200259447098,0.01187601126730442,0.013572530820965767,0.015262848697602749,0.017110096290707588,0.019081201404333115,0.021233052015304565,0.023374561220407486,0.025862595066428185,0.028348207473754883,0.03056645579636097,0.03278549760580063,0.03501920402050018,0.03727494180202484,0.03969305008649826,0.042089249938726425,0.04440022259950638,0.0467633381485939,0.04891270026564598,0.05129901319742203,0.0541728213429451,0.057323817163705826,0.06051303446292877,0.06421305984258652,0.06780509650707245,0.0718097984790802,0.07659018039703369,0.08175776153802872,0.0876641795039177,0.09450768679380417,0.10148680210113525,0.10890469700098038
2195,0.00012825988233089447,0.0003067206416744739,0.000545997463632375,0.0008391379378736019,0.0011353114387020469,0.0015145502984523773,0.0019090169807896018,0.0023587916512042284,0.002843643305823207,0.003397013759240508,0.003930062986910343,0.0045585245825350285,0.00519383093342185,0.00594510929659009,0.00677105039358139,0.007688882295042276,0.00864227395504713,0.009706482291221619,0.010841451585292816,0.012057476677000523,0.013391436077654362,0.014937922358512878,0.01655006967484951,0.018410881981253624,0.020331328734755516,0.022542964667081833,0.024972882121801376,0.02751946449279785,0.030553851276636124,0.0336729995906353,0.03697244077920914,0.04041161760687828,0.044052377343177795,0.047870054841041565,0.0514635406434536,0.05537687987089157,0.05933016911149025,0.0634109377861023,0.06781138479709625,0.07293924689292908,0.07855979353189468,0.08499395102262497,0.09169833362102509,0.09877048432826996,0.10643923282623291,0.11436694860458374,0.12192526459693909,0.12934762239456177,0.13797080516815186
2196,0.00016012891137506813,0.00039567064959555864,0.0006787382299080491,0.0010644083376973867,0.0015459043206647038,0.002081271493807435,0.0026987968012690544,0.00340255000628531,0.004256203770637512,0.005130034871399403,0.0060677179135382175,0.007094914093613625,0.008249735459685326,0.009460593573749065,0.010753072798252106,0.012168770655989647,0.01366518810391426,0.01534445770084858,0.017278745770454407,0.01924733817577362,0.02133341133594513,0.023764820769429207,0.026170827448368073,0.029097583144903183,0.03247271478176117,0.03627089411020279,0.04051608592271805,0.04515852779150009,0.0504475012421608,0.056519266217947006,0.06276954710483551,0.0694122388958931,0.07614820450544357,0.08326280117034912,0.09046320617198944,0.09832283109426498,0.10599834471940994,0.11376197636127472,0.12203724682331085,0.1306183934211731,0.13930298388004303,0.14956556260585785,0.16051770746707916,0.17096468806266785,0.17973770201206207,0.1861475706100464,0.18995007872581482,0.19144713878631592,0.19449615478515625
2197,0.00011657649156404659,0.00027905948809348047,0.00046865514013916254,0.0007047356339171529,0.0009741049725562334,0.001271359622478485,0.0015926426276564598,0.0019457796588540077,0.0023364266380667686,0.002794924657791853,0.0032278408762067556,0.00370545475743711,0.00419914023950696,0.004764852114021778,0.0053161317482590675,0.0059858690947294235,0.006738383322954178,0.007475794292986393,0.00832001306116581,0.009298015385866165,0.010380596853792667,0.011597966775298119,0.012993249110877514,0.014475726522505283,0.01614297926425934,0.017990613356232643,0.019967302680015564,0.022011103108525276,0.024456128478050232,0.027004431933164597,0.02991192415356636,0.03299315273761749,0.03600817173719406,0.03950086236000061,0.04341106116771698,0.04748757556080818,0.05183878540992737,0.056951139122247696,0.06319402158260345,0.07025981694459915,0.07799240946769714,0.08717871457338333,0.09825372695922852,0.11006160080432892,0.12198089063167572,0.13237929344177246,0.1401052474975586,0.14626941084861755,0.15263685584068298
2198,0.00011852879833895713,0.0002837202628143132,0.00048028421588242054,0.0007493154844269156,0.001054596621543169,0.0014128363691270351,0.0018055784748867154,0.00224504922516644,0.0027567679062485695,0.0032758053857833147,0.0038833897560834885,0.004505242221057415,0.005238227546215057,0.006023756228387356,0.0068295300006866455,0.007679699920117855,0.008612834848463535,0.009602809324860573,0.010766241699457169,0.011999992653727531,0.013329127803444862,0.014742575585842133,0.016241110861301422,0.017818262800574303,0.019466998055577278,0.02121168002486229,0.023014364764094353,0.024930385872721672,0.027078237384557724,0.029428329318761826,0.031758904457092285,0.03428161144256592,0.03713703900575638,0.04023759067058563,0.04361853003501892,0.04763186350464821,0.05189003795385361,0.05626660957932472,0.060450777411460876,0.06478042900562286,0.06926971673965454,0.07427431643009186,0.07985368371009827,0.08494573086500168,0.08957548439502716,0.09389983117580414,0.09760668873786926,0.10217589139938354,0.11072824895381927
2199,0.00013774909893982112,0.00032475817715749145,0.0005712706479243934,0.0008774005109444261,0.0012294036569073796,0.0016208342276513577,0.002083880128338933,0.002562842098996043,0.0031323505099862814,0.0037542383652180433,0.004467394202947617,0.005292711779475212,0.00619480898603797,0.00713860709220171,0.008280716836452484,0.009531158953905106,0.010956663638353348,0.012579657137393951,0.014477239921689034,0.016561269760131836,0.019024088978767395,0.02165691927075386,0.02468680962920189,0.02798977680504322,0.03135666251182556,0.03476960211992264,0.03831946849822998,0.04243277758359909,0.04654558748006821,0.05132395029067993,0.056433647871017456,0.061468541622161865,0.06626482307910919,0.07104368507862091,0.07591960579156876,0.08040658384561539,0.08505997806787491,0.08952607959508896,0.09397504478693008,0.0981961041688919,0.10279719531536102,0.10750652849674225,0.11174052953720093,0.11602406948804855,0.12082876265048981,0.12591561675071716,0.1309017688035965,0.1362735778093338,0.14236636459827423
