pid,Step 45,Step 40,Step 35,Step 30,Step 25,Step 20,Step 15,Step 10,Step 5
4000,0.0008989119669422507,0.00470753014087677,0.01702818088233471,0.0359368771314621,0.06692104041576385,0.11359883844852448,0.1497822105884552,0.17964449524879456,0.24041959643363953
4001,0.0008014211198315024,0.003913134802132845,0.012452378869056702,0.028225306421518326,0.0670817494392395,0.09923723340034485,0.14224056899547577,0.20469312369823456,0.2310899943113327
4002,0.0006820479757152498,0.0023298035375773907,0.007567949593067169,0.028980057686567307,0.04642769321799278,0.059716545045375824,0.07001550495624542,0.0778208002448082,0.09591564536094666
4003,0.0011758735636249185,0.00429078284651041,0.009576616808772087,0.02259991690516472,0.03006475791335106,0.03710517659783363,0.053014252334833145,0.10606680810451508,0.16881079971790314
4004,0.0012952140532433987,0.005718272179365158,0.0323491133749485,0.06152154877781868,0.10267569869756699,0.15307575464248657,0.17615213990211487,0.21303221583366394,0.23733492195606232
4005,0.000680608965922147,0.0021378647070378065,0.005044064484536648,0.01978137716650963,0.03527916967868805,0.05330260097980499,0.06705688685178757,0.10406530648469925,0.10908623039722443
4006,0.0009557815501466393,0.004576532170176506,0.014016428962349892,0.03013654798269272,0.04572765901684761,0.05845345929265022,0.07898758351802826,0.10149385035037994,0.10910754650831223
4007,0.0009817280806601048,0.0051165311597287655,0.01866697520017624,0.054798439145088196,0.10104560852050781,0.16358590126037598,0.19874069094657898,0.2081226110458374,0.23343190550804138
4008,0.0007226062007248402,0.003080465365201235,0.0184345543384552,0.04118412733078003,0.06301558762788773,0.06571973860263824,0.06905163824558258,0.06824962794780731,0.07295854389667511
4009,0.000600177445448935,0.002456005197018385,0.0069206031039357185,0.026637423783540726,0.04836847260594368,0.07021233439445496,0.11123105883598328,0.11882959306240082,0.1537572145462036
4010,0.0010836110450327396,0.004678159952163696,0.016435857862234116,0.06037329509854317,0.12538214027881622,0.212405264377594,0.2719513475894928,0.3165428936481476,0.32692092657089233
4011,0.0011856418568640947,0.004622694570571184,0.01153529342263937,0.023053810000419617,0.03800183907151222,0.05886413902044296,0.08017382025718689,0.11354699730873108,0.17944690585136414
4012,0.001041098847053945,0.005089995451271534,0.013999667018651962,0.03360392525792122,0.06614083051681519,0.1087585985660553,0.1416524052619934,0.16759079694747925,0.2065708339214325
4013,0.0005979209090583026,0.005820394027978182,0.024713708087801933,0.04116276651620865,0.05461768060922623,0.06676828861236572,0.072140634059906,0.07625575363636017,0.08200709521770477
4014,0.0005686681251972914,0.0021832233760505915,0.004341716878116131,0.00799894705414772,0.012647234834730625,0.020641397684812546,0.028834989294409752,0.061997346580028534,0.09040525555610657
4015,0.0011022593826055527,0.004905807785689831,0.012545250356197357,0.028853237628936768,0.06896679103374481,0.11975757777690887,0.17719599604606628,0.19934028387069702,0.25545939803123474
4016,0.0006035024998709559,0.0018984446069225669,0.004722012206912041,0.02381237968802452,0.05699148401618004,0.07692007720470428,0.09517642855644226,0.12008719146251678,0.13756206631660461
4017,0.0012090913951396942,0.005716846790164709,0.021564150229096413,0.06292743235826492,0.10060133039951324,0.13406780362129211,0.16209931671619415,0.17332075536251068,0.2862243056297302
4018,0.0006807585596106946,0.0017654725816100836,0.007525987923145294,0.03076755627989769,0.0680382177233696,0.10348662734031677,0.1189340204000473,0.12697015702724457,0.26640284061431885
4019,0.0009186755632981658,0.004855826031416655,0.015570351853966713,0.03800807148218155,0.06212760880589485,0.0881899818778038,0.15135474503040314,0.21541059017181396,0.21655207872390747
4020,0.0006619751802645624,0.0020954066421836615,0.005145490635186434,0.011967874132096767,0.05756056308746338,0.09059427678585052,0.2784028947353363,0.3243134915828705,0.3639255166053772
4021,0.0010501546785235405,0.00337779987603426,0.006706331856548786,0.030110463500022888,0.04473073035478592,0.05421926826238632,0.05961116403341293,0.06393289566040039,0.08365413546562195
4022,0.0006960747414268553,0.0033935699611902237,0.014232635498046875,0.039797380566596985,0.05711813271045685,0.08098547160625458,0.09208386391401291,0.10105034708976746,0.10863552987575531
4023,0.0009313866030424833,0.00472854683175683,0.013373978435993195,0.035984430462121964,0.07555330544710159,0.13876529037952423,0.17036764323711395,0.21460629999637604,0.24414069950580597
4024,0.0007651136256754398,0.003224271582439542,0.009225143119692802,0.020701881498098373,0.04569241404533386,0.06776747852563858,0.08895249664783478,0.11143112182617188,0.15718364715576172
4025,0.0007408925448544323,0.004772054497152567,0.015275822952389717,0.023638537153601646,0.02934909611940384,0.03936971724033356,0.06786835193634033,0.08768947422504425,0.13925829529762268
4026,0.0007186071597971022,0.0022438704036176205,0.027005374431610107,0.053827911615371704,0.06736581027507782,0.09772088378667831,0.11006876826286316,0.12536655366420746,0.14871220290660858
4027,0.0006837855326011777,0.003669657278805971,0.010174553841352463,0.017450911924242973,0.031156551092863083,0.04057084023952484,0.05583329498767853,0.05976847931742668,0.09115367382764816
4028,0.000832109828479588,0.004191170446574688,0.01445011980831623,0.026107633486390114,0.03588195517659187,0.0424947664141655,0.04642479866743088,0.05138956010341644,0.05689345300197601
4029,0.0007444872171618044,0.003377525834366679,0.011970484629273415,0.030286915600299835,0.05231462046504021,0.06875380128622055,0.08459651470184326,0.13028012216091156,0.18233871459960938
4030,0.0010399441234767437,0.004462519194930792,0.013135667890310287,0.037789009511470795,0.09030278772115707,0.12750720977783203,0.15384890139102936,0.20259545743465424,0.24529770016670227
4031,0.0009833258809521794,0.004853655584156513,0.01282532699406147,0.025858314707875252,0.043353233486413956,0.061545565724372864,0.08378279209136963,0.11505791544914246,0.1407216638326645
4032,0.0006815254455432296,0.002469779923558235,0.006436452269554138,0.015077884308993816,0.025041205808520317,0.033292219042778015,0.04467896372079849,0.05641037970781326,0.0688491016626358
4033,0.001144559821113944,0.00575351994484663,0.015985863283276558,0.029443278908729553,0.054498765617609024,0.08211198449134827,0.1245548278093338,0.1788151115179062,0.2635418772697449
4034,0.0007381225586868823,0.003046841360628605,0.031193794682621956,0.04482008516788483,0.04425785318017006,0.09334968030452728,0.09609702974557877,0.10102284699678421,0.1125817522406578
4035,0.0005709660472348332,0.002093682764098048,0.005235020536929369,0.010141490027308464,0.019128859043121338,0.08194397389888763,0.08327251672744751,0.099594347178936,0.11325961351394653
4036,0.0005936329253017902,0.0032978057861328125,0.010407138615846634,0.01834806799888611,0.027242694050073624,0.036860883235931396,0.04878382012248039,0.09860750287771225,0.10168199986219406
4037,0.0008779976051300764,0.004684399347752333,0.01268207747489214,0.02404131554067135,0.04562736302614212,0.09905413538217545,0.17955151200294495,0.22646337747573853,0.24366001784801483
4038,0.0006603862857446074,0.0032142032869160175,0.009377071633934975,0.024456370621919632,0.06727124750614166,0.12473845481872559,0.16280974447727203,0.17828859388828278,0.1844956874847412
4039,0.0008565580938011408,0.0031729971524327993,0.011133118532598019,0.019400842487812042,0.030056562274694443,0.041708290576934814,0.046686701476573944,0.04928651079535484,0.06384747475385666
4040,0.000665614556055516,0.0035918103531003,0.007457215804606676,0.015967126935720444,0.026532206684350967,0.036559805274009705,0.04369054734706879,0.05994092673063278,0.07877475768327713
4041,0.0006932893302291632,0.0022968375124037266,0.005362246185541153,0.011681176722049713,0.019932996481657028,0.032808028161525726,0.045101869851350784,0.06521330773830414,0.17278607189655304
4042,0.000744288437999785,0.00533076748251915,0.01245378702878952,0.02868671901524067,0.047334689646959305,0.0645638108253479,0.08272523432970047,0.12526355683803558,0.19153349101543427
4043,0.0007084501557983458,0.0030696685425937176,0.008781829848885536,0.02259112522006035,0.050394900143146515,0.08151791989803314,0.1143464744091034,0.17402960360050201,0.20529748499393463
4044,0.0008163426537066698,0.004186926409602165,0.017853492870926857,0.03978101164102554,0.08480148762464523,0.13330884277820587,0.1538548469543457,0.16784678399562836,0.19037292897701263
4045,0.0007303569582290947,0.0018897856352850795,0.010579408146440983,0.05139584094285965,0.07518651336431503,0.08410230278968811,0.09741291403770447,0.1018659919500351,0.1169683039188385
4046,0.0010152299655601382,0.005535205826163292,0.025312915444374084,0.05103491246700287,0.0751686617732048,0.09715079516172409,0.10467754304409027,0.11126942932605743,0.10878819972276688
4047,0.000652412127237767,0.0020394381135702133,0.004641462117433548,0.013856649398803711,0.02142580784857273,0.029721390455961227,0.03621726110577583,0.04401340335607529,0.055521830916404724
4048,0.0009371897322125733,0.0022973562590777874,0.004364693071693182,0.007628501858562231,0.012725439853966236,0.032820072025060654,0.047989372164011,0.08426403254270554,0.11505679786205292
4049,0.0007447880925610662,0.0037088003009557724,0.010455161333084106,0.025101345032453537,0.0766289085149765,0.11042003333568573,0.13015547394752502,0.13934090733528137,0.14430829882621765
4050,0.000550746510270983,0.0024094695691019297,0.00747842900454998,0.01951626129448414,0.051758378744125366,0.1300676167011261,0.19407616555690765,0.2176315039396286,0.23811152577400208
4051,0.0006586567615158856,0.0035915980115532875,0.006656351964920759,0.01372921746224165,0.0259869247674942,0.037510816007852554,0.04462553560733795,0.05688256397843361,0.06429149955511093
4052,0.0005843111430294812,0.0020730579271912575,0.013593494892120361,0.035805922001600266,0.04492824524641037,0.05288606137037277,0.062477339059114456,0.09149941056966782,0.17653420567512512
4053,0.001319239498116076,0.008868345990777016,0.03001435473561287,0.0515112467110157,0.06419140845537186,0.07264199107885361,0.1020171120762825,0.14063039422035217,0.183084636926651
4054,0.0008865757845342159,0.005665428005158901,0.019177081063389778,0.06824988126754761,0.12043830752372742,0.19933779537677765,0.27055323123931885,0.3103679418563843,0.3465613126754761
4055,0.0006031100638210773,0.0052383579313755035,0.02059611864387989,0.042133770883083344,0.059125326573848724,0.06912342458963394,0.0820983350276947,0.09102955460548401,0.10225478559732437
4056,0.0008746467065066099,0.003796146484091878,0.011443674564361572,0.025899799540638924,0.07696308940649033,0.11658917367458344,0.1735486090183258,0.30324292182922363,0.40012508630752563
4057,0.0007784524350427091,0.005901559256017208,0.014367187395691872,0.031788986176252365,0.07680724561214447,0.1492440104484558,0.17208144068717957,0.19051465392112732,0.19318699836730957
4058,0.0007527953130193055,0.0036355312913656235,0.012448066845536232,0.030856546014547348,0.054249685257673264,0.10851133614778519,0.16831545531749725,0.19434303045272827,0.21167264878749847
4059,0.0008788470877334476,0.003725801594555378,0.012580996379256248,0.03988872095942497,0.08685731142759323,0.13434812426567078,0.16284209489822388,0.16916429996490479,0.25559741258621216
4060,0.0008352541481144726,0.0036127190105617046,0.009340250864624977,0.017248107120394707,0.030404377728700638,0.04933731257915497,0.08827724307775497,0.12782827019691467,0.18177977204322815
4061,0.0005831345915794373,0.0031277162488549948,0.010406073182821274,0.020403914153575897,0.03836396709084511,0.050573378801345825,0.06433145701885223,0.07519097626209259,0.10042017698287964
4062,0.0007415706058964133,0.0031969761475920677,0.01012309268116951,0.024679429829120636,0.08042538166046143,0.1450657844543457,0.19263124465942383,0.2429041564464569,0.2501049339771271
4063,0.0008189506479538977,0.00438738614320755,0.013169698417186737,0.02380438521504402,0.03578455001115799,0.04436510428786278,0.046492550522089005,0.05914779752492905,0.20929282903671265
4064,0.0005792253650724888,0.0019197151996195316,0.013895617797970772,0.02341575175523758,0.028258830308914185,0.03505682945251465,0.053760699927806854,0.0964968204498291,0.1412317454814911
4065,0.0007352725369855762,0.0029832383152097464,0.007762182969599962,0.017046306282281876,0.037488602101802826,0.06663169711828232,0.11246217787265778,0.14588552713394165,0.15995748341083527
4066,0.0006388693582266569,0.0020049677696079016,0.004664569161832333,0.03249790892004967,0.09278576076030731,0.11106521636247635,0.12786053121089935,0.1431746929883957,0.15756164491176605
4067,0.000681359029840678,0.0021546853240579367,0.005763874854892492,0.012316739186644554,0.025885721668601036,0.052584096789360046,0.06645168364048004,0.19092155992984772,0.2095615267753601
4068,0.000780167174525559,0.003989722579717636,0.012975955381989479,0.03547775745391846,0.06360228359699249,0.11717912554740906,0.15233251452445984,0.18766433000564575,0.22868052124977112
4069,0.0009345897706225514,0.004190061241388321,0.01056038960814476,0.023974034935235977,0.0621030256152153,0.10440509766340256,0.14630375802516937,0.1737290322780609,0.21603551506996155
4070,0.0008782666409388185,0.0035980194807052612,0.011094052344560623,0.028888247907161713,0.0673159658908844,0.1466277539730072,0.1944519281387329,0.22325298190116882,0.24707713723182678
4071,0.0006649129209108651,0.0018949806690216064,0.004679784178733826,0.02127750776708126,0.028854329138994217,0.03302418068051338,0.10545822978019714,0.17380984127521515,0.18080326914787292
4072,0.0008174655959010124,0.0033415397629141808,0.012136662378907204,0.03054504469037056,0.061796918511390686,0.0943075641989708,0.14815494418144226,0.1854720264673233,0.21108543872833252
4073,0.0007049376145005226,0.0023341153282672167,0.005102476570755243,0.008732952177524567,0.045542776584625244,0.06596724689006805,0.08578124642372131,0.13262328505516052,0.15669959783554077
4074,0.0006816340610384941,0.003119296859949827,0.009744744747877121,0.022440046072006226,0.05441661924123764,0.09363885968923569,0.11177078634500504,0.14022420346736908,0.16692951321601868
4075,0.0009319344535470009,0.004074601456522942,0.011839428916573524,0.03186033293604851,0.06141219288110733,0.1004970520734787,0.14995555579662323,0.1877608448266983,0.2041744440793991
4076,0.000525831594131887,0.0017719168681651354,0.0040326425805687904,0.013272102922201157,0.03831436112523079,0.06658433377742767,0.1273314356803894,0.1787760853767395,0.20476436614990234
4077,0.0010745071340352297,0.004331738688051701,0.013888156041502953,0.02956337109208107,0.0496787391602993,0.08459765464067459,0.12380653619766235,0.14790423214435577,0.15103749930858612
4078,0.0008463809499517083,0.0035008590202778578,0.008350273594260216,0.01874016411602497,0.05762355774641037,0.10386588424444199,0.14611464738845825,0.20205768942832947,0.28246626257896423
4079,0.0007172583136707544,0.0024219744373112917,0.006728935055434704,0.0136876767501235,0.024149149656295776,0.03497540205717087,0.045061420649290085,0.07371528446674347,0.1095568984746933
4080,0.0011022278340533376,0.005802681669592857,0.01784057542681694,0.049186497926712036,0.10362575948238373,0.23430022597312927,0.2817840874195099,0.299044668674469,0.29603490233421326
4081,0.0011407614219933748,0.005351024679839611,0.013822028413414955,0.034831177443265915,0.06329119205474854,0.08669048547744751,0.09920813143253326,0.21173527836799622,0.42277711629867554
4082,0.0005245321081019938,0.0017146742902696133,0.0044092899188399315,0.009060093201696873,0.018924351781606674,0.02788560837507248,0.062424905598163605,0.10326062142848969,0.19419707357883453
4083,0.000994594069197774,0.0050463187508285046,0.018135685473680496,0.04714947193861008,0.08110545575618744,0.11324521154165268,0.14404061436653137,0.1924414187669754,0.23250126838684082
4084,0.0009429144556634128,0.003711981000378728,0.01387286838144064,0.036108970642089844,0.05275879055261612,0.09105018526315689,0.11050708591938019,0.12238194048404694,0.14904320240020752
4085,0.0007018913747742772,0.0021995417773723602,0.0055210161954164505,0.03708802908658981,0.07991767674684525,0.1053520143032074,0.17269687354564667,0.19161692261695862,0.20757289230823517
4086,0.0007908231345936656,0.0034535727463662624,0.010894322767853737,0.027891458943486214,0.039277754724025726,0.06199606880545616,0.07688764482736588,0.09689804911613464,0.11383895576000214
4087,0.0009575835429131985,0.004474107641726732,0.01208106242120266,0.024206556379795074,0.06305993348360062,0.1399790644645691,0.17905625700950623,0.19749529659748077,0.2783587574958801
4088,0.000623679778072983,0.002681775949895382,0.008128036744892597,0.019415050745010376,0.03968064486980438,0.07696530222892761,0.10601398348808289,0.13955825567245483,0.19884902238845825
4089,0.0008665515342727304,0.004159858450293541,0.012789662927389145,0.03235379979014397,0.09318453818559647,0.14533773064613342,0.21326108276844025,0.22221921384334564,0.22536598145961761
4090,0.0008743524085730314,0.004260803572833538,0.013134298846125603,0.027286987751722336,0.04244033247232437,0.06937927007675171,0.09287241101264954,0.13245338201522827,0.16515502333641052
4091,0.0006764295394532382,0.003179504070430994,0.007083866745233536,0.013257401064038277,0.0202946737408638,0.02665918692946434,0.036319319158792496,0.051584392786026,0.07715187221765518
4092,0.0005830253357999027,0.0015465726610273123,0.0029983441345393658,0.005232163704931736,0.009436504915356636,0.01381758227944374,0.021207258105278015,0.030336160212755203,0.04859240725636482
4093,0.0010494478046894073,0.004546744748950005,0.013668062165379524,0.03779666870832443,0.057026565074920654,0.07411918044090271,0.10632947087287903,0.1572769433259964,0.19117459654808044
4094,0.0007699632551521063,0.003413174767047167,0.009290920570492744,0.019525626674294472,0.04744522646069527,0.08323367685079575,0.12110477685928345,0.19358864426612854,0.2780972123146057
4095,0.0010684638982638717,0.004979226738214493,0.014721689745783806,0.025468528270721436,0.038373738527297974,0.049211643636226654,0.06960806250572205,0.11101147532463074,0.13015270233154297
4096,0.0006248861318454146,0.002378649078309536,0.006704957690089941,0.021472159773111343,0.05052337795495987,0.09947933256626129,0.14040245115756989,0.15749792754650116,0.16634143888950348
4097,0.0005859136581420898,0.0020756651647388935,0.004881541710346937,0.03363201767206192,0.04670865833759308,0.05556677281856537,0.06095127388834953,0.07414141297340393,0.08901100605726242
4098,0.0007230833871290088,0.0038650231435894966,0.010301723144948483,0.01779894344508648,0.02667217329144478,0.03624403104186058,0.04675770550966263,0.07289353013038635,0.09322139620780945
4099,0.0010092495940625668,0.00488677341490984,0.013549746945500374,0.04235390946269035,0.09882126748561859,0.18233396112918854,0.2485472857952118,0.2735578119754791,0.29206764698028564
4100,0.0006408754852600396,0.0022233647760003805,0.0052345930598676205,0.009729200042784214,0.01643921621143818,0.034731701016426086,0.0774833932518959,0.14157140254974365,0.18875065445899963
4101,0.0008726691012270749,0.0036115734837949276,0.011042192578315735,0.03262925148010254,0.05261525511741638,0.07631322741508484,0.09426452219486237,0.12820982933044434,0.17532983422279358
4102,0.0007349429070018232,0.003194211283698678,0.01038170512765646,0.021694058552384377,0.04349768906831741,0.07743771374225616,0.10219793021678925,0.12096265703439713,0.13718992471694946
4103,0.0009181274799630046,0.0034849492367357016,0.007770325522869825,0.02748691663146019,0.06654487550258636,0.09274560958147049,0.1379651576280594,0.16346235573291779,0.18746832013130188
4104,0.001032467931509018,0.004103206098079681,0.011704772710800171,0.0334915965795517,0.06445949524641037,0.09275902062654495,0.11804580688476562,0.13731417059898376,0.15320199728012085
4105,0.0006936222780495882,0.0035238247364759445,0.012071539647877216,0.0331515371799469,0.07418118417263031,0.12387266010046005,0.16276627779006958,0.18755292892456055,0.23815429210662842
4106,0.0009430332574993372,0.004446972161531448,0.010465685278177261,0.025586623698472977,0.05846460163593292,0.09429578483104706,0.11846202611923218,0.13836601376533508,0.14992666244506836
4107,0.0008846784476190805,0.0028640972450375557,0.012009820900857449,0.026028836145997047,0.03438057005405426,0.03726833313703537,0.041885025799274445,0.058565184473991394,0.07259859889745712
4108,0.0008909882744774222,0.003866462269797921,0.01066823024302721,0.0253077931702137,0.053735487163066864,0.09789451956748962,0.12551692128181458,0.14919191598892212,0.15767952799797058
4109,0.0007547605782747269,0.003424009308218956,0.00941784493625164,0.02090783230960369,0.04024690017104149,0.062310945242643356,0.09955735504627228,0.14533483982086182,0.1941058337688446
4110,0.0011781066423282027,0.006393708288669586,0.018046021461486816,0.06716040521860123,0.10809383541345596,0.1510344296693802,0.2045302391052246,0.2495015412569046,0.2766137719154358
4111,0.000761957373470068,0.0034704089630395174,0.012724112719297409,0.03081086464226246,0.05101437866687775,0.07449721544981003,0.09015002101659775,0.10505148768424988,0.12099568545818329
4112,0.0009328252053819597,0.0025136363692581654,0.004980253055691719,0.008603855967521667,0.012053180485963821,0.019443916156888008,0.03346823528409004,0.04928647354245186,0.1597243696451187
4113,0.0007452585850842297,0.0030153547413647175,0.0068785035982728004,0.011346563696861267,0.0161800105124712,0.024169117212295532,0.032257623970508575,0.03838127851486206,0.12297040224075317
4114,0.0009089154773391783,0.004083741456270218,0.0121376384049654,0.032511159777641296,0.0848042219877243,0.13945293426513672,0.18915334343910217,0.2350466400384903,0.32475870847702026
4115,0.000807938864454627,0.0030818795785307884,0.007988795638084412,0.019416440278291702,0.04006118327379227,0.06756868958473206,0.11006084084510803,0.19752457737922668,0.282490611076355
4116,0.0007738202111795545,0.0032001868821680546,0.013583624735474586,0.04156212881207466,0.056545987725257874,0.06232906132936478,0.06557462364435196,0.06647482514381409,0.11577573418617249
4117,0.0007940339273773134,0.0027243895456194878,0.005777851212769747,0.010082807391881943,0.016341393813490868,0.04030879586935043,0.04684915766119957,0.051972467452287674,0.05743469297885895
4118,0.0008695597061887383,0.00377007108181715,0.009608866646885872,0.023829154670238495,0.04865305870771408,0.1159888431429863,0.18376146256923676,0.2299913465976715,0.2616146206855774
4119,0.0007709027850069106,0.002321652602404356,0.0074098976328969,0.021087883040308952,0.03515462949872017,0.03978811576962471,0.05024650692939758,0.060144245624542236,0.06650519371032715
4120,0.000953228329308331,0.0046820309944450855,0.012954187579452991,0.030839916318655014,0.07039129734039307,0.11612813174724579,0.14089243113994598,0.18295913934707642,0.19055232405662537
4121,0.0008607683121226728,0.004397503100335598,0.01664194092154503,0.03241069242358208,0.05602103844285011,0.09441329538822174,0.13614962995052338,0.17257845401763916,0.2126927673816681
4122,0.0009268266148865223,0.00443448219448328,0.017530914396047592,0.08398913592100143,0.12808893620967865,0.18653953075408936,0.21233370900154114,0.22174665331840515,0.23892955482006073
4123,0.0005909820320084691,0.002678982215002179,0.011660074815154076,0.025852372869849205,0.039220280945301056,0.05179779231548309,0.06859206408262253,0.08458663523197174,0.14339718222618103
4124,0.0010441746562719345,0.005238023586571217,0.011544309556484222,0.03094213642179966,0.12787386775016785,0.1402842253446579,0.1714910864830017,0.171132892370224,0.20129138231277466
4125,0.0007110069273039699,0.0028664569836109877,0.007796372286975384,0.015392400324344635,0.03445758670568466,0.05894435569643974,0.09008289128541946,0.14478057622909546,0.22462260723114014
4126,0.0007812283001840115,0.0031539681367576122,0.011945192702114582,0.0291869156062603,0.07599674165248871,0.09344654530286789,0.1037849634885788,0.11143653094768524,0.13237452507019043
4127,0.001105093746446073,0.005009925924241543,0.01880037970840931,0.06303754448890686,0.15541130304336548,0.24834738671779633,0.36887726187705994,0.4474605917930603,0.474242627620697
4128,0.0006591930869035423,0.002964186482131481,0.009126446209847927,0.02523716911673546,0.055460743606090546,0.12645915150642395,0.19872134923934937,0.21281714737415314,0.20641498267650604
4129,0.0009552453411743045,0.0037982314825057983,0.009777374565601349,0.02035214565694332,0.04173719882965088,0.09420847147703171,0.12219194322824478,0.13133248686790466,0.14381398260593414
4130,0.0008691560942679644,0.003277786774560809,0.013007435947656631,0.052079226821660995,0.08405660092830658,0.1146136149764061,0.13786199688911438,0.16200339794158936,0.1707109808921814
4131,0.001022465294227004,0.004075963050127029,0.009504896588623524,0.02112332172691822,0.048861436545848846,0.0844753235578537,0.11234426498413086,0.16002781689167023,0.22129282355308533
4132,0.0011718410532921553,0.007134892512112856,0.01592324860394001,0.03991904482245445,0.06895612180233002,0.09577587991952896,0.1121654063463211,0.12988723814487457,0.19564327597618103
4133,0.0005887615843676031,0.0020890801679342985,0.011350912973284721,0.030495261773467064,0.04425821825861931,0.05572713911533356,0.06381989270448685,0.06454692780971527,0.06905929744243622
4134,0.0007409165264107287,0.0027303702663630247,0.007215721532702446,0.018383663147687912,0.03129730373620987,0.06639155000448227,0.0771297812461853,0.09941396117210388,0.1442093849182129
4135,0.0007176853250712156,0.002259252592921257,0.004864158108830452,0.008696583099663258,0.01435849815607071,0.024168584495782852,0.03516004607081413,0.03941018134355545,0.038930099457502365
4136,0.001026170328259468,0.0046034445986151695,0.019864153116941452,0.03166113793849945,0.055034782737493515,0.20371608436107635,0.2653520107269287,0.28316569328308105,0.30138832330703735
4137,0.0009109480306506157,0.0047187781892716885,0.012829698622226715,0.02765078842639923,0.0813145712018013,0.16481807827949524,0.20641407370567322,0.2181500494480133,0.2385510504245758
4138,0.0009792749769985676,0.0039042343851178885,0.01074003241956234,0.03890793025493622,0.08790229260921478,0.15121468901634216,0.207865908741951,0.23289474844932556,0.5720701813697815
4139,0.0007083534728735685,0.002813416300341487,0.008074955083429813,0.016244787722826004,0.02719908393919468,0.04444202035665512,0.06873013079166412,0.12719689309597015,0.21075066924095154
4140,0.0010085811372846365,0.002783943200483918,0.00632909219712019,0.011966478079557419,0.0202015433460474,0.033833105117082596,0.047925230115652084,0.06322330981492996,0.06496085971593857
4141,0.0008681521285325289,0.0029678132850676775,0.0059923636727035046,0.011005036532878876,0.017208630219101906,0.02776571735739708,0.04158496484160423,0.056698910892009735,0.11823175102472305
4142,0.00062654068460688,0.0030896381940692663,0.0106193907558918,0.023177029564976692,0.0384940505027771,0.05517229437828064,0.0794534981250763,0.09568311274051666,0.16035793721675873
4143,0.0005810571019537747,0.0017349289264529943,0.005329308100044727,0.011210078373551369,0.01774219237267971,0.02337690442800522,0.030595606192946434,0.0389125719666481,0.0481732115149498
4144,0.0006031794473528862,0.0023431582376360893,0.009196491912007332,0.024816129356622696,0.04501592367887497,0.08270122855901718,0.12433971464633942,0.14851722121238708,0.1396414041519165
4145,0.0008843861287459731,0.004603257868438959,0.020587945356965065,0.049049925059080124,0.10253342241048813,0.17026712000370026,0.21029311418533325,0.3012293875217438,0.3129427134990692
4146,0.0014474110212177038,0.007110061123967171,0.02826233208179474,0.06583520025014877,0.10546889901161194,0.14004088938236237,0.21354623138904572,0.30382949113845825,0.3766132891178131
4147,0.0007185015711002052,0.0024269367568194866,0.0065611316822469234,0.02766260877251625,0.03629982843995094,0.08251145482063293,0.09525759518146515,0.10447763651609421,0.11597516387701035
4148,0.0007072616135701537,0.0018363164272159338,0.0038104536943137646,0.0073273032903671265,0.0373443104326725,0.049436382949352264,0.08038298785686493,0.0857003927230835,0.09870972484350204
4149,0.0014177537523210049,0.007536219898611307,0.022698894143104553,0.05885617062449455,0.11469344049692154,0.20654045045375824,0.2725350856781006,0.4004640579223633,0.45543643832206726
4150,0.0007569860899820924,0.0036640968173742294,0.012816732749342918,0.03274736925959587,0.05507824197411537,0.06468793749809265,0.12148140370845795,0.1845741868019104,0.30989453196525574
4151,0.0007257192046381533,0.002801168942824006,0.015077275224030018,0.036646418273448944,0.04936937615275383,0.06829135864973068,0.07242761552333832,0.0760572999715805,0.12878622114658356
4152,0.0008214362314902246,0.00332837225869298,0.009215198457241058,0.021012388169765472,0.042478665709495544,0.0716601312160492,0.11317630112171173,0.15896622836589813,0.210791677236557
4153,0.0006314749480225146,0.001485850545577705,0.0032184377778321505,0.008943232707679272,0.026080554351210594,0.04234752058982849,0.04711923748254776,0.04923195019364357,0.07107548415660858
4154,0.0007251991773955524,0.0031428150832653046,0.00801493413746357,0.01829695887863636,0.0370190367102623,0.062004804611206055,0.10737234354019165,0.13391172885894775,0.1556204855442047
4155,0.0006024752510711551,0.002103585284203291,0.005008582025766373,0.024976123124361038,0.03223087266087532,0.03933479264378548,0.043369486927986145,0.04611523821949959,0.047685571014881134
4156,0.001881008385680616,0.009169841185212135,0.02889079973101616,0.05813859403133392,0.11350954324007034,0.17975595593452454,0.20240461826324463,0.2140551507472992,0.2901347875595093
4157,0.0007996376371011138,0.003521543927490711,0.014428075402975082,0.03198171406984329,0.0630590096116066,0.09482739120721817,0.14071820676326752,0.16940870881080627,0.3190866708755493
4158,0.000959326047450304,0.004169290419667959,0.01264038123190403,0.03204040601849556,0.05676832050085068,0.06721627712249756,0.09130162000656128,0.12800061702728271,0.17120417952537537
4159,0.0008029032615013421,0.0026953606866300106,0.007964763790369034,0.020207161083817482,0.036146748811006546,0.04294229671359062,0.07846181094646454,0.1801784783601761,0.2532965838909149
4160,0.000881900661624968,0.003835052251815796,0.008368045091629028,0.015940671786665916,0.033977482467889786,0.07274949550628662,0.1276581734418869,0.16435298323631287,0.18096062541007996
4161,0.0010385771747678518,0.004218737594783306,0.010368228890001774,0.025080913677811623,0.05509942024946213,0.06877393275499344,0.081283800303936,0.10005977749824524,0.20606663823127747
4162,0.0007897327304817736,0.0030524954199790955,0.007879828102886677,0.017851410433650017,0.04454457759857178,0.06420084834098816,0.08523683995008469,0.10650674998760223,0.16465801000595093
4163,0.001517685828730464,0.007789330556988716,0.02178041636943817,0.04137945547699928,0.07667651027441025,0.1273977905511856,0.18501460552215576,0.21037694811820984,0.19594791531562805
4164,0.0008015400380827487,0.00244922935962677,0.004764203913509846,0.009867613203823566,0.031065989285707474,0.06583186984062195,0.0764654204249382,0.0822165459394455,0.09175138920545578
4165,0.0008578809211030602,0.003439589636400342,0.008997309021651745,0.0207844041287899,0.04116102308034897,0.09524320811033249,0.12492303550243378,0.1933860331773758,0.24411264061927795
4166,0.0008690553950145841,0.004102385602891445,0.010684375651180744,0.019264988601207733,0.030927961692214012,0.0507543608546257,0.07915499806404114,0.10768555849790573,0.13327835500240326
4167,0.0010478128679096699,0.004368933849036694,0.027446594089269638,0.04459599405527115,0.06866497546434402,0.08361802250146866,0.09333211928606033,0.1154075562953949,0.13768860697746277
4168,0.0007425613002851605,0.003910908475518227,0.016491739079356194,0.028114669024944305,0.039194993674755096,0.04634230211377144,0.05318149924278259,0.06292533874511719,0.07212704420089722
4169,0.00086607551202178,0.0037775011733174324,0.010742908343672752,0.024418048560619354,0.04791472852230072,0.06646289676427841,0.08122187852859497,0.11818601191043854,0.1789533793926239
4170,0.0009019646677188575,0.003891845466569066,0.010291144251823425,0.024015767499804497,0.09850524365901947,0.15602578222751617,0.19033312797546387,0.25394290685653687,0.3472602963447571
4171,0.0007896869792602956,0.002631204901263118,0.008339541964232922,0.028964830562472343,0.04443629831075668,0.060979899019002914,0.08328370749950409,0.12370404601097107,0.13375309109687805
4172,0.000764761003665626,0.009007163345813751,0.0239555761218071,0.05091089755296707,0.07404248416423798,0.09382885694503784,0.11214122176170349,0.12158246338367462,0.1458241045475006
4173,0.0006306413561105728,0.002496895380318165,0.006721516139805317,0.011569581925868988,0.015462096780538559,0.01992855593562126,0.024048829451203346,0.02831273525953293,0.035500649362802505
4174,0.0008531945059075952,0.005080478265881538,0.01629658229649067,0.03678683936595917,0.07319669425487518,0.11755162477493286,0.15307363867759705,0.18064048886299133,0.20397505164146423
4175,0.001076185842975974,0.004269459750503302,0.011121994815766811,0.020115775987505913,0.02831990271806717,0.04799529165029526,0.08273927867412567,0.12595663964748383,0.1562766134738922
4176,0.0007122778333723545,0.0027925739996135235,0.007230845279991627,0.023095356300473213,0.09548807889223099,0.1569354087114334,0.16441142559051514,0.1871647834777832,0.4005284905433655
4177,0.0006235851324163377,0.0037884325720369816,0.009942639619112015,0.01691139116883278,0.02973632514476776,0.0525149330496788,0.088939368724823,0.1167614609003067,0.13814601302146912
4178,0.0006681494996882975,0.0031050480902194977,0.009643903002142906,0.026063833385705948,0.06085497885942459,0.09782291203737259,0.11962586641311646,0.14100226759910583,0.16882145404815674
4179,0.0012543773045763373,0.006278559099882841,0.014874622225761414,0.028753075748682022,0.04935968667268753,0.08065449446439743,0.17593255639076233,0.27808937430381775,0.3405782878398895
4180,0.0007766628405079246,0.0030869068577885628,0.007634200155735016,0.01642773300409317,0.03430448845028877,0.1016387939453125,0.17926979064941406,0.2195059359073639,0.21633553504943848
4181,0.0010377324651926756,0.005257872864603996,0.014065178111195564,0.026538051664829254,0.04411790892481804,0.07119812816381454,0.09213987737894058,0.12935441732406616,0.1823064535856247
4182,0.000739251496270299,0.003563406877219677,0.009609730914235115,0.020515477284789085,0.05337047576904297,0.09940394759178162,0.13810905814170837,0.17949305474758148,0.21441490948200226
4183,0.0009557855082675815,0.003857737872749567,0.01133886631578207,0.039274994283914566,0.08654038608074188,0.13931916654109955,0.19122664630413055,0.20696774125099182,0.21285827457904816
4184,0.0007435375591740012,0.0030999071896076202,0.010042363777756691,0.014815764501690865,0.03311799466609955,0.04140295088291168,0.04891487956047058,0.052839696407318115,0.07173250615596771
4185,0.0006449019419960678,0.0031040371395647526,0.010097221471369267,0.020702993497252464,0.042323119938373566,0.09886923432350159,0.1397375911474228,0.24649086594581604,0.332976371049881
4186,0.0007634839275851846,0.003801361657679081,0.019264571368694305,0.05227695778012276,0.08062021434307098,0.11480613052845001,0.12180675566196442,0.14117327332496643,0.14491678774356842
4187,0.00085739343194291,0.003584959078580141,0.008977326564490795,0.02155795693397522,0.03235664963722229,0.0563415065407753,0.06864003837108612,0.0781254917383194,0.08969706296920776
4188,0.0009067500359378755,0.0037693732883781195,0.008253850042819977,0.022077741101384163,0.035407815128564835,0.04275289922952652,0.05883350223302841,0.07035131752490997,0.08460086584091187
4189,0.0005740797496400774,0.0021099920850247145,0.010186906903982162,0.016011841595172882,0.021808287128806114,0.029653804376721382,0.03453376889228821,0.043272025883197784,0.05501055717468262
4190,0.0007013968424871564,0.0023205410689115524,0.004231559112668037,0.007491733878850937,0.029394032433629036,0.04167133569717407,0.04790335148572922,0.051723919808864594,0.06767454743385315
4191,0.0008571160724386573,0.0030930759385228157,0.006009772885590792,0.010885272175073624,0.018210826441645622,0.05037432163953781,0.062223974615335464,0.08203002065420151,0.0866602286696434
4192,0.0009706141427159309,0.00637685414403677,0.01938505843281746,0.03900803625583649,0.05858834460377693,0.08000677078962326,0.10082358866930008,0.11682447791099548,0.13342970609664917
4193,0.0005855923518538475,0.0019223863491788507,0.004455823451280594,0.00900395680218935,0.013744629919528961,0.021272769197821617,0.03220600262284279,0.04452374204993248,0.08504720032215118
4194,0.0006733647314831614,0.0019292314536869526,0.004849945195019245,0.012625466100871563,0.03161143511533737,0.03992612659931183,0.04308955371379852,0.052223749458789825,0.06632330268621445
4195,0.0008706420194357634,0.0033629578538239002,0.008178952150046825,0.01589222252368927,0.03825511038303375,0.05097171664237976,0.057851392775774,0.07730615139007568,0.08861301094293594
4196,0.0008496158989146352,0.0032504056580364704,0.00931381992995739,0.02151750959455967,0.04342593997716904,0.06845356523990631,0.10225172340869904,0.14132060110569,0.16942012310028076
4197,0.0011455125641077757,0.005130220670253038,0.014720326289534569,0.03852715343236923,0.08053943514823914,0.12026971578598022,0.16308245062828064,0.20468977093696594,0.31159040331840515
4198,0.0008238686714321375,0.002940157661214471,0.0076410360634326935,0.017894191667437553,0.0233320239931345,0.03760538622736931,0.05448232963681221,0.0720294788479805,0.1217525377869606
4199,0.0009454789105802774,0.004343532491475344,0.01692492514848709,0.05307500436902046,0.09248870611190796,0.1239299550652504,0.14749117195606232,0.15916027128696442,0.22202664613723755
4200,0.0007985985721461475,0.0030258609913289547,0.008115659467875957,0.01938801258802414,0.03189763426780701,0.052846238017082214,0.07486540079116821,0.09139099717140198,0.10736087709665298
4201,0.0009151734411716461,0.004215447697788477,0.010356076993048191,0.022815953940153122,0.04421909525990486,0.06134897843003273,0.10401694476604462,0.14299368858337402,0.17093251645565033
4202,0.0008437767974101007,0.003705622162669897,0.01124015636742115,0.03708462417125702,0.09238560497760773,0.10889425873756409,0.20050208270549774,0.24619418382644653,0.32097816467285156
4203,0.0007437177700921893,0.0031093615107238293,0.007866177707910538,0.02033087983727455,0.0600719079375267,0.0867246687412262,0.14755764603614807,0.18598565459251404,0.18199288845062256
4204,0.0006564136128872633,0.002678999677300453,0.006443270947784185,0.012103646993637085,0.020476602017879486,0.0346209779381752,0.06046045571565628,0.11236376315355301,0.1763080358505249
4205,0.0012946092756465077,0.005040800664573908,0.014128658920526505,0.032402511686086655,0.06461872905492783,0.25985029339790344,0.4004749655723572,0.48488181829452515,0.5828877687454224
4206,0.001383440918289125,0.007506655529141426,0.018984830006957054,0.050187598913908005,0.06876162439584732,0.07336397469043732,0.08162479102611542,0.09817762672901154,0.12554103136062622
4207,0.0005767721449956298,0.0023082050029188395,0.005928628612309694,0.014566529542207718,0.03698967024683952,0.12637972831726074,0.16762201488018036,0.22900818288326263,0.25810927152633667
4208,0.0006016978295519948,0.0020778016187250614,0.00606920663267374,0.01760026067495346,0.039733968675136566,0.055254578590393066,0.06435270607471466,0.07190761715173721,0.11193305999040604
4209,0.001856701448559761,0.010897616855800152,0.01925542950630188,0.028240375220775604,0.040087196975946426,0.047211386263370514,0.06048014014959335,0.0728662833571434,0.10063851624727249
4210,0.0009707866702228785,0.00447546411305666,0.013196079060435295,0.02633960172533989,0.04759185016155243,0.13209885358810425,0.23621568083763123,0.26920080184936523,0.2673778533935547
4211,0.0014223622856661677,0.006522870622575283,0.0185333713889122,0.03774576261639595,0.06148659437894821,0.09609991312026978,0.14969956874847412,0.19531667232513428,0.2699946463108063
4212,0.0008295070729218423,0.00345430476590991,0.025475842878222466,0.06086793169379234,0.08737434446811676,0.10339774191379547,0.1136559322476387,0.12222400307655334,0.12956339120864868
4213,0.0008929787436500192,0.003757850732654333,0.011119130998849869,0.0438309945166111,0.08772119134664536,0.12457817792892456,0.15781572461128235,0.24777603149414062,0.46725502610206604
4214,0.0006969110108911991,0.0030687961261719465,0.00950457714498043,0.03086724877357483,0.06951894611120224,0.12384126335382462,0.1755027025938034,0.21491461992263794,0.24260886013507843
4215,0.0013042261125519872,0.006162450648844242,0.019742215052247047,0.048140931874513626,0.07518678903579712,0.12897652387619019,0.17458896338939667,0.1808779388666153,0.2661995589733124
4216,0.0006693887989968061,0.002600093837827444,0.01850774884223938,0.054366447031497955,0.10512980818748474,0.14815042912960052,0.14631158113479614,0.1564755141735077,0.1828511655330658
4217,0.0008152516093105078,0.004081255756318569,0.01383492536842823,0.042939357459545135,0.0987914577126503,0.13175156712532043,0.14780664443969727,0.15746751427650452,0.1664464771747589
4218,0.0009059400763362646,0.003578880801796913,0.012147736735641956,0.04334250092506409,0.11071199178695679,0.1398765742778778,0.15111081302165985,0.17015857994556427,0.22685877978801727
4219,0.000675422023050487,0.003440532134845853,0.009849021211266518,0.022254010662436485,0.05512288212776184,0.10356579720973969,0.1729802042245865,0.26043882966041565,0.3140251338481903
4220,0.0007523652166128159,0.007208028808236122,0.02156771719455719,0.05401187762618065,0.08123798668384552,0.07721932232379913,0.07583063095808029,0.09063296020030975,0.2711692452430725
4221,0.0011567166075110435,0.007386214565485716,0.018961606547236443,0.03924230486154556,0.08215633034706116,0.15003681182861328,0.27910783886909485,0.3106449842453003,0.29829150438308716
4222,0.0007182377157732844,0.004812212660908699,0.01006537675857544,0.017949391156435013,0.026797331869602203,0.033758729696273804,0.040390148758888245,0.05080749839544296,0.06861288845539093
4223,0.0006566501688212156,0.003428300376981497,0.011416926048696041,0.04065791144967079,0.06566204875707626,0.09163086116313934,0.1141914427280426,0.12119956314563751,0.2445383071899414
4224,0.0006760036339983344,0.003056225134059787,0.010705340653657913,0.036437615752220154,0.1060154065489769,0.20309364795684814,0.2523636519908905,0.2715679109096527,0.2944198250770569
4225,0.0007726150215603411,0.003214260796085,0.009429888799786568,0.029857203364372253,0.058349430561065674,0.112050861120224,0.16726884245872498,0.21825653314590454,0.39184966683387756
4226,0.0008566355099901557,0.00373553903773427,0.010393759235739708,0.023597698658704758,0.11601869761943817,0.1545741707086563,0.17909903824329376,0.20195695757865906,0.21578475832939148
4227,0.0007835187716409564,0.0028511425480246544,0.006546088494360447,0.01314562652260065,0.028541134670376778,0.05449859797954559,0.07057461142539978,0.07168690860271454,0.09364784508943558
4228,0.0009646926773712039,0.004941504914313555,0.0173821821808815,0.04085609316825867,0.060626428574323654,0.08044663071632385,0.10659993439912796,0.13047732412815094,0.14653687179088593
4229,0.0008969558402895927,0.00362351443618536,0.011020174250006676,0.0240144245326519,0.04972361400723457,0.12668462097644806,0.15911076962947845,0.18065467476844788,0.1578943133354187
4230,0.0012178283650428057,0.005598434247076511,0.016324546188116074,0.04060675948858261,0.07248267531394958,0.09741673618555069,0.10129746794700623,0.10549180954694748,0.13768771290779114
4231,0.0007122756214812398,0.002601171378046274,0.005895610898733139,0.012027200311422348,0.02902652695775032,0.04837489873170853,0.06609795242547989,0.12239833176136017,0.14780408143997192
4232,0.0012868158519268036,0.006405474152415991,0.018049782142043114,0.035987913608551025,0.06992685049772263,0.16285552084445953,0.2036011666059494,0.21550476551055908,0.2580132484436035
4233,0.0009422675357200205,0.002472884487360716,0.005227540619671345,0.030684806406497955,0.05518670752644539,0.07505486905574799,0.08297553658485413,0.08246803283691406,0.10565424710512161
4234,0.000777103123255074,0.0033110918011516333,0.0096492450684309,0.027282627299427986,0.06989533454179764,0.10645145922899246,0.1503269225358963,0.17081144452095032,0.38571956753730774
4235,0.0008032731129787862,0.0037547526881098747,0.011277226731181145,0.02937634103000164,0.05680404603481293,0.10727149248123169,0.1505303531885147,0.2008313238620758,0.2045922428369522
4236,0.0006130015826784074,0.0028228170704096556,0.008735284209251404,0.024071598425507545,0.06446254253387451,0.1061522364616394,0.1607355773448944,0.2157435566186905,0.2734793722629547
4237,0.0008728894172236323,0.0042258198373019695,0.015430166386067867,0.03402455523610115,0.05507727339863777,0.08598765730857849,0.14234337210655212,0.1829265058040619,0.2256999909877777
4238,0.0007502157823182642,0.003184888744726777,0.008850560523569584,0.01755465380847454,0.03428402543067932,0.06543955206871033,0.10947129130363464,0.15373492240905762,0.2022172063589096
4239,0.001004140474833548,0.004824709612876177,0.013862814754247665,0.02989385649561882,0.06150715798139572,0.0966053381562233,0.11916978657245636,0.14135156571865082,0.13488861918449402
4240,0.0005760464118793607,0.0016275374218821526,0.0028731930069625378,0.044908858835697174,0.07851147651672363,0.10068585723638535,0.098614901304245,0.11176909506320953,0.11975209414958954
4241,0.0012527512153610587,0.0070857396349310875,0.014340925961732864,0.04506296664476395,0.09106070548295975,0.1113797202706337,0.12260452657938004,0.13899987936019897,0.13604041934013367
4242,0.0008235349669121206,0.0032847095280885696,0.009120773524045944,0.020544826984405518,0.03671853616833687,0.05296756327152252,0.058597665280103683,0.08460637927055359,0.11089523136615753
4243,0.000765601231250912,0.003401387482881546,0.011133471503853798,0.030651580542325974,0.05716141313314438,0.09681962430477142,0.1145557090640068,0.14921458065509796,0.20661944150924683
4244,0.0008363163797184825,0.0035345512442290783,0.009497957304120064,0.022881794720888138,0.053557779639959335,0.08669278025627136,0.1305057257413864,0.22446759045124054,0.24474161863327026
4245,0.0007063676603138447,0.00347984884865582,0.02675332874059677,0.03619370609521866,0.03853172808885574,0.04578949883580208,0.05149731785058975,0.0764056071639061,0.08778366446495056
4246,0.0007287819171324372,0.0023205482866615057,0.005199730861932039,0.009781619533896446,0.021085014566779137,0.029694784432649612,0.030566668137907982,0.028684230521321297,0.03592613339424133
4247,0.00047868056572042406,0.001852650661021471,0.006282661110162735,0.015434129163622856,0.035690344870090485,0.05766068398952484,0.06993541121482849,0.08564970642328262,0.17295558750629425
4248,0.0006882012821733952,0.0023305309005081654,0.01030919048935175,0.04888485372066498,0.07762369513511658,0.10681397467851639,0.12852072715759277,0.13231340050697327,0.1354558765888214
4249,0.001020986819639802,0.004478843417018652,0.012131228111684322,0.030423838645219803,0.06677619367837906,0.08997146785259247,0.1075332835316658,0.14741255342960358,0.17912253737449646
4250,0.000990225118584931,0.005240982864052057,0.01791219599545002,0.04509860277175903,0.09296054393053055,0.14921416342258453,0.19017218053340912,0.21066460013389587,0.2345288246870041
4251,0.0008668896625749767,0.004437827505171299,0.013184679672122002,0.02765580080449581,0.0473298504948616,0.07487291097640991,0.10700627416372299,0.14754730463027954,0.1640177220106125
4252,0.0005350705469027162,0.0022151670418679714,0.006584791000932455,0.01182630192488432,0.017476161941885948,0.04702005162835121,0.05174838751554489,0.06963898241519928,0.1282404512166977
4253,0.0010730740614235401,0.004887233953922987,0.012665804475545883,0.02966880053281784,0.07632441818714142,0.1398845911026001,0.19616851210594177,0.21721601486206055,0.23332057893276215
4254,0.0008723835926502943,0.003284853883087635,0.009555974043905735,0.02414032071828842,0.04087970405817032,0.056825362145900726,0.08433322608470917,0.0961386188864708,0.11120164394378662
4255,0.0006266220007091761,0.0023461824748665094,0.006828092038631439,0.016945546492934227,0.028743978589773178,0.06249994784593582,0.08261436223983765,0.11306038498878479,0.16082453727722168
4256,0.0006299161468632519,0.0031919414177536964,0.012257028371095657,0.04749789088964462,0.07634885609149933,0.0821712389588356,0.08618148416280746,0.08989813923835754,0.09898222982883453
4257,0.0007660789415240288,0.005200121086090803,0.019083993509411812,0.029553763568401337,0.036617569625377655,0.049339719116687775,0.05459873378276825,0.05814598128199577,0.08233033865690231
4258,0.0010201537515968084,0.0040253158658742905,0.00906558707356453,0.017773613333702087,0.03457484394311905,0.05610145255923271,0.06939875334501266,0.07927603274583817,0.0896223932504654
4259,0.0009645458776503801,0.0071802339516580105,0.019174586981534958,0.029472703114151955,0.038713179528713226,0.04527486860752106,0.05307118594646454,0.07053916156291962,0.11351029574871063
4260,0.0006909489165991545,0.002994634211063385,0.00818205252289772,0.022706151008605957,0.04874691739678383,0.09054619073867798,0.12476015090942383,0.16794046759605408,0.2718293368816376
4261,0.0007528562564402819,0.003959134686738253,0.014944562688469887,0.034081630408763885,0.0686437338590622,0.10526774823665619,0.1137155294418335,0.13780425488948822,0.18757300078868866
4262,0.0009816237725317478,0.004714501090347767,0.01623876392841339,0.0357985682785511,0.061869483441114426,0.11292295902967453,0.14143306016921997,0.17479157447814941,0.19507896900177002
4263,0.0007199756801128387,0.0025209845043718815,0.00506713567301631,0.008735285140573978,0.013423223979771137,0.020086564123630524,0.02959473431110382,0.03669438883662224,0.03879985213279724
4264,0.0005759940831921995,0.0017562813591212034,0.0037376945838332176,0.0071570128202438354,0.009586079977452755,0.013168664649128914,0.022000163793563843,0.02871621772646904,0.04433468356728554
4265,0.0009051901870407164,0.00415419228374958,0.012094797566533089,0.032753847539424896,0.0793210119009018,0.12312142550945282,0.16972097754478455,0.2149975448846817,0.29276904463768005
4266,0.0007868959801271558,0.003487300593405962,0.011952998116612434,0.05007980763912201,0.14124658703804016,0.2033132165670395,0.2491096705198288,0.2710703909397125,0.2904151678085327
4267,0.0006505264318548143,0.0024888997431844473,0.005912160966545343,0.02657340094447136,0.03380517289042473,0.039488621056079865,0.04603514075279236,0.049946680665016174,0.059829287230968475
4268,0.0005822310340590775,0.0021015119273215532,0.006101781968027353,0.012916244566440582,0.0216541588306427,0.03412116691470146,0.05172799527645111,0.06818768382072449,0.11071613430976868
4269,0.0008431513560935855,0.004903485532850027,0.018303096294403076,0.04501264542341232,0.06289535015821457,0.06920419633388519,0.08315804600715637,0.09795551002025604,0.10688445717096329
4270,0.001002386910840869,0.0046927956864237785,0.015055564232170582,0.04197221249341965,0.09043000638484955,0.15083765983581543,0.21989953517913818,0.30423352122306824,0.3540736436843872
4271,0.0006314784986898303,0.002775828819721937,0.007930727675557137,0.01703958958387375,0.03618481382727623,0.06017603352665901,0.08033906668424606,0.10800114274024963,0.14567230641841888
4272,0.0012408253969624639,0.006087637040764093,0.017042716965079308,0.06319032609462738,0.10932478308677673,0.14012399315834045,0.17255115509033203,0.23367848992347717,0.38471004366874695
4273,0.0008473338675685227,0.0041162618435919285,0.01142408698797226,0.02275467850267887,0.03846494108438492,0.05491615831851959,0.06850941479206085,0.08601848781108856,0.15420043468475342
4274,0.0007553906179964542,0.0032960446551442146,0.009125450626015663,0.01587446965277195,0.07074949145317078,0.10291585326194763,0.13443952798843384,0.19378343224525452,0.2735397517681122
4275,0.0007960761431604624,0.0024970071390271187,0.005233830772340298,0.009809882380068302,0.017288368195295334,0.03316580504179001,0.03822440654039383,0.04322360083460808,0.05211367458105087
4276,0.000562653411179781,0.002322590444236994,0.011936255730688572,0.021304380148649216,0.03823541849851608,0.06297288089990616,0.08819053322076797,0.1002911701798439,0.14655567705631256
4277,0.0008974395459517837,0.0040127988904714584,0.015221146866679192,0.046186067163944244,0.10498815774917603,0.17628447711467743,0.3033407926559448,0.33865755796432495,0.3306844234466553
4278,0.0009824122535064816,0.005887855775654316,0.017298776656389236,0.03650025278329849,0.06726236641407013,0.10803593695163727,0.20516344904899597,0.2655813694000244,0.4727902412414551
4279,0.0009218980558216572,0.00828392431139946,0.01878363825380802,0.02997477725148201,0.041099682450294495,0.057069115340709686,0.09656843543052673,0.13430337607860565,0.17500422894954681
4280,0.0007359582814387977,0.0022133560851216316,0.005009596701711416,0.007410421036183834,0.010526449419558048,0.056113168597221375,0.06874119490385056,0.07781665027141571,0.09659222513437271
4281,0.0007737088017165661,0.0021343007683753967,0.00396342808380723,0.008320064283907413,0.019059788435697556,0.025961002334952354,0.03290566802024841,0.04181207716464996,0.05140841007232666
4282,0.000751181214582175,0.003078901208937168,0.010684055276215076,0.0269906185567379,0.04820675775408745,0.07855400443077087,0.11138996481895447,0.15458515286445618,0.16588875651359558
4283,0.0007323566824197769,0.0034581152722239494,0.007840627804398537,0.013923677615821362,0.02307834103703499,0.042401187121868134,0.07419783622026443,0.10411174595355988,0.1590600609779358
4284,0.0010324666509404778,0.0038124481216073036,0.008555962704122066,0.0348019003868103,0.05316346511244774,0.06552904844284058,0.07090435177087784,0.08363893628120422,0.10627833753824234
4285,0.0006360894767567515,0.003083405550569296,0.009254462085664272,0.021651439368724823,0.05452096462249756,0.1235695332288742,0.16922824084758759,0.2258777916431427,0.24520434439182281
4286,0.0008198532741516829,0.0068504237569868565,0.01425214298069477,0.024895593523979187,0.031449947506189346,0.03902445733547211,0.06588681042194366,0.08130980283021927,0.09610215574502945
4287,0.0006895112455822527,0.002180371666327119,0.008555645123124123,0.017146313562989235,0.04514070600271225,0.05761275067925453,0.06882750242948532,0.07892674952745438,0.08869855105876923
4288,0.0010962880915030837,0.0045724892988801,0.011905638501048088,0.034436214715242386,0.06187842786312103,0.09368995577096939,0.11770586669445038,0.14464062452316284,0.148450568318367
4289,0.0008482836419716477,0.00328493257984519,0.007924029603600502,0.01916329748928547,0.03544701635837555,0.04571373388171196,0.060462746769189835,0.07760392874479294,0.1425468772649765
4290,0.0008964328444562852,0.003823765553534031,0.010589580051600933,0.028880424797534943,0.06254084408283234,0.10734693706035614,0.1452241837978363,0.19273510575294495,0.2322537899017334
4291,0.0007164876442402601,0.0026694494299590588,0.007167323492467403,0.02167758159339428,0.0708906352519989,0.1289295107126236,0.1723012924194336,0.1971471607685089,0.21783030033111572
4292,0.0005418099462985992,0.001939479261636734,0.009617327712476254,0.038570336997509,0.04921981692314148,0.05778750404715538,0.06200794875621796,0.07588709890842438,0.1044921800494194
4293,0.001032036729156971,0.0033981255255639553,0.0061258370988070965,0.009975165128707886,0.0210677869617939,0.0338105782866478,0.0659431517124176,0.1116751879453659,0.2585442066192627
4294,0.0006201170617714524,0.00271249539218843,0.008719303645193577,0.021298715844750404,0.07014909386634827,0.11329202353954315,0.13490597903728485,0.14833763241767883,0.18343225121498108
4295,0.0006121765472926199,0.002430117689073086,0.0057752192951738834,0.009388509206473827,0.014134081080555916,0.021921362727880478,0.04622659832239151,0.1512908637523651,0.19823384284973145
4296,0.0007783810724504292,0.0030864551663398743,0.008093263953924179,0.023077834397554398,0.057033538818359375,0.0950789824128151,0.14256194233894348,0.1677059382200241,0.19069942831993103
4297,0.0004793124971911311,0.0017124179285019636,0.007306593004614115,0.02112543396651745,0.035399891436100006,0.04511173069477081,0.07273735851049423,0.07312130928039551,0.11990271508693695
4298,0.0007200560648925602,0.002958725905045867,0.007293809205293655,0.023797431960701942,0.04607219621539116,0.05852048099040985,0.0667484700679779,0.08874977380037308,0.14318092167377472
4299,0.0008642580942250788,0.002173366956412792,0.0036154920235276222,0.005496688652783632,0.013853405602276325,0.021936478093266487,0.03193439915776253,0.04419730231165886,0.08334304392337799
4300,0.0006288624135777354,0.001906006596982479,0.015435675159096718,0.03876635432243347,0.06215202808380127,0.0906430333852768,0.11118767410516739,0.12454509735107422,0.18968725204467773
4301,0.0008006032439880073,0.002547848504036665,0.005183775909245014,0.008589532226324081,0.012508070096373558,0.01865587756037712,0.02661953493952751,0.033378034830093384,0.05028756707906723
4302,0.0008783361408859491,0.005006191786378622,0.019643861800432205,0.038997940719127655,0.06670704483985901,0.09314797073602676,0.11180473119020462,0.12480257451534271,0.1795932650566101
4303,0.0009211506694555283,0.003634342458099127,0.008472491055727005,0.01591743715107441,0.02516568824648857,0.03754420578479767,0.057068534195423126,0.08164909482002258,0.1425720900297165
4304,0.0007049114210531116,0.0034926128573715687,0.009114526212215424,0.01935398206114769,0.037788741290569305,0.09418658912181854,0.13868778944015503,0.23280379176139832,0.28655701875686646
4305,0.0007319784490391612,0.0034336685203015804,0.016683589667081833,0.05484256148338318,0.10427535325288773,0.15077641606330872,0.1976989358663559,0.2546863555908203,0.33063486218452454
4306,0.0005997063126415014,0.0028036562725901604,0.0108086122199893,0.03766361624002457,0.10034678131341934,0.22241094708442688,0.24538326263427734,0.26807117462158203,0.3092883825302124
4307,0.0008610771619714797,0.0038934380281716585,0.010726364329457283,0.025579039007425308,0.05433037504553795,0.17899474501609802,0.3771671652793884,0.5033451318740845,0.5868980884552002
4308,0.0007225752924568951,0.0030790353193879128,0.011067992076277733,0.027917329221963882,0.043735161423683167,0.06270163506269455,0.08490254729986191,0.12202396988868713,0.18425536155700684
4309,0.0008664308697916567,0.0039278739131987095,0.013351157307624817,0.03635634109377861,0.07511664927005768,0.10597006231546402,0.12099035829305649,0.12968967854976654,0.1562245935201645
4310,0.0006439576391130686,0.002609594725072384,0.0069050355814397335,0.016088251024484634,0.04112596437335014,0.05767890810966492,0.0730651319026947,0.08962063491344452,0.10907229781150818
4311,0.0008872111793607473,0.003069518832489848,0.005631845910102129,0.008461416698992252,0.014011375606060028,0.020598530769348145,0.027642304077744484,0.07114225625991821,0.10718797147274017
4312,0.0011465530842542648,0.006269235163927078,0.019944090396165848,0.04178273305296898,0.06968387961387634,0.09575065970420837,0.11284592002630234,0.11935872584581375,0.1627088040113449
4313,0.000806717318482697,0.002848294796422124,0.0069018458016216755,0.022127602249383926,0.06585443019866943,0.11060793697834015,0.15126106142997742,0.16447389125823975,0.17345669865608215
4314,0.0008511370979249477,0.0038164525758475065,0.013562437146902084,0.043764445930719376,0.06809335201978683,0.09809117019176483,0.17310971021652222,0.22347790002822876,0.2638850212097168
4315,0.0007785269990563393,0.004259123932570219,0.016041181981563568,0.047834623605012894,0.0860840231180191,0.12252660095691681,0.14829756319522858,0.18628297746181488,0.21529735624790192
4316,0.0010116612538695335,0.004092277958989143,0.010755147784948349,0.02580779418349266,0.04424825683236122,0.06913067400455475,0.10026051849126816,0.14100223779678345,0.1695304811000824
4317,0.0009165314841084182,0.004147016443312168,0.013134879991412163,0.023717990145087242,0.03403579443693161,0.04488195478916168,0.10084209591150284,0.14908072352409363,0.1808471977710724
4318,0.0009638888295739889,0.003944473806768656,0.01147842314094305,0.02680998668074608,0.04539909586310387,0.06618665158748627,0.18449881672859192,0.21194183826446533,0.23688453435897827
4319,0.0005960496491752565,0.0024851406924426556,0.010222108103334904,0.029785476624965668,0.04266435652971268,0.053596653044223785,0.06360168755054474,0.07586722820997238,0.1515650898218155
4320,0.0009269102592952549,0.003846272826194763,0.010400575585663319,0.026385996490716934,0.06402499973773956,0.12180697917938232,0.20787647366523743,0.25625544786453247,0.28838109970092773
4321,0.001053066342137754,0.004237055778503418,0.010569469071924686,0.023114347830414772,0.05242304503917694,0.09501668065786362,0.15145599842071533,0.23958681523799896,0.27320200204849243
4322,0.0005358348716981709,0.0017220915760844946,0.006583725102245808,0.024573341012001038,0.04478392004966736,0.05512368679046631,0.09171755611896515,0.10386089980602264,0.10301651060581207
4323,0.0008272418635897338,0.0037270570173859596,0.010402900166809559,0.022319607436656952,0.03790567070245743,0.06556456536054611,0.0982692688703537,0.15497341752052307,0.1859692633152008
4324,0.0010336581617593765,0.004834569990634918,0.027685552835464478,0.0810389369726181,0.10519413650035858,0.11582792550325394,0.11188973486423492,0.07871738076210022,0.1206151694059372
4325,0.0008274663123302162,0.003055109642446041,0.009383777156472206,0.020411107689142227,0.047783903777599335,0.06621494889259338,0.10141463577747345,0.11608381569385529,0.11064853519201279
4326,0.0009531506802886724,0.004262518137693405,0.010447102598845959,0.02310565486550331,0.04329752177000046,0.07301972806453705,0.1184895932674408,0.1747502088546753,0.2505354881286621
4327,0.0008259115274995565,0.0039322348311543465,0.014404481276869774,0.037222061306238174,0.07072657346725464,0.08297742903232574,0.09163828939199448,0.10069607198238373,0.1226358488202095
4328,0.0008249536040239036,0.002913613338023424,0.006978628691285849,0.012413732707500458,0.01904231309890747,0.027351442724466324,0.0674675703048706,0.23038479685783386,0.2640644311904907
4329,0.0009686353150755167,0.003969270270317793,0.010637186467647552,0.020207596942782402,0.028617024421691895,0.041429758071899414,0.06058695912361145,0.07742556184530258,0.0856974795460701
4330,0.0007450102129951119,0.002950941678136587,0.007744894362986088,0.01830088347196579,0.033171944320201874,0.06258747726678848,0.09144740551710129,0.12005579471588135,0.14640888571739197
4331,0.0008499017567373812,0.004645167849957943,0.013030126690864563,0.027558565139770508,0.08954928070306778,0.1540243923664093,0.18392682075500488,0.2092418372631073,0.22285529971122742
4332,0.0005565896863117814,0.0024562301114201546,0.00843453872948885,0.02553173154592514,0.0663326308131218,0.09752720594406128,0.11773388087749481,0.13628923892974854,0.16430486738681793
4333,0.0009730490855872631,0.004972804803401232,0.015794958919286728,0.031675636768341064,0.0671142116189003,0.11550973355770111,0.16142868995666504,0.1958489865064621,0.2523421049118042
4334,0.0006310826283879578,0.0029618716798722744,0.013076581060886383,0.029078451916575432,0.0825185626745224,0.13962705433368683,0.17998746037483215,0.2134995460510254,0.30639687180519104
4335,0.0006499846931546926,0.002796653425320983,0.007536349818110466,0.021336032077670097,0.04114757105708122,0.06069820001721382,0.08156958222389221,0.12897804379463196,0.16016393899917603
4336,0.0005483787972480059,0.0021429366897791624,0.004986254498362541,0.01958002708852291,0.038058556616306305,0.05954902991652489,0.0700606256723404,0.08116842806339264,0.09391897916793823
4337,0.000779369380325079,0.003918549045920372,0.011482896283268929,0.025324450805783272,0.043996360152959824,0.08402698487043381,0.1539437174797058,0.16464370489120483,0.26477354764938354
4338,0.0009923670440912247,0.004222531337291002,0.011874043382704258,0.027948038652539253,0.05634568631649017,0.09029149264097214,0.12603327631950378,0.14872004091739655,0.15397553145885468
4339,0.000772794708609581,0.00217090779915452,0.008385095745325089,0.02311457134783268,0.028570089489221573,0.034376002848148346,0.04354891926050186,0.07808735966682434,0.13423827290534973
4340,0.0008508078171871603,0.005436115898191929,0.023539602756500244,0.03469909727573395,0.047774191945791245,0.05825438350439072,0.0639919638633728,0.06631739437580109,0.06846553087234497
4341,0.0006721295649185777,0.0029825656674802303,0.012949223630130291,0.020829521119594574,0.029295332729816437,0.05449550971388817,0.06598510593175888,0.07385435700416565,0.08773703128099442
4342,0.0011467759031802416,0.004675686359405518,0.011362547054886818,0.023102521896362305,0.03490006551146507,0.046727560460567474,0.060860954225063324,0.09839366376399994,0.13985352218151093
4343,0.0007630121544934809,0.003434929996728897,0.010320955887436867,0.026420732960104942,0.04590628296136856,0.06228559464216232,0.10110852122306824,0.15454715490341187,0.1739773452281952
4344,0.0009472865494899452,0.004178727976977825,0.010181181132793427,0.019782092422246933,0.03378891944885254,0.09399550408124924,0.19422456622123718,0.31936877965927124,0.47127270698547363
4345,0.0006297105574049056,0.0031249283347278833,0.00844260398298502,0.020147712901234627,0.06832126528024673,0.09990283846855164,0.13480396568775177,0.2295638620853424,0.3470052182674408
4346,0.0006410075584426522,0.002073063049465418,0.008489632047712803,0.018047034740447998,0.035770758986473083,0.0415419340133667,0.0656614601612091,0.0959998071193695,0.12136569619178772
4347,0.0008280937327072024,0.003034267807379365,0.00878573302179575,0.025903906673192978,0.07014650106430054,0.10586871951818466,0.1298879086971283,0.15828609466552734,0.20305654406547546
4348,0.000696245115250349,0.002146828221157193,0.004649151582270861,0.008678428828716278,0.025390785187482834,0.03785741701722145,0.06227119266986847,0.13816170394420624,0.16800159215927124
4349,0.0006932534161023796,0.002212126739323139,0.011557010002434254,0.023632919415831566,0.03592526540160179,0.046386558562517166,0.05908864364027977,0.06551076471805573,0.2041078507900238
4350,0.0011333939619362354,0.004865649156272411,0.014619340188801289,0.03250527009367943,0.09546858072280884,0.15139374136924744,0.20190095901489258,0.3183773458003998,0.38604527711868286
4351,0.0008641482563689351,0.003615322522819042,0.009991790167987347,0.025384442880749702,0.05850932374596596,0.10027388483285904,0.15273797512054443,0.1928599327802658,0.21965941786766052
4352,0.0006141634075902402,0.002770925872027874,0.009088084101676941,0.026648450642824173,0.06692521274089813,0.11263983696699142,0.141254723072052,0.16226308047771454,0.20890003442764282
4353,0.0007295216200873256,0.002373815979808569,0.006017450243234634,0.04594561457633972,0.07254098355770111,0.09199025481939316,0.10786262154579163,0.11715783178806305,0.11621837317943573
4354,0.0009098906302824616,0.003981615882366896,0.01039334200322628,0.018535198643803596,0.029961878433823586,0.07417286932468414,0.10509377717971802,0.14736895263195038,0.22200605273246765
4355,0.0007049788837321103,0.0037806599866598845,0.011281280778348446,0.022053809836506844,0.04076854884624481,0.07040559500455856,0.10871358215808868,0.17487476766109467,0.41936686635017395
4356,0.0009160928893834352,0.003187278751283884,0.010704497806727886,0.021959086880087852,0.03481430560350418,0.045940350741147995,0.05471668019890785,0.06705553084611893,0.12219312787055969
4357,0.0010421741753816605,0.0044555505737662315,0.011870034970343113,0.028432531282305717,0.06717067211866379,0.13850703835487366,0.27934497594833374,0.3288615345954895,0.33173051476478577
4358,0.0005913390778005123,0.0018044314347207546,0.003681080648675561,0.010084588080644608,0.03070046380162239,0.04592727869749069,0.058507710695266724,0.07104944437742233,0.16467520594596863
4359,0.0008302554488182068,0.0036567887291312218,0.012114234268665314,0.027725916355848312,0.05394241213798523,0.0804319828748703,0.1217677965760231,0.16479599475860596,0.24604450166225433
4360,0.0007262496510520577,0.0032258133869618177,0.00869189202785492,0.020967192947864532,0.0548718087375164,0.11423253268003464,0.1458168476819992,0.1669628918170929,0.20187288522720337
4361,0.0006157805910333991,0.0019292349461466074,0.00963498279452324,0.03848075494170189,0.07349585741758347,0.09252515435218811,0.10372716933488846,0.11410532891750336,0.1288641393184662
4362,0.0007014963775873184,0.004309561103582382,0.01660798117518425,0.05323070287704468,0.13187013566493988,0.21071182191371918,0.2741542458534241,0.2902001440525055,0.29236477613449097
4363,0.0009231683798134327,0.0037094971630722284,0.011556733399629593,0.026801180094480515,0.05970076471567154,0.13643383979797363,0.1696278601884842,0.20276600122451782,0.21379828453063965
4364,0.0008261431357823312,0.004227623343467712,0.011848260648548603,0.03746219351887703,0.11514140665531158,0.19747191667556763,0.26866415143013,0.29696741700172424,0.3278234302997589
4365,0.0008328256662935019,0.0034828558564186096,0.010224951431155205,0.027062032371759415,0.052814364433288574,0.0873909443616867,0.12100861221551895,0.16243405640125275,0.22961100935935974
4366,0.001007520710118115,0.00411613006144762,0.011598967015743256,0.028409084305167198,0.05541323125362396,0.10013733804225922,0.1572684347629547,0.20059339702129364,0.21829476952552795
4367,0.0008281943737529218,0.0033533964306116104,0.011836264282464981,0.025540966540575027,0.04670898616313934,0.09454058110713959,0.13049718737602234,0.15397867560386658,0.16829445958137512
4368,0.0008961150888353586,0.004117144271731377,0.017237074673175812,0.049608081579208374,0.08376124501228333,0.13257808983325958,0.17524734139442444,0.2144346684217453,0.25967666506767273
4369,0.0007452486897818744,0.003242666833102703,0.008832192979753017,0.02093546837568283,0.03813675418496132,0.07079079747200012,0.13166525959968567,0.19023281335830688,0.21961449086666107
4370,0.0006758155068382621,0.002018048893660307,0.004625869449228048,0.01076379232108593,0.021246349439024925,0.05938836187124252,0.06727970391511917,0.07350358366966248,0.07971985638141632
4371,0.0008209532825276256,0.0039961677975952625,0.011985856108367443,0.026199977844953537,0.04325772449374199,0.0660993903875351,0.09943795949220657,0.11999928206205368,0.2153089940547943
4372,0.0015001927968114614,0.006915946491062641,0.02359720878303051,0.07014534622430801,0.1235915869474411,0.16867707669734955,0.21310266852378845,0.2539723515510559,0.2333352118730545
4373,0.0010894648730754852,0.009401329793035984,0.022723887115716934,0.045996494591236115,0.06595215201377869,0.09929168969392776,0.1504107564687729,0.1590278297662735,0.16579459607601166
4374,0.0009325198479928076,0.003940310329198837,0.010769099928438663,0.030828826129436493,0.07839027047157288,0.11857330799102783,0.15439513325691223,0.18479235470294952,0.21436969935894012
4375,0.0005927055608481169,0.0018654624000191689,0.004097249358892441,0.006887818221002817,0.015384193509817123,0.021110128611326218,0.02547357976436615,0.02874910831451416,0.033012233674526215
4376,0.0009485792252235115,0.003938028588891029,0.011612243950366974,0.028071977198123932,0.07538732141256332,0.1524779051542282,0.1766577661037445,0.19678178429603577,0.24120938777923584
4377,0.000777571985963732,0.0024871607311069965,0.0050412314012646675,0.010304313153028488,0.013826850801706314,0.019611552357673645,0.025021428242325783,0.03273358196020126,0.0877484679222107
4378,0.000724906800314784,0.0021756417118012905,0.004584803245961666,0.01143653318285942,0.017218949273228645,0.028605490922927856,0.059242479503154755,0.07485857605934143,0.10164200514554977
4379,0.0007175152422860265,0.003443507244810462,0.009516347199678421,0.022587860003113747,0.056808952242136,0.10084136575460434,0.13750234246253967,0.16222402453422546,0.19052653014659882
4380,0.0010101778898388147,0.005497654899954796,0.022307123988866806,0.05631604045629501,0.133940190076828,0.2060117870569229,0.29318058490753174,0.3347330689430237,0.41780027747154236
4381,0.0005385169642977417,0.0015032642986625433,0.01205962710082531,0.03661113977432251,0.052187155932188034,0.06432949751615524,0.0698801800608635,0.07514749467372894,0.11595548689365387
4382,0.0006148912943899632,0.001759903272613883,0.00380107294768095,0.007863199338316917,0.013114884495735168,0.020069172605872154,0.029989704489707947,0.05790020152926445,0.07437659800052643
4383,0.0007461932254955173,0.0029121595434844494,0.007943205535411835,0.01655058190226555,0.04536417871713638,0.07038820534944534,0.08221063762903214,0.08797037601470947,0.09535474330186844
4384,0.0008800149662420154,0.004658476449549198,0.011587807908654213,0.021718699485063553,0.05261531472206116,0.08429938554763794,0.09575159102678299,0.10764722526073456,0.1062689870595932
4385,0.0006336576188914478,0.0025236611254513264,0.009316688403487206,0.01865936815738678,0.028748799115419388,0.03803599625825882,0.04559736326336861,0.05629865452647209,0.19420689344406128
4386,0.0009190419805236161,0.004152494482696056,0.011095009744167328,0.023389916867017746,0.04717408865690231,0.09351392090320587,0.11871813237667084,0.1715664118528366,0.2999510169029236
4387,0.001175913494080305,0.004768598359078169,0.016898583620786667,0.061308205127716064,0.13442061841487885,0.1639477014541626,0.1925530880689621,0.2162063717842102,0.2535800337791443
4388,0.000541841087397188,0.001779664307832718,0.004391174763441086,0.011424288153648376,0.018331510946154594,0.0363755077123642,0.06049849092960358,0.09648606926202774,0.1749003678560257
4389,0.0008335934253409505,0.003404216840863228,0.00921568926423788,0.021613534539937973,0.04927986115217209,0.06893422454595566,0.08191124349832535,0.09736433625221252,0.12535786628723145
4390,0.0007944669923745096,0.003093100618571043,0.011355568654835224,0.02498084306716919,0.04632863029837608,0.07764293998479843,0.09891190379858017,0.11434483528137207,0.12495206296443939
4391,0.0005090399645268917,0.0014054334023967385,0.0025078337639570236,0.0043756915256381035,0.007461828645318747,0.04704885557293892,0.056925516575574875,0.05955878645181656,0.06002254784107208
4392,0.0008557445253245533,0.00394254457205534,0.012908188626170158,0.044078174978494644,0.11557874083518982,0.1691552698612213,0.22497715055942535,0.2574235200881958,0.4481683075428009
4393,0.0015414226800203323,0.009091386571526527,0.022066812962293625,0.03330448269844055,0.040572986006736755,0.062459610402584076,0.07406505942344666,0.07674127072095871,0.07939142733812332
4394,0.0005758843617513776,0.0023970247711986303,0.00641943234950304,0.012638550251722336,0.021258000284433365,0.04070911183953285,0.06373073160648346,0.08568724244832993,0.09683974087238312
4395,0.0007508181734010577,0.003180223284289241,0.009411348961293697,0.02623230405151844,0.061634235084056854,0.10312709212303162,0.16135333478450775,0.22954562306404114,0.2645300030708313
4396,0.0007298549171537161,0.0025113970041275024,0.006889199838042259,0.017544548958539963,0.024044310674071312,0.030236203223466873,0.03788648173213005,0.049318764358758926,0.05240996181964874
4397,0.0006670369184575975,0.0021995925344526768,0.006713497452437878,0.01564416103065014,0.034865330904722214,0.06025739014148712,0.09729944914579391,0.0970865935087204,0.17107540369033813
4398,0.0011160832364112139,0.005706006661057472,0.02285132184624672,0.06209215521812439,0.11085329949855804,0.17971864342689514,0.22846463322639465,0.447318434715271,0.5074992179870605
4399,0.0008066550362855196,0.0025038709864020348,0.008134827017784119,0.037288349121809006,0.07386934012174606,0.09846597909927368,0.12485560029745102,0.1575641632080078,0.19601526856422424
4400,0.0007784658228047192,0.0032823304645717144,0.009628324769437313,0.0291348434984684,0.08357256650924683,0.16291771829128265,0.19024206697940826,0.19655638933181763,0.20858794450759888
4401,0.001062809256836772,0.005139314569532871,0.014548658393323421,0.028764579445123672,0.05468078702688217,0.08161790668964386,0.10203951597213745,0.11732286959886551,0.14426475763320923
4402,0.000987999839708209,0.004935939330607653,0.010460234247148037,0.022299714386463165,0.038089364767074585,0.06959304213523865,0.10107064992189407,0.1503336876630783,0.18552584946155548
4403,0.0008502034470438957,0.003687763586640358,0.012738274410367012,0.03255455568432808,0.06516484171152115,0.08438907563686371,0.10161545127630234,0.17564567923545837,0.20475322008132935
4404,0.000789093435741961,0.009733601473271847,0.040987152606248856,0.06610572338104248,0.08852021396160126,0.1113504022359848,0.1247226744890213,0.12516839802265167,0.12581230700016022
4405,0.0009220718638971448,0.0033948735799640417,0.009086139500141144,0.021606404334306717,0.04847114160656929,0.09700018912553787,0.1397276222705841,0.2259645313024521,0.2906797528266907
4406,0.0005840359372086823,0.00256324396468699,0.0071140071377158165,0.019044429063796997,0.03892012685537338,0.06914884597063065,0.10212957859039307,0.1734629124403,0.22689205408096313
4407,0.0007556025520898402,0.003472668118774891,0.009557049721479416,0.02016395702958107,0.048563264310359955,0.07469978928565979,0.10642960667610168,0.12940086424350739,0.14310592412948608
4408,0.001234186813235283,0.005701321177184582,0.020212870091199875,0.041249968111515045,0.05923730134963989,0.10189659893512726,0.1319294273853302,0.14454028010368347,0.17595534026622772
4409,0.0006859945133328438,0.0018995567224919796,0.003770141862332821,0.015497848391532898,0.020595677196979523,0.02379005029797554,0.026953570544719696,0.03209728002548218,0.03932162746787071
4410,0.0008996152319014072,0.004968456923961639,0.01846325956285,0.03412128984928131,0.0600789412856102,0.09539970755577087,0.11461622267961502,0.12644228339195251,0.11925747990608215
4411,0.0010495217284187675,0.005001885816454887,0.014410199597477913,0.04114791378378868,0.05301401764154434,0.07053941488265991,0.10238248109817505,0.17731261253356934,0.23463347554206848
4412,0.0010690053459256887,0.004334957338869572,0.010605470277369022,0.022843191400170326,0.03808601573109627,0.0570797473192215,0.07752524316310883,0.11865197122097015,0.13672858476638794
4413,0.0007240631384775043,0.0034190621227025986,0.008987910114228725,0.019399579614400864,0.03450598567724228,0.1005001962184906,0.1551419049501419,0.1962137669324875,0.23627790808677673
4414,0.0009380851406604052,0.004911322146654129,0.01612878032028675,0.035507287830114365,0.07055255025625229,0.09729810804128647,0.1336669623851776,0.24018138647079468,0.28259509801864624
4415,0.001097803353331983,0.008305788971483707,0.047453004866838455,0.092152900993824,0.11195193231105804,0.12769873440265656,0.13260842859745026,0.14186082780361176,0.15920117497444153
4416,0.0006331288022920489,0.0027748998254537582,0.005881182383745909,0.03133675456047058,0.049516528844833374,0.06242206692695618,0.08082080632448196,0.09708824008703232,0.131626695394516
4417,0.0008283089846372604,0.0038683200255036354,0.013872537761926651,0.03403009474277496,0.06174669414758682,0.09782307595014572,0.13554462790489197,0.1767694503068924,0.18533842265605927
4418,0.0006540705799125135,0.0031450442038476467,0.008990215137600899,0.02701493538916111,0.07501911371946335,0.19025209546089172,0.28086748719215393,0.3116760849952698,0.3175419270992279
4419,0.0008718164172023535,0.004493982531130314,0.013160132803022861,0.029494475573301315,0.05890674144029617,0.09841804206371307,0.14603058993816376,0.24646329879760742,0.3186374306678772
4420,0.0006739788805134594,0.0021439692936837673,0.006705150939524174,0.010535186156630516,0.014659320004284382,0.01958354562520981,0.02825254760682583,0.0702361911535263,0.08843620121479034
4421,0.0009077267022803426,0.004070247057825327,0.010119078680872917,0.02079135552048683,0.06035199016332626,0.12156084179878235,0.1851394921541214,0.21429607272148132,0.2070346623659134
4422,0.0008813345339149237,0.0036829691380262375,0.009727396070957184,0.02534545585513115,0.03054724633693695,0.035086292773485184,0.0403287373483181,0.05111502483487129,0.14147764444351196
4423,0.0008584308670833707,0.005377499852329493,0.014127918519079685,0.023135781288146973,0.04211105778813362,0.06570129096508026,0.09023118764162064,0.12076078355312347,0.1632428616285324
4424,0.000966771855019033,0.0038822456263005733,0.009547346271574497,0.017485052347183228,0.03160863742232323,0.048877816647291183,0.08623450994491577,0.13749243319034576,0.19784191250801086
4425,0.0006934996345080435,0.002604089677333832,0.007371162995696068,0.016195818781852722,0.02679905667901039,0.0375666581094265,0.05384000390768051,0.0910319983959198,0.15100112557411194
4426,0.0007244844455271959,0.0032129143364727497,0.011894912458956242,0.03280046954751015,0.07711875438690186,0.13170240819454193,0.13732938468456268,0.15339435636997223,0.1780746877193451
4427,0.0008176382398232818,0.005400368943810463,0.010156604461371899,0.022710083052515984,0.03725529462099075,0.046329475939273834,0.08645591884851456,0.13723225891590118,0.14116735756397247
4428,0.0006539101013913751,0.002356459852308035,0.007824390195310116,0.018483372405171394,0.04248012602329254,0.049409836530685425,0.05325644463300705,0.06685195863246918,0.08110714703798294
4429,0.0011872830800712109,0.004249103367328644,0.012095419690012932,0.025530800223350525,0.04277675971388817,0.05903986841440201,0.0745629295706749,0.09948959946632385,0.1475861370563507
4430,0.0006233655731193721,0.0023462024983018637,0.0066411495208740234,0.015022643841803074,0.03424610197544098,0.06969434022903442,0.10207568109035492,0.14736762642860413,0.19068244099617004
4431,0.0005131232901476324,0.002272664336487651,0.006535098887979984,0.013473127037286758,0.03363301604986191,0.07616769522428513,0.10959767550230026,0.13608190417289734,0.17735403776168823
4432,0.000782150193117559,0.002532853512093425,0.006649675779044628,0.02106361649930477,0.026500120759010315,0.03353370726108551,0.048103801906108856,0.08687412738800049,0.15562520921230316
4433,0.000617012963630259,0.0018105569761246443,0.004773187451064587,0.011061348021030426,0.021382393315434456,0.03185189887881279,0.04739336669445038,0.08457733690738678,0.10572104156017303
4434,0.0012772191548720002,0.006827070843428373,0.025877974927425385,0.05248141288757324,0.08416420221328735,0.12414214015007019,0.14937232434749603,0.18485362827777863,0.2047680765390396
4435,0.0005274725845083594,0.0015304784756153822,0.004433623980730772,0.015962589532136917,0.02526630088686943,0.030821822583675385,0.03998061642050743,0.05028720572590828,0.06642643362283707
4436,0.0009979680180549622,0.004063106141984463,0.012548713013529778,0.03588946536183357,0.08337569981813431,0.20303316414356232,0.2821122407913208,0.32582366466522217,0.4013800024986267
4437,0.0008962781867012382,0.0037404168397188187,0.013580838218331337,0.03887468948960304,0.07347104698419571,0.10463665425777435,0.1308428943157196,0.17316755652427673,0.21469241380691528
4438,0.0007032275898382068,0.0019298330880701542,0.004626614041626453,0.008740434423089027,0.01486586220562458,0.03576415777206421,0.0711350068449974,0.09010531008243561,0.12486451864242554
4439,0.0006114143179729581,0.0024610906839370728,0.014805944636464119,0.028851669281721115,0.0513945110142231,0.05824191868305206,0.06530027836561203,0.07336162030696869,0.11571791768074036
4440,0.0008599053253419697,0.0034269890747964382,0.009848974645137787,0.0319264680147171,0.06356029212474823,0.11326625943183899,0.19635185599327087,0.2524333894252777,0.2867356538772583
4441,0.0007169607561081648,0.0030938314739614725,0.009119761176407337,0.028875119984149933,0.05532167851924896,0.08382631093263626,0.12343346327543259,0.17916598916053772,0.21619290113449097
4442,0.0006520861061289907,0.00536971352994442,0.013652846217155457,0.02059640735387802,0.026243984699249268,0.034278105944395065,0.043862007558345795,0.05486582964658737,0.06054024398326874
4443,0.0008215585257858038,0.0031430667731910944,0.010535771027207375,0.030655840411782265,0.05634842813014984,0.10629716515541077,0.13951456546783447,0.1703614592552185,0.19660601019859314
4444,0.0010060511995106936,0.004430883564054966,0.014838614501059055,0.03040388412773609,0.04520867019891739,0.0596272349357605,0.08147137612104416,0.10023798793554306,0.10603847354650497
4445,0.0010203465353697538,0.004902338609099388,0.012365918606519699,0.02612582966685295,0.05603783577680588,0.09359225630760193,0.11345319449901581,0.12483315914869308,0.13511303067207336
4446,0.0008208001381717622,0.00395252276211977,0.012391731142997742,0.028330858796834946,0.04716841131448746,0.0912696123123169,0.16054338216781616,0.1898915320634842,0.17667052149772644
4447,0.0005004162667319179,0.0020766600500792265,0.006212051026523113,0.018772102892398834,0.029149264097213745,0.03695027902722359,0.04339750483632088,0.05049993097782135,0.05859881639480591
4448,0.00171650608535856,0.009674868546426296,0.03391791135072708,0.07000667601823807,0.09688901156187057,0.10727030038833618,0.11232493817806244,0.11924707144498825,0.12465938925743103
4449,0.0006999791949056089,0.0023600782733410597,0.00526532344520092,0.008933313190937042,0.014878520742058754,0.039308466017246246,0.045965731143951416,0.0523417703807354,0.05845189467072487
4450,0.0011033170158043504,0.005829164758324623,0.016528595238924026,0.03180260583758354,0.0672030970454216,0.1350896656513214,0.20088541507720947,0.23950576782226562,0.3011566400527954
4451,0.0006740427343174815,0.002362200990319252,0.01314958743751049,0.02757524698972702,0.045087479054927826,0.06555825471878052,0.07767539471387863,0.08268335461616516,0.08312096446752548
4452,0.0005200263112783432,0.001661890186369419,0.004043836146593094,0.027468755841255188,0.012170722708106041,0.015537966042757034,0.022781215608119965,0.05771145224571228,0.13712796568870544
4453,0.000906001718249172,0.003916020505130291,0.010305818170309067,0.019629184156656265,0.038164980709552765,0.07729452103376389,0.12204087525606155,0.18456712365150452,0.22713503241539001
4454,0.0009993395069614053,0.00428082887083292,0.014736400917172432,0.03432352840900421,0.04644269868731499,0.06595230102539062,0.08944723755121231,0.2772187292575836,0.3244805932044983
4455,0.000765566190239042,0.0034893625415861607,0.009543842636048794,0.01725625991821289,0.024854347109794617,0.0331992581486702,0.04137660562992096,0.0504150390625,0.05913576856255531
4456,0.0015696331392973661,0.007041639648377895,0.021509844809770584,0.08239980787038803,0.15182343125343323,0.21331718564033508,0.2729680836200714,0.33662301301956177,0.36706310510635376
4457,0.0007654183427803218,0.003184906905516982,0.00831681676208973,0.01648709550499916,0.023563697934150696,0.061784692108631134,0.06610675901174545,0.08150096237659454,0.14837682247161865
4458,0.0011434662155807018,0.004794818349182606,0.012293325737118721,0.0304713174700737,0.07110609114170074,0.11888957768678665,0.15657958388328552,0.19210557639598846,0.21778348088264465
4459,0.0008119888370856643,0.0035483967512845993,0.01378989964723587,0.04459274187684059,0.05450911447405815,0.06868723034858704,0.09999138861894608,0.14415672421455383,0.19550085067749023
4460,0.0006772811175324023,0.005518276244401932,0.01480883453041315,0.02298893593251705,0.03407081216573715,0.03938613459467888,0.04391525313258171,0.05333106592297554,0.08494143187999725
4461,0.0006504502380266786,0.0026496907230466604,0.007210536859929562,0.03024551458656788,0.05214530974626541,0.08871462941169739,0.11923057585954666,0.14377573132514954,0.1523083746433258
4462,0.0008248074445873499,0.003154931589961052,0.008063450455665588,0.02473342791199684,0.06132940948009491,0.09886910021305084,0.1258161962032318,0.16560594737529755,0.2166469693183899
4463,0.0006126955267973244,0.00336654344573617,0.018639452755451202,0.05539223179221153,0.09848295897245407,0.13518336415290833,0.18474601209163666,0.21072354912757874,0.2841748893260956
4464,0.0006440901779569685,0.003965376876294613,0.007855242118239403,0.015360238961875439,0.02545926347374916,0.040648072957992554,0.05518142506480217,0.06047426164150238,0.10178855806589127
4465,0.0006729972083121538,0.006851326208561659,0.017516102641820908,0.02647155523300171,0.03638334944844246,0.04865933954715729,0.09825565665960312,0.134670227766037,0.15147989988327026
4466,0.0005681974580511451,0.0017634208779782057,0.009486943483352661,0.02331426739692688,0.03809766843914986,0.04890860989689827,0.05871560424566269,0.06785199046134949,0.07971525937318802
4467,0.0006918410654179752,0.00279549160040915,0.010309862904250622,0.021790778264403343,0.035384468734264374,0.045993827283382416,0.060926858335733414,0.0874500498175621,0.09975714236497879
4468,0.0009110135142691433,0.003518255427479744,0.012262464500963688,0.03893794119358063,0.09512268006801605,0.13429415225982666,0.16446742415428162,0.2771030068397522,0.3413693606853485
4469,0.0009757220977917314,0.0045159910805523396,0.01453346200287342,0.0360245481133461,0.08638171851634979,0.1415775567293167,0.173972487449646,0.20654909312725067,0.24017269909381866
4470,0.0007540088845416903,0.0031680534593760967,0.008759278804063797,0.025403527542948723,0.031644124537706375,0.03765486925840378,0.04797854647040367,0.0735311210155487,0.1434057205915451
4471,0.000865975278429687,0.004247367847710848,0.014373205602169037,0.037017013877630234,0.09354745596647263,0.1507343053817749,0.19398382306098938,0.221626877784729,0.26664039492607117
4472,0.0012483263853937387,0.006176439113914967,0.01719176024198532,0.05305635929107666,0.09851022064685822,0.1476009041070938,0.1779039204120636,0.19711866974830627,0.20653413236141205
4473,0.0011440367670729756,0.004180076997727156,0.011363096535205841,0.02845461666584015,0.05184090882539749,0.06792484223842621,0.08691983669996262,0.10206520557403564,0.12632718682289124
4474,0.0010084679815918207,0.004112564958631992,0.011177966371178627,0.029678069055080414,0.052815187722444534,0.08683834969997406,0.09897299855947495,0.10244804620742798,0.16279670596122742
4475,0.0011704564094543457,0.005441809073090553,0.013581831008195877,0.026010721921920776,0.05274839326739311,0.09053270518779755,0.10624043643474579,0.15023291110992432,0.18633022904396057
4476,0.0006029031937941909,0.002502729184925556,0.007780820596963167,0.039475589990615845,0.08220206201076508,0.11243341863155365,0.18297478556632996,0.26487475633621216,0.3090527653694153
4477,0.0005932092317380011,0.0032338914461433887,0.010609087534248829,0.02319491282105446,0.037041619420051575,0.04388760030269623,0.050293367356061935,0.05682622641324997,0.06624878942966461
4478,0.0006210439023561776,0.0023354555014520884,0.0065995496697723866,0.016283640637993813,0.04088617116212845,0.05579305812716484,0.07130011916160583,0.07609070837497711,0.08500504493713379
4479,0.0007967792917042971,0.0033778194338083267,0.013190960511565208,0.040537744760513306,0.11220937967300415,0.2145398110151291,0.2544811964035034,0.2752038240432739,0.33664873242378235
4480,0.0008399362559430301,0.0035244931932538748,0.013422423973679543,0.03038901276886463,0.04179377853870392,0.05226798355579376,0.07498813420534134,0.10874320566654205,0.1356421709060669
4481,0.0008293756982311606,0.003231809940189123,0.008429048582911491,0.026156092062592506,0.07806412130594254,0.1643008291721344,0.24998819828033447,0.48110222816467285,0.5892812609672546
4482,0.0009641413926146924,0.004939579870551825,0.015836887061595917,0.03730248659849167,0.06617017835378647,0.1142566055059433,0.16008928418159485,0.18339425325393677,0.19974824786186218
4483,0.0007386856013908982,0.005285848863422871,0.01784493401646614,0.04129055142402649,0.048748381435871124,0.05523871257901192,0.05933457240462303,0.06207349896430969,0.08078385144472122
4484,0.0011841512750834227,0.005140880588442087,0.013792534358799458,0.030845288187265396,0.055457599461078644,0.08458900451660156,0.1519012451171875,0.31003251671791077,0.4141058325767517
4485,0.000732696324121207,0.004204146098345518,0.021146191284060478,0.04057369381189346,0.08508055657148361,0.09518425166606903,0.10833781212568283,0.11418761312961578,0.16260263323783875
4486,0.0010361815802752972,0.004380535334348679,0.012364543974399567,0.033262886106967926,0.07374075800180435,0.13537432253360748,0.15779292583465576,0.1721348762512207,0.2070847451686859
4487,0.0007787887006998062,0.003698932472616434,0.018152426928281784,0.03564565256237984,0.04577068239450455,0.0558696910738945,0.07510492950677872,0.09530018270015717,0.11078135669231415
4488,0.0006896167178638279,0.0019262130372226238,0.004274021368473768,0.016842201352119446,0.03647179529070854,0.04366551339626312,0.0491037480533123,0.055180951952934265,0.0617305189371109
4489,0.0006430846988223493,0.0021630655974149704,0.004521118011325598,0.009761177934706211,0.01814217120409012,0.020527314394712448,0.022616099566221237,0.034757062792778015,0.04361321032047272
4490,0.0012401463463902473,0.005051264073699713,0.012082725763320923,0.02231387421488762,0.03138875961303711,0.046543460339307785,0.06828586012125015,0.09355282038450241,0.11669451743364334
4491,0.0005642299074679613,0.003138541243970394,0.010213814675807953,0.027039391919970512,0.05331698805093765,0.11607890576124191,0.13632167875766754,0.1548113375902176,0.1908762902021408
4492,0.0012393440119922161,0.005333716981112957,0.013697243295609951,0.028901685029268265,0.060695551335811615,0.11376888304948807,0.2302638590335846,0.29190143942832947,0.3324863612651825
4493,0.0009256717166863382,0.004421602003276348,0.007667459547519684,0.049594126641750336,0.08894338458776474,0.07012441754341125,0.13750803470611572,0.15902137756347656,0.17298667132854462
4494,0.0009972060797736049,0.004448107909411192,0.014098859392106533,0.04298807308077812,0.08449935913085938,0.10633013397455215,0.12755034863948822,0.15602225065231323,0.1663627177476883
4495,0.0006875352701172233,0.004361769650131464,0.02264980971813202,0.07895418256521225,0.09949306398630142,0.12403549998998642,0.16049036383628845,0.12299888581037521,0.10032016783952713
4496,0.000737495138309896,0.002872791141271591,0.009085179306566715,0.022178439423441887,0.04946792125701904,0.07316076010465622,0.09232982993125916,0.1199771910905838,0.33990585803985596
4497,0.0006434363313019276,0.0032112072221934795,0.012317189946770668,0.03400275483727455,0.06652739644050598,0.09700030088424683,0.12483735382556915,0.14629825949668884,0.2269238978624344
4498,0.000790049962233752,0.003597850911319256,0.016682565212249756,0.030107449740171432,0.061142079532146454,0.12230302393436432,0.13806545734405518,0.13009203970432281,0.1502753347158432
4499,0.0008249633247032762,0.0032795490697026253,0.006305865477770567,0.014690851792693138,0.035143230110406876,0.04398883506655693,0.04889633134007454,0.049483682960271835,0.04951993376016617
4500,0.0013786319177597761,0.004026045557111502,0.014769138768315315,0.03872402384877205,0.04750805348157883,0.05256309360265732,0.05417685583233833,0.05619440972805023,0.05810319259762764
4501,0.0008059497340582311,0.0037039692979305983,0.010648125782608986,0.033124834299087524,0.09775879979133606,0.18244728446006775,0.21976226568222046,0.24545861780643463,0.2596626877784729
4502,0.0008392157033085823,0.0034971055574715137,0.008694453164935112,0.018052250146865845,0.030744004994630814,0.06538213789463043,0.13749819993972778,0.18178784847259521,0.2439233958721161
4503,0.0007390587707050145,0.0028529944829642773,0.007228620816022158,0.021371187642216682,0.030630093067884445,0.06084156781435013,0.10289566963911057,0.1511705219745636,0.1667660027742386
4504,0.0009461949812248349,0.003921098075807095,0.010607432574033737,0.02627924084663391,0.07077360898256302,0.10369572043418884,0.12506061792373657,0.13774140179157257,0.16515116393566132
4505,0.0009856143733486533,0.003808195237070322,0.01137305423617363,0.041374243795871735,0.09243292361497879,0.1264580339193344,0.1462399661540985,0.17952105402946472,0.24595209956169128
4506,0.0010584535775706172,0.004869096912443638,0.012043840251863003,0.026843255385756493,0.0734373927116394,0.16707280278205872,0.2214239537715912,0.26643508672714233,0.26913613080978394
4507,0.0010754892136901617,0.0035370481200516224,0.011265837587416172,0.022977249696850777,0.03434160351753235,0.052786413580179214,0.06389731913805008,0.08050582557916641,0.12865494191646576
4508,0.0004924539243802428,0.001471164869144559,0.008247794583439827,0.01637314260005951,0.0562610998749733,0.07524527609348297,0.08255195617675781,0.10518983751535416,0.10299568623304367
4509,0.0007647651364095509,0.003593191970139742,0.009966377168893814,0.026319965720176697,0.03976977616548538,0.06795424968004227,0.09229813516139984,0.11602066457271576,0.14545473456382751
4510,0.0009701813105493784,0.004337670281529427,0.013207554817199707,0.03487318754196167,0.0626436099410057,0.10022049397230148,0.14651601016521454,0.149832621216774,0.16621175408363342
4511,0.0007845367072150111,0.0034153989981859922,0.010875589214265347,0.027815774083137512,0.054304078221321106,0.08336908370256424,0.11253140866756439,0.14512605965137482,0.16681359708309174
4512,0.0012590328697115183,0.005558820441365242,0.015501365065574646,0.04653208702802658,0.08050858974456787,0.12888292968273163,0.1612853705883026,0.18409842252731323,0.21919292211532593
4513,0.0009323208942078054,0.003514183685183525,0.00821272749453783,0.01568414829671383,0.021701853722333908,0.02947881445288658,0.0430542528629303,0.050083406269550323,0.06029563397169113
4514,0.0006325813010334969,0.0020306315273046494,0.004546722397208214,0.010278024710714817,0.021037021651864052,0.03683846443891525,0.051906049251556396,0.12257245182991028,0.1705847829580307
4515,0.0007769181975163519,0.003907059319317341,0.01111014373600483,0.033745549619197845,0.08579196780920029,0.12498778104782104,0.16871459782123566,0.2085200846195221,0.2350735068321228
4516,0.0007110293954610825,0.0021666251122951508,0.008782057091593742,0.020315639674663544,0.03040430322289467,0.06258029490709305,0.08837512135505676,0.09570568054914474,0.11795057356357574
4517,0.0006572449347004294,0.0019799780566245317,0.004174428526312113,0.00740930438041687,0.010398423299193382,0.015869995579123497,0.022938158363103867,0.034369081258773804,0.04938458278775215
4518,0.0007563512772321701,0.003679310902953148,0.013312887400388718,0.023704931139945984,0.05301792174577713,0.11574198305606842,0.13578321039676666,0.15816974639892578,0.16775056719779968
4519,0.0007610095199197531,0.0030018026009202003,0.013400747440755367,0.039372511208057404,0.06632576882839203,0.0851050615310669,0.1017225980758667,0.11495276540517807,0.13452160358428955
4520,0.0007478017942048609,0.002106802072376013,0.004844767041504383,0.009886639192700386,0.018400030210614204,0.03244888782501221,0.07306677103042603,0.09120238572359085,0.08203417807817459
4521,0.0006231926381587982,0.0021256341133266687,0.008262346498668194,0.015200084075331688,0.022323232144117355,0.02871253713965416,0.03508162125945091,0.04424140602350235,0.054764412343502045
4522,0.0009405409800820053,0.003552692010998726,0.012188623659312725,0.022252846509218216,0.060604434460401535,0.08503763377666473,0.10085947066545486,0.11439134925603867,0.1671966165304184
4523,0.0008071188349276781,0.0032671969383955,0.008498182520270348,0.0275382362306118,0.0646442323923111,0.09819767624139786,0.13825498521327972,0.16397109627723694,0.3391810357570648
4524,0.0010228403843939304,0.004965371452271938,0.015292434021830559,0.031798288226127625,0.05231229215860367,0.06882556527853012,0.09877490997314453,0.135207861661911,0.1637755185365677
4525,0.0009144083596765995,0.0037601168733090162,0.012433869764208794,0.03264474868774414,0.06453371047973633,0.10621453821659088,0.14093142747879028,0.18539510667324066,0.24869105219841003
4526,0.000840198015794158,0.0026505212299525738,0.007136804983019829,0.014407848939299583,0.021129542961716652,0.02785111963748932,0.03565412759780884,0.0585329607129097,0.11132603883743286
4527,0.0005692747072316706,0.002302732551470399,0.007145444862544537,0.012629995122551918,0.01837637834250927,0.023462731391191483,0.02883567102253437,0.03635481745004654,0.05925644934177399
4528,0.0011393229942768812,0.0038866247050464153,0.021175628527998924,0.050467025488615036,0.08067053556442261,0.10623118281364441,0.13038815557956696,0.14395472407341003,0.17342010140419006
4529,0.000663394050206989,0.0021511614322662354,0.004802128300070763,0.010701660998165607,0.014111047610640526,0.02306389808654785,0.04995809495449066,0.05890741944313049,0.06632595509290695
4530,0.000807896547485143,0.005413481965661049,0.012860922142863274,0.03287288919091225,0.05651985853910446,0.07145228981971741,0.12607261538505554,0.15988707542419434,0.20641498267650604
4531,0.0008141846628859639,0.003837738186120987,0.03270172327756882,0.06084318459033966,0.07642918825149536,0.1061251312494278,0.12913329899311066,0.1402803361415863,0.15898926556110382
4532,0.000868508534040302,0.002931576455011964,0.008821457624435425,0.022164417430758476,0.03904411196708679,0.050181902945041656,0.06254885345697403,0.0796857476234436,0.09715026617050171
4533,0.0014902360271662474,0.00887717679142952,0.021653510630130768,0.0567174032330513,0.0729149580001831,0.0837198793888092,0.1099826768040657,0.12613451480865479,0.13928398489952087
4534,0.000919575453735888,0.0038993614725768566,0.010621020570397377,0.025922570377588272,0.06992541253566742,0.099489726126194,0.15866528451442719,0.1785031259059906,0.2032126635313034
4535,0.0010298111010342836,0.004501344636082649,0.013858563266694546,0.03495592996478081,0.07793648540973663,0.1089881956577301,0.14475764334201813,0.16343733668327332,0.18848413228988647
4536,0.0011270485119894147,0.005011391825973988,0.014991186559200287,0.031592726707458496,0.055360399186611176,0.11615364253520966,0.21419736742973328,0.303580105304718,0.3377540111541748
4537,0.0009691581944935024,0.005388797260820866,0.01762031950056553,0.044611573219299316,0.12021716684103012,0.16619151830673218,0.22339566051959991,0.3149986267089844,0.45021384954452515
4538,0.0008231835090555251,0.003830375149846077,0.015516255050897598,0.03340303897857666,0.05983830988407135,0.07769003510475159,0.1079319640994072,0.1380954384803772,0.16501013934612274
4539,0.00055375398369506,0.0019373975228518248,0.004777971655130386,0.020521041005849838,0.03571176528930664,0.04543370008468628,0.0713377520442009,0.09558498859405518,0.1061650812625885
4540,0.0007229655748233199,0.0023912107571959496,0.015390938147902489,0.04776068776845932,0.07571214437484741,0.09003861248493195,0.09047601372003555,0.08792001008987427,0.0863005667924881
4541,0.0008527103345841169,0.0032480303198099136,0.007381908129900694,0.01840822398662567,0.039920855313539505,0.07794397324323654,0.101996511220932,0.13392893970012665,0.15096110105514526
4542,0.0006702494574710727,0.002196710789576173,0.005951966159045696,0.01148183923214674,0.0175947155803442,0.02431044913828373,0.03287588804960251,0.06057441979646683,0.07387343049049377
4543,0.0007046853424981236,0.003378633875399828,0.012477750889956951,0.02364819124341011,0.053644463419914246,0.08081977814435959,0.0909629613161087,0.09552096575498581,0.09836237877607346
4544,0.0006976018776185811,0.002787361852824688,0.006933894939720631,0.014177883043885231,0.03328847512602806,0.062118615955114365,0.12460722029209137,0.18376198410987854,0.21811269223690033
4545,0.0005874742055311799,0.002120429649949074,0.00506091071292758,0.02917557582259178,0.06259544938802719,0.06934870034456253,0.07114610075950623,0.07339651137590408,0.08166102319955826
4546,0.0007972778403200209,0.002359847305342555,0.010818093083798885,0.03695150837302208,0.07677331566810608,0.09745454043149948,0.10555708408355713,0.10278274863958359,0.12592558562755585
4547,0.0012374933576211333,0.005506039597094059,0.01540469378232956,0.039465419948101044,0.06987237930297852,0.0889214500784874,0.11168123781681061,0.13425280153751373,0.16318759322166443
4548,0.0008860464440658689,0.00459557119756937,0.012532220222055912,0.029849039390683174,0.08567623794078827,0.11858952045440674,0.14075809717178345,0.18860575556755066,0.24052539467811584
4549,0.0005847527063451707,0.0018705605762079358,0.004392205737531185,0.008215461857616901,0.012124953791499138,0.016077451407909393,0.024061381816864014,0.0464792437851429,0.06043495982885361
4550,0.001046742545440793,0.0038319542072713375,0.009547198191285133,0.02222592756152153,0.052141040563583374,0.07668107748031616,0.10460090637207031,0.14114953577518463,0.16334447264671326
4551,0.0005844110855832696,0.0016318693524226546,0.0029605876188725233,0.004868044052273035,0.0071228183805942535,0.00950063019990921,0.011160504072904587,0.012291098944842815,0.012669763527810574
4552,0.0012862440198659897,0.005901874043047428,0.01701778918504715,0.0414656326174736,0.04948311299085617,0.06740710139274597,0.09390198439359665,0.13924431800842285,0.21334947645664215
4553,0.0006576939485967159,0.0021414663642644882,0.004392051137983799,0.012445895932614803,0.033097777515649796,0.06672291457653046,0.07244522124528885,0.06664000451564789,0.07502316683530807
4554,0.0006229629507288337,0.0021000239066779613,0.007270517759025097,0.020508816465735435,0.07556719332933426,0.10178527235984802,0.1178368553519249,0.14016953110694885,0.16016831994056702
4555,0.0006115754367783666,0.001731255673803389,0.003320978255942464,0.005514391697943211,0.007301507517695427,0.00859178975224495,0.013053527101874352,0.02517244592308998,0.043943922966718674
4556,0.0006334754289127886,0.002081520389765501,0.0042514801025390625,0.007010523229837418,0.010910524055361748,0.017349006608128548,0.025324448943138123,0.035045064985752106,0.053643569350242615
4557,0.0010967223206534982,0.0040354118682444096,0.01255180686712265,0.024669280275702477,0.03866665065288544,0.12421618402004242,0.18150094151496887,0.19642560184001923,0.23838075995445251
4558,0.0007123657269403338,0.003589731641113758,0.014677517116069794,0.028847865760326385,0.043437790125608444,0.0694245919585228,0.07978827506303787,0.09247439354658127,0.09779378771781921
4559,0.0007679208647459745,0.003671070095151663,0.016457505524158478,0.043656401336193085,0.09758076071739197,0.14275392889976501,0.1936320662498474,0.22723990678787231,0.24254749715328217
4560,0.000581905769649893,0.002473804634064436,0.009109588339924812,0.01864425092935562,0.048460207879543304,0.12396495044231415,0.20938394963741302,0.24076226353645325,0.28959691524505615
4561,0.0009199391352012753,0.004329796880483627,0.013390753418207169,0.0403641015291214,0.10592971742153168,0.14706486463546753,0.15942685306072235,0.17757201194763184,0.21008944511413574
4562,0.000831569021102041,0.0045990487560629845,0.012047439813613892,0.02383153699338436,0.04398477077484131,0.07076098024845123,0.1109050065279007,0.13079646229743958,0.1604318916797638
4563,0.0007734973914921284,0.005090335849672556,0.018463153392076492,0.03314044699072838,0.046026136726140976,0.07148189097642899,0.08140432834625244,0.08689813315868378,0.09457435458898544
4564,0.000955639814492315,0.00445962231606245,0.01126624271273613,0.0218367800116539,0.034194789826869965,0.07329244911670685,0.12871362268924713,0.15125039219856262,0.18391622602939606
4565,0.0007343737524934113,0.0028090300038456917,0.01095969695597887,0.026532607153058052,0.04594013839960098,0.060358963906764984,0.07944653928279877,0.12299232184886932,0.16910982131958008
4566,0.0007611530600115657,0.004026831593364477,0.015689954161643982,0.052663858979940414,0.11849142611026764,0.19648264348506927,0.23643839359283447,0.2635955214500427,0.4384966790676117
4567,0.0009547610534355044,0.004129433538764715,0.009702262468636036,0.015657007694244385,0.03955784812569618,0.06672956049442291,0.09012521803379059,0.11874143779277802,0.33521878719329834
4568,0.0007988214492797852,0.003828986780717969,0.011613492853939533,0.027447771281003952,0.04337489232420921,0.0678265318274498,0.0946725457906723,0.11508365720510483,0.14160363376140594
4569,0.000657626602333039,0.0029358756728470325,0.010286480188369751,0.018279260024428368,0.039238832890987396,0.053442832082509995,0.06195083260536194,0.06694365292787552,0.10081807523965836
4570,0.0009039713768288493,0.0046399435959756374,0.012789666652679443,0.027694974094629288,0.07247132807970047,0.12537309527397156,0.15540409088134766,0.17517054080963135,0.20563864707946777
4571,0.0013212576741352677,0.00651855394244194,0.017741285264492035,0.030486859381198883,0.04113619029521942,0.05323571711778641,0.07564447075128555,0.09126634895801544,0.1333344727754593
4572,0.000770578277297318,0.0034950152039527893,0.009908441454172134,0.018154727295041084,0.0288030244410038,0.04411153495311737,0.06506680697202682,0.09152163565158844,0.1073579490184784
4573,0.000728919985704124,0.0032833805307745934,0.008185656741261482,0.01747795380651951,0.040566474199295044,0.07030664384365082,0.10646522790193558,0.1274937391281128,0.15683917701244354
4574,0.0008544445736333728,0.0036948842462152243,0.014694898389279842,0.02824060618877411,0.059934962540864944,0.0753987580537796,0.0882367342710495,0.11374707520008087,0.14035925269126892
4575,0.0010198024101555347,0.004024956375360489,0.0174860842525959,0.0349375456571579,0.06675280630588531,0.09849899262189865,0.12118081003427505,0.1246795803308487,0.14239554107189178
4576,0.0009440685389563441,0.004796955268830061,0.0167089756578207,0.047406155616045,0.08148981630802155,0.10650132596492767,0.12794306874275208,0.13295486569404602,0.23686711490154266
4577,0.0006852363585494459,0.006146603263914585,0.011785371229052544,0.026382839307188988,0.0759863331913948,0.08634446561336517,0.09156136214733124,0.10108885914087296,0.11405184119939804
4578,0.0005916937370784581,0.0020626289770007133,0.005928685888648033,0.011264502070844173,0.018213922157883644,0.028652071952819824,0.04378316551446915,0.06759805977344513,0.12375213205814362
4579,0.0006061369786038995,0.0020145990420132875,0.005499939434230328,0.011938296258449554,0.0307379849255085,0.08963613212108612,0.15339629352092743,0.21090665459632874,0.2591017484664917
4580,0.000645894673652947,0.0021088714711368084,0.0072226375341415405,0.02692360430955887,0.05894267559051514,0.07415878772735596,0.10230374336242676,0.13961966335773468,0.14299853146076202
4581,0.0007628637831658125,0.0027109957300126553,0.0046810610219836235,0.04601167142391205,0.06424994766712189,0.06898213922977448,0.0773746520280838,0.0974801778793335,0.10812773555517197
4582,0.0007271458161994815,0.003111148253083229,0.010380215011537075,0.029076572507619858,0.06192989647388458,0.11230333894491196,0.1747262179851532,0.23898932337760925,0.2973777651786804
4583,0.0008232514373958111,0.003704904578626156,0.00915420614182949,0.019799361005425453,0.03925863280892372,0.06065990775823593,0.08752689510583878,0.14361703395843506,0.19251136481761932
4584,0.0008014984196051955,0.0037981774657964706,0.013478321954607964,0.03139219433069229,0.05170203745365143,0.07326193898916245,0.09610181301832199,0.12949547171592712,0.15297555923461914
4585,0.0008684607455506921,0.0038195690140128136,0.01231367141008377,0.05050833523273468,0.11642051488161087,0.15224868059158325,0.27326124906539917,0.3483787477016449,0.3902203440666199
4586,0.0007293951348401606,0.0027598203159868717,0.008218037895858288,0.025617331266403198,0.047128502279520035,0.07314810156822205,0.08398425579071045,0.09428314864635468,0.10506900399923325
4587,0.0007069790735840797,0.0033806099090725183,0.009382786229252815,0.018894994631409645,0.03457851707935333,0.0856838971376419,0.1994648277759552,0.2585146427154541,0.2671899199485779
4588,0.0007243721047416329,0.003012625500559807,0.011036648415029049,0.01750931516289711,0.023930834606289864,0.031755998730659485,0.04099093750119209,0.054495230317115784,0.17716354131698608
4589,0.0006090594688430429,0.0015981593169271946,0.0037995069287717342,0.010260187089443207,0.02391413226723671,0.0343577116727829,0.051423344761133194,0.06890509277582169,0.0778542160987854
4590,0.0009368591709062457,0.004204866476356983,0.01314590871334076,0.029813043773174286,0.0464155338704586,0.09922721236944199,0.10568615794181824,0.1324024498462677,0.1644938886165619
4591,0.001384124392643571,0.007689397782087326,0.026505939662456512,0.04471345245838165,0.06033669412136078,0.06919946521520615,0.07458290457725525,0.08088432252407074,0.08382552862167358
4592,0.0005880093085579574,0.0019065418746322393,0.005597847048193216,0.013108287006616592,0.02333170920610428,0.030539818108081818,0.0366571843624115,0.04157928004860878,0.047723691910505295
4593,0.0006119608297012746,0.003403094597160816,0.008665740489959717,0.017886430025100708,0.04706936329603195,0.07352548837661743,0.09325262904167175,0.10284697264432907,0.11124719679355621
4594,0.0007435361621901393,0.002503340132534504,0.006854968145489693,0.01966739073395729,0.04039308428764343,0.053050704300403595,0.06520555913448334,0.1254657804965973,0.09401312470436096
4595,0.0006278044311329722,0.002645038068294525,0.008819238282740116,0.024114537984132767,0.041297782212495804,0.0520845390856266,0.07077757269144058,0.09963114559650421,0.10745947062969208
4596,0.0006171765271574259,0.00436285138130188,0.022809073328971863,0.07366619259119034,0.08880741149187088,0.07883106172084808,0.09489430487155914,0.10944074392318726,0.1276758909225464
4597,0.001087516313418746,0.004710271954536438,0.013769103214144707,0.03533388301730156,0.05722951143980026,0.07759061455726624,0.10323744267225266,0.12069950252771378,0.12799035012722015
4598,0.000932481954805553,0.0037414543330669403,0.00948888249695301,0.023807130753993988,0.04905656352639198,0.06913318485021591,0.09112100303173065,0.10048028081655502,0.14071816205978394
4599,0.000971759669482708,0.00452384352684021,0.014904342591762543,0.03533225879073143,0.05340006947517395,0.06260347366333008,0.07104402035474777,0.09287382662296295,0.10240081697702408
4600,0.0007303552119992673,0.0019478622125461698,0.004157215356826782,0.012078814208507538,0.02560388669371605,0.03797430545091629,0.04841754212975502,0.05606123059988022,0.06907941401004791
4601,0.001023760181851685,0.00441590603441,0.012983154505491257,0.03317254036664963,0.05916932225227356,0.11548174172639847,0.14460501074790955,0.16229870915412903,0.17269670963287354
4602,0.0007106449920684099,0.0021915920078754425,0.004580829292535782,0.008959703147411346,0.015590891242027283,0.021467300131917,0.03023889660835266,0.054901428520679474,0.08854875713586807
4603,0.0006449175416491926,0.0015830884221941233,0.004511323291808367,0.009971925988793373,0.027648447081446648,0.04477159306406975,0.05328337848186493,0.0657019391655922,0.07867341488599777
4604,0.0008420854574069381,0.004773300141096115,0.01339179091155529,0.032539866864681244,0.04220408573746681,0.059178564697504044,0.06713557988405228,0.08606801182031631,0.13810312747955322
4605,0.001101626199670136,0.005553114227950573,0.020619289949536324,0.0500023178756237,0.08785421401262283,0.11461751163005829,0.14001266658306122,0.2235773503780365,0.3450731933116913
4606,0.0007934924797154963,0.00342424213886261,0.01607942208647728,0.04335581138730049,0.09351591765880585,0.12193672358989716,0.1451224386692047,0.15052378177642822,0.15072163939476013
4607,0.000768047000747174,0.003978775814175606,0.019988084211945534,0.0569278746843338,0.10997191071510315,0.13835673034191132,0.15522398054599762,0.28126245737075806,0.388916552066803
4608,0.0007773090619593859,0.003328702412545681,0.008187657222151756,0.04334533214569092,0.07504333555698395,0.08214461803436279,0.08871930837631226,0.09979163855314255,0.12821948528289795
4609,0.0006677893688902259,0.0022720899432897568,0.005176485516130924,0.010661977343261242,0.02173526957631111,0.03350278362631798,0.06842849403619766,0.10257551074028015,0.14473193883895874
4610,0.000521901180036366,0.00132569984998554,0.002842501038685441,0.0058945780619978905,0.009286860004067421,0.012643381953239441,0.01497230026870966,0.015621000900864601,0.023726491257548332
4611,0.001009665778838098,0.0046384199522435665,0.01451784372329712,0.042488303035497665,0.07898344099521637,0.13625475764274597,0.18234124779701233,0.2300775945186615,0.2885521948337555
4612,0.000558694067876786,0.00215570698492229,0.006177338305860758,0.012973805889487267,0.022611457854509354,0.03272227197885513,0.05566893517971039,0.10298767685890198,0.1900511384010315
4613,0.000806836411356926,0.0029512313194572926,0.008844361640512943,0.025839652866125107,0.050510622560977936,0.12200051546096802,0.152873694896698,0.17267777025699615,0.1904194951057434
4614,0.000737727910745889,0.0030098184943199158,0.007911989465355873,0.016401831060647964,0.03214377909898758,0.061143018305301666,0.0879003256559372,0.12543149292469025,0.17880651354789734
4615,0.0006361078703776002,0.002363900188356638,0.008558937348425388,0.024360954761505127,0.054723817855119705,0.07836592197418213,0.08979213982820511,0.08948163688182831,0.0799349993467331
4616,0.0006422227015718818,0.0020857001654803753,0.004814860876649618,0.012028355151414871,0.028000667691230774,0.03913399949669838,0.04869413375854492,0.060611970722675323,0.07742883265018463
4617,0.0010590029414743185,0.0048852646723389626,0.013666735030710697,0.03886571153998375,0.0738731250166893,0.1178741455078125,0.15401780605316162,0.18987521529197693,0.1855332851409912
4618,0.0009805499576032162,0.004765493795275688,0.01562122255563736,0.040407780557870865,0.06196478009223938,0.07998745143413544,0.0945790484547615,0.1282891035079956,0.14909008145332336
4619,0.0007354812696576118,0.0034448308870196342,0.010891687124967575,0.03434513136744499,0.05732184275984764,0.07262229919433594,0.11129263043403625,0.16967551410198212,0.26243239641189575
4620,0.0008394139586016536,0.0032712991815060377,0.010242530144751072,0.024643750861287117,0.0522753931581974,0.0726136565208435,0.0848286896944046,0.09960436075925827,0.15162396430969238
4621,0.00044312368845567107,0.001228864537551999,0.00239379471167922,0.004163218662142754,0.006307858042418957,0.009556582197546959,0.013926824554800987,0.023748699575662613,0.03836926072835922
4622,0.0009226888651028275,0.0037116236053407192,0.013130085542798042,0.031138982623815536,0.054082855582237244,0.06865514814853668,0.08337629586458206,0.10649819672107697,0.19187836349010468
4623,0.0006743428530171514,0.0022898719180375338,0.007566402200609446,0.017016829922795296,0.02567582204937935,0.03280225396156311,0.038470309227705,0.05098406970500946,0.08094781637191772
4624,0.0011920314282178879,0.005326217971742153,0.018516957759857178,0.04880690574645996,0.08499983698129654,0.14316602051258087,0.1694025993347168,0.19933730363845825,0.24034273624420166
4625,0.0007454179576598108,0.0020363451912999153,0.005641607102006674,0.017893658950924873,0.04136404022574425,0.08877553045749664,0.09746763855218887,0.1067882776260376,0.12987005710601807
4626,0.000790745485574007,0.0023196127731353045,0.004409897606819868,0.008732922375202179,0.022590963169932365,0.041065823286771774,0.055209651589393616,0.061998628079891205,0.06381252408027649
4627,0.0011018358636647463,0.006407073698937893,0.01948682777583599,0.04352901875972748,0.08859407901763916,0.13801784813404083,0.23109368979930878,0.43718209862709045,0.6652079224586487
4628,0.0008569516940042377,0.004742564633488655,0.01656249165534973,0.043331801891326904,0.06569872796535492,0.08454229682683945,0.10187871754169464,0.1350855529308319,0.21057367324829102
4629,0.0008039358071982861,0.0036383019760251045,0.011032606475055218,0.028458604589104652,0.05929972976446152,0.11740221828222275,0.2018122524023056,0.2332284152507782,0.2629599869251251
4630,0.0005576148396357894,0.0025613000616431236,0.014691570773720741,0.04041892662644386,0.05857706815004349,0.07772695273160934,0.08533331751823425,0.09586354345083237,0.11925702542066574
4631,0.0006526113720610738,0.0026976587250828743,0.006906908005475998,0.021522145718336105,0.04720344766974449,0.08285024017095566,0.1230873242020607,0.16236774623394012,0.17771367728710175
4632,0.0009650983847677708,0.004211894236505032,0.010851937346160412,0.017750578001141548,0.02470480650663376,0.04361226037144661,0.07308177649974823,0.0900898203253746,0.12737193703651428
4633,0.0009759300155565143,0.005116615444421768,0.01328263059258461,0.029479781165719032,0.058441031724214554,0.09151023626327515,0.126542866230011,0.1431640088558197,0.15931260585784912
4634,0.0007104587275534868,0.0027933157980442047,0.007251395378261805,0.016563544049859047,0.05244740843772888,0.13161137700080872,0.16691583395004272,0.16211757063865662,0.18517252802848816
4635,0.0010054884478449821,0.00513825099915266,0.01703588292002678,0.02833445742726326,0.036997079849243164,0.04341694712638855,0.04999459907412529,0.06549589335918427,0.0820816308259964
4636,0.0008846864802762866,0.0034092203713953495,0.008694633841514587,0.016510799527168274,0.0258006788790226,0.03769923001527786,0.05471169948577881,0.08842772245407104,0.1245817244052887
4637,0.0004760232986882329,0.001703597721643746,0.004159859847277403,0.007869288325309753,0.02661774307489395,0.0335332453250885,0.04460025578737259,0.06005311384797096,0.07213984429836273
4638,0.000904279702808708,0.004577913321554661,0.040727876126766205,0.06603208929300308,0.07390924543142319,0.07120963931083679,0.07696378976106644,0.1243775337934494,0.10956402868032455
4639,0.0006647652480751276,0.002466659527271986,0.005868189036846161,0.011312520131468773,0.016852157190442085,0.023388944566249847,0.034529924392700195,0.06539326906204224,0.08502421528100967
4640,0.0007010382832959294,0.0026744899805635214,0.006729430519044399,0.013761627487838268,0.03424955904483795,0.06122765317559242,0.07820269465446472,0.10630056262016296,0.13483533263206482
4641,0.0007568044238723814,0.0026556123048067093,0.006494728848338127,0.011673763394355774,0.020347479730844498,0.03695996478199959,0.06955291330814362,0.1007266566157341,0.11330436170101166
4642,0.0005301994387991726,0.0020310452673584223,0.005244091153144836,0.009806465357542038,0.01723744161427021,0.025089917704463005,0.0324709452688694,0.039804063737392426,0.0710863471031189
4643,0.0008970671333372593,0.004462810233235359,0.011405880562961102,0.02294846437871456,0.04344760626554489,0.08338804543018341,0.13569025695323944,0.22046798467636108,0.3010227382183075
4644,0.0005600805161520839,0.0017872480675578117,0.006525673437863588,0.021285444498062134,0.03538845479488373,0.044367022812366486,0.05624362826347351,0.09218493103981018,0.23073406517505646
4645,0.0009548442903906107,0.0051836296916007996,0.01798032596707344,0.050403352826833725,0.10605215281248093,0.16742226481437683,0.2206452488899231,0.25153589248657227,0.27897608280181885
4646,0.000635756878182292,0.002289242809638381,0.006970846094191074,0.028094729408621788,0.04959830641746521,0.06207381933927536,0.08356688916683197,0.0906650722026825,0.10492705553770065
4647,0.0008101658313535154,0.0038447906263172626,0.013328274711966515,0.046796299517154694,0.1000250056385994,0.18755938112735748,0.21387368440628052,0.22640694677829742,0.23501792550086975
4648,0.000787074095569551,0.0031123654916882515,0.007807143963873386,0.015158189460635185,0.02776515483856201,0.07617110013961792,0.12669456005096436,0.16277793049812317,0.13451576232910156
4649,0.0006723589031025767,0.0019434279529377818,0.00412725331261754,0.007665641605854034,0.011376529932022095,0.016818180680274963,0.06360364705324173,0.07950684428215027,0.1290375292301178
4650,0.0005614152760244906,0.001749613555148244,0.0038584298454225063,0.006779597606509924,0.010247191414237022,0.01477041095495224,0.021739134564995766,0.030012555420398712,0.03946651518344879
4651,0.0006510278326459229,0.0033101364970207214,0.008598025888204575,0.01989223062992096,0.030805353075265884,0.03878048434853554,0.043528877198696136,0.042787276208400726,0.05119111388921738
4652,0.0005546824540942907,0.0017032637260854244,0.00856428686529398,0.021714290603995323,0.040270350873470306,0.05191142112016678,0.0660153329372406,0.08166242390871048,0.09665585309267044
4653,0.0009607435204088688,0.004374094307422638,0.014326581731438637,0.03353530541062355,0.06889475882053375,0.11785013973712921,0.1585821509361267,0.19186316430568695,0.22270220518112183
4654,0.0007648696191608906,0.0034852714743465185,0.011616218835115433,0.0350976288318634,0.09671686589717865,0.16445255279541016,0.21494132280349731,0.26361197233200073,0.2746291160583496
4655,0.0010259964037686586,0.0027270247228443623,0.004816263448446989,0.008304127492010593,0.017839685082435608,0.03431134298443794,0.06432909518480301,0.11097732186317444,0.1291695535182953
4656,0.0007662176503799856,0.0035244463942945004,0.009749041870236397,0.02327636629343033,0.048358894884586334,0.08281683176755905,0.10735943913459778,0.16480061411857605,0.20498168468475342
4657,0.0008710701949894428,0.004043032415211201,0.012851512059569359,0.03535327687859535,0.06854959577322006,0.09702848643064499,0.11902923882007599,0.13627110421657562,0.21597668528556824
4658,0.0007420001784339547,0.0062538934871554375,0.020312435925006866,0.03896274045109749,0.05675288662314415,0.07211616635322571,0.08331046253442764,0.09772694855928421,0.11424828320741653
4659,0.0009608262917026877,0.005311431363224983,0.009474989958107471,0.012355927377939224,0.014318459667265415,0.01662176474928856,0.019221588969230652,0.022999167442321777,0.04740144684910774
4660,0.0004859646433033049,0.0014789372216910124,0.003630662802606821,0.00710033904761076,0.019228603690862656,0.028422661125659943,0.05783686414361,0.09527523070573807,0.13220006227493286
4661,0.0007297814008779824,0.005038655828684568,0.01501760445535183,0.02184286341071129,0.04623618721961975,0.05564579740166664,0.061014700680971146,0.06642628461122513,0.10941323637962341
4662,0.0011352106230333447,0.004457117989659309,0.010227121412754059,0.01847684383392334,0.031118331477046013,0.05131964758038521,0.07840853929519653,0.13350674510002136,0.1540878415107727
4663,0.0016484707593917847,0.005151424556970596,0.0180977713316679,0.03426326811313629,0.04356972128152847,0.07860159873962402,0.11019019037485123,0.12301775813102722,0.1482798457145691
4664,0.0006367125897668302,0.0031518938485533,0.008421787060797215,0.018054315820336342,0.030384492129087448,0.05971252918243408,0.07820246368646622,0.08677585422992706,0.4425501525402069
4665,0.0008290342520922422,0.0037029206287115812,0.008897381834685802,0.02182527631521225,0.046818286180496216,0.06972625851631165,0.143230602145195,0.19265945255756378,0.247197687625885
4666,0.001116171944886446,0.004539626184850931,0.01680668443441391,0.040684327483177185,0.08183087408542633,0.13475289940834045,0.16793827712535858,0.1879531592130661,0.20267333090305328
4667,0.0005772933945991099,0.0018776585347950459,0.005872726906090975,0.029428910464048386,0.04310433566570282,0.053233519196510315,0.06338122487068176,0.07783284783363342,0.08922334015369415
4668,0.0010892862919718027,0.0045585972256958485,0.013052944093942642,0.025300124660134315,0.04279790818691254,0.060901593416929245,0.07554304599761963,0.10003413259983063,0.1266971230506897
4669,0.0008083948632702231,0.0035406583920121193,0.009939698502421379,0.02340368926525116,0.04145145043730736,0.07084629684686661,0.0904497280716896,0.10784780234098434,0.3024747669696808
4670,0.0008713479619473219,0.003286645282059908,0.009634382091462612,0.024448081851005554,0.041012540459632874,0.05377863347530365,0.08305810391902924,0.12379302829504013,0.18102394044399261
4671,0.0011911074398085475,0.006436127703636885,0.018638333305716515,0.0364849790930748,0.08512124419212341,0.17354142665863037,0.23529152572155,0.25057563185691833,0.2688446044921875
4672,0.0009569984395056963,0.005348806269466877,0.015224789269268513,0.033745765686035156,0.05407694727182388,0.09558560699224472,0.12544609606266022,0.17730018496513367,0.20976591110229492
4673,0.0013976165791973472,0.008067850023508072,0.021357698366045952,0.03220227360725403,0.04259631782770157,0.06527158617973328,0.071419857442379,0.07701386511325836,0.11372949182987213
4674,0.0011068221647292376,0.00463523343205452,0.013539806008338928,0.03413861244916916,0.08724406361579895,0.13306543231010437,0.15189878642559052,0.18397319316864014,0.2171861231327057
4675,0.0011348314583301544,0.0055502112954854965,0.021108057349920273,0.05401947349309921,0.09053541719913483,0.11931777000427246,0.14092929661273956,0.16023653745651245,0.17810872197151184
4676,0.0008040476241149008,0.004224470350891352,0.009620907716453075,0.032648466527462006,0.03513383865356445,0.041427116841077805,0.049590662121772766,0.06265223771333694,0.09373081475496292
4677,0.00045439513633027673,0.0018972812686115503,0.008060700260102749,0.01932959258556366,0.028935499489307404,0.03471274673938751,0.0385294035077095,0.042708612978458405,0.05026295408606529
4678,0.0006407708860933781,0.0020023726392537355,0.005769968498498201,0.028407685458660126,0.057859137654304504,0.08667954057455063,0.10147609561681747,0.09957967698574066,0.11179012060165405
4679,0.0005743509973399341,0.00209907628595829,0.01954755000770092,0.061994004994630814,0.10541602969169617,0.11864867806434631,0.11418527364730835,0.1156349927186966,0.1168045699596405
4680,0.0007076524198055267,0.00254244077950716,0.005937210284173489,0.047570765018463135,0.05548741668462753,0.05993153154850006,0.06476039439439774,0.06905663758516312,0.07245703041553497
4681,0.0016324070747941732,0.0069268979132175446,0.018611133098602295,0.043637122958898544,0.06225718557834625,0.08179666101932526,0.09704924374818802,0.10157470405101776,0.1777029037475586
4682,0.000634671829175204,0.0024810817558318377,0.00832478515803814,0.015734098851680756,0.028762806206941605,0.0411764420568943,0.045248065143823624,0.049601197242736816,0.1234269067645073
4683,0.0007498592603951693,0.0025054358411580324,0.0067871324717998505,0.015057262033224106,0.03606213629245758,0.10321949422359467,0.10476823151111603,0.10026337206363678,0.16991445422172546
4684,0.001123619033023715,0.004029486328363419,0.01931043528020382,0.037390224635601044,0.051516637206077576,0.09217078238725662,0.1376568078994751,0.23739838600158691,0.31414076685905457
4685,0.0010936709586530924,0.004470517858862877,0.013681014999747276,0.043583959341049194,0.07480079680681229,0.12029214948415756,0.11769764125347137,0.13713769614696503,0.16643014550209045
4686,0.0007877583848312497,0.0033896244131028652,0.00970541499555111,0.022711729630827904,0.0415414422750473,0.07110252976417542,0.09550757706165314,0.14483313262462616,0.20672529935836792
4687,0.0005845876876264811,0.001969442702829838,0.004121505189687014,0.005917786620557308,0.008389200083911419,0.013467042706906796,0.022185808047652245,0.031302738934755325,0.053602434694767
4688,0.0006579662440344691,0.002829822013154626,0.008289945311844349,0.02229171060025692,0.05007552355527878,0.10820040106773376,0.15618759393692017,0.18832123279571533,0.21692048013210297
4689,0.0007850640104152262,0.004185555037111044,0.015501124784350395,0.03908007591962814,0.06387631595134735,0.08004612475633621,0.09650272876024246,0.10901667922735214,0.11663089692592621
4690,0.0007545439293608069,0.003460239851847291,0.008986596949398518,0.017585713416337967,0.0389961302280426,0.06109238415956497,0.07718637585639954,0.09838750958442688,0.16911929845809937
4691,0.0008246384095400572,0.0038801077753305435,0.01647956110537052,0.03829082101583481,0.06889088451862335,0.11172930896282196,0.13909882307052612,0.15028104186058044,0.15069317817687988
4692,0.0011404493125155568,0.005953166168183088,0.031882740557193756,0.07252827286720276,0.09899483621120453,0.11094871163368225,0.11791443824768066,0.13474811613559723,0.16571076214313507
4693,0.0006429578643292189,0.002409006003290415,0.006259615998715162,0.010728677734732628,0.01554967276751995,0.026421211659908295,0.06679829955101013,0.09486393630504608,0.10204266011714935
4694,0.0006476155249401927,0.002960090059787035,0.008451104164123535,0.017231710255146027,0.040384747087955475,0.0829632431268692,0.09753729403018951,0.10652376711368561,0.11328235268592834
4695,0.000968888693023473,0.00443677743896842,0.010922917164862156,0.033442627638578415,0.07269192487001419,0.10583831369876862,0.11970892548561096,0.13760443031787872,0.1639847606420517
4696,0.0007742767920717597,0.003226895583793521,0.008563085459172726,0.017712818458676338,0.052028998732566833,0.11281668394804001,0.22027161717414856,0.2788856029510498,0.2853853404521942
4697,0.0007666901801712811,0.0020277348812669516,0.004987956024706364,0.01419688481837511,0.026654710993170738,0.03136618435382843,0.03558840975165367,0.0374593660235405,0.04215484857559204
4698,0.0005949641345068812,0.0027505329344421625,0.008641907945275307,0.01725800894200802,0.03142077475786209,0.044090330600738525,0.05932559445500374,0.09203848242759705,0.15104436874389648
4699,0.00046509556705132127,0.0012407260946929455,0.0035344641655683517,0.02276524528861046,0.050891369581222534,0.07726798951625824,0.08881358802318573,0.09149833023548126,0.09528232365846634
4700,0.000603141204919666,0.0037454310804605484,0.008384287357330322,0.012649009935557842,0.01587682217359543,0.01974240131676197,0.026692599058151245,0.038609232753515244,0.08036898821592331
4701,0.0012207445688545704,0.005354763939976692,0.01856679655611515,0.037080466747283936,0.06147664412856102,0.11091332882642746,0.1708393096923828,0.19318042695522308,0.2052026093006134
4702,0.0007826356450095773,0.0038896820042282343,0.014072698540985584,0.032240547239780426,0.06802347302436829,0.10826098918914795,0.14082744717597961,0.16988994181156158,0.22372208535671234
4703,0.0009053784888237715,0.00410058069974184,0.01599453017115593,0.04923546314239502,0.12589259445667267,0.20337985455989838,0.24621400237083435,0.28195950388908386,0.3393595516681671
4704,0.0006579263717867434,0.0026982035487890244,0.00899763684719801,0.024346977472305298,0.046087268739938736,0.08335117250680923,0.1111697405576706,0.12399071455001831,0.12869635224342346
4705,0.0007069834973663092,0.003087065415456891,0.015299725346267223,0.05260845273733139,0.09009428322315216,0.13278120756149292,0.1521199345588684,0.16158625483512878,0.16406166553497314
4706,0.0006675219046883285,0.0027705347165465355,0.007390857674181461,0.016160430386662483,0.031669117510318756,0.05270782858133316,0.07098421454429626,0.09230230748653412,0.12100622802972794
4707,0.0006951926043257117,0.00299980491399765,0.008559958077967167,0.020341407507658005,0.03839749097824097,0.06587003171443939,0.1164856106042862,0.13498547673225403,0.16087771952152252
4708,0.0007585616549476981,0.0031769308261573315,0.008934030309319496,0.020834600552916527,0.0460265688598156,0.08814972639083862,0.13047532737255096,0.1706358641386032,0.36196961998939514
4709,0.0010243731085211039,0.005638113245368004,0.014884280040860176,0.062342312186956406,0.0766906812787056,0.09141352772712708,0.10337232053279877,0.11542527377605438,0.11281512677669525
4710,0.0007933448068797588,0.003914523404091597,0.01334991492331028,0.02609657496213913,0.05299661308526993,0.10551638901233673,0.1586502641439438,0.21779105067253113,0.23907890915870667
4711,0.0007503695087507367,0.003393587190657854,0.012357940897345543,0.02890043705701828,0.05646130442619324,0.08554571866989136,0.10005393624305725,0.11551924049854279,0.14677593111991882
4712,0.0008956871461123228,0.0042978753335773945,0.012546652927994728,0.0335550382733345,0.07658857107162476,0.1206287294626236,0.19498318433761597,0.22200512886047363,0.19110123813152313
4713,0.0008701089536771178,0.003937705419957638,0.01972845196723938,0.052744828164577484,0.1061968207359314,0.12877336144447327,0.12532177567481995,0.18107067048549652,0.2555549442768097
4714,0.0014900114620104432,0.0074172355234622955,0.021525675430893898,0.049979064613580704,0.08768276125192642,0.12640000879764557,0.16585424542427063,0.20016410946846008,0.18227463960647583
4715,0.0010051761055365205,0.0036322236992418766,0.010070310905575752,0.022962506860494614,0.04984491318464279,0.07521462440490723,0.10654301196336746,0.13834725320339203,0.16533920168876648
4716,0.00104046193882823,0.00501276133581996,0.016428504139184952,0.03768245130777359,0.06356225907802582,0.10285055637359619,0.1482120156288147,0.16220088303089142,0.4074057638645172
4717,0.0006759080570191145,0.0033029078040271997,0.010618364438414574,0.02713872119784355,0.03924836590886116,0.05118461698293686,0.07156205922365189,0.11674320697784424,0.16431251168251038
4718,0.000783630064688623,0.00236698379740119,0.004843269474804401,0.009040020406246185,0.014686040580272675,0.02257268875837326,0.028183359652757645,0.02829025313258171,0.0335707850754261
4719,0.0010144751286134124,0.004449457861483097,0.01208731159567833,0.031400371342897415,0.0719938725233078,0.10819423198699951,0.13097794353961945,0.15352904796600342,0.17389771342277527
4720,0.0007931354339234531,0.0030775689519941807,0.01044207252562046,0.04372882843017578,0.055083561688661575,0.06638604402542114,0.0789167508482933,0.09719021618366241,0.10305625200271606
4721,0.001329111517407,0.005483416840434074,0.014672738499939442,0.03524771332740784,0.04561153054237366,0.062260378152132034,0.09712038934230804,0.13201558589935303,0.17402467131614685
4722,0.0007971096783876419,0.0042732106521725655,0.014529479667544365,0.04598243907094002,0.13349494338035583,0.17145930230617523,0.22014284133911133,0.24650591611862183,0.2755609452724457
4723,0.0009104330674745142,0.004304634407162666,0.01935727149248123,0.04105560481548309,0.05605921149253845,0.06510880589485168,0.09157511591911316,0.12515661120414734,0.16824698448181152
4724,0.0007833297713659704,0.003986663650721312,0.01444920338690281,0.03958062827587128,0.06610401719808578,0.10136692225933075,0.1039934903383255,0.11159398406744003,0.14376378059387207
4725,0.000621062470600009,0.0026999376714229584,0.006131941452622414,0.025827091187238693,0.05619741231203079,0.07245224714279175,0.09131263941526413,0.10346012562513351,0.15930604934692383
4726,0.0008486545411869884,0.0036849509924650192,0.009867439977824688,0.02653358317911625,0.04797913506627083,0.06418625265359879,0.08293204009532928,0.11546038091182709,0.1524335891008377
4727,0.0007390747778117657,0.002711683511734009,0.009343684650957584,0.030120352283120155,0.083437979221344,0.17520076036453247,0.237918883562088,0.2750140428543091,0.2934420704841614
4728,0.0010957892518490553,0.004067910369485617,0.010283252224326134,0.01926327869296074,0.07325214147567749,0.11439786106348038,0.1390891969203949,0.16958755254745483,0.17211788892745972
4729,0.0006901526357978582,0.0023573378566652536,0.0052304696291685104,0.00892727356404066,0.013114431872963905,0.01882644183933735,0.029575645923614502,0.055065594613552094,0.07463906705379486
4730,0.0005739257903769612,0.001522961538285017,0.002939017955213785,0.005373167339712381,0.008549410849809647,0.013582365587353706,0.02049034833908081,0.029046716168522835,0.03548232465982437
4731,0.0007347930804826319,0.0035763094201684,0.01164769846946001,0.030389709398150444,0.06926984339952469,0.1525501012802124,0.1949121356010437,0.20467276871204376,0.21922436356544495
4732,0.000869111274369061,0.004672033712267876,0.014041601680219173,0.028907179832458496,0.04206955432891846,0.05387033522129059,0.08849029242992401,0.1261923760175705,0.15292704105377197
4733,0.0009937422582879663,0.004374867770820856,0.015093129128217697,0.04573590308427811,0.07377704977989197,0.1126479059457779,0.14935414493083954,0.1766587197780609,0.18677756190299988
4734,0.0005516143282875419,0.0029771821573376656,0.01324984896928072,0.03619605302810669,0.057931747287511826,0.07084658741950989,0.09391438215970993,0.12696872651576996,0.17343342304229736
4735,0.0009771279292181134,0.0060984669253230095,0.01603998988866806,0.041357725858688354,0.071148581802845,0.12408152222633362,0.1802709400653839,0.2251853495836258,0.2368982434272766
4736,0.0005706182564608753,0.0017856569029390812,0.004000948742032051,0.0276169553399086,0.0345863401889801,0.040148817002773285,0.04487864673137665,0.04816693067550659,0.051980145275592804
4737,0.0006206135731190443,0.0023994699586182833,0.007061013951897621,0.017514027655124664,0.036767929792404175,0.06899020820856094,0.12218362092971802,0.1716669201850891,0.1958903819322586
4738,0.0005808585556223989,0.0018896819092333317,0.008632071316242218,0.021851537749171257,0.03523895516991615,0.04618045687675476,0.05667850375175476,0.06762413680553436,0.20982182025909424
4739,0.0010006435913965106,0.004992395173758268,0.015029920265078545,0.03532060980796814,0.06433849036693573,0.09205508232116699,0.11500941216945648,0.17747150361537933,0.24056515097618103
4740,0.0006759696407243609,0.002997100353240967,0.00784960575401783,0.021083729341626167,0.04802776500582695,0.07569517940282822,0.10633528232574463,0.13263267278671265,0.24735471606254578
4741,0.0006187924300320446,0.003938465379178524,0.010763775557279587,0.01877952739596367,0.05822625011205673,0.09362588822841644,0.10308100283145905,0.111543670296669,0.11730379611253738
4742,0.0007853693095967174,0.0024124649353325367,0.007708576507866383,0.014754967764019966,0.02224915288388729,0.027752196416258812,0.03196662664413452,0.04174704849720001,0.05970248579978943
4743,0.0007931358413770795,0.004427339881658554,0.014820609241724014,0.035112522542476654,0.08770328760147095,0.117794468998909,0.1238018274307251,0.16990652680397034,0.1784578412771225
4744,0.0007667277823202312,0.0033894111402332783,0.017229171469807625,0.038163915276527405,0.05873638391494751,0.06204631179571152,0.0826440304517746,0.10207422822713852,0.20366227626800537
4745,0.0007986649870872498,0.0023981472477316856,0.006062256172299385,0.021652979776263237,0.04817936569452286,0.10097389668226242,0.11400040984153748,0.1251979023218155,0.13986897468566895
4746,0.0007022992358542979,0.004186635371297598,0.015472818166017532,0.03456955403089523,0.05305496230721474,0.060312412679195404,0.063129723072052,0.07539454847574234,0.17308177053928375
4747,0.0008425056003034115,0.003337680362164974,0.008716713637113571,0.018836963921785355,0.0320340171456337,0.045201681554317474,0.05935194343328476,0.08255162835121155,0.12443213909864426
4748,0.0009196217870339751,0.004435413982719183,0.013472659513354301,0.020579485222697258,0.026024794206023216,0.03224877640604973,0.04483461752533913,0.05206361040472984,0.061479195952415466
4749,0.0006192337023094296,0.0017868924187496305,0.003630687016993761,0.008213017135858536,0.028336118906736374,0.049719274044036865,0.06251456588506699,0.06981678307056427,0.07254380732774734
4750,0.0008394073811359704,0.0028577258344739676,0.02778036519885063,0.05601074546575546,0.08626966923475266,0.10035914182662964,0.10738875716924667,0.1192585676908493,0.15178276598453522
4751,0.0010111103765666485,0.005712337791919708,0.017865698784589767,0.038229335099458694,0.06589265167713165,0.10436079651117325,0.13825684785842896,0.15742261707782745,0.25118568539619446
4752,0.0007151531171984971,0.003792822826653719,0.012780907563865185,0.029502172023057938,0.06041990965604782,0.10463275015354156,0.1468224823474884,0.19111351668834686,0.23868140578269958
4753,0.0009443867020308971,0.0037068864330649376,0.012482132762670517,0.04122212156653404,0.09729055315256119,0.14003382623195648,0.18809771537780762,0.2044765204191208,0.22123786807060242
4754,0.0009910413064062595,0.003856542520225048,0.010176415555179119,0.02305424213409424,0.042335812002420425,0.06851242482662201,0.10370399802923203,0.12715288996696472,0.14362016320228577
4755,0.0008211010717786849,0.0021874934900552034,0.0040892623364925385,0.0067472574301064014,0.012728871777653694,0.021968510001897812,0.04963614419102669,0.07072959840297699,0.08263164013624191
4756,0.001169742550700903,0.0061476873233914375,0.015709970146417618,0.032118622213602066,0.04944072291254997,0.06947150081396103,0.10686477273702621,0.25520145893096924,0.4113680124282837
4757,0.0007870970293879509,0.006170370616018772,0.016154102981090546,0.029362544417381287,0.0384649857878685,0.04536835849285126,0.05409380793571472,0.07586109638214111,0.11509029567241669
4758,0.0006450328510254622,0.0028274226933717728,0.009360644966363907,0.02458082139492035,0.049529001116752625,0.08537733554840088,0.22546684741973877,0.3350299596786499,0.3440505266189575
4759,0.0005825198022648692,0.001978817628696561,0.019630566239356995,0.06672971695661545,0.08576119691133499,0.09849794209003448,0.10456370562314987,0.10581693053245544,0.12344902008771896
4760,0.000986273167654872,0.0043757082894444466,0.012933406978845596,0.04705381020903587,0.13043394684791565,0.1449207365512848,0.15951204299926758,0.19278430938720703,0.21416227519512177
4761,0.0005711701232939959,0.001976909814402461,0.004181251861155033,0.0067578270100057125,0.009890744462609291,0.013561978936195374,0.01682376116514206,0.02154853194952011,0.032840777188539505
4762,0.0017904958222061396,0.01029096357524395,0.02307950146496296,0.0451374314725399,0.05988136678934097,0.06593719124794006,0.0678626149892807,0.06946184486150742,0.07150761038064957
4763,0.0010324203176423907,0.005893495865166187,0.023675503209233284,0.03667542710900307,0.06177159398794174,0.13165029883384705,0.22075137495994568,0.23224177956581116,0.1916688084602356
4764,0.001248663291335106,0.007202024571597576,0.023013021796941757,0.05902255326509476,0.12102866172790527,0.19545497000217438,0.23388856649398804,0.2992836833000183,0.3861343562602997
4765,0.0011195988627150655,0.00461068470031023,0.012184116058051586,0.024794993922114372,0.039968810975551605,0.10195112973451614,0.12579871714115143,0.13320569694042206,0.14215174317359924
4766,0.0010642831912264228,0.0044428943656384945,0.011555236764252186,0.02630997821688652,0.04458773136138916,0.060639638453722,0.0672980323433876,0.07344561070203781,0.12526020407676697
4767,0.0007614406058564782,0.0025159441865980625,0.005865518003702164,0.009829556569457054,0.014357117936015129,0.02015778422355652,0.02622908167541027,0.06228598952293396,0.11290502548217773
4768,0.0008059973479248583,0.004221154842525721,0.01712152734398842,0.03501090779900551,0.05055202916264534,0.06315088272094727,0.06990064680576324,0.08034669607877731,0.11681042611598969
4769,0.0006209190469235182,0.002302123000845313,0.0058006783947348595,0.013824941590428352,0.14005443453788757,0.2115904837846756,0.24294710159301758,0.2718515396118164,0.3047489523887634
4770,0.0006069627124816179,0.00482147466391325,0.024180112406611443,0.04053470119833946,0.04912906140089035,0.05244831740856171,0.057734061032533646,0.06251319497823715,0.07664629071950912
4771,0.0009522900800220668,0.006574218161404133,0.039383575320243835,0.07353630661964417,0.14094600081443787,0.16110172867774963,0.11010875552892685,0.14570468664169312,0.19218841195106506
4772,0.0007116999477148056,0.01470764447003603,0.028256116434931755,0.04634387791156769,0.062284380197525024,0.06858867406845093,0.07399310171604156,0.08241685479879379,0.11121663451194763
4773,0.0008402095409110188,0.0045901695266366005,0.013384495861828327,0.034217141568660736,0.050732653588056564,0.05766339972615242,0.07079920172691345,0.09092336893081665,0.11825837939977646
4774,0.0006927727954462171,0.002286929404363036,0.004869230091571808,0.008102154359221458,0.012045108713209629,0.017171530053019524,0.023951543495059013,0.029700107872486115,0.04027179628610611
4775,0.001089400495402515,0.0055078985169529915,0.014271354302763939,0.029682718217372894,0.07533544301986694,0.20496819913387299,0.28096887469291687,0.32970091700553894,0.3364877700805664
4776,0.0007822762709110975,0.0022957557812333107,0.0058576855808496475,0.010892793536186218,0.018460316583514214,0.027918044477701187,0.036755338311195374,0.044669512659311295,0.07188743352890015
4777,0.0006939902086742222,0.0030574300326406956,0.010683892294764519,0.022254642099142075,0.04688270390033722,0.06341847032308578,0.0749683678150177,0.12069376558065414,0.27999812364578247
4778,0.0011219944572076201,0.0052769482135772705,0.02691609039902687,0.07189570367336273,0.12465405464172363,0.1834113448858261,0.2330438792705536,0.2553424835205078,0.27271944284439087
4779,0.0006561570335179567,0.00164216838311404,0.02722596377134323,0.05197221413254738,0.08642313629388809,0.09442966431379318,0.09612581133842468,0.09884189069271088,0.09899626672267914
4780,0.0008210253436118364,0.0036233188584446907,0.012401815503835678,0.04265804588794708,0.09506890177726746,0.12844139337539673,0.23379987478256226,0.346121609210968,0.3121441900730133
4781,0.000983301317319274,0.004927833564579487,0.015489230863749981,0.030730420723557472,0.07880335301160812,0.16522975265979767,0.20229247212409973,0.22759515047073364,0.27471184730529785
4782,0.0006224316312000155,0.0023932780604809523,0.007278234697878361,0.016903985291719437,0.045443348586559296,0.07528481632471085,0.08950550854206085,0.12056340277194977,0.21673108637332916
4783,0.0006211372092366219,0.0031664047855883837,0.020839110016822815,0.05676502361893654,0.11123530566692352,0.15540412068367004,0.16719652712345123,0.18012648820877075,0.22355714440345764
4784,0.0007230795454233885,0.003285912796854973,0.010892441496253014,0.023119475692510605,0.05704880505800247,0.08577018976211548,0.10977011919021606,0.1295039802789688,0.14796358346939087
4785,0.000614506658166647,0.002174771623685956,0.019260022789239883,0.07899808883666992,0.09958315640687943,0.11807321757078171,0.13145793974399567,0.12734311819076538,0.19554921984672546
4786,0.0009321093675680459,0.004147288389503956,0.009872186928987503,0.017437884584069252,0.03251000866293907,0.06774090230464935,0.17128874361515045,0.2751009464263916,0.35354286432266235
4787,0.0007473478326573968,0.003070998704060912,0.010295474901795387,0.02154875360429287,0.027270618826150894,0.0314481295645237,0.035813361406326294,0.04212229698896408,0.045332591980695724
4788,0.0006710726302117109,0.002024038229137659,0.00634328369051218,0.020833812654018402,0.037518203258514404,0.0587419718503952,0.07041139900684357,0.0837700143456459,0.1024581640958786
4789,0.0005886189755983651,0.0026873669121414423,0.007118606939911842,0.015060551464557648,0.03381427749991417,0.05409987270832062,0.07125388830900192,0.09078825265169144,0.12767747044563293
4790,0.0007651704363524914,0.0034142122603952885,0.010312327183783054,0.02183053269982338,0.04549562186002731,0.09986227750778198,0.1558074653148651,0.19088035821914673,0.19795362651348114
4791,0.0007117520435713232,0.0027661698404699564,0.007152009755373001,0.022655567154288292,0.02825448289513588,0.0488416850566864,0.09505663067102432,0.10615573078393936,0.13229896128177643
4792,0.0006687581771984696,0.002534715924412012,0.006929735653102398,0.011145859956741333,0.015917036682367325,0.026150789111852646,0.042309243232011795,0.04869993031024933,0.0747654065489769
4793,0.000824138056486845,0.0026973322965204716,0.007870214991271496,0.013460402376949787,0.016939403489232063,0.01970270462334156,0.020886503159999847,0.023560278117656708,0.034906189888715744
4794,0.0006516348221339285,0.0017662148457020521,0.0039832754991948605,0.0147787444293499,0.027317948639392853,0.03815636783838272,0.05297829583287239,0.06472250819206238,0.07425687462091446
4795,0.0009447727352380753,0.0023417335469275713,0.007366362027823925,0.05039326101541519,0.09187459945678711,0.1069306880235672,0.15654617547988892,0.1754952371120453,0.22219014167785645
4796,0.0010459792101755738,0.005292885005474091,0.015185766853392124,0.03785724565386772,0.08942429721355438,0.12633098661899567,0.15498864650726318,0.16880720853805542,0.17645975947380066
4797,0.0008089503389783204,0.002601420506834984,0.007417832501232624,0.01790483109652996,0.03185470402240753,0.08234082162380219,0.10445361584424973,0.12907904386520386,0.16839537024497986
4798,0.0015706929843872786,0.014053212478756905,0.04755439609289169,0.09521254152059555,0.11038428544998169,0.11427554488182068,0.13182497024536133,0.15165472030639648,0.1793045699596405
4799,0.0008255058783106506,0.003575480543076992,0.009046169929206371,0.01958959922194481,0.03412582352757454,0.08459559828042984,0.12242606282234192,0.20067690312862396,0.3226553499698639
4800,0.0007434713188558817,0.0031874505802989006,0.009043291211128235,0.02005670592188835,0.08692418038845062,0.17290417850017548,0.22737839818000793,0.2518603801727295,0.2603665888309479
4801,0.0006708578439429402,0.0027806838043034077,0.007420729845762253,0.014859812334179878,0.022341599687933922,0.027057893574237823,0.041400790214538574,0.06485734134912491,0.08157613128423691
4802,0.0007124561234377325,0.002550361678004265,0.005745389964431524,0.013686778023838997,0.03630845993757248,0.07189235836267471,0.12125444412231445,0.18053050339221954,0.2102491557598114
4803,0.0005219900631345809,0.0016195806674659252,0.005584802478551865,0.0208466537296772,0.05378454551100731,0.07868508994579315,0.09213133901357651,0.12271563708782196,0.15566274523735046
4804,0.0009146970696747303,0.004111678805202246,0.01655540242791176,0.05725305154919624,0.1460491120815277,0.21149569749832153,0.23616740107536316,0.2522912919521332,0.26262494921684265
4805,0.001002663280814886,0.003877911251038313,0.009164297953248024,0.022096648812294006,0.03385598585009575,0.043020911514759064,0.052815407514572144,0.07067790627479553,0.13705673813819885
4806,0.0006632359581999481,0.002005998743698001,0.004395422525703907,0.015119295567274094,0.03685610741376877,0.05889580026268959,0.06957268714904785,0.07663629949092865,0.08321871608495712
4807,0.000609349925071001,0.001854651141911745,0.005240758880972862,0.06265680491924286,0.08825141936540604,0.0955582782626152,0.10219559073448181,0.12065708637237549,0.12136030942201614
4808,0.0006577218882739544,0.003050354542210698,0.009490931406617165,0.02061203494668007,0.037412650883197784,0.06971501559019089,0.10419037938117981,0.13843606412410736,0.17860610783100128
4809,0.0009368230239488184,0.005400029011070728,0.01272344309836626,0.019162800163030624,0.026972148567438126,0.037837348878383636,0.048652417957782745,0.06695394963026047,0.11038145422935486
4810,0.000814787345007062,0.004017189145088196,0.011587419547140598,0.035762421786785126,0.07733657956123352,0.10616877675056458,0.16751517355442047,0.21712470054626465,0.3369079828262329
4811,0.0006581100169569254,0.0016875357832759619,0.0036836848594248295,0.007342043332755566,0.011528284288942814,0.01598488539457321,0.01963888853788376,0.023941949009895325,0.031651221215724945
4812,0.0012253739405423403,0.008198035880923271,0.04629369080066681,0.05935487523674965,0.07771699875593185,0.08719826489686966,0.09709008038043976,0.09989406913518906,0.10393791645765305
4813,0.0005527316243387759,0.004659975878894329,0.01475099939852953,0.028433620929718018,0.051260367035865784,0.0635862722992897,0.06754845380783081,0.07181143015623093,0.07819689810276031
4814,0.0007786052883602679,0.003495157230645418,0.018291939049959183,0.03599080443382263,0.04874299839138985,0.07975120097398758,0.11644674092531204,0.1268174797296524,0.136643186211586
4815,0.0009942329488694668,0.0047734505496919155,0.015046032145619392,0.03235385939478874,0.04848717525601387,0.06986193358898163,0.1012507826089859,0.12152434885501862,0.17952561378479004
4816,0.0008746214443817735,0.002350296126678586,0.014289744198322296,0.04355018213391304,0.07980918884277344,0.1084926426410675,0.1165459007024765,0.13130904734134674,0.14293846487998962
4817,0.0011008190922439098,0.004811235703527927,0.014114296063780785,0.032141171395778656,0.056799400597810745,0.08196857571601868,0.1071544736623764,0.12160690873861313,0.13265424966812134
4818,0.0005732435965910554,0.0023689288645982742,0.007209619507193565,0.020352531224489212,0.03563747555017471,0.055108845233917236,0.0729803517460823,0.10130192339420319,0.20208242535591125
4819,0.0007605634164065123,0.002532847225666046,0.005081370938569307,0.01118563860654831,0.02166050486266613,0.040225110948085785,0.059122130274772644,0.07826684415340424,0.09589030593633652
4820,0.0007817791774868965,0.002119871787726879,0.014930173754692078,0.020424362272024155,0.04344968870282173,0.07150110602378845,0.08694446086883545,0.11067605018615723,0.14819806814193726
4821,0.0006165050435811281,0.0022740731947124004,0.00914683099836111,0.013095835223793983,0.031215734779834747,0.04210649058222771,0.05151890218257904,0.07419554889202118,0.08384290337562561
4822,0.0006613698787987232,0.002790372585877776,0.013576677069067955,0.03513679653406143,0.05555565282702446,0.0805838480591774,0.12960627675056458,0.1638471782207489,0.14979149401187897
4823,0.0006376833189278841,0.002352830721065402,0.004571323748677969,0.00712793692946434,0.018769584596157074,0.02389567345380783,0.028872892260551453,0.03729231283068657,0.06162594258785248
4824,0.0009374010842293501,0.0042558531276881695,0.01331560779362917,0.03245769441127777,0.08022642880678177,0.10664092004299164,0.13143287599086761,0.17043006420135498,0.20705504715442657
4825,0.0005486574373207986,0.0017015243647620082,0.004022147506475449,0.007914331741631031,0.012352135963737965,0.017965298146009445,0.030996598303318024,0.04835664853453636,0.060453109443187714
4826,0.0007057084003463387,0.002169280545786023,0.004725963342934847,0.018237296491861343,0.04051056131720543,0.06229153275489807,0.0707976296544075,0.08592994511127472,0.22596101462841034
4827,0.000641875434666872,0.0022635902278125286,0.005060091149061918,0.013423524796962738,0.03707670047879219,0.04580669105052948,0.060968346893787384,0.06851622462272644,0.08060914278030396
4828,0.0007657661917619407,0.003241846337914467,0.010586296208202839,0.022969206795096397,0.04315130040049553,0.07438470423221588,0.12899042665958405,0.1572127640247345,0.193668395280838
4829,0.0008455015486106277,0.005705701187252998,0.012205269187688828,0.03273266926407814,0.04424003139138222,0.10907477885484695,0.17964746057987213,0.20107963681221008,0.20781537890434265
4830,0.0011666638310998678,0.006072188727557659,0.014771929010748863,0.047226328402757645,0.12011782824993134,0.20541563630104065,0.23486986756324768,0.24397435784339905,0.26845401525497437
4831,0.0007038824260234833,0.0021707406267523766,0.004435313865542412,0.01443520188331604,0.018910562619566917,0.024960435926914215,0.04068150371313095,0.1039508804678917,0.13276228308677673
4832,0.0007088289712555707,0.00251909252256155,0.005775210913270712,0.00988621823489666,0.018549397587776184,0.034826766699552536,0.05564139038324356,0.06607325375080109,0.08217058330774307
4833,0.0007646488957107067,0.00451863557100296,0.01334697101265192,0.0287040863186121,0.04923051968216896,0.08298908174037933,0.14231422543525696,0.1779385209083557,0.2244729995727539
4834,0.000944604049436748,0.004434656817466021,0.013305310159921646,0.03498995304107666,0.07474371045827866,0.150312602519989,0.1905594766139984,0.22059333324432373,0.2507566809654236
4835,0.001432841643691063,0.008691344410181046,0.035831086337566376,0.0898621454834938,0.14096584916114807,0.17579385638237,0.1889377236366272,0.19250807166099548,0.20471705496311188
4836,0.0008633870747871697,0.003975887317210436,0.012501079589128494,0.03695123642683029,0.0942658856511116,0.14057891070842743,0.18792404234409332,0.23162782192230225,0.32898274064064026
4837,0.0007462598150596023,0.00312605919316411,0.008749528788030148,0.029212506487965584,0.06318239122629166,0.09182840585708618,0.11865837872028351,0.13249169290065765,0.17550863325595856
4838,0.0010150349698960781,0.004629948176443577,0.012126476503908634,0.028229819610714912,0.0526454895734787,0.06865790486335754,0.07572446018457413,0.0832815170288086,0.0945192351937294
4839,0.0006723591359332204,0.0018813557690009475,0.013238534331321716,0.019570067524909973,0.03185746446251869,0.05572795495390892,0.06742745637893677,0.07298364490270615,0.08633177727460861
4840,0.0006719281082041562,0.0027857208624482155,0.008782334625720978,0.021212788298726082,0.03425683081150055,0.04892132431268692,0.06817607581615448,0.1276903748512268,0.1681498885154724
4841,0.0006736501236446202,0.0016729646595194936,0.004676029086112976,0.009159164503216743,0.01650390774011612,0.02461652085185051,0.0366145595908165,0.044015612453222275,0.2370937168598175
4842,0.0006716208881698549,0.002304824534803629,0.009412193670868874,0.02678684890270233,0.04412433132529259,0.05342170596122742,0.060343071818351746,0.06288260221481323,0.06555922329425812
4843,0.0007309421198442578,0.009370994754135609,0.02263244055211544,0.03339218720793724,0.038747355341911316,0.04170761629939079,0.04885558784008026,0.06771697849035263,0.08434386551380157
4844,0.0005856126663275063,0.002495566150173545,0.007419876288622618,0.01975899003446102,0.061570554971694946,0.10812338441610336,0.13349798321723938,0.14101363718509674,0.13951653242111206
4845,0.0008044205605983734,0.003132362850010395,0.010173294693231583,0.024437468498945236,0.058346785604953766,0.08736909180879593,0.10376264154911041,0.11112760752439499,0.11888810247182846
4846,0.0010018657194450498,0.004523903131484985,0.01204137597233057,0.027015045285224915,0.06113791465759277,0.10107013583183289,0.13833953440189362,0.17531566321849823,0.193929523229599
4847,0.0007599639357067645,0.0037701758556067944,0.01013105921447277,0.02110637165606022,0.049497973173856735,0.08481533080339432,0.11181540042161942,0.15237891674041748,0.18701446056365967
4848,0.0008671813411638141,0.0019097276963293552,0.003298375755548477,0.011827729642391205,0.022503655403852463,0.025820478796958923,0.050701215863227844,0.05886484682559967,0.060900188982486725
4849,0.0009070155792869627,0.004430957138538361,0.011940156109631062,0.025851748883724213,0.04508454352617264,0.07702037692070007,0.12067931890487671,0.1580803096294403,0.19077853858470917
4850,0.0012644275557249784,0.005326949525624514,0.014167485758662224,0.03935804218053818,0.08294721692800522,0.1467261016368866,0.19107452034950256,0.24667781591415405,0.2623654901981354
4851,0.0009341449476778507,0.005529105197638273,0.013822765089571476,0.030793853104114532,0.057561494410037994,0.07243691384792328,0.07481854408979416,0.08256755769252777,0.10160793364048004
4852,0.0007762089953757823,0.002248213393613696,0.005254816263914108,0.010728530585765839,0.02229314111173153,0.03744594380259514,0.0506918765604496,0.05452197790145874,0.06782560795545578
4853,0.0010110351722687483,0.00438906904309988,0.010830866172909737,0.024733945727348328,0.055880263447761536,0.0925603061914444,0.11859851330518723,0.14841295778751373,0.18336215615272522
4854,0.0007577970391139388,0.003727019764482975,0.011787336319684982,0.030536223202943802,0.04946092516183853,0.062078140676021576,0.06896551698446274,0.08140001446008682,0.13367560505867004
4855,0.0007133567123673856,0.002147171413525939,0.00444416468963027,0.007125817239284515,0.01072807889431715,0.06750208884477615,0.11650440841913223,0.1335587054491043,0.15719366073608398
4856,0.0007525484543293715,0.0037224097177386284,0.012697115540504456,0.02350556291639805,0.03483431413769722,0.0712372362613678,0.09415256232023239,0.11821553111076355,0.16359975934028625
4857,0.0019201980903744698,0.008698335848748684,0.024032332003116608,0.06098368018865585,0.16570132970809937,0.19091370701789856,0.26012665033340454,0.2568886876106262,0.27328622341156006
4858,0.0009232911397702992,0.0023181799333542585,0.004921928979456425,0.010874004103243351,0.041374459862709045,0.0607464537024498,0.06752379238605499,0.07004182040691376,0.07096543163061142
4859,0.0009708624565973878,0.00460070138797164,0.012926931492984295,0.02259998582303524,0.03622386232018471,0.056016504764556885,0.0749506801366806,0.11189362406730652,0.15659311413764954
4860,0.0006771727930754423,0.002438177354633808,0.021626468747854233,0.046590521931648254,0.11187996715307236,0.1498780995607376,0.17437678575515747,0.1848313808441162,0.18729354441165924
4861,0.0007538708741776645,0.002304497640579939,0.00794763769954443,0.024825189262628555,0.05309145152568817,0.07350137084722519,0.10071904957294464,0.1403590440750122,0.3234744668006897
4862,0.0009375068475492299,0.003694511018693447,0.009195845574140549,0.021795308217406273,0.039384275674819946,0.05508264899253845,0.06712298095226288,0.07902001589536667,0.14642754197120667
4863,0.0008669842500239611,0.004216577857732773,0.010057855397462845,0.016972165554761887,0.026499614119529724,0.03593005985021591,0.04509642720222473,0.05492999032139778,0.06603579223155975
4864,0.0007578969234600663,0.0020143010187894106,0.004295180086046457,0.00830845721065998,0.010973392054438591,0.014428834430873394,0.027904024347662926,0.06809844076633453,0.09550522267818451
4865,0.000899077276699245,0.00415782630443573,0.011168251745402813,0.022191591560840607,0.03605220466852188,0.06076568365097046,0.11390647292137146,0.15357086062431335,0.17517541348934174
4866,0.0004981096717528999,0.0016429150709882379,0.004041657317429781,0.011455104686319828,0.02574046142399311,0.03360184282064438,0.0339449867606163,0.0381050705909729,0.044914986938238144
4867,0.001018376904539764,0.005050980485975742,0.014818456023931503,0.03483781963586807,0.06768833100795746,0.13099591434001923,0.17772716283798218,0.17239229381084442,0.15038307011127472
4868,0.0006500714225694537,0.002627373207360506,0.007589021697640419,0.025497177615761757,0.05209239199757576,0.09740644693374634,0.19106771051883698,0.30661019682884216,0.3034728765487671
4869,0.001040517003275454,0.004978685639798641,0.014523644000291824,0.037344567477703094,0.08020812273025513,0.11362607777118683,0.13747209310531616,0.17234304547309875,0.22137011587619781
4870,0.0008606606861576438,0.0032868320122361183,0.008580888621509075,0.030091088265180588,0.057665079832077026,0.09066902846097946,0.11888231337070465,0.130853533744812,0.14610612392425537
4871,0.0007533342577517033,0.0022799267899245024,0.004929966758936644,0.008704962208867073,0.01353154331445694,0.01818794384598732,0.02388189546763897,0.034902386367321014,0.060678012669086456
4872,0.0008492559427395463,0.0032314255367964506,0.007679609581828117,0.018687913194298744,0.04875893145799637,0.11305907368659973,0.17525365948677063,0.21858751773834229,0.22731468081474304
4873,0.0006513972766697407,0.002509521320462227,0.005051791667938232,0.008396313525736332,0.013276919722557068,0.02024041675031185,0.030550725758075714,0.04489906132221222,0.06969209015369415
4874,0.0007011177949607372,0.0020250119268894196,0.007577069103717804,0.015573026612401009,0.023244671523571014,0.03246378153562546,0.04240667447447777,0.05680515617132187,0.07432971149682999
4875,0.0008173637324944139,0.003997804597020149,0.011047960259020329,0.02714848332107067,0.0499962642788887,0.07746100425720215,0.10705848783254623,0.20992723107337952,0.361829549074173
4876,0.0007474558078683913,0.002454219851642847,0.005957769695669413,0.010496449656784534,0.02153926156461239,0.03580716252326965,0.054386626929044724,0.0766250491142273,0.1917610913515091
4877,0.0009647787665016949,0.004490613471716642,0.019743209704756737,0.04840242862701416,0.11159369349479675,0.1616763472557068,0.18339186906814575,0.20408353209495544,0.22864946722984314
4878,0.0006823936710134149,0.0022487230598926544,0.02073383331298828,0.032466787844896317,0.0413360521197319,0.04980672150850296,0.057381611317396164,0.06606478244066238,0.08266951888799667
4879,0.001170421252027154,0.005995491053909063,0.016705282032489777,0.03784344717860222,0.0593915656208992,0.07637825608253479,0.09048676490783691,0.10863320529460907,0.13870495557785034
4880,0.0007283393642865121,0.004238721914589405,0.015259645879268646,0.03212901949882507,0.04684111103415489,0.05599377304315567,0.0698818787932396,0.08307313174009323,0.15205951035022736
4881,0.0006454772083088756,0.0019861680921167135,0.009613671340048313,0.021739259362220764,0.03313376381993294,0.04693843796849251,0.05650519207119942,0.06414399296045303,0.06398870050907135
4882,0.0006023962050676346,0.003675198880955577,0.009697936475276947,0.016059696674346924,0.02595188096165657,0.033383551985025406,0.045539580285549164,0.05629690736532211,0.0870833471417427
4883,0.0009659507777541876,0.004219451453536749,0.012495709583163261,0.03284507989883423,0.053527697920799255,0.08887634426355362,0.15416093170642853,0.2716883420944214,0.329423725605011
4884,0.0007284234161488712,0.003157369326800108,0.008747559040784836,0.021649232134222984,0.05153068155050278,0.11014784872531891,0.14561450481414795,0.1727355569601059,0.21775449812412262
4885,0.0008941800915636122,0.0029260364826768637,0.006060128565877676,0.010848939418792725,0.017537277191877365,0.027209434658288956,0.05377103388309479,0.1806601732969284,0.16036216914653778
4886,0.0010778027353808284,0.004763852339237928,0.013183826580643654,0.038241058588027954,0.05434013903141022,0.0629129707813263,0.07905890792608261,0.08704175055027008,0.08881736546754837
4887,0.000607720750849694,0.001904957229271531,0.004172591492533684,0.007424810901284218,0.011288771405816078,0.016583755612373352,0.023779336363077164,0.08458076417446136,0.17349624633789062
4888,0.0009183265501633286,0.002679702127352357,0.004865102469921112,0.007797994185239077,0.011680254712700844,0.01666085794568062,0.021272549405694008,0.03516282141208649,0.06441888213157654
4889,0.0007317966665141284,0.002866884460672736,0.008023912087082863,0.024905718863010406,0.0599466934800148,0.11236011981964111,0.13141191005706787,0.1666865050792694,0.20383015275001526
4890,0.0007671609055250883,0.0037736715748906136,0.01675599068403244,0.04360879957675934,0.07317078113555908,0.11324729025363922,0.1854865550994873,0.23045289516448975,0.26576510071754456
4891,0.0009885025210678577,0.004112488590180874,0.011466216295957565,0.017402833327651024,0.023606549948453903,0.03052641823887825,0.044285207986831665,0.06874706596136093,0.08527086675167084
4892,0.0012755561619997025,0.00788146909326315,0.027820132672786713,0.054506365209817886,0.07796967029571533,0.1071707084774971,0.13225451111793518,0.14034417271614075,0.15984313189983368
4893,0.0008409146103076637,0.0035996080841869116,0.011015764437615871,0.02659144066274166,0.04715462401509285,0.05998610705137253,0.07168048620223999,0.07608646154403687,0.09030431509017944
4894,0.001203660387545824,0.006349287461489439,0.016995225101709366,0.03871052712202072,0.08647284656763077,0.1343531608581543,0.18406152725219727,0.29604572057724,0.39037343859672546
4895,0.00123790733050555,0.0072713145054876804,0.026516951620578766,0.06233370304107666,0.1044536605477333,0.14415380358695984,0.19627007842063904,0.24975281953811646,0.2932814657688141
4896,0.0008526816964149475,0.00314697390422225,0.005287707783281803,0.008197513408958912,0.012543532997369766,0.019042477011680603,0.02698197402060032,0.06663109362125397,0.11559897661209106
4897,0.0006782797281630337,0.0024678451009094715,0.0064360047690570354,0.010463181883096695,0.013548885472118855,0.01760072261095047,0.028797313570976257,0.04118551313877106,0.05019437149167061
4898,0.0011769792763516307,0.004932872951030731,0.012849858030676842,0.03220774233341217,0.06494784355163574,0.11447431147098541,0.1384122222661972,0.1919495165348053,0.24507039785385132
4899,0.0008677844889461994,0.0036846762523055077,0.011054810136556625,0.027409866452217102,0.0635351836681366,0.13196755945682526,0.20337481796741486,0.24052968621253967,0.25443458557128906
4900,0.0008348133414983749,0.0027296305634081364,0.005379583686590195,0.020616022869944572,0.033362776041030884,0.044972509145736694,0.06329213082790375,0.07409937679767609,0.07991954684257507
4901,0.0008059945539571345,0.0041551305912435055,0.010626202449202538,0.025308072566986084,0.06884850561618805,0.09371061623096466,0.11412160098552704,0.12537255883216858,0.17395412921905518
4902,0.0008632403914816678,0.0036715674214065075,0.009178226813673973,0.021836914122104645,0.043125852942466736,0.07850541919469833,0.11467032879590988,0.1507638394832611,0.2198924571275711
4903,0.0008653553086332977,0.0026102839037775993,0.005076558329164982,0.008312046527862549,0.014656898565590382,0.030507544055581093,0.06449387222528458,0.08932897448539734,0.1272914707660675
4904,0.0005925276782363653,0.0020374057348817587,0.005129645112901926,0.012763941660523415,0.06034812703728676,0.08450904488563538,0.11543653905391693,0.14449717104434967,0.13248611986637115
4905,0.0005795948673039675,0.0024035549722611904,0.00686445739120245,0.018283337354660034,0.04229765757918358,0.07346580922603607,0.0923507884144783,0.12748457491397858,0.18699480593204498
4906,0.0006776764639653265,0.003411608748137951,0.011709073558449745,0.03195442259311676,0.06611830741167068,0.09987947344779968,0.14066685736179352,0.17940741777420044,0.25769051909446716
4907,0.0007005727966316044,0.002764174249023199,0.01185733824968338,0.026514116674661636,0.039872907102108,0.04530195891857147,0.05039217695593834,0.07147930562496185,0.1586962789297104
4908,0.0008290883270092309,0.0032650704961270094,0.008486500009894371,0.02106289565563202,0.046857353299856186,0.08603859692811966,0.1369965672492981,0.14043447375297546,0.16284382343292236
4909,0.0007519705686718225,0.0031465012580156326,0.010286716744303703,0.024644672870635986,0.046862900257110596,0.08236061036586761,0.12269222736358643,0.1497463434934616,0.159441277384758
4910,0.0006849737837910652,0.002827889984473586,0.01433013565838337,0.03352738544344902,0.04919762536883354,0.06791000813245773,0.12490206956863403,0.2278260588645935,0.3020240366458893
4911,0.0006619741907343268,0.00247716112062335,0.0070098331198096275,0.01432743202894926,0.04193631932139397,0.06666499376296997,0.08786513656377792,0.09456291794776917,0.10473653674125671
4912,0.0008455371716991067,0.003222101368010044,0.007635678164660931,0.028909213840961456,0.04720010608434677,0.07426668703556061,0.10628445446491241,0.13920265436172485,0.20856715738773346
4913,0.0005863370606675744,0.002357995603233576,0.014187109656631947,0.028147917240858078,0.04377109184861183,0.054244618862867355,0.06329860538244247,0.07003989070653915,0.08960197865962982
4914,0.0009871774818748236,0.0058372169733047485,0.02562529221177101,0.05453036352992058,0.08653315156698227,0.12821544706821442,0.15477457642555237,0.17268162965774536,0.18146869540214539
4915,0.0007403845665976405,0.002293811645358801,0.005344470497220755,0.01178902480751276,0.020642505958676338,0.030495598912239075,0.0483701229095459,0.06061474233865738,0.12046490609645844
4916,0.0009094997076317668,0.004366305656731129,0.015258373692631721,0.03244312107563019,0.04892151057720184,0.13989658653736115,0.16032415628433228,0.17512956261634827,0.22970786690711975
4917,0.0008090395713225007,0.003827720880508423,0.010148066096007824,0.020738109946250916,0.04855603352189064,0.05850084125995636,0.10075954347848892,0.14758700132369995,0.18359053134918213
4918,0.000522248912602663,0.0022714189253747463,0.016432911157608032,0.02954375557601452,0.04295661300420761,0.04899904876947403,0.0644947960972786,0.10163535177707672,0.1214754581451416
4919,0.001189221628010273,0.005453901365399361,0.015165003016591072,0.04843510687351227,0.10089267790317535,0.16340330243110657,0.1923988163471222,0.21810096502304077,0.25044333934783936
4920,0.0008928332244977355,0.005070624407380819,0.020373502746224403,0.05169234424829483,0.09051638096570969,0.11842751502990723,0.12951919436454773,0.1373324692249298,0.15838713943958282
4921,0.0008716286392882466,0.0026065134443342686,0.005061252508312464,0.008577789179980755,0.032552845776081085,0.049950435757637024,0.05564195662736893,0.05659249424934387,0.06254616379737854
4922,0.0010008313693106174,0.004826716613024473,0.01659366302192211,0.03129131346940994,0.04772043228149414,0.0641593486070633,0.08129225671291351,0.10397180169820786,0.11627179384231567
4923,0.0009163806680589914,0.003076619002968073,0.007075701840221882,0.010428257286548615,0.0134650357067585,0.019605785608291626,0.02901127189397812,0.04540687054395676,0.06365185976028442
4924,0.0010119056096300483,0.004825400188565254,0.012550370767712593,0.028410756960511208,0.053215377032756805,0.07846540212631226,0.10459388792514801,0.11727637052536011,0.1253708302974701
4925,0.0008088719332590699,0.003395330859348178,0.008188740350306034,0.020637916401028633,0.040227726101875305,0.05629991367459297,0.07901402562856674,0.11401616781949997,0.16120779514312744
4926,0.0009588770335540175,0.004242073744535446,0.01759045571088791,0.05389213562011719,0.12174537032842636,0.18039751052856445,0.23365144431591034,0.4210689067840576,0.46027928590774536
4927,0.0008552609942853451,0.0040354919619858265,0.013751623220741749,0.03781377524137497,0.0818619355559349,0.1311606764793396,0.19394992291927338,0.2155478596687317,0.22593718767166138
4928,0.0009305182611569762,0.004440641030669212,0.016280312091112137,0.053785085678100586,0.11434619128704071,0.18280115723609924,0.25074538588523865,0.25959715247154236,0.27637779712677
4929,0.0008931654738262296,0.003702637040987611,0.01195576973259449,0.026352860033512115,0.0591476708650589,0.10532483458518982,0.12734559178352356,0.16258437931537628,0.2078189253807068
4930,0.0009915949776768684,0.004071659874171019,0.010844023898243904,0.023849619552493095,0.04483642801642418,0.08127378672361374,0.11904598772525787,0.13414861261844635,0.15184462070465088
4931,0.0008014878258109093,0.0034580465871840715,0.008268184959888458,0.018192999064922333,0.047948166728019714,0.0607120618224144,0.06256499886512756,0.0674683153629303,0.08370107412338257
4932,0.0006130035617388785,0.0022553035523742437,0.007565954700112343,0.015298666432499886,0.03567814826965332,0.04387341067194939,0.08211371302604675,0.05724778026342392,0.06396658718585968
4933,0.0007055621244944632,0.002770674414932728,0.00812968984246254,0.018165532499551773,0.027711937204003334,0.040699783712625504,0.050302937626838684,0.062207676470279694,0.11154612898826599
4934,0.0005899182287976146,0.0019205659627914429,0.0051374053582549095,0.013685565441846848,0.0399971567094326,0.05425607040524483,0.061072468757629395,0.06962473690509796,0.07469327747821808
4935,0.0009738031076267362,0.003991222009062767,0.01539637055248022,0.06709311157464981,0.12934759259223938,0.1744130700826645,0.19162100553512573,0.2167760282754898,0.22073586285114288
4936,0.0007193470373749733,0.00245535746216774,0.005036854185163975,0.009331993758678436,0.016000188887119293,0.020430853590369225,0.022054925560951233,0.021124403923749924,0.021496115252375603
4937,0.0012595253065228462,0.0060783205553889275,0.01681775040924549,0.034616392105817795,0.05562547594308853,0.07912218570709229,0.10364929586648941,0.1344033181667328,0.17742693424224854
4938,0.0007205965230241418,0.004426930565387011,0.04261370375752449,0.06846507638692856,0.08268101513385773,0.09248428046703339,0.10364945232868195,0.13339397311210632,0.1534121036529541
4939,0.0010144903790205717,0.004121551290154457,0.011244276538491249,0.026299528777599335,0.053127944469451904,0.07438832521438599,0.09120652079582214,0.10891267657279968,0.1321750283241272
4940,0.0005651037208735943,0.0014774153241887689,0.0026430210564285517,0.004401823505759239,0.016621258109807968,0.024344123899936676,0.026297591626644135,0.03002571500837803,0.05521949380636215
4941,0.0007682496216148138,0.0026521182153373957,0.007336261682212353,0.0158778615295887,0.024386491626501083,0.03640712425112724,0.05923653393983841,0.08838112652301788,0.10756997764110565
4942,0.0005308362888172269,0.0017297354061156511,0.004733726382255554,0.013709209859371185,0.02703401818871498,0.035055674612522125,0.053386081010103226,0.08884557336568832,0.13687731325626373
4943,0.000863265129737556,0.0026690324302762747,0.00605439767241478,0.013400914147496223,0.025244690477848053,0.053002189844846725,0.06771908700466156,0.06462337076663971,0.12289150059223175
4944,0.0007299314020201564,0.0030354494228959084,0.008725345134735107,0.020510917529463768,0.03688082844018936,0.06492263823747635,0.11162281036376953,0.18006287515163422,0.19841310381889343
4945,0.0008477307856082916,0.002657309640198946,0.011436115950345993,0.029235105961561203,0.04363095760345459,0.05981729179620743,0.08393408358097076,0.11262175440788269,0.13956224918365479
4946,0.0009622617508284748,0.0041274139657616615,0.01376655325293541,0.05048856884241104,0.0937047004699707,0.1740703284740448,0.23465630412101746,0.2991066873073578,0.32773396372795105
4947,0.0009756746585480869,0.004268399439752102,0.010776843875646591,0.023003555834293365,0.04458263888955116,0.07288451492786407,0.08648265153169632,0.08452261984348297,0.08474822342395782
4948,0.0006528324447572231,0.0034392643719911575,0.009984467178583145,0.017146874219179153,0.027797725051641464,0.04106887802481651,0.04612412676215172,0.05465471372008324,0.06171499937772751
4949,0.0006998642347753048,0.002959279343485832,0.006951797287911177,0.018475400283932686,0.05177199840545654,0.06868328899145126,0.0766458660364151,0.10848147422075272,0.14725306630134583
4950,0.00070807000156492,0.002748670056462288,0.014743013307452202,0.028761109337210655,0.04052386060357094,0.06099092960357666,0.06917749345302582,0.08665388822555542,0.10013242065906525
4951,0.0007053595036268234,0.0030620419420301914,0.008703316561877728,0.01798461750149727,0.03013361617922783,0.04531022906303406,0.08147187530994415,0.1344333291053772,0.19229239225387573
4952,0.0009494383120909333,0.004081258550286293,0.011844604276120663,0.030647357925772667,0.09347057342529297,0.16400891542434692,0.25470203161239624,0.3484710454940796,0.35924798250198364
4953,0.0010777513962239027,0.003376029897481203,0.00846488680690527,0.027544578537344933,0.06275062263011932,0.0846242681145668,0.09890615940093994,0.10617120563983917,0.1152343899011612
4954,0.0006812252686358988,0.0026763146743178368,0.006227510049939156,0.01227872259914875,0.051533717662096024,0.11252716183662415,0.14073902368545532,0.1827690154314041,0.21845540404319763
4955,0.0011276939185336232,0.005227186251431704,0.013555064797401428,0.027276020497083664,0.042732417583465576,0.05931612849235535,0.08735770732164383,0.13650836050510406,0.18266817927360535
4956,0.0006534347776323557,0.002230907091870904,0.004713643342256546,0.007948768325150013,0.015352815389633179,0.027725357562303543,0.03133518993854523,0.03491094708442688,0.03882713243365288
4957,0.0008148863562382758,0.003050523344427347,0.009030124172568321,0.023706642910838127,0.07420055568218231,0.13231037557125092,0.17251020669937134,0.21822446584701538,0.24527522921562195
4958,0.0006667631678283215,0.002199790673330426,0.004972968716174364,0.01314312033355236,0.04355407506227493,0.06757593899965286,0.08285491168498993,0.09912505000829697,0.08659090101718903
4959,0.0009395816596224904,0.004868651740252972,0.011773993261158466,0.027677230536937714,0.06550797075033188,0.11115046590566635,0.1658259630203247,0.20695804059505463,0.2795989513397217
4960,0.0008478706586174667,0.004003087058663368,0.010890157893300056,0.020820964127779007,0.04576391354203224,0.08980461955070496,0.1432083249092102,0.20534440875053406,0.2178339958190918
4961,0.0006538783782161772,0.0025593042373657227,0.006697010714560747,0.016259796917438507,0.025715235620737076,0.03361537307500839,0.043954767286777496,0.06529711186885834,0.08602320402860641
4962,0.0009819641709327698,0.0040640318766236305,0.010785306803882122,0.027492644265294075,0.05724843591451645,0.07400321960449219,0.09219326823949814,0.13310877978801727,0.14502856135368347
4963,0.001017443253658712,0.004152266308665276,0.010389349423348904,0.02107328362762928,0.03355644643306732,0.04939495772123337,0.06910756230354309,0.11540155112743378,0.19974593818187714
4964,0.0007992754690349102,0.003590269945561886,0.009996526874601841,0.02210952714085579,0.16640685498714447,0.24384528398513794,0.27841150760650635,0.31127429008483887,0.32755517959594727
4965,0.000868373317644,0.0036816527135670185,0.009337520226836205,0.019727392122149467,0.052872855216264725,0.128281369805336,0.1503055989742279,0.18305644392967224,0.23747041821479797
4966,0.0008615469560027122,0.0045531438663601875,0.010338973253965378,0.019206438213586807,0.042485542595386505,0.053675517439842224,0.05648800730705261,0.05939091742038727,0.06829626113176346
4967,0.0005957197863608599,0.0016353707760572433,0.003382815746590495,0.010453511029481888,0.026543984189629555,0.052437227219343185,0.06156335026025772,0.07987522333860397,0.11237834393978119
4968,0.000658330915030092,0.0033668694086372852,0.012526699341833591,0.025616129860281944,0.04879187420010567,0.0856582298874855,0.16891062259674072,0.2197512686252594,0.31698668003082275
4969,0.0014580744318664074,0.006311909295618534,0.017229638993740082,0.03922107070684433,0.05932644009590149,0.07908953726291656,0.0967768132686615,0.14389503002166748,0.17017978429794312
4970,0.0010046297684311867,0.007915145717561245,0.02361965924501419,0.049857884645462036,0.07507729530334473,0.09938129037618637,0.12237146496772766,0.14226557314395905,0.1623564064502716
4971,0.0011724269716069102,0.007097166962921619,0.021251490339636803,0.04651690274477005,0.062366731464862823,0.08949612081050873,0.12291117012500763,0.13196146488189697,0.13783526420593262
4972,0.0006717829965054989,0.0032021936494857073,0.008604183793067932,0.02354099601507187,0.05331037566065788,0.07457391172647476,0.09637594223022461,0.1185639500617981,0.12485233694314957
4973,0.0007867157692089677,0.003771109040826559,0.014130134135484695,0.03671606630086899,0.10201949626207352,0.1858055144548416,0.2193792462348938,0.2601924538612366,0.2951005697250366
4974,0.0007084784447215497,0.002977732103317976,0.015149595215916634,0.03490060567855835,0.0692070946097374,0.1338403970003128,0.19608855247497559,0.3368736505508423,0.396769255399704
4975,0.000912655028514564,0.003891328815370798,0.011065153405070305,0.022651121020317078,0.039556827396154404,0.08215899765491486,0.12364184856414795,0.16871178150177002,0.17664124071598053
4976,0.0007358933798968792,0.002473272616043687,0.008677787147462368,0.020178992301225662,0.040967896580696106,0.06797991693019867,0.08193826675415039,0.11823368072509766,0.14883580803871155
4977,0.0007749485084787011,0.0035559716634452343,0.011084084399044514,0.038608863949775696,0.08091842383146286,0.13518492877483368,0.15476836264133453,0.21007007360458374,0.27979159355163574
4978,0.0007495823665522039,0.002325213048607111,0.005465938709676266,0.033909332007169724,0.05056322365999222,0.05891493707895279,0.06836855411529541,0.08361722528934479,0.08753199875354767
4979,0.0010823482880368829,0.0054499427787959576,0.0150169488042593,0.04527072235941887,0.08981388807296753,0.14909905195236206,0.1774495542049408,0.21215754747390747,0.22473296523094177
4980,0.0008103656582534313,0.005557180382311344,0.028873953968286514,0.05450570583343506,0.06831010431051254,0.08060131222009659,0.09832923114299774,0.11866003274917603,0.1647314578294754
4981,0.0008446017163805664,0.0039032006170600653,0.014676064252853394,0.04420275613665581,0.12573805451393127,0.1692352443933487,0.18378114700317383,0.2418982982635498,0.3450694978237152
4982,0.0007339901058003306,0.0020258675795048475,0.00992946419864893,0.020461544394493103,0.041093673557043076,0.11547651886940002,0.13663926720619202,0.14967641234397888,0.16657254099845886
4983,0.0007008723332546651,0.0030727828852832317,0.008929594419896603,0.02117953449487686,0.038747940212488174,0.0660548135638237,0.10357670485973358,0.12415063381195068,0.16380338370800018
4984,0.0005673915729857981,0.0018209881382063031,0.004105563275516033,0.011746239848434925,0.04363264515995979,0.07461169362068176,0.08383075147867203,0.0887901559472084,0.09824710339307785
4985,0.0006729188608005643,0.003162161447107792,0.010673454031348228,0.03429178148508072,0.09076208621263504,0.15444287657737732,0.17759405076503754,0.2011822611093521,0.25173234939575195
4986,0.001041916897520423,0.005672006867825985,0.020177818834781647,0.06383831053972244,0.0919296145439148,0.1279069483280182,0.2772368788719177,0.44543665647506714,0.5012668371200562
4987,0.001131271244958043,0.005994315724819899,0.011158054694533348,0.022471461445093155,0.08147166669368744,0.10201895236968994,0.12449310719966888,0.1360870599746704,0.18636873364448547
4988,0.0008085058652795851,0.005391499027609825,0.032895930111408234,0.05866304039955139,0.08520255982875824,0.09681063890457153,0.13371868431568146,0.16126954555511475,0.17428722977638245
4989,0.0009042815654538572,0.004740040749311447,0.017304677516222,0.061404258012771606,0.10742097347974777,0.14163145422935486,0.18806354701519012,0.2304231971502304,0.23412726819515228
4990,0.0010381763568148017,0.00640451442450285,0.01967081055045128,0.0316760428249836,0.04702439159154892,0.06743712723255157,0.08658035099506378,0.09174959361553192,0.09480278939008713
4991,0.0010595668572932482,0.005252867937088013,0.012873516418039799,0.02556542679667473,0.06381196528673172,0.14193999767303467,0.22849643230438232,0.26209598779678345,0.26352617144584656
4992,0.0007129467558115721,0.002645422238856554,0.00847623310983181,0.029016025364398956,0.07663379609584808,0.12536178529262543,0.1643502414226532,0.22675321996212006,0.283483624458313
4993,0.0006663973908871412,0.005075740162283182,0.010911373421549797,0.022605303674936295,0.038467541337013245,0.0691741481423378,0.08827994763851166,0.12567201256752014,0.17211993038654327
4994,0.0007733472157269716,0.0026206972543150187,0.0059728133492171764,0.025650128722190857,0.034299254417419434,0.046036601066589355,0.05672439932823181,0.07043039798736572,0.09209180623292923
4995,0.0007976193446666002,0.0036665871739387512,0.008157964795827866,0.0154219139367342,0.03379593789577484,0.05133090168237686,0.06612113118171692,0.07038817554712296,0.09602149575948715
4996,0.0010359097504988313,0.004079718608409166,0.01065649464726448,0.021354928612709045,0.05563521757721901,0.06414087116718292,0.0894647091627121,0.10977596789598465,0.1301708221435547
4997,0.0011187589261680841,0.004830964840948582,0.012629830278456211,0.0246525127440691,0.03709002956748009,0.06718014180660248,0.10479283332824707,0.13149723410606384,0.17756646871566772
4998,0.0009391871863044798,0.004517307039350271,0.01094113104045391,0.023628370836377144,0.08142633736133575,0.1292830854654312,0.23340000212192535,0.2970595061779022,0.3180466592311859
4999,0.0010305914329364896,0.004032513126730919,0.010874561965465546,0.029046889394521713,0.07316293567419052,0.14082327485084534,0.1854453980922699,0.2027641087770462,0.22804982960224152
